AICallLog	1	id	text	NO	<none>	NO	NEVER
AICallLog	2	model	text	NO	<none>	NO	NEVER
AICallLog	3	tokensIn	integer	NO	<none>	NO	NEVER
AICallLog	4	tokensOut	integer	NO	<none>	NO	NEVER
AICallLog	5	costCents	integer	NO	<none>	NO	NEVER
AICallLog	6	latencyMs	integer	NO	<none>	NO	NEVER
AICallLog	7	success	boolean	NO	<none>	NO	NEVER
AICallLog	8	errorMessage	text	YES	<none>	NO	NEVER
AICallLog	9	coachId	text	YES	<none>	NO	NEVER
AICallLog	10	clientId	text	YES	<none>	NO	NEVER
AICallLog	11	capability	text	NO	<none>	NO	NEVER
AICallLog	12	createdAt	timestamp without time zone	NO	CURRENT_TIMESTAMP	NO	NEVER
AIDraft	1	id	text	NO	<none>	NO	NEVER
AIDraft	2	coachId	text	NO	<none>	NO	NEVER
AIDraft	3	clientId	text	NO	<none>	NO	NEVER
AIDraft	4	type	USER-DEFINED	NO	<none>	NO	NEVER
AIDraft	5	inputContext	jsonb	NO	<none>	NO	NEVER
AIDraft	6	modelUsed	text	NO	<none>	NO	NEVER
AIDraft	7	promptVersion	text	NO	<none>	NO	NEVER
AIDraft	8	generatedPayload	jsonb	NO	<none>	NO	NEVER
AIDraft	9	status	USER-DEFINED	NO	'DRAFT'::"AIDraftStatus"	NO	NEVER
AIDraft	10	approvedAsId	text	YES	<none>	NO	NEVER
AIDraft	11	rejectionReason	text	YES	<none>	NO	NEVER
AIDraft	12	tokensIn	integer	NO	0	NO	NEVER
AIDraft	13	tokensOut	integer	NO	0	NO	NEVER
AIDraft	14	costCents	integer	NO	0	NO	NEVER
AIDraft	15	createdAt	timestamp without time zone	NO	CURRENT_TIMESTAMP	NO	NEVER
AIDraft	16	updatedAt	timestamp without time zone	NO	<none>	NO	NEVER
ActivityEvent	1	id	text	NO	<none>	NO	NEVER
ActivityEvent	2	actor_id	text	YES	<none>	NO	NEVER
ActivityEvent	3	actor_role	text	YES	<none>	NO	NEVER
ActivityEvent	4	coach_id	text	YES	<none>	NO	NEVER
ActivityEvent	5	client_id	text	YES	<none>	NO	NEVER
ActivityEvent	6	type	text	NO	<none>	NO	NEVER
ActivityEvent	7	summary	text	YES	<none>	NO	NEVER
ActivityEvent	8	payload	jsonb	YES	<none>	NO	NEVER
ActivityEvent	9	created_at	timestamp without time zone	NO	CURRENT_TIMESTAMP	NO	NEVER
AiActionDraft	1	id	text	NO	<none>	NO	NEVER
AiActionDraft	2	capability	text	NO	<none>	NO	NEVER
AiActionDraft	3	status	text	NO	'pending'::text	NO	NEVER
AiActionDraft	4	requester_id	text	YES	<none>	NO	NEVER
AiActionDraft	5	subject_user_id	text	YES	<none>	NO	NEVER
AiActionDraft	6	tenant_coach_id	text	YES	<none>	NO	NEVER
AiActionDraft	7	payload	jsonb	NO	<none>	NO	NEVER
AiActionDraft	8	rationale	text	YES	<none>	NO	NEVER
AiActionDraft	9	redacted_inputs	jsonb	YES	<none>	NO	NEVER
AiActionDraft	10	provenance	jsonb	YES	<none>	NO	NEVER
AiActionDraft	11	decided_by_id	text	YES	<none>	NO	NEVER
AiActionDraft	12	decided_at	timestamp without time zone	YES	<none>	NO	NEVER
AiActionDraft	13	decision_note	text	YES	<none>	NO	NEVER
AiActionDraft	14	expires_at	timestamp without time zone	YES	<none>	NO	NEVER
AiActionDraft	15	created_at	timestamp without time zone	NO	CURRENT_TIMESTAMP	NO	NEVER
AiActionDraft	16	updated_at	timestamp without time zone	NO	CURRENT_TIMESTAMP	NO	NEVER
AiActionDraft	17	materialised_at	timestamp without time zone	YES	<none>	NO	NEVER
AiActionDraft	18	materialised_ref	text	YES	<none>	NO	NEVER
AiRequestAudit	1	id	text	NO	<none>	NO	NEVER
AiRequestAudit	2	request_id	text	NO	<none>	NO	NEVER
AiRequestAudit	3	capability	text	NO	<none>	NO	NEVER
AiRequestAudit	4	requester_id	text	YES	<none>	NO	NEVER
AiRequestAudit	5	requester_role	text	YES	<none>	NO	NEVER
AiRequestAudit	6	subject_user_id	text	YES	<none>	NO	NEVER
AiRequestAudit	7	tenant_coach_id	text	YES	<none>	NO	NEVER
AiRequestAudit	8	provider	text	NO	<none>	NO	NEVER
AiRequestAudit	9	model	text	YES	<none>	NO	NEVER
AiRequestAudit	10	enabled	boolean	NO	false	NO	NEVER
AiRequestAudit	11	context_source_count	integer	NO	0	NO	NEVER
AiRequestAudit	12	context_source_refs	jsonb	YES	<none>	NO	NEVER
AiRequestAudit	13	redactions_applied	jsonb	YES	<none>	NO	NEVER
AiRequestAudit	14	prompt_token_estimate	integer	YES	<none>	NO	NEVER
AiRequestAudit	15	response_token_estimate	integer	YES	<none>	NO	NEVER
AiRequestAudit	16	prompt_hash	text	YES	<none>	NO	NEVER
AiRequestAudit	17	response_hash	text	YES	<none>	NO	NEVER
AiRequestAudit	18	approval_status	text	NO	'not_required'::text	NO	NEVER
AiRequestAudit	19	approval_draft_id	text	YES	<none>	NO	NEVER
AiRequestAudit	20	error	text	YES	<none>	NO	NEVER
AiRequestAudit	21	ip	text	YES	<none>	NO	NEVER
AiRequestAudit	22	user_agent	text	YES	<none>	NO	NEVER
AiRequestAudit	23	metadata	jsonb	YES	<none>	NO	NEVER
AiRequestAudit	24	created_at	timestamp without time zone	NO	CURRENT_TIMESTAMP	NO	NEVER
AiRoadmap	1	id	text	NO	<none>	NO	NEVER
AiRoadmap	2	submission_id	text	NO	<none>	NO	NEVER
AiRoadmap	3	generated_at	timestamp without time zone	NO	CURRENT_TIMESTAMP	NO	NEVER
AiRoadmap	4	prompt_version	text	NO	'v1'::text	NO	NEVER
AiRoadmap	5	status	text	NO	'ready'::text	NO	NEVER
AiRoadmap	6	payload	jsonb	YES	<none>	NO	NEVER
AiRoadmap	7	tokens_used	integer	YES	<none>	NO	NEVER
AiRoadmap	8	model	text	NO	'sonar-pro'::text	NO	NEVER
AiRoadmap	9	error_message	text	YES	<none>	NO	NEVER
Applicant	1	id	text	NO	<none>	NO	NEVER
Applicant	2	user_id	text	NO	<none>	NO	NEVER
Applicant	3	email	text	NO	<none>	NO	NEVER
Applicant	4	first_name	text	NO	<none>	NO	NEVER
Applicant	5	last_name	text	NO	<none>	NO	NEVER
Applicant	6	headline	text	YES	<none>	NO	NEVER
Applicant	7	bio	text	YES	<none>	NO	NEVER
Applicant	8	specialties	ARRAY	YES	<none>	NO	NEVER
Applicant	9	certifications	ARRAY	YES	<none>	NO	NEVER
Applicant	10	years_experience	integer	YES	<none>	NO	NEVER
Applicant	11	sample_program_url	text	YES	<none>	NO	NEVER
Applicant	12	created_at	timestamp without time zone	NO	CURRENT_TIMESTAMP	NO	NEVER
Applicant	13	updated_at	timestamp without time zone	NO	<none>	NO	NEVER
Application	1	id	text	NO	<none>	NO	NEVER
Application	2	listing_id	text	NO	<none>	NO	NEVER
Application	3	applicant_id	text	NO	<none>	NO	NEVER
Application	4	applicant_user_id	text	NO	<none>	NO	NEVER
Application	5	hirer_id	text	NO	<none>	NO	NEVER
Application	6	cover_note	text	YES	<none>	NO	NEVER
Application	7	fit_score	integer	YES	<none>	NO	NEVER
Application	8	status	USER-DEFINED	NO	'submitted'::"ApplicationStatus"	NO	NEVER
Application	9	idempotency_key	text	YES	<none>	NO	NEVER
Application	10	created_at	timestamp without time zone	NO	CURRENT_TIMESTAMP	NO	NEVER
Application	11	updated_at	timestamp without time zone	NO	<none>	NO	NEVER
AuditLog	1	id	text	NO	<none>	NO	NEVER
AuditLog	2	action	text	NO	<none>	NO	NEVER
AuditLog	3	actor_id	text	YES	<none>	NO	NEVER
AuditLog	4	actor_role	text	YES	<none>	NO	NEVER
AuditLog	5	actor_email_snapshot	text	YES	<none>	NO	NEVER
AuditLog	6	target_user_id	text	YES	<none>	NO	NEVER
AuditLog	7	target_type	text	YES	<none>	NO	NEVER
AuditLog	8	target_id	text	YES	<none>	NO	NEVER
AuditLog	9	tenant_coach_id	text	YES	<none>	NO	NEVER
AuditLog	10	ip	text	YES	<none>	NO	NEVER
AuditLog	11	user_agent	text	YES	<none>	NO	NEVER
AuditLog	12	metadata	jsonb	YES	<none>	NO	NEVER
AuditLog	13	created_at	timestamp without time zone	NO	CURRENT_TIMESTAMP	NO	NEVER
BloodworkAttachment	1	id	text	NO	<none>	NO	NEVER
BloodworkAttachment	2	panel_id	text	NO	<none>	NO	NEVER
BloodworkAttachment	3	storage_ref	text	YES	<none>	NO	NEVER
BloodworkAttachment	4	storage_backend	text	YES	<none>	NO	NEVER
BloodworkAttachment	5	content_type	text	YES	<none>	NO	NEVER
BloodworkAttachment	6	byte_size	integer	YES	<none>	NO	NEVER
BloodworkAttachment	7	scan_status	text	NO	'pending_scan'::text	NO	NEVER
BloodworkAttachment	8	scan_message	text	YES	<none>	NO	NEVER
BloodworkAttachment	9	scanned_at	timestamp without time zone	YES	<none>	NO	NEVER
BloodworkAttachment	10	created_at	timestamp without time zone	NO	CURRENT_TIMESTAMP	NO	NEVER
BloodworkAttachment	11	updated_at	timestamp without time zone	NO	CURRENT_TIMESTAMP	NO	NEVER
BloodworkPanel	1	id	text	NO	<none>	NO	NEVER
BloodworkPanel	2	client_id	text	NO	<none>	NO	NEVER
BloodworkPanel	3	coach_id	text	YES	<none>	NO	NEVER
BloodworkPanel	4	collection_date	timestamp without time zone	NO	<none>	NO	NEVER
BloodworkPanel	5	source	text	NO	'manual_entry'::text	NO	NEVER
BloodworkPanel	6	panel_label	text	YES	<none>	NO	NEVER
BloodworkPanel	7	notes	text	YES	<none>	NO	NEVER
BloodworkPanel	8	review_state	text	NO	'draft'::text	NO	NEVER
BloodworkPanel	9	reviewed_by_id	text	YES	<none>	NO	NEVER
BloodworkPanel	10	reviewed_at	timestamp without time zone	YES	<none>	NO	NEVER
BloodworkPanel	11	review_note	text	YES	<none>	NO	NEVER
BloodworkPanel	12	disclaimer_level	text	NO	'educational_only'::text	NO	NEVER
BloodworkPanel	13	validation_status	text	NO	'ok'::text	NO	NEVER
BloodworkPanel	14	is_stale	boolean	NO	false	NO	NEVER
BloodworkPanel	15	stale_marked_at	timestamp without time zone	YES	<none>	NO	NEVER
BloodworkPanel	16	source_missing	boolean	NO	false	NO	NEVER
BloodworkPanel	17	ai_processing_allowed	boolean	NO	false	NO	NEVER
BloodworkPanel	18	encryption_key_ref	text	YES	<none>	NO	NEVER
BloodworkPanel	19	kms_key_version	text	YES	<none>	NO	NEVER
BloodworkPanel	20	submitted_at	timestamp without time zone	YES	<none>	NO	NEVER
BloodworkPanel	21	created_at	timestamp without time zone	NO	CURRENT_TIMESTAMP	NO	NEVER
BloodworkPanel	22	updated_at	timestamp without time zone	NO	CURRENT_TIMESTAMP	NO	NEVER
BloodworkPanel	23	encrypted_notes	text	YES	<none>	NO	NEVER
BloodworkPanel	24	encrypted_review_note	text	YES	<none>	NO	NEVER
BloodworkResult	1	id	text	NO	<none>	NO	NEVER
BloodworkResult	2	panel_id	text	NO	<none>	NO	NEVER
BloodworkResult	3	marker_name	text	NO	<none>	NO	NEVER
BloodworkResult	4	marker_code	text	YES	<none>	NO	NEVER
BloodworkResult	5	value_numeric	numeric	YES	<none>	NO	NEVER
BloodworkResult	6	value_text	text	YES	<none>	NO	NEVER
BloodworkResult	7	unit	text	YES	<none>	NO	NEVER
BloodworkResult	8	reference_low	numeric	YES	<none>	NO	NEVER
BloodworkResult	9	reference_high	numeric	YES	<none>	NO	NEVER
BloodworkResult	10	reference_text	text	YES	<none>	NO	NEVER
BloodworkResult	11	out_of_range	boolean	NO	false	NO	NEVER
BloodworkResult	12	validation_status	text	NO	'ok'::text	NO	NEVER
BloodworkResult	13	validation_message	text	YES	<none>	NO	NEVER
BloodworkResult	14	created_at	timestamp without time zone	NO	CURRENT_TIMESTAMP	NO	NEVER
BloodworkResult	15	updated_at	timestamp without time zone	NO	CURRENT_TIMESTAMP	NO	NEVER
BuildWeekDay	1	id	text	NO	<none>	NO	NEVER
BuildWeekDay	2	day_number	integer	NO	<none>	NO	NEVER
BuildWeekDay	3	title	text	NO	<none>	NO	NEVER
BuildWeekDay	4	focus_area	text	NO	<none>	NO	NEVER
BuildWeekDay	5	narrative	text	NO	<none>	NO	NEVER
BuildWeekDay	6	prompt_questions	jsonb	NO	<none>	NO	NEVER
BuildWeekDay	7	action_items	jsonb	NO	<none>	NO	NEVER
BuildWeekDay	8	expected_artifact	text	NO	<none>	NO	NEVER
BuildWeekDayCompletion	1	id	text	NO	<none>	NO	NEVER
BuildWeekDayCompletion	2	enrollment_id	text	NO	<none>	NO	NEVER
BuildWeekDayCompletion	3	day_number	integer	NO	<none>	NO	NEVER
BuildWeekDayCompletion	4	completed_at	timestamp without time zone	NO	CURRENT_TIMESTAMP	NO	NEVER
BuildWeekDayCompletion	5	responses	jsonb	NO	<none>	NO	NEVER
BuildWeekDayCompletion	6	artifact_text	text	YES	<none>	NO	NEVER
BuildWeekEnrollment	1	id	text	NO	<none>	NO	NEVER
BuildWeekEnrollment	2	user_id	text	NO	<none>	NO	NEVER
BuildWeekEnrollment	3	started_at	timestamp without time zone	NO	CURRENT_TIMESTAMP	NO	NEVER
BuildWeekEnrollment	4	current_day	integer	NO	1	NO	NEVER
BuildWeekEnrollment	5	status	text	NO	'active'::text	NO	NEVER
BuildWeekEnrollment	6	completed_at	timestamp without time zone	YES	<none>	NO	NEVER
CalendarConnection	1	id	text	NO	<none>	NO	NEVER
CalendarConnection	2	user_id	text	NO	<none>	NO	NEVER
CalendarConnection	3	provider	USER-DEFINED	NO	<none>	NO	NEVER
CalendarConnection	4	external_account_id	text	YES	<none>	NO	NEVER
CalendarConnection	5	credentials_secret_ref	text	YES	<none>	NO	NEVER
CalendarConnection	6	last_synced_at	timestamp without time zone	YES	<none>	NO	NEVER
CalendarConnection	7	disconnected_at	timestamp without time zone	YES	<none>	NO	NEVER
CalendarConnection	8	created_at	timestamp without time zone	NO	CURRENT_TIMESTAMP	NO	NEVER
CalendarConnection	9	updated_at	timestamp without time zone	NO	CURRENT_TIMESTAMP	NO	NEVER
CalendarConnection	10	encrypted_refresh_token	text	YES	<none>	NO	NEVER
CalendarConnection	11	channel_id	text	YES	<none>	NO	NEVER
CalendarConnection	12	resource_id	text	YES	<none>	NO	NEVER
CalendarConnection	13	channel_expires_at	timestamp without time zone	YES	<none>	NO	NEVER
ChargeDispute	1	id	text	NO	<none>	NO	NEVER
ChargeDispute	2	purchase_id	text	NO	<none>	NO	NEVER
ChargeDispute	3	stripe_dispute_id	text	NO	<none>	NO	NEVER
ChargeDispute	4	stripe_charge_id	text	NO	<none>	NO	NEVER
ChargeDispute	5	amount_cents	integer	NO	<none>	NO	NEVER
ChargeDispute	6	currency	text	NO	'usd'::text	NO	NEVER
ChargeDispute	7	status	text	NO	'needs_response'::text	NO	NEVER
ChargeDispute	8	reason	text	YES	<none>	NO	NEVER
ChargeDispute	9	evidence_due_by	timestamp without time zone	YES	<none>	NO	NEVER
ChargeDispute	10	evidence_submitted_at	timestamp without time zone	YES	<none>	NO	NEVER
ChargeDispute	11	ledger_reversed	boolean	NO	false	NO	NEVER
ChargeDispute	12	closed_at	timestamp without time zone	YES	<none>	NO	NEVER
ChargeDispute	13	balance_transaction_id	text	YES	<none>	NO	NEVER
ChargeDispute	14	created_at	timestamp without time zone	NO	CURRENT_TIMESTAMP	NO	NEVER
ChargeDispute	15	updated_at	timestamp without time zone	NO	<none>	NO	NEVER
ChargeRefund	1	id	text	NO	<none>	NO	NEVER
ChargeRefund	2	purchase_id	text	NO	<none>	NO	NEVER
ChargeRefund	3	stripe_refund_id	text	NO	<none>	NO	NEVER
ChargeRefund	4	stripe_charge_id	text	NO	<none>	NO	NEVER
ChargeRefund	5	amount_cents	integer	NO	<none>	NO	NEVER
ChargeRefund	6	currency	text	NO	'usd'::text	NO	NEVER
ChargeRefund	7	status	text	NO	'pending'::text	NO	NEVER
ChargeRefund	8	reason	text	YES	<none>	NO	NEVER
ChargeRefund	9	note	text	YES	<none>	NO	NEVER
ChargeRefund	10	initiated_by_user_id	text	YES	<none>	NO	NEVER
ChargeRefund	11	failure_reason	text	YES	<none>	NO	NEVER
ChargeRefund	12	ledger_reversed	boolean	NO	false	NO	NEVER
ChargeRefund	13	transfer_reversed	boolean	NO	false	NO	NEVER
ChargeRefund	14	posted_at	timestamp without time zone	YES	<none>	NO	NEVER
ChargeRefund	15	created_at	timestamp without time zone	NO	CURRENT_TIMESTAMP	NO	NEVER
ChargeRefund	16	updated_at	timestamp without time zone	NO	<none>	NO	NEVER
CheckIn	1	id	text	NO	<none>	NO	NEVER
CheckIn	2	user_id	text	NO	<none>	NO	NEVER
CheckIn	3	date	date	NO	<none>	NO	NEVER
CheckIn	4	mood	integer	YES	<none>	NO	NEVER
CheckIn	5	energy	integer	YES	<none>	NO	NEVER
CheckIn	6	soreness	integer	NO	<none>	NO	NEVER
CheckIn	7	notes	text	YES	<none>	NO	NEVER
CheckIn	8	type	USER-DEFINED	NO	'morning'::"CheckInType"	NO	NEVER
CheckIn	9	logged_at	timestamp without time zone	NO	CURRENT_TIMESTAMP	NO	NEVER
CheckIn	10	coach_id	text	YES	<none>	NO	NEVER
CheckIn	11	sleep_hours	double precision	YES	<none>	NO	NEVER
CheckIn	12	weight_kg	double precision	YES	<none>	NO	NEVER
CheckIn	13	reviewed_by_coach	boolean	NO	false	NO	NEVER
CheckIn	14	coach_reviewed_at	timestamp without time zone	YES	<none>	NO	NEVER
ChurnIntervention	1	id	text	NO	<none>	NO	NEVER
ChurnIntervention	2	coach_id	text	NO	<none>	NO	NEVER
ChurnIntervention	3	client_id	text	NO	<none>	NO	NEVER
ChurnIntervention	4	draft_text	text	NO	<none>	NO	NEVER
ChurnIntervention	5	edited_text	text	YES	<none>	NO	NEVER
ChurnIntervention	6	status	text	NO	'draft'::text	NO	NEVER
ChurnIntervention	7	alert_id	text	YES	<none>	NO	NEVER
ChurnIntervention	8	risk_score_at_draft	double precision	YES	<none>	NO	NEVER
ChurnIntervention	9	top_factor	text	YES	<none>	NO	NEVER
ChurnIntervention	10	idempotency_key	text	NO	<none>	NO	NEVER
ChurnIntervention	11	send_idempotency_key	text	YES	<none>	NO	NEVER
ChurnIntervention	12	created_at	timestamp without time zone	NO	CURRENT_TIMESTAMP	NO	NEVER
ChurnIntervention	13	sent_at	timestamp without time zone	YES	<none>	NO	NEVER
ChurnIntervention	14	dismissed_at	timestamp without time zone	YES	<none>	NO	NEVER
ChurnIntervention	15	nudge_id	text	YES	<none>	NO	NEVER
ClientAssetGrant	1	id	text	NO	<none>	NO	NEVER
ClientAssetGrant	2	client_id	text	NO	<none>	NO	NEVER
ClientAssetGrant	3	media_asset_id	text	NO	<none>	NO	NEVER
ClientAssetGrant	4	granted_via_drop_id	text	YES	<none>	NO	NEVER
ClientAssetGrant	5	granted_at	timestamp without time zone	NO	CURRENT_TIMESTAMP	NO	NEVER
ClientAssetGrant	6	revoked_at	timestamp without time zone	YES	<none>	NO	NEVER
ClientCoachConsent	1	id	text	NO	<none>	NO	NEVER
ClientCoachConsent	2	client_id	text	NO	<none>	NO	NEVER
ClientCoachConsent	3	coach_id	text	NO	<none>	NO	NEVER
ClientCoachConsent	4	scope	text	NO	<none>	NO	NEVER
ClientCoachConsent	5	granted_at	timestamp without time zone	YES	<none>	NO	NEVER
ClientCoachConsent	6	revoked_at	timestamp without time zone	YES	<none>	NO	NEVER
ClientCoachConsent	7	created_at	timestamp without time zone	NO	CURRENT_TIMESTAMP	NO	NEVER
ClientCoachConsent	8	updated_at	timestamp without time zone	NO	CURRENT_TIMESTAMP	NO	NEVER
ClientOutcome	1	id	text	NO	<none>	NO	NEVER
ClientOutcome	2	user_id	text	NO	<none>	NO	NEVER
ClientOutcome	3	outcome_type	USER-DEFINED	NO	<none>	NO	NEVER
ClientOutcome	4	labelled_by_id	text	YES	<none>	NO	NEVER
ClientOutcome	5	labelled_at	timestamp without time zone	NO	CURRENT_TIMESTAMP	NO	NEVER
ClientOutcome	6	notes	text	YES	<none>	NO	NEVER
ClientOutcome	7	signal_snapshot	jsonb	YES	<none>	NO	NEVER
ClientPurchase	1	id	text	NO	<none>	NO	NEVER
ClientPurchase	2	client_user_id	text	NO	<none>	NO	NEVER
ClientPurchase	3	coach_user_id	text	NO	<none>	NO	NEVER
ClientPurchase	4	package_id	text	NO	<none>	NO	NEVER
ClientPurchase	5	amount_cents	integer	NO	<none>	NO	NEVER
ClientPurchase	6	currency	text	NO	'usd'::text	NO	NEVER
ClientPurchase	7	billing_type	text	NO	'one_time'::text	NO	NEVER
ClientPurchase	8	stripe_checkout_session_id	text	NO	<none>	NO	NEVER
ClientPurchase	9	stripe_payment_intent_id	text	YES	<none>	NO	NEVER
ClientPurchase	10	stripe_subscription_id	text	YES	<none>	NO	NEVER
ClientPurchase	11	stripe_customer_id	text	YES	<none>	NO	NEVER
ClientPurchase	12	stripe_destination_account	text	YES	<none>	NO	NEVER
ClientPurchase	13	status	text	NO	'pending'::text	NO	NEVER
ClientPurchase	14	entitlement_active	boolean	NO	false	NO	NEVER
ClientPurchase	15	access_expires_at	timestamp without time zone	YES	<none>	NO	NEVER
ClientPurchase	16	current_period_end	timestamp without time zone	YES	<none>	NO	NEVER
ClientPurchase	17	cancel_at_period_end	boolean	NO	false	NO	NEVER
ClientPurchase	18	canceled_at	timestamp without time zone	YES	<none>	NO	NEVER
ClientPurchase	19	idempotency_key	text	NO	<none>	NO	NEVER
ClientPurchase	20	last_error	text	YES	<none>	NO	NEVER
ClientPurchase	21	created_at	timestamp without time zone	NO	CURRENT_TIMESTAMP	NO	NEVER
ClientPurchase	22	updated_at	timestamp without time zone	NO	<none>	NO	NEVER
ClientPurchase	23	stripe_client_secret	text	YES	<none>	NO	NEVER
ClientPurchase	24	stripe_ephemeral_key	text	YES	<none>	NO	NEVER
ClientPurchase	25	landing_page_id	text	YES	<none>	NO	NEVER
ClientPurchase	26	contract_envelope_id	text	YES	<none>	NO	NEVER
ClientSignal	1	id	text	NO	<none>	NO	NEVER
ClientSignal	2	user_id	text	NO	<none>	NO	NEVER
ClientSignal	3	signal_type	USER-DEFINED	NO	<none>	NO	NEVER
ClientSignal	4	value	double precision	NO	0	NO	NEVER
ClientSignal	5	metadata	jsonb	YES	<none>	NO	NEVER
ClientSignal	6	recorded_at	timestamp without time zone	NO	CURRENT_TIMESTAMP	NO	NEVER
ClientWorkoutAssignment	1	id	text	NO	<none>	NO	NEVER
ClientWorkoutAssignment	2	workout_plan_id	text	NO	<none>	NO	NEVER
ClientWorkoutAssignment	3	client_id	text	NO	<none>	NO	NEVER
ClientWorkoutAssignment	4	assigned_by_coach_id	text	NO	<none>	NO	NEVER
ClientWorkoutAssignment	5	scheduled_for	timestamp without time zone	NO	<none>	NO	NEVER
ClientWorkoutAssignment	6	completed_at	timestamp without time zone	YES	<none>	NO	NEVER
ClientWorkoutAssignment	7	post_rpe	integer	YES	<none>	NO	NEVER
ClientWorkoutAssignment	8	post_notes	text	YES	<none>	NO	NEVER
ClientWorkoutAssignment	9	completion_idempotency_key	text	YES	<none>	NO	NEVER
ClientWorkoutAssignment	10	started_at	timestamp without time zone	YES	<none>	NO	NEVER
ClientWorkoutAssignment	11	completion_payload	jsonb	YES	<none>	NO	NEVER
ClientWorkoutAssignment	12	approved_by_coach_at	timestamp without time zone	YES	<none>	NO	NEVER
ClientWorkoutAssignment	13	idempotency_key	text	YES	<none>	NO	NEVER
ClientWorkoutAssignment	14	ai_draft_id	text	YES	<none>	NO	NEVER
ClientWorkoutAssignmentSnapshot	1	id	text	NO	<none>	NO	NEVER
ClientWorkoutAssignmentSnapshot	2	assignment_id	text	NO	<none>	NO	NEVER
ClientWorkoutAssignmentSnapshot	3	plan_name	text	NO	<none>	NO	NEVER
ClientWorkoutAssignmentSnapshot	4	plan_type	USER-DEFINED	NO	<none>	NO	NEVER
ClientWorkoutAssignmentSnapshot	5	exercises_json	jsonb	NO	<none>	NO	NEVER
ClientWorkoutAssignmentSnapshot	6	source_plan_id	text	NO	<none>	NO	NEVER
ClientWorkoutAssignmentSnapshot	7	source_version	integer	NO	<none>	NO	NEVER
ClientWorkoutAssignmentSnapshot	8	created_at	timestamp without time zone	NO	CURRENT_TIMESTAMP	NO	NEVER
CoachAIBudget	1	id	text	NO	<none>	NO	NEVER
CoachAIBudget	2	coach_user_id	text	NO	<none>	NO	NEVER
CoachAIBudget	3	period_start	timestamp without time zone	NO	<none>	NO	NEVER
CoachAIBudget	4	period_end	timestamp without time zone	NO	<none>	NO	NEVER
CoachAIBudget	5	base_actual_cents	integer	NO	4000	NO	NEVER
CoachAIBudget	6	value_multiplier	numeric	NO	3.125	NO	NEVER
CoachAIBudget	7	base_displayed_cents	integer	NO	12500	NO	NEVER
CoachAIBudget	8	pack_paid_cents	integer	NO	0	NO	NEVER
CoachAIBudget	9	pack_displayed_cents	integer	NO	0	NO	NEVER
CoachAIBudget	10	actual_used_cents	integer	NO	0	NO	NEVER
CoachAIBudget	11	created_at	timestamp without time zone	NO	CURRENT_TIMESTAMP	NO	NEVER
CoachAIBudget	12	updated_at	timestamp without time zone	NO	<none>	NO	NEVER
CoachAIBudget	13	last_rollover_at	timestamp without time zone	YES	<none>	NO	NEVER
CoachAIBudget	14	total_pack_actual_cents	integer	NO	0	NO	NEVER
CoachAlert	1	id	text	NO	<none>	NO	NEVER
CoachAlert	2	coach_id	text	NO	<none>	NO	NEVER
CoachAlert	3	client_id	text	NO	<none>	NO	NEVER
CoachAlert	4	alert_type	text	NO	<none>	NO	NEVER
CoachAlert	5	severity	text	NO	'warning'::text	NO	NEVER
CoachAlert	6	message	text	NO	<none>	NO	NEVER
CoachAlert	7	payload	jsonb	YES	<none>	NO	NEVER
CoachAlert	8	created_at	timestamp without time zone	NO	CURRENT_TIMESTAMP	NO	NEVER
CoachAlert	9	acknowledged_at	timestamp without time zone	YES	<none>	NO	NEVER
CoachAvailability	1	id	text	NO	<none>	NO	NEVER
CoachAvailability	2	coach_id	text	NO	<none>	NO	NEVER
CoachAvailability	3	day_of_week	integer	NO	<none>	NO	NEVER
CoachAvailability	4	start_minute	integer	NO	<none>	NO	NEVER
CoachAvailability	5	end_minute	integer	NO	<none>	NO	NEVER
CoachAvailability	6	session_type_id	text	YES	<none>	NO	NEVER
CoachAvailability	7	created_at	timestamp without time zone	NO	CURRENT_TIMESTAMP	NO	NEVER
CoachAvailability	8	updated_at	timestamp without time zone	NO	CURRENT_TIMESTAMP	NO	NEVER
CoachAvailabilityOverride	1	id	text	NO	<none>	NO	NEVER
CoachAvailabilityOverride	2	coach_id	text	NO	<none>	NO	NEVER
CoachAvailabilityOverride	3	date	date	NO	<none>	NO	NEVER
CoachAvailabilityOverride	4	start_minute	integer	YES	<none>	NO	NEVER
CoachAvailabilityOverride	5	end_minute	integer	YES	<none>	NO	NEVER
CoachAvailabilityOverride	6	kind	text	NO	<none>	NO	NEVER
CoachAvailabilityOverride	7	note	text	YES	<none>	NO	NEVER
CoachAvailabilityOverride	8	created_at	timestamp without time zone	NO	CURRENT_TIMESTAMP	NO	NEVER
CoachAvailabilityOverride	9	updated_at	timestamp without time zone	NO	CURRENT_TIMESTAMP	NO	NEVER
CoachBrief	1	id	text	NO	<none>	NO	NEVER
CoachBrief	2	coach_id	text	NO	<none>	NO	NEVER
CoachBrief	3	brief_date	text	NO	<none>	NO	NEVER
CoachBrief	4	status	text	NO	'pending'::text	NO	NEVER
CoachBrief	5	generated_at	timestamp without time zone	YES	<none>	NO	NEVER
CoachBrief	6	narrative	text	YES	<none>	NO	NEVER
CoachBrief	7	brief_context	jsonb	YES	<none>	NO	NEVER
CoachBrief	8	action_items	jsonb	YES	<none>	NO	NEVER
CoachBrief	9	generated_by	text	YES	<none>	NO	NEVER
CoachBrief	10	brief_mode	text	YES	<none>	NO	NEVER
CoachBrief	11	created_at	timestamp without time zone	NO	CURRENT_TIMESTAMP	NO	NEVER
CoachBrief	12	updated_at	timestamp without time zone	NO	CURRENT_TIMESTAMP	NO	NEVER
CoachBrief	13	read_at	timestamp without time zone	YES	<none>	NO	NEVER
CoachBrief	14	generation_started_at	timestamp without time zone	YES	<none>	NO	NEVER
CoachBriefPreferences	1	id	text	NO	<none>	NO	NEVER
CoachBriefPreferences	2	coach_id	text	NO	<none>	NO	NEVER
CoachBriefPreferences	3	notification_time	text	NO	'05:00'::text	NO	NEVER
CoachBriefPreferences	4	timezone	text	NO	'America/Los_Angeles'::text	NO	NEVER
CoachBriefPreferences	5	enabled	boolean	NO	true	NO	NEVER
CoachBriefPreferences	6	created_at	timestamp without time zone	NO	CURRENT_TIMESTAMP	NO	NEVER
CoachBriefPreferences	7	updated_at	timestamp without time zone	NO	CURRENT_TIMESTAMP	NO	NEVER
CoachBriefPushLedger	1	id	text	NO	<none>	NO	NEVER
CoachBriefPushLedger	2	coach_id	text	NO	<none>	NO	NEVER
CoachBriefPushLedger	3	last_push_attempt_date	text	YES	<none>	NO	NEVER
CoachBriefPushLedger	4	last_push_date	text	YES	<none>	NO	NEVER
CoachBriefPushLedger	5	created_at	timestamp without time zone	NO	CURRENT_TIMESTAMP	NO	NEVER
CoachBriefPushLedger	6	updated_at	timestamp without time zone	NO	CURRENT_TIMESTAMP	NO	NEVER
CoachBriefPushLedger	7	push_attempt_lease_until	timestamp without time zone	YES	<none>	NO	NEVER
CoachBriefPushLedger	8	push_attempts_today	integer	NO	0	NO	NEVER
CoachCreditPackPurchase	1	id	text	NO	<none>	NO	NEVER
CoachCreditPackPurchase	2	coach_user_id	text	NO	<none>	NO	NEVER
CoachCreditPackPurchase	3	budget_id	text	NO	<none>	NO	NEVER
CoachCreditPackPurchase	4	stripe_checkout_session_id	text	YES	<none>	NO	NEVER
CoachCreditPackPurchase	5	stripe_invoice_id	text	YES	<none>	NO	NEVER
CoachCreditPackPurchase	6	stripe_payment_intent_id	text	YES	<none>	NO	NEVER
CoachCreditPackPurchase	7	paid_cents	integer	NO	<none>	NO	NEVER
CoachCreditPackPurchase	8	actual_credit_cents	integer	NO	<none>	NO	NEVER
CoachCreditPackPurchase	9	displayed_credit_cents	integer	NO	<none>	NO	NEVER
CoachCreditPackPurchase	10	status	text	NO	<none>	NO	NEVER
CoachCreditPackPurchase	11	applied_at	timestamp without time zone	YES	<none>	NO	NEVER
CoachCreditPackPurchase	12	refunded_at	timestamp without time zone	YES	<none>	NO	NEVER
CoachCreditPackPurchase	13	created_at	timestamp without time zone	NO	CURRENT_TIMESTAMP	NO	NEVER
CoachCreditPackPurchase	14	updated_at	timestamp without time zone	NO	<none>	NO	NEVER
CoachCreditPackPurchase	15	is_free_grant	boolean	NO	false	NO	NEVER
CoachCrmIntegration	1	id	text	NO	<none>	NO	NEVER
CoachCrmIntegration	2	coach_id	text	NO	<none>	NO	NEVER
CoachCrmIntegration	3	provider	USER-DEFINED	NO	<none>	NO	NEVER
CoachCrmIntegration	4	credentials_encrypted	text	NO	<none>	NO	NEVER
CoachCrmIntegration	5	field_mapping	jsonb	NO	'{}'::jsonb	NO	NEVER
CoachCrmIntegration	6	enabled	boolean	NO	true	NO	NEVER
CoachCrmIntegration	7	last_synced_at	timestamp without time zone	YES	<none>	NO	NEVER
CoachCrmIntegration	8	last_error	text	YES	<none>	NO	NEVER
CoachCrmIntegration	9	created_at	timestamp without time zone	NO	CURRENT_TIMESTAMP	NO	NEVER
CoachDailyLog	1	id	text	NO	<none>	NO	NEVER
CoachDailyLog	2	coach_id	text	NO	<none>	NO	NEVER
CoachDailyLog	3	log_date	text	NO	<none>	NO	NEVER
CoachDailyLog	4	content	text	NO	<none>	NO	NEVER
CoachDailyLog	5	created_at	timestamp without time zone	NO	CURRENT_TIMESTAMP	NO	NEVER
CoachDailyLog	6	updated_at	timestamp without time zone	NO	CURRENT_TIMESTAMP	NO	NEVER
CoachEffectivenessScore	1	id	text	NO	<none>	NO	NEVER
CoachEffectivenessScore	2	coach_id	text	NO	<none>	NO	NEVER
CoachEffectivenessScore	3	score	double precision	NO	<none>	NO	NEVER
CoachEffectivenessScore	4	bucket	text	NO	<none>	NO	NEVER
CoachEffectivenessScore	5	factors	jsonb	YES	<none>	NO	NEVER
CoachEffectivenessScore	6	basis	text	NO	'v1'::text	NO	NEVER
CoachEffectivenessScore	7	computed_at	timestamp without time zone	NO	CURRENT_TIMESTAMP	NO	NEVER
CoachGuideline	1	id	text	NO	<none>	NO	NEVER
CoachGuideline	2	coach_id	text	YES	<none>	NO	NEVER
CoachGuideline	3	client_id	text	YES	<none>	NO	NEVER
CoachGuideline	4	content	text	NO	<none>	NO	NEVER
CoachGuideline	5	created_at	timestamp without time zone	NO	CURRENT_TIMESTAMP	NO	NEVER
CoachGuideline	6	updated_at	timestamp without time zone	NO	<none>	NO	NEVER
CoachLandingLead	1	id	text	NO	<none>	NO	NEVER
CoachLandingLead	2	page_id	text	NO	<none>	NO	NEVER
CoachLandingLead	3	coach_id	text	NO	<none>	NO	NEVER
CoachLandingLead	4	email	text	NO	<none>	NO	NEVER
CoachLandingLead	5	name	text	YES	<none>	NO	NEVER
CoachLandingLead	6	phone	text	YES	<none>	NO	NEVER
CoachLandingLead	7	payload	jsonb	NO	'{}'::jsonb	NO	NEVER
CoachLandingLead	8	crm_sync_status	USER-DEFINED	NO	'pending'::"CrmSyncStatus"	NO	NEVER
CoachLandingLead	9	crm_synced_at	timestamp without time zone	YES	<none>	NO	NEVER
CoachLandingLead	10	crm_error	text	YES	<none>	NO	NEVER
CoachLandingLead	11	converted_user_id	text	YES	<none>	NO	NEVER
CoachLandingLead	12	created_at	timestamp without time zone	NO	CURRENT_TIMESTAMP	NO	NEVER
CoachLandingLead	13	synced_to	ARRAY	NO	ARRAY[]::text[]	NO	NEVER
CoachLandingLead	14	external_ids	jsonb	NO	'{}'::jsonb	NO	NEVER
CoachLandingLead	15	attempts	integer	NO	0	NO	NEVER
CoachLandingLead	16	next_eligible_at	timestamp with time zone	YES	<none>	NO	NEVER
CoachLandingPage	1	id	text	NO	<none>	NO	NEVER
CoachLandingPage	2	coach_id	text	NO	<none>	NO	NEVER
CoachLandingPage	3	slug	text	NO	<none>	NO	NEVER
CoachLandingPage	4	template	USER-DEFINED	NO	<none>	NO	NEVER
CoachLandingPage	5	status	USER-DEFINED	NO	'draft'::"LandingPageStatus"	NO	NEVER
CoachLandingPage	6	headline	character varying	NO	<none>	NO	NEVER
CoachLandingPage	7	subheadline	character varying	YES	<none>	NO	NEVER
CoachLandingPage	8	hero_image_url	text	YES	<none>	NO	NEVER
CoachLandingPage	9	accent_color	text	YES	<none>	NO	NEVER
CoachLandingPage	10	primary_cta_type	USER-DEFINED	NO	<none>	NO	NEVER
CoachLandingPage	11	primary_cta_label	character varying	NO	<none>	NO	NEVER
CoachLandingPage	12	package_ids	ARRAY	NO	'{}'::text[]	NO	NEVER
CoachLandingPage	13	lead_capture_fields	ARRAY	NO	'{}'::text[]	NO	NEVER
CoachLandingPage	14	crm_integration_id	text	YES	<none>	NO	NEVER
CoachLandingPage	15	custom_domain	text	YES	<none>	NO	NEVER
CoachLandingPage	16	custom_domain_verified_at	timestamp without time zone	YES	<none>	NO	NEVER
CoachLandingPage	17	published_at	timestamp without time zone	YES	<none>	NO	NEVER
CoachLandingPage	18	unpublished_at	timestamp without time zone	YES	<none>	NO	NEVER
CoachLandingPage	19	created_at	timestamp without time zone	NO	CURRENT_TIMESTAMP	NO	NEVER
CoachLandingPage	20	updated_at	timestamp without time zone	NO	CURRENT_TIMESTAMP	NO	NEVER
CoachLandingPageSection	1	id	text	NO	<none>	NO	NEVER
CoachLandingPageSection	2	page_id	text	NO	<none>	NO	NEVER
CoachLandingPageSection	3	kind	USER-DEFINED	NO	<none>	NO	NEVER
CoachLandingPageSection	4	order_index	integer	NO	<none>	NO	NEVER
CoachLandingPageSection	5	payload	jsonb	NO	'{}'::jsonb	NO	NEVER
CoachLandingPageView	1	id	text	NO	<none>	NO	NEVER
CoachLandingPageView	2	page_id	text	NO	<none>	NO	NEVER
CoachLandingPageView	3	ip_hash	text	NO	<none>	NO	NEVER
CoachLandingPageView	4	ua_hash	text	NO	<none>	NO	NEVER
CoachLandingPageView	5	referrer_host	text	YES	<none>	NO	NEVER
CoachLandingPageView	6	utm_source	text	YES	<none>	NO	NEVER
CoachLandingPageView	7	utm_medium	text	YES	<none>	NO	NEVER
CoachLandingPageView	8	utm_campaign	text	YES	<none>	NO	NEVER
CoachLandingPageView	9	scroll_depth	integer	YES	<none>	NO	NEVER
CoachLandingPageView	10	cta_clicked	boolean	NO	false	NO	NEVER
CoachLandingPageView	11	form_submitted	boolean	NO	false	NO	NEVER
CoachLandingPageView	12	created_at	timestamp without time zone	NO	CURRENT_TIMESTAMP	NO	NEVER
CoachMediaAsset	1	id	text	NO	<none>	NO	NEVER
CoachMediaAsset	2	coach_id	text	NO	<none>	NO	NEVER
CoachMediaAsset	3	kind	text	NO	<none>	NO	NEVER
CoachMediaAsset	4	title	text	NO	<none>	NO	NEVER
CoachMediaAsset	5	description	text	YES	<none>	NO	NEVER
CoachMediaAsset	6	storage_key	text	NO	<none>	NO	NEVER
CoachMediaAsset	7	provider	text	NO	<none>	NO	NEVER
CoachMediaAsset	8	byte_size	bigint	YES	<none>	NO	NEVER
CoachMediaAsset	9	content_type	text	YES	<none>	NO	NEVER
CoachMediaAsset	10	duration_sec	integer	YES	<none>	NO	NEVER
CoachMediaAsset	11	page_count	integer	YES	<none>	NO	NEVER
CoachMediaAsset	12	mux_playback_id	text	YES	<none>	NO	NEVER
CoachMediaAsset	13	created_at	timestamp without time zone	NO	CURRENT_TIMESTAMP	NO	NEVER
CoachMediaAsset	14	archived_at	timestamp without time zone	YES	<none>	NO	NEVER
CoachMediaAsset	15	status	text	NO	'ready'::text	NO	NEVER
CoachMediaAsset	16	mux_upload_id	text	YES	<none>	NO	NEVER
CoachMediaAsset	17	mux_error_message	text	YES	<none>	NO	NEVER
CoachMessage	1	id	text	NO	<none>	NO	NEVER
CoachMessage	2	coach_id	text	YES	<none>	NO	NEVER
CoachMessage	3	client_id	text	YES	<none>	NO	NEVER
CoachMessage	4	sender_id	text	YES	<none>	NO	NEVER
CoachMessage	5	body	text	YES	<none>	NO	NEVER
CoachMessage	6	created_at	timestamp without time zone	NO	CURRENT_TIMESTAMP	NO	NEVER
CoachMessage	7	read_at	timestamp without time zone	YES	<none>	NO	NEVER
CoachMessage	8	voice_url	text	YES	<none>	NO	NEVER
CoachMessage	9	voice_duration_sec	integer	YES	<none>	NO	NEVER
CoachMessage	10	voice_size_bytes	integer	YES	<none>	NO	NEVER
CoachMessage	11	voice_content_type	text	YES	<none>	NO	NEVER
CoachMessage	12	ai_draft_id	text	YES	<none>	NO	NEVER
CoachNudge	1	id	text	NO	<none>	NO	NEVER
CoachNudge	2	coach_id	text	YES	<none>	NO	NEVER
CoachNudge	3	client_id	text	YES	<none>	NO	NEVER
CoachNudge	4	title	text	NO	<none>	NO	NEVER
CoachNudge	5	body	text	NO	<none>	NO	NEVER
CoachNudge	6	created_at	timestamp without time zone	NO	CURRENT_TIMESTAMP	NO	NEVER
CoachNudge	7	read_at	timestamp without time zone	YES	<none>	NO	NEVER
CoachOffer	1	id	text	NO	<none>	NO	NEVER
CoachOffer	2	head_coach_id	text	NO	<none>	NO	NEVER
CoachOffer	3	application_id	text	NO	<none>	NO	NEVER
CoachOffer	4	applicant_user_id	text	NO	<none>	NO	NEVER
CoachOffer	5	compensation_type	USER-DEFINED	NO	<none>	NO	NEVER
CoachOffer	6	compensation_terms	jsonb	NO	<none>	NO	NEVER
CoachOffer	7	client_capacity	integer	NO	<none>	NO	NEVER
CoachOffer	8	onboarding_message	text	YES	<none>	NO	NEVER
CoachOffer	9	status	USER-DEFINED	NO	'pending'::"CoachOfferStatus"	NO	NEVER
CoachOffer	10	accepted_at	timestamp without time zone	YES	<none>	NO	NEVER
CoachOffer	11	idempotency_key	text	YES	<none>	NO	NEVER
CoachOffer	12	created_at	timestamp without time zone	NO	CURRENT_TIMESTAMP	NO	NEVER
CoachOffer	13	updated_at	timestamp without time zone	NO	<none>	NO	NEVER
CoachOnboardingProgress	1	id	text	NO	<none>	NO	NEVER
CoachOnboardingProgress	2	coach_id	text	NO	<none>	NO	NEVER
CoachOnboardingProgress	3	started_at	timestamp without time zone	NO	CURRENT_TIMESTAMP	NO	NEVER
CoachOnboardingProgress	4	completed_at	timestamp without time zone	YES	<none>	NO	NEVER
CoachOnboardingProgress	5	current_step	integer	NO	1	NO	NEVER
CoachOnboardingProgress	6	step_data	jsonb	YES	<none>	NO	NEVER
CoachPackage	1	id	text	NO	<none>	NO	NEVER
CoachPackage	2	coach_id	text	NO	<none>	NO	NEVER
CoachPackage	3	name	text	NO	<none>	NO	NEVER
CoachPackage	4	description	text	YES	<none>	NO	NEVER
CoachPackage	5	amount_cents	integer	NO	<none>	NO	NEVER
CoachPackage	6	currency	text	NO	'usd'::text	NO	NEVER
CoachPackage	7	billing_type	text	NO	'one_time'::text	NO	NEVER
CoachPackage	8	interval	text	YES	<none>	NO	NEVER
CoachPackage	9	interval_count	integer	NO	1	NO	NEVER
CoachPackage	10	duration_periods	integer	YES	<none>	NO	NEVER
CoachPackage	11	stripe_price_id	text	YES	<none>	NO	NEVER
CoachPackage	12	stripe_product_id	text	YES	<none>	NO	NEVER
CoachPackage	13	is_active	boolean	NO	true	NO	NEVER
CoachPackage	14	archived_at	timestamp without time zone	YES	<none>	NO	NEVER
CoachPackage	15	created_at	timestamp without time zone	NO	CURRENT_TIMESTAMP	NO	NEVER
CoachPackage	16	updated_at	timestamp without time zone	NO	<none>	NO	NEVER
CoachPackage	17	share_token	text	YES	<none>	NO	NEVER
CoachPackage	18	share_link_enabled	boolean	NO	true	NO	NEVER
CoachPackage	19	share_link_generated_at	timestamp without time zone	YES	<none>	NO	NEVER
CoachPackage	20	share_link_expires_at	timestamp without time zone	YES	<none>	NO	NEVER
CoachPackage	21	share_link_revoked_at	timestamp without time zone	YES	<none>	NO	NEVER
CoachPackage	22	is_sellable	boolean	NO	false	NO	NEVER
CoachPackage	23	published_at	timestamp without time zone	YES	<none>	NO	NEVER
CoachPackage	24	recurring_amount_cents	integer	YES	<none>	NO	NEVER
CoachPackage	25	recurring_interval	text	YES	<none>	NO	NEVER
CoachPackage	26	recurring_interval_count	integer	YES	<none>	NO	NEVER
CoachPackage	27	recurring_stripe_price_id	text	YES	<none>	NO	NEVER
CoachPackage	28	requires_contract	boolean	NO	false	NO	NEVER
CoachPackage	29	contract_template_id	text	YES	<none>	NO	NEVER
CoachPackageContent	1	id	text	NO	<none>	NO	NEVER
CoachPackageContent	2	package_id	text	NO	<none>	NO	NEVER
CoachPackageContent	3	asset_type	text	NO	<none>	NO	NEVER
CoachPackageContent	4	asset_id	text	NO	<none>	NO	NEVER
CoachPackageContent	5	asset_revision_id	text	YES	<none>	NO	NEVER
CoachPackageContent	6	display_order	integer	NO	0	NO	NEVER
CoachPackageContent	7	cadence_kind	text	NO	'immediate'::text	NO	NEVER
CoachPackageContent	8	cadence_payload	jsonb	NO	<none>	NO	NEVER
CoachPackageContent	9	display_title	text	YES	<none>	NO	NEVER
CoachPackageContent	10	display_caption	text	YES	<none>	NO	NEVER
CoachPackageContent	11	created_at	timestamp without time zone	NO	CURRENT_TIMESTAMP	NO	NEVER
CoachPackageContent	12	updated_at	timestamp without time zone	NO	<none>	NO	NEVER
CoachPackageContent	13	removed_at	timestamp without time zone	YES	<none>	NO	NEVER
CoachProfile	1	id	text	NO	<none>	NO	NEVER
CoachProfile	2	user_id	text	NO	<none>	NO	NEVER
CoachProfile	3	business_name	text	YES	<none>	NO	NEVER
CoachProfile	4	bio	text	YES	<none>	NO	NEVER
CoachProfile	5	timezone	text	YES	<none>	NO	NEVER
CoachProfile	6	branding_accent_color	text	YES	<none>	NO	NEVER
CoachProfile	7	branding_logo_url	text	YES	<none>	NO	NEVER
CoachProfile	8	invite_code	text	NO	<none>	NO	NEVER
CoachProfile	9	stripe_customer_id	text	YES	<none>	NO	NEVER
CoachProfile	10	stripe_subscription_id	text	YES	<none>	NO	NEVER
CoachProfile	11	subscription_status	USER-DEFINED	YES	<none>	NO	NEVER
CoachProfile	12	plan_tier	text	NO	'flat_300'::text	NO	NEVER
CoachProfile	13	current_period_end	timestamp without time zone	YES	<none>	NO	NEVER
CoachProfile	14	trial_end	timestamp without time zone	YES	<none>	NO	NEVER
CoachProfile	15	ai_monthly_spend_cap_cents	integer	NO	5000	NO	NEVER
CoachProfile	16	created_by_owner_id	text	YES	<none>	NO	NEVER
CoachProfile	17	created_at	timestamp without time zone	NO	CURRENT_TIMESTAMP	NO	NEVER
CoachProfile	18	updated_at	timestamp without time zone	NO	CURRENT_TIMESTAMP	NO	NEVER
CoachSubscription	1	id	text	NO	<none>	NO	NEVER
CoachSubscription	2	coach_id	text	NO	<none>	NO	NEVER
CoachSubscription	3	stripe_customer_id	text	YES	<none>	NO	NEVER
CoachSubscription	4	stripe_subscription_id	text	YES	<none>	NO	NEVER
CoachSubscription	5	stripe_price_id	text	YES	<none>	NO	NEVER
CoachSubscription	6	status	text	NO	'incomplete'::text	NO	NEVER
CoachSubscription	7	current_period_end	timestamp without time zone	YES	<none>	NO	NEVER
CoachSubscription	8	trial_end	timestamp without time zone	YES	<none>	NO	NEVER
CoachSubscription	9	cancel_at_period_end	boolean	NO	false	NO	NEVER
CoachSubscription	10	last_payment_failed_at	timestamp without time zone	YES	<none>	NO	NEVER
CoachSubscription	11	failed_payments_this_month	integer	NO	0	NO	NEVER
CoachSubscription	12	billing_email	text	YES	<none>	NO	NEVER
CoachSubscription	13	card_last4	text	YES	<none>	NO	NEVER
CoachSubscription	14	created_at	timestamp without time zone	NO	CURRENT_TIMESTAMP	NO	NEVER
CoachSubscription	15	updated_at	timestamp without time zone	NO	<none>	NO	NEVER
CoachSubscription	16	tier	USER-DEFINED	NO	'free'::"CoachTier"	NO	NEVER
CoachingSession	1	id	text	NO	<none>	NO	NEVER
CoachingSession	2	coach_id	text	NO	<none>	NO	NEVER
CoachingSession	3	client_id	text	YES	<none>	NO	NEVER
CoachingSession	4	session_type_id	text	YES	<none>	NO	NEVER
CoachingSession	5	status	USER-DEFINED	NO	'requested'::"SessionStatus"	NO	NEVER
CoachingSession	6	start_at	timestamp without time zone	NO	<none>	NO	NEVER
CoachingSession	7	end_at	timestamp without time zone	NO	<none>	NO	NEVER
CoachingSession	8	title	text	NO	<none>	NO	NEVER
CoachingSession	9	coach_notes_md	text	YES	<none>	NO	NEVER
CoachingSession	10	client_recap_md	text	YES	<none>	NO	NEVER
CoachingSession	11	video_provider	USER-DEFINED	NO	'stub'::"VideoProvider"	NO	NEVER
CoachingSession	12	video_url	text	YES	<none>	NO	NEVER
CoachingSession	13	video_meeting_id	text	YES	<none>	NO	NEVER
CoachingSession	14	calendar_provider	USER-DEFINED	NO	'stub'::"CalendarProvider"	NO	NEVER
CoachingSession	15	calendar_event_id	text	YES	<none>	NO	NEVER
CoachingSession	16	provider_idempotency_key	text	YES	<none>	NO	NEVER
CoachingSession	17	approved_at	timestamp without time zone	YES	<none>	NO	NEVER
CoachingSession	18	ended_at	timestamp without time zone	YES	<none>	NO	NEVER
CoachingSession	19	end_reason	text	YES	<none>	NO	NEVER
CoachingSession	20	created_at	timestamp without time zone	NO	CURRENT_TIMESTAMP	NO	NEVER
CoachingSession	21	updated_at	timestamp without time zone	NO	CURRENT_TIMESTAMP	NO	NEVER
CommunityWin	1	id	text	NO	<none>	NO	NEVER
CommunityWin	2	user_id	text	NO	<none>	NO	NEVER
CommunityWin	3	coach_id	text	YES	<none>	NO	NEVER
CommunityWin	4	title	text	NO	<none>	NO	NEVER
CommunityWin	5	description	text	NO	<none>	NO	NEVER
CommunityWin	6	created_at	timestamp without time zone	NO	CURRENT_TIMESTAMP	NO	NEVER
CommunityWin	7	visibility	text	NO	'circle'::text	NO	NEVER
ConnectAccount	1	id	text	NO	<none>	NO	NEVER
ConnectAccount	2	coach_user_id	text	NO	<none>	NO	NEVER
ConnectAccount	3	stripe_account_id	text	NO	<none>	NO	NEVER
ConnectAccount	4	country	text	NO	'US'::text	NO	NEVER
ConnectAccount	5	default_currency	text	NO	'usd'::text	NO	NEVER
ConnectAccount	6	charges_enabled	boolean	NO	false	NO	NEVER
ConnectAccount	7	payouts_enabled	boolean	NO	false	NO	NEVER
ConnectAccount	8	details_submitted	boolean	NO	false	NO	NEVER
ConnectAccount	9	requirements_due	jsonb	YES	<none>	NO	NEVER
ConnectAccount	10	disabled_reason	text	YES	<none>	NO	NEVER
ConnectAccount	11	deauthorized_at	timestamp without time zone	YES	<none>	NO	NEVER
ConnectAccount	12	created_at	timestamp without time zone	NO	CURRENT_TIMESTAMP	NO	NEVER
ConnectAccount	13	updated_at	timestamp without time zone	NO	<none>	NO	NEVER
ConnectCustomer	1	id	text	NO	<none>	NO	NEVER
ConnectCustomer	2	client_user_id	text	NO	<none>	NO	NEVER
ConnectCustomer	3	stripe_customer_id	text	NO	<none>	NO	NEVER
ConnectCustomer	4	default_payment_method_id	text	YES	<none>	NO	NEVER
ConnectCustomer	5	default_card_brand	text	YES	<none>	NO	NEVER
ConnectCustomer	6	default_card_last4	text	YES	<none>	NO	NEVER
ConnectCustomer	7	default_card_exp_month	integer	YES	<none>	NO	NEVER
ConnectCustomer	8	default_card_exp_year	integer	YES	<none>	NO	NEVER
ConnectCustomer	9	created_at	timestamp without time zone	NO	CURRENT_TIMESTAMP	NO	NEVER
ConnectCustomer	10	updated_at	timestamp without time zone	NO	<none>	NO	NEVER
ConnectTransfer	1	id	text	NO	<none>	NO	NEVER
ConnectTransfer	2	purchase_id	text	NO	<none>	NO	NEVER
ConnectTransfer	3	ledger_entry_id	text	YES	<none>	NO	NEVER
ConnectTransfer	4	destination_stripe_account_id	text	NO	<none>	NO	NEVER
ConnectTransfer	5	destination_user_id	text	YES	<none>	NO	NEVER
ConnectTransfer	6	amount_cents	integer	NO	<none>	NO	NEVER
ConnectTransfer	7	currency	text	NO	'usd'::text	NO	NEVER
ConnectTransfer	8	source_stripe_charge_id	text	YES	<none>	NO	NEVER
ConnectTransfer	9	stripe_transfer_id	text	YES	<none>	NO	NEVER
ConnectTransfer	10	status	text	NO	'pending'::text	NO	NEVER
ConnectTransfer	11	attempts	integer	NO	0	NO	NEVER
ConnectTransfer	12	max_attempts	integer	NO	6	NO	NEVER
ConnectTransfer	13	next_attempt_at	timestamp without time zone	YES	<none>	NO	NEVER
ConnectTransfer	14	last_attempt_at	timestamp without time zone	YES	<none>	NO	NEVER
ConnectTransfer	15	last_error	text	YES	<none>	NO	NEVER
ConnectTransfer	16	idempotency_key	text	NO	<none>	NO	NEVER
ConnectTransfer	17	posted_at	timestamp without time zone	YES	<none>	NO	NEVER
ConnectTransfer	18	reversed_at	timestamp without time zone	YES	<none>	NO	NEVER
ConnectTransfer	19	reversed_amount_cents	integer	NO	0	NO	NEVER
ConnectTransfer	20	created_at	timestamp without time zone	NO	CURRENT_TIMESTAMP	NO	NEVER
ConnectTransfer	21	updated_at	timestamp without time zone	NO	<none>	NO	NEVER
ContractAuditEvent	1	id	text	NO	<none>	NO	NEVER
ContractAuditEvent	2	envelope_id	text	NO	<none>	NO	NEVER
ContractAuditEvent	3	actor_id	text	YES	<none>	NO	NEVER
ContractAuditEvent	4	action	text	NO	<none>	NO	NEVER
ContractAuditEvent	5	ip	text	YES	<none>	NO	NEVER
ContractAuditEvent	6	user_agent	text	YES	<none>	NO	NEVER
ContractAuditEvent	7	created_at	timestamp without time zone	NO	CURRENT_TIMESTAMP	NO	NEVER
ContractEnvelope	1	id	text	NO	<none>	NO	NEVER
ContractEnvelope	2	template_id	text	NO	<none>	NO	NEVER
ContractEnvelope	3	template_version	integer	NO	<none>	NO	NEVER
ContractEnvelope	4	client_id	text	NO	<none>	NO	NEVER
ContractEnvelope	5	coach_id	text	NO	<none>	NO	NEVER
ContractEnvelope	6	purchase_id	text	YES	<none>	NO	NEVER
ContractEnvelope	7	status	USER-DEFINED	NO	'DRAFT'::"ContractEnvelopeStatus"	NO	NEVER
ContractEnvelope	8	hellosign_request_id	text	YES	<none>	NO	NEVER
ContractEnvelope	9	signed_pdf_url	text	YES	<none>	NO	NEVER
ContractEnvelope	10	ip	text	YES	<none>	NO	NEVER
ContractEnvelope	11	user_agent	text	YES	<none>	NO	NEVER
ContractEnvelope	12	signed_at	timestamp without time zone	YES	<none>	NO	NEVER
ContractEnvelope	13	expires_at	timestamp without time zone	YES	<none>	NO	NEVER
ContractEnvelope	14	created_at	timestamp without time zone	NO	CURRENT_TIMESTAMP	NO	NEVER
ContractTemplate	1	id	text	NO	<none>	NO	NEVER
ContractTemplate	2	coach_id	text	NO	<none>	NO	NEVER
ContractTemplate	3	is_platform	boolean	NO	false	NO	NEVER
ContractTemplate	4	name	text	NO	<none>	NO	NEVER
ContractTemplate	5	body_markdown	text	NO	<none>	NO	NEVER
ContractTemplate	6	version	integer	NO	1	NO	NEVER
ContractTemplate	7	dynamic_fields_json	jsonb	NO	<none>	NO	NEVER
ContractTemplate	8	requires_signature	boolean	NO	true	NO	NEVER
ContractTemplate	9	created_at	timestamp without time zone	NO	CURRENT_TIMESTAMP	NO	NEVER
ConversationReview	1	id	text	NO	<none>	NO	NEVER
ConversationReview	2	coach_id	text	NO	<none>	NO	NEVER
ConversationReview	3	client_id	text	NO	<none>	NO	NEVER
ConversationReview	4	coach_reviewed_at	timestamp without time zone	NO	CURRENT_TIMESTAMP	NO	NEVER
ConversationReview	5	created_at	timestamp without time zone	NO	CURRENT_TIMESTAMP	NO	NEVER
ConversationReview	6	updated_at	timestamp without time zone	NO	<none>	NO	NEVER
DailyMealPlan	1	id	text	NO	<none>	NO	NEVER
DailyMealPlan	2	coach_id	text	NO	<none>	NO	NEVER
DailyMealPlan	3	name	text	NO	<none>	NO	NEVER
DailyMealPlan	4	notes	text	YES	<none>	NO	NEVER
DailyMealPlan	5	created_at	timestamp without time zone	NO	CURRENT_TIMESTAMP	NO	NEVER
DailyMealPlan	6	archived_at	timestamp without time zone	YES	<none>	NO	NEVER
DailyMealPlanAssignment	1	id	text	NO	<none>	NO	NEVER
DailyMealPlanAssignment	2	daily_meal_plan_id	text	NO	<none>	NO	NEVER
DailyMealPlanAssignment	3	client_id	text	NO	<none>	NO	NEVER
DailyMealPlanAssignment	4	assigned_by_coach_id	text	NO	<none>	NO	NEVER
DailyMealPlanAssignment	5	starts_on	date	NO	<none>	NO	NEVER
DailyMealPlanAssignment	6	ends_on	date	YES	<none>	NO	NEVER
DailyMealPlanAssignment	7	created_at	timestamp without time zone	NO	CURRENT_TIMESTAMP	NO	NEVER
DailyMealPlanAssignment	8	ai_draft_id	text	YES	<none>	NO	NEVER
DailyMealPlanAssignment	9	drip_drop_id	text	YES	<none>	NO	NEVER
DailyMealPlanSlot	1	id	text	NO	<none>	NO	NEVER
DailyMealPlanSlot	2	daily_meal_plan_id	text	NO	<none>	NO	NEVER
DailyMealPlanSlot	3	meal_template_id	text	NO	<none>	NO	NEVER
DailyMealPlanSlot	4	slot_label	text	NO	<none>	NO	NEVER
DailyMealPlanSlot	5	order	integer	NO	0	NO	NEVER
DataExportRequest	1	id	text	NO	<none>	NO	NEVER
DataExportRequest	2	user_id	text	NO	<none>	NO	NEVER
DataExportRequest	3	status	text	NO	'pending'::text	NO	NEVER
DataExportRequest	4	payload	jsonb	YES	<none>	NO	NEVER
DataExportRequest	5	error	text	YES	<none>	NO	NEVER
DataExportRequest	6	requested_at	timestamp without time zone	NO	CURRENT_TIMESTAMP	NO	NEVER
DataExportRequest	7	fulfilled_at	timestamp without time zone	YES	<none>	NO	NEVER
DataExportRequest	8	delivered_at	timestamp without time zone	YES	<none>	NO	NEVER
DiagnosticSubmission	1	id	text	NO	<none>	NO	NEVER
DiagnosticSubmission	2	email	text	NO	<none>	NO	NEVER
DiagnosticSubmission	3	name	text	YES	<none>	NO	NEVER
DiagnosticSubmission	4	age	integer	YES	<none>	NO	NEVER
DiagnosticSubmission	5	source	text	YES	<none>	NO	NEVER
DiagnosticSubmission	6	answers	jsonb	NO	<none>	NO	NEVER
DiagnosticSubmission	7	scores	jsonb	NO	<none>	NO	NEVER
DiagnosticSubmission	8	bucket	jsonb	NO	<none>	NO	NEVER
DiagnosticSubmission	9	submitted_at	timestamp without time zone	NO	CURRENT_TIMESTAMP	NO	NEVER
DiagnosticSubmission	10	user_id	text	YES	<none>	NO	NEVER
DiagnosticSubmission	11	ip	text	YES	<none>	NO	NEVER
DiagnosticSubmission	12	user_agent	text	YES	<none>	NO	NEVER
DripResolverMarker	1	id	text	NO	<none>	NO	NEVER
DripResolverMarker	2	purpose	text	NO	<none>	NO	NEVER
DripResolverMarker	3	purchase_id	text	NO	<none>	NO	NEVER
DripResolverMarker	4	content_id	text	NO	<none>	NO	NEVER
DripResolverMarker	5	materialised_ref	text	YES	<none>	NO	NEVER
DripResolverMarker	6	created_at	timestamp without time zone	NO	CURRENT_TIMESTAMP	NO	NEVER
DripResolverMarker	7	updated_at	timestamp without time zone	NO	<none>	NO	NEVER
DunningAttempt	1	id	text	NO	<none>	NO	NEVER
DunningAttempt	2	dunning_state_id	text	NO	<none>	NO	NEVER
DunningAttempt	3	step_index	integer	NO	<none>	NO	NEVER
DunningAttempt	4	kind	text	NO	<none>	NO	NEVER
DunningAttempt	5	scheduled_for	timestamp without time zone	NO	<none>	NO	NEVER
DunningAttempt	6	status	text	NO	'pending'::text	NO	NEVER
DunningAttempt	7	sent_at	timestamp without time zone	YES	<none>	NO	NEVER
DunningAttempt	8	email_idempotency_key	text	YES	<none>	NO	NEVER
DunningAttempt	9	provider_message_id	text	YES	<none>	NO	NEVER
DunningAttempt	10	failure_reason	text	YES	<none>	NO	NEVER
DunningAttempt	11	created_at	timestamp without time zone	NO	CURRENT_TIMESTAMP	NO	NEVER
DunningAttempt	12	updated_at	timestamp without time zone	NO	<none>	NO	NEVER
DunningAttempt	13	retry_count	integer	NO	0	NO	NEVER
DunningAttempt	14	next_retry_at	timestamp without time zone	YES	<none>	NO	NEVER
DunningAttempt	15	superseded_at	timestamp without time zone	YES	<none>	NO	NEVER
DunningState	1	id	text	NO	<none>	NO	NEVER
DunningState	2	purchase_id	text	NO	<none>	NO	NEVER
DunningState	3	status	text	NO	'active'::text	NO	NEVER
DunningState	4	failure_count	integer	NO	0	NO	NEVER
DunningState	5	last_attempt_number	integer	YES	<none>	NO	NEVER
DunningState	6	last_failed_amount_cents	integer	YES	<none>	NO	NEVER
DunningState	7	last_failure_at	timestamp without time zone	YES	<none>	NO	NEVER
DunningState	8	last_failure_reason	text	YES	<none>	NO	NEVER
DunningState	9	grace_period_ends_at	timestamp without time zone	YES	<none>	NO	NEVER
DunningState	10	cancel_scheduled_at	timestamp without time zone	YES	<none>	NO	NEVER
DunningState	11	resolved_at	timestamp without time zone	YES	<none>	NO	NEVER
DunningState	12	abandoned_at	timestamp without time zone	YES	<none>	NO	NEVER
DunningState	13	created_at	timestamp without time zone	NO	CURRENT_TIMESTAMP	NO	NEVER
DunningState	14	updated_at	timestamp without time zone	NO	<none>	NO	NEVER
DunningState	15	step_index	integer	NO	'-1'::integer	NO	NEVER
DunningState	16	next_attempt_at	timestamp without time zone	YES	<none>	NO	NEVER
DunningState	17	entered_at	timestamp without time zone	YES	<none>	NO	NEVER
DunningState	18	recovered_at	timestamp without time zone	YES	<none>	NO	NEVER
DunningState	19	escalated_at	timestamp without time zone	YES	<none>	NO	NEVER
DunningState	20	locked_out_at	timestamp without time zone	YES	<none>	NO	NEVER
DunningState	21	reversal_count	integer	NO	0	NO	NEVER
EmailSendLog	1	id	text	NO	<none>	NO	NEVER
EmailSendLog	2	idempotency_key	text	NO	<none>	NO	NEVER
EmailSendLog	3	template_key	text	NO	<none>	NO	NEVER
EmailSendLog	4	recipient_email	text	NO	<none>	NO	NEVER
EmailSendLog	5	status	text	NO	'sending'::text	NO	NEVER
EmailSendLog	6	provider_message_id	text	YES	<none>	NO	NEVER
EmailSendLog	7	error	text	YES	<none>	NO	NEVER
EmailSendLog	8	sent_at	timestamp without time zone	YES	<none>	NO	NEVER
EmailSendLog	9	created_at	timestamp without time zone	NO	CURRENT_TIMESTAMP	NO	NEVER
ExerciseCatalogItem	1	id	text	NO	<none>	NO	NEVER
ExerciseCatalogItem	2	slug	text	NO	<none>	NO	NEVER
ExerciseCatalogItem	3	name	text	NO	<none>	NO	NEVER
ExerciseCatalogItem	4	category	text	NO	<none>	NO	NEVER
ExerciseCatalogItem	5	primary_muscle	text	NO	<none>	NO	NEVER
ExerciseCatalogItem	6	secondary_muscles	ARRAY	NO	ARRAY[]::text[]	NO	NEVER
ExerciseCatalogItem	7	equipment	ARRAY	NO	ARRAY[]::text[]	NO	NEVER
ExerciseCatalogItem	8	difficulty	text	NO	'beginner'::text	NO	NEVER
ExerciseCatalogItem	9	instructions	ARRAY	NO	ARRAY[]::text[]	NO	NEVER
ExerciseCatalogItem	10	source_ref	text	YES	<none>	NO	NEVER
ExerciseCatalogItem	11	mux_asset_id	text	YES	<none>	NO	NEVER
ExerciseCatalogItem	12	mux_playback_id	text	YES	<none>	NO	NEVER
ExerciseCatalogItem	13	mux_playback_policy	text	NO	'public'::text	NO	NEVER
ExerciseCatalogItem	14	mux_asset_status	USER-DEFINED	NO	'none'::"ExerciseVideoStatus"	NO	NEVER
ExerciseCatalogItem	15	mux_duration_seconds	double precision	YES	<none>	NO	NEVER
ExerciseCatalogItem	16	mux_error_message	text	YES	<none>	NO	NEVER
ExerciseCatalogItem	17	mux_upload_id	text	YES	<none>	NO	NEVER
ExerciseCatalogItem	18	created_at	timestamp without time zone	NO	CURRENT_TIMESTAMP	NO	NEVER
ExerciseCatalogItem	19	updated_at	timestamp without time zone	NO	<none>	NO	NEVER
ExerciseCatalogItem	20	video_url	text	YES	<none>	NO	NEVER
ExerciseCatalogItem	21	video_provider	text	YES	<none>	NO	NEVER
ExerciseSet	1	id	text	NO	<none>	NO	NEVER
ExerciseSet	2	workout_id	text	NO	<none>	NO	NEVER
ExerciseSet	3	exercise_name	text	NO	<none>	NO	NEVER
ExerciseSet	4	muscle_group	USER-DEFINED	NO	<none>	NO	NEVER
ExerciseSet	5	sets_completed	integer	NO	<none>	NO	NEVER
ExerciseSet	6	reps_per_set	ARRAY	YES	<none>	NO	NEVER
ExerciseSet	7	weight_per_set	ARRAY	YES	<none>	NO	NEVER
ExerciseSet	8	rpe	double precision	YES	<none>	NO	NEVER
ExerciseSet	9	notes	text	YES	<none>	NO	NEVER
ExerciseSet	10	video_url	text	YES	<none>	NO	NEVER
ExtensionPairCode	1	id	text	NO	<none>	NO	NEVER
ExtensionPairCode	2	code	text	NO	<none>	NO	NEVER
ExtensionPairCode	3	coach_id	text	NO	<none>	NO	NEVER
ExtensionPairCode	4	chosen_platform	text	NO	<none>	NO	NEVER
ExtensionPairCode	5	expires_at	timestamp without time zone	NO	<none>	NO	NEVER
ExtensionPairCode	6	used_at	timestamp without time zone	YES	<none>	NO	NEVER
ExtensionPairCode	7	failed_attempts	integer	NO	0	NO	NEVER
ExtensionPairCode	8	created_at	timestamp without time zone	NO	CURRENT_TIMESTAMP	NO	NEVER
ExtensionPairCode	9	import_intent_id	uuid	YES	<none>	NO	NEVER
FastingWindow	1	id	text	NO	<none>	NO	NEVER
FastingWindow	2	user_id	text	NO	<none>	NO	NEVER
FastingWindow	3	start_time	timestamp without time zone	NO	<none>	NO	NEVER
FastingWindow	4	end_time	timestamp without time zone	YES	<none>	NO	NEVER
FastingWindow	5	protocol	text	YES	<none>	NO	NEVER
FastingWindow	6	notes	text	YES	<none>	NO	NEVER
FeePolicy	1	id	text	NO	<none>	NO	NEVER
FeePolicy	2	coach_id	text	NO	<none>	NO	NEVER
FeePolicy	3	platform_application_fee_bps	integer	YES	<none>	NO	NEVER
FeePolicy	4	head_coach_split_bps	integer	YES	<none>	NO	NEVER
FeePolicy	5	notes	text	YES	<none>	NO	NEVER
FeePolicy	6	created_at	timestamp without time zone	NO	CURRENT_TIMESTAMP	NO	NEVER
FeePolicy	7	updated_at	timestamp without time zone	NO	<none>	NO	NEVER
FoodItem	1	id	text	NO	<none>	NO	NEVER
FoodItem	2	name	text	NO	<none>	NO	NEVER
FoodItem	3	brand_or_restaurant	text	YES	<none>	NO	NEVER
FoodItem	4	category	USER-DEFINED	NO	'generic'::"FoodCategory"	NO	NEVER
FoodItem	5	serving_description	text	NO	<none>	NO	NEVER
FoodItem	6	serving_size_grams	double precision	NO	<none>	NO	NEVER
FoodItem	7	calories	double precision	NO	<none>	NO	NEVER
FoodItem	8	protein_g	double precision	NO	<none>	NO	NEVER
FoodItem	9	carbs_g	double precision	NO	<none>	NO	NEVER
FoodItem	10	fat_g	double precision	NO	<none>	NO	NEVER
FoodItem	11	saturated_fat_g	double precision	YES	<none>	NO	NEVER
FoodItem	12	mono_fat_g	double precision	YES	<none>	NO	NEVER
FoodItem	13	poly_fat_g	double precision	YES	<none>	NO	NEVER
FoodItem	14	fiber_g	double precision	YES	<none>	NO	NEVER
FoodItem	15	sugar_g	double precision	YES	<none>	NO	NEVER
FoodItem	16	sodium_mg	double precision	YES	<none>	NO	NEVER
FoodItem	17	tags	ARRAY	YES	<none>	NO	NEVER
FoodItem	18	search_aliases	ARRAY	YES	<none>	NO	NEVER
FoodItem	19	image_url	text	YES	<none>	NO	NEVER
FoodItem	20	barcode	text	YES	<none>	NO	NEVER
FoodItem	21	created_at	timestamp without time zone	NO	CURRENT_TIMESTAMP	NO	NEVER
FoodItem	22	nutrient_basis	USER-DEFINED	NO	'PER_100G'::"NutrientBasis"	NO	NEVER
GuestCheckout	1	id	text	NO	<none>	NO	NEVER
GuestCheckout	2	package_id	text	NO	<none>	NO	NEVER
GuestCheckout	3	stripe_payment_intent_id	text	NO	<none>	NO	NEVER
GuestCheckout	4	stripe_customer_id	text	YES	<none>	NO	NEVER
GuestCheckout	5	guest_email	text	NO	<none>	NO	NEVER
GuestCheckout	6	guest_name	text	NO	<none>	NO	NEVER
GuestCheckout	7	status	text	NO	'pending'::text	NO	NEVER
GuestCheckout	8	created_user_id	text	YES	<none>	NO	NEVER
GuestCheckout	9	idempotency_key	text	NO	<none>	NO	NEVER
GuestCheckout	10	created_at	timestamp without time zone	NO	CURRENT_TIMESTAMP	NO	NEVER
GuestCheckout	11	expires_at	timestamp without time zone	NO	<none>	NO	NEVER
GuestCheckout	12	retry_count	integer	NO	0	NO	NEVER
GuestCheckout	13	last_error	text	YES	<none>	NO	NEVER
GuestCheckout	14	last_retry_at	timestamp without time zone	YES	<none>	NO	NEVER
GuestCheckout	15	data_retention_at	timestamp without time zone	YES	<none>	NO	NEVER
GuestCheckout	16	scrubbed_at	timestamp without time zone	YES	<none>	NO	NEVER
GuestCheckout	17	landing_page_id	text	YES	<none>	NO	NEVER
GuestCheckout	18	last_reconciled_at	timestamp without time zone	YES	<none>	NO	NEVER
GuestCheckout	19	reconcile_attempts	integer	NO	0	NO	NEVER
GuestCheckout	20	package_snapshot	jsonb	YES	<none>	NO	NEVER
GuestCheckout	21	refunded_at	timestamp without time zone	YES	<none>	NO	NEVER
GuestCheckout	22	disputed_at	timestamp without time zone	YES	<none>	NO	NEVER
GuestCheckout	23	dispute_reason	character varying	YES	<none>	NO	NEVER
GuestCheckout	24	receipt_url	text	YES	<none>	NO	NEVER
GuestCheckout	25	stripe_subscription_id	text	YES	<none>	NO	NEVER
Habit	1	id	text	NO	<none>	NO	NEVER
Habit	2	user_id	text	NO	<none>	NO	NEVER
Habit	3	name	text	NO	<none>	NO	NEVER
Habit	4	category	text	NO	'custom'::text	NO	NEVER
Habit	5	target_value	double precision	YES	<none>	NO	NEVER
Habit	6	unit	text	YES	<none>	NO	NEVER
HabitLog	1	id	text	NO	<none>	NO	NEVER
HabitLog	2	habit_id	text	NO	<none>	NO	NEVER
HabitLog	3	date	date	NO	<none>	NO	NEVER
HabitLog	4	value	double precision	YES	<none>	NO	NEVER
HabitLog	5	completed	boolean	NO	false	NO	NEVER
HabitLog	6	logged_at	timestamp without time zone	NO	CURRENT_TIMESTAMP	NO	NEVER
HolisticInsightCache	1	id	text	NO	<none>	NO	NEVER
HolisticInsightCache	2	user_id	text	NO	<none>	NO	NEVER
HolisticInsightCache	3	window_days	integer	NO	<none>	NO	NEVER
HolisticInsightCache	4	payload	jsonb	NO	<none>	NO	NEVER
HolisticInsightCache	5	generated_at	timestamp without time zone	NO	CURRENT_TIMESTAMP	NO	NEVER
HolisticInsightCache	6	expires_at	timestamp without time zone	NO	<none>	NO	NEVER
ImportIntent	1	id	uuid	NO	<none>	NO	NEVER
ImportIntent	2	coach_id	text	NO	<none>	NO	NEVER
ImportIntent	3	setup_nonce	uuid	YES	<none>	NO	NEVER
ImportIntent	4	chosen_platform	text	NO	<none>	NO	NEVER
ImportIntent	5	created_at	timestamp without time zone	NO	CURRENT_TIMESTAMP	NO	NEVER
ImportIntent	6	paired_at	timestamp without time zone	YES	<none>	NO	NEVER
ImportIntent	7	superseded_at	timestamp without time zone	YES	<none>	NO	NEVER
ImportNativeProvenance	1	id	text	NO	<none>	NO	NEVER
ImportNativeProvenance	2	coach_id	text	NO	<none>	NO	NEVER
ImportNativeProvenance	3	import_intent_id	uuid	YES	<none>	NO	NEVER
ImportNativeProvenance	4	source_namespace	text	NO	<none>	NO	NEVER
ImportNativeProvenance	5	entity_type	text	NO	<none>	NO	NEVER
ImportNativeProvenance	6	source_id	text	NO	<none>	NO	NEVER
ImportNativeProvenance	7	native_kind	text	NO	<none>	NO	NEVER
ImportNativeProvenance	8	native_id	text	YES	<none>	NO	NEVER
ImportNativeProvenance	9	outcome	text	NO	<none>	NO	NEVER
ImportNativeProvenance	10	reason	text	YES	<none>	NO	NEVER
ImportNativeProvenance	11	created_at	timestamp without time zone	NO	CURRENT_TIMESTAMP	NO	NEVER
InviteCode	1	id	text	NO	<none>	NO	NEVER
InviteCode	2	code	text	NO	<none>	NO	NEVER
InviteCode	3	coach_id	text	NO	<none>	NO	NEVER
InviteCode	4	created_at	timestamp without time zone	NO	CURRENT_TIMESTAMP	NO	NEVER
InviteCode	5	expires_at	timestamp without time zone	YES	<none>	NO	NEVER
InviteCode	6	max_uses	integer	YES	<none>	NO	NEVER
InviteCode	7	used_count	integer	NO	0	NO	NEVER
InviteCode	8	revoked	boolean	NO	false	NO	NEVER
InviteCode	9	invited_by_user_id	text	YES	<none>	NO	NEVER
InviteCode	10	intended_email	text	YES	<none>	NO	NEVER
InviteCode	11	accepted_by_user_id	text	YES	<none>	NO	NEVER
InviteCode	12	accepted_at	timestamp without time zone	YES	<none>	NO	NEVER
Invoice	1	id	text	NO	<none>	NO	NEVER
Invoice	2	coach_id	text	NO	<none>	NO	NEVER
Invoice	3	stripe_invoice_id	text	NO	<none>	NO	NEVER
Invoice	4	stripe_customer_id	text	YES	<none>	NO	NEVER
Invoice	5	amount_paid_cents	integer	NO	0	NO	NEVER
Invoice	6	amount_due_cents	integer	NO	0	NO	NEVER
Invoice	7	currency	text	NO	'usd'::text	NO	NEVER
Invoice	8	status	text	NO	'open'::text	NO	NEVER
Invoice	9	hosted_invoice_url	text	YES	<none>	NO	NEVER
Invoice	10	invoice_pdf	text	YES	<none>	NO	NEVER
Invoice	11	period_start	timestamp without time zone	YES	<none>	NO	NEVER
Invoice	12	period_end	timestamp without time zone	YES	<none>	NO	NEVER
Invoice	13	paid_at	timestamp without time zone	YES	<none>	NO	NEVER
Invoice	14	created_at	timestamp without time zone	NO	CURRENT_TIMESTAMP	NO	NEVER
JobListing	1	id	text	NO	<none>	NO	NEVER
JobListing	2	hirer_id	text	NO	<none>	NO	NEVER
JobListing	3	title	text	NO	<none>	NO	NEVER
JobListing	4	description	text	NO	<none>	NO	NEVER
JobListing	5	specialty	text	YES	<none>	NO	NEVER
JobListing	6	location	text	YES	<none>	NO	NEVER
JobListing	7	modality	text	YES	<none>	NO	NEVER
JobListing	8	compensation_type	USER-DEFINED	NO	<none>	NO	NEVER
JobListing	9	compensation_terms	jsonb	NO	<none>	NO	NEVER
JobListing	10	expectations	text	YES	<none>	NO	NEVER
JobListing	11	status	USER-DEFINED	NO	'draft'::"JobListingStatus"	NO	NEVER
JobListing	12	published_at	timestamp without time zone	YES	<none>	NO	NEVER
JobListing	13	closed_at	timestamp without time zone	YES	<none>	NO	NEVER
JobListing	14	idempotency_key	text	YES	<none>	NO	NEVER
JobListing	15	created_at	timestamp without time zone	NO	CURRENT_TIMESTAMP	NO	NEVER
JobListing	16	updated_at	timestamp without time zone	NO	<none>	NO	NEVER
Lesson	1	id	text	NO	<none>	NO	NEVER
Lesson	2	coach_id	text	NO	<none>	NO	NEVER
Lesson	3	title	text	NO	<none>	NO	NEVER
Lesson	4	description	text	YES	<none>	NO	NEVER
Lesson	5	video_url	text	YES	<none>	NO	NEVER
Lesson	6	article_url	text	YES	<none>	NO	NEVER
Lesson	7	tags	ARRAY	YES	<none>	NO	NEVER
Lesson	8	goal_tags	ARRAY	YES	<none>	NO	NEVER
Lesson	9	order_index	integer	NO	0	NO	NEVER
Lesson	10	created_at	timestamp without time zone	NO	CURRENT_TIMESTAMP	NO	NEVER
LessonCompletion	1	id	text	NO	<none>	NO	NEVER
LessonCompletion	2	lesson_id	text	NO	<none>	NO	NEVER
LessonCompletion	3	user_id	text	NO	<none>	NO	NEVER
LessonCompletion	4	completed_at	timestamp without time zone	NO	CURRENT_TIMESTAMP	NO	NEVER
LoggedFoodEntry	1	id	text	NO	<none>	NO	NEVER
LoggedFoodEntry	2	user_id	text	NO	<none>	NO	NEVER
LoggedFoodEntry	3	date	date	NO	<none>	NO	NEVER
LoggedFoodEntry	4	meal_type	USER-DEFINED	NO	<none>	NO	NEVER
LoggedFoodEntry	5	food_item_id	text	NO	<none>	NO	NEVER
LoggedFoodEntry	6	quantity_multiplier	double precision	NO	1.0	NO	NEVER
LoggedFoodEntry	7	notes	text	YES	<none>	NO	NEVER
LoggedFoodEntry	8	logged_at	timestamp without time zone	NO	CURRENT_TIMESTAMP	NO	NEVER
LoggedFoodEntry	9	original_quantity	double precision	YES	<none>	NO	NEVER
LoggedFoodEntry	10	original_unit	text	YES	<none>	NO	NEVER
LoggedFoodEntry	11	client_uuid	text	YES	<none>	NO	NEVER
MacroTarget	1	id	text	NO	<none>	NO	NEVER
MacroTarget	2	client_id	text	NO	<none>	NO	NEVER
MacroTarget	3	coach_id	text	NO	<none>	NO	NEVER
MacroTarget	4	calories_kcal	integer	NO	<none>	NO	NEVER
MacroTarget	5	protein_g	integer	NO	<none>	NO	NEVER
MacroTarget	6	carbs_g	integer	NO	<none>	NO	NEVER
MacroTarget	7	fats_g	integer	NO	<none>	NO	NEVER
MacroTarget	8	fiber_g	integer	YES	<none>	NO	NEVER
MacroTarget	9	notes	text	YES	<none>	NO	NEVER
MacroTarget	10	effective_from	timestamp without time zone	NO	CURRENT_TIMESTAMP	NO	NEVER
MacroTarget	11	created_at	timestamp without time zone	NO	CURRENT_TIMESTAMP	NO	NEVER
MacroTarget	12	archived_at	timestamp without time zone	YES	<none>	NO	NEVER
MarketplaceAbuseSignal	1	id	text	NO	<none>	NO	NEVER
MarketplaceAbuseSignal	2	surface	text	NO	<none>	NO	NEVER
MarketplaceAbuseSignal	3	ip_hash	text	NO	<none>	NO	NEVER
MarketplaceAbuseSignal	4	identity_hash	text	NO	<none>	NO	NEVER
MarketplaceAbuseSignal	5	device_hash	text	NO	<none>	NO	NEVER
MarketplaceAbuseSignal	6	reason	text	YES	<none>	NO	NEVER
MarketplaceAbuseSignal	7	created_at	timestamp without time zone	NO	CURRENT_TIMESTAMP	NO	NEVER
MarketplaceConnectEvent	1	stripe_event_id	text	NO	<none>	NO	NEVER
MarketplaceConnectEvent	2	type	text	NO	<none>	NO	NEVER
MarketplaceConnectEvent	3	stripe_account_id	text	NO	<none>	NO	NEVER
MarketplaceConnectEvent	4	coach_user_id	text	YES	<none>	NO	NEVER
MarketplaceConnectEvent	5	onboarding_completed	boolean	NO	false	NO	NEVER
MarketplaceConnectEvent	6	processed_at	timestamp without time zone	NO	CURRENT_TIMESTAMP	NO	NEVER
MarketplaceMutationIdempotency	1	id	text	NO	<none>	NO	NEVER
MarketplaceMutationIdempotency	2	user_id	text	NO	<none>	NO	NEVER
MarketplaceMutationIdempotency	3	route_key	text	NO	<none>	NO	NEVER
MarketplaceMutationIdempotency	4	idempotency_key	text	NO	<none>	NO	NEVER
MarketplaceMutationIdempotency	5	response	jsonb	YES	<none>	NO	NEVER
MarketplaceMutationIdempotency	6	status	text	NO	'completed'::text	NO	NEVER
MarketplaceMutationIdempotency	7	created_at	timestamp without time zone	NO	CURRENT_TIMESTAMP	NO	NEVER
MarketplaceMutationIdempotency	8	completed_at	timestamp without time zone	YES	<none>	NO	NEVER
MarketplaceMutationIdempotency	9	claim_nonce	text	YES	<none>	NO	NEVER
MealPlan	1	id	text	NO	<none>	NO	NEVER
MealPlan	2	coach_id	text	YES	<none>	NO	NEVER
MealPlan	3	client_id	text	YES	<none>	NO	NEVER
MealPlan	4	title	text	NO	<none>	NO	NEVER
MealPlan	5	notes	text	YES	<none>	NO	NEVER
MealPlan	6	items	jsonb	NO	<none>	NO	NEVER
MealPlan	7	created_at	timestamp without time zone	NO	CURRENT_TIMESTAMP	NO	NEVER
MealPlan	8	updated_at	timestamp without time zone	NO	<none>	NO	NEVER
MealPlan	9	archived_at	timestamp without time zone	YES	<none>	NO	NEVER
MealPlan	10	days	jsonb	YES	<none>	NO	NEVER
MealTemplate	1	id	text	NO	<none>	NO	NEVER
MealTemplate	2	coach_id	text	NO	<none>	NO	NEVER
MealTemplate	3	name	text	NO	<none>	NO	NEVER
MealTemplate	4	description	text	YES	<none>	NO	NEVER
MealTemplate	5	calories_kcal	integer	NO	<none>	NO	NEVER
MealTemplate	6	protein_g	integer	NO	<none>	NO	NEVER
MealTemplate	7	carbs_g	integer	NO	<none>	NO	NEVER
MealTemplate	8	fats_g	integer	NO	<none>	NO	NEVER
MealTemplate	9	fiber_g	integer	YES	<none>	NO	NEVER
MealTemplate	10	items	jsonb	YES	<none>	NO	NEVER
MealTemplate	11	created_at	timestamp without time zone	NO	CURRENT_TIMESTAMP	NO	NEVER
MealTemplate	12	archived_at	timestamp without time zone	YES	<none>	NO	NEVER
Message	1	id	text	NO	<none>	NO	NEVER
Message	2	sender_id	text	NO	<none>	NO	NEVER
Message	3	recipient_id	text	NO	<none>	NO	NEVER
Message	4	body	text	NO	<none>	NO	NEVER
Message	5	read	boolean	NO	false	NO	NEVER
Message	6	read_at	timestamp without time zone	YES	<none>	NO	NEVER
Message	7	created_at	timestamp without time zone	NO	CURRENT_TIMESTAMP	NO	NEVER
MessageDraft	1	id	text	NO	<none>	NO	NEVER
MessageDraft	2	coach_id	text	NO	<none>	NO	NEVER
MessageDraft	3	client_id	text	NO	<none>	NO	NEVER
MessageDraft	4	body	text	NO	<none>	NO	NEVER
MessageDraft	5	snippet_id	text	YES	<none>	NO	NEVER
MessageDraft	6	updated_at	timestamp without time zone	NO	<none>	NO	NEVER
MessageDraft	7	created_at	timestamp without time zone	NO	CURRENT_TIMESTAMP	NO	NEVER
MessageReport	1	id	text	NO	<none>	NO	NEVER
MessageReport	2	reporter_id	text	NO	<none>	NO	NEVER
MessageReport	3	message_id	text	NO	<none>	NO	NEVER
MessageReport	4	coach_id	text	YES	<none>	NO	NEVER
MessageReport	5	client_id	text	YES	<none>	NO	NEVER
MessageReport	6	reason	text	NO	<none>	NO	NEVER
MessageReport	7	details	text	YES	<none>	NO	NEVER
MessageReport	8	status	text	NO	'pending'::text	NO	NEVER
MessageReport	9	action	text	YES	<none>	NO	NEVER
MessageReport	10	reviewed_at	timestamp without time zone	YES	<none>	NO	NEVER
MessageReport	11	reviewed_by_admin_id	text	YES	<none>	NO	NEVER
MessageReport	12	created_at	timestamp without time zone	NO	CURRENT_TIMESTAMP	NO	NEVER
MuxProcessedEvent	1	mux_event_id	text	NO	<none>	NO	NEVER
MuxProcessedEvent	2	type	text	NO	<none>	NO	NEVER
MuxProcessedEvent	3	processed_at	timestamp without time zone	NO	CURRENT_TIMESTAMP	NO	NEVER
MuxProcessedEvent	4	handler_completed_at	timestamp without time zone	YES	<none>	NO	NEVER
Notification	1	id	text	NO	(gen_random_uuid())::text	NO	NEVER
Notification	2	user_id	text	NO	<none>	NO	NEVER
Notification	3	kind	text	NO	<none>	NO	NEVER
Notification	4	payload	jsonb	YES	<none>	NO	NEVER
Notification	5	body	text	NO	<none>	NO	NEVER
Notification	6	deep_link	text	YES	<none>	NO	NEVER
Notification	7	channel	text	NO	'inapp'::text	NO	NEVER
Notification	8	read_at	timestamp without time zone	YES	<none>	NO	NEVER
Notification	9	created_at	timestamp without time zone	NO	now()	NO	NEVER
Notification	10	ai_draft_id	text	YES	<none>	NO	NEVER
NotificationDeliveryLog	1	id	text	NO	<none>	NO	NEVER
NotificationDeliveryLog	2	user_id	text	NO	<none>	NO	NEVER
NotificationDeliveryLog	3	session_id	text	NO	<none>	NO	NEVER
NotificationDeliveryLog	4	kind	text	NO	<none>	NO	NEVER
NotificationDeliveryLog	5	created_at	timestamp without time zone	NO	CURRENT_TIMESTAMP	NO	NEVER
NotificationDigestLog	1	id	text	NO	(gen_random_uuid())::text	NO	NEVER
NotificationDigestLog	2	user_id	text	NO	<none>	NO	NEVER
NotificationDigestLog	3	digest_kind	text	NO	<none>	NO	NEVER
NotificationDigestLog	4	window_date	text	NO	<none>	NO	NEVER
NotificationDigestLog	5	status	text	NO	'sending'::text	NO	NEVER
NotificationDigestLog	6	sent_at	timestamp without time zone	YES	<none>	NO	NEVER
NotificationDigestLog	7	error	text	YES	<none>	NO	NEVER
NotificationDigestLog	8	created_at	timestamp without time zone	NO	now()	NO	NEVER
NotificationPreferences	1	id	text	NO	<none>	NO	NEVER
NotificationPreferences	2	user_id	text	NO	<none>	NO	NEVER
NotificationPreferences	3	water_enabled	boolean	NO	true	NO	NEVER
NotificationPreferences	4	workout_enabled	boolean	NO	true	NO	NEVER
NotificationPreferences	5	eat_enabled	boolean	NO	true	NO	NEVER
NotificationPreferences	6	mindset_enabled	boolean	NO	true	NO	NEVER
NotificationPreferences	7	fasting_enabled	boolean	NO	true	NO	NEVER
NotificationPreferences	8	quiet_hours_start	text	NO	'22:00'::text	NO	NEVER
NotificationPreferences	9	quiet_hours_end	text	NO	'06:00'::text	NO	NEVER
NotificationPreferences	10	timezone	text	NO	'America/Los_Angeles'::text	NO	NEVER
NotificationPreferences	11	muted	boolean	NO	false	NO	NEVER
NotificationPreferences	12	milestone_email	boolean	NO	true	NO	NEVER
NotificationPreferences	13	milestone_push	boolean	NO	true	NO	NEVER
NotificationPreferences	14	milestone_inapp	boolean	NO	true	NO	NEVER
NotificationPreferences	15	message_email	boolean	NO	false	NO	NEVER
NotificationPreferences	16	message_push	boolean	NO	true	NO	NEVER
NotificationPreferences	17	message_inapp	boolean	NO	true	NO	NEVER
NotificationPreferences	18	missed_checkin_email	boolean	NO	false	NO	NEVER
NotificationPreferences	19	missed_checkin_push	boolean	NO	true	NO	NEVER
NotificationPreferences	20	missed_checkin_inapp	boolean	NO	true	NO	NEVER
NotificationPreferences	21	weight_trend_email	boolean	NO	false	NO	NEVER
NotificationPreferences	22	weight_trend_push	boolean	NO	true	NO	NEVER
NotificationPreferences	23	weight_trend_inapp	boolean	NO	true	NO	NEVER
NotificationPreferences	24	checkin_submitted_email	boolean	NO	false	NO	NEVER
NotificationPreferences	25	checkin_submitted_push	boolean	NO	false	NO	NEVER
NotificationPreferences	26	checkin_submitted_inapp	boolean	NO	true	NO	NEVER
NotificationPreferences	27	build_week_email	boolean	NO	true	NO	NEVER
NotificationPreferences	28	build_week_push	boolean	NO	true	NO	NEVER
NotificationPreferences	29	build_week_inapp	boolean	NO	true	NO	NEVER
NotificationPreferences	30	coach_alert_email	boolean	NO	false	NO	NEVER
NotificationPreferences	31	coach_alert_push	boolean	NO	true	NO	NEVER
NotificationPreferences	32	coach_alert_inapp	boolean	NO	true	NO	NEVER
NotificationPreferences	33	digest_email	boolean	NO	true	NO	NEVER
NotificationPreferences	34	digest_push	boolean	NO	false	NO	NEVER
NotificationPreferences	35	digest_inapp	boolean	NO	false	NO	NEVER
NotificationPreferences	36	booking_email	boolean	NO	false	NO	NEVER
NotificationPreferences	37	booking_push	boolean	NO	true	NO	NEVER
NotificationPreferences	38	booking_inapp	boolean	NO	true	NO	NEVER
NotificationPreferences	40	nudge_missed_checkin_email	boolean	NO	false	NO	NEVER
NotificationPreferences	41	nudge_missed_checkin_push	boolean	NO	true	NO	NEVER
NotificationPreferences	42	nudge_missed_checkin_inapp	boolean	NO	true	NO	NEVER
NotificationPreferences	43	nudge_practice_paused_email	boolean	NO	false	NO	NEVER
NotificationPreferences	44	nudge_practice_paused_push	boolean	NO	true	NO	NEVER
NotificationPreferences	45	nudge_practice_paused_inapp	boolean	NO	true	NO	NEVER
NotificationPreferences	46	nudge_onboarding_abandoned_email	boolean	NO	true	NO	NEVER
NotificationPreferences	47	nudge_onboarding_abandoned_push	boolean	NO	true	NO	NEVER
NotificationPreferences	48	nudge_onboarding_abandoned_inapp	boolean	NO	true	NO	NEVER
NotificationPreferences	49	nudge_inactive_email	boolean	NO	true	NO	NEVER
NotificationPreferences	50	nudge_inactive_push	boolean	NO	true	NO	NEVER
NotificationPreferences	51	nudge_inactive_inapp	boolean	NO	true	NO	NEVER
NotificationPreferences	52	drip_released_email	boolean	NO	false	NO	NEVER
NotificationPreferences	53	drip_released_push	boolean	NO	true	NO	NEVER
NotificationPreferences	54	drip_released_inapp	boolean	NO	true	NO	NEVER
NotificationPreferences	55	coach_new_purchase_email	boolean	NO	false	NO	NEVER
NotificationPreferences	56	coach_new_purchase_push	boolean	NO	true	NO	NEVER
NotificationPreferences	57	coach_new_purchase_inapp	boolean	NO	true	NO	NEVER
NudgeLog	1	id	text	NO	<none>	NO	NEVER
NudgeLog	2	user_id	text	NO	<none>	NO	NEVER
NudgeLog	3	trigger_type	text	NO	<none>	NO	NEVER
NudgeLog	4	signal_key	text	NO	<none>	NO	NEVER
NudgeLog	5	status	text	NO	<none>	NO	NEVER
NudgeLog	6	channels	ARRAY	NO	ARRAY[]::text[]	NO	NEVER
NudgeLog	7	attempted_at	timestamp without time zone	NO	CURRENT_TIMESTAMP	NO	NEVER
NudgeLog	8	sent_at	timestamp without time zone	YES	<none>	NO	NEVER
NudgeLog	9	deferred_until	timestamp without time zone	YES	<none>	NO	NEVER
NudgeLog	10	cap_bucket	timestamp without time zone	YES	<none>	NO	NEVER
NudgeLog	11	created_at	timestamp without time zone	NO	CURRENT_TIMESTAMP	NO	NEVER
PartialRefundDecision	1	id	text	NO	<none>	NO	NEVER
PartialRefundDecision	2	client_purchase_id	text	NO	<none>	NO	NEVER
PartialRefundDecision	3	stripe_refund_id	text	NO	<none>	NO	NEVER
PartialRefundDecision	4	decision	text	NO	'pending'::text	NO	NEVER
PartialRefundDecision	5	decided_at	timestamp without time zone	YES	<none>	NO	NEVER
PartialRefundDecision	6	decided_by_coach_user_id	text	YES	<none>	NO	NEVER
PartialRefundDecision	7	created_at	timestamp without time zone	NO	CURRENT_TIMESTAMP	NO	NEVER
PaymentFailure	1	id	text	NO	<none>	NO	NEVER
PaymentFailure	2	coach_id	text	NO	<none>	NO	NEVER
PaymentFailure	3	stripe_invoice_id	text	YES	<none>	NO	NEVER
PaymentFailure	4	stripe_event_id	text	YES	<none>	NO	NEVER
PaymentFailure	5	amount_due_cents	integer	NO	0	NO	NEVER
PaymentFailure	6	reason	text	YES	<none>	NO	NEVER
PaymentFailure	7	occurred_at	timestamp without time zone	NO	CURRENT_TIMESTAMP	NO	NEVER
PaymentRecoveryToken	1	id	text	NO	<none>	NO	NEVER
PaymentRecoveryToken	2	dunning_attempt_id	text	NO	<none>	NO	NEVER
PaymentRecoveryToken	3	jwt_jti	text	NO	<none>	NO	NEVER
PaymentRecoveryToken	4	expires_at	timestamp without time zone	NO	<none>	NO	NEVER
PaymentRecoveryToken	5	used_at	timestamp without time zone	YES	<none>	NO	NEVER
PaymentRecoveryToken	6	ip	text	YES	<none>	NO	NEVER
PaymentRecoveryToken	7	ua	text	YES	<none>	NO	NEVER
PaymentRecoveryToken	8	created_at	timestamp without time zone	NO	CURRENT_TIMESTAMP	NO	NEVER
PaymentReminder	1	id	text	NO	<none>	NO	NEVER
PaymentReminder	2	purchase_id	text	NO	<none>	NO	NEVER
PaymentReminder	3	kind	text	NO	<none>	NO	NEVER
PaymentReminder	4	channel	text	NO	<none>	NO	NEVER
PaymentReminder	5	recipient_user_id	text	NO	<none>	NO	NEVER
PaymentReminder	6	status	text	NO	'queued'::text	NO	NEVER
PaymentReminder	7	sent_at	timestamp without time zone	YES	<none>	NO	NEVER
PaymentReminder	8	failure_reason	text	YES	<none>	NO	NEVER
PaymentReminder	9	window_key	text	NO	<none>	NO	NEVER
PaymentReminder	10	created_at	timestamp without time zone	NO	CURRENT_TIMESTAMP	NO	NEVER
PayoutMethod	1	id	text	NO	<none>	NO	NEVER
PayoutMethod	2	coach_id	text	NO	<none>	NO	NEVER
PayoutMethod	3	kind	USER-DEFINED	NO	<none>	NO	NEVER
PayoutMethod	4	stripe_external_account_id	text	YES	<none>	NO	NEVER
PayoutMethod	5	last4	text	YES	<none>	NO	NEVER
PayoutMethod	6	bank_name	text	YES	<none>	NO	NEVER
PayoutMethod	7	status	USER-DEFINED	NO	'PENDING_VERIFICATION'::"PayoutMethodStatus"	NO	NEVER
PayoutMethod	8	default	boolean	NO	false	NO	NEVER
PayoutMethod	9	created_at	timestamp without time zone	NO	CURRENT_TIMESTAMP	NO	NEVER
PayoutSnapshot	1	id	text	NO	<none>	NO	NEVER
PayoutSnapshot	2	coach_user_id	text	NO	<none>	NO	NEVER
PayoutSnapshot	3	stripe_account_id	text	NO	<none>	NO	NEVER
PayoutSnapshot	4	readiness_status	text	NO	'needs_action'::text	NO	NEVER
PayoutSnapshot	5	charges_enabled	boolean	NO	false	NO	NEVER
PayoutSnapshot	6	payouts_enabled	boolean	NO	false	NO	NEVER
PayoutSnapshot	7	details_submitted	boolean	NO	false	NO	NEVER
PayoutSnapshot	8	requirements_due	jsonb	YES	<none>	NO	NEVER
PayoutSnapshot	9	disabled_reason	text	YES	<none>	NO	NEVER
PayoutSnapshot	10	available_cents	integer	NO	0	NO	NEVER
PayoutSnapshot	11	pending_cents	integer	NO	0	NO	NEVER
PayoutSnapshot	12	in_transit_cents	integer	NO	0	NO	NEVER
PayoutSnapshot	13	reserved_cents	integer	NO	0	NO	NEVER
PayoutSnapshot	14	currency	text	NO	'usd'::text	NO	NEVER
PayoutSnapshot	15	raw_balance	jsonb	YES	<none>	NO	NEVER
PayoutSnapshot	16	last_payout_stripe_id	text	YES	<none>	NO	NEVER
PayoutSnapshot	17	last_payout_amount_cents	integer	YES	<none>	NO	NEVER
PayoutSnapshot	18	last_payout_status	text	YES	<none>	NO	NEVER
PayoutSnapshot	19	last_payout_arrival_at	timestamp without time zone	YES	<none>	NO	NEVER
PayoutSnapshot	20	last_payout_failure_message	text	YES	<none>	NO	NEVER
PayoutSnapshot	21	next_payout_at	timestamp without time zone	YES	<none>	NO	NEVER
PayoutSnapshot	22	refreshed_at	timestamp without time zone	NO	CURRENT_TIMESTAMP	NO	NEVER
PayoutSnapshot	23	stale_after	timestamp without time zone	YES	<none>	NO	NEVER
PayoutSnapshot	24	created_at	timestamp without time zone	NO	CURRENT_TIMESTAMP	NO	NEVER
PayoutSnapshot	25	updated_at	timestamp without time zone	NO	<none>	NO	NEVER
Person	1	id	text	NO	<none>	NO	NEVER
Person	2	coach_id	text	NO	<none>	NO	NEVER
Person	3	source_platform	text	NO	<none>	NO	NEVER
Person	4	source_person_id	text	NO	<none>	NO	NEVER
Person	5	display_name	text	YES	<none>	NO	NEVER
Person	6	state	USER-DEFINED	NO	'InvitePending'::"PersonState"	NO	NEVER
Person	7	created_at	timestamp without time zone	NO	CURRENT_TIMESTAMP	NO	NEVER
Person	8	updated_at	timestamp without time zone	NO	CURRENT_TIMESTAMP	NO	NEVER
PtmPrediction	1	id	text	NO	<none>	NO	NEVER
PtmPrediction	2	user_id	text	NO	<none>	NO	NEVER
PtmPrediction	3	risk_score	double precision	NO	<none>	NO	NEVER
PtmPrediction	4	success_score	double precision	NO	<none>	NO	NEVER
PtmPrediction	5	prediction_basis	USER-DEFINED	NO	<none>	NO	NEVER
PtmPrediction	6	factors	jsonb	YES	<none>	NO	NEVER
PtmPrediction	7	computed_at	timestamp without time zone	NO	CURRENT_TIMESTAMP	NO	NEVER
PurchaseFanout	1	id	text	NO	<none>	NO	NEVER
PurchaseFanout	2	purchase_id	text	NO	<none>	NO	NEVER
PurchaseFanout	3	state	text	NO	'pending'::text	NO	NEVER
PurchaseFanout	4	entrypoint	text	NO	<none>	NO	NEVER
PurchaseFanout	5	started_at	timestamp without time zone	YES	<none>	NO	NEVER
PurchaseFanout	6	finished_at	timestamp without time zone	YES	<none>	NO	NEVER
PurchaseFanout	7	retry_count	integer	NO	0	NO	NEVER
PurchaseFanout	8	last_error	text	YES	<none>	NO	NEVER
PurchaseFanout	9	created_at	timestamp without time zone	NO	CURRENT_TIMESTAMP	NO	NEVER
ReconciliationSnapshot	1	id	text	NO	<none>	NO	NEVER
ReconciliationSnapshot	2	purchase_id	text	NO	<none>	NO	NEVER
ReconciliationSnapshot	3	status	text	NO	'ok'::text	NO	NEVER
ReconciliationSnapshot	4	drift_cents	integer	YES	<none>	NO	NEVER
ReconciliationSnapshot	5	stripe_amount_cents	integer	YES	<none>	NO	NEVER
ReconciliationSnapshot	6	stripe_refunded_cents	integer	YES	<none>	NO	NEVER
ReconciliationSnapshot	7	stripe_application_fee_cents	integer	YES	<none>	NO	NEVER
ReconciliationSnapshot	8	stripe_transfers_cents	integer	YES	<none>	NO	NEVER
ReconciliationSnapshot	9	ledger_destination_cents	integer	YES	<none>	NO	NEVER
ReconciliationSnapshot	10	ledger_application_fee_cents	integer	YES	<none>	NO	NEVER
ReconciliationSnapshot	11	ledger_head_coach_cents	integer	YES	<none>	NO	NEVER
ReconciliationSnapshot	12	ledger_reversed_cents	integer	YES	<none>	NO	NEVER
ReconciliationSnapshot	13	notes	text	YES	<none>	NO	NEVER
ReconciliationSnapshot	14	last_checked_at	timestamp without time zone	NO	CURRENT_TIMESTAMP	NO	NEVER
ReconciliationSnapshot	15	created_at	timestamp without time zone	NO	CURRENT_TIMESTAMP	NO	NEVER
ReconciliationSnapshot	16	updated_at	timestamp without time zone	NO	<none>	NO	NEVER
RomanMessage	1	id	text	NO	<none>	NO	NEVER
RomanMessage	2	session_id	text	NO	<none>	NO	NEVER
RomanMessage	3	user_id	text	NO	<none>	NO	NEVER
RomanMessage	4	role	USER-DEFINED	NO	<none>	NO	NEVER
RomanMessage	5	content	text	NO	<none>	NO	NEVER
RomanMessage	6	prompt_tokens	integer	YES	<none>	NO	NEVER
RomanMessage	7	completion_tokens	integer	YES	<none>	NO	NEVER
RomanMessage	8	model_id	text	YES	<none>	NO	NEVER
RomanMessage	9	interrupted	boolean	NO	false	NO	NEVER
RomanMessage	10	parent_message_id	text	YES	<none>	NO	NEVER
RomanMessage	11	created_at	timestamp without time zone	NO	CURRENT_TIMESTAMP	NO	NEVER
RomanSession	1	id	text	NO	<none>	NO	NEVER
RomanSession	2	user_id	text	NO	<none>	NO	NEVER
RomanSession	3	surface	USER-DEFINED	NO	<none>	NO	NEVER
RomanSession	4	day_key	text	NO	<none>	NO	NEVER
RomanSession	5	message_count	integer	NO	0	NO	NEVER
RomanSession	6	started_at	timestamp without time zone	NO	CURRENT_TIMESTAMP	NO	NEVER
RomanSession	7	last_activity_at	timestamp without time zone	NO	CURRENT_TIMESTAMP	NO	NEVER
RomanSession	8	quips_in_session	integer	NO	0	NO	NEVER
RomanSession	9	exclamation_used	boolean	NO	false	NO	NEVER
RomanSession	10	subject_context_json	jsonb	YES	<none>	NO	NEVER
RomanSession	11	created_at	timestamp without time zone	NO	CURRENT_TIMESTAMP	NO	NEVER
RomanSession	12	updated_at	timestamp without time zone	NO	<none>	NO	NEVER
RomanSession	13	deleted_at	timestamp without time zone	YES	<none>	NO	NEVER
RoutineExercise	1	id	text	NO	<none>	NO	NEVER
RoutineExercise	2	routine_id	text	NO	<none>	NO	NEVER
RoutineExercise	3	exercise_name	text	NO	<none>	NO	NEVER
RoutineExercise	4	muscle_group	USER-DEFINED	NO	<none>	NO	NEVER
RoutineExercise	5	default_sets	integer	NO	<none>	NO	NEVER
RoutineExercise	6	default_reps	integer	NO	<none>	NO	NEVER
RoutineExercise	7	default_rest_seconds	integer	NO	90	NO	NEVER
RoutineExercise	8	video_url	text	YES	<none>	NO	NEVER
RoutineExercise	9	order_index	integer	NO	<none>	NO	NEVER
ScheduledDrop	1	id	text	NO	<none>	NO	NEVER
ScheduledDrop	2	client_purchase_id	text	NO	<none>	NO	NEVER
ScheduledDrop	3	content_id	text	NO	<none>	NO	NEVER
ScheduledDrop	4	asset_type	text	NO	<none>	NO	NEVER
ScheduledDrop	5	asset_id	text	NO	<none>	NO	NEVER
ScheduledDrop	6	asset_revision_id	text	YES	<none>	NO	NEVER
ScheduledDrop	7	cadence_kind	text	NO	<none>	NO	NEVER
ScheduledDrop	8	cadence_payload	jsonb	NO	<none>	NO	NEVER
ScheduledDrop	9	display_title	text	YES	<none>	NO	NEVER
ScheduledDrop	10	display_caption	text	YES	<none>	NO	NEVER
ScheduledDrop	11	fire_at	timestamp without time zone	YES	<none>	NO	NEVER
ScheduledDrop	12	fired_at	timestamp without time zone	YES	<none>	NO	NEVER
ScheduledDrop	13	status	text	NO	'pending'::text	NO	NEVER
ScheduledDrop	14	attempt_count	integer	NO	0	NO	NEVER
ScheduledDrop	15	materialised_ref	text	YES	<none>	NO	NEVER
ScheduledDrop	16	failure_reason	text	YES	<none>	NO	NEVER
ScheduledDrop	17	created_at	timestamp without time zone	NO	CURRENT_TIMESTAMP	NO	NEVER
ScheduledDrop	18	updated_at	timestamp without time zone	NO	<none>	NO	NEVER
ScheduledDrop	19	locked_at	timestamp without time zone	YES	<none>	NO	NEVER
ScheduledDrop	20	next_retry_at	timestamp without time zone	YES	<none>	NO	NEVER
ScheduledDrop	21	alert_dispatched_at	timestamp without time zone	YES	<none>	NO	NEVER
ScheduledDrop	22	push_seq	integer	NO	0	NO	NEVER
ScoutImport	1	id	text	NO	<none>	NO	NEVER
ScoutImport	2	coach_id	text	NO	<none>	NO	NEVER
ScoutImport	3	intent_id	text	NO	<none>	NO	NEVER
ScoutImport	4	state	text	NO	'in_progress'::text	NO	NEVER
ScoutImport	5	terminal_status	text	YES	<none>	NO	NEVER
ScoutImport	6	started_at	timestamp without time zone	NO	CURRENT_TIMESTAMP	NO	NEVER
ScoutImport	7	completed_at	timestamp without time zone	YES	<none>	NO	NEVER
ScoutImportCompletion	1	id	text	NO	<none>	NO	NEVER
ScoutImportCompletion	2	coach_id	text	NO	<none>	NO	NEVER
ScoutImportCompletion	3	intent_id	text	NO	<none>	NO	NEVER
ScoutImportCompletion	4	terminal_status	text	NO	<none>	NO	NEVER
ScoutImportCompletion	5	final_counts	jsonb	YES	<none>	NO	NEVER
ScoutImportCompletion	6	error_summary	text	YES	<none>	NO	NEVER
ScoutImportCompletion	7	completed_at	timestamp without time zone	NO	CURRENT_TIMESTAMP	NO	NEVER
ScoutIngestEntity	1	id	text	NO	<none>	NO	NEVER
ScoutIngestEntity	2	coach_id	text	NO	<none>	NO	NEVER
ScoutIngestEntity	3	intent_id	text	NO	<none>	NO	NEVER
ScoutIngestEntity	4	entity_type	text	NO	<none>	NO	NEVER
ScoutIngestEntity	5	source_id	text	NO	<none>	NO	NEVER
ScoutIngestEntity	6	source_platform	text	NO	<none>	NO	NEVER
ScoutIngestEntity	7	captured_at	timestamp without time zone	YES	<none>	NO	NEVER
ScoutIngestEntity	8	payload	jsonb	NO	<none>	NO	NEVER
ScoutIngestEntity	9	created_at	timestamp without time zone	NO	CURRENT_TIMESTAMP	NO	NEVER
ScoutProgressSnapshot	1	id	text	NO	<none>	NO	NEVER
ScoutProgressSnapshot	2	coach_id	text	NO	<none>	NO	NEVER
ScoutProgressSnapshot	3	intent_id	text	NO	<none>	NO	NEVER
ScoutProgressSnapshot	4	device_id	text	NO	<none>	NO	NEVER
ScoutProgressSnapshot	5	snapshot	jsonb	NO	<none>	NO	NEVER
ScoutProgressSnapshot	6	last_error	text	YES	<none>	NO	NEVER
ScoutProgressSnapshot	7	updated_at	timestamp without time zone	NO	CURRENT_TIMESTAMP	NO	NEVER
ScoutReconstructedEntity	1	id	text	NO	<none>	NO	NEVER
ScoutReconstructedEntity	2	coach_id	text	NO	<none>	NO	NEVER
ScoutReconstructedEntity	3	source_platform	text	NO	<none>	NO	NEVER
ScoutReconstructedEntity	4	entity_type	text	NO	<none>	NO	NEVER
ScoutReconstructedEntity	5	source_id	text	NO	<none>	NO	NEVER
ScoutReconstructedEntity	6	client_source_id	text	YES	<none>	NO	NEVER
ScoutReconstructedEntity	7	label	text	YES	<none>	NO	NEVER
ScoutReconstructedEntity	8	created_at	timestamp without time zone	NO	CURRENT_TIMESTAMP	NO	NEVER
ScoutReconstructedEntity	9	updated_at	timestamp without time zone	NO	CURRENT_TIMESTAMP	NO	NEVER
ScoutReconstructionLedger	1	id	text	NO	<none>	NO	NEVER
ScoutReconstructionLedger	2	coach_id	text	NO	<none>	NO	NEVER
ScoutReconstructionLedger	3	intent_id	text	NO	<none>	NO	NEVER
ScoutReconstructionLedger	4	entity_type	text	NO	<none>	NO	NEVER
ScoutReconstructionLedger	5	source_id	text	NO	<none>	NO	NEVER
ScoutReconstructionLedger	6	status	text	NO	<none>	NO	NEVER
ScoutReconstructionLedger	7	target_id	text	YES	<none>	NO	NEVER
ScoutReconstructionLedger	8	reason	text	YES	<none>	NO	NEVER
ScoutReconstructionLedger	9	created_at	timestamp without time zone	NO	CURRENT_TIMESTAMP	NO	NEVER
ScoutReconstructionLedger	10	source_platform	text	NO	<none>	NO	NEVER
ScoutReconstructionLedger	11	target_kind	text	YES	<none>	NO	NEVER
SessionParticipant	1	id	text	NO	<none>	NO	NEVER
SessionParticipant	2	session_id	text	NO	<none>	NO	NEVER
SessionParticipant	3	user_id	text	NO	<none>	NO	NEVER
SessionParticipant	4	role	USER-DEFINED	NO	<none>	NO	NEVER
SessionParticipant	5	created_at	timestamp without time zone	NO	CURRENT_TIMESTAMP	NO	NEVER
SessionType	1	id	text	NO	<none>	NO	NEVER
SessionType	2	coach_id	text	NO	<none>	NO	NEVER
SessionType	3	name	text	NO	<none>	NO	NEVER
SessionType	4	description	text	YES	<none>	NO	NEVER
SessionType	5	duration_minutes	integer	NO	30	NO	NEVER
SessionType	6	auto_approve	boolean	NO	false	NO	NEVER
SessionType	7	default_video_provider	USER-DEFINED	NO	'stub'::"VideoProvider"	NO	NEVER
SessionType	8	archived_at	timestamp without time zone	YES	<none>	NO	NEVER
SessionType	9	created_at	timestamp without time zone	NO	CURRENT_TIMESTAMP	NO	NEVER
SessionType	10	updated_at	timestamp without time zone	NO	CURRENT_TIMESTAMP	NO	NEVER
SplitLedgerEntry	1	id	text	NO	<none>	NO	NEVER
SplitLedgerEntry	2	purchase_id	text	NO	<none>	NO	NEVER
SplitLedgerEntry	3	kind	text	NO	<none>	NO	NEVER
SplitLedgerEntry	4	payee_user_id	text	YES	<none>	NO	NEVER
SplitLedgerEntry	5	payee_stripe_account_id	text	YES	<none>	NO	NEVER
SplitLedgerEntry	6	amount_cents	integer	NO	<none>	NO	NEVER
SplitLedgerEntry	7	currency	text	NO	'usd'::text	NO	NEVER
SplitLedgerEntry	8	status	text	NO	'pending'::text	NO	NEVER
SplitLedgerEntry	9	stripe_charge_id	text	YES	<none>	NO	NEVER
SplitLedgerEntry	10	stripe_application_fee_id	text	YES	<none>	NO	NEVER
SplitLedgerEntry	11	stripe_transfer_id	text	YES	<none>	NO	NEVER
SplitLedgerEntry	12	reversed_cents	integer	NO	0	NO	NEVER
SplitLedgerEntry	13	idempotency_key	text	YES	<none>	NO	NEVER
SplitLedgerEntry	14	last_error	text	YES	<none>	NO	NEVER
SplitLedgerEntry	15	posted_at	timestamp without time zone	YES	<none>	NO	NEVER
SplitLedgerEntry	16	reversed_at	timestamp without time zone	YES	<none>	NO	NEVER
SplitLedgerEntry	17	created_at	timestamp without time zone	NO	CURRENT_TIMESTAMP	NO	NEVER
SplitLedgerEntry	18	updated_at	timestamp without time zone	NO	<none>	NO	NEVER
StripeProcessedEvent	1	stripe_event_id	text	NO	<none>	NO	NEVER
StripeProcessedEvent	2	type	text	NO	<none>	NO	NEVER
StripeProcessedEvent	3	processed_at	timestamp without time zone	NO	CURRENT_TIMESTAMP	NO	NEVER
StripeProcessedEvent	4	handler_completed_at	timestamp without time zone	YES	<none>	NO	NEVER
SubCoachAssignment	1	id	text	NO	<none>	NO	NEVER
SubCoachAssignment	2	head_coach_id	text	NO	<none>	NO	NEVER
SubCoachAssignment	3	sub_coach_id	text	NO	<none>	NO	NEVER
SubCoachAssignment	4	client_id	text	NO	<none>	NO	NEVER
SubCoachAssignment	5	assigned_at	timestamp without time zone	NO	CURRENT_TIMESTAMP	NO	NEVER
SubCoachAssignment	6	unassigned_at	timestamp without time zone	YES	<none>	NO	NEVER
SubCoachAssignment	7	assigned_by_id	text	YES	<none>	NO	NEVER
SubCoachAssignment	8	reason	text	YES	<none>	NO	NEVER
SubCoachInvite	1	id	text	NO	<none>	NO	NEVER
SubCoachInvite	2	head_coach_id	text	NO	<none>	NO	NEVER
SubCoachInvite	3	email	text	NO	<none>	NO	NEVER
SubCoachInvite	4	name	text	YES	<none>	NO	NEVER
SubCoachInvite	5	max_clients	integer	YES	<none>	NO	NEVER
SubCoachInvite	6	token	text	YES	<none>	NO	NEVER
SubCoachInvite	7	expires_at	timestamp without time zone	NO	<none>	NO	NEVER
SubCoachInvite	8	accepted_at	timestamp without time zone	YES	<none>	NO	NEVER
SubCoachInvite	9	accepted_by_user_id	text	YES	<none>	NO	NEVER
SubCoachInvite	10	revoked_at	timestamp without time zone	YES	<none>	NO	NEVER
SubCoachInvite	11	revoked_by_user_id	text	YES	<none>	NO	NEVER
SubCoachInvite	12	created_at	timestamp without time zone	NO	CURRENT_TIMESTAMP	NO	NEVER
SubCoachInvite	13	updated_at	timestamp without time zone	NO	<none>	NO	NEVER
SubCoachInvite	14	token_hash	text	YES	<none>	NO	NEVER
SubCoachMutationIdempotency	1	id	text	NO	<none>	NO	NEVER
SubCoachMutationIdempotency	2	actor_id	text	NO	<none>	NO	NEVER
SubCoachMutationIdempotency	3	idempotency_key	text	NO	<none>	NO	NEVER
SubCoachMutationIdempotency	4	action	text	NO	<none>	NO	NEVER
SubCoachMutationIdempotency	5	request_hash	text	YES	<none>	NO	NEVER
SubCoachMutationIdempotency	6	response	jsonb	NO	<none>	NO	NEVER
SubCoachMutationIdempotency	7	created_at	timestamp without time zone	NO	CURRENT_TIMESTAMP	NO	NEVER
SubCoachMutationIdempotency	8	status	text	NO	'completed'::text	NO	NEVER
SubCoachMutationIdempotency	9	updated_at	timestamp without time zone	NO	CURRENT_TIMESTAMP	NO	NEVER
TeamAuditEvent	1	id	text	NO	<none>	NO	NEVER
TeamAuditEvent	2	head_coach_id	text	NO	<none>	NO	NEVER
TeamAuditEvent	3	actor_user_id	text	NO	<none>	NO	NEVER
TeamAuditEvent	4	target_client_id	text	YES	<none>	NO	NEVER
TeamAuditEvent	5	event_kind	USER-DEFINED	NO	<none>	NO	NEVER
TeamAuditEvent	6	summary	text	NO	<none>	NO	NEVER
TeamAuditEvent	7	metadata	jsonb	YES	<none>	NO	NEVER
TeamAuditEvent	8	occurred_at	timestamp without time zone	NO	CURRENT_TIMESTAMP	NO	NEVER
TeamProfile	1	id	text	NO	<none>	NO	NEVER
TeamProfile	2	head_coach_id	text	NO	<none>	NO	NEVER
TeamProfile	3	business_name	text	NO	<none>	NO	NEVER
TeamProfile	4	team_code	text	NO	<none>	NO	NEVER
TeamProfile	5	client_capacity	integer	NO	0	NO	NEVER
TeamProfile	6	clients_assigned	integer	NO	0	NO	NEVER
TeamProfile	7	payouts_enabled	boolean	NO	false	NO	NEVER
TeamProfile	8	created_at	timestamp without time zone	NO	CURRENT_TIMESTAMP	NO	NEVER
TeamProfile	9	updated_at	timestamp without time zone	NO	<none>	NO	NEVER
TeamSubCoachAssignment	1	id	text	NO	<none>	NO	NEVER
TeamSubCoachAssignment	2	head_coach_id	text	NO	<none>	NO	NEVER
TeamSubCoachAssignment	3	sub_coach_id	text	NO	<none>	NO	NEVER
TeamSubCoachAssignment	4	stripe_subscription_item_id	text	YES	<none>	NO	NEVER
TeamSubCoachAssignment	5	created_at	timestamp without time zone	NO	CURRENT_TIMESTAMP	NO	NEVER
TeamSubCoachAssignment	6	archived_at	timestamp without time zone	YES	<none>	NO	NEVER
User	1	id	text	NO	<none>	NO	NEVER
User	2	supabase_id	text	NO	<none>	NO	NEVER
User	3	email	text	NO	<none>	NO	NEVER
User	4	name	text	NO	<none>	NO	NEVER
User	5	phone	text	YES	<none>	NO	NEVER
User	6	role	USER-DEFINED	NO	'student'::"Role"	NO	NEVER
User	7	coach_id	text	YES	<none>	NO	NEVER
User	8	created_at	timestamp without time zone	NO	CURRENT_TIMESTAMP	NO	NEVER
User	9	deletion_scheduled_at	timestamp without time zone	YES	<none>	NO	NEVER
User	10	deleted_at	timestamp without time zone	YES	<none>	NO	NEVER
User	11	first_win_completed_at	timestamp without time zone	YES	<none>	NO	NEVER
User	12	show_on_leaderboard	boolean	NO	false	NO	NEVER
User	13	leaderboard_display_name	text	YES	<none>	NO	NEVER
User	14	deletion_requested_at	timestamp without time zone	YES	<none>	NO	NEVER
User	15	deletion_confirmed_at	timestamp without time zone	YES	<none>	NO	NEVER
User	16	deletion_token_hash	text	YES	<none>	NO	NEVER
User	17	deletion_token_expires_at	timestamp without time zone	YES	<none>	NO	NEVER
User	18	coach_practice_type	USER-DEFINED	YES	<none>	NO	NEVER
User	19	expo_push_token	text	YES	<none>	NO	NEVER
User	20	default_payout_method_id	text	YES	<none>	NO	NEVER
User	21	signup_ref	text	YES	<none>	NO	NEVER
UserAIQuota	1	id	text	NO	<none>	NO	NEVER
UserAIQuota	2	user_id	text	NO	<none>	NO	NEVER
UserAIQuota	3	quota_date	date	NO	<none>	NO	NEVER
UserAIQuota	4	tokens_used	integer	NO	0	NO	NEVER
UserAIQuota	5	request_count	integer	NO	0	NO	NEVER
UserAIQuota	6	created_at	timestamp without time zone	NO	CURRENT_TIMESTAMP	NO	NEVER
UserAIQuota	7	updated_at	timestamp without time zone	NO	<none>	NO	NEVER
UserBlock	1	id	text	NO	<none>	NO	NEVER
UserBlock	2	blocker_id	text	NO	<none>	NO	NEVER
UserBlock	3	blocked_id	text	NO	<none>	NO	NEVER
UserBlock	4	created_at	timestamp without time zone	NO	CURRENT_TIMESTAMP	NO	NEVER
UserProfile	1	id	text	NO	<none>	NO	NEVER
UserProfile	2	user_id	text	NO	<none>	NO	NEVER
UserProfile	3	height_cm	double precision	YES	<none>	NO	NEVER
UserProfile	4	current_weight_lbs	double precision	YES	<none>	NO	NEVER
UserProfile	5	target_weight_lbs	double precision	YES	<none>	NO	NEVER
UserProfile	6	date_of_birth	timestamp without time zone	YES	<none>	NO	NEVER
UserProfile	7	sex	USER-DEFINED	NO	'prefer_not_to_say'::"Sex"	NO	NEVER
UserProfile	8	activity_level	USER-DEFINED	NO	'moderate'::"ActivityLevel"	NO	NEVER
UserProfile	9	goal_type	USER-DEFINED	NO	'fat_loss'::"GoalType"	NO	NEVER
UserProfile	10	workout_experience	USER-DEFINED	NO	'beginner'::"WorkoutExperience"	NO	NEVER
UserProfile	11	has_gym_membership	boolean	NO	false	NO	NEVER
UserProfile	12	preferred_snacks	ARRAY	YES	<none>	NO	NEVER
UserProfile	13	macro_target_calories	double precision	YES	<none>	NO	NEVER
UserProfile	14	macro_target_protein_g	double precision	YES	<none>	NO	NEVER
UserProfile	15	macro_target_carbs_g	double precision	YES	<none>	NO	NEVER
UserProfile	16	macro_target_fat_g	double precision	YES	<none>	NO	NEVER
UserProfile	17	avatar_url	text	YES	<none>	NO	NEVER
UserProfile	18	updated_at	timestamp without time zone	NO	<none>	NO	NEVER
UserProfile	19	dietary_pattern	text	YES	<none>	NO	NEVER
UserProfile	20	dietary_restrictions	ARRAY	YES	ARRAY[]::text[]	NO	NEVER
UserProfile	21	workout_days_per_week	integer	YES	<none>	NO	NEVER
UserProfile	22	equipment_access	ARRAY	YES	ARRAY[]::text[]	NO	NEVER
UserProfile	23	injuries	ARRAY	NO	'{}'::text[]	NO	NEVER
UserProfile	24	food_preferences	jsonb	YES	<none>	NO	NEVER
UserProfile	25	preferred_training_time	text	YES	<none>	NO	NEVER
WearableConnection	1	id	text	NO	<none>	NO	NEVER
WearableConnection	2	user_id	text	NO	<none>	NO	NEVER
WearableConnection	3	provider	USER-DEFINED	NO	<none>	NO	NEVER
WearableConnection	4	external_account_id	text	YES	<none>	NO	NEVER
WearableConnection	5	credentials_secret_ref	text	YES	<none>	NO	NEVER
WearableConnection	6	encrypted_refresh_token	text	YES	<none>	NO	NEVER
WearableConnection	7	encrypted_access_token	text	YES	<none>	NO	NEVER
WearableConnection	8	access_token_expires_at	timestamp without time zone	YES	<none>	NO	NEVER
WearableConnection	9	scopes	ARRAY	YES	ARRAY[]::text[]	NO	NEVER
WearableConnection	10	webhook_subscription_id	text	YES	<none>	NO	NEVER
WearableConnection	11	webhook_secret_ref	text	YES	<none>	NO	NEVER
WearableConnection	12	channel_expires_at	timestamp without time zone	YES	<none>	NO	NEVER
WearableConnection	13	status	text	NO	'connected'::text	NO	NEVER
WearableConnection	14	last_error	text	YES	<none>	NO	NEVER
WearableConnection	15	last_synced_at	timestamp without time zone	YES	<none>	NO	NEVER
WearableConnection	16	backfilled_until	timestamp without time zone	YES	<none>	NO	NEVER
WearableConnection	17	disconnected_at	timestamp without time zone	YES	<none>	NO	NEVER
WearableConnection	18	created_at	timestamp without time zone	NO	CURRENT_TIMESTAMP	NO	NEVER
WearableConnection	19	updated_at	timestamp without time zone	NO	CURRENT_TIMESTAMP	NO	NEVER
WearableConnectionSafe	1	id	text	YES	<none>	NO	NEVER
WearableConnectionSafe	2	user_id	text	YES	<none>	NO	NEVER
WearableConnectionSafe	3	provider	USER-DEFINED	YES	<none>	NO	NEVER
WearableConnectionSafe	4	external_account_id	text	YES	<none>	NO	NEVER
WearableConnectionSafe	5	access_token_expires_at	timestamp without time zone	YES	<none>	NO	NEVER
WearableConnectionSafe	6	scopes	ARRAY	YES	<none>	NO	NEVER
WearableConnectionSafe	7	webhook_subscription_id	text	YES	<none>	NO	NEVER
WearableConnectionSafe	8	channel_expires_at	timestamp without time zone	YES	<none>	NO	NEVER
WearableConnectionSafe	9	status	text	YES	<none>	NO	NEVER
WearableConnectionSafe	10	last_error	text	YES	<none>	NO	NEVER
WearableConnectionSafe	11	last_synced_at	timestamp without time zone	YES	<none>	NO	NEVER
WearableConnectionSafe	12	backfilled_until	timestamp without time zone	YES	<none>	NO	NEVER
WearableConnectionSafe	13	disconnected_at	timestamp without time zone	YES	<none>	NO	NEVER
WearableConnectionSafe	14	created_at	timestamp without time zone	YES	<none>	NO	NEVER
WearableConnectionSafe	15	updated_at	timestamp without time zone	YES	<none>	NO	NEVER
WearableInsightCache	1	id	text	NO	<none>	NO	NEVER
WearableInsightCache	2	user_id	text	NO	<none>	NO	NEVER
WearableInsightCache	3	side	text	NO	<none>	NO	NEVER
WearableInsightCache	4	bucket	USER-DEFINED	NO	<none>	NO	NEVER
WearableInsightCache	5	window_days	integer	NO	<none>	NO	NEVER
WearableInsightCache	6	payload	jsonb	NO	<none>	NO	NEVER
WearableInsightCache	7	model_used	text	NO	<none>	NO	NEVER
WearableInsightCache	8	prompt_version	text	NO	<none>	NO	NEVER
WearableInsightCache	9	generated_at	timestamp without time zone	NO	CURRENT_TIMESTAMP	NO	NEVER
WearableInsightCache	10	expires_at	timestamp without time zone	NO	<none>	NO	NEVER
WearableMetricDef	1	metric	USER-DEFINED	NO	<none>	NO	NEVER
WearableMetricDef	2	bucket	USER-DEFINED	NO	<none>	NO	NEVER
WearableMetricDef	3	unit	text	NO	<none>	NO	NEVER
WearableMetricDef	4	display_name	text	NO	<none>	NO	NEVER
WearableMetricDef	5	aggregation	text	NO	<none>	NO	NEVER
WearableMetricDef	6	norm_band	jsonb	YES	<none>	NO	NEVER
WearableMetricDef	7	sort_order	integer	NO	0	NO	NEVER
WearableProcessedEvent	1	provider	USER-DEFINED	NO	<none>	NO	NEVER
WearableProcessedEvent	2	provider_event_id	text	NO	<none>	NO	NEVER
WearableProcessedEvent	3	type	text	NO	<none>	NO	NEVER
WearableProcessedEvent	4	processed_at	timestamp without time zone	NO	CURRENT_TIMESTAMP	NO	NEVER
WearableProcessedEvent	5	handler_completed_at	timestamp without time zone	YES	<none>	NO	NEVER
WearableSample	1	id	text	NO	<none>	NO	NEVER
WearableSample	2	user_id	text	NO	<none>	NO	NEVER
WearableSample	3	connection_id	text	NO	<none>	NO	NEVER
WearableSample	4	provider	USER-DEFINED	NO	<none>	NO	NEVER
WearableSample	5	metric	USER-DEFINED	NO	<none>	NO	NEVER
WearableSample	6	bucket	USER-DEFINED	NO	<none>	NO	NEVER
WearableSample	7	value	double precision	NO	<none>	NO	NEVER
WearableSample	8	unit	text	NO	<none>	NO	NEVER
WearableSample	9	start_at	timestamp without time zone	NO	<none>	NO	NEVER
WearableSample	10	end_at	timestamp without time zone	NO	<none>	NO	NEVER
WearableSample	11	source_tz	text	YES	<none>	NO	NEVER
WearableSample	12	dedup_key	text	NO	<none>	NO	NEVER
WearableSample	13	source_record_id	text	YES	<none>	NO	NEVER
WearableSample	14	recorded_at	timestamp without time zone	NO	CURRENT_TIMESTAMP	NO	NEVER
WearableSample	15	raw_ref	text	YES	<none>	NO	NEVER
WearableUserMetricPreference	1	id	text	NO	<none>	NO	NEVER
WearableUserMetricPreference	2	user_id	text	NO	<none>	NO	NEVER
WearableUserMetricPreference	3	metric	USER-DEFINED	NO	<none>	NO	NEVER
WearableUserMetricPreference	4	preferred_provider	USER-DEFINED	NO	<none>	NO	NEVER
WearableUserMetricPreference	5	updated_at	timestamp without time zone	NO	CURRENT_TIMESTAMP	NO	NEVER
WearableUserMetricPreference	6	created_at	timestamp without time zone	NO	CURRENT_TIMESTAMP	NO	NEVER
WeightLog	1	id	text	NO	<none>	NO	NEVER
WeightLog	2	user_id	text	NO	<none>	NO	NEVER
WeightLog	3	date	date	NO	<none>	NO	NEVER
WeightLog	4	weight_lbs	double precision	NO	<none>	NO	NEVER
WeightLog	5	notes	text	YES	<none>	NO	NEVER
WeightLog	6	logged_at	timestamp without time zone	NO	CURRENT_TIMESTAMP	NO	NEVER
WorkoutBuilderIdempotencyKey	1	id	text	NO	<none>	NO	NEVER
WorkoutBuilderIdempotencyKey	2	user_id	text	NO	<none>	NO	NEVER
WorkoutBuilderIdempotencyKey	3	route_key	text	NO	<none>	NO	NEVER
WorkoutBuilderIdempotencyKey	4	idempotency_key	text	NO	<none>	NO	NEVER
WorkoutBuilderIdempotencyKey	5	response_json	jsonb	YES	<none>	NO	NEVER
WorkoutBuilderIdempotencyKey	6	status_code	integer	YES	<none>	NO	NEVER
WorkoutBuilderIdempotencyKey	7	created_at	timestamp without time zone	NO	CURRENT_TIMESTAMP	NO	NEVER
WorkoutBuilderIdempotencyKey	8	status	character varying	NO	'completed'::character varying	NO	NEVER
WorkoutBuilderIdempotencyKey	9	updated_at	timestamp without time zone	NO	CURRENT_TIMESTAMP	NO	NEVER
WorkoutPlan	1	id	text	NO	<none>	NO	NEVER
WorkoutPlan	2	coach_id	text	NO	<none>	NO	NEVER
WorkoutPlan	3	name	text	NO	<none>	NO	NEVER
WorkoutPlan	4	type	USER-DEFINED	NO	<none>	NO	NEVER
WorkoutPlan	5	duration_estimate_minutes	integer	YES	<none>	NO	NEVER
WorkoutPlan	6	created_at	timestamp without time zone	NO	CURRENT_TIMESTAMP	NO	NEVER
WorkoutPlan	7	updated_at	timestamp without time zone	NO	<none>	NO	NEVER
WorkoutPlan	8	archived_at	timestamp without time zone	YES	<none>	NO	NEVER
WorkoutPlan	9	cloned_from_plan_id	text	YES	<none>	NO	NEVER
WorkoutPlan	10	day_index	integer	YES	<none>	NO	NEVER
WorkoutPlan	11	head_revision_id	text	YES	<none>	NO	NEVER
WorkoutPlan	12	is_template	boolean	NO	false	NO	NEVER
WorkoutPlan	13	program_id	text	YES	<none>	NO	NEVER
WorkoutPlan	14	version	integer	NO	1	NO	NEVER
WorkoutPlan	15	week_index	integer	YES	<none>	NO	NEVER
WorkoutPlanExercise	1	id	text	NO	<none>	NO	NEVER
WorkoutPlanExercise	2	workout_plan_id	text	NO	<none>	NO	NEVER
WorkoutPlanExercise	3	exercise_external_id	text	NO	<none>	NO	NEVER
WorkoutPlanExercise	4	order	integer	NO	<none>	NO	NEVER
WorkoutPlanExercise	5	sets	integer	NO	<none>	NO	NEVER
WorkoutPlanExercise	6	reps_or_duration_seconds	integer	NO	<none>	NO	NEVER
WorkoutPlanExercise	7	weight_lbs	double precision	YES	<none>	NO	NEVER
WorkoutPlanExercise	8	rest_seconds	integer	YES	<none>	NO	NEVER
WorkoutPlanExercise	9	superset_group_id	text	YES	<none>	NO	NEVER
WorkoutPlanExercise	10	notes	text	YES	<none>	NO	NEVER
WorkoutPlanExercise	11	archived_at	timestamp without time zone	YES	<none>	NO	NEVER
WorkoutPlanRevision	1	id	text	NO	<none>	NO	NEVER
WorkoutPlanRevision	2	workout_plan_id	text	NO	<none>	NO	NEVER
WorkoutPlanRevision	3	revision_index	integer	NO	<none>	NO	NEVER
WorkoutPlanRevision	4	exercises_json	jsonb	NO	<none>	NO	NEVER
WorkoutPlanRevision	5	plan_meta_json	jsonb	NO	<none>	NO	NEVER
WorkoutPlanRevision	6	author_id	text	NO	<none>	NO	NEVER
WorkoutPlanRevision	7	author_kind	text	NO	<none>	NO	NEVER
WorkoutPlanRevision	8	cause	text	NO	<none>	NO	NEVER
WorkoutPlanRevision	9	created_at	timestamp without time zone	NO	CURRENT_TIMESTAMP	NO	NEVER
WorkoutProgram	1	id	text	NO	<none>	NO	NEVER
WorkoutProgram	2	coach_id	text	NO	<none>	NO	NEVER
WorkoutProgram	3	owner_user_id	text	NO	<none>	NO	NEVER
WorkoutProgram	4	visibility	text	NO	'owner_only'::text	NO	NEVER
WorkoutProgram	5	forked_from_id	text	YES	<none>	NO	NEVER
WorkoutProgram	6	name	text	NO	<none>	NO	NEVER
WorkoutProgram	7	description	text	YES	<none>	NO	NEVER
WorkoutProgram	8	weeks	integer	NO	<none>	NO	NEVER
WorkoutProgram	9	days_per_week	integer	NO	<none>	NO	NEVER
WorkoutProgram	10	is_template	boolean	NO	true	NO	NEVER
WorkoutProgram	11	cloned_from_id	text	YES	<none>	NO	NEVER
WorkoutProgram	12	goal_tag	text	YES	<none>	NO	NEVER
WorkoutProgram	13	version	integer	NO	1	NO	NEVER
WorkoutProgram	14	head_revision_id	text	YES	<none>	NO	NEVER
WorkoutProgram	15	created_at	timestamp without time zone	NO	CURRENT_TIMESTAMP	NO	NEVER
WorkoutProgram	16	updated_at	timestamp without time zone	NO	<none>	NO	NEVER
WorkoutProgram	17	archived_at	timestamp without time zone	YES	<none>	NO	NEVER
WorkoutProgram	18	is_regime	boolean	NO	false	NO	NEVER
WorkoutProgram	19	regime_display_name	text	YES	<none>	NO	NEVER
WorkoutProgram	20	revision_retention_count	integer	NO	3	NO	NEVER
WorkoutProgramRevision	1	id	text	NO	<none>	NO	NEVER
WorkoutProgramRevision	2	program_id	text	NO	<none>	NO	NEVER
WorkoutProgramRevision	3	revision_index	integer	NO	<none>	NO	NEVER
WorkoutProgramRevision	4	structure_json	jsonb	NO	<none>	NO	NEVER
WorkoutProgramRevision	5	author_id	text	NO	<none>	NO	NEVER
WorkoutProgramRevision	6	author_kind	text	NO	<none>	NO	NEVER
WorkoutProgramRevision	7	cause	text	NO	<none>	NO	NEVER
WorkoutProgramRevision	8	created_at	timestamp without time zone	NO	CURRENT_TIMESTAMP	NO	NEVER
WorkoutRoutine	1	id	text	NO	<none>	NO	NEVER
WorkoutRoutine	2	creator_id	text	NO	<none>	NO	NEVER
WorkoutRoutine	3	name	text	NO	<none>	NO	NEVER
WorkoutRoutine	4	description	text	YES	<none>	NO	NEVER
WorkoutRoutine	5	is_template	boolean	NO	false	NO	NEVER
WorkoutRoutine	6	created_at	timestamp without time zone	NO	CURRENT_TIMESTAMP	NO	NEVER
WorkoutSession	1	id	text	NO	<none>	NO	NEVER
WorkoutSession	2	user_id	text	NO	<none>	NO	NEVER
WorkoutSession	3	date	date	NO	<none>	NO	NEVER
WorkoutSession	4	workout_name	text	NO	<none>	NO	NEVER
WorkoutSession	5	workout_type	text	NO	<none>	NO	NEVER
WorkoutSession	6	duration_minutes	integer	YES	<none>	NO	NEVER
WorkoutSession	7	intensity	USER-DEFINED	NO	'moderate'::"Intensity"	NO	NEVER
WorkoutSession	8	notes	text	YES	<none>	NO	NEVER
WorkoutSession	9	created_at	timestamp without time zone	NO	CURRENT_TIMESTAMP	NO	NEVER
_prisma_migrations	1	id	character varying	NO	<none>	NO	NEVER
_prisma_migrations	2	checksum	character varying	NO	<none>	NO	NEVER
_prisma_migrations	3	finished_at	timestamp with time zone	YES	<none>	NO	NEVER
_prisma_migrations	4	migration_name	character varying	NO	<none>	NO	NEVER
_prisma_migrations	5	logs	text	YES	<none>	NO	NEVER
_prisma_migrations	6	rolled_back_at	timestamp with time zone	YES	<none>	NO	NEVER
_prisma_migrations	7	started_at	timestamp with time zone	NO	now()	NO	NEVER
_prisma_migrations	8	applied_steps_count	integer	NO	0	NO	NEVER
coach_first_payment_notification	1	id	text	NO	<none>	NO	NEVER
coach_first_payment_notification	2	coachId	text	NO	<none>	NO	NEVER
coach_first_payment_notification	3	amount	integer	NO	<none>	NO	NEVER
coach_first_payment_notification	4	currency	text	NO	<none>	NO	NEVER
coach_first_payment_notification	5	clientId	text	NO	<none>	NO	NEVER
coach_first_payment_notification	6	createdAt	timestamp without time zone	NO	CURRENT_TIMESTAMP	NO	NEVER
coach_ltv_peak	1	id	text	NO	<none>	NO	NEVER
coach_ltv_peak	2	coach_id	text	NO	<none>	NO	NEVER
coach_ltv_peak	3	zero_churn_streak	integer	NO	0	NO	NEVER
coach_ltv_peak	4	all_time_peak_rpcm	numeric	NO	0	NO	NEVER
coach_ltv_peak	5	updated_at	timestamp without time zone	NO	<none>	NO	NEVER
community_challenge_participations	1	id	uuid	NO	<none>	NO	NEVER
community_challenge_participations	2	workspace_id	uuid	NO	<none>	NO	NEVER
community_challenge_participations	3	challenge_id	uuid	NO	<none>	NO	NEVER
community_challenge_participations	4	user_id	text	NO	<none>	NO	NEVER
community_challenge_participations	5	progress_value	numeric	NO	0	NO	NEVER
community_challenge_participations	6	completed_at	timestamp with time zone	YES	<none>	NO	NEVER
community_challenge_participations	7	last_logged_at	timestamp with time zone	YES	<none>	NO	NEVER
community_challenge_participations	8	created_at	timestamp with time zone	NO	CURRENT_TIMESTAMP	NO	NEVER
community_challenge_participations	9	updated_at	timestamp with time zone	NO	<none>	NO	NEVER
community_challenges	1	id	uuid	NO	<none>	NO	NEVER
community_challenges	2	workspace_id	uuid	NO	<none>	NO	NEVER
community_challenges	3	cohort_id	uuid	YES	<none>	NO	NEVER
community_challenges	4	created_by_id	text	NO	<none>	NO	NEVER
community_challenges	5	title	character varying	NO	<none>	NO	NEVER
community_challenges	6	description	text	YES	<none>	NO	NEVER
community_challenges	7	status	USER-DEFINED	NO	'draft'::"CommunityChallengeStatus"	NO	NEVER
community_challenges	8	starts_at	timestamp with time zone	YES	<none>	NO	NEVER
community_challenges	9	ends_at	timestamp with time zone	YES	<none>	NO	NEVER
community_challenges	10	metric_key	character varying	YES	<none>	NO	NEVER
community_challenges	11	target_value	numeric	YES	<none>	NO	NEVER
community_challenges	12	unit	character varying	YES	<none>	NO	NEVER
community_challenges	13	leaderboard_enabled	boolean	NO	false	NO	NEVER
community_challenges	14	created_at	timestamp with time zone	NO	CURRENT_TIMESTAMP	NO	NEVER
community_challenges	15	updated_at	timestamp with time zone	NO	<none>	NO	NEVER
community_challenges	16	archived_at	timestamp with time zone	YES	<none>	NO	NEVER
community_classroom_media_assets	1	id	uuid	NO	<none>	NO	NEVER
community_classroom_media_assets	2	post_id	uuid	NO	<none>	NO	NEVER
community_classroom_media_assets	3	workspace_id	uuid	NO	<none>	NO	NEVER
community_classroom_media_assets	4	kind	character varying	NO	<none>	NO	NEVER
community_classroom_media_assets	5	storage_key	text	NO	<none>	NO	NEVER
community_classroom_media_assets	6	duration_sec	integer	YES	<none>	NO	NEVER
community_classroom_media_assets	7	bytes	bigint	YES	<none>	NO	NEVER
community_classroom_media_assets	8	mime_type	character varying	YES	<none>	NO	NEVER
community_classroom_media_assets	9	width	integer	YES	<none>	NO	NEVER
community_classroom_media_assets	10	height	integer	YES	<none>	NO	NEVER
community_classroom_media_assets	11	created_at	timestamp with time zone	NO	CURRENT_TIMESTAMP	NO	NEVER
community_classroom_posts	1	id	uuid	NO	<none>	NO	NEVER
community_classroom_posts	2	workspace_id	uuid	NO	<none>	NO	NEVER
community_classroom_posts	3	cohort_id	uuid	YES	<none>	NO	NEVER
community_classroom_posts	4	coach_id	text	NO	<none>	NO	NEVER
community_classroom_posts	5	title	character varying	NO	<none>	NO	NEVER
community_classroom_posts	6	body_markdown	text	NO	<none>	NO	NEVER
community_classroom_posts	7	status	USER-DEFINED	NO	'draft'::"CommunityClassroomPostStatus"	NO	NEVER
community_classroom_posts	8	pinned	boolean	NO	false	NO	NEVER
community_classroom_posts	9	pinned_order	integer	YES	<none>	NO	NEVER
community_classroom_posts	10	release_at	timestamp with time zone	YES	<none>	NO	NEVER
community_classroom_posts	11	published_at	timestamp with time zone	YES	<none>	NO	NEVER
community_classroom_posts	12	created_at	timestamp with time zone	NO	CURRENT_TIMESTAMP	NO	NEVER
community_classroom_posts	13	updated_at	timestamp with time zone	NO	<none>	NO	NEVER
community_classroom_posts	14	soft_deleted_at	timestamp with time zone	YES	<none>	NO	NEVER
community_cohorts	1	id	uuid	NO	<none>	NO	NEVER
community_cohorts	2	workspace_id	uuid	NO	<none>	NO	NEVER
community_cohorts	3	name	character varying	NO	<none>	NO	NEVER
community_cohorts	4	description	text	YES	<none>	NO	NEVER
community_cohorts	5	status	USER-DEFINED	NO	'active'::"CommunityCohortStatus"	NO	NEVER
community_cohorts	6	starts_at	timestamp with time zone	YES	<none>	NO	NEVER
community_cohorts	7	ends_at	timestamp with time zone	YES	<none>	NO	NEVER
community_cohorts	8	capacity	integer	YES	<none>	NO	NEVER
community_cohorts	9	sort_order	integer	NO	0	NO	NEVER
community_cohorts	10	created_at	timestamp with time zone	NO	CURRENT_TIMESTAMP	NO	NEVER
community_cohorts	11	updated_at	timestamp with time zone	NO	<none>	NO	NEVER
community_cohorts	12	archived_at	timestamp with time zone	YES	<none>	NO	NEVER
community_event_rsvps	1	id	uuid	NO	<none>	NO	NEVER
community_event_rsvps	2	workspace_id	uuid	NO	<none>	NO	NEVER
community_event_rsvps	3	event_id	uuid	NO	<none>	NO	NEVER
community_event_rsvps	4	user_id	text	NO	<none>	NO	NEVER
community_event_rsvps	5	status	USER-DEFINED	NO	<none>	NO	NEVER
community_event_rsvps	6	reminded_at	timestamp with time zone	YES	<none>	NO	NEVER
community_event_rsvps	7	created_at	timestamp with time zone	NO	CURRENT_TIMESTAMP	NO	NEVER
community_event_rsvps	8	updated_at	timestamp with time zone	NO	<none>	NO	NEVER
community_events	1	id	uuid	NO	<none>	NO	NEVER
community_events	2	workspace_id	uuid	NO	<none>	NO	NEVER
community_events	3	cohort_id	uuid	YES	<none>	NO	NEVER
community_events	4	created_by_id	text	NO	<none>	NO	NEVER
community_events	5	title	character varying	NO	<none>	NO	NEVER
community_events	6	description	text	YES	<none>	NO	NEVER
community_events	7	state	USER-DEFINED	NO	'scheduled'::"CommunityEventState"	NO	NEVER
community_events	8	starts_at	timestamp with time zone	NO	<none>	NO	NEVER
community_events	9	ends_at	timestamp with time zone	YES	<none>	NO	NEVER
community_events	10	live_url	text	YES	<none>	NO	NEVER
community_events	11	replay_media_asset_id	uuid	YES	<none>	NO	NEVER
community_events	12	reflected_at	timestamp with time zone	YES	<none>	NO	NEVER
community_events	13	created_at	timestamp with time zone	NO	CURRENT_TIMESTAMP	NO	NEVER
community_events	14	updated_at	timestamp with time zone	NO	<none>	NO	NEVER
community_events	15	canceled_at	timestamp with time zone	YES	<none>	NO	NEVER
community_memberships	1	id	uuid	NO	<none>	NO	NEVER
community_memberships	2	workspace_id	uuid	NO	<none>	NO	NEVER
community_memberships	3	cohort_id	uuid	NO	<none>	NO	NEVER
community_memberships	4	user_id	text	NO	<none>	NO	NEVER
community_memberships	5	role	USER-DEFINED	NO	'student'::"CommunityMembershipRole"	NO	NEVER
community_memberships	6	status	USER-DEFINED	NO	'active'::"CommunityMembershipStatus"	NO	NEVER
community_memberships	7	dm_enabled	boolean	YES	<none>	NO	NEVER
community_memberships	8	notify_level	character varying	NO	'digest'::character varying	NO	NEVER
community_memberships	9	joined_at	timestamp with time zone	YES	<none>	NO	NEVER
community_memberships	10	last_read_message_at	timestamp with time zone	YES	<none>	NO	NEVER
community_memberships	11	created_at	timestamp with time zone	NO	CURRENT_TIMESTAMP	NO	NEVER
community_memberships	12	updated_at	timestamp with time zone	NO	<none>	NO	NEVER
community_memberships	13	removed_at	timestamp with time zone	YES	<none>	NO	NEVER
community_messages	1	id	uuid	NO	gen_random_uuid()	NO	NEVER
community_messages	2	created_at	timestamp with time zone	NO	CURRENT_TIMESTAMP	NO	NEVER
community_messages	3	workspace_id	uuid	NO	<none>	NO	NEVER
community_messages	4	cohort_id	uuid	YES	<none>	NO	NEVER
community_messages	5	scope	USER-DEFINED	NO	<none>	NO	NEVER
community_messages	6	dm_key	character varying	YES	<none>	NO	NEVER
community_messages	7	recipient_user_id	text	YES	<none>	NO	NEVER
community_messages	8	sender_id	text	NO	<none>	NO	NEVER
community_messages	9	kind	USER-DEFINED	NO	'text'::"CommunityMessageKind"	NO	NEVER
community_messages	10	body	character varying	YES	<none>	NO	NEVER
community_messages	11	voice_url	text	YES	<none>	NO	NEVER
community_messages	12	voice_duration_ms	integer	YES	<none>	NO	NEVER
community_messages	13	voice_mime_type	character varying	YES	<none>	NO	NEVER
community_messages	14	voice_size_bytes	integer	YES	<none>	NO	NEVER
community_messages	15	plan_context_type	character varying	YES	<none>	NO	NEVER
community_messages	16	plan_context_id	uuid	YES	<none>	NO	NEVER
community_messages	17	plan_week_start	date	YES	<none>	NO	NEVER
community_messages	18	parent_message_id	uuid	YES	<none>	NO	NEVER
community_messages	19	parent_message_at	timestamp with time zone	YES	<none>	NO	NEVER
community_messages	20	coach_seen_at	timestamp with time zone	YES	<none>	NO	NEVER
community_messages	21	coach_acked_at	timestamp with time zone	YES	<none>	NO	NEVER
community_messages	22	coach_replied_at	timestamp with time zone	YES	<none>	NO	NEVER
community_messages	23	visibility	character varying	NO	'active'::character varying	NO	NEVER
community_messages	24	deleted_at	timestamp with time zone	YES	<none>	NO	NEVER
community_messages	25	updated_at	timestamp with time zone	NO	<none>	NO	NEVER
community_messages	26	plan_context_payload	jsonb	YES	<none>	NO	NEVER
community_messages_2026_12	1	id	uuid	NO	gen_random_uuid()	NO	NEVER
community_messages_2026_12	2	created_at	timestamp with time zone	NO	CURRENT_TIMESTAMP	NO	NEVER
community_messages_2026_12	3	workspace_id	uuid	NO	<none>	NO	NEVER
community_messages_2026_12	4	cohort_id	uuid	YES	<none>	NO	NEVER
community_messages_2026_12	5	scope	USER-DEFINED	NO	<none>	NO	NEVER
community_messages_2026_12	6	dm_key	character varying	YES	<none>	NO	NEVER
community_messages_2026_12	7	recipient_user_id	text	YES	<none>	NO	NEVER
community_messages_2026_12	8	sender_id	text	NO	<none>	NO	NEVER
community_messages_2026_12	9	kind	USER-DEFINED	NO	'text'::"CommunityMessageKind"	NO	NEVER
community_messages_2026_12	10	body	character varying	YES	<none>	NO	NEVER
community_messages_2026_12	11	voice_url	text	YES	<none>	NO	NEVER
community_messages_2026_12	12	voice_duration_ms	integer	YES	<none>	NO	NEVER
community_messages_2026_12	13	voice_mime_type	character varying	YES	<none>	NO	NEVER
community_messages_2026_12	14	voice_size_bytes	integer	YES	<none>	NO	NEVER
community_messages_2026_12	15	plan_context_type	character varying	YES	<none>	NO	NEVER
community_messages_2026_12	16	plan_context_id	uuid	YES	<none>	NO	NEVER
community_messages_2026_12	17	plan_week_start	date	YES	<none>	NO	NEVER
community_messages_2026_12	18	parent_message_id	uuid	YES	<none>	NO	NEVER
community_messages_2026_12	19	parent_message_at	timestamp with time zone	YES	<none>	NO	NEVER
community_messages_2026_12	20	coach_seen_at	timestamp with time zone	YES	<none>	NO	NEVER
community_messages_2026_12	21	coach_acked_at	timestamp with time zone	YES	<none>	NO	NEVER
community_messages_2026_12	22	coach_replied_at	timestamp with time zone	YES	<none>	NO	NEVER
community_messages_2026_12	23	visibility	character varying	NO	'active'::character varying	NO	NEVER
community_messages_2026_12	24	deleted_at	timestamp with time zone	YES	<none>	NO	NEVER
community_messages_2026_12	25	updated_at	timestamp with time zone	NO	<none>	NO	NEVER
community_messages_2026_12	26	plan_context_payload	jsonb	YES	<none>	NO	NEVER
community_messages_2027_01	1	id	uuid	NO	gen_random_uuid()	NO	NEVER
community_messages_2027_01	2	created_at	timestamp with time zone	NO	CURRENT_TIMESTAMP	NO	NEVER
community_messages_2027_01	3	workspace_id	uuid	NO	<none>	NO	NEVER
community_messages_2027_01	4	cohort_id	uuid	YES	<none>	NO	NEVER
community_messages_2027_01	5	scope	USER-DEFINED	NO	<none>	NO	NEVER
community_messages_2027_01	6	dm_key	character varying	YES	<none>	NO	NEVER
community_messages_2027_01	7	recipient_user_id	text	YES	<none>	NO	NEVER
community_messages_2027_01	8	sender_id	text	NO	<none>	NO	NEVER
community_messages_2027_01	9	kind	USER-DEFINED	NO	'text'::"CommunityMessageKind"	NO	NEVER
community_messages_2027_01	10	body	character varying	YES	<none>	NO	NEVER
community_messages_2027_01	11	voice_url	text	YES	<none>	NO	NEVER
community_messages_2027_01	12	voice_duration_ms	integer	YES	<none>	NO	NEVER
community_messages_2027_01	13	voice_mime_type	character varying	YES	<none>	NO	NEVER
community_messages_2027_01	14	voice_size_bytes	integer	YES	<none>	NO	NEVER
community_messages_2027_01	15	plan_context_type	character varying	YES	<none>	NO	NEVER
community_messages_2027_01	16	plan_context_id	uuid	YES	<none>	NO	NEVER
community_messages_2027_01	17	plan_week_start	date	YES	<none>	NO	NEVER
community_messages_2027_01	18	parent_message_id	uuid	YES	<none>	NO	NEVER
community_messages_2027_01	19	parent_message_at	timestamp with time zone	YES	<none>	NO	NEVER
community_messages_2027_01	20	coach_seen_at	timestamp with time zone	YES	<none>	NO	NEVER
community_messages_2027_01	21	coach_acked_at	timestamp with time zone	YES	<none>	NO	NEVER
community_messages_2027_01	22	coach_replied_at	timestamp with time zone	YES	<none>	NO	NEVER
community_messages_2027_01	23	visibility	character varying	NO	'active'::character varying	NO	NEVER
community_messages_2027_01	24	deleted_at	timestamp with time zone	YES	<none>	NO	NEVER
community_messages_2027_01	25	updated_at	timestamp with time zone	NO	<none>	NO	NEVER
community_messages_2027_01	26	plan_context_payload	jsonb	YES	<none>	NO	NEVER
community_messages_2027_02	1	id	uuid	NO	gen_random_uuid()	NO	NEVER
community_messages_2027_02	2	created_at	timestamp with time zone	NO	CURRENT_TIMESTAMP	NO	NEVER
community_messages_2027_02	3	workspace_id	uuid	NO	<none>	NO	NEVER
community_messages_2027_02	4	cohort_id	uuid	YES	<none>	NO	NEVER
community_messages_2027_02	5	scope	USER-DEFINED	NO	<none>	NO	NEVER
community_messages_2027_02	6	dm_key	character varying	YES	<none>	NO	NEVER
community_messages_2027_02	7	recipient_user_id	text	YES	<none>	NO	NEVER
community_messages_2027_02	8	sender_id	text	NO	<none>	NO	NEVER
community_messages_2027_02	9	kind	USER-DEFINED	NO	'text'::"CommunityMessageKind"	NO	NEVER
community_messages_2027_02	10	body	character varying	YES	<none>	NO	NEVER
community_messages_2027_02	11	voice_url	text	YES	<none>	NO	NEVER
community_messages_2027_02	12	voice_duration_ms	integer	YES	<none>	NO	NEVER
community_messages_2027_02	13	voice_mime_type	character varying	YES	<none>	NO	NEVER
community_messages_2027_02	14	voice_size_bytes	integer	YES	<none>	NO	NEVER
community_messages_2027_02	15	plan_context_type	character varying	YES	<none>	NO	NEVER
community_messages_2027_02	16	plan_context_id	uuid	YES	<none>	NO	NEVER
community_messages_2027_02	17	plan_week_start	date	YES	<none>	NO	NEVER
community_messages_2027_02	18	parent_message_id	uuid	YES	<none>	NO	NEVER
community_messages_2027_02	19	parent_message_at	timestamp with time zone	YES	<none>	NO	NEVER
community_messages_2027_02	20	coach_seen_at	timestamp with time zone	YES	<none>	NO	NEVER
community_messages_2027_02	21	coach_acked_at	timestamp with time zone	YES	<none>	NO	NEVER
community_messages_2027_02	22	coach_replied_at	timestamp with time zone	YES	<none>	NO	NEVER
community_messages_2027_02	23	visibility	character varying	NO	'active'::character varying	NO	NEVER
community_messages_2027_02	24	deleted_at	timestamp with time zone	YES	<none>	NO	NEVER
community_messages_2027_02	25	updated_at	timestamp with time zone	NO	<none>	NO	NEVER
community_messages_2027_02	26	plan_context_payload	jsonb	YES	<none>	NO	NEVER
community_messages_default	1	id	uuid	NO	gen_random_uuid()	NO	NEVER
community_messages_default	2	created_at	timestamp with time zone	NO	CURRENT_TIMESTAMP	NO	NEVER
community_messages_default	3	workspace_id	uuid	NO	<none>	NO	NEVER
community_messages_default	4	cohort_id	uuid	YES	<none>	NO	NEVER
community_messages_default	5	scope	USER-DEFINED	NO	<none>	NO	NEVER
community_messages_default	6	dm_key	character varying	YES	<none>	NO	NEVER
community_messages_default	7	recipient_user_id	text	YES	<none>	NO	NEVER
community_messages_default	8	sender_id	text	NO	<none>	NO	NEVER
community_messages_default	9	kind	USER-DEFINED	NO	'text'::"CommunityMessageKind"	NO	NEVER
community_messages_default	10	body	character varying	YES	<none>	NO	NEVER
community_messages_default	11	voice_url	text	YES	<none>	NO	NEVER
community_messages_default	12	voice_duration_ms	integer	YES	<none>	NO	NEVER
community_messages_default	13	voice_mime_type	character varying	YES	<none>	NO	NEVER
community_messages_default	14	voice_size_bytes	integer	YES	<none>	NO	NEVER
community_messages_default	15	plan_context_type	character varying	YES	<none>	NO	NEVER
community_messages_default	16	plan_context_id	uuid	YES	<none>	NO	NEVER
community_messages_default	17	plan_week_start	date	YES	<none>	NO	NEVER
community_messages_default	18	parent_message_id	uuid	YES	<none>	NO	NEVER
community_messages_default	19	parent_message_at	timestamp with time zone	YES	<none>	NO	NEVER
community_messages_default	20	coach_seen_at	timestamp with time zone	YES	<none>	NO	NEVER
community_messages_default	21	coach_acked_at	timestamp with time zone	YES	<none>	NO	NEVER
community_messages_default	22	coach_replied_at	timestamp with time zone	YES	<none>	NO	NEVER
community_messages_default	23	visibility	character varying	NO	'active'::character varying	NO	NEVER
community_messages_default	24	deleted_at	timestamp with time zone	YES	<none>	NO	NEVER
community_messages_default	25	updated_at	timestamp with time zone	NO	<none>	NO	NEVER
community_messages_default	26	plan_context_payload	jsonb	YES	<none>	NO	NEVER
community_moderation_actions	1	id	uuid	NO	<none>	NO	NEVER
community_moderation_actions	2	workspace_id	uuid	NO	<none>	NO	NEVER
community_moderation_actions	3	target_type	USER-DEFINED	NO	<none>	NO	NEVER
community_moderation_actions	4	target_id	uuid	NO	<none>	NO	NEVER
community_moderation_actions	5	reported_by_id	text	YES	<none>	NO	NEVER
community_moderation_actions	6	actor_id	text	YES	<none>	NO	NEVER
community_moderation_actions	7	status	USER-DEFINED	NO	'open'::"CommunityModerationStatus"	NO	NEVER
community_moderation_actions	8	reason	character varying	NO	<none>	NO	NEVER
community_moderation_actions	9	notes	text	YES	<none>	NO	NEVER
community_moderation_actions	10	action	character varying	YES	<none>	NO	NEVER
community_moderation_actions	11	created_at	timestamp with time zone	NO	CURRENT_TIMESTAMP	NO	NEVER
community_moderation_actions	12	resolved_at	timestamp with time zone	YES	<none>	NO	NEVER
community_posts	1	id	uuid	NO	<none>	NO	NEVER
community_posts	2	workspace_id	uuid	NO	<none>	NO	NEVER
community_posts	3	cohort_id	uuid	YES	<none>	NO	NEVER
community_posts	4	author_id	text	NO	<none>	NO	NEVER
community_posts	5	scope	USER-DEFINED	NO	<none>	NO	NEVER
community_posts	6	type	USER-DEFINED	NO	'text'::"CommunityPostType"	NO	NEVER
community_posts	7	title	character varying	YES	<none>	NO	NEVER
community_posts	8	body	text	YES	<none>	NO	NEVER
community_posts	9	media_asset_id	uuid	YES	<none>	NO	NEVER
community_posts	10	event_id	uuid	YES	<none>	NO	NEVER
community_posts	11	pinned_at	timestamp with time zone	YES	<none>	NO	NEVER
community_posts	12	release_at	timestamp with time zone	YES	<none>	NO	NEVER
community_posts	13	expires_at	timestamp with time zone	YES	<none>	NO	NEVER
community_posts	14	visibility	character varying	NO	'active'::character varying	NO	NEVER
community_posts	15	created_at	timestamp with time zone	NO	CURRENT_TIMESTAMP	NO	NEVER
community_posts	16	updated_at	timestamp with time zone	NO	<none>	NO	NEVER
community_posts	17	deleted_at	timestamp with time zone	YES	<none>	NO	NEVER
community_responses	1	id	uuid	NO	<none>	NO	NEVER
community_responses	2	workspace_id	uuid	NO	<none>	NO	NEVER
community_responses	3	target_type	USER-DEFINED	NO	<none>	NO	NEVER
community_responses	4	target_id	uuid	NO	<none>	NO	NEVER
community_responses	5	target_created_at	timestamp with time zone	YES	<none>	NO	NEVER
community_responses	6	user_id	text	NO	<none>	NO	NEVER
community_responses	7	response_kind	character varying	NO	<none>	NO	NEVER
community_responses	8	created_at	timestamp with time zone	NO	CURRENT_TIMESTAMP	NO	NEVER
community_search_entries	1	id	text	NO	<none>	NO	NEVER
community_search_entries	2	workspaceId	uuid	NO	<none>	NO	NEVER
community_search_entries	3	cohortId	uuid	YES	<none>	NO	NEVER
community_search_entries	4	kind	USER-DEFINED	NO	<none>	NO	NEVER
community_search_entries	5	targetId	uuid	NO	<none>	NO	NEVER
community_search_entries	6	authorId	uuid	YES	<none>	NO	NEVER
community_search_entries	7	excerpt	text	NO	<none>	NO	NEVER
community_search_entries	8	visibleToRoles	ARRAY	YES	<none>	NO	NEVER
community_search_entries	9	createdAt	timestamp with time zone	NO	CURRENT_TIMESTAMP	NO	NEVER
community_search_entries	10	softDeletedAt	timestamp with time zone	YES	<none>	NO	NEVER
community_search_entries	11	search_tsv	tsvector	YES	<none>	NO	ALWAYS
community_voice_notes	1	id	uuid	NO	<none>	NO	NEVER
community_voice_notes	2	workspace_id	uuid	NO	<none>	NO	NEVER
community_voice_notes	3	cohort_id	uuid	YES	<none>	NO	NEVER
community_voice_notes	4	conversation_id	uuid	YES	<none>	NO	NEVER
community_voice_notes	5	author_id	text	NO	<none>	NO	NEVER
community_voice_notes	6	storage_key	text	NO	<none>	NO	NEVER
community_voice_notes	7	duration_ms	integer	NO	<none>	NO	NEVER
community_voice_notes	8	bytes	bigint	NO	<none>	NO	NEVER
community_voice_notes	9	mime_type	character varying	NO	<none>	NO	NEVER
community_voice_notes	10	waveform_peaks	bytea	YES	<none>	NO	NEVER
community_voice_notes	11	created_at	timestamp with time zone	NO	CURRENT_TIMESTAMP	NO	NEVER
community_voice_notes	12	soft_deleted_at	timestamp with time zone	YES	<none>	NO	NEVER
community_wearable_prompt_sources	1	id	uuid	NO	gen_random_uuid()	NO	NEVER
community_wearable_prompt_sources	2	promptId	uuid	NO	<none>	NO	NEVER
community_wearable_prompt_sources	3	sampleId	text	NO	<none>	NO	NEVER
community_wearable_prompt_sources	4	metricKey	character varying	NO	<none>	NO	NEVER
community_wearable_prompt_sources	5	observedValue	numeric	NO	<none>	NO	NEVER
community_wearable_prompts	1	id	uuid	NO	gen_random_uuid()	NO	NEVER
community_wearable_prompts	2	workspaceId	uuid	NO	<none>	NO	NEVER
community_wearable_prompts	3	coachId	text	NO	<none>	NO	NEVER
community_wearable_prompts	4	clientId	text	NO	<none>	NO	NEVER
community_wearable_prompts	5	metricKey	character varying	NO	<none>	NO	NEVER
community_wearable_prompts	6	promptText	text	NO	<none>	NO	NEVER
community_wearable_prompts	7	generatedAt	timestamp with time zone	NO	CURRENT_TIMESTAMP	NO	NEVER
community_wearable_prompts	8	dismissedAt	timestamp with time zone	YES	<none>	NO	NEVER
community_wearable_prompts	9	actedOnAt	timestamp with time zone	YES	<none>	NO	NEVER
community_workspaces	1	id	uuid	NO	<none>	NO	NEVER
community_workspaces	2	coach_id	text	NO	<none>	NO	NEVER
community_workspaces	3	name	character varying	NO	<none>	NO	NEVER
community_workspaces	4	slug	character varying	NO	<none>	NO	NEVER
community_workspaces	5	description	text	YES	<none>	NO	NEVER
community_workspaces	6	dm_enabled_default	boolean	NO	false	NO	NEVER
community_workspaces	7	hall_enabled	boolean	NO	true	NO	NEVER
community_workspaces	8	events_enabled	boolean	NO	false	NO	NEVER
community_workspaces	9	challenges_enabled	boolean	NO	false	NO	NEVER
community_workspaces	10	max_cohort_members	integer	YES	<none>	NO	NEVER
community_workspaces	11	created_at	timestamp with time zone	NO	CURRENT_TIMESTAMP	NO	NEVER
community_workspaces	12	updated_at	timestamp with time zone	NO	<none>	NO	NEVER
community_workspaces	13	archived_at	timestamp with time zone	YES	<none>	NO	NEVER
data_export_request	1	id	text	NO	<none>	NO	NEVER
data_export_request	2	user_id	text	NO	<none>	NO	NEVER
data_export_request	3	status	USER-DEFINED	NO	'PENDING'::"DataExportStatus"	NO	NEVER
data_export_request	4	file_url	text	YES	<none>	NO	NEVER
data_export_request	5	created_at	timestamp without time zone	NO	CURRENT_TIMESTAMP	NO	NEVER
data_export_request	6	completed_at	timestamp without time zone	YES	<none>	NO	NEVER
data_export_request	7	expires_at	timestamp without time zone	YES	<none>	NO	NEVER
data_export_request	8	file_size_bytes	integer	YES	<none>	NO	NEVER
data_export_request	9	sha256	text	YES	<none>	NO	NEVER
deletion_audit	1	id	text	NO	<none>	NO	NEVER
deletion_audit	2	user_id	text	NO	<none>	NO	NEVER
deletion_audit	3	event	text	NO	<none>	NO	NEVER
deletion_audit	4	actor_id	text	YES	<none>	NO	NEVER
deletion_audit	5	actor_role	text	YES	<none>	NO	NEVER
deletion_audit	6	metadata	jsonb	YES	<none>	NO	NEVER
deletion_audit	7	created_at	timestamp without time zone	NO	CURRENT_TIMESTAMP	NO	NEVER
pg_stat_statements	1	userid	oid	YES	<none>	NO	NEVER
pg_stat_statements	2	dbid	oid	YES	<none>	NO	NEVER
pg_stat_statements	3	toplevel	boolean	YES	<none>	NO	NEVER
pg_stat_statements	4	queryid	bigint	YES	<none>	NO	NEVER
pg_stat_statements	5	query	text	YES	<none>	NO	NEVER
pg_stat_statements	6	plans	bigint	YES	<none>	NO	NEVER
pg_stat_statements	7	total_plan_time	double precision	YES	<none>	NO	NEVER
pg_stat_statements	8	min_plan_time	double precision	YES	<none>	NO	NEVER
pg_stat_statements	9	max_plan_time	double precision	YES	<none>	NO	NEVER
pg_stat_statements	10	mean_plan_time	double precision	YES	<none>	NO	NEVER
pg_stat_statements	11	stddev_plan_time	double precision	YES	<none>	NO	NEVER
pg_stat_statements	12	calls	bigint	YES	<none>	NO	NEVER
pg_stat_statements	13	total_exec_time	double precision	YES	<none>	NO	NEVER
pg_stat_statements	14	min_exec_time	double precision	YES	<none>	NO	NEVER
pg_stat_statements	15	max_exec_time	double precision	YES	<none>	NO	NEVER
pg_stat_statements	16	mean_exec_time	double precision	YES	<none>	NO	NEVER
pg_stat_statements	17	stddev_exec_time	double precision	YES	<none>	NO	NEVER
pg_stat_statements	18	rows	bigint	YES	<none>	NO	NEVER
pg_stat_statements	19	shared_blks_hit	bigint	YES	<none>	NO	NEVER
pg_stat_statements	20	shared_blks_read	bigint	YES	<none>	NO	NEVER
pg_stat_statements	21	shared_blks_dirtied	bigint	YES	<none>	NO	NEVER
pg_stat_statements	22	shared_blks_written	bigint	YES	<none>	NO	NEVER
pg_stat_statements	23	local_blks_hit	bigint	YES	<none>	NO	NEVER
pg_stat_statements	24	local_blks_read	bigint	YES	<none>	NO	NEVER
pg_stat_statements	25	local_blks_dirtied	bigint	YES	<none>	NO	NEVER
pg_stat_statements	26	local_blks_written	bigint	YES	<none>	NO	NEVER
pg_stat_statements	27	temp_blks_read	bigint	YES	<none>	NO	NEVER
pg_stat_statements	28	temp_blks_written	bigint	YES	<none>	NO	NEVER
pg_stat_statements	29	shared_blk_read_time	double precision	YES	<none>	NO	NEVER
pg_stat_statements	30	shared_blk_write_time	double precision	YES	<none>	NO	NEVER
pg_stat_statements	31	local_blk_read_time	double precision	YES	<none>	NO	NEVER
pg_stat_statements	32	local_blk_write_time	double precision	YES	<none>	NO	NEVER
pg_stat_statements	33	temp_blk_read_time	double precision	YES	<none>	NO	NEVER
pg_stat_statements	34	temp_blk_write_time	double precision	YES	<none>	NO	NEVER
pg_stat_statements	35	wal_records	bigint	YES	<none>	NO	NEVER
pg_stat_statements	36	wal_fpi	bigint	YES	<none>	NO	NEVER
pg_stat_statements	37	wal_bytes	numeric	YES	<none>	NO	NEVER
pg_stat_statements	38	jit_functions	bigint	YES	<none>	NO	NEVER
pg_stat_statements	39	jit_generation_time	double precision	YES	<none>	NO	NEVER
pg_stat_statements	40	jit_inlining_count	bigint	YES	<none>	NO	NEVER
pg_stat_statements	41	jit_inlining_time	double precision	YES	<none>	NO	NEVER
pg_stat_statements	42	jit_optimization_count	bigint	YES	<none>	NO	NEVER
pg_stat_statements	43	jit_optimization_time	double precision	YES	<none>	NO	NEVER
pg_stat_statements	44	jit_emission_count	bigint	YES	<none>	NO	NEVER
pg_stat_statements	45	jit_emission_time	double precision	YES	<none>	NO	NEVER
pg_stat_statements	46	jit_deform_count	bigint	YES	<none>	NO	NEVER
pg_stat_statements	47	jit_deform_time	double precision	YES	<none>	NO	NEVER
pg_stat_statements	48	stats_since	timestamp with time zone	YES	<none>	NO	NEVER
pg_stat_statements	49	minmax_stats_since	timestamp with time zone	YES	<none>	NO	NEVER
pg_stat_statements_info	1	dealloc	bigint	YES	<none>	NO	NEVER
pg_stat_statements_info	2	stats_reset	timestamp with time zone	YES	<none>	NO	NEVER
recent_auth_nonce	1	id	text	NO	<none>	NO	NEVER
recent_auth_nonce	2	hmac_suffix	text	NO	<none>	NO	NEVER
recent_auth_nonce	3	user_id	text	NO	<none>	NO	NEVER
recent_auth_nonce	4	expires_at	timestamp with time zone	NO	<none>	NO	NEVER
recent_auth_nonce	5	created_at	timestamp with time zone	NO	now()	NO	NEVER
secret_rotation_log	1	id	text	NO	<none>	NO	NEVER
secret_rotation_log	2	secret_name	text	NO	<none>	NO	NEVER
secret_rotation_log	3	rotated_at	timestamp without time zone	NO	CURRENT_TIMESTAMP	NO	NEVER
secret_rotation_log	4	rotated_by_user_id	text	YES	<none>	NO	NEVER
secret_rotation_log	5	notes	text	YES	<none>	NO	NEVER
water_logs	1	id	text	NO	<none>	NO	NEVER
water_logs	2	user_id	text	NO	<none>	NO	NEVER
water_logs	3	amount_ml	integer	NO	<none>	NO	NEVER
water_logs	4	logged_at	timestamp with time zone	NO	CURRENT_TIMESTAMP	NO	NEVER
water_logs	5	created_at	timestamp with time zone	NO	CURRENT_TIMESTAMP	NO	NEVER
