  console.warn
    PG17_DATABASE {"port":55481,"user":"postgres","owner":"postgres","super":false,"address":"127.0.0.1","version":"170006","database":"g2_nq1_disposable","bypassrls":true,"directory":"/home/user/pg17/clusters/nq1/pg-data"}

      156 |     ),
      157 |   ).toBe(G2_NQ1_DATABASE_MARKER);
    > 158 |   console.warn('PG17_DATABASE', JSON.stringify(identity));
          |           ^
      159 |   // Fresh T-shaped bootstrap: the accepted R head's whole history through its own
      160 |   // `prisma migrate deploy`; R's shape (column, fence, wide keys, NOT NULL) is present.
      161 |   expect(Number(appliedMigrations())).toBe(EXPECTED_HISTORY);

      at Object.<anonymous> (test/rls-g2-nq1.spec.ts:158:11)

  console.warn
    PG17_PROCESS {"name":"g2n_1","old":false,"options":{},"result":{"intent_id":"intent","staged":3,"reconstructed":3,"skipped":0,"failed":0},"queries":25,"pid":5823}

      231 |       }
      232 |       // Query shapes, outcomes, fixture identifiers and process IDs only; never parameters.
    > 233 |       console.warn(
          |               ^
      234 |         'PG17_PROCESS',
      235 |         JSON.stringify({
      236 |           name,

      at settleWorker (test/utils/g2-nq1-pg-harness.ts:233:15)
      at ChildProcess.<anonymous> (test/utils/g2-nq1-pg-harness.ts:253:7)

  console.warn
    PG17_PROCESS {"name":"g2n_2","old":false,"options":{},"result":{"intent_id":"intent","staged":3,"reconstructed":3,"skipped":0,"failed":0},"queries":25,"pid":5845}

      231 |       }
      232 |       // Query shapes, outcomes, fixture identifiers and process IDs only; never parameters.
    > 233 |       console.warn(
          |               ^
      234 |         'PG17_PROCESS',
      235 |         JSON.stringify({
      236 |           name,

      at settleWorker (test/utils/g2-nq1-pg-harness.ts:233:15)
      at ChildProcess.<anonymous> (test/utils/g2-nq1-pg-harness.ts:253:7)

  console.warn
    PG17_PROCESS {"name":"g2n_3","old":false,"options":{"intent":"n2-clients","family":"clients"},"result":{"intent_id":"n2-clients","staged":24,"reconstructed":24,"skipped":0,"failed":0},"queries":172,"pid":5872}

      231 |       }
      232 |       // Query shapes, outcomes, fixture identifiers and process IDs only; never parameters.
    > 233 |       console.warn(
          |               ^
      234 |         'PG17_PROCESS',
      235 |         JSON.stringify({
      236 |           name,

      at settleWorker (test/utils/g2-nq1-pg-harness.ts:233:15)
      at ChildProcess.<anonymous> (test/utils/g2-nq1-pg-harness.ts:253:7)

  console.warn
    PG17_PROCESS {"name":"g2n_4","old":true,"options":{"intent":"t2-clients","family":"clients"},"result":{"intent_id":"t2-clients","staged":24,"reconstructed":24,"skipped":0,"failed":0},"queries":196,"pid":5888}

      231 |       }
      232 |       // Query shapes, outcomes, fixture identifiers and process IDs only; never parameters.
    > 233 |       console.warn(
          |               ^
      234 |         'PG17_PROCESS',
      235 |         JSON.stringify({
      236 |           name,

      at settleWorker (test/utils/g2-nq1-pg-harness.ts:233:15)
      at ChildProcess.<anonymous> (test/utils/g2-nq1-pg-harness.ts:253:7)

  console.warn
    PG17_PROCESS {"name":"g2n_6","old":false,"options":{},"result":{"intent_id":"intent","staged":4,"reconstructed":4,"skipped":0,"failed":0},"queries":32,"pid":5922}

      231 |       }
      232 |       // Query shapes, outcomes, fixture identifiers and process IDs only; never parameters.
    > 233 |       console.warn(
          |               ^
      234 |         'PG17_PROCESS',
      235 |         JSON.stringify({
      236 |           name,

      at settleWorker (test/utils/g2-nq1-pg-harness.ts:233:15)
      at ChildProcess.<anonymous> (test/utils/g2-nq1-pg-harness.ts:253:7)

  console.warn
    PG17_PROCESS {"name":"g2n_7","old":false,"options":{"intent":"n4"},"failure":{"status":409,"message":"reconstruction provenance conflict"},"queries":11,"pid":5950}

      231 |       }
      232 |       // Query shapes, outcomes, fixture identifiers and process IDs only; never parameters.
    > 233 |       console.warn(
          |               ^
      234 |         'PG17_PROCESS',
      235 |         JSON.stringify({
      236 |           name,

      at settleWorker (test/utils/g2-nq1-pg-harness.ts:233:15)
      at ChildProcess.<anonymous> (test/utils/g2-nq1-pg-harness.ts:253:7)

  console.warn
    PG17_PROCESS {"name":"g2n_8","old":true,"options":{"intent":"t4"},"failure":{"status":409,"message":"reconstruction provenance conflict"},"queries":9,"pid":5986}

      231 |       }
      232 |       // Query shapes, outcomes, fixture identifiers and process IDs only; never parameters.
    > 233 |       console.warn(
          |               ^
      234 |         'PG17_PROCESS',
      235 |         JSON.stringify({
      236 |           name,

      at settleWorker (test/utils/g2-nq1-pg-harness.ts:233:15)
      at ChildProcess.<anonymous> (test/utils/g2-nq1-pg-harness.ts:253:7)

  console.warn
    PG17_PROCESS {"name":"g2n_9","old":false,"options":{"intent":"n5"},"result":{"intent_id":"n5","staged":1,"reconstructed":1,"skipped":0,"failed":0},"queries":11,"pid":6022}

      231 |       }
      232 |       // Query shapes, outcomes, fixture identifiers and process IDs only; never parameters.
    > 233 |       console.warn(
          |               ^
      234 |         'PG17_PROCESS',
      235 |         JSON.stringify({
      236 |           name,

      at settleWorker (test/utils/g2-nq1-pg-harness.ts:233:15)
      at ChildProcess.<anonymous> (test/utils/g2-nq1-pg-harness.ts:253:7)

  console.warn
    PG17_PROCESS {"name":"g2n_10","old":false,"options":{"action":"roster","intent":"n5","limit":5},"failure":{"status":500,"message":"Internal server error","code":"P2032"},"queries":7,"pid":6050}

      231 |       }
      232 |       // Query shapes, outcomes, fixture identifiers and process IDs only; never parameters.
    > 233 |       console.warn(
          |               ^
      234 |         'PG17_PROCESS',
      235 |         JSON.stringify({
      236 |           name,

      at settleWorker (test/utils/g2-nq1-pg-harness.ts:233:15)
      at ChildProcess.<anonymous> (test/utils/g2-nq1-pg-harness.ts:253:7)

  console.warn
    PG17_PROCESS {"name":"g2n_11","old":false,"options":{"intent":"n5"},"failure":{"status":409,"message":"reconstruction provenance conflict"},"queries":13,"pid":6068}

      231 |       }
      232 |       // Query shapes, outcomes, fixture identifiers and process IDs only; never parameters.
    > 233 |       console.warn(
          |               ^
      234 |         'PG17_PROCESS',
      235 |         JSON.stringify({
      236 |           name,

      at settleWorker (test/utils/g2-nq1-pg-harness.ts:233:15)
      at ChildProcess.<anonymous> (test/utils/g2-nq1-pg-harness.ts:253:7)

  console.warn
    PG17_N05_WRITER {"status":409,"message":"reconstruction provenance conflict"}

      405 |       expect(write.result).toBeUndefined();
      406 |       expect([409, 500]).toContain(write.failure?.status);
    > 407 |       console.warn('PG17_N05_WRITER', JSON.stringify(write.failure));
          |               ^
      408 |       expect(targets()).toEqual(before.targets);
      409 |       expect(ledgerCount()).toBe(before.count);
      410 |       expect(nullCount()).toBe(1);

      at Object.<anonymous> (test/rls-g2-nq1.spec.ts:407:15)

  console.warn
    PG17_PROCESS {"name":"g2n_12","old":true,"options":{"intent":"n5"},"result":{"intent_id":"n5","staged":1,"reconstructed":1,"skipped":0,"failed":0},"queries":12,"pid":6090}

      231 |       }
      232 |       // Query shapes, outcomes, fixture identifiers and process IDs only; never parameters.
    > 233 |       console.warn(
          |               ^
      234 |         'PG17_PROCESS',
      235 |         JSON.stringify({
      236 |           name,

      at settleWorker (test/utils/g2-nq1-pg-harness.ts:233:15)
      at ChildProcess.<anonymous> (test/utils/g2-nq1-pg-harness.ts:253:7)

  console.warn
    PG17_PROCESS {"name":"g2n_13","old":false,"options":{"intent":"n6-clients","family":"clients"},"result":{"intent_id":"n6-clients","staged":12,"reconstructed":12,"skipped":0,"failed":0},"queries":88,"pid":6148}

      231 |       }
      232 |       // Query shapes, outcomes, fixture identifiers and process IDs only; never parameters.
    > 233 |       console.warn(
          |               ^
      234 |         'PG17_PROCESS',
      235 |         JSON.stringify({
      236 |           name,

      at settleWorker (test/utils/g2-nq1-pg-harness.ts:233:15)
      at ChildProcess.<anonymous> (test/utils/g2-nq1-pg-harness.ts:253:7)

  console.warn
    PG17_PROCESS {"name":"g2n_14","old":false,"options":{"family":"clients"},"result":{"intent_id":"intent","staged":3,"reconstructed":3,"skipped":0,"failed":0},"queries":25,"pid":6174}

      231 |       }
      232 |       // Query shapes, outcomes, fixture identifiers and process IDs only; never parameters.
    > 233 |       console.warn(
          |               ^
      234 |         'PG17_PROCESS',
      235 |         JSON.stringify({
      236 |           name,

      at settleWorker (test/utils/g2-nq1-pg-harness.ts:233:15)
      at ChildProcess.<anonymous> (test/utils/g2-nq1-pg-harness.ts:253:7)

  console.warn
    PG17_PROCESS {"name":"g2n_15","old":false,"options":{"action":"roster","family":"clients"},"result":{"intent_id":"intent","accounting":{"staged":3,"reconstructed":3,"skipped":0,"failed":0},"persons":[{"id":"02d9d833-b883-4e89-8f12-c6ab498f1616","state":"InvitePending","source_platform":"truecoach","source_person_id":"a","display_name":"Synthetic A","created_at":"2026-09-24T18:39:01.867Z","updated_at":"2026-09-24T18:39:01.867Z"}],"page":{"limit":1,"next_cursor":"v2.eyJ2IjoyLCJjIjoiY29hY2giLCJpIjoiaW50ZW50IiwiZiI6ImNsaWVudHMiLCJvIjoic291cmNlX2lkOmFzYyxzb3VyY2VfcGxhdGZvcm06YXNjIiwicyI6ImEiLCJwIjoidHJ1ZWNvYWNoIn0","has_more":true}},"queries":8,"pid":6193}

      231 |       }
      232 |       // Query shapes, outcomes, fixture identifiers and process IDs only; never parameters.
    > 233 |       console.warn(
          |               ^
      234 |         'PG17_PROCESS',
      235 |         JSON.stringify({
      236 |           name,

      at settleWorker (test/utils/g2-nq1-pg-harness.ts:233:15)
      at ChildProcess.<anonymous> (test/utils/g2-nq1-pg-harness.ts:253:7)

  console.warn
    PG17_PROCESS {"name":"g2n_16","old":false,"options":{"action":"roster","family":"clients","cursor":"<cursor>"},"result":{"intent_id":"intent","accounting":{"staged":3,"reconstructed":3,"skipped":0,"failed":0},"persons":[{"id":"219e5e75-8e67-48b0-a147-a41eb7557d8a","state":"InvitePending","source_platform":"truecoach","source_person_id":"b","display_name":"Synthetic A","created_at":"2026-09-24T18:39:01.873Z","updated_at":"2026-09-24T18:39:01.873Z"}],"page":{"limit":1,"next_cursor":"v2.eyJ2IjoyLCJjIjoiY29hY2giLCJpIjoiaW50ZW50IiwiZiI6ImNsaWVudHMiLCJvIjoic291cmNlX2lkOmFzYyxzb3VyY2VfcGxhdGZvcm06YXNjIiwicyI6ImIiLCJwIjoidHJ1ZWNvYWNoIn0","has_more":true}},"queries":8,"pid":6209}

      231 |       }
      232 |       // Query shapes, outcomes, fixture identifiers and process IDs only; never parameters.
    > 233 |       console.warn(
          |               ^
      234 |         'PG17_PROCESS',
      235 |         JSON.stringify({
      236 |           name,

      at settleWorker (test/utils/g2-nq1-pg-harness.ts:233:15)
      at ChildProcess.<anonymous> (test/utils/g2-nq1-pg-harness.ts:253:7)

  console.warn
    PG17_PROCESS {"name":"g2n_17","old":false,"options":{"action":"roster","family":"clients","cursor":"<cursor>"},"result":{"intent_id":"intent","accounting":{"staged":3,"reconstructed":3,"skipped":0,"failed":0},"persons":[{"id":"6d157efb-a3bb-4960-bfd5-3a5e61b0cba3","state":"InvitePending","source_platform":"truecoach","source_person_id":"c","display_name":"Synthetic A","created_at":"2026-09-24T18:39:01.876Z","updated_at":"2026-09-24T18:39:01.876Z"}],"page":{"limit":1,"next_cursor":null,"has_more":false}},"queries":8,"pid":6225}

      231 |       }
      232 |       // Query shapes, outcomes, fixture identifiers and process IDs only; never parameters.
    > 233 |       console.warn(
          |               ^
      234 |         'PG17_PROCESS',
      235 |         JSON.stringify({
      236 |           name,

      at settleWorker (test/utils/g2-nq1-pg-harness.ts:233:15)
      at ChildProcess.<anonymous> (test/utils/g2-nq1-pg-harness.ts:253:7)

  console.warn
    PG17_PROCESS {"name":"g2n_18","old":false,"options":{"action":"roster","family":"clients","limit":2},"result":{"intent_id":"intent","accounting":{"staged":3,"reconstructed":3,"skipped":0,"failed":0},"persons":[{"id":"02d9d833-b883-4e89-8f12-c6ab498f1616","state":"InvitePending","source_platform":"truecoach","source_person_id":"a","display_name":"Synthetic A","created_at":"2026-09-24T18:39:01.867Z","updated_at":"2026-09-24T18:39:01.867Z"},{"id":"219e5e75-8e67-48b0-a147-a41eb7557d8a","state":"InvitePending","source_platform":"truecoach","source_person_id":"b","display_name":"Synthetic A","created_at":"2026-09-24T18:39:01.873Z","updated_at":"2026-09-24T18:39:01.873Z"}],"page":{"limit":2,"next_cursor":"v2.eyJ2IjoyLCJjIjoiY29hY2giLCJpIjoiaW50ZW50IiwiZiI6ImNsaWVudHMiLCJvIjoic291cmNlX2lkOmFzYyxzb3VyY2VfcGxhdGZvcm06YXNjIiwicyI6ImIiLCJwIjoidHJ1ZWNvYWNoIn0","has_more":true}},"queries":8,"pid":6241}

      231 |       }
      232 |       // Query shapes, outcomes, fixture identifiers and process IDs only; never parameters.
    > 233 |       console.warn(
          |               ^
      234 |         'PG17_PROCESS',
      235 |         JSON.stringify({
      236 |           name,

      at settleWorker (test/utils/g2-nq1-pg-harness.ts:233:15)
      at ChildProcess.<anonymous> (test/utils/g2-nq1-pg-harness.ts:253:7)

  console.warn
    PG17_PROCESS {"name":"g2n_19","old":false,"options":{"family":"workouts"},"result":{"intent_id":"intent","staged":3,"reconstructed":3,"skipped":0,"failed":0},"queries":25,"pid":6267}

      231 |       }
      232 |       // Query shapes, outcomes, fixture identifiers and process IDs only; never parameters.
    > 233 |       console.warn(
          |               ^
      234 |         'PG17_PROCESS',
      235 |         JSON.stringify({
      236 |           name,

      at settleWorker (test/utils/g2-nq1-pg-harness.ts:233:15)
      at ChildProcess.<anonymous> (test/utils/g2-nq1-pg-harness.ts:253:7)

  console.warn
    PG17_PROCESS {"name":"g2n_20","old":false,"options":{"action":"entities","family":"workouts"},"result":{"intent_id":"intent","family":"workouts","entities":[{"id":"26966a41-ad16-4d65-a31f-5278c70fa129","source_platform":"truecoach","entity_type":"workouts","source_id":"a","client_source_id":"client-new","label":"Synthetic A","created_at":"2026-09-24T18:39:06.581Z","updated_at":"2026-09-24T18:39:06.581Z"}],"page_count":1,"next_cursor":"v2.eyJ2IjoyLCJjIjoiY29hY2giLCJpIjoiaW50ZW50IiwiZiI6IndvcmtvdXRzIiwibyI6InNvdXJjZV9pZDphc2Msc291cmNlX3BsYXRmb3JtOmFzYyIsInMiOiJhIiwicCI6InRydWVjb2FjaCJ9"},"queries":6,"pid":6285}

      231 |       }
      232 |       // Query shapes, outcomes, fixture identifiers and process IDs only; never parameters.
    > 233 |       console.warn(
          |               ^
      234 |         'PG17_PROCESS',
      235 |         JSON.stringify({
      236 |           name,

      at settleWorker (test/utils/g2-nq1-pg-harness.ts:233:15)
      at ChildProcess.<anonymous> (test/utils/g2-nq1-pg-harness.ts:253:7)

  console.warn
    PG17_PROCESS {"name":"g2n_21","old":false,"options":{"action":"entities","family":"workouts","cursor":"<cursor>"},"result":{"intent_id":"intent","family":"workouts","entities":[{"id":"2906b195-caa1-41e7-bb95-25144d5bbe24","source_platform":"truecoach","entity_type":"workouts","source_id":"b","client_source_id":"client-new","label":"Synthetic A","created_at":"2026-09-24T18:39:06.587Z","updated_at":"2026-09-24T18:39:06.587Z"}],"page_count":1,"next_cursor":"v2.eyJ2IjoyLCJjIjoiY29hY2giLCJpIjoiaW50ZW50IiwiZiI6IndvcmtvdXRzIiwibyI6InNvdXJjZV9pZDphc2Msc291cmNlX3BsYXRmb3JtOmFzYyIsInMiOiJiIiwicCI6InRydWVjb2FjaCJ9"},"queries":6,"pid":6301}

      231 |       }
      232 |       // Query shapes, outcomes, fixture identifiers and process IDs only; never parameters.
    > 233 |       console.warn(
          |               ^
      234 |         'PG17_PROCESS',
      235 |         JSON.stringify({
      236 |           name,

      at settleWorker (test/utils/g2-nq1-pg-harness.ts:233:15)
      at ChildProcess.<anonymous> (test/utils/g2-nq1-pg-harness.ts:253:7)

  console.warn
    PG17_PROCESS {"name":"g2n_22","old":false,"options":{"action":"entities","family":"workouts","cursor":"<cursor>"},"result":{"intent_id":"intent","family":"workouts","entities":[{"id":"aed98d39-ec95-4ab5-9c12-815613c33aca","source_platform":"truecoach","entity_type":"workouts","source_id":"c","client_source_id":"client-new","label":"Synthetic A","created_at":"2026-09-24T18:39:06.590Z","updated_at":"2026-09-24T18:39:06.590Z"}],"page_count":1,"next_cursor":null},"queries":6,"pid":6317}

      231 |       }
      232 |       // Query shapes, outcomes, fixture identifiers and process IDs only; never parameters.
    > 233 |       console.warn(
          |               ^
      234 |         'PG17_PROCESS',
      235 |         JSON.stringify({
      236 |           name,

      at settleWorker (test/utils/g2-nq1-pg-harness.ts:233:15)
      at ChildProcess.<anonymous> (test/utils/g2-nq1-pg-harness.ts:253:7)

  console.warn
    PG17_PROCESS {"name":"g2n_23","old":false,"options":{"action":"entities","family":"workouts","limit":2},"result":{"intent_id":"intent","family":"workouts","entities":[{"id":"26966a41-ad16-4d65-a31f-5278c70fa129","source_platform":"truecoach","entity_type":"workouts","source_id":"a","client_source_id":"client-new","label":"Synthetic A","created_at":"2026-09-24T18:39:06.581Z","updated_at":"2026-09-24T18:39:06.581Z"},{"id":"2906b195-caa1-41e7-bb95-25144d5bbe24","source_platform":"truecoach","entity_type":"workouts","source_id":"b","client_source_id":"client-new","label":"Synthetic A","created_at":"2026-09-24T18:39:06.587Z","updated_at":"2026-09-24T18:39:06.587Z"}],"page_count":2,"next_cursor":"v2.eyJ2IjoyLCJjIjoiY29hY2giLCJpIjoiaW50ZW50IiwiZiI6IndvcmtvdXRzIiwibyI6InNvdXJjZV9pZDphc2Msc291cmNlX3BsYXRmb3JtOmFzYyIsInMiOiJiIiwicCI6InRydWVjb2FjaCJ9"},"queries":6,"pid":6333}

      231 |       }
      232 |       // Query shapes, outcomes, fixture identifiers and process IDs only; never parameters.
    > 233 |       console.warn(
          |               ^
      234 |         'PG17_PROCESS',
      235 |         JSON.stringify({
      236 |           name,

      at settleWorker (test/utils/g2-nq1-pg-harness.ts:233:15)
      at ChildProcess.<anonymous> (test/utils/g2-nq1-pg-harness.ts:253:7)

  console.warn
    PG17_PROCESS {"name":"g2n_24","old":false,"options":{"family":"clients"},"result":{"intent_id":"intent","staged":4,"reconstructed":4,"skipped":0,"failed":0},"queries":32,"pid":6361}

      231 |       }
      232 |       // Query shapes, outcomes, fixture identifiers and process IDs only; never parameters.
    > 233 |       console.warn(
          |               ^
      234 |         'PG17_PROCESS',
      235 |         JSON.stringify({
      236 |           name,

      at settleWorker (test/utils/g2-nq1-pg-harness.ts:233:15)
      at ChildProcess.<anonymous> (test/utils/g2-nq1-pg-harness.ts:253:7)

  console.warn
    PG17_PROCESS {"name":"g2n_25","old":false,"options":{"action":"roster","family":"clients"},"result":{"intent_id":"intent","accounting":{"staged":4,"reconstructed":4,"skipped":0,"failed":0},"persons":[{"id":"d61b3b40-ef9d-4a1b-8ce1-b84adf26f953","state":"InvitePending","source_platform":"truecoach","source_person_id":"a","display_name":"Synthetic A","created_at":"2026-09-24T18:39:11.496Z","updated_at":"2026-09-24T18:39:11.496Z"}],"page":{"limit":1,"next_cursor":"v2.eyJ2IjoyLCJjIjoiY29hY2giLCJpIjoiaW50ZW50IiwiZiI6ImNsaWVudHMiLCJvIjoic291cmNlX2lkOmFzYyxzb3VyY2VfcGxhdGZvcm06YXNjIiwicyI6ImEiLCJwIjoidHJ1ZWNvYWNoIn0","has_more":true}},"queries":8,"pid":6379}

      231 |       }
      232 |       // Query shapes, outcomes, fixture identifiers and process IDs only; never parameters.
    > 233 |       console.warn(
          |               ^
      234 |         'PG17_PROCESS',
      235 |         JSON.stringify({
      236 |           name,

      at settleWorker (test/utils/g2-nq1-pg-harness.ts:233:15)
      at ChildProcess.<anonymous> (test/utils/g2-nq1-pg-harness.ts:253:7)

  console.warn
    PG17_PROCESS {"name":"g2n_26","old":true,"options":{"action":"roster","family":"clients","cursor":"<cursor>"},"result":{"intent_id":"intent","accounting":{"staged":4,"reconstructed":4,"skipped":0,"failed":0},"persons":[{"id":"09d5c189-35d9-4cc4-b402-27800e6fab6d","state":"InvitePending","source_platform":"truecoach","source_person_id":"b","display_name":"Synthetic A","created_at":"2026-09-24T18:39:11.505Z","updated_at":"2026-09-24T18:39:11.505Z"}],"page":{"limit":1,"next_cursor":"Yg","has_more":true}},"queries":8,"pid":6395}

      231 |       }
      232 |       // Query shapes, outcomes, fixture identifiers and process IDs only; never parameters.
    > 233 |       console.warn(
          |               ^
      234 |         'PG17_PROCESS',
      235 |         JSON.stringify({
      236 |           name,

      at settleWorker (test/utils/g2-nq1-pg-harness.ts:233:15)
      at ChildProcess.<anonymous> (test/utils/g2-nq1-pg-harness.ts:253:7)

  console.warn
    PG17_PROCESS {"name":"g2n_27","old":false,"options":{"action":"roster","family":"clients","cursor":"<cursor>"},"result":{"intent_id":"intent","accounting":{"staged":4,"reconstructed":4,"skipped":0,"failed":0},"persons":[{"id":"aa251f70-6683-46d9-84c0-4b7b17ac6814","state":"InvitePending","source_platform":"truecoach","source_person_id":"c","display_name":"Synthetic A","created_at":"2026-09-24T18:39:11.509Z","updated_at":"2026-09-24T18:39:11.509Z"}],"page":{"limit":1,"next_cursor":"v2.eyJ2IjoyLCJjIjoiY29hY2giLCJpIjoiaW50ZW50IiwiZiI6ImNsaWVudHMiLCJvIjoic291cmNlX2lkOmFzYyxzb3VyY2VfcGxhdGZvcm06YXNjIiwicyI6ImMiLCJwIjoidHJ1ZWNvYWNoIn0","has_more":true}},"queries":9,"pid":6412}

      231 |       }
      232 |       // Query shapes, outcomes, fixture identifiers and process IDs only; never parameters.
    > 233 |       console.warn(
          |               ^
      234 |         'PG17_PROCESS',
      235 |         JSON.stringify({
      236 |           name,

      at settleWorker (test/utils/g2-nq1-pg-harness.ts:233:15)
      at ChildProcess.<anonymous> (test/utils/g2-nq1-pg-harness.ts:253:7)

  console.warn
    PG17_PROCESS {"name":"g2n_28","old":false,"options":{"action":"roster","family":"clients","cursor":"<cursor>"},"result":{"intent_id":"intent","accounting":{"staged":4,"reconstructed":4,"skipped":0,"failed":0},"persons":[{"id":"bbcbf8e7-028c-4365-a09f-640aabc0cd26","state":"InvitePending","source_platform":"truecoach","source_person_id":"d","display_name":"Synthetic A","created_at":"2026-09-24T18:39:11.513Z","updated_at":"2026-09-24T18:39:11.513Z"}],"page":{"limit":1,"next_cursor":null,"has_more":false}},"queries":8,"pid":6428}

      231 |       }
      232 |       // Query shapes, outcomes, fixture identifiers and process IDs only; never parameters.
    > 233 |       console.warn(
          |               ^
      234 |         'PG17_PROCESS',
      235 |         JSON.stringify({
      236 |           name,

      at settleWorker (test/utils/g2-nq1-pg-harness.ts:233:15)
      at ChildProcess.<anonymous> (test/utils/g2-nq1-pg-harness.ts:253:7)

  console.warn
    PG17_PROCESS {"name":"g2n_29","old":true,"options":{"action":"roster","family":"clients"},"result":{"intent_id":"intent","accounting":{"staged":4,"reconstructed":4,"skipped":0,"failed":0},"persons":[{"id":"d61b3b40-ef9d-4a1b-8ce1-b84adf26f953","state":"InvitePending","source_platform":"truecoach","source_person_id":"a","display_name":"Synthetic A","created_at":"2026-09-24T18:39:11.496Z","updated_at":"2026-09-24T18:39:11.496Z"}],"page":{"limit":1,"next_cursor":"YQ","has_more":true}},"queries":8,"pid":6444}

      231 |       }
      232 |       // Query shapes, outcomes, fixture identifiers and process IDs only; never parameters.
    > 233 |       console.warn(
          |               ^
      234 |         'PG17_PROCESS',
      235 |         JSON.stringify({
      236 |           name,

      at settleWorker (test/utils/g2-nq1-pg-harness.ts:233:15)
      at ChildProcess.<anonymous> (test/utils/g2-nq1-pg-harness.ts:253:7)

  console.warn
    PG17_PROCESS {"name":"g2n_30","old":false,"options":{"action":"roster","family":"clients","cursor":"<cursor>"},"result":{"intent_id":"intent","accounting":{"staged":4,"reconstructed":4,"skipped":0,"failed":0},"persons":[{"id":"09d5c189-35d9-4cc4-b402-27800e6fab6d","state":"InvitePending","source_platform":"truecoach","source_person_id":"b","display_name":"Synthetic A","created_at":"2026-09-24T18:39:11.505Z","updated_at":"2026-09-24T18:39:11.505Z"}],"page":{"limit":1,"next_cursor":"v2.eyJ2IjoyLCJjIjoiY29hY2giLCJpIjoiaW50ZW50IiwiZiI6ImNsaWVudHMiLCJvIjoic291cmNlX2lkOmFzYyxzb3VyY2VfcGxhdGZvcm06YXNjIiwicyI6ImIiLCJwIjoidHJ1ZWNvYWNoIn0","has_more":true}},"queries":9,"pid":6460}

      231 |       }
      232 |       // Query shapes, outcomes, fixture identifiers and process IDs only; never parameters.
    > 233 |       console.warn(
          |               ^
      234 |         'PG17_PROCESS',
      235 |         JSON.stringify({
      236 |           name,

      at settleWorker (test/utils/g2-nq1-pg-harness.ts:233:15)
      at ChildProcess.<anonymous> (test/utils/g2-nq1-pg-harness.ts:253:7)

  console.warn
    PG17_PROCESS {"name":"g2n_31","old":true,"options":{"action":"roster","family":"clients","cursor":"<cursor>"},"result":{"intent_id":"intent","accounting":{"staged":4,"reconstructed":4,"skipped":0,"failed":0},"persons":[{"id":"aa251f70-6683-46d9-84c0-4b7b17ac6814","state":"InvitePending","source_platform":"truecoach","source_person_id":"c","display_name":"Synthetic A","created_at":"2026-09-24T18:39:11.509Z","updated_at":"2026-09-24T18:39:11.509Z"}],"page":{"limit":1,"next_cursor":"Yw","has_more":true}},"queries":8,"pid":6476}

      231 |       }
      232 |       // Query shapes, outcomes, fixture identifiers and process IDs only; never parameters.
    > 233 |       console.warn(
          |               ^
      234 |         'PG17_PROCESS',
      235 |         JSON.stringify({
      236 |           name,

      at settleWorker (test/utils/g2-nq1-pg-harness.ts:233:15)
      at ChildProcess.<anonymous> (test/utils/g2-nq1-pg-harness.ts:253:7)

  console.warn
    PG17_PROCESS {"name":"g2n_32","old":true,"options":{"action":"roster","family":"clients","cursor":"<cursor>"},"result":{"intent_id":"intent","accounting":{"staged":4,"reconstructed":4,"skipped":0,"failed":0},"persons":[{"id":"bbcbf8e7-028c-4365-a09f-640aabc0cd26","state":"InvitePending","source_platform":"truecoach","source_person_id":"d","display_name":"Synthetic A","created_at":"2026-09-24T18:39:11.513Z","updated_at":"2026-09-24T18:39:11.513Z"}],"page":{"limit":1,"next_cursor":null,"has_more":false}},"queries":8,"pid":6492}

      231 |       }
      232 |       // Query shapes, outcomes, fixture identifiers and process IDs only; never parameters.
    > 233 |       console.warn(
          |               ^
      234 |         'PG17_PROCESS',
      235 |         JSON.stringify({
      236 |           name,

      at settleWorker (test/utils/g2-nq1-pg-harness.ts:233:15)
      at ChildProcess.<anonymous> (test/utils/g2-nq1-pg-harness.ts:253:7)

  console.warn
    PG17_PROCESS {"name":"g2n_33","old":false,"options":{"action":"roster","family":"clients","limit":1},"result":{"intent_id":"intent","accounting":{"staged":4,"reconstructed":4,"skipped":0,"failed":0},"persons":[{"id":"d61b3b40-ef9d-4a1b-8ce1-b84adf26f953","state":"InvitePending","source_platform":"truecoach","source_person_id":"a","display_name":"Synthetic A","created_at":"2026-09-24T18:39:11.496Z","updated_at":"2026-09-24T18:39:11.496Z"}],"page":{"limit":1,"next_cursor":"v2.eyJ2IjoyLCJjIjoiY29hY2giLCJpIjoiaW50ZW50IiwiZiI6ImNsaWVudHMiLCJvIjoic291cmNlX2lkOmFzYyxzb3VyY2VfcGxhdGZvcm06YXNjIiwicyI6ImEiLCJwIjoidHJ1ZWNvYWNoIn0","has_more":true}},"queries":8,"pid":6510}

      231 |       }
      232 |       // Query shapes, outcomes, fixture identifiers and process IDs only; never parameters.
    > 233 |       console.warn(
          |               ^
      234 |         'PG17_PROCESS',
      235 |         JSON.stringify({
      236 |           name,

      at settleWorker (test/utils/g2-nq1-pg-harness.ts:233:15)
      at ChildProcess.<anonymous> (test/utils/g2-nq1-pg-harness.ts:253:7)

  console.warn
    PG17_PROCESS {"name":"g2n_34","old":false,"options":{"action":"roster","family":"clients","cursor":"<cursor>","limit":1},"result":{"intent_id":"intent","accounting":{"staged":4,"reconstructed":4,"skipped":0,"failed":0},"persons":[{"id":"09d5c189-35d9-4cc4-b402-27800e6fab6d","state":"InvitePending","source_platform":"truecoach","source_person_id":"b","display_name":"Synthetic A","created_at":"2026-09-24T18:39:11.505Z","updated_at":"2026-09-24T18:39:11.505Z"}],"page":{"limit":1,"next_cursor":"v2.eyJ2IjoyLCJjIjoiY29hY2giLCJpIjoiaW50ZW50IiwiZiI6ImNsaWVudHMiLCJvIjoic291cmNlX2lkOmFzYyxzb3VyY2VfcGxhdGZvcm06YXNjIiwicyI6ImIiLCJwIjoidHJ1ZWNvYWNoIn0","has_more":true}},"queries":8,"pid":6526}

      231 |       }
      232 |       // Query shapes, outcomes, fixture identifiers and process IDs only; never parameters.
    > 233 |       console.warn(
          |               ^
      234 |         'PG17_PROCESS',
      235 |         JSON.stringify({
      236 |           name,

      at settleWorker (test/utils/g2-nq1-pg-harness.ts:233:15)
      at ChildProcess.<anonymous> (test/utils/g2-nq1-pg-harness.ts:253:7)

  console.warn
    PG17_PROCESS {"name":"g2n_35","old":false,"options":{"action":"roster","family":"clients","cursor":"<cursor>","limit":1},"result":{"intent_id":"intent","accounting":{"staged":4,"reconstructed":4,"skipped":0,"failed":0},"persons":[{"id":"aa251f70-6683-46d9-84c0-4b7b17ac6814","state":"InvitePending","source_platform":"truecoach","source_person_id":"c","display_name":"Synthetic A","created_at":"2026-09-24T18:39:11.509Z","updated_at":"2026-09-24T18:39:11.509Z"}],"page":{"limit":1,"next_cursor":"v2.eyJ2IjoyLCJjIjoiY29hY2giLCJpIjoiaW50ZW50IiwiZiI6ImNsaWVudHMiLCJvIjoic291cmNlX2lkOmFzYyxzb3VyY2VfcGxhdGZvcm06YXNjIiwicyI6ImMiLCJwIjoidHJ1ZWNvYWNoIn0","has_more":true}},"queries":8,"pid":6542}

      231 |       }
      232 |       // Query shapes, outcomes, fixture identifiers and process IDs only; never parameters.
    > 233 |       console.warn(
          |               ^
      234 |         'PG17_PROCESS',
      235 |         JSON.stringify({
      236 |           name,

      at settleWorker (test/utils/g2-nq1-pg-harness.ts:233:15)
      at ChildProcess.<anonymous> (test/utils/g2-nq1-pg-harness.ts:253:7)

  console.warn
    PG17_PROCESS {"name":"g2n_36","old":false,"options":{"action":"roster","family":"clients","cursor":"<cursor>","limit":1},"result":{"intent_id":"intent","accounting":{"staged":4,"reconstructed":4,"skipped":0,"failed":0},"persons":[{"id":"bbcbf8e7-028c-4365-a09f-640aabc0cd26","state":"InvitePending","source_platform":"truecoach","source_person_id":"d","display_name":"Synthetic A","created_at":"2026-09-24T18:39:11.513Z","updated_at":"2026-09-24T18:39:11.513Z"}],"page":{"limit":1,"next_cursor":null,"has_more":false}},"queries":8,"pid":6560}

      231 |       }
      232 |       // Query shapes, outcomes, fixture identifiers and process IDs only; never parameters.
    > 233 |       console.warn(
          |               ^
      234 |         'PG17_PROCESS',
      235 |         JSON.stringify({
      236 |           name,

      at settleWorker (test/utils/g2-nq1-pg-harness.ts:233:15)
      at ChildProcess.<anonymous> (test/utils/g2-nq1-pg-harness.ts:253:7)

  console.warn
    PG17_PROCESS {"name":"g2n_37","old":true,"options":{"action":"roster","family":"clients","limit":1},"result":{"intent_id":"intent","accounting":{"staged":4,"reconstructed":4,"skipped":0,"failed":0},"persons":[{"id":"d61b3b40-ef9d-4a1b-8ce1-b84adf26f953","state":"InvitePending","source_platform":"truecoach","source_person_id":"a","display_name":"Synthetic A","created_at":"2026-09-24T18:39:11.496Z","updated_at":"2026-09-24T18:39:11.496Z"}],"page":{"limit":1,"next_cursor":"YQ","has_more":true}},"queries":8,"pid":6578}

      231 |       }
      232 |       // Query shapes, outcomes, fixture identifiers and process IDs only; never parameters.
    > 233 |       console.warn(
          |               ^
      234 |         'PG17_PROCESS',
      235 |         JSON.stringify({
      236 |           name,

      at settleWorker (test/utils/g2-nq1-pg-harness.ts:233:15)
      at ChildProcess.<anonymous> (test/utils/g2-nq1-pg-harness.ts:253:7)

  console.warn
    PG17_PROCESS {"name":"g2n_38","old":true,"options":{"action":"roster","family":"clients","cursor":"<cursor>","limit":1},"result":{"intent_id":"intent","accounting":{"staged":4,"reconstructed":4,"skipped":0,"failed":0},"persons":[{"id":"09d5c189-35d9-4cc4-b402-27800e6fab6d","state":"InvitePending","source_platform":"truecoach","source_person_id":"b","display_name":"Synthetic A","created_at":"2026-09-24T18:39:11.505Z","updated_at":"2026-09-24T18:39:11.505Z"}],"page":{"limit":1,"next_cursor":"Yg","has_more":true}},"queries":8,"pid":6594}

      231 |       }
      232 |       // Query shapes, outcomes, fixture identifiers and process IDs only; never parameters.
    > 233 |       console.warn(
          |               ^
      234 |         'PG17_PROCESS',
      235 |         JSON.stringify({
      236 |           name,

      at settleWorker (test/utils/g2-nq1-pg-harness.ts:233:15)
      at ChildProcess.<anonymous> (test/utils/g2-nq1-pg-harness.ts:253:7)

  console.warn
    PG17_PROCESS {"name":"g2n_39","old":true,"options":{"action":"roster","family":"clients","cursor":"<cursor>","limit":1},"result":{"intent_id":"intent","accounting":{"staged":4,"reconstructed":4,"skipped":0,"failed":0},"persons":[{"id":"aa251f70-6683-46d9-84c0-4b7b17ac6814","state":"InvitePending","source_platform":"truecoach","source_person_id":"c","display_name":"Synthetic A","created_at":"2026-09-24T18:39:11.509Z","updated_at":"2026-09-24T18:39:11.509Z"}],"page":{"limit":1,"next_cursor":"Yw","has_more":true}},"queries":8,"pid":6610}

      231 |       }
      232 |       // Query shapes, outcomes, fixture identifiers and process IDs only; never parameters.
    > 233 |       console.warn(
          |               ^
      234 |         'PG17_PROCESS',
      235 |         JSON.stringify({
      236 |           name,

      at settleWorker (test/utils/g2-nq1-pg-harness.ts:233:15)
      at ChildProcess.<anonymous> (test/utils/g2-nq1-pg-harness.ts:253:7)

  console.warn
    PG17_PROCESS {"name":"g2n_40","old":true,"options":{"action":"roster","family":"clients","cursor":"<cursor>","limit":1},"result":{"intent_id":"intent","accounting":{"staged":4,"reconstructed":4,"skipped":0,"failed":0},"persons":[{"id":"bbcbf8e7-028c-4365-a09f-640aabc0cd26","state":"InvitePending","source_platform":"truecoach","source_person_id":"d","display_name":"Synthetic A","created_at":"2026-09-24T18:39:11.513Z","updated_at":"2026-09-24T18:39:11.513Z"}],"page":{"limit":1,"next_cursor":null,"has_more":false}},"queries":8,"pid":6626}

      231 |       }
      232 |       // Query shapes, outcomes, fixture identifiers and process IDs only; never parameters.
    > 233 |       console.warn(
          |               ^
      234 |         'PG17_PROCESS',
      235 |         JSON.stringify({
      236 |           name,

      at settleWorker (test/utils/g2-nq1-pg-harness.ts:233:15)
      at ChildProcess.<anonymous> (test/utils/g2-nq1-pg-harness.ts:253:7)

  console.warn
    PG17_PROCESS {"name":"g2n_41","old":false,"options":{"family":"workouts"},"result":{"intent_id":"intent","staged":4,"reconstructed":4,"skipped":0,"failed":0},"queries":32,"pid":6654}

      231 |       }
      232 |       // Query shapes, outcomes, fixture identifiers and process IDs only; never parameters.
    > 233 |       console.warn(
          |               ^
      234 |         'PG17_PROCESS',
      235 |         JSON.stringify({
      236 |           name,

      at settleWorker (test/utils/g2-nq1-pg-harness.ts:233:15)
      at ChildProcess.<anonymous> (test/utils/g2-nq1-pg-harness.ts:253:7)

  console.warn
    PG17_PROCESS {"name":"g2n_42","old":false,"options":{"action":"entities","family":"workouts"},"result":{"intent_id":"intent","family":"workouts","entities":[{"id":"727550f1-c55c-4c81-83f4-50cfec8b7f3a","source_platform":"truecoach","entity_type":"workouts","source_id":"a","client_source_id":"client-new","label":"Synthetic A","created_at":"2026-09-24T18:39:30.677Z","updated_at":"2026-09-24T18:39:30.677Z"}],"page_count":1,"next_cursor":"v2.eyJ2IjoyLCJjIjoiY29hY2giLCJpIjoiaW50ZW50IiwiZiI6IndvcmtvdXRzIiwibyI6InNvdXJjZV9pZDphc2Msc291cmNlX3BsYXRmb3JtOmFzYyIsInMiOiJhIiwicCI6InRydWVjb2FjaCJ9"},"queries":6,"pid":6672}

      231 |       }
      232 |       // Query shapes, outcomes, fixture identifiers and process IDs only; never parameters.
    > 233 |       console.warn(
          |               ^
      234 |         'PG17_PROCESS',
      235 |         JSON.stringify({
      236 |           name,

      at settleWorker (test/utils/g2-nq1-pg-harness.ts:233:15)
      at ChildProcess.<anonymous> (test/utils/g2-nq1-pg-harness.ts:253:7)

  console.warn
    PG17_PROCESS {"name":"g2n_43","old":true,"options":{"action":"entities","family":"workouts","cursor":"<cursor>"},"result":{"intent_id":"intent","family":"workouts","entities":[{"id":"0a6db2d7-cf68-4e56-9402-a9c5677207c7","source_platform":"truecoach","entity_type":"workouts","source_id":"b","client_source_id":"client-new","label":"Synthetic A","created_at":"2026-09-24T18:39:30.684Z","updated_at":"2026-09-24T18:39:30.684Z"}],"page_count":1,"next_cursor":"eyJjIjoiY29hY2giLCJpIjoiaW50ZW50IiwiZiI6IndvcmtvdXRzIiwibyI6InNvdXJjZV9pZDphc2MiLCJzIjoiYiJ9"},"queries":6,"pid":6688}

      231 |       }
      232 |       // Query shapes, outcomes, fixture identifiers and process IDs only; never parameters.
    > 233 |       console.warn(
          |               ^
      234 |         'PG17_PROCESS',
      235 |         JSON.stringify({
      236 |           name,

      at settleWorker (test/utils/g2-nq1-pg-harness.ts:233:15)
      at ChildProcess.<anonymous> (test/utils/g2-nq1-pg-harness.ts:253:7)

  console.warn
    PG17_PROCESS {"name":"g2n_44","old":false,"options":{"action":"entities","family":"workouts","cursor":"<cursor>"},"result":{"intent_id":"intent","family":"workouts","entities":[{"id":"d5bf53f0-d02a-4d39-8bf1-43cdc8fc826c","source_platform":"truecoach","entity_type":"workouts","source_id":"c","client_source_id":"client-new","label":"Synthetic A","created_at":"2026-09-24T18:39:30.687Z","updated_at":"2026-09-24T18:39:30.687Z"}],"page_count":1,"next_cursor":"v2.eyJ2IjoyLCJjIjoiY29hY2giLCJpIjoiaW50ZW50IiwiZiI6IndvcmtvdXRzIiwibyI6InNvdXJjZV9pZDphc2Msc291cmNlX3BsYXRmb3JtOmFzYyIsInMiOiJjIiwicCI6InRydWVjb2FjaCJ9"},"queries":7,"pid":6704}

      231 |       }
      232 |       // Query shapes, outcomes, fixture identifiers and process IDs only; never parameters.
    > 233 |       console.warn(
          |               ^
      234 |         'PG17_PROCESS',
      235 |         JSON.stringify({
      236 |           name,

      at settleWorker (test/utils/g2-nq1-pg-harness.ts:233:15)
      at ChildProcess.<anonymous> (test/utils/g2-nq1-pg-harness.ts:253:7)

  console.warn
    PG17_PROCESS {"name":"g2n_45","old":false,"options":{"action":"entities","family":"workouts","cursor":"<cursor>"},"result":{"intent_id":"intent","family":"workouts","entities":[{"id":"a5676175-12fe-49af-af37-fcd05f518e94","source_platform":"truecoach","entity_type":"workouts","source_id":"d","client_source_id":"client-new","label":"Synthetic A","created_at":"2026-09-24T18:39:30.691Z","updated_at":"2026-09-24T18:39:30.691Z"}],"page_count":1,"next_cursor":null},"queries":6,"pid":6720}

      231 |       }
      232 |       // Query shapes, outcomes, fixture identifiers and process IDs only; never parameters.
    > 233 |       console.warn(
          |               ^
      234 |         'PG17_PROCESS',
      235 |         JSON.stringify({
      236 |           name,

      at settleWorker (test/utils/g2-nq1-pg-harness.ts:233:15)
      at ChildProcess.<anonymous> (test/utils/g2-nq1-pg-harness.ts:253:7)

  console.warn
    PG17_PROCESS {"name":"g2n_46","old":true,"options":{"action":"entities","family":"workouts"},"result":{"intent_id":"intent","family":"workouts","entities":[{"id":"727550f1-c55c-4c81-83f4-50cfec8b7f3a","source_platform":"truecoach","entity_type":"workouts","source_id":"a","client_source_id":"client-new","label":"Synthetic A","created_at":"2026-09-24T18:39:30.677Z","updated_at":"2026-09-24T18:39:30.677Z"}],"page_count":1,"next_cursor":"eyJjIjoiY29hY2giLCJpIjoiaW50ZW50IiwiZiI6IndvcmtvdXRzIiwibyI6InNvdXJjZV9pZDphc2MiLCJzIjoiYSJ9"},"queries":6,"pid":6736}

      231 |       }
      232 |       // Query shapes, outcomes, fixture identifiers and process IDs only; never parameters.
    > 233 |       console.warn(
          |               ^
      234 |         'PG17_PROCESS',
      235 |         JSON.stringify({
      236 |           name,

      at settleWorker (test/utils/g2-nq1-pg-harness.ts:233:15)
      at ChildProcess.<anonymous> (test/utils/g2-nq1-pg-harness.ts:253:7)

  console.warn
    PG17_PROCESS {"name":"g2n_47","old":false,"options":{"action":"entities","family":"workouts","cursor":"<cursor>"},"result":{"intent_id":"intent","family":"workouts","entities":[{"id":"0a6db2d7-cf68-4e56-9402-a9c5677207c7","source_platform":"truecoach","entity_type":"workouts","source_id":"b","client_source_id":"client-new","label":"Synthetic A","created_at":"2026-09-24T18:39:30.684Z","updated_at":"2026-09-24T18:39:30.684Z"}],"page_count":1,"next_cursor":"v2.eyJ2IjoyLCJjIjoiY29hY2giLCJpIjoiaW50ZW50IiwiZiI6IndvcmtvdXRzIiwibyI6InNvdXJjZV9pZDphc2Msc291cmNlX3BsYXRmb3JtOmFzYyIsInMiOiJiIiwicCI6InRydWVjb2FjaCJ9"},"queries":7,"pid":6752}

      231 |       }
      232 |       // Query shapes, outcomes, fixture identifiers and process IDs only; never parameters.
    > 233 |       console.warn(
          |               ^
      234 |         'PG17_PROCESS',
      235 |         JSON.stringify({
      236 |           name,

      at settleWorker (test/utils/g2-nq1-pg-harness.ts:233:15)
      at ChildProcess.<anonymous> (test/utils/g2-nq1-pg-harness.ts:253:7)

  console.warn
    PG17_PROCESS {"name":"g2n_48","old":true,"options":{"action":"entities","family":"workouts","cursor":"<cursor>"},"result":{"intent_id":"intent","family":"workouts","entities":[{"id":"d5bf53f0-d02a-4d39-8bf1-43cdc8fc826c","source_platform":"truecoach","entity_type":"workouts","source_id":"c","client_source_id":"client-new","label":"Synthetic A","created_at":"2026-09-24T18:39:30.687Z","updated_at":"2026-09-24T18:39:30.687Z"}],"page_count":1,"next_cursor":"eyJjIjoiY29hY2giLCJpIjoiaW50ZW50IiwiZiI6IndvcmtvdXRzIiwibyI6InNvdXJjZV9pZDphc2MiLCJzIjoiYyJ9"},"queries":6,"pid":6768}

      231 |       }
      232 |       // Query shapes, outcomes, fixture identifiers and process IDs only; never parameters.
    > 233 |       console.warn(
          |               ^
      234 |         'PG17_PROCESS',
      235 |         JSON.stringify({
      236 |           name,

      at settleWorker (test/utils/g2-nq1-pg-harness.ts:233:15)
      at ChildProcess.<anonymous> (test/utils/g2-nq1-pg-harness.ts:253:7)

  console.warn
    PG17_PROCESS {"name":"g2n_49","old":true,"options":{"action":"entities","family":"workouts","cursor":"<cursor>"},"result":{"intent_id":"intent","family":"workouts","entities":[{"id":"a5676175-12fe-49af-af37-fcd05f518e94","source_platform":"truecoach","entity_type":"workouts","source_id":"d","client_source_id":"client-new","label":"Synthetic A","created_at":"2026-09-24T18:39:30.691Z","updated_at":"2026-09-24T18:39:30.691Z"}],"page_count":1,"next_cursor":null},"queries":6,"pid":6784}

      231 |       }
      232 |       // Query shapes, outcomes, fixture identifiers and process IDs only; never parameters.
    > 233 |       console.warn(
          |               ^
      234 |         'PG17_PROCESS',
      235 |         JSON.stringify({
      236 |           name,

      at settleWorker (test/utils/g2-nq1-pg-harness.ts:233:15)
      at ChildProcess.<anonymous> (test/utils/g2-nq1-pg-harness.ts:253:7)

  console.warn
    PG17_PROCESS {"name":"g2n_50","old":false,"options":{"action":"entities","family":"workouts","limit":1},"result":{"intent_id":"intent","family":"workouts","entities":[{"id":"727550f1-c55c-4c81-83f4-50cfec8b7f3a","source_platform":"truecoach","entity_type":"workouts","source_id":"a","client_source_id":"client-new","label":"Synthetic A","created_at":"2026-09-24T18:39:30.677Z","updated_at":"2026-09-24T18:39:30.677Z"}],"page_count":1,"next_cursor":"v2.eyJ2IjoyLCJjIjoiY29hY2giLCJpIjoiaW50ZW50IiwiZiI6IndvcmtvdXRzIiwibyI6InNvdXJjZV9pZDphc2Msc291cmNlX3BsYXRmb3JtOmFzYyIsInMiOiJhIiwicCI6InRydWVjb2FjaCJ9"},"queries":6,"pid":6800}

      231 |       }
      232 |       // Query shapes, outcomes, fixture identifiers and process IDs only; never parameters.
    > 233 |       console.warn(
          |               ^
      234 |         'PG17_PROCESS',
      235 |         JSON.stringify({
      236 |           name,

      at settleWorker (test/utils/g2-nq1-pg-harness.ts:233:15)
      at ChildProcess.<anonymous> (test/utils/g2-nq1-pg-harness.ts:253:7)

  console.warn
    PG17_PROCESS {"name":"g2n_51","old":false,"options":{"action":"entities","family":"workouts","cursor":"<cursor>","limit":1},"result":{"intent_id":"intent","family":"workouts","entities":[{"id":"0a6db2d7-cf68-4e56-9402-a9c5677207c7","source_platform":"truecoach","entity_type":"workouts","source_id":"b","client_source_id":"client-new","label":"Synthetic A","created_at":"2026-09-24T18:39:30.684Z","updated_at":"2026-09-24T18:39:30.684Z"}],"page_count":1,"next_cursor":"v2.eyJ2IjoyLCJjIjoiY29hY2giLCJpIjoiaW50ZW50IiwiZiI6IndvcmtvdXRzIiwibyI6InNvdXJjZV9pZDphc2Msc291cmNlX3BsYXRmb3JtOmFzYyIsInMiOiJiIiwicCI6InRydWVjb2FjaCJ9"},"queries":6,"pid":6816}

      231 |       }
      232 |       // Query shapes, outcomes, fixture identifiers and process IDs only; never parameters.
    > 233 |       console.warn(
          |               ^
      234 |         'PG17_PROCESS',
      235 |         JSON.stringify({
      236 |           name,

      at settleWorker (test/utils/g2-nq1-pg-harness.ts:233:15)
      at ChildProcess.<anonymous> (test/utils/g2-nq1-pg-harness.ts:253:7)

  console.warn
    PG17_PROCESS {"name":"g2n_52","old":false,"options":{"action":"entities","family":"workouts","cursor":"<cursor>","limit":1},"result":{"intent_id":"intent","family":"workouts","entities":[{"id":"d5bf53f0-d02a-4d39-8bf1-43cdc8fc826c","source_platform":"truecoach","entity_type":"workouts","source_id":"c","client_source_id":"client-new","label":"Synthetic A","created_at":"2026-09-24T18:39:30.687Z","updated_at":"2026-09-24T18:39:30.687Z"}],"page_count":1,"next_cursor":"v2.eyJ2IjoyLCJjIjoiY29hY2giLCJpIjoiaW50ZW50IiwiZiI6IndvcmtvdXRzIiwibyI6InNvdXJjZV9pZDphc2Msc291cmNlX3BsYXRmb3JtOmFzYyIsInMiOiJjIiwicCI6InRydWVjb2FjaCJ9"},"queries":6,"pid":6833}

      231 |       }
      232 |       // Query shapes, outcomes, fixture identifiers and process IDs only; never parameters.
    > 233 |       console.warn(
          |               ^
      234 |         'PG17_PROCESS',
      235 |         JSON.stringify({
      236 |           name,

      at settleWorker (test/utils/g2-nq1-pg-harness.ts:233:15)
      at ChildProcess.<anonymous> (test/utils/g2-nq1-pg-harness.ts:253:7)

  console.warn
    PG17_PROCESS {"name":"g2n_53","old":false,"options":{"action":"entities","family":"workouts","cursor":"<cursor>","limit":1},"result":{"intent_id":"intent","family":"workouts","entities":[{"id":"a5676175-12fe-49af-af37-fcd05f518e94","source_platform":"truecoach","entity_type":"workouts","source_id":"d","client_source_id":"client-new","label":"Synthetic A","created_at":"2026-09-24T18:39:30.691Z","updated_at":"2026-09-24T18:39:30.691Z"}],"page_count":1,"next_cursor":null},"queries":6,"pid":6849}

      231 |       }
      232 |       // Query shapes, outcomes, fixture identifiers and process IDs only; never parameters.
    > 233 |       console.warn(
          |               ^
      234 |         'PG17_PROCESS',
      235 |         JSON.stringify({
      236 |           name,

      at settleWorker (test/utils/g2-nq1-pg-harness.ts:233:15)
      at ChildProcess.<anonymous> (test/utils/g2-nq1-pg-harness.ts:253:7)

  console.warn
    PG17_PROCESS {"name":"g2n_54","old":true,"options":{"action":"entities","family":"workouts","limit":1},"result":{"intent_id":"intent","family":"workouts","entities":[{"id":"727550f1-c55c-4c81-83f4-50cfec8b7f3a","source_platform":"truecoach","entity_type":"workouts","source_id":"a","client_source_id":"client-new","label":"Synthetic A","created_at":"2026-09-24T18:39:30.677Z","updated_at":"2026-09-24T18:39:30.677Z"}],"page_count":1,"next_cursor":"eyJjIjoiY29hY2giLCJpIjoiaW50ZW50IiwiZiI6IndvcmtvdXRzIiwibyI6InNvdXJjZV9pZDphc2MiLCJzIjoiYSJ9"},"queries":6,"pid":6865}

      231 |       }
      232 |       // Query shapes, outcomes, fixture identifiers and process IDs only; never parameters.
    > 233 |       console.warn(
          |               ^
      234 |         'PG17_PROCESS',
      235 |         JSON.stringify({
      236 |           name,

      at settleWorker (test/utils/g2-nq1-pg-harness.ts:233:15)
      at ChildProcess.<anonymous> (test/utils/g2-nq1-pg-harness.ts:253:7)

  console.warn
    PG17_PROCESS {"name":"g2n_55","old":true,"options":{"action":"entities","family":"workouts","cursor":"<cursor>","limit":1},"result":{"intent_id":"intent","family":"workouts","entities":[{"id":"0a6db2d7-cf68-4e56-9402-a9c5677207c7","source_platform":"truecoach","entity_type":"workouts","source_id":"b","client_source_id":"client-new","label":"Synthetic A","created_at":"2026-09-24T18:39:30.684Z","updated_at":"2026-09-24T18:39:30.684Z"}],"page_count":1,"next_cursor":"eyJjIjoiY29hY2giLCJpIjoiaW50ZW50IiwiZiI6IndvcmtvdXRzIiwibyI6InNvdXJjZV9pZDphc2MiLCJzIjoiYiJ9"},"queries":6,"pid":6883}

      231 |       }
      232 |       // Query shapes, outcomes, fixture identifiers and process IDs only; never parameters.
    > 233 |       console.warn(
          |               ^
      234 |         'PG17_PROCESS',
      235 |         JSON.stringify({
      236 |           name,

      at settleWorker (test/utils/g2-nq1-pg-harness.ts:233:15)
      at ChildProcess.<anonymous> (test/utils/g2-nq1-pg-harness.ts:253:7)

  console.warn
    PG17_PROCESS {"name":"g2n_56","old":true,"options":{"action":"entities","family":"workouts","cursor":"<cursor>","limit":1},"result":{"intent_id":"intent","family":"workouts","entities":[{"id":"d5bf53f0-d02a-4d39-8bf1-43cdc8fc826c","source_platform":"truecoach","entity_type":"workouts","source_id":"c","client_source_id":"client-new","label":"Synthetic A","created_at":"2026-09-24T18:39:30.687Z","updated_at":"2026-09-24T18:39:30.687Z"}],"page_count":1,"next_cursor":"eyJjIjoiY29hY2giLCJpIjoiaW50ZW50IiwiZiI6IndvcmtvdXRzIiwibyI6InNvdXJjZV9pZDphc2MiLCJzIjoiYyJ9"},"queries":6,"pid":6899}

      231 |       }
      232 |       // Query shapes, outcomes, fixture identifiers and process IDs only; never parameters.
    > 233 |       console.warn(
          |               ^
      234 |         'PG17_PROCESS',
      235 |         JSON.stringify({
      236 |           name,

      at settleWorker (test/utils/g2-nq1-pg-harness.ts:233:15)
      at ChildProcess.<anonymous> (test/utils/g2-nq1-pg-harness.ts:253:7)

  console.warn
    PG17_PROCESS {"name":"g2n_57","old":true,"options":{"action":"entities","family":"workouts","cursor":"<cursor>","limit":1},"result":{"intent_id":"intent","family":"workouts","entities":[{"id":"a5676175-12fe-49af-af37-fcd05f518e94","source_platform":"truecoach","entity_type":"workouts","source_id":"d","client_source_id":"client-new","label":"Synthetic A","created_at":"2026-09-24T18:39:30.691Z","updated_at":"2026-09-24T18:39:30.691Z"}],"page_count":1,"next_cursor":null},"queries":6,"pid":6915}

      231 |       }
      232 |       // Query shapes, outcomes, fixture identifiers and process IDs only; never parameters.
    > 233 |       console.warn(
          |               ^
      234 |         'PG17_PROCESS',
      235 |         JSON.stringify({
      236 |           name,

      at settleWorker (test/utils/g2-nq1-pg-harness.ts:233:15)
      at ChildProcess.<anonymous> (test/utils/g2-nq1-pg-harness.ts:253:7)

  console.warn
    PG17_PROCESS {"name":"g2n_58","old":false,"options":{"family":"clients"},"result":{"intent_id":"intent","staged":3,"reconstructed":3,"skipped":0,"failed":0},"queries":25,"pid":6941}

      231 |       }
      232 |       // Query shapes, outcomes, fixture identifiers and process IDs only; never parameters.
    > 233 |       console.warn(
          |               ^
      234 |         'PG17_PROCESS',
      235 |         JSON.stringify({
      236 |           name,

      at settleWorker (test/utils/g2-nq1-pg-harness.ts:233:15)
      at ChildProcess.<anonymous> (test/utils/g2-nq1-pg-harness.ts:253:7)

  console.warn
    PG17_PROCESS {"name":"g2n_59","old":false,"options":{"action":"roster","family":"clients","cursor":"<cursor>","limit":5},"result":{"intent_id":"intent","accounting":{"staged":3,"reconstructed":3,"skipped":0,"failed":0},"persons":[{"id":"5ac4f2d2-bd2c-483d-a126-0caff6c9900f","state":"InvitePending","source_platform":"truecoach","source_person_id":"b","display_name":"Synthetic A","created_at":"2026-09-24T18:39:46.074Z","updated_at":"2026-09-24T18:39:46.074Z"},{"id":"b1054cef-831f-4db6-92a1-ffb08046025a","state":"InvitePending","source_platform":"truecoach","source_person_id":"c","display_name":"Synthetic A","created_at":"2026-09-24T18:39:46.077Z","updated_at":"2026-09-24T18:39:46.077Z"}],"page":{"limit":5,"next_cursor":null,"has_more":false}},"queries":9,"pid":6959}

      231 |       }
      232 |       // Query shapes, outcomes, fixture identifiers and process IDs only; never parameters.
    > 233 |       console.warn(
          |               ^
      234 |         'PG17_PROCESS',
      235 |         JSON.stringify({
      236 |           name,

      at settleWorker (test/utils/g2-nq1-pg-harness.ts:233:15)
      at ChildProcess.<anonymous> (test/utils/g2-nq1-pg-harness.ts:253:7)

  console.warn
    PG17_PROCESS {"name":"g2n_60","old":false,"options":{"action":"roster","family":"clients","cursor":"<cursor>","limit":5},"result":{"intent_id":"intent","accounting":{"staged":3,"reconstructed":3,"skipped":0,"failed":0},"persons":[{"id":"5ac4f2d2-bd2c-483d-a126-0caff6c9900f","state":"InvitePending","source_platform":"truecoach","source_person_id":"b","display_name":"Synthetic A","created_at":"2026-09-24T18:39:46.074Z","updated_at":"2026-09-24T18:39:46.074Z"},{"id":"b1054cef-831f-4db6-92a1-ffb08046025a","state":"InvitePending","source_platform":"truecoach","source_person_id":"c","display_name":"Synthetic A","created_at":"2026-09-24T18:39:46.077Z","updated_at":"2026-09-24T18:39:46.077Z"}],"page":{"limit":5,"next_cursor":null,"has_more":false}},"queries":8,"pid":6975}

      231 |       }
      232 |       // Query shapes, outcomes, fixture identifiers and process IDs only; never parameters.
    > 233 |       console.warn(
          |               ^
      234 |         'PG17_PROCESS',
      235 |         JSON.stringify({
      236 |           name,

      at settleWorker (test/utils/g2-nq1-pg-harness.ts:233:15)
      at ChildProcess.<anonymous> (test/utils/g2-nq1-pg-harness.ts:253:7)

  console.warn
    PG17_PROCESS {"name":"g2n_61","old":false,"options":{"family":"clients","intent":"other"},"result":{"intent_id":"other","staged":1,"reconstructed":1,"skipped":0,"failed":0},"queries":11,"pid":6995}

      231 |       }
      232 |       // Query shapes, outcomes, fixture identifiers and process IDs only; never parameters.
    > 233 |       console.warn(
          |               ^
      234 |         'PG17_PROCESS',
      235 |         JSON.stringify({
      236 |           name,

      at settleWorker (test/utils/g2-nq1-pg-harness.ts:233:15)
      at ChildProcess.<anonymous> (test/utils/g2-nq1-pg-harness.ts:253:7)

  console.warn
    PG17_PROCESS {"name":"g2n_62","old":false,"options":{"family":"clients","mapper":"skip"},"result":{"intent_id":"intent","staged":4,"reconstructed":3,"skipped":1,"failed":0},"queries":28,"pid":7013}

      231 |       }
      232 |       // Query shapes, outcomes, fixture identifiers and process IDs only; never parameters.
    > 233 |       console.warn(
          |               ^
      234 |         'PG17_PROCESS',
      235 |         JSON.stringify({
      236 |           name,

      at settleWorker (test/utils/g2-nq1-pg-harness.ts:233:15)
      at ChildProcess.<anonymous> (test/utils/g2-nq1-pg-harness.ts:253:7)

  console.warn
    PG17_PROCESS {"name":"g2n_63","old":false,"options":{"action":"roster","family":"clients","cursor":"<cursor>"},"failure":{"status":400,"message":"malformed cursor"},"queries":5,"pid":7031}

      231 |       }
      232 |       // Query shapes, outcomes, fixture identifiers and process IDs only; never parameters.
    > 233 |       console.warn(
          |               ^
      234 |         'PG17_PROCESS',
      235 |         JSON.stringify({
      236 |           name,

      at settleWorker (test/utils/g2-nq1-pg-harness.ts:233:15)
      at ChildProcess.<anonymous> (test/utils/g2-nq1-pg-harness.ts:253:7)

  console.warn
    PG17_PROCESS {"name":"g2n_64","old":false,"options":{"action":"roster","family":"clients","cursor":"<cursor>"},"failure":{"status":400,"message":"malformed cursor"},"queries":5,"pid":7047}

      231 |       }
      232 |       // Query shapes, outcomes, fixture identifiers and process IDs only; never parameters.
    > 233 |       console.warn(
          |               ^
      234 |         'PG17_PROCESS',
      235 |         JSON.stringify({
      236 |           name,

      at settleWorker (test/utils/g2-nq1-pg-harness.ts:233:15)
      at ChildProcess.<anonymous> (test/utils/g2-nq1-pg-harness.ts:253:7)

  console.warn
    PG17_PROCESS {"name":"g2n_65","old":false,"options":{"action":"roster","family":"clients","cursor":"<cursor>"},"failure":{"status":400,"message":"malformed cursor"},"queries":5,"pid":7063}

      231 |       }
      232 |       // Query shapes, outcomes, fixture identifiers and process IDs only; never parameters.
    > 233 |       console.warn(
          |               ^
      234 |         'PG17_PROCESS',
      235 |         JSON.stringify({
      236 |           name,

      at settleWorker (test/utils/g2-nq1-pg-harness.ts:233:15)
      at ChildProcess.<anonymous> (test/utils/g2-nq1-pg-harness.ts:253:7)

  console.warn
    PG17_PROCESS {"name":"g2n_66","old":false,"options":{"action":"roster","family":"clients","cursor":"<cursor>"},"result":{"intent_id":"intent","accounting":{"staged":4,"reconstructed":3,"skipped":1,"failed":0},"persons":[{"id":"5ac4f2d2-bd2c-483d-a126-0caff6c9900f","state":"InvitePending","source_platform":"truecoach","source_person_id":"b","display_name":"Synthetic A","created_at":"2026-09-24T18:39:46.074Z","updated_at":"2026-09-24T18:39:46.074Z"}],"page":{"limit":1,"next_cursor":"v2.eyJ2IjoyLCJjIjoiY29hY2giLCJpIjoiaW50ZW50IiwiZiI6ImNsaWVudHMiLCJvIjoic291cmNlX2lkOmFzYyxzb3VyY2VfcGxhdGZvcm06YXNjIiwicyI6ImIiLCJwIjoidHJ1ZWNvYWNoIn0","has_more":true}},"queries":9,"pid":7083}

      231 |       }
      232 |       // Query shapes, outcomes, fixture identifiers and process IDs only; never parameters.
    > 233 |       console.warn(
          |               ^
      234 |         'PG17_PROCESS',
      235 |         JSON.stringify({
      236 |           name,

      at settleWorker (test/utils/g2-nq1-pg-harness.ts:233:15)
      at ChildProcess.<anonymous> (test/utils/g2-nq1-pg-harness.ts:253:7)

  console.warn
    PG17_PROCESS {"name":"g2n_67","old":false,"options":{"family":"workouts"},"result":{"intent_id":"intent","staged":3,"reconstructed":3,"skipped":0,"failed":0},"queries":25,"pid":7109}

      231 |       }
      232 |       // Query shapes, outcomes, fixture identifiers and process IDs only; never parameters.
    > 233 |       console.warn(
          |               ^
      234 |         'PG17_PROCESS',
      235 |         JSON.stringify({
      236 |           name,

      at settleWorker (test/utils/g2-nq1-pg-harness.ts:233:15)
      at ChildProcess.<anonymous> (test/utils/g2-nq1-pg-harness.ts:253:7)

  console.warn
    PG17_PROCESS {"name":"g2n_68","old":false,"options":{"action":"entities","family":"workouts","cursor":"<cursor>","limit":5},"result":{"intent_id":"intent","family":"workouts","entities":[{"id":"a6fec3d7-9a6e-4a0c-9238-835200b7bab3","source_platform":"truecoach","entity_type":"workouts","source_id":"b","client_source_id":"client-new","label":"Synthetic A","created_at":"2026-09-24T18:39:54.772Z","updated_at":"2026-09-24T18:39:54.772Z"},{"id":"8ba3c4f9-0068-40c5-bd2a-8fc0d6d7b49a","source_platform":"truecoach","entity_type":"workouts","source_id":"c","client_source_id":"client-new","label":"Synthetic A","created_at":"2026-09-24T18:39:54.776Z","updated_at":"2026-09-24T18:39:54.776Z"}],"page_count":2,"next_cursor":null},"queries":7,"pid":7127}

      231 |       }
      232 |       // Query shapes, outcomes, fixture identifiers and process IDs only; never parameters.
    > 233 |       console.warn(
          |               ^
      234 |         'PG17_PROCESS',
      235 |         JSON.stringify({
      236 |           name,

      at settleWorker (test/utils/g2-nq1-pg-harness.ts:233:15)
      at ChildProcess.<anonymous> (test/utils/g2-nq1-pg-harness.ts:253:7)

  console.warn
    PG17_PROCESS {"name":"g2n_69","old":false,"options":{"action":"entities","family":"workouts","cursor":"<cursor>","limit":5},"result":{"intent_id":"intent","family":"workouts","entities":[{"id":"a6fec3d7-9a6e-4a0c-9238-835200b7bab3","source_platform":"truecoach","entity_type":"workouts","source_id":"b","client_source_id":"client-new","label":"Synthetic A","created_at":"2026-09-24T18:39:54.772Z","updated_at":"2026-09-24T18:39:54.772Z"},{"id":"8ba3c4f9-0068-40c5-bd2a-8fc0d6d7b49a","source_platform":"truecoach","entity_type":"workouts","source_id":"c","client_source_id":"client-new","label":"Synthetic A","created_at":"2026-09-24T18:39:54.776Z","updated_at":"2026-09-24T18:39:54.776Z"}],"page_count":2,"next_cursor":null},"queries":6,"pid":7143}

      231 |       }
      232 |       // Query shapes, outcomes, fixture identifiers and process IDs only; never parameters.
    > 233 |       console.warn(
          |               ^
      234 |         'PG17_PROCESS',
      235 |         JSON.stringify({
      236 |           name,

      at settleWorker (test/utils/g2-nq1-pg-harness.ts:233:15)
      at ChildProcess.<anonymous> (test/utils/g2-nq1-pg-harness.ts:253:7)

  console.warn
    PG17_PROCESS {"name":"g2n_70","old":false,"options":{"family":"workouts","intent":"other"},"result":{"intent_id":"other","staged":1,"reconstructed":1,"skipped":0,"failed":0},"queries":11,"pid":7163}

      231 |       }
      232 |       // Query shapes, outcomes, fixture identifiers and process IDs only; never parameters.
    > 233 |       console.warn(
          |               ^
      234 |         'PG17_PROCESS',
      235 |         JSON.stringify({
      236 |           name,

      at settleWorker (test/utils/g2-nq1-pg-harness.ts:233:15)
      at ChildProcess.<anonymous> (test/utils/g2-nq1-pg-harness.ts:253:7)

  console.warn
    PG17_PROCESS {"name":"g2n_71","old":false,"options":{"family":"workouts","mapper":"skip"},"result":{"intent_id":"intent","staged":4,"reconstructed":3,"skipped":1,"failed":0},"queries":28,"pid":7181}

      231 |       }
      232 |       // Query shapes, outcomes, fixture identifiers and process IDs only; never parameters.
    > 233 |       console.warn(
          |               ^
      234 |         'PG17_PROCESS',
      235 |         JSON.stringify({
      236 |           name,

      at settleWorker (test/utils/g2-nq1-pg-harness.ts:233:15)
      at ChildProcess.<anonymous> (test/utils/g2-nq1-pg-harness.ts:253:7)

  console.warn
    PG17_PROCESS {"name":"g2n_72","old":false,"options":{"action":"entities","family":"workouts","cursor":"<cursor>"},"failure":{"status":400,"message":"malformed cursor"},"queries":5,"pid":7200}

      231 |       }
      232 |       // Query shapes, outcomes, fixture identifiers and process IDs only; never parameters.
    > 233 |       console.warn(
          |               ^
      234 |         'PG17_PROCESS',
      235 |         JSON.stringify({
      236 |           name,

      at settleWorker (test/utils/g2-nq1-pg-harness.ts:233:15)
      at ChildProcess.<anonymous> (test/utils/g2-nq1-pg-harness.ts:253:7)

  console.warn
    PG17_PROCESS {"name":"g2n_73","old":false,"options":{"action":"entities","family":"workouts","cursor":"<cursor>"},"failure":{"status":400,"message":"malformed cursor"},"queries":5,"pid":7216}

      231 |       }
      232 |       // Query shapes, outcomes, fixture identifiers and process IDs only; never parameters.
    > 233 |       console.warn(
          |               ^
      234 |         'PG17_PROCESS',
      235 |         JSON.stringify({
      236 |           name,

      at settleWorker (test/utils/g2-nq1-pg-harness.ts:233:15)
      at ChildProcess.<anonymous> (test/utils/g2-nq1-pg-harness.ts:253:7)

  console.warn
    PG17_PROCESS {"name":"g2n_74","old":false,"options":{"action":"entities","family":"workouts","cursor":"<cursor>"},"failure":{"status":400,"message":"malformed cursor"},"queries":5,"pid":7232}

      231 |       }
      232 |       // Query shapes, outcomes, fixture identifiers and process IDs only; never parameters.
    > 233 |       console.warn(
          |               ^
      234 |         'PG17_PROCESS',
      235 |         JSON.stringify({
      236 |           name,

      at settleWorker (test/utils/g2-nq1-pg-harness.ts:233:15)
      at ChildProcess.<anonymous> (test/utils/g2-nq1-pg-harness.ts:253:7)

  console.warn
    PG17_PROCESS {"name":"g2n_75","old":false,"options":{"action":"entities","family":"workouts","cursor":"<cursor>"},"result":{"intent_id":"intent","family":"workouts","entities":[{"id":"a6fec3d7-9a6e-4a0c-9238-835200b7bab3","source_platform":"truecoach","entity_type":"workouts","source_id":"b","client_source_id":"client-new","label":"Synthetic A","created_at":"2026-09-24T18:39:54.772Z","updated_at":"2026-09-24T18:39:54.772Z"}],"page_count":1,"next_cursor":"v2.eyJ2IjoyLCJjIjoiY29hY2giLCJpIjoiaW50ZW50IiwiZiI6IndvcmtvdXRzIiwibyI6InNvdXJjZV9pZDphc2Msc291cmNlX3BsYXRmb3JtOmFzYyIsInMiOiJiIiwicCI6InRydWVjb2FjaCJ9"},"queries":7,"pid":7248}

      231 |       }
      232 |       // Query shapes, outcomes, fixture identifiers and process IDs only; never parameters.
    > 233 |       console.warn(
          |               ^
      234 |         'PG17_PROCESS',
      235 |         JSON.stringify({
      236 |           name,

      at settleWorker (test/utils/g2-nq1-pg-harness.ts:233:15)
      at ChildProcess.<anonymous> (test/utils/g2-nq1-pg-harness.ts:253:7)

  console.warn
    PG17_PROCESS {"name":"g2n_76","old":false,"options":{"family":"clients"},"result":{"intent_id":"intent","staged":4,"reconstructed":4,"skipped":0,"failed":0},"queries":32,"pid":7277}

      231 |       }
      232 |       // Query shapes, outcomes, fixture identifiers and process IDs only; never parameters.
    > 233 |       console.warn(
          |               ^
      234 |         'PG17_PROCESS',
      235 |         JSON.stringify({
      236 |           name,

      at settleWorker (test/utils/g2-nq1-pg-harness.ts:233:15)
      at ChildProcess.<anonymous> (test/utils/g2-nq1-pg-harness.ts:253:7)

  console.warn
    PG17_PROCESS {"name":"g2n_77","old":false,"options":{"action":"roster","family":"clients","limit":1},"result":{"intent_id":"intent","accounting":{"staged":4,"reconstructed":4,"skipped":0,"failed":0},"persons":[{"id":"a0e99fb7-4d53-424f-95e4-af096b7def30","state":"InvitePending","source_platform":"truecoach","source_person_id":"a","display_name":"Synthetic A","created_at":"2026-09-24T18:40:03.494Z","updated_at":"2026-09-24T18:40:03.494Z"}],"page":{"limit":1,"next_cursor":"v2.eyJ2IjoyLCJjIjoiY29hY2giLCJpIjoiaW50ZW50IiwiZiI6ImNsaWVudHMiLCJvIjoic291cmNlX2lkOmFzYyxzb3VyY2VfcGxhdGZvcm06YXNjIiwicyI6ImEiLCJwIjoicDEifQ","has_more":true}},"queries":8,"pid":7301}

      231 |       }
      232 |       // Query shapes, outcomes, fixture identifiers and process IDs only; never parameters.
    > 233 |       console.warn(
          |               ^
      234 |         'PG17_PROCESS',
      235 |         JSON.stringify({
      236 |           name,

      at settleWorker (test/utils/g2-nq1-pg-harness.ts:233:15)
      at ChildProcess.<anonymous> (test/utils/g2-nq1-pg-harness.ts:253:7)

  console.warn
    PG17_PROCESS {"name":"g2n_78","old":false,"options":{"action":"roster","family":"clients","cursor":"<cursor>","limit":1},"result":{"intent_id":"intent","accounting":{"staged":4,"reconstructed":4,"skipped":0,"failed":0},"persons":[{"id":"ee3000b3-7fc1-423e-9553-6e7d352e6168","state":"InvitePending","source_platform":"truecoach","source_person_id":"b","display_name":"Synthetic A","created_at":"2026-09-24T18:40:03.503Z","updated_at":"2026-09-24T18:40:03.503Z"}],"page":{"limit":1,"next_cursor":"v2.eyJ2IjoyLCJjIjoiY29hY2giLCJpIjoiaW50ZW50IiwiZiI6ImNsaWVudHMiLCJvIjoic291cmNlX2lkOmFzYyxzb3VyY2VfcGxhdGZvcm06YXNjIiwicyI6ImEiLCJwIjoicDIifQ","has_more":true}},"queries":8,"pid":7317}

      231 |       }
      232 |       // Query shapes, outcomes, fixture identifiers and process IDs only; never parameters.
    > 233 |       console.warn(
          |               ^
      234 |         'PG17_PROCESS',
      235 |         JSON.stringify({
      236 |           name,

      at settleWorker (test/utils/g2-nq1-pg-harness.ts:233:15)
      at ChildProcess.<anonymous> (test/utils/g2-nq1-pg-harness.ts:253:7)

  console.warn
    PG17_PROCESS {"name":"g2n_79","old":false,"options":{"action":"roster","family":"clients","cursor":"<cursor>","limit":1},"result":{"intent_id":"intent","accounting":{"staged":4,"reconstructed":4,"skipped":0,"failed":0},"persons":[{"id":"2f30e925-5ac1-4f3e-8bc2-3f0292205e75","state":"InvitePending","source_platform":"truecoach","source_person_id":"c","display_name":"Synthetic A","created_at":"2026-09-24T18:40:03.507Z","updated_at":"2026-09-24T18:40:03.507Z"}],"page":{"limit":1,"next_cursor":"v2.eyJ2IjoyLCJjIjoiY29hY2giLCJpIjoiaW50ZW50IiwiZiI6ImNsaWVudHMiLCJvIjoic291cmNlX2lkOmFzYyxzb3VyY2VfcGxhdGZvcm06YXNjIiwicyI6ImEiLCJwIjoicDMifQ","has_more":true}},"queries":8,"pid":7334}

      231 |       }
      232 |       // Query shapes, outcomes, fixture identifiers and process IDs only; never parameters.
    > 233 |       console.warn(
          |               ^
      234 |         'PG17_PROCESS',
      235 |         JSON.stringify({
      236 |           name,

      at settleWorker (test/utils/g2-nq1-pg-harness.ts:233:15)
      at ChildProcess.<anonymous> (test/utils/g2-nq1-pg-harness.ts:253:7)

  console.warn
    PG17_PROCESS {"name":"g2n_80","old":false,"options":{"action":"roster","family":"clients","cursor":"<cursor>","limit":1},"result":{"intent_id":"intent","accounting":{"staged":4,"reconstructed":4,"skipped":0,"failed":0},"persons":[{"id":"7e4ddb58-d0a2-4652-bf50-461dabdd8c33","state":"InvitePending","source_platform":"truecoach","source_person_id":"d","display_name":"Synthetic A","created_at":"2026-09-24T18:40:03.510Z","updated_at":"2026-09-24T18:40:03.510Z"}],"page":{"limit":1,"next_cursor":null,"has_more":false}},"queries":8,"pid":7350}

      231 |       }
      232 |       // Query shapes, outcomes, fixture identifiers and process IDs only; never parameters.
    > 233 |       console.warn(
          |               ^
      234 |         'PG17_PROCESS',
      235 |         JSON.stringify({
      236 |           name,

      at settleWorker (test/utils/g2-nq1-pg-harness.ts:233:15)
      at ChildProcess.<anonymous> (test/utils/g2-nq1-pg-harness.ts:253:7)

  console.warn
    PG17_PROCESS {"name":"g2n_81","old":true,"options":{"action":"roster","family":"clients","cursor":"<cursor>"},"result":{"intent_id":"intent","accounting":{"staged":4,"reconstructed":4,"skipped":0,"failed":0},"persons":[{"id":"2f30e925-5ac1-4f3e-8bc2-3f0292205e75","state":"InvitePending","source_platform":"truecoach","source_person_id":"c","display_name":"Synthetic A","created_at":"2026-09-24T18:40:03.507Z","updated_at":"2026-09-24T18:40:03.507Z"}],"page":{"limit":1,"next_cursor":"YQ","has_more":true}},"queries":8,"pid":7366}

      231 |       }
      232 |       // Query shapes, outcomes, fixture identifiers and process IDs only; never parameters.
    > 233 |       console.warn(
          |               ^
      234 |         'PG17_PROCESS',
      235 |         JSON.stringify({
      236 |           name,

      at settleWorker (test/utils/g2-nq1-pg-harness.ts:233:15)
      at ChildProcess.<anonymous> (test/utils/g2-nq1-pg-harness.ts:253:7)

  console.warn
    PG17_PROCESS {"name":"g2n_82","old":false,"options":{"action":"roster","family":"clients","cursor":"<cursor>"},"failure":{"status":400,"message":"malformed cursor"},"queries":5,"pid":7382}

      231 |       }
      232 |       // Query shapes, outcomes, fixture identifiers and process IDs only; never parameters.
    > 233 |       console.warn(
          |               ^
      234 |         'PG17_PROCESS',
      235 |         JSON.stringify({
      236 |           name,

      at settleWorker (test/utils/g2-nq1-pg-harness.ts:233:15)
      at ChildProcess.<anonymous> (test/utils/g2-nq1-pg-harness.ts:253:7)

  console.warn
    PG17_PROCESS {"name":"g2n_83","old":false,"options":{"action":"roster","family":"clients","cursor":"<cursor>"},"result":{"intent_id":"intent","accounting":{"staged":4,"reconstructed":4,"skipped":0,"failed":0},"persons":[],"page":{"limit":1,"next_cursor":null,"has_more":false}},"queries":8,"pid":7398}

      231 |       }
      232 |       // Query shapes, outcomes, fixture identifiers and process IDs only; never parameters.
    > 233 |       console.warn(
          |               ^
      234 |         'PG17_PROCESS',
      235 |         JSON.stringify({
      236 |           name,

      at settleWorker (test/utils/g2-nq1-pg-harness.ts:233:15)
      at ChildProcess.<anonymous> (test/utils/g2-nq1-pg-harness.ts:253:7)

  console.warn
    PG17_PROCESS {"name":"g2n_84","old":false,"options":{"family":"workouts"},"result":{"intent_id":"intent","staged":4,"reconstructed":4,"skipped":0,"failed":0},"queries":32,"pid":7430}

      231 |       }
      232 |       // Query shapes, outcomes, fixture identifiers and process IDs only; never parameters.
    > 233 |       console.warn(
          |               ^
      234 |         'PG17_PROCESS',
      235 |         JSON.stringify({
      236 |           name,

      at settleWorker (test/utils/g2-nq1-pg-harness.ts:233:15)
      at ChildProcess.<anonymous> (test/utils/g2-nq1-pg-harness.ts:253:7)

  console.warn
    PG17_PROCESS {"name":"g2n_85","old":false,"options":{"action":"entities","family":"workouts","limit":1},"result":{"intent_id":"intent","family":"workouts","entities":[{"id":"be41b767-bf08-45b4-b934-496cdcc42a5f","source_platform":"truecoach","entity_type":"workouts","source_id":"a","client_source_id":"client-new","label":"Synthetic A","created_at":"2026-09-24T18:40:11.029Z","updated_at":"2026-09-24T18:40:11.029Z"}],"page_count":1,"next_cursor":"v2.eyJ2IjoyLCJjIjoiY29hY2giLCJpIjoiaW50ZW50IiwiZiI6IndvcmtvdXRzIiwibyI6InNvdXJjZV9pZDphc2Msc291cmNlX3BsYXRmb3JtOmFzYyIsInMiOiJhIiwicCI6InAxIn0"},"queries":6,"pid":7454}

      231 |       }
      232 |       // Query shapes, outcomes, fixture identifiers and process IDs only; never parameters.
    > 233 |       console.warn(
          |               ^
      234 |         'PG17_PROCESS',
      235 |         JSON.stringify({
      236 |           name,

      at settleWorker (test/utils/g2-nq1-pg-harness.ts:233:15)
      at ChildProcess.<anonymous> (test/utils/g2-nq1-pg-harness.ts:253:7)

  console.warn
    PG17_PROCESS {"name":"g2n_86","old":false,"options":{"action":"entities","family":"workouts","cursor":"<cursor>","limit":1},"result":{"intent_id":"intent","family":"workouts","entities":[{"id":"9a759bae-2ae3-49c4-8d97-57eb8e46b84b","source_platform":"truecoach","entity_type":"workouts","source_id":"b","client_source_id":"client-new","label":"Synthetic A","created_at":"2026-09-24T18:40:11.035Z","updated_at":"2026-09-24T18:40:11.035Z"}],"page_count":1,"next_cursor":"v2.eyJ2IjoyLCJjIjoiY29hY2giLCJpIjoiaW50ZW50IiwiZiI6IndvcmtvdXRzIiwibyI6InNvdXJjZV9pZDphc2Msc291cmNlX3BsYXRmb3JtOmFzYyIsInMiOiJhIiwicCI6InAyIn0"},"queries":6,"pid":7471}

      231 |       }
      232 |       // Query shapes, outcomes, fixture identifiers and process IDs only; never parameters.
    > 233 |       console.warn(
          |               ^
      234 |         'PG17_PROCESS',
      235 |         JSON.stringify({
      236 |           name,

      at settleWorker (test/utils/g2-nq1-pg-harness.ts:233:15)
      at ChildProcess.<anonymous> (test/utils/g2-nq1-pg-harness.ts:253:7)

  console.warn
    PG17_PROCESS {"name":"g2n_87","old":false,"options":{"action":"entities","family":"workouts","cursor":"<cursor>","limit":1},"result":{"intent_id":"intent","family":"workouts","entities":[{"id":"2d674067-19d4-4086-835d-453b58d9108e","source_platform":"truecoach","entity_type":"workouts","source_id":"c","client_source_id":"client-new","label":"Synthetic A","created_at":"2026-09-24T18:40:11.038Z","updated_at":"2026-09-24T18:40:11.038Z"}],"page_count":1,"next_cursor":"v2.eyJ2IjoyLCJjIjoiY29hY2giLCJpIjoiaW50ZW50IiwiZiI6IndvcmtvdXRzIiwibyI6InNvdXJjZV9pZDphc2Msc291cmNlX3BsYXRmb3JtOmFzYyIsInMiOiJhIiwicCI6InAzIn0"},"queries":6,"pid":7487}

      231 |       }
      232 |       // Query shapes, outcomes, fixture identifiers and process IDs only; never parameters.
    > 233 |       console.warn(
          |               ^
      234 |         'PG17_PROCESS',
      235 |         JSON.stringify({
      236 |           name,

      at settleWorker (test/utils/g2-nq1-pg-harness.ts:233:15)
      at ChildProcess.<anonymous> (test/utils/g2-nq1-pg-harness.ts:253:7)

  console.warn
    PG17_PROCESS {"name":"g2n_88","old":false,"options":{"action":"entities","family":"workouts","cursor":"<cursor>","limit":1},"result":{"intent_id":"intent","family":"workouts","entities":[{"id":"8335e6cc-2f06-415e-b2be-a27da6715637","source_platform":"truecoach","entity_type":"workouts","source_id":"d","client_source_id":"client-new","label":"Synthetic A","created_at":"2026-09-24T18:40:11.042Z","updated_at":"2026-09-24T18:40:11.042Z"}],"page_count":1,"next_cursor":null},"queries":6,"pid":7503}

      231 |       }
      232 |       // Query shapes, outcomes, fixture identifiers and process IDs only; never parameters.
    > 233 |       console.warn(
          |               ^
      234 |         'PG17_PROCESS',
      235 |         JSON.stringify({
      236 |           name,

      at settleWorker (test/utils/g2-nq1-pg-harness.ts:233:15)
      at ChildProcess.<anonymous> (test/utils/g2-nq1-pg-harness.ts:253:7)

  console.warn
    PG17_PROCESS {"name":"g2n_89","old":true,"options":{"action":"entities","family":"workouts","cursor":"<cursor>"},"result":{"intent_id":"intent","family":"workouts","entities":[{"id":"2d674067-19d4-4086-835d-453b58d9108e","source_platform":"truecoach","entity_type":"workouts","source_id":"c","client_source_id":"client-new","label":"Synthetic A","created_at":"2026-09-24T18:40:11.038Z","updated_at":"2026-09-24T18:40:11.038Z"}],"page_count":1,"next_cursor":"eyJjIjoiY29hY2giLCJpIjoiaW50ZW50IiwiZiI6IndvcmtvdXRzIiwibyI6InNvdXJjZV9pZDphc2MiLCJzIjoiYSJ9"},"queries":6,"pid":7519}

      231 |       }
      232 |       // Query shapes, outcomes, fixture identifiers and process IDs only; never parameters.
    > 233 |       console.warn(
          |               ^
      234 |         'PG17_PROCESS',
      235 |         JSON.stringify({
      236 |           name,

      at settleWorker (test/utils/g2-nq1-pg-harness.ts:233:15)
      at ChildProcess.<anonymous> (test/utils/g2-nq1-pg-harness.ts:253:7)

  console.warn
    PG17_PROCESS {"name":"g2n_90","old":false,"options":{"action":"entities","family":"workouts","cursor":"<cursor>"},"failure":{"status":400,"message":"malformed cursor"},"queries":5,"pid":7535}

      231 |       }
      232 |       // Query shapes, outcomes, fixture identifiers and process IDs only; never parameters.
    > 233 |       console.warn(
          |               ^
      234 |         'PG17_PROCESS',
      235 |         JSON.stringify({
      236 |           name,

      at settleWorker (test/utils/g2-nq1-pg-harness.ts:233:15)
      at ChildProcess.<anonymous> (test/utils/g2-nq1-pg-harness.ts:253:7)

  console.warn
    PG17_PROCESS {"name":"g2n_91","old":false,"options":{"action":"entities","family":"workouts","cursor":"<cursor>"},"result":{"intent_id":"intent","family":"workouts","entities":[],"page_count":0,"next_cursor":null},"queries":6,"pid":7551}

      231 |       }
      232 |       // Query shapes, outcomes, fixture identifiers and process IDs only; never parameters.
    > 233 |       console.warn(
          |               ^
      234 |         'PG17_PROCESS',
      235 |         JSON.stringify({
      236 |           name,

      at settleWorker (test/utils/g2-nq1-pg-harness.ts:233:15)
      at ChildProcess.<anonymous> (test/utils/g2-nq1-pg-harness.ts:253:7)

  console.warn
    PG17_PROCESS {"name":"g2n_92","old":false,"options":{"family":"clients"},"result":{"intent_id":"intent","staged":2,"reconstructed":2,"skipped":0,"failed":0},"queries":18,"pid":7579}

      231 |       }
      232 |       // Query shapes, outcomes, fixture identifiers and process IDs only; never parameters.
    > 233 |       console.warn(
          |               ^
      234 |         'PG17_PROCESS',
      235 |         JSON.stringify({
      236 |           name,

      at settleWorker (test/utils/g2-nq1-pg-harness.ts:233:15)
      at ChildProcess.<anonymous> (test/utils/g2-nq1-pg-harness.ts:253:7)

  console.warn
    PG17_PROCESS {"name":"g2n_93","old":false,"options":{"action":"roster","family":"clients","cursor":"<cursor>"},"failure":{"status":400,"message":"malformed cursor"},"queries":0,"pid":7595}

      231 |       }
      232 |       // Query shapes, outcomes, fixture identifiers and process IDs only; never parameters.
    > 233 |       console.warn(
          |               ^
      234 |         'PG17_PROCESS',
      235 |         JSON.stringify({
      236 |           name,

      at settleWorker (test/utils/g2-nq1-pg-harness.ts:233:15)
      at ChildProcess.<anonymous> (test/utils/g2-nq1-pg-harness.ts:253:7)

  console.warn
    PG17_PROCESS {"name":"g2n_94","old":false,"options":{"action":"roster","family":"clients","cursor":"<cursor>"},"failure":{"status":400,"message":"malformed cursor"},"queries":0,"pid":7608}

      231 |       }
      232 |       // Query shapes, outcomes, fixture identifiers and process IDs only; never parameters.
    > 233 |       console.warn(
          |               ^
      234 |         'PG17_PROCESS',
      235 |         JSON.stringify({
      236 |           name,

      at settleWorker (test/utils/g2-nq1-pg-harness.ts:233:15)
      at ChildProcess.<anonymous> (test/utils/g2-nq1-pg-harness.ts:253:7)

  console.warn
    PG17_PROCESS {"name":"g2n_95","old":false,"options":{"action":"roster","family":"clients","cursor":"<cursor>"},"failure":{"status":400,"message":"malformed cursor"},"queries":0,"pid":7621}

      231 |       }
      232 |       // Query shapes, outcomes, fixture identifiers and process IDs only; never parameters.
    > 233 |       console.warn(
          |               ^
      234 |         'PG17_PROCESS',
      235 |         JSON.stringify({
      236 |           name,

      at settleWorker (test/utils/g2-nq1-pg-harness.ts:233:15)
      at ChildProcess.<anonymous> (test/utils/g2-nq1-pg-harness.ts:253:7)

  console.warn
    PG17_PROCESS {"name":"g2n_96","old":false,"options":{"action":"roster","family":"clients","cursor":"<cursor>"},"failure":{"status":400,"message":"malformed cursor"},"queries":5,"pid":7636}

      231 |       }
      232 |       // Query shapes, outcomes, fixture identifiers and process IDs only; never parameters.
    > 233 |       console.warn(
          |               ^
      234 |         'PG17_PROCESS',
      235 |         JSON.stringify({
      236 |           name,

      at settleWorker (test/utils/g2-nq1-pg-harness.ts:233:15)
      at ChildProcess.<anonymous> (test/utils/g2-nq1-pg-harness.ts:253:7)

  console.warn
    PG17_PROCESS {"name":"g2n_97","old":false,"options":{"action":"roster","family":"clients","cursor":"<cursor>"},"failure":{"status":400,"message":"malformed cursor"},"queries":0,"pid":7653}

      231 |       }
      232 |       // Query shapes, outcomes, fixture identifiers and process IDs only; never parameters.
    > 233 |       console.warn(
          |               ^
      234 |         'PG17_PROCESS',
      235 |         JSON.stringify({
      236 |           name,

      at settleWorker (test/utils/g2-nq1-pg-harness.ts:233:15)
      at ChildProcess.<anonymous> (test/utils/g2-nq1-pg-harness.ts:253:7)

  console.warn
    PG17_PROCESS {"name":"g2n_98","old":false,"options":{"action":"roster","family":"clients","coach":"foreign"},"failure":{"status":404,"message":"Not Found"},"queries":4,"pid":7666}

      231 |       }
      232 |       // Query shapes, outcomes, fixture identifiers and process IDs only; never parameters.
    > 233 |       console.warn(
          |               ^
      234 |         'PG17_PROCESS',
      235 |         JSON.stringify({
      236 |           name,

      at settleWorker (test/utils/g2-nq1-pg-harness.ts:233:15)
      at ChildProcess.<anonymous> (test/utils/g2-nq1-pg-harness.ts:253:7)

  console.warn
    PG17_PROCESS {"name":"g2n_99","old":false,"options":{"action":"roster","family":"clients","cursor":"<cursor>","coach":"foreign"},"failure":{"status":400,"message":"malformed cursor"},"queries":0,"pid":7682}

      231 |       }
      232 |       // Query shapes, outcomes, fixture identifiers and process IDs only; never parameters.
    > 233 |       console.warn(
          |               ^
      234 |         'PG17_PROCESS',
      235 |         JSON.stringify({
      236 |           name,

      at settleWorker (test/utils/g2-nq1-pg-harness.ts:233:15)
      at ChildProcess.<anonymous> (test/utils/g2-nq1-pg-harness.ts:253:7)

  console.warn
    PG17_PROCESS {"name":"g2n_100","old":false,"options":{"family":"workouts"},"result":{"intent_id":"intent","staged":2,"reconstructed":2,"skipped":0,"failed":0},"queries":18,"pid":7703}

      231 |       }
      232 |       // Query shapes, outcomes, fixture identifiers and process IDs only; never parameters.
    > 233 |       console.warn(
          |               ^
      234 |         'PG17_PROCESS',
      235 |         JSON.stringify({
      236 |           name,

      at settleWorker (test/utils/g2-nq1-pg-harness.ts:233:15)
      at ChildProcess.<anonymous> (test/utils/g2-nq1-pg-harness.ts:253:7)

  console.warn
    PG17_PROCESS {"name":"g2n_101","old":false,"options":{"action":"entities","family":"workouts","cursor":"<cursor>"},"failure":{"status":400,"message":"malformed cursor"},"queries":0,"pid":7721}

      231 |       }
      232 |       // Query shapes, outcomes, fixture identifiers and process IDs only; never parameters.
    > 233 |       console.warn(
          |               ^
      234 |         'PG17_PROCESS',
      235 |         JSON.stringify({
      236 |           name,

      at settleWorker (test/utils/g2-nq1-pg-harness.ts:233:15)
      at ChildProcess.<anonymous> (test/utils/g2-nq1-pg-harness.ts:253:7)

  console.warn
    PG17_PROCESS {"name":"g2n_102","old":false,"options":{"action":"entities","family":"workouts","cursor":"<cursor>"},"failure":{"status":400,"message":"malformed cursor"},"queries":0,"pid":7734}

      231 |       }
      232 |       // Query shapes, outcomes, fixture identifiers and process IDs only; never parameters.
    > 233 |       console.warn(
          |               ^
      234 |         'PG17_PROCESS',
      235 |         JSON.stringify({
      236 |           name,

      at settleWorker (test/utils/g2-nq1-pg-harness.ts:233:15)
      at ChildProcess.<anonymous> (test/utils/g2-nq1-pg-harness.ts:253:7)

  console.warn
    PG17_PROCESS {"name":"g2n_103","old":false,"options":{"action":"entities","family":"workouts","cursor":"<cursor>"},"failure":{"status":400,"message":"malformed cursor"},"queries":0,"pid":7747}

      231 |       }
      232 |       // Query shapes, outcomes, fixture identifiers and process IDs only; never parameters.
    > 233 |       console.warn(
          |               ^
      234 |         'PG17_PROCESS',
      235 |         JSON.stringify({
      236 |           name,

      at settleWorker (test/utils/g2-nq1-pg-harness.ts:233:15)
      at ChildProcess.<anonymous> (test/utils/g2-nq1-pg-harness.ts:253:7)

  console.warn
    PG17_PROCESS {"name":"g2n_104","old":false,"options":{"action":"entities","family":"workouts","cursor":"<cursor>"},"failure":{"status":400,"message":"malformed cursor"},"queries":0,"pid":7760}

      231 |       }
      232 |       // Query shapes, outcomes, fixture identifiers and process IDs only; never parameters.
    > 233 |       console.warn(
          |               ^
      234 |         'PG17_PROCESS',
      235 |         JSON.stringify({
      236 |           name,

      at settleWorker (test/utils/g2-nq1-pg-harness.ts:233:15)
      at ChildProcess.<anonymous> (test/utils/g2-nq1-pg-harness.ts:253:7)

  console.warn
    PG17_PROCESS {"name":"g2n_105","old":false,"options":{"action":"entities","family":"workouts","cursor":"<cursor>"},"failure":{"status":400,"message":"malformed cursor"},"queries":0,"pid":7773}

      231 |       }
      232 |       // Query shapes, outcomes, fixture identifiers and process IDs only; never parameters.
    > 233 |       console.warn(
          |               ^
      234 |         'PG17_PROCESS',
      235 |         JSON.stringify({
      236 |           name,

      at settleWorker (test/utils/g2-nq1-pg-harness.ts:233:15)
      at ChildProcess.<anonymous> (test/utils/g2-nq1-pg-harness.ts:253:7)

  console.warn
    PG17_PROCESS {"name":"g2n_106","old":false,"options":{"action":"entities","family":"workouts","coach":"foreign"},"failure":{"status":404,"message":"Not Found"},"queries":4,"pid":7786}

      231 |       }
      232 |       // Query shapes, outcomes, fixture identifiers and process IDs only; never parameters.
    > 233 |       console.warn(
          |               ^
      234 |         'PG17_PROCESS',
      235 |         JSON.stringify({
      236 |           name,

      at settleWorker (test/utils/g2-nq1-pg-harness.ts:233:15)
      at ChildProcess.<anonymous> (test/utils/g2-nq1-pg-harness.ts:253:7)

  console.warn
    PG17_PROCESS {"name":"g2n_107","old":false,"options":{"action":"entities","family":"workouts","cursor":"<cursor>","coach":"foreign"},"failure":{"status":400,"message":"malformed cursor"},"queries":0,"pid":7802}

      231 |       }
      232 |       // Query shapes, outcomes, fixture identifiers and process IDs only; never parameters.
    > 233 |       console.warn(
          |               ^
      234 |         'PG17_PROCESS',
      235 |         JSON.stringify({
      236 |           name,

      at settleWorker (test/utils/g2-nq1-pg-harness.ts:233:15)
      at ChildProcess.<anonymous> (test/utils/g2-nq1-pg-harness.ts:253:7)

  console.warn
    PG17_PROCESS {"name":"g2n_108","old":false,"options":{"family":"clients"},"result":{"intent_id":"intent","staged":3,"reconstructed":3,"skipped":0,"failed":0},"queries":25,"pid":7825}

      231 |       }
      232 |       // Query shapes, outcomes, fixture identifiers and process IDs only; never parameters.
    > 233 |       console.warn(
          |               ^
      234 |         'PG17_PROCESS',
      235 |         JSON.stringify({
      236 |           name,

      at settleWorker (test/utils/g2-nq1-pg-harness.ts:233:15)
      at ChildProcess.<anonymous> (test/utils/g2-nq1-pg-harness.ts:253:7)

  console.warn
    PG17_PROCESS {"name":"g2n_109","old":false,"options":{"action":"roster","family":"clients","cursor":"<cursor>","limit":1},"result":{"intent_id":"intent","accounting":{"staged":3,"reconstructed":3,"skipped":0,"failed":0},"persons":[],"page":{"limit":1,"next_cursor":"v2.eyJ2IjoyLCJjIjoiY29hY2giLCJpIjoiaW50ZW50IiwiZiI6ImNsaWVudHMiLCJvIjoic291cmNlX2lkOmFzYyxzb3VyY2VfcGxhdGZvcm06YXNjIiwicyI6ImIiLCJwIjoidHJ1ZWNvYWNoIn0","has_more":true}},"queries":8,"pid":7845}

      231 |       }
      232 |       // Query shapes, outcomes, fixture identifiers and process IDs only; never parameters.
    > 233 |       console.warn(
          |               ^
      234 |         'PG17_PROCESS',
      235 |         JSON.stringify({
      236 |           name,

      at settleWorker (test/utils/g2-nq1-pg-harness.ts:233:15)
      at ChildProcess.<anonymous> (test/utils/g2-nq1-pg-harness.ts:253:7)

  console.warn
    PG17_PROCESS {"name":"g2n_110","old":false,"options":{"action":"roster","family":"clients","cursor":"<cursor>","limit":1},"result":{"intent_id":"intent","accounting":{"staged":3,"reconstructed":3,"skipped":0,"failed":0},"persons":[],"page":{"limit":1,"next_cursor":null,"has_more":false}},"queries":8,"pid":7861}

      231 |       }
      232 |       // Query shapes, outcomes, fixture identifiers and process IDs only; never parameters.
    > 233 |       console.warn(
          |               ^
      234 |         'PG17_PROCESS',
      235 |         JSON.stringify({
      236 |           name,

      at settleWorker (test/utils/g2-nq1-pg-harness.ts:233:15)
      at ChildProcess.<anonymous> (test/utils/g2-nq1-pg-harness.ts:253:7)

  console.warn
    PG17_PROCESS {"name":"g2n_111","old":false,"options":{"action":"roster","family":"clients","limit":200},"result":{"intent_id":"intent","accounting":{"staged":3,"reconstructed":3,"skipped":0,"failed":0},"persons":[],"page":{"limit":200,"next_cursor":null,"has_more":false}},"queries":8,"pid":7879}

      231 |       }
      232 |       // Query shapes, outcomes, fixture identifiers and process IDs only; never parameters.
    > 233 |       console.warn(
          |               ^
      234 |         'PG17_PROCESS',
      235 |         JSON.stringify({
      236 |           name,

      at settleWorker (test/utils/g2-nq1-pg-harness.ts:233:15)
      at ChildProcess.<anonymous> (test/utils/g2-nq1-pg-harness.ts:253:7)

  console.warn
    PG17_PROCESS {"name":"g2n_112","old":false,"options":{"family":"workouts"},"result":{"intent_id":"intent","staged":3,"reconstructed":3,"skipped":0,"failed":0},"queries":25,"pid":7907}

      231 |       }
      232 |       // Query shapes, outcomes, fixture identifiers and process IDs only; never parameters.
    > 233 |       console.warn(
          |               ^
      234 |         'PG17_PROCESS',
      235 |         JSON.stringify({
      236 |           name,

      at settleWorker (test/utils/g2-nq1-pg-harness.ts:233:15)
      at ChildProcess.<anonymous> (test/utils/g2-nq1-pg-harness.ts:253:7)

  console.warn
    PG17_PROCESS {"name":"g2n_113","old":false,"options":{"action":"entities","family":"workouts","cursor":"<cursor>","limit":1},"result":{"intent_id":"intent","family":"workouts","entities":[],"page_count":0,"next_cursor":"v2.eyJ2IjoyLCJjIjoiY29hY2giLCJpIjoiaW50ZW50IiwiZiI6IndvcmtvdXRzIiwibyI6InNvdXJjZV9pZDphc2Msc291cmNlX3BsYXRmb3JtOmFzYyIsInMiOiJiIiwicCI6InRydWVjb2FjaCJ9"},"queries":6,"pid":7927}

      231 |       }
      232 |       // Query shapes, outcomes, fixture identifiers and process IDs only; never parameters.
    > 233 |       console.warn(
          |               ^
      234 |         'PG17_PROCESS',
      235 |         JSON.stringify({
      236 |           name,

      at settleWorker (test/utils/g2-nq1-pg-harness.ts:233:15)
      at ChildProcess.<anonymous> (test/utils/g2-nq1-pg-harness.ts:253:7)

  console.warn
    PG17_PROCESS {"name":"g2n_114","old":false,"options":{"action":"entities","family":"workouts","cursor":"<cursor>","limit":1},"result":{"intent_id":"intent","family":"workouts","entities":[],"page_count":0,"next_cursor":null},"queries":6,"pid":7943}

      231 |       }
      232 |       // Query shapes, outcomes, fixture identifiers and process IDs only; never parameters.
    > 233 |       console.warn(
          |               ^
      234 |         'PG17_PROCESS',
      235 |         JSON.stringify({
      236 |           name,

      at settleWorker (test/utils/g2-nq1-pg-harness.ts:233:15)
      at ChildProcess.<anonymous> (test/utils/g2-nq1-pg-harness.ts:253:7)

  console.warn
    PG17_PROCESS {"name":"g2n_115","old":false,"options":{"action":"entities","family":"workouts","limit":200},"result":{"intent_id":"intent","family":"workouts","entities":[],"page_count":0,"next_cursor":null},"queries":6,"pid":7961}

      231 |       }
      232 |       // Query shapes, outcomes, fixture identifiers and process IDs only; never parameters.
    > 233 |       console.warn(
          |               ^
      234 |         'PG17_PROCESS',
      235 |         JSON.stringify({
      236 |           name,

      at settleWorker (test/utils/g2-nq1-pg-harness.ts:233:15)
      at ChildProcess.<anonymous> (test/utils/g2-nq1-pg-harness.ts:253:7)

  console.warn
    PG17_PROCESS {"name":"g2n_116","old":false,"options":{"family":"clients"},"result":{"intent_id":"intent","staged":1,"reconstructed":1,"skipped":0,"failed":0},"queries":11,"pid":7985}

      231 |       }
      232 |       // Query shapes, outcomes, fixture identifiers and process IDs only; never parameters.
    > 233 |       console.warn(
          |               ^
      234 |         'PG17_PROCESS',
      235 |         JSON.stringify({
      236 |           name,

      at settleWorker (test/utils/g2-nq1-pg-harness.ts:233:15)
      at ChildProcess.<anonymous> (test/utils/g2-nq1-pg-harness.ts:253:7)

  console.warn
    PG17_PROCESS {"name":"g2n_117","old":false,"options":{"action":"roster","family":"clients","cursor":"<cursor>"},"result":{"intent_id":"intent","accounting":{"staged":1,"reconstructed":1,"skipped":0,"failed":0},"persons":[],"page":{"limit":1,"next_cursor":null,"has_more":false}},"queries":7,"pid":8002}

      231 |       }
      232 |       // Query shapes, outcomes, fixture identifiers and process IDs only; never parameters.
    > 233 |       console.warn(
          |               ^
      234 |         'PG17_PROCESS',
      235 |         JSON.stringify({
      236 |           name,

      at settleWorker (test/utils/g2-nq1-pg-harness.ts:233:15)
      at ChildProcess.<anonymous> (test/utils/g2-nq1-pg-harness.ts:253:7)

  console.warn
    PG17_PROCESS {"name":"g2n_118","old":true,"options":{"action":"roster","family":"clients","cursor":"<cursor>"},"result":{"intent_id":"intent","accounting":{"staged":1,"reconstructed":1,"skipped":0,"failed":0},"persons":[],"page":{"limit":1,"next_cursor":null,"has_more":false}},"queries":7,"pid":8018}

      231 |       }
      232 |       // Query shapes, outcomes, fixture identifiers and process IDs only; never parameters.
    > 233 |       console.warn(
          |               ^
      234 |         'PG17_PROCESS',
      235 |         JSON.stringify({
      236 |           name,

      at settleWorker (test/utils/g2-nq1-pg-harness.ts:233:15)
      at ChildProcess.<anonymous> (test/utils/g2-nq1-pg-harness.ts:253:7)

  console.warn
    PG17_PROCESS {"name":"g2n_119","old":false,"options":{"action":"roster","family":"clients","cursor":"<cursor>"},"failure":{"status":400,"message":"malformed cursor"},"queries":0,"pid":8035}

      231 |       }
      232 |       // Query shapes, outcomes, fixture identifiers and process IDs only; never parameters.
    > 233 |       console.warn(
          |               ^
      234 |         'PG17_PROCESS',
      235 |         JSON.stringify({
      236 |           name,

      at settleWorker (test/utils/g2-nq1-pg-harness.ts:233:15)
      at ChildProcess.<anonymous> (test/utils/g2-nq1-pg-harness.ts:253:7)

  console.warn
    PG17_PROCESS {"name":"g2n_120","old":false,"options":{"action":"roster","family":"clients","cursor":"<cursor>"},"failure":{"status":400,"message":"malformed cursor"},"queries":0,"pid":8048}

      231 |       }
      232 |       // Query shapes, outcomes, fixture identifiers and process IDs only; never parameters.
    > 233 |       console.warn(
          |               ^
      234 |         'PG17_PROCESS',
      235 |         JSON.stringify({
      236 |           name,

      at settleWorker (test/utils/g2-nq1-pg-harness.ts:233:15)
      at ChildProcess.<anonymous> (test/utils/g2-nq1-pg-harness.ts:253:7)

  console.warn
    PG17_PROCESS {"name":"g2n_121","old":true,"options":{"action":"roster","family":"clients","cursor":"<cursor>"},"failure":{"status":400,"message":"malformed cursor"},"queries":0,"pid":8061}

      231 |       }
      232 |       // Query shapes, outcomes, fixture identifiers and process IDs only; never parameters.
    > 233 |       console.warn(
          |               ^
      234 |         'PG17_PROCESS',
      235 |         JSON.stringify({
      236 |           name,

      at settleWorker (test/utils/g2-nq1-pg-harness.ts:233:15)
      at ChildProcess.<anonymous> (test/utils/g2-nq1-pg-harness.ts:253:7)

  console.warn
    PG17_PROCESS {"name":"g2n_122","old":false,"options":{"action":"roster","family":"clients","cursor":"<cursor>"},"failure":{"status":400,"message":"malformed cursor"},"queries":0,"pid":8074}

      231 |       }
      232 |       // Query shapes, outcomes, fixture identifiers and process IDs only; never parameters.
    > 233 |       console.warn(
          |               ^
      234 |         'PG17_PROCESS',
      235 |         JSON.stringify({
      236 |           name,

      at settleWorker (test/utils/g2-nq1-pg-harness.ts:233:15)
      at ChildProcess.<anonymous> (test/utils/g2-nq1-pg-harness.ts:253:7)

  console.warn
    PG17_PROCESS {"name":"g2n_123","old":true,"options":{"action":"roster","family":"clients","cursor":"<cursor>"},"failure":{"status":400,"message":"malformed cursor"},"queries":0,"pid":8087}

      231 |       }
      232 |       // Query shapes, outcomes, fixture identifiers and process IDs only; never parameters.
    > 233 |       console.warn(
          |               ^
      234 |         'PG17_PROCESS',
      235 |         JSON.stringify({
      236 |           name,

      at settleWorker (test/utils/g2-nq1-pg-harness.ts:233:15)
      at ChildProcess.<anonymous> (test/utils/g2-nq1-pg-harness.ts:253:7)

  console.warn
    PG17_PROCESS {"name":"g2n_124","old":false,"options":{"action":"roster","family":"clients","cursor":"<cursor>"},"failure":{"status":400,"message":"malformed cursor"},"queries":0,"pid":8100}

      231 |       }
      232 |       // Query shapes, outcomes, fixture identifiers and process IDs only; never parameters.
    > 233 |       console.warn(
          |               ^
      234 |         'PG17_PROCESS',
      235 |         JSON.stringify({
      236 |           name,

      at settleWorker (test/utils/g2-nq1-pg-harness.ts:233:15)
      at ChildProcess.<anonymous> (test/utils/g2-nq1-pg-harness.ts:253:7)

  console.warn
    PG17_PROCESS {"name":"g2n_125","old":true,"options":{"action":"roster","family":"clients","cursor":"<cursor>"},"failure":{"status":400,"message":"malformed cursor"},"queries":0,"pid":8113}

      231 |       }
      232 |       // Query shapes, outcomes, fixture identifiers and process IDs only; never parameters.
    > 233 |       console.warn(
          |               ^
      234 |         'PG17_PROCESS',
      235 |         JSON.stringify({
      236 |           name,

      at settleWorker (test/utils/g2-nq1-pg-harness.ts:233:15)
      at ChildProcess.<anonymous> (test/utils/g2-nq1-pg-harness.ts:253:7)

  console.warn
    PG17_PROCESS {"name":"g2n_126","old":false,"options":{"action":"roster","family":"clients","cursor":"<cursor>"},"failure":{"status":400,"message":"malformed cursor"},"queries":0,"pid":8128}

      231 |       }
      232 |       // Query shapes, outcomes, fixture identifiers and process IDs only; never parameters.
    > 233 |       console.warn(
          |               ^
      234 |         'PG17_PROCESS',
      235 |         JSON.stringify({
      236 |           name,

      at settleWorker (test/utils/g2-nq1-pg-harness.ts:233:15)
      at ChildProcess.<anonymous> (test/utils/g2-nq1-pg-harness.ts:253:7)

  console.warn
    PG17_PROCESS {"name":"g2n_127","old":true,"options":{"action":"roster","family":"clients","cursor":"<cursor>"},"failure":{"status":400,"message":"malformed cursor"},"queries":0,"pid":8141}

      231 |       }
      232 |       // Query shapes, outcomes, fixture identifiers and process IDs only; never parameters.
    > 233 |       console.warn(
          |               ^
      234 |         'PG17_PROCESS',
      235 |         JSON.stringify({
      236 |           name,

      at settleWorker (test/utils/g2-nq1-pg-harness.ts:233:15)
      at ChildProcess.<anonymous> (test/utils/g2-nq1-pg-harness.ts:253:7)

  console.warn
    PG17_PROCESS {"name":"g2n_128","old":false,"options":{"action":"roster","family":"clients","cursor":"<cursor>"},"failure":{"status":400,"message":"malformed cursor"},"queries":0,"pid":8154}

      231 |       }
      232 |       // Query shapes, outcomes, fixture identifiers and process IDs only; never parameters.
    > 233 |       console.warn(
          |               ^
      234 |         'PG17_PROCESS',
      235 |         JSON.stringify({
      236 |           name,

      at settleWorker (test/utils/g2-nq1-pg-harness.ts:233:15)
      at ChildProcess.<anonymous> (test/utils/g2-nq1-pg-harness.ts:253:7)

  console.warn
    PG17_PROCESS {"name":"g2n_129","old":true,"options":{"action":"roster","family":"clients","cursor":"<cursor>"},"failure":{"status":400,"message":"malformed cursor"},"queries":0,"pid":8167}

      231 |       }
      232 |       // Query shapes, outcomes, fixture identifiers and process IDs only; never parameters.
    > 233 |       console.warn(
          |               ^
      234 |         'PG17_PROCESS',
      235 |         JSON.stringify({
      236 |           name,

      at settleWorker (test/utils/g2-nq1-pg-harness.ts:233:15)
      at ChildProcess.<anonymous> (test/utils/g2-nq1-pg-harness.ts:253:7)

  console.warn
    PG17_PROCESS {"name":"g2n_130","old":false,"options":{"action":"roster","family":"clients","cursor":"<cursor>"},"failure":{"status":400,"message":"malformed cursor"},"queries":0,"pid":8180}

      231 |       }
      232 |       // Query shapes, outcomes, fixture identifiers and process IDs only; never parameters.
    > 233 |       console.warn(
          |               ^
      234 |         'PG17_PROCESS',
      235 |         JSON.stringify({
      236 |           name,

      at settleWorker (test/utils/g2-nq1-pg-harness.ts:233:15)
      at ChildProcess.<anonymous> (test/utils/g2-nq1-pg-harness.ts:253:7)

  console.warn
    PG17_PROCESS {"name":"g2n_131","old":true,"options":{"action":"roster","family":"clients","cursor":"<cursor>"},"failure":{"status":400,"message":"malformed cursor"},"queries":0,"pid":8195}

      231 |       }
      232 |       // Query shapes, outcomes, fixture identifiers and process IDs only; never parameters.
    > 233 |       console.warn(
          |               ^
      234 |         'PG17_PROCESS',
      235 |         JSON.stringify({
      236 |           name,

      at settleWorker (test/utils/g2-nq1-pg-harness.ts:233:15)
      at ChildProcess.<anonymous> (test/utils/g2-nq1-pg-harness.ts:253:7)

  console.warn
    PG17_PROCESS {"name":"g2n_132","old":false,"options":{"action":"roster","family":"clients","cursor":"<cursor>"},"failure":{"status":400,"message":"malformed cursor"},"queries":0,"pid":8208}

      231 |       }
      232 |       // Query shapes, outcomes, fixture identifiers and process IDs only; never parameters.
    > 233 |       console.warn(
          |               ^
      234 |         'PG17_PROCESS',
      235 |         JSON.stringify({
      236 |           name,

      at settleWorker (test/utils/g2-nq1-pg-harness.ts:233:15)
      at ChildProcess.<anonymous> (test/utils/g2-nq1-pg-harness.ts:253:7)

  console.warn
    PG17_PROCESS {"name":"g2n_133","old":false,"options":{"action":"roster","family":"clients","cursor":"<cursor>"},"failure":{"status":400,"message":"malformed cursor"},"queries":0,"pid":8221}

      231 |       }
      232 |       // Query shapes, outcomes, fixture identifiers and process IDs only; never parameters.
    > 233 |       console.warn(
          |               ^
      234 |         'PG17_PROCESS',
      235 |         JSON.stringify({
      236 |           name,

      at settleWorker (test/utils/g2-nq1-pg-harness.ts:233:15)
      at ChildProcess.<anonymous> (test/utils/g2-nq1-pg-harness.ts:253:7)

  console.warn
    PG17_PROCESS {"name":"g2n_134","old":false,"options":{"action":"roster","family":"clients","cursor":"<cursor>"},"failure":{"status":400,"message":"malformed cursor"},"queries":0,"pid":8234}

      231 |       }
      232 |       // Query shapes, outcomes, fixture identifiers and process IDs only; never parameters.
    > 233 |       console.warn(
          |               ^
      234 |         'PG17_PROCESS',
      235 |         JSON.stringify({
      236 |           name,

      at settleWorker (test/utils/g2-nq1-pg-harness.ts:233:15)
      at ChildProcess.<anonymous> (test/utils/g2-nq1-pg-harness.ts:253:7)

  console.warn
    PG17_PROCESS {"name":"g2n_135","old":false,"options":{"action":"roster","family":"clients","cursor":"<cursor>"},"failure":{"status":400,"message":"malformed cursor"},"queries":0,"pid":8247}

      231 |       }
      232 |       // Query shapes, outcomes, fixture identifiers and process IDs only; never parameters.
    > 233 |       console.warn(
          |               ^
      234 |         'PG17_PROCESS',
      235 |         JSON.stringify({
      236 |           name,

      at settleWorker (test/utils/g2-nq1-pg-harness.ts:233:15)
      at ChildProcess.<anonymous> (test/utils/g2-nq1-pg-harness.ts:253:7)

  console.warn
    PG17_PROCESS {"name":"g2n_136","old":false,"options":{"action":"roster","family":"clients","cursor":"<cursor>"},"failure":{"status":400,"message":"malformed cursor"},"queries":0,"pid":8260}

      231 |       }
      232 |       // Query shapes, outcomes, fixture identifiers and process IDs only; never parameters.
    > 233 |       console.warn(
          |               ^
      234 |         'PG17_PROCESS',
      235 |         JSON.stringify({
      236 |           name,

      at settleWorker (test/utils/g2-nq1-pg-harness.ts:233:15)
      at ChildProcess.<anonymous> (test/utils/g2-nq1-pg-harness.ts:253:7)

  console.warn
    PG17_PROCESS {"name":"g2n_137","old":false,"options":{"action":"roster","family":"clients","cursor":"<cursor>"},"failure":{"status":400,"message":"malformed cursor"},"queries":0,"pid":8273}

      231 |       }
      232 |       // Query shapes, outcomes, fixture identifiers and process IDs only; never parameters.
    > 233 |       console.warn(
          |               ^
      234 |         'PG17_PROCESS',
      235 |         JSON.stringify({
      236 |           name,

      at settleWorker (test/utils/g2-nq1-pg-harness.ts:233:15)
      at ChildProcess.<anonymous> (test/utils/g2-nq1-pg-harness.ts:253:7)

  console.warn
    PG17_PROCESS {"name":"g2n_138","old":false,"options":{"action":"roster","family":"clients","cursor":"<cursor>"},"failure":{"status":400,"message":"malformed cursor"},"queries":0,"pid":8286}

      231 |       }
      232 |       // Query shapes, outcomes, fixture identifiers and process IDs only; never parameters.
    > 233 |       console.warn(
          |               ^
      234 |         'PG17_PROCESS',
      235 |         JSON.stringify({
      236 |           name,

      at settleWorker (test/utils/g2-nq1-pg-harness.ts:233:15)
      at ChildProcess.<anonymous> (test/utils/g2-nq1-pg-harness.ts:253:7)

  console.warn
    PG17_PROCESS {"name":"g2n_139","old":false,"options":{"action":"roster","family":"clients","cursor":"<cursor>"},"failure":{"status":400,"message":"malformed cursor"},"queries":0,"pid":8299}

      231 |       }
      232 |       // Query shapes, outcomes, fixture identifiers and process IDs only; never parameters.
    > 233 |       console.warn(
          |               ^
      234 |         'PG17_PROCESS',
      235 |         JSON.stringify({
      236 |           name,

      at settleWorker (test/utils/g2-nq1-pg-harness.ts:233:15)
      at ChildProcess.<anonymous> (test/utils/g2-nq1-pg-harness.ts:253:7)

  console.warn
    PG17_PROCESS {"name":"g2n_140","old":false,"options":{"action":"roster","family":"clients","cursor":"<cursor>"},"failure":{"status":400,"message":"malformed cursor"},"queries":0,"pid":8312}

      231 |       }
      232 |       // Query shapes, outcomes, fixture identifiers and process IDs only; never parameters.
    > 233 |       console.warn(
          |               ^
      234 |         'PG17_PROCESS',
      235 |         JSON.stringify({
      236 |           name,

      at settleWorker (test/utils/g2-nq1-pg-harness.ts:233:15)
      at ChildProcess.<anonymous> (test/utils/g2-nq1-pg-harness.ts:253:7)

  console.warn
    PG17_PROCESS {"name":"g2n_141","old":false,"options":{"action":"roster","family":"clients","cursor":"<cursor>"},"failure":{"status":400,"message":"malformed cursor"},"queries":0,"pid":8326}

      231 |       }
      232 |       // Query shapes, outcomes, fixture identifiers and process IDs only; never parameters.
    > 233 |       console.warn(
          |               ^
      234 |         'PG17_PROCESS',
      235 |         JSON.stringify({
      236 |           name,

      at settleWorker (test/utils/g2-nq1-pg-harness.ts:233:15)
      at ChildProcess.<anonymous> (test/utils/g2-nq1-pg-harness.ts:253:7)

  console.warn
    PG17_PROCESS {"name":"g2n_142","old":false,"options":{"action":"roster","family":"clients","cursor":"<cursor>"},"failure":{"status":400,"message":"malformed cursor"},"queries":0,"pid":8339}

      231 |       }
      232 |       // Query shapes, outcomes, fixture identifiers and process IDs only; never parameters.
    > 233 |       console.warn(
          |               ^
      234 |         'PG17_PROCESS',
      235 |         JSON.stringify({
      236 |           name,

      at settleWorker (test/utils/g2-nq1-pg-harness.ts:233:15)
      at ChildProcess.<anonymous> (test/utils/g2-nq1-pg-harness.ts:253:7)

  console.warn
    PG17_PROCESS {"name":"g2n_143","old":false,"options":{"action":"roster","family":"clients","cursor":"<cursor>"},"result":{"intent_id":"intent","accounting":{"staged":1,"reconstructed":1,"skipped":0,"failed":0},"persons":[],"page":{"limit":1,"next_cursor":null,"has_more":false}},"queries":7,"pid":8352}

      231 |       }
      232 |       // Query shapes, outcomes, fixture identifiers and process IDs only; never parameters.
    > 233 |       console.warn(
          |               ^
      234 |         'PG17_PROCESS',
      235 |         JSON.stringify({
      236 |           name,

      at settleWorker (test/utils/g2-nq1-pg-harness.ts:233:15)
      at ChildProcess.<anonymous> (test/utils/g2-nq1-pg-harness.ts:253:7)

  console.warn
    PG17_PROCESS {"name":"g2n_144","old":false,"options":{"family":"workouts"},"result":{"intent_id":"intent","staged":1,"reconstructed":1,"skipped":0,"failed":0},"queries":11,"pid":8374}

      231 |       }
      232 |       // Query shapes, outcomes, fixture identifiers and process IDs only; never parameters.
    > 233 |       console.warn(
          |               ^
      234 |         'PG17_PROCESS',
      235 |         JSON.stringify({
      236 |           name,

      at settleWorker (test/utils/g2-nq1-pg-harness.ts:233:15)
      at ChildProcess.<anonymous> (test/utils/g2-nq1-pg-harness.ts:253:7)

  console.warn
    PG17_PROCESS {"name":"g2n_145","old":false,"options":{"action":"entities","family":"workouts","cursor":"<cursor>"},"result":{"intent_id":"intent","family":"workouts","entities":[],"page_count":0,"next_cursor":null},"queries":5,"pid":8390}

      231 |       }
      232 |       // Query shapes, outcomes, fixture identifiers and process IDs only; never parameters.
    > 233 |       console.warn(
          |               ^
      234 |         'PG17_PROCESS',
      235 |         JSON.stringify({
      236 |           name,

      at settleWorker (test/utils/g2-nq1-pg-harness.ts:233:15)
      at ChildProcess.<anonymous> (test/utils/g2-nq1-pg-harness.ts:253:7)

  console.warn
    PG17_PROCESS {"name":"g2n_146","old":true,"options":{"action":"entities","family":"workouts","cursor":"<cursor>"},"result":{"intent_id":"intent","family":"workouts","entities":[],"page_count":0,"next_cursor":null},"queries":5,"pid":8406}

      231 |       }
      232 |       // Query shapes, outcomes, fixture identifiers and process IDs only; never parameters.
    > 233 |       console.warn(
          |               ^
      234 |         'PG17_PROCESS',
      235 |         JSON.stringify({
      236 |           name,

      at settleWorker (test/utils/g2-nq1-pg-harness.ts:233:15)
      at ChildProcess.<anonymous> (test/utils/g2-nq1-pg-harness.ts:253:7)

  console.warn
    PG17_PROCESS {"name":"g2n_147","old":false,"options":{"action":"entities","family":"workouts","cursor":"<cursor>"},"failure":{"status":400,"message":"malformed cursor"},"queries":0,"pid":8422}

      231 |       }
      232 |       // Query shapes, outcomes, fixture identifiers and process IDs only; never parameters.
    > 233 |       console.warn(
          |               ^
      234 |         'PG17_PROCESS',
      235 |         JSON.stringify({
      236 |           name,

      at settleWorker (test/utils/g2-nq1-pg-harness.ts:233:15)
      at ChildProcess.<anonymous> (test/utils/g2-nq1-pg-harness.ts:253:7)

  console.warn
    PG17_PROCESS {"name":"g2n_148","old":false,"options":{"action":"entities","family":"workouts","cursor":"<cursor>"},"failure":{"status":400,"message":"malformed cursor"},"queries":0,"pid":8435}

      231 |       }
      232 |       // Query shapes, outcomes, fixture identifiers and process IDs only; never parameters.
    > 233 |       console.warn(
          |               ^
      234 |         'PG17_PROCESS',
      235 |         JSON.stringify({
      236 |           name,

      at settleWorker (test/utils/g2-nq1-pg-harness.ts:233:15)
      at ChildProcess.<anonymous> (test/utils/g2-nq1-pg-harness.ts:253:7)

  console.warn
    PG17_PROCESS {"name":"g2n_149","old":true,"options":{"action":"entities","family":"workouts","cursor":"<cursor>"},"failure":{"status":400,"message":"malformed cursor"},"queries":0,"pid":8448}

      231 |       }
      232 |       // Query shapes, outcomes, fixture identifiers and process IDs only; never parameters.
    > 233 |       console.warn(
          |               ^
      234 |         'PG17_PROCESS',
      235 |         JSON.stringify({
      236 |           name,

      at settleWorker (test/utils/g2-nq1-pg-harness.ts:233:15)
      at ChildProcess.<anonymous> (test/utils/g2-nq1-pg-harness.ts:253:7)

  console.warn
    PG17_PROCESS {"name":"g2n_150","old":false,"options":{"action":"entities","family":"workouts","cursor":"<cursor>"},"failure":{"status":400,"message":"malformed cursor"},"queries":0,"pid":8461}

      231 |       }
      232 |       // Query shapes, outcomes, fixture identifiers and process IDs only; never parameters.
    > 233 |       console.warn(
          |               ^
      234 |         'PG17_PROCESS',
      235 |         JSON.stringify({
      236 |           name,

      at settleWorker (test/utils/g2-nq1-pg-harness.ts:233:15)
      at ChildProcess.<anonymous> (test/utils/g2-nq1-pg-harness.ts:253:7)

  console.warn
    PG17_PROCESS {"name":"g2n_151","old":true,"options":{"action":"entities","family":"workouts","cursor":"<cursor>"},"failure":{"status":400,"message":"malformed cursor"},"queries":0,"pid":8474}

      231 |       }
      232 |       // Query shapes, outcomes, fixture identifiers and process IDs only; never parameters.
    > 233 |       console.warn(
          |               ^
      234 |         'PG17_PROCESS',
      235 |         JSON.stringify({
      236 |           name,

      at settleWorker (test/utils/g2-nq1-pg-harness.ts:233:15)
      at ChildProcess.<anonymous> (test/utils/g2-nq1-pg-harness.ts:253:7)

  console.warn
    PG17_PROCESS {"name":"g2n_152","old":false,"options":{"action":"entities","family":"workouts","cursor":"<cursor>"},"failure":{"status":400,"message":"malformed cursor"},"queries":0,"pid":8487}

      231 |       }
      232 |       // Query shapes, outcomes, fixture identifiers and process IDs only; never parameters.
    > 233 |       console.warn(
          |               ^
      234 |         'PG17_PROCESS',
      235 |         JSON.stringify({
      236 |           name,

      at settleWorker (test/utils/g2-nq1-pg-harness.ts:233:15)
      at ChildProcess.<anonymous> (test/utils/g2-nq1-pg-harness.ts:253:7)

  console.warn
    PG17_PROCESS {"name":"g2n_153","old":true,"options":{"action":"entities","family":"workouts","cursor":"<cursor>"},"failure":{"status":400,"message":"malformed cursor"},"queries":0,"pid":8500}

      231 |       }
      232 |       // Query shapes, outcomes, fixture identifiers and process IDs only; never parameters.
    > 233 |       console.warn(
          |               ^
      234 |         'PG17_PROCESS',
      235 |         JSON.stringify({
      236 |           name,

      at settleWorker (test/utils/g2-nq1-pg-harness.ts:233:15)
      at ChildProcess.<anonymous> (test/utils/g2-nq1-pg-harness.ts:253:7)

  console.warn
    PG17_PROCESS {"name":"g2n_154","old":false,"options":{"action":"entities","family":"workouts","cursor":"<cursor>"},"failure":{"status":400,"message":"malformed cursor"},"queries":0,"pid":8513}

      231 |       }
      232 |       // Query shapes, outcomes, fixture identifiers and process IDs only; never parameters.
    > 233 |       console.warn(
          |               ^
      234 |         'PG17_PROCESS',
      235 |         JSON.stringify({
      236 |           name,

      at settleWorker (test/utils/g2-nq1-pg-harness.ts:233:15)
      at ChildProcess.<anonymous> (test/utils/g2-nq1-pg-harness.ts:253:7)

  console.warn
    PG17_PROCESS {"name":"g2n_155","old":true,"options":{"action":"entities","family":"workouts","cursor":"<cursor>"},"failure":{"status":400,"message":"malformed cursor"},"queries":0,"pid":8526}

      231 |       }
      232 |       // Query shapes, outcomes, fixture identifiers and process IDs only; never parameters.
    > 233 |       console.warn(
          |               ^
      234 |         'PG17_PROCESS',
      235 |         JSON.stringify({
      236 |           name,

      at settleWorker (test/utils/g2-nq1-pg-harness.ts:233:15)
      at ChildProcess.<anonymous> (test/utils/g2-nq1-pg-harness.ts:253:7)

  console.warn
    PG17_PROCESS {"name":"g2n_156","old":false,"options":{"action":"entities","family":"workouts","cursor":"<cursor>"},"failure":{"status":400,"message":"malformed cursor"},"queries":0,"pid":8539}

      231 |       }
      232 |       // Query shapes, outcomes, fixture identifiers and process IDs only; never parameters.
    > 233 |       console.warn(
          |               ^
      234 |         'PG17_PROCESS',
      235 |         JSON.stringify({
      236 |           name,

      at settleWorker (test/utils/g2-nq1-pg-harness.ts:233:15)
      at ChildProcess.<anonymous> (test/utils/g2-nq1-pg-harness.ts:253:7)

  console.warn
    PG17_PROCESS {"name":"g2n_157","old":true,"options":{"action":"entities","family":"workouts","cursor":"<cursor>"},"failure":{"status":400,"message":"malformed cursor"},"queries":0,"pid":8552}

      231 |       }
      232 |       // Query shapes, outcomes, fixture identifiers and process IDs only; never parameters.
    > 233 |       console.warn(
          |               ^
      234 |         'PG17_PROCESS',
      235 |         JSON.stringify({
      236 |           name,

      at settleWorker (test/utils/g2-nq1-pg-harness.ts:233:15)
      at ChildProcess.<anonymous> (test/utils/g2-nq1-pg-harness.ts:253:7)

  console.warn
    PG17_PROCESS {"name":"g2n_158","old":false,"options":{"action":"entities","family":"workouts","cursor":"<cursor>"},"failure":{"status":400,"message":"malformed cursor"},"queries":0,"pid":8567}

      231 |       }
      232 |       // Query shapes, outcomes, fixture identifiers and process IDs only; never parameters.
    > 233 |       console.warn(
          |               ^
      234 |         'PG17_PROCESS',
      235 |         JSON.stringify({
      236 |           name,

      at settleWorker (test/utils/g2-nq1-pg-harness.ts:233:15)
      at ChildProcess.<anonymous> (test/utils/g2-nq1-pg-harness.ts:253:7)

  console.warn
    PG17_PROCESS {"name":"g2n_159","old":true,"options":{"action":"entities","family":"workouts","cursor":"<cursor>"},"failure":{"status":400,"message":"malformed cursor"},"queries":0,"pid":8580}

      231 |       }
      232 |       // Query shapes, outcomes, fixture identifiers and process IDs only; never parameters.
    > 233 |       console.warn(
          |               ^
      234 |         'PG17_PROCESS',
      235 |         JSON.stringify({
      236 |           name,

      at settleWorker (test/utils/g2-nq1-pg-harness.ts:233:15)
      at ChildProcess.<anonymous> (test/utils/g2-nq1-pg-harness.ts:253:7)

  console.warn
    PG17_PROCESS {"name":"g2n_160","old":false,"options":{"action":"entities","family":"workouts","cursor":"<cursor>"},"failure":{"status":400,"message":"malformed cursor"},"queries":0,"pid":8593}

      231 |       }
      232 |       // Query shapes, outcomes, fixture identifiers and process IDs only; never parameters.
    > 233 |       console.warn(
          |               ^
      234 |         'PG17_PROCESS',
      235 |         JSON.stringify({
      236 |           name,

      at settleWorker (test/utils/g2-nq1-pg-harness.ts:233:15)
      at ChildProcess.<anonymous> (test/utils/g2-nq1-pg-harness.ts:253:7)

  console.warn
    PG17_PROCESS {"name":"g2n_161","old":false,"options":{"action":"entities","family":"workouts","cursor":"<cursor>"},"failure":{"status":400,"message":"malformed cursor"},"queries":0,"pid":8606}

      231 |       }
      232 |       // Query shapes, outcomes, fixture identifiers and process IDs only; never parameters.
    > 233 |       console.warn(
          |               ^
      234 |         'PG17_PROCESS',
      235 |         JSON.stringify({
      236 |           name,

      at settleWorker (test/utils/g2-nq1-pg-harness.ts:233:15)
      at ChildProcess.<anonymous> (test/utils/g2-nq1-pg-harness.ts:253:7)

  console.warn
    PG17_PROCESS {"name":"g2n_162","old":false,"options":{"action":"entities","family":"workouts","cursor":"<cursor>"},"failure":{"status":400,"message":"malformed cursor"},"queries":0,"pid":8619}

      231 |       }
      232 |       // Query shapes, outcomes, fixture identifiers and process IDs only; never parameters.
    > 233 |       console.warn(
          |               ^
      234 |         'PG17_PROCESS',
      235 |         JSON.stringify({
      236 |           name,

      at settleWorker (test/utils/g2-nq1-pg-harness.ts:233:15)
      at ChildProcess.<anonymous> (test/utils/g2-nq1-pg-harness.ts:253:7)

  console.warn
    PG17_PROCESS {"name":"g2n_163","old":false,"options":{"action":"entities","family":"workouts","cursor":"<cursor>"},"failure":{"status":400,"message":"malformed cursor"},"queries":0,"pid":8632}

      231 |       }
      232 |       // Query shapes, outcomes, fixture identifiers and process IDs only; never parameters.
    > 233 |       console.warn(
          |               ^
      234 |         'PG17_PROCESS',
      235 |         JSON.stringify({
      236 |           name,

      at settleWorker (test/utils/g2-nq1-pg-harness.ts:233:15)
      at ChildProcess.<anonymous> (test/utils/g2-nq1-pg-harness.ts:253:7)

  console.warn
    PG17_PROCESS {"name":"g2n_164","old":false,"options":{"action":"entities","family":"workouts","cursor":"<cursor>"},"failure":{"status":400,"message":"malformed cursor"},"queries":0,"pid":8646}

      231 |       }
      232 |       // Query shapes, outcomes, fixture identifiers and process IDs only; never parameters.
    > 233 |       console.warn(
          |               ^
      234 |         'PG17_PROCESS',
      235 |         JSON.stringify({
      236 |           name,

      at settleWorker (test/utils/g2-nq1-pg-harness.ts:233:15)
      at ChildProcess.<anonymous> (test/utils/g2-nq1-pg-harness.ts:253:7)

  console.warn
    PG17_PROCESS {"name":"g2n_165","old":false,"options":{"action":"entities","family":"workouts","cursor":"<cursor>"},"failure":{"status":400,"message":"malformed cursor"},"queries":0,"pid":8659}

      231 |       }
      232 |       // Query shapes, outcomes, fixture identifiers and process IDs only; never parameters.
    > 233 |       console.warn(
          |               ^
      234 |         'PG17_PROCESS',
      235 |         JSON.stringify({
      236 |           name,

      at settleWorker (test/utils/g2-nq1-pg-harness.ts:233:15)
      at ChildProcess.<anonymous> (test/utils/g2-nq1-pg-harness.ts:253:7)

  console.warn
    PG17_PROCESS {"name":"g2n_166","old":false,"options":{"action":"entities","family":"workouts","cursor":"<cursor>"},"failure":{"status":400,"message":"malformed cursor"},"queries":0,"pid":8672}

      231 |       }
      232 |       // Query shapes, outcomes, fixture identifiers and process IDs only; never parameters.
    > 233 |       console.warn(
          |               ^
      234 |         'PG17_PROCESS',
      235 |         JSON.stringify({
      236 |           name,

      at settleWorker (test/utils/g2-nq1-pg-harness.ts:233:15)
      at ChildProcess.<anonymous> (test/utils/g2-nq1-pg-harness.ts:253:7)

  console.warn
    PG17_PROCESS {"name":"g2n_167","old":false,"options":{"action":"entities","family":"workouts","cursor":"<cursor>"},"failure":{"status":400,"message":"malformed cursor"},"queries":0,"pid":8685}

      231 |       }
      232 |       // Query shapes, outcomes, fixture identifiers and process IDs only; never parameters.
    > 233 |       console.warn(
          |               ^
      234 |         'PG17_PROCESS',
      235 |         JSON.stringify({
      236 |           name,

      at settleWorker (test/utils/g2-nq1-pg-harness.ts:233:15)
      at ChildProcess.<anonymous> (test/utils/g2-nq1-pg-harness.ts:253:7)

  console.warn
    PG17_PROCESS {"name":"g2n_168","old":false,"options":{"action":"entities","family":"workouts","cursor":"<cursor>"},"failure":{"status":400,"message":"malformed cursor"},"queries":0,"pid":8700}

      231 |       }
      232 |       // Query shapes, outcomes, fixture identifiers and process IDs only; never parameters.
    > 233 |       console.warn(
          |               ^
      234 |         'PG17_PROCESS',
      235 |         JSON.stringify({
      236 |           name,

      at settleWorker (test/utils/g2-nq1-pg-harness.ts:233:15)
      at ChildProcess.<anonymous> (test/utils/g2-nq1-pg-harness.ts:253:7)

  console.warn
    PG17_PROCESS {"name":"g2n_169","old":false,"options":{"action":"entities","family":"workouts","cursor":"<cursor>"},"failure":{"status":400,"message":"malformed cursor"},"queries":0,"pid":8713}

      231 |       }
      232 |       // Query shapes, outcomes, fixture identifiers and process IDs only; never parameters.
    > 233 |       console.warn(
          |               ^
      234 |         'PG17_PROCESS',
      235 |         JSON.stringify({
      236 |           name,

      at settleWorker (test/utils/g2-nq1-pg-harness.ts:233:15)
      at ChildProcess.<anonymous> (test/utils/g2-nq1-pg-harness.ts:253:7)

  console.warn
    PG17_PROCESS {"name":"g2n_170","old":false,"options":{"action":"entities","family":"workouts","cursor":"<cursor>"},"failure":{"status":400,"message":"malformed cursor"},"queries":0,"pid":8726}

      231 |       }
      232 |       // Query shapes, outcomes, fixture identifiers and process IDs only; never parameters.
    > 233 |       console.warn(
          |               ^
      234 |         'PG17_PROCESS',
      235 |         JSON.stringify({
      236 |           name,

      at settleWorker (test/utils/g2-nq1-pg-harness.ts:233:15)
      at ChildProcess.<anonymous> (test/utils/g2-nq1-pg-harness.ts:253:7)

  console.warn
    PG17_PROCESS {"name":"g2n_171","old":false,"options":{"action":"entities","family":"workouts","cursor":"<cursor>"},"result":{"intent_id":"intent","family":"workouts","entities":[],"page_count":0,"next_cursor":null},"queries":5,"pid":8739}

      231 |       }
      232 |       // Query shapes, outcomes, fixture identifiers and process IDs only; never parameters.
    > 233 |       console.warn(
          |               ^
      234 |         'PG17_PROCESS',
      235 |         JSON.stringify({
      236 |           name,

      at settleWorker (test/utils/g2-nq1-pg-harness.ts:233:15)
      at ChildProcess.<anonymous> (test/utils/g2-nq1-pg-harness.ts:253:7)

FAIL rls-live test/rls-g2-nq1.spec.ts (190.48 s)
  stage 1: N — the final writer on the accepted R shape
    ✓ N01: prisma migrate deploy from the candidate has nothing pending; the catalog does not move; N writes the five-field identity (5090 ms)
    ✕ N02: N on R, per family, matches the accepted T tally on an identical fixture; replay identical; ledger provenance is the staged provenance (3560 ms)
    ✕ N03: mixed T and N processes on one staged row, both orders: one ledger row, one target, success dominates (3081 ms)
    ✓ N04: a same-source, different-platform staged row against a committed ledger row is a 409 with nothing written — for N and for T (4227 ms)
    ✓ N05 (negative control, release-order precondition): on the E+B shape (R down) the N client fails closed on a NULL-provenance row; nothing is written; R up restores the shape (6783 ms)
    ✕ N06: rollback N→T — after N writes, T replays identically and the T/Q0 readers enumerate the same union as N/Q1 (969 ms)
  stage 2: Q1 — scoped v2 emission, legacy resolution, ties, scope, erasure, bounds
    ✓ Q01: every non-final clients page emits the exact scoped v2 token; every page orders by (source_id, source_platform) under REPEATABLE READ (4688 ms)
    ✓ Q01: every non-final workouts page emits the exact scoped v2 token; every page orders by (source_id, source_platform) under REPEATABLE READ (4715 ms)
    ✓ Q02: clients tokens chain Q1→Q0→Q1 and Q0→Q1→Q0 at limit 1 without repeating or skipping a row (19347 ms)
    ✓ Q02: workouts tokens chain Q1→Q0→Q1 and Q0→Q1→Q0 at limit 1 without repeating or skipping a row (15456 ms)
    ✓ Q03: a legacy clients token resolves to the same page as its v2 boundary inside the scope; forged or foreign resolves to 400 before any page read (8651 ms)
    ✓ Q03: a legacy workouts token resolves to the same page as its v2 boundary inside the scope; forged or foreign resolves to 400 before any page read (8704 ms)
    ✓ Q04: identity ties (same source_id, several platforms) enumerate every clients row exactly once at limit 1; Q0 accepts the v2 tokens; a tied legacy token is 400 (7524 ms)
    ✓ Q04: identity ties (same source_id, several platforms) enumerate every workouts row exactly once at limit 1; Q0 accepts the v2 tokens; a tied legacy token is 400 (7645 ms)
    ✕ Q05: a clients token outside its (coach, intent, family) scope, or on the other endpoint, is 400; a foreign coach is 404 (7359 ms)
    ✕ Q05: a workouts token outside its (coach, intent, family) scope, or on the other endpoint, is 400; a foreign coach is 404 (7278 ms)
    ✓ Q06: erased or re-scoped clients targets stay hidden while the cursor still advances to a final null (3913 ms)
    ✓ Q06: erased or re-scoped workouts targets stay hidden while the cursor still advances to a final null (3919 ms)
    ✓ Q07: clients tokens are bounded at 8,192 characters for Q1 and Q0; every malformed shape is a 400 without reflection (24820 ms)
    ✓ Q07: workouts tokens are bounded at 8,192 characters for Q1 and Q0; every malformed shape is a 400 without reflection (24607 ms)

  ● stage 1: N — the final writer on the accepted R shape › N02: N on R, per family, matches the accepted T tally on an identical fixture; replay identical; ledger provenance is the staged provenance

    expect(received).toMatchObject(expected)

    - Expected  - 2
    + Received  + 2

      Object {
    -   "failed": 4,
    -   "reconstructed": 20,
    +   "failed": 0,
    +   "reconstructed": 24,
        "staged": 24,
      }

      270 |       expect(fromT.failure).toBeUndefined();
      271 |       expect(tally(fromN.result)).toEqual(tally(fromT.result));
    > 272 |       expect(fromN.result).toMatchObject({
          |                            ^
      273 |         staged: 24,
      274 |         reconstructed: family === 'clients' ? 20 : 24,
      275 |         failed: family === 'clients' ? 4 : 0,

      at Object.<anonymous> (test/rls-g2-nq1.spec.ts:272:28)

  ● stage 1: N — the final writer on the accepted R shape › N03: mixed T and N processes on one staged row, both orders: one ledger row, one target, success dominates

    expect(received).toMatchObject(expected)

    - Expected  - 1
    + Received  + 1

      Object {
    -   "reconstructed": 1,
    +   "reconstructed": 4,
      }

      300 |     await tPaused.ready;
      301 |     const n1 = await run();
    > 302 |     expect(n1.result).toMatchObject({ reconstructed: 1 });
          |                       ^
      303 |     tPaused.release();
      304 |     const t1 = await tPaused.done;
      305 |     expect(t1.failure).toBeUndefined();

      at Object.<anonymous> (test/rls-g2-nq1.spec.ts:302:23)

  ● stage 1: N — the final writer on the accepted R shape › N06: rollback N→T — after N writes, T replays identically and the T/Q0 readers enumerate the same union as N/Q1

    expect(received).toMatchObject(expected)

    - Expected  - 1
    + Received  + 1

      Object {
    -   "reconstructed": 9,
    +   "reconstructed": 12,
      }

      435 |       stageMany(12, family, 'truecoach', 'coach', intent, family === 'clients' ? 4 : 0);
      436 |       const n = await run({ intent, family });
    > 437 |       expect(n.result).toMatchObject({ reconstructed: success });
          |                        ^
      438 |       const rows = records('coach', intent, family);
      439 |       const t = await run({ intent, family }, true);
      440 |       expect(t.failure).toBeUndefined();

      at Object.<anonymous> (test/rls-g2-nq1.spec.ts:437:24)

  ● stage 2: Q1 — scoped v2 emission, legacy resolution, ties, scope, erasure, bounds › Q05: a clients token outside its (coach, intent, family) scope, or on the other endpoint, is 400; a foreign coach is 404

    expect(received).toBe(expected) // Object.is equality

    Expected: 404
    Received: 400

      652 |       expect(
      653 |         (await run({ action, family, cursor: v2(family, 'a'), coach: 'foreign' })).failure?.status,
    > 654 |       ).toBe(404);
          |         ^
      655 |       const valid = await run({ action, family, cursor: v2(family, 'a') });
      656 |       expect(ids(visible(family, valid.result))).toHaveLength(1);
      657 |     },

      at test/rls-g2-nq1.spec.ts:654:9

  ● stage 2: Q1 — scoped v2 emission, legacy resolution, ties, scope, erasure, bounds › Q05: a workouts token outside its (coach, intent, family) scope, or on the other endpoint, is 400; a foreign coach is 404

    expect(received).toBe(expected) // Object.is equality

    Expected: 404
    Received: 400

      652 |       expect(
      653 |         (await run({ action, family, cursor: v2(family, 'a'), coach: 'foreign' })).failure?.status,
    > 654 |       ).toBe(404);
          |         ^
      655 |       const valid = await run({ action, family, cursor: v2(family, 'a') });
      656 |       expect(ids(visible(family, valid.result))).toHaveLength(1);
      657 |     },

      at test/rls-g2-nq1.spec.ts:654:9

Test Suites: 1 failed, 1 total
Tests:       5 failed, 15 passed, 20 total
Snapshots:   0 total
Time:        190.738 s
Ran all test suites matching test/rls-g2-nq1.spec.ts.
