  console.warn
    PG17_PROCESS {"name":"g2g_1","options":{"action":"pair-init","coach":"s11b-coach-a","body":{},"host":"P1","role":"phone"},"result":{"pairing_code":"880372","expires_at":"2026-09-29T15:44:36.537Z","import_intent_id":"7746b782-3ec1-4363-ab1d-5cf9b18e8dbf"},"queries":11,"pid":4073}

    [0m [90m 181 |[39m       }
     [90m 182 |[39m       [90m// Query shapes, outcomes, fixture identifiers and process IDs only; never parameters.[39m
    [31m[1m>[22m[39m[90m 183 |[39m       console[33m.[39mwarn(
     [90m     |[39m               [31m[1m^[22m[39m
     [90m 184 |[39m         [32m'PG17_PROCESS'[39m[33m,[39m
     [90m 185 |[39m         [33mJSON[39m[33m.[39mstringify({
     [90m 186 |[39m           name[33m,[39m[0m

      at settleWorker (test/utils/g2-s11-pg-harness.ts:183:15)
      at ChildProcess.<anonymous> (test/utils/g2-s11-pg-harness.ts:202:7)

  console.warn
    PG17_PROCESS {"name":"g2g_2","options":{"action":"pair-redeem","coach":"unauthenticated","body":{"code":"880372"},"host":"P2","role":"ext"},"result":{"access_token":"synthetic-access-1","refresh_token":"synthetic-refresh-1","chosen_platform":"s11-label","import_intent_id":"7746b782-3ec1-4363-ab1d-5cf9b18e8dbf"},"queries":10,"pid":4093}

    [0m [90m 181 |[39m       }
     [90m 182 |[39m       [90m// Query shapes, outcomes, fixture identifiers and process IDs only; never parameters.[39m
    [31m[1m>[22m[39m[90m 183 |[39m       console[33m.[39mwarn(
     [90m     |[39m               [31m[1m^[22m[39m
     [90m 184 |[39m         [32m'PG17_PROCESS'[39m[33m,[39m
     [90m 185 |[39m         [33mJSON[39m[33m.[39mstringify({
     [90m 186 |[39m           name[33m,[39m[0m

      at settleWorker (test/utils/g2-s11-pg-harness.ts:183:15)
      at ChildProcess.<anonymous> (test/utils/g2-s11-pg-harness.ts:202:7)

  console.warn
    PG17_PROCESS {"name":"g2g_3","options":{"action":"start","coach":"s11b-coach-a","intent":"7746b782-3ec1-4363-ab1d-5cf9b18e8dbf","host":"P2","role":"phone"},"result":{"intent_id":"7746b782-3ec1-4363-ab1d-5cf9b18e8dbf","mode":"server","phase":"discovering","execution_epoch":1,"accepted_start_at":"2026-09-29T15:42:40.807Z","deadline_at":"2026-09-29T15:47:40.807Z"},"queries":3,"pid":4113}

    [0m [90m 181 |[39m       }
     [90m 182 |[39m       [90m// Query shapes, outcomes, fixture identifiers and process IDs only; never parameters.[39m
    [31m[1m>[22m[39m[90m 183 |[39m       console[33m.[39mwarn(
     [90m     |[39m               [31m[1m^[22m[39m
     [90m 184 |[39m         [32m'PG17_PROCESS'[39m[33m,[39m
     [90m 185 |[39m         [33mJSON[39m[33m.[39mstringify({
     [90m 186 |[39m           name[33m,[39m[0m

      at settleWorker (test/utils/g2-s11-pg-harness.ts:183:15)
      at ChildProcess.<anonymous> (test/utils/g2-s11-pg-harness.ts:202:7)

  console.warn
    PG17_PROCESS {"name":"g2g_4","options":{"action":"ingest","coach":"s11b-coach-a","intent":"7746b782-3ec1-4363-ab1d-5cf9b18e8dbf","body":{"entity_type":"people","entities":[{"sourceId":"p-1","payload":{"name":"Synthetic p-1"}},{"sourceId":"p-2","payload":{"name":"Synthetic p-2"}}]},"host":"P1","role":"ext"},"result":{"received":2,"deduped":0},"queries":8,"pid":4132}

    [0m [90m 181 |[39m       }
     [90m 182 |[39m       [90m// Query shapes, outcomes, fixture identifiers and process IDs only; never parameters.[39m
    [31m[1m>[22m[39m[90m 183 |[39m       console[33m.[39mwarn(
     [90m     |[39m               [31m[1m^[22m[39m
     [90m 184 |[39m         [32m'PG17_PROCESS'[39m[33m,[39m
     [90m 185 |[39m         [33mJSON[39m[33m.[39mstringify({
     [90m 186 |[39m           name[33m,[39m[0m

      at settleWorker (test/utils/g2-s11-pg-harness.ts:183:15)
      at ChildProcess.<anonymous> (test/utils/g2-s11-pg-harness.ts:202:7)

  console.warn
    PG17_PROCESS {"name":"g2g_5","options":{"action":"ingest","coach":"s11b-coach-a","intent":"7746b782-3ec1-4363-ab1d-5cf9b18e8dbf","body":{"entity_type":"blocks","entities":[{"sourceId":"blk-1","payload":{"title":"Base Block","weeks":4,"days":3,"notes":"synthetic"}}]},"host":"P2","role":"ext"},"result":{"received":1,"deduped":0},"queries":8,"pid":4153}

    [0m [90m 181 |[39m       }
     [90m 182 |[39m       [90m// Query shapes, outcomes, fixture identifiers and process IDs only; never parameters.[39m
    [31m[1m>[22m[39m[90m 183 |[39m       console[33m.[39mwarn(
     [90m     |[39m               [31m[1m^[22m[39m
     [90m 184 |[39m         [32m'PG17_PROCESS'[39m[33m,[39m
     [90m 185 |[39m         [33mJSON[39m[33m.[39mstringify({
     [90m 186 |[39m           name[33m,[39m[0m

      at settleWorker (test/utils/g2-s11-pg-harness.ts:183:15)
      at ChildProcess.<anonymous> (test/utils/g2-s11-pg-harness.ts:202:7)

  console.warn
    PG17_PROCESS {"name":"g2g_6","options":{"action":"ingest","coach":"s11b-coach-a","intent":"7746b782-3ec1-4363-ab1d-5cf9b18e8dbf","body":{"entity_type":"routines","entities":[{"sourceId":"rt-1","payload":{"title":"Push Day","kind":"lift","minutes":45,"exercises":[{"id":"e1","exercise":"22222222-2222-4222-8222-222222222222","sets":3,"reps":8,"kg":100}]}}]},"host":"P1","role":"ext"},"result":{"received":1,"deduped":0},"queries":8,"pid":4173}

    [0m [90m 181 |[39m       }
     [90m 182 |[39m       [90m// Query shapes, outcomes, fixture identifiers and process IDs only; never parameters.[39m
    [31m[1m>[22m[39m[90m 183 |[39m       console[33m.[39mwarn(
     [90m     |[39m               [31m[1m^[22m[39m
     [90m 184 |[39m         [32m'PG17_PROCESS'[39m[33m,[39m
     [90m 185 |[39m         [33mJSON[39m[33m.[39mstringify({
     [90m 186 |[39m           name[33m,[39m[0m

      at settleWorker (test/utils/g2-s11-pg-harness.ts:183:15)
      at ChildProcess.<anonymous> (test/utils/g2-s11-pg-harness.ts:202:7)

  console.warn
    PG17_PROCESS {"name":"g2g_7","options":{"action":"ingest","coach":"s11b-coach-a","intent":"7746b782-3ec1-4363-ab1d-5cf9b18e8dbf","body":{"entity_type":"log","entities":[{"sourceId":"h-1","payload":{"title":"note"}}]},"host":"P2","role":"ext"},"result":{"received":1,"deduped":0},"queries":8,"pid":4193}

    [0m [90m 181 |[39m       }
     [90m 182 |[39m       [90m// Query shapes, outcomes, fixture identifiers and process IDs only; never parameters.[39m
    [31m[1m>[22m[39m[90m 183 |[39m       console[33m.[39mwarn(
     [90m     |[39m               [31m[1m^[22m[39m
     [90m 184 |[39m         [32m'PG17_PROCESS'[39m[33m,[39m
     [90m 185 |[39m         [33mJSON[39m[33m.[39mstringify({
     [90m 186 |[39m           name[33m,[39m[0m

      at settleWorker (test/utils/g2-s11-pg-harness.ts:183:15)
      at ChildProcess.<anonymous> (test/utils/g2-s11-pg-harness.ts:202:7)

  console.warn
    PG17_PROCESS {"name":"g2g_8","options":{"action":"complete","coach":"s11b-coach-a","intent":"7746b782-3ec1-4363-ab1d-5cf9b18e8dbf","body":{"terminal_status":"success"},"host":"P1","role":"ext"},"result":{"acknowledged":true,"intent_id":"7746b782-3ec1-4363-ab1d-5cf9b18e8dbf"},"queries":93,"pid":4215}

    [0m [90m 181 |[39m       }
     [90m 182 |[39m       [90m// Query shapes, outcomes, fixture identifiers and process IDs only; never parameters.[39m
    [31m[1m>[22m[39m[90m 183 |[39m       console[33m.[39mwarn(
     [90m     |[39m               [31m[1m^[22m[39m
     [90m 184 |[39m         [32m'PG17_PROCESS'[39m[33m,[39m
     [90m 185 |[39m         [33mJSON[39m[33m.[39mstringify({
     [90m 186 |[39m           name[33m,[39m[0m

      at settleWorker (test/utils/g2-s11-pg-harness.ts:183:15)
      at ChildProcess.<anonymous> (test/utils/g2-s11-pg-harness.ts:202:7)

  console.warn
    PG17_PROCESS {"name":"g2g_9","options":{"action":"pair-init","coach":"s11b-coach-a","body":{},"host":"P1","role":"phone"},"result":{"pairing_code":"723005","expires_at":"2026-09-29T15:44:53.792Z","import_intent_id":"dfc893e5-29ef-4154-be78-e49e3580a04a"},"queries":11,"pid":4262}

    [0m [90m 181 |[39m       }
     [90m 182 |[39m       [90m// Query shapes, outcomes, fixture identifiers and process IDs only; never parameters.[39m
    [31m[1m>[22m[39m[90m 183 |[39m       console[33m.[39mwarn(
     [90m     |[39m               [31m[1m^[22m[39m
     [90m 184 |[39m         [32m'PG17_PROCESS'[39m[33m,[39m
     [90m 185 |[39m         [33mJSON[39m[33m.[39mstringify({
     [90m 186 |[39m           name[33m,[39m[0m

      at settleWorker (test/utils/g2-s11-pg-harness.ts:183:15)
      at ChildProcess.<anonymous> (test/utils/g2-s11-pg-harness.ts:202:7)

  console.warn
    PG17_PROCESS {"name":"g2g_10","options":{"action":"pair-redeem","coach":"unauthenticated","body":{"code":"723005"},"host":"P2","role":"ext"},"result":{"access_token":"synthetic-access-1","refresh_token":"synthetic-refresh-1","chosen_platform":"s11-label","import_intent_id":"dfc893e5-29ef-4154-be78-e49e3580a04a"},"queries":10,"pid":4282}

    [0m [90m 181 |[39m       }
     [90m 182 |[39m       [90m// Query shapes, outcomes, fixture identifiers and process IDs only; never parameters.[39m
    [31m[1m>[22m[39m[90m 183 |[39m       console[33m.[39mwarn(
     [90m     |[39m               [31m[1m^[22m[39m
     [90m 184 |[39m         [32m'PG17_PROCESS'[39m[33m,[39m
     [90m 185 |[39m         [33mJSON[39m[33m.[39mstringify({
     [90m 186 |[39m           name[33m,[39m[0m

      at settleWorker (test/utils/g2-s11-pg-harness.ts:183:15)
      at ChildProcess.<anonymous> (test/utils/g2-s11-pg-harness.ts:202:7)

  console.warn
    PG17_PROCESS {"name":"g2g_11","options":{"action":"start","coach":"s11b-coach-a","intent":"dfc893e5-29ef-4154-be78-e49e3580a04a","host":"P2","role":"phone"},"result":{"intent_id":"dfc893e5-29ef-4154-be78-e49e3580a04a","mode":"server","phase":"discovering","execution_epoch":1,"accepted_start_at":"2026-09-29T15:42:58.007Z","deadline_at":"2026-09-29T15:47:58.007Z"},"queries":3,"pid":4302}

    [0m [90m 181 |[39m       }
     [90m 182 |[39m       [90m// Query shapes, outcomes, fixture identifiers and process IDs only; never parameters.[39m
    [31m[1m>[22m[39m[90m 183 |[39m       console[33m.[39mwarn(
     [90m     |[39m               [31m[1m^[22m[39m
     [90m 184 |[39m         [32m'PG17_PROCESS'[39m[33m,[39m
     [90m 185 |[39m         [33mJSON[39m[33m.[39mstringify({
     [90m 186 |[39m           name[33m,[39m[0m

      at settleWorker (test/utils/g2-s11-pg-harness.ts:183:15)
      at ChildProcess.<anonymous> (test/utils/g2-s11-pg-harness.ts:202:7)

  console.warn
    PG17_PROCESS {"name":"g2g_12","options":{"action":"ingest","coach":"s11b-coach-a","intent":"dfc893e5-29ef-4154-be78-e49e3580a04a","body":{"entity_type":"people","entities":[{"sourceId":"p-1","payload":{"name":"Synthetic p-1"}},{"sourceId":"p-2","payload":{"name":"Synthetic p-2"}}]},"host":"P1","role":"ext"},"result":{"received":2,"deduped":0},"queries":8,"pid":4321}

    [0m [90m 181 |[39m       }
     [90m 182 |[39m       [90m// Query shapes, outcomes, fixture identifiers and process IDs only; never parameters.[39m
    [31m[1m>[22m[39m[90m 183 |[39m       console[33m.[39mwarn(
     [90m     |[39m               [31m[1m^[22m[39m
     [90m 184 |[39m         [32m'PG17_PROCESS'[39m[33m,[39m
     [90m 185 |[39m         [33mJSON[39m[33m.[39mstringify({
     [90m 186 |[39m           name[33m,[39m[0m

      at settleWorker (test/utils/g2-s11-pg-harness.ts:183:15)
      at ChildProcess.<anonymous> (test/utils/g2-s11-pg-harness.ts:202:7)

  console.warn
    PG17_PROCESS {"name":"g2g_13","options":{"action":"ingest","coach":"s11b-coach-a","intent":"dfc893e5-29ef-4154-be78-e49e3580a04a","body":{"entity_type":"blocks","entities":[{"sourceId":"blk-1","payload":{"title":"Base Block","weeks":4,"days":3,"notes":"synthetic"}}]},"host":"P2","role":"ext"},"result":{"received":1,"deduped":0},"queries":8,"pid":4341}

    [0m [90m 181 |[39m       }
     [90m 182 |[39m       [90m// Query shapes, outcomes, fixture identifiers and process IDs only; never parameters.[39m
    [31m[1m>[22m[39m[90m 183 |[39m       console[33m.[39mwarn(
     [90m     |[39m               [31m[1m^[22m[39m
     [90m 184 |[39m         [32m'PG17_PROCESS'[39m[33m,[39m
     [90m 185 |[39m         [33mJSON[39m[33m.[39mstringify({
     [90m 186 |[39m           name[33m,[39m[0m

      at settleWorker (test/utils/g2-s11-pg-harness.ts:183:15)
      at ChildProcess.<anonymous> (test/utils/g2-s11-pg-harness.ts:202:7)

  console.warn
    PG17_PROCESS {"name":"g2g_14","options":{"action":"ingest","coach":"s11b-coach-a","intent":"dfc893e5-29ef-4154-be78-e49e3580a04a","body":{"entity_type":"routines","entities":[{"sourceId":"rt-1","payload":{"title":"Push Day","kind":"lift","minutes":45,"exercises":[{"id":"e1","exercise":"22222222-2222-4222-8222-222222222222","sets":3,"reps":8,"kg":100}]}}]},"host":"P1","role":"ext"},"result":{"received":1,"deduped":0},"queries":8,"pid":4362}

    [0m [90m 181 |[39m       }
     [90m 182 |[39m       [90m// Query shapes, outcomes, fixture identifiers and process IDs only; never parameters.[39m
    [31m[1m>[22m[39m[90m 183 |[39m       console[33m.[39mwarn(
     [90m     |[39m               [31m[1m^[22m[39m
     [90m 184 |[39m         [32m'PG17_PROCESS'[39m[33m,[39m
     [90m 185 |[39m         [33mJSON[39m[33m.[39mstringify({
     [90m 186 |[39m           name[33m,[39m[0m

      at settleWorker (test/utils/g2-s11-pg-harness.ts:183:15)
      at ChildProcess.<anonymous> (test/utils/g2-s11-pg-harness.ts:202:7)

  console.warn
    PG17_PROCESS {"name":"g2g_15","options":{"action":"ingest","coach":"s11b-coach-a","intent":"dfc893e5-29ef-4154-be78-e49e3580a04a","body":{"entity_type":"log","entities":[{"sourceId":"h-1","payload":{"title":"note"}}]},"host":"P2","role":"ext"},"result":{"received":1,"deduped":0},"queries":8,"pid":4382}

    [0m [90m 181 |[39m       }
     [90m 182 |[39m       [90m// Query shapes, outcomes, fixture identifiers and process IDs only; never parameters.[39m
    [31m[1m>[22m[39m[90m 183 |[39m       console[33m.[39mwarn(
     [90m     |[39m               [31m[1m^[22m[39m
     [90m 184 |[39m         [32m'PG17_PROCESS'[39m[33m,[39m
     [90m 185 |[39m         [33mJSON[39m[33m.[39mstringify({
     [90m 186 |[39m           name[33m,[39m[0m

      at settleWorker (test/utils/g2-s11-pg-harness.ts:183:15)
      at ChildProcess.<anonymous> (test/utils/g2-s11-pg-harness.ts:202:7)

  console.warn
    PG17_PROCESS {"name":"g2g_17","options":{"action":"status","coach":"s11b-coach-a","intent":"dfc893e5-29ef-4154-be78-e49e3580a04a","host":"P2","role":"phone"},"result":{"intent_id":"dfc893e5-29ef-4154-be78-e49e3580a04a","status":"running","entity_counts":[{"entity_type":"blocks","committed":1},{"entity_type":"log","committed":1},{"entity_type":"people","committed":2},{"entity_type":"routines","committed":1}],"started_at":"2026-09-29T15:43:00.913Z","completed_at":null,"mode":"server","phase":"reconciling","accepted_start_at":"2026-09-29T15:42:58.007Z","deadline_at":"2026-09-29T15:47:58.007Z","last_observed_at":"2026-09-29T15:43:09.746Z","execution_epoch":1,"reason_code":null,"claimed_status":"success","families":[{"family":"blocks","observed_unique":null,"staged_unique":1,"created_native":null,"already_present_verified":null,"rejected":null,"unresolved":null,"ledger":{"reconstructed":0,"skipped":0,"failed":0}},{"family":"log","observed_unique":null,"staged_unique":1,"created_native":null,"already_present_verified":null,"rejected":null,"unresolved":null,"ledger":{"reconstructed":0,"skipped":0,"failed":0}},{"family":"people","observed_unique":null,"staged_unique":2,"created_native":null,"already_present_verified":null,"rejected":null,"unresolved":null,"ledger":{"reconstructed":0,"skipped":1,"failed":0}},{"family":"routines","observed_unique":null,"staged_unique":1,"created_native":null,"already_present_verified":null,"rejected":null,"unresolved":null,"ledger":{"reconstructed":0,"skipped":0,"failed":0}}]},"queries":8,"pid":4433}

    [0m [90m 181 |[39m       }
     [90m 182 |[39m       [90m// Query shapes, outcomes, fixture identifiers and process IDs only; never parameters.[39m
    [31m[1m>[22m[39m[90m 183 |[39m       console[33m.[39mwarn(
     [90m     |[39m               [31m[1m^[22m[39m
     [90m 184 |[39m         [32m'PG17_PROCESS'[39m[33m,[39m
     [90m 185 |[39m         [33mJSON[39m[33m.[39mstringify({
     [90m 186 |[39m           name[33m,[39m[0m

      at settleWorker (test/utils/g2-s11-pg-harness.ts:183:15)
      at ChildProcess.<anonymous> (test/utils/g2-s11-pg-harness.ts:202:7)

  console.warn
    PG17_PROCESS {"name":"g2g_18","options":{"action":"complete","coach":"s11b-coach-a","intent":"dfc893e5-29ef-4154-be78-e49e3580a04a","body":{"terminal_status":"success"},"host":"P2","role":"ext"},"result":{"acknowledged":true,"intent_id":"dfc893e5-29ef-4154-be78-e49e3580a04a"},"queries":98,"pid":4455}

    [0m [90m 181 |[39m       }
     [90m 182 |[39m       [90m// Query shapes, outcomes, fixture identifiers and process IDs only; never parameters.[39m
    [31m[1m>[22m[39m[90m 183 |[39m       console[33m.[39mwarn(
     [90m     |[39m               [31m[1m^[22m[39m
     [90m 184 |[39m         [32m'PG17_PROCESS'[39m[33m,[39m
     [90m 185 |[39m         [33mJSON[39m[33m.[39mstringify({
     [90m 186 |[39m           name[33m,[39m[0m

      at settleWorker (test/utils/g2-s11-pg-harness.ts:183:15)
      at ChildProcess.<anonymous> (test/utils/g2-s11-pg-harness.ts:202:7)

  console.warn
    PG17_PROCESS {"name":"g2g_19","options":{"action":"status","coach":"s11b-coach-a","intent":"dfc893e5-29ef-4154-be78-e49e3580a04a","host":"P1","role":"phone"},"result":{"intent_id":"dfc893e5-29ef-4154-be78-e49e3580a04a","status":"partial","entity_counts":[{"entity_type":"blocks","committed":1},{"entity_type":"log","committed":1},{"entity_type":"people","committed":2},{"entity_type":"routines","committed":1}],"started_at":"2026-09-29T15:43:00.913Z","completed_at":"2026-09-29T15:43:14.178Z","mode":"server","phase":"reconciling","accepted_start_at":"2026-09-29T15:42:58.007Z","deadline_at":"2026-09-29T15:47:58.007Z","last_observed_at":"2026-09-29T15:43:14.173Z","execution_epoch":1,"reason_code":"unresolved_identities","claimed_status":"success","families":[{"family":"blocks","observed_unique":null,"staged_unique":1,"created_native":null,"already_present_verified":null,"rejected":0,"unresolved":0,"ledger":{"reconstructed":1,"skipped":0,"failed":0},"canonical_family":"programs","native_present_verified":1,"completeness_basis":"none","relationship_closure":"not_applicable","reasons":[],"qualifiers":[]},{"family":"log","observed_unique":null,"staged_unique":1,"created_native":null,"already_present_verified":null,"rejected":1,"unresolved":0,"ledger":{"reconstructed":0,"skipped":1,"failed":0},"canonical_family":"client_history","native_present_verified":0,"completeness_basis":"none","relationship_closure":"not_applicable","reasons":[{"code":"unsupported_platform:s11-proof","count":1}],"qualifiers":[]},{"family":"people","observed_unique":null,"staged_unique":2,"created_native":null,"already_present_verified":null,"rejected":2,"unresolved":0,"ledger":{"reconstructed":0,"skipped":2,"failed":0},"canonical_family":"clients","native_present_verified":0,"completeness_basis":"none","relationship_closure":"not_applicable","reasons":[{"code":"unsupported_platform:s11-proof","count":2}],"qualifiers":["roster_bridge_pending"]},{"family":"routines","observed_unique":null,"staged_unique":1,"created_native":null,"already_present_verified":null,"rejected":0,"unresolved":0,"ledger":{"reconstructed":1,"skipped":0,"failed":0},"canonical_family":"workouts","native_present_verified":1,"completeness_basis":"none","relationship_closure":"verified","reasons":[],"qualifiers":[]}]},"queries":9,"pid":4499}

    [0m [90m 181 |[39m       }
     [90m 182 |[39m       [90m// Query shapes, outcomes, fixture identifiers and process IDs only; never parameters.[39m
    [31m[1m>[22m[39m[90m 183 |[39m       console[33m.[39mwarn(
     [90m     |[39m               [31m[1m^[22m[39m
     [90m 184 |[39m         [32m'PG17_PROCESS'[39m[33m,[39m
     [90m 185 |[39m         [33mJSON[39m[33m.[39mstringify({
     [90m 186 |[39m           name[33m,[39m[0m

      at settleWorker (test/utils/g2-s11-pg-harness.ts:183:15)
      at ChildProcess.<anonymous> (test/utils/g2-s11-pg-harness.ts:202:7)

  console.warn
    PG17_PROCESS {"name":"g2g_20","options":{"action":"status","coach":"s11b-coach-a","intent":"dfc893e5-29ef-4154-be78-e49e3580a04a","host":"P2","role":"phone"},"result":{"intent_id":"dfc893e5-29ef-4154-be78-e49e3580a04a","status":"partial","entity_counts":[{"entity_type":"blocks","committed":1},{"entity_type":"log","committed":1},{"entity_type":"people","committed":2},{"entity_type":"routines","committed":1}],"started_at":"2026-09-29T15:43:00.913Z","completed_at":"2026-09-29T15:43:14.178Z","mode":"server","phase":"reconciling","accepted_start_at":"2026-09-29T15:42:58.007Z","deadline_at":"2026-09-29T15:47:58.007Z","last_observed_at":"2026-09-29T15:43:14.173Z","execution_epoch":1,"reason_code":"unresolved_identities","claimed_status":"success","families":[{"family":"blocks","observed_unique":null,"staged_unique":1,"created_native":null,"already_present_verified":null,"rejected":0,"unresolved":0,"ledger":{"reconstructed":1,"skipped":0,"failed":0},"canonical_family":"programs","native_present_verified":1,"completeness_basis":"none","relationship_closure":"not_applicable","reasons":[],"qualifiers":[]},{"family":"log","observed_unique":null,"staged_unique":1,"created_native":null,"already_present_verified":null,"rejected":1,"unresolved":0,"ledger":{"reconstructed":0,"skipped":1,"failed":0},"canonical_family":"client_history","native_present_verified":0,"completeness_basis":"none","relationship_closure":"not_applicable","reasons":[{"code":"unsupported_platform:s11-proof","count":1}],"qualifiers":[]},{"family":"people","observed_unique":null,"staged_unique":2,"created_native":null,"already_present_verified":null,"rejected":2,"unresolved":0,"ledger":{"reconstructed":0,"skipped":2,"failed":0},"canonical_family":"clients","native_present_verified":0,"completeness_basis":"none","relationship_closure":"not_applicable","reasons":[{"code":"unsupported_platform:s11-proof","count":2}],"qualifiers":["roster_bridge_pending"]},{"family":"routines","observed_unique":null,"staged_unique":1,"created_native":null,"already_present_verified":null,"rejected":0,"unresolved":0,"ledger":{"reconstructed":1,"skipped":0,"failed":0},"canonical_family":"workouts","native_present_verified":1,"completeness_basis":"none","relationship_closure":"verified","reasons":[],"qualifiers":[]}]},"queries":9,"pid":4520}

    [0m [90m 181 |[39m       }
     [90m 182 |[39m       [90m// Query shapes, outcomes, fixture identifiers and process IDs only; never parameters.[39m
    [31m[1m>[22m[39m[90m 183 |[39m       console[33m.[39mwarn(
     [90m     |[39m               [31m[1m^[22m[39m
     [90m 184 |[39m         [32m'PG17_PROCESS'[39m[33m,[39m
     [90m 185 |[39m         [33mJSON[39m[33m.[39mstringify({
     [90m 186 |[39m           name[33m,[39m[0m

      at settleWorker (test/utils/g2-s11-pg-harness.ts:183:15)
      at ChildProcess.<anonymous> (test/utils/g2-s11-pg-harness.ts:202:7)

  console.warn
    PG17_PROCESS {"name":"g2g_21","options":{"action":"complete","coach":"s11b-coach-a","intent":"dfc893e5-29ef-4154-be78-e49e3580a04a","body":{"terminal_status":"success"},"host":"P1","role":"ext"},"result":{"acknowledged":true,"intent_id":"dfc893e5-29ef-4154-be78-e49e3580a04a"},"queries":8,"pid":4560}

    [0m [90m 181 |[39m       }
     [90m 182 |[39m       [90m// Query shapes, outcomes, fixture identifiers and process IDs only; never parameters.[39m
    [31m[1m>[22m[39m[90m 183 |[39m       console[33m.[39mwarn(
     [90m     |[39m               [31m[1m^[22m[39m
     [90m 184 |[39m         [32m'PG17_PROCESS'[39m[33m,[39m
     [90m 185 |[39m         [33mJSON[39m[33m.[39mstringify({
     [90m 186 |[39m           name[33m,[39m[0m

      at settleWorker (test/utils/g2-s11-pg-harness.ts:183:15)
      at ChildProcess.<anonymous> (test/utils/g2-s11-pg-harness.ts:202:7)

  console.warn
    PG17_PROCESS {"name":"g2g_22","options":{"action":"pair-init","coach":"s11b-coach-a","body":{},"host":"P1","role":"phone"},"result":{"pairing_code":"550103","expires_at":"2026-09-29T15:45:23.389Z","import_intent_id":"e199c6af-942b-4e90-920d-1c2b540551c1"},"queries":11,"pid":4612}

    [0m [90m 181 |[39m       }
     [90m 182 |[39m       [90m// Query shapes, outcomes, fixture identifiers and process IDs only; never parameters.[39m
    [31m[1m>[22m[39m[90m 183 |[39m       console[33m.[39mwarn(
     [90m     |[39m               [31m[1m^[22m[39m
     [90m 184 |[39m         [32m'PG17_PROCESS'[39m[33m,[39m
     [90m 185 |[39m         [33mJSON[39m[33m.[39mstringify({
     [90m 186 |[39m           name[33m,[39m[0m

      at settleWorker (test/utils/g2-s11-pg-harness.ts:183:15)
      at ChildProcess.<anonymous> (test/utils/g2-s11-pg-harness.ts:202:7)

  console.warn
    PG17_PROCESS {"name":"g2g_23","options":{"action":"pair-redeem","coach":"unauthenticated","body":{"code":"550103"},"host":"P2","role":"ext"},"result":{"access_token":"synthetic-access-1","refresh_token":"synthetic-refresh-1","chosen_platform":"s11-label","import_intent_id":"e199c6af-942b-4e90-920d-1c2b540551c1"},"queries":10,"pid":4632}

    [0m [90m 181 |[39m       }
     [90m 182 |[39m       [90m// Query shapes, outcomes, fixture identifiers and process IDs only; never parameters.[39m
    [31m[1m>[22m[39m[90m 183 |[39m       console[33m.[39mwarn(
     [90m     |[39m               [31m[1m^[22m[39m
     [90m 184 |[39m         [32m'PG17_PROCESS'[39m[33m,[39m
     [90m 185 |[39m         [33mJSON[39m[33m.[39mstringify({
     [90m 186 |[39m           name[33m,[39m[0m

      at settleWorker (test/utils/g2-s11-pg-harness.ts:183:15)
      at ChildProcess.<anonymous> (test/utils/g2-s11-pg-harness.ts:202:7)

  console.warn
    PG17_PROCESS {"name":"g2g_24","options":{"action":"start","coach":"s11b-coach-a","intent":"e199c6af-942b-4e90-920d-1c2b540551c1","host":"P2","role":"phone"},"result":{"intent_id":"e199c6af-942b-4e90-920d-1c2b540551c1","mode":"server","phase":"discovering","execution_epoch":1,"accepted_start_at":"2026-09-29T15:43:27.593Z","deadline_at":"2026-09-29T15:48:27.593Z"},"queries":3,"pid":4651}

    [0m [90m 181 |[39m       }
     [90m 182 |[39m       [90m// Query shapes, outcomes, fixture identifiers and process IDs only; never parameters.[39m
    [31m[1m>[22m[39m[90m 183 |[39m       console[33m.[39mwarn(
     [90m     |[39m               [31m[1m^[22m[39m
     [90m 184 |[39m         [32m'PG17_PROCESS'[39m[33m,[39m
     [90m 185 |[39m         [33mJSON[39m[33m.[39mstringify({
     [90m 186 |[39m           name[33m,[39m[0m

      at settleWorker (test/utils/g2-s11-pg-harness.ts:183:15)
      at ChildProcess.<anonymous> (test/utils/g2-s11-pg-harness.ts:202:7)

  console.warn
    PG17_PROCESS {"name":"g2g_25","options":{"action":"ingest","coach":"s11b-coach-a","intent":"e199c6af-942b-4e90-920d-1c2b540551c1","body":{"entity_type":"people","entities":[{"sourceId":"p-1","payload":{"name":"Synthetic p-1"}},{"sourceId":"p-2","payload":{"name":"Synthetic p-2"}}]},"host":"P1","role":"ext"},"result":{"received":2,"deduped":0},"queries":8,"pid":4670}

    [0m [90m 181 |[39m       }
     [90m 182 |[39m       [90m// Query shapes, outcomes, fixture identifiers and process IDs only; never parameters.[39m
    [31m[1m>[22m[39m[90m 183 |[39m       console[33m.[39mwarn(
     [90m     |[39m               [31m[1m^[22m[39m
     [90m 184 |[39m         [32m'PG17_PROCESS'[39m[33m,[39m
     [90m 185 |[39m         [33mJSON[39m[33m.[39mstringify({
     [90m 186 |[39m           name[33m,[39m[0m

      at settleWorker (test/utils/g2-s11-pg-harness.ts:183:15)
      at ChildProcess.<anonymous> (test/utils/g2-s11-pg-harness.ts:202:7)

  console.warn
    PG17_PROCESS {"name":"g2g_26","options":{"action":"ingest","coach":"s11b-coach-a","intent":"e199c6af-942b-4e90-920d-1c2b540551c1","body":{"entity_type":"blocks","entities":[{"sourceId":"blk-1","payload":{"title":"Base Block","weeks":4,"days":3,"notes":"synthetic"}}]},"host":"P2","role":"ext"},"result":{"received":1,"deduped":0},"queries":8,"pid":4690}

    [0m [90m 181 |[39m       }
     [90m 182 |[39m       [90m// Query shapes, outcomes, fixture identifiers and process IDs only; never parameters.[39m
    [31m[1m>[22m[39m[90m 183 |[39m       console[33m.[39mwarn(
     [90m     |[39m               [31m[1m^[22m[39m
     [90m 184 |[39m         [32m'PG17_PROCESS'[39m[33m,[39m
     [90m 185 |[39m         [33mJSON[39m[33m.[39mstringify({
     [90m 186 |[39m           name[33m,[39m[0m

      at settleWorker (test/utils/g2-s11-pg-harness.ts:183:15)
      at ChildProcess.<anonymous> (test/utils/g2-s11-pg-harness.ts:202:7)

  console.warn
    PG17_PROCESS {"name":"g2g_27","options":{"action":"ingest","coach":"s11b-coach-a","intent":"e199c6af-942b-4e90-920d-1c2b540551c1","body":{"entity_type":"routines","entities":[{"sourceId":"rt-1","payload":{"title":"Push Day","kind":"lift","minutes":45,"exercises":[{"id":"e1","exercise":"22222222-2222-4222-8222-222222222222","sets":3,"reps":8,"kg":100}]}}]},"host":"P1","role":"ext"},"result":{"received":1,"deduped":0},"queries":8,"pid":4711}

    [0m [90m 181 |[39m       }
     [90m 182 |[39m       [90m// Query shapes, outcomes, fixture identifiers and process IDs only; never parameters.[39m
    [31m[1m>[22m[39m[90m 183 |[39m       console[33m.[39mwarn(
     [90m     |[39m               [31m[1m^[22m[39m
     [90m 184 |[39m         [32m'PG17_PROCESS'[39m[33m,[39m
     [90m 185 |[39m         [33mJSON[39m[33m.[39mstringify({
     [90m 186 |[39m           name[33m,[39m[0m

      at settleWorker (test/utils/g2-s11-pg-harness.ts:183:15)
      at ChildProcess.<anonymous> (test/utils/g2-s11-pg-harness.ts:202:7)

  console.warn
    PG17_PROCESS {"name":"g2g_28","options":{"action":"ingest","coach":"s11b-coach-a","intent":"e199c6af-942b-4e90-920d-1c2b540551c1","body":{"entity_type":"log","entities":[{"sourceId":"h-1","payload":{"title":"note"}}]},"host":"P2","role":"ext"},"result":{"received":1,"deduped":0},"queries":8,"pid":4731}

    [0m [90m 181 |[39m       }
     [90m 182 |[39m       [90m// Query shapes, outcomes, fixture identifiers and process IDs only; never parameters.[39m
    [31m[1m>[22m[39m[90m 183 |[39m       console[33m.[39mwarn(
     [90m     |[39m               [31m[1m^[22m[39m
     [90m 184 |[39m         [32m'PG17_PROCESS'[39m[33m,[39m
     [90m 185 |[39m         [33mJSON[39m[33m.[39mstringify({
     [90m 186 |[39m           name[33m,[39m[0m

      at settleWorker (test/utils/g2-s11-pg-harness.ts:183:15)
      at ChildProcess.<anonymous> (test/utils/g2-s11-pg-harness.ts:202:7)

  console.warn
    PG17_PROCESS {"name":"g2g_29","options":{"action":"complete","coach":"s11b-coach-a","intent":"e199c6af-942b-4e90-920d-1c2b540551c1","body":{"terminal_status":"success"},"host":"P1","role":"ext"},"result":{"acknowledged":true,"intent_id":"e199c6af-942b-4e90-920d-1c2b540551c1"},"queries":93,"pid":4753}

    [0m [90m 181 |[39m       }
     [90m 182 |[39m       [90m// Query shapes, outcomes, fixture identifiers and process IDs only; never parameters.[39m
    [31m[1m>[22m[39m[90m 183 |[39m       console[33m.[39mwarn(
     [90m     |[39m               [31m[1m^[22m[39m
     [90m 184 |[39m         [32m'PG17_PROCESS'[39m[33m,[39m
     [90m 185 |[39m         [33mJSON[39m[33m.[39mstringify({
     [90m 186 |[39m           name[33m,[39m[0m

      at settleWorker (test/utils/g2-s11-pg-harness.ts:183:15)
      at ChildProcess.<anonymous> (test/utils/g2-s11-pg-harness.ts:202:7)

  console.warn
    PG17_PROCESS {"name":"g2g_30","options":{"action":"pair-init","coach":"s11b-coach-a","body":{},"host":"P2","role":"phone"},"result":{"pairing_code":"233542","expires_at":"2026-09-29T15:45:40.606Z","import_intent_id":"90bc35af-8cb1-4e05-92c2-847dadc442c7"},"queries":11,"pid":4801}

    [0m [90m 181 |[39m       }
     [90m 182 |[39m       [90m// Query shapes, outcomes, fixture identifiers and process IDs only; never parameters.[39m
    [31m[1m>[22m[39m[90m 183 |[39m       console[33m.[39mwarn(
     [90m     |[39m               [31m[1m^[22m[39m
     [90m 184 |[39m         [32m'PG17_PROCESS'[39m[33m,[39m
     [90m 185 |[39m         [33mJSON[39m[33m.[39mstringify({
     [90m 186 |[39m           name[33m,[39m[0m

      at settleWorker (test/utils/g2-s11-pg-harness.ts:183:15)
      at ChildProcess.<anonymous> (test/utils/g2-s11-pg-harness.ts:202:7)

  console.warn
    PG17_PROCESS {"name":"g2g_31","options":{"action":"pair-redeem","coach":"unauthenticated","body":{"code":"233542"},"host":"P1","role":"ext"},"result":{"access_token":"synthetic-access-1","refresh_token":"synthetic-refresh-1","chosen_platform":"s11-label","import_intent_id":"90bc35af-8cb1-4e05-92c2-847dadc442c7"},"queries":10,"pid":4821}

    [0m [90m 181 |[39m       }
     [90m 182 |[39m       [90m// Query shapes, outcomes, fixture identifiers and process IDs only; never parameters.[39m
    [31m[1m>[22m[39m[90m 183 |[39m       console[33m.[39mwarn(
     [90m     |[39m               [31m[1m^[22m[39m
     [90m 184 |[39m         [32m'PG17_PROCESS'[39m[33m,[39m
     [90m 185 |[39m         [33mJSON[39m[33m.[39mstringify({
     [90m 186 |[39m           name[33m,[39m[0m

      at settleWorker (test/utils/g2-s11-pg-harness.ts:183:15)
      at ChildProcess.<anonymous> (test/utils/g2-s11-pg-harness.ts:202:7)

  console.warn
    PG17_PROCESS {"name":"g2g_32","options":{"action":"start","coach":"s11b-coach-a","intent":"90bc35af-8cb1-4e05-92c2-847dadc442c7","host":"P1","role":"phone"},"result":{"intent_id":"90bc35af-8cb1-4e05-92c2-847dadc442c7","mode":"server","phase":"discovering","execution_epoch":1,"accepted_start_at":"2026-09-29T15:43:44.851Z","deadline_at":"2026-09-29T15:48:44.851Z"},"queries":3,"pid":4840}

    [0m [90m 181 |[39m       }
     [90m 182 |[39m       [90m// Query shapes, outcomes, fixture identifiers and process IDs only; never parameters.[39m
    [31m[1m>[22m[39m[90m 183 |[39m       console[33m.[39mwarn(
     [90m     |[39m               [31m[1m^[22m[39m
     [90m 184 |[39m         [32m'PG17_PROCESS'[39m[33m,[39m
     [90m 185 |[39m         [33mJSON[39m[33m.[39mstringify({
     [90m 186 |[39m           name[33m,[39m[0m

      at settleWorker (test/utils/g2-s11-pg-harness.ts:183:15)
      at ChildProcess.<anonymous> (test/utils/g2-s11-pg-harness.ts:202:7)

  console.warn
    PG17_PROCESS {"name":"g2g_33","options":{"action":"ingest","coach":"s11b-coach-a","intent":"90bc35af-8cb1-4e05-92c2-847dadc442c7","body":{"entity_type":"people","entities":[{"sourceId":"p-1","payload":{"name":"Synthetic p-1"}},{"sourceId":"p-2","payload":{"name":"Synthetic p-2"}}]},"host":"P1","role":"ext"},"result":{"received":2,"deduped":0},"queries":8,"pid":4859}

    [0m [90m 181 |[39m       }
     [90m 182 |[39m       [90m// Query shapes, outcomes, fixture identifiers and process IDs only; never parameters.[39m
    [31m[1m>[22m[39m[90m 183 |[39m       console[33m.[39mwarn(
     [90m     |[39m               [31m[1m^[22m[39m
     [90m 184 |[39m         [32m'PG17_PROCESS'[39m[33m,[39m
     [90m 185 |[39m         [33mJSON[39m[33m.[39mstringify({
     [90m 186 |[39m           name[33m,[39m[0m

      at settleWorker (test/utils/g2-s11-pg-harness.ts:183:15)
      at ChildProcess.<anonymous> (test/utils/g2-s11-pg-harness.ts:202:7)

  console.warn
    PG17_PROCESS {"name":"g2g_34","options":{"action":"ingest","coach":"s11b-coach-a","intent":"90bc35af-8cb1-4e05-92c2-847dadc442c7","body":{"entity_type":"blocks","entities":[{"sourceId":"blk-1","payload":{"title":"Base Block","weeks":4,"days":3,"notes":"synthetic"}}]},"host":"P2","role":"ext"},"result":{"received":1,"deduped":0},"queries":8,"pid":4879}

    [0m [90m 181 |[39m       }
     [90m 182 |[39m       [90m// Query shapes, outcomes, fixture identifiers and process IDs only; never parameters.[39m
    [31m[1m>[22m[39m[90m 183 |[39m       console[33m.[39mwarn(
     [90m     |[39m               [31m[1m^[22m[39m
     [90m 184 |[39m         [32m'PG17_PROCESS'[39m[33m,[39m
     [90m 185 |[39m         [33mJSON[39m[33m.[39mstringify({
     [90m 186 |[39m           name[33m,[39m[0m

      at settleWorker (test/utils/g2-s11-pg-harness.ts:183:15)
      at ChildProcess.<anonymous> (test/utils/g2-s11-pg-harness.ts:202:7)

  console.warn
    PG17_PROCESS {"name":"g2g_35","options":{"action":"ingest","coach":"s11b-coach-a","intent":"90bc35af-8cb1-4e05-92c2-847dadc442c7","body":{"entity_type":"routines","entities":[{"sourceId":"rt-1","payload":{"title":"Push Day","kind":"lift","minutes":45,"exercises":[{"id":"e1","exercise":"22222222-2222-4222-8222-222222222222","sets":3,"reps":8,"kg":100}]}}]},"host":"P1","role":"ext"},"result":{"received":1,"deduped":0},"queries":8,"pid":4899}

    [0m [90m 181 |[39m       }
     [90m 182 |[39m       [90m// Query shapes, outcomes, fixture identifiers and process IDs only; never parameters.[39m
    [31m[1m>[22m[39m[90m 183 |[39m       console[33m.[39mwarn(
     [90m     |[39m               [31m[1m^[22m[39m
     [90m 184 |[39m         [32m'PG17_PROCESS'[39m[33m,[39m
     [90m 185 |[39m         [33mJSON[39m[33m.[39mstringify({
     [90m 186 |[39m           name[33m,[39m[0m

      at settleWorker (test/utils/g2-s11-pg-harness.ts:183:15)
      at ChildProcess.<anonymous> (test/utils/g2-s11-pg-harness.ts:202:7)

  console.warn
    PG17_PROCESS {"name":"g2g_36","options":{"action":"ingest","coach":"s11b-coach-a","intent":"90bc35af-8cb1-4e05-92c2-847dadc442c7","body":{"entity_type":"log","entities":[{"sourceId":"h-1","payload":{"title":"note"}}]},"host":"P2","role":"ext"},"result":{"received":1,"deduped":0},"queries":8,"pid":4920}

    [0m [90m 181 |[39m       }
     [90m 182 |[39m       [90m// Query shapes, outcomes, fixture identifiers and process IDs only; never parameters.[39m
    [31m[1m>[22m[39m[90m 183 |[39m       console[33m.[39mwarn(
     [90m     |[39m               [31m[1m^[22m[39m
     [90m 184 |[39m         [32m'PG17_PROCESS'[39m[33m,[39m
     [90m 185 |[39m         [33mJSON[39m[33m.[39mstringify({
     [90m 186 |[39m           name[33m,[39m[0m

      at settleWorker (test/utils/g2-s11-pg-harness.ts:183:15)
      at ChildProcess.<anonymous> (test/utils/g2-s11-pg-harness.ts:202:7)

  console.warn
    PG17_PROCESS {"name":"g2g_38","options":{"action":"complete","coach":"s11b-coach-a","intent":"90bc35af-8cb1-4e05-92c2-847dadc442c7","body":{"terminal_status":"success"},"host":"P2","role":"ext"},"result":{"acknowledged":true,"intent_id":"90bc35af-8cb1-4e05-92c2-847dadc442c7"},"queries":98,"pid":4971}

    [0m [90m 181 |[39m       }
     [90m 182 |[39m       [90m// Query shapes, outcomes, fixture identifiers and process IDs only; never parameters.[39m
    [31m[1m>[22m[39m[90m 183 |[39m       console[33m.[39mwarn(
     [90m     |[39m               [31m[1m^[22m[39m
     [90m 184 |[39m         [32m'PG17_PROCESS'[39m[33m,[39m
     [90m 185 |[39m         [33mJSON[39m[33m.[39mstringify({
     [90m 186 |[39m           name[33m,[39m[0m

      at settleWorker (test/utils/g2-s11-pg-harness.ts:183:15)
      at ChildProcess.<anonymous> (test/utils/g2-s11-pg-harness.ts:202:7)

  console.warn
    PG17_PROCESS {"name":"g2g_39","options":{"action":"pair-init","coach":"s11b-coach-a","body":{},"host":"P1","role":"phone"},"result":{"pairing_code":"279704","expires_at":"2026-09-29T15:46:00.123Z","import_intent_id":"63061c80-e4ed-487a-9db8-039f66c1c3e1"},"queries":11,"pid":5019}

    [0m [90m 181 |[39m       }
     [90m 182 |[39m       [90m// Query shapes, outcomes, fixture identifiers and process IDs only; never parameters.[39m
    [31m[1m>[22m[39m[90m 183 |[39m       console[33m.[39mwarn(
     [90m     |[39m               [31m[1m^[22m[39m
     [90m 184 |[39m         [32m'PG17_PROCESS'[39m[33m,[39m
     [90m 185 |[39m         [33mJSON[39m[33m.[39mstringify({
     [90m 186 |[39m           name[33m,[39m[0m

      at settleWorker (test/utils/g2-s11-pg-harness.ts:183:15)
      at ChildProcess.<anonymous> (test/utils/g2-s11-pg-harness.ts:202:7)

  console.warn
    PG17_PROCESS {"name":"g2g_40","options":{"action":"pair-redeem","coach":"unauthenticated","body":{"code":"279704"},"host":"P2","role":"ext"},"result":{"access_token":"synthetic-access-1","refresh_token":"synthetic-refresh-1","chosen_platform":"s11-label","import_intent_id":"63061c80-e4ed-487a-9db8-039f66c1c3e1"},"queries":10,"pid":5038}

    [0m [90m 181 |[39m       }
     [90m 182 |[39m       [90m// Query shapes, outcomes, fixture identifiers and process IDs only; never parameters.[39m
    [31m[1m>[22m[39m[90m 183 |[39m       console[33m.[39mwarn(
     [90m     |[39m               [31m[1m^[22m[39m
     [90m 184 |[39m         [32m'PG17_PROCESS'[39m[33m,[39m
     [90m 185 |[39m         [33mJSON[39m[33m.[39mstringify({
     [90m 186 |[39m           name[33m,[39m[0m

      at settleWorker (test/utils/g2-s11-pg-harness.ts:183:15)
      at ChildProcess.<anonymous> (test/utils/g2-s11-pg-harness.ts:202:7)

  console.warn
    PG17_PROCESS {"name":"g2g_41","options":{"action":"start","coach":"s11b-coach-a","intent":"63061c80-e4ed-487a-9db8-039f66c1c3e1","host":"P2","role":"phone"},"result":{"intent_id":"63061c80-e4ed-487a-9db8-039f66c1c3e1","mode":"server","phase":"discovering","execution_epoch":1,"accepted_start_at":"2026-09-29T15:44:04.332Z","deadline_at":"2026-09-29T15:49:04.332Z"},"queries":3,"pid":5059}

    [0m [90m 181 |[39m       }
     [90m 182 |[39m       [90m// Query shapes, outcomes, fixture identifiers and process IDs only; never parameters.[39m
    [31m[1m>[22m[39m[90m 183 |[39m       console[33m.[39mwarn(
     [90m     |[39m               [31m[1m^[22m[39m
     [90m 184 |[39m         [32m'PG17_PROCESS'[39m[33m,[39m
     [90m 185 |[39m         [33mJSON[39m[33m.[39mstringify({
     [90m 186 |[39m           name[33m,[39m[0m

      at settleWorker (test/utils/g2-s11-pg-harness.ts:183:15)
      at ChildProcess.<anonymous> (test/utils/g2-s11-pg-harness.ts:202:7)

  console.warn
    PG17_PROCESS {"name":"g2g_42","options":{"action":"ingest","coach":"s11b-coach-a","intent":"63061c80-e4ed-487a-9db8-039f66c1c3e1","body":{"entity_type":"people","entities":[{"sourceId":"p-1","payload":{"name":"Synthetic p-1"}},{"sourceId":"p-2","payload":{"name":"Synthetic p-2"}}]},"host":"P1","role":"ext"},"result":{"received":2,"deduped":0},"queries":8,"pid":5078}

    [0m [90m 181 |[39m       }
     [90m 182 |[39m       [90m// Query shapes, outcomes, fixture identifiers and process IDs only; never parameters.[39m
    [31m[1m>[22m[39m[90m 183 |[39m       console[33m.[39mwarn(
     [90m     |[39m               [31m[1m^[22m[39m
     [90m 184 |[39m         [32m'PG17_PROCESS'[39m[33m,[39m
     [90m 185 |[39m         [33mJSON[39m[33m.[39mstringify({
     [90m 186 |[39m           name[33m,[39m[0m

      at settleWorker (test/utils/g2-s11-pg-harness.ts:183:15)
      at ChildProcess.<anonymous> (test/utils/g2-s11-pg-harness.ts:202:7)

  console.warn
    PG17_PROCESS {"name":"g2g_43","options":{"action":"ingest","coach":"s11b-coach-a","intent":"63061c80-e4ed-487a-9db8-039f66c1c3e1","body":{"entity_type":"blocks","entities":[{"sourceId":"blk-1","payload":{"title":"Base Block","weeks":4,"days":3,"notes":"synthetic"}}]},"host":"P2","role":"ext"},"result":{"received":1,"deduped":0},"queries":8,"pid":5099}

    [0m [90m 181 |[39m       }
     [90m 182 |[39m       [90m// Query shapes, outcomes, fixture identifiers and process IDs only; never parameters.[39m
    [31m[1m>[22m[39m[90m 183 |[39m       console[33m.[39mwarn(
     [90m     |[39m               [31m[1m^[22m[39m
     [90m 184 |[39m         [32m'PG17_PROCESS'[39m[33m,[39m
     [90m 185 |[39m         [33mJSON[39m[33m.[39mstringify({
     [90m 186 |[39m           name[33m,[39m[0m

      at settleWorker (test/utils/g2-s11-pg-harness.ts:183:15)
      at ChildProcess.<anonymous> (test/utils/g2-s11-pg-harness.ts:202:7)

  console.warn
    PG17_PROCESS {"name":"g2g_44","options":{"action":"ingest","coach":"s11b-coach-a","intent":"63061c80-e4ed-487a-9db8-039f66c1c3e1","body":{"entity_type":"routines","entities":[{"sourceId":"rt-1","payload":{"title":"Push Day","kind":"lift","minutes":45,"exercises":[{"id":"e1","exercise":"22222222-2222-4222-8222-222222222222","sets":3,"reps":8,"kg":100}]}}]},"host":"P1","role":"ext"},"result":{"received":1,"deduped":0},"queries":8,"pid":5119}

    [0m [90m 181 |[39m       }
     [90m 182 |[39m       [90m// Query shapes, outcomes, fixture identifiers and process IDs only; never parameters.[39m
    [31m[1m>[22m[39m[90m 183 |[39m       console[33m.[39mwarn(
     [90m     |[39m               [31m[1m^[22m[39m
     [90m 184 |[39m         [32m'PG17_PROCESS'[39m[33m,[39m
     [90m 185 |[39m         [33mJSON[39m[33m.[39mstringify({
     [90m 186 |[39m           name[33m,[39m[0m

      at settleWorker (test/utils/g2-s11-pg-harness.ts:183:15)
      at ChildProcess.<anonymous> (test/utils/g2-s11-pg-harness.ts:202:7)

  console.warn
    PG17_PROCESS {"name":"g2g_45","options":{"action":"ingest","coach":"s11b-coach-a","intent":"63061c80-e4ed-487a-9db8-039f66c1c3e1","body":{"entity_type":"log","entities":[{"sourceId":"h-1","payload":{"title":"note"}}]},"host":"P2","role":"ext"},"result":{"received":1,"deduped":0},"queries":8,"pid":5139}

    [0m [90m 181 |[39m       }
     [90m 182 |[39m       [90m// Query shapes, outcomes, fixture identifiers and process IDs only; never parameters.[39m
    [31m[1m>[22m[39m[90m 183 |[39m       console[33m.[39mwarn(
     [90m     |[39m               [31m[1m^[22m[39m
     [90m 184 |[39m         [32m'PG17_PROCESS'[39m[33m,[39m
     [90m 185 |[39m         [33mJSON[39m[33m.[39mstringify({
     [90m 186 |[39m           name[33m,[39m[0m

      at settleWorker (test/utils/g2-s11-pg-harness.ts:183:15)
      at ChildProcess.<anonymous> (test/utils/g2-s11-pg-harness.ts:202:7)

  console.warn
    PG17_PROCESS {"name":"g2g_46","options":{"action":"complete","coach":"s11b-coach-a","intent":"63061c80-e4ed-487a-9db8-039f66c1c3e1","body":{"terminal_status":"success"},"host":"P1","role":"ext"},"result":{"acknowledged":true,"intent_id":"63061c80-e4ed-487a-9db8-039f66c1c3e1"},"queries":93,"pid":5161}

    [0m [90m 181 |[39m       }
     [90m 182 |[39m       [90m// Query shapes, outcomes, fixture identifiers and process IDs only; never parameters.[39m
    [31m[1m>[22m[39m[90m 183 |[39m       console[33m.[39mwarn(
     [90m     |[39m               [31m[1m^[22m[39m
     [90m 184 |[39m         [32m'PG17_PROCESS'[39m[33m,[39m
     [90m 185 |[39m         [33mJSON[39m[33m.[39mstringify({
     [90m 186 |[39m           name[33m,[39m[0m

      at settleWorker (test/utils/g2-s11-pg-harness.ts:183:15)
      at ChildProcess.<anonymous> (test/utils/g2-s11-pg-harness.ts:202:7)

  console.warn
    PG17_PROCESS {"name":"g2g_47","options":{"action":"pair-init","coach":"s11b-coach-a","body":{},"host":"P1","role":"phone"},"result":{"pairing_code":"791027","expires_at":"2026-09-29T15:46:17.364Z","import_intent_id":"587818da-b729-465f-8c99-a4938053372f"},"queries":11,"pid":5207}

    [0m [90m 181 |[39m       }
     [90m 182 |[39m       [90m// Query shapes, outcomes, fixture identifiers and process IDs only; never parameters.[39m
    [31m[1m>[22m[39m[90m 183 |[39m       console[33m.[39mwarn(
     [90m     |[39m               [31m[1m^[22m[39m
     [90m 184 |[39m         [32m'PG17_PROCESS'[39m[33m,[39m
     [90m 185 |[39m         [33mJSON[39m[33m.[39mstringify({
     [90m 186 |[39m           name[33m,[39m[0m

      at settleWorker (test/utils/g2-s11-pg-harness.ts:183:15)
      at ChildProcess.<anonymous> (test/utils/g2-s11-pg-harness.ts:202:7)

  console.warn
    PG17_PROCESS {"name":"g2g_48","options":{"action":"pair-redeem","coach":"unauthenticated","body":{"code":"791027"},"host":"P2","role":"ext"},"result":{"access_token":"synthetic-access-1","refresh_token":"synthetic-refresh-1","chosen_platform":"s11-label","import_intent_id":"587818da-b729-465f-8c99-a4938053372f"},"queries":10,"pid":5226}

    [0m [90m 181 |[39m       }
     [90m 182 |[39m       [90m// Query shapes, outcomes, fixture identifiers and process IDs only; never parameters.[39m
    [31m[1m>[22m[39m[90m 183 |[39m       console[33m.[39mwarn(
     [90m     |[39m               [31m[1m^[22m[39m
     [90m 184 |[39m         [32m'PG17_PROCESS'[39m[33m,[39m
     [90m 185 |[39m         [33mJSON[39m[33m.[39mstringify({
     [90m 186 |[39m           name[33m,[39m[0m

      at settleWorker (test/utils/g2-s11-pg-harness.ts:183:15)
      at ChildProcess.<anonymous> (test/utils/g2-s11-pg-harness.ts:202:7)

  console.warn
    PG17_PROCESS {"name":"g2g_49","options":{"action":"start","coach":"s11b-coach-a","intent":"587818da-b729-465f-8c99-a4938053372f","host":"P2","role":"phone"},"result":{"intent_id":"587818da-b729-465f-8c99-a4938053372f","mode":"server","phase":"discovering","execution_epoch":1,"accepted_start_at":"2026-09-29T15:44:21.662Z","deadline_at":"2026-09-29T15:49:21.662Z"},"queries":3,"pid":5246}

    [0m [90m 181 |[39m       }
     [90m 182 |[39m       [90m// Query shapes, outcomes, fixture identifiers and process IDs only; never parameters.[39m
    [31m[1m>[22m[39m[90m 183 |[39m       console[33m.[39mwarn(
     [90m     |[39m               [31m[1m^[22m[39m
     [90m 184 |[39m         [32m'PG17_PROCESS'[39m[33m,[39m
     [90m 185 |[39m         [33mJSON[39m[33m.[39mstringify({
     [90m 186 |[39m           name[33m,[39m[0m

      at settleWorker (test/utils/g2-s11-pg-harness.ts:183:15)
      at ChildProcess.<anonymous> (test/utils/g2-s11-pg-harness.ts:202:7)

  console.warn
    PG17_PROCESS {"name":"g2g_50","options":{"action":"ingest","coach":"s11b-coach-a","intent":"587818da-b729-465f-8c99-a4938053372f","body":{"entity_type":"people","entities":[{"sourceId":"p-1","payload":{"name":"Synthetic p-1"}},{"sourceId":"p-2","payload":{"name":"Synthetic p-2"}}]},"host":"P1","role":"ext"},"result":{"received":2,"deduped":0},"queries":8,"pid":5267}

    [0m [90m 181 |[39m       }
     [90m 182 |[39m       [90m// Query shapes, outcomes, fixture identifiers and process IDs only; never parameters.[39m
    [31m[1m>[22m[39m[90m 183 |[39m       console[33m.[39mwarn(
     [90m     |[39m               [31m[1m^[22m[39m
     [90m 184 |[39m         [32m'PG17_PROCESS'[39m[33m,[39m
     [90m 185 |[39m         [33mJSON[39m[33m.[39mstringify({
     [90m 186 |[39m           name[33m,[39m[0m

      at settleWorker (test/utils/g2-s11-pg-harness.ts:183:15)
      at ChildProcess.<anonymous> (test/utils/g2-s11-pg-harness.ts:202:7)

  console.warn
    PG17_PROCESS {"name":"g2g_51","options":{"action":"ingest","coach":"s11b-coach-a","intent":"587818da-b729-465f-8c99-a4938053372f","body":{"entity_type":"blocks","entities":[{"sourceId":"blk-1","payload":{"title":"Base Block","weeks":4,"days":3,"notes":"synthetic"}}]},"host":"P2","role":"ext"},"result":{"received":1,"deduped":0},"queries":8,"pid":5287}

    [0m [90m 181 |[39m       }
     [90m 182 |[39m       [90m// Query shapes, outcomes, fixture identifiers and process IDs only; never parameters.[39m
    [31m[1m>[22m[39m[90m 183 |[39m       console[33m.[39mwarn(
     [90m     |[39m               [31m[1m^[22m[39m
     [90m 184 |[39m         [32m'PG17_PROCESS'[39m[33m,[39m
     [90m 185 |[39m         [33mJSON[39m[33m.[39mstringify({
     [90m 186 |[39m           name[33m,[39m[0m

      at settleWorker (test/utils/g2-s11-pg-harness.ts:183:15)
      at ChildProcess.<anonymous> (test/utils/g2-s11-pg-harness.ts:202:7)

  console.warn
    PG17_PROCESS {"name":"g2g_52","options":{"action":"ingest","coach":"s11b-coach-a","intent":"587818da-b729-465f-8c99-a4938053372f","body":{"entity_type":"routines","entities":[{"sourceId":"rt-1","payload":{"title":"Push Day","kind":"lift","minutes":45,"exercises":[{"id":"e1","exercise":"22222222-2222-4222-8222-222222222222","sets":3,"reps":8,"kg":100}]}}]},"host":"P1","role":"ext"},"result":{"received":1,"deduped":0},"queries":8,"pid":5307}

    [0m [90m 181 |[39m       }
     [90m 182 |[39m       [90m// Query shapes, outcomes, fixture identifiers and process IDs only; never parameters.[39m
    [31m[1m>[22m[39m[90m 183 |[39m       console[33m.[39mwarn(
     [90m     |[39m               [31m[1m^[22m[39m
     [90m 184 |[39m         [32m'PG17_PROCESS'[39m[33m,[39m
     [90m 185 |[39m         [33mJSON[39m[33m.[39mstringify({
     [90m 186 |[39m           name[33m,[39m[0m

      at settleWorker (test/utils/g2-s11-pg-harness.ts:183:15)
      at ChildProcess.<anonymous> (test/utils/g2-s11-pg-harness.ts:202:7)

  console.warn
    PG17_PROCESS {"name":"g2g_53","options":{"action":"ingest","coach":"s11b-coach-a","intent":"587818da-b729-465f-8c99-a4938053372f","body":{"entity_type":"log","entities":[{"sourceId":"h-1","payload":{"title":"note"}}]},"host":"P2","role":"ext"},"result":{"received":1,"deduped":0},"queries":8,"pid":5327}

    [0m [90m 181 |[39m       }
     [90m 182 |[39m       [90m// Query shapes, outcomes, fixture identifiers and process IDs only; never parameters.[39m
    [31m[1m>[22m[39m[90m 183 |[39m       console[33m.[39mwarn(
     [90m     |[39m               [31m[1m^[22m[39m
     [90m 184 |[39m         [32m'PG17_PROCESS'[39m[33m,[39m
     [90m 185 |[39m         [33mJSON[39m[33m.[39mstringify({
     [90m 186 |[39m           name[33m,[39m[0m

      at settleWorker (test/utils/g2-s11-pg-harness.ts:183:15)
      at ChildProcess.<anonymous> (test/utils/g2-s11-pg-harness.ts:202:7)

  console.warn
    PG17_PROCESS {"name":"g2g_56","options":{"host":"P1","role":"ext","action":"complete","coach":"s11b-coach-a","intent":"587818da-b729-465f-8c99-a4938053372f","body":{"terminal_status":"success"},"pause":"before-lock","txTimeout":60000},"result":{"acknowledged":true,"intent_id":"587818da-b729-465f-8c99-a4938053372f"},"queries":94,"pid":5381}

    [0m [90m 181 |[39m       }
     [90m 182 |[39m       [90m// Query shapes, outcomes, fixture identifiers and process IDs only; never parameters.[39m
    [31m[1m>[22m[39m[90m 183 |[39m       console[33m.[39mwarn(
     [90m     |[39m               [31m[1m^[22m[39m
     [90m 184 |[39m         [32m'PG17_PROCESS'[39m[33m,[39m
     [90m 185 |[39m         [33mJSON[39m[33m.[39mstringify({
     [90m 186 |[39m           name[33m,[39m[0m

      at settleWorker (test/utils/g2-s11-pg-harness.ts:183:15)
      at ChildProcess.<anonymous> (test/utils/g2-s11-pg-harness.ts:202:7)

  console.warn
    PG17_PROCESS {"name":"g2g_55","options":{"host":"P2","role":"ext","action":"complete","coach":"s11b-coach-a","intent":"587818da-b729-465f-8c99-a4938053372f","body":{"terminal_status":"success"},"pause":"before-lock","txTimeout":60000},"result":{"acknowledged":true,"intent_id":"587818da-b729-465f-8c99-a4938053372f"},"queries":89,"pid":5375}

    [0m [90m 181 |[39m       }
     [90m 182 |[39m       [90m// Query shapes, outcomes, fixture identifiers and process IDs only; never parameters.[39m
    [31m[1m>[22m[39m[90m 183 |[39m       console[33m.[39mwarn(
     [90m     |[39m               [31m[1m^[22m[39m
     [90m 184 |[39m         [32m'PG17_PROCESS'[39m[33m,[39m
     [90m 185 |[39m         [33mJSON[39m[33m.[39mstringify({
     [90m 186 |[39m           name[33m,[39m[0m

      at settleWorker (test/utils/g2-s11-pg-harness.ts:183:15)
      at ChildProcess.<anonymous> (test/utils/g2-s11-pg-harness.ts:202:7)

  console.warn
    PG17_PROCESS {"name":"g2g_57","options":{"action":"pair-init","coach":"s11b-coach-a","body":{},"host":"P1","role":"phone"},"result":{"pairing_code":"385425","expires_at":"2026-09-29T15:46:37.960Z","import_intent_id":"e9677394-78c0-4cd1-b145-e1956b4aa874"},"queries":11,"pid":5454}

    [0m [90m 181 |[39m       }
     [90m 182 |[39m       [90m// Query shapes, outcomes, fixture identifiers and process IDs only; never parameters.[39m
    [31m[1m>[22m[39m[90m 183 |[39m       console[33m.[39mwarn(
     [90m     |[39m               [31m[1m^[22m[39m
     [90m 184 |[39m         [32m'PG17_PROCESS'[39m[33m,[39m
     [90m 185 |[39m         [33mJSON[39m[33m.[39mstringify({
     [90m 186 |[39m           name[33m,[39m[0m

      at settleWorker (test/utils/g2-s11-pg-harness.ts:183:15)
      at ChildProcess.<anonymous> (test/utils/g2-s11-pg-harness.ts:202:7)

  console.warn
    PG17_PROCESS {"name":"g2g_58","options":{"action":"pair-redeem","coach":"unauthenticated","body":{"code":"385425"},"host":"P2","role":"ext"},"result":{"access_token":"synthetic-access-1","refresh_token":"synthetic-refresh-1","chosen_platform":"s11-label","import_intent_id":"e9677394-78c0-4cd1-b145-e1956b4aa874"},"queries":10,"pid":5474}

    [0m [90m 181 |[39m       }
     [90m 182 |[39m       [90m// Query shapes, outcomes, fixture identifiers and process IDs only; never parameters.[39m
    [31m[1m>[22m[39m[90m 183 |[39m       console[33m.[39mwarn(
     [90m     |[39m               [31m[1m^[22m[39m
     [90m 184 |[39m         [32m'PG17_PROCESS'[39m[33m,[39m
     [90m 185 |[39m         [33mJSON[39m[33m.[39mstringify({
     [90m 186 |[39m           name[33m,[39m[0m

      at settleWorker (test/utils/g2-s11-pg-harness.ts:183:15)
      at ChildProcess.<anonymous> (test/utils/g2-s11-pg-harness.ts:202:7)

  console.warn
    PG17_PROCESS {"name":"g2g_59","options":{"action":"start","coach":"s11b-coach-a","intent":"e9677394-78c0-4cd1-b145-e1956b4aa874","host":"P2","role":"phone"},"result":{"intent_id":"e9677394-78c0-4cd1-b145-e1956b4aa874","mode":"server","phase":"discovering","execution_epoch":1,"accepted_start_at":"2026-09-29T15:44:42.197Z","deadline_at":"2026-09-29T15:49:42.197Z"},"queries":3,"pid":5493}

    [0m [90m 181 |[39m       }
     [90m 182 |[39m       [90m// Query shapes, outcomes, fixture identifiers and process IDs only; never parameters.[39m
    [31m[1m>[22m[39m[90m 183 |[39m       console[33m.[39mwarn(
     [90m     |[39m               [31m[1m^[22m[39m
     [90m 184 |[39m         [32m'PG17_PROCESS'[39m[33m,[39m
     [90m 185 |[39m         [33mJSON[39m[33m.[39mstringify({
     [90m 186 |[39m           name[33m,[39m[0m

      at settleWorker (test/utils/g2-s11-pg-harness.ts:183:15)
      at ChildProcess.<anonymous> (test/utils/g2-s11-pg-harness.ts:202:7)

  console.warn
    PG17_PROCESS {"name":"g2g_60","options":{"action":"ingest","coach":"s11b-coach-a","intent":"e9677394-78c0-4cd1-b145-e1956b4aa874","body":{"entity_type":"people","entities":[{"sourceId":"p-1","payload":{"name":"Synthetic p-1"}},{"sourceId":"p-2","payload":{"name":"Synthetic p-2"}}]},"host":"P1","role":"ext"},"result":{"received":2,"deduped":0},"queries":8,"pid":5513}

    [0m [90m 181 |[39m       }
     [90m 182 |[39m       [90m// Query shapes, outcomes, fixture identifiers and process IDs only; never parameters.[39m
    [31m[1m>[22m[39m[90m 183 |[39m       console[33m.[39mwarn(
     [90m     |[39m               [31m[1m^[22m[39m
     [90m 184 |[39m         [32m'PG17_PROCESS'[39m[33m,[39m
     [90m 185 |[39m         [33mJSON[39m[33m.[39mstringify({
     [90m 186 |[39m           name[33m,[39m[0m

      at settleWorker (test/utils/g2-s11-pg-harness.ts:183:15)
      at ChildProcess.<anonymous> (test/utils/g2-s11-pg-harness.ts:202:7)

  console.warn
    PG17_PROCESS {"name":"g2g_61","options":{"action":"ingest","coach":"s11b-coach-a","intent":"e9677394-78c0-4cd1-b145-e1956b4aa874","body":{"entity_type":"blocks","entities":[{"sourceId":"blk-1","payload":{"title":"Base Block","weeks":4,"days":3,"notes":"synthetic"}}]},"host":"P2","role":"ext"},"result":{"received":1,"deduped":0},"queries":8,"pid":5533}

    [0m [90m 181 |[39m       }
     [90m 182 |[39m       [90m// Query shapes, outcomes, fixture identifiers and process IDs only; never parameters.[39m
    [31m[1m>[22m[39m[90m 183 |[39m       console[33m.[39mwarn(
     [90m     |[39m               [31m[1m^[22m[39m
     [90m 184 |[39m         [32m'PG17_PROCESS'[39m[33m,[39m
     [90m 185 |[39m         [33mJSON[39m[33m.[39mstringify({
     [90m 186 |[39m           name[33m,[39m[0m

      at settleWorker (test/utils/g2-s11-pg-harness.ts:183:15)
      at ChildProcess.<anonymous> (test/utils/g2-s11-pg-harness.ts:202:7)

  console.warn
    PG17_PROCESS {"name":"g2g_62","options":{"action":"ingest","coach":"s11b-coach-a","intent":"e9677394-78c0-4cd1-b145-e1956b4aa874","body":{"entity_type":"routines","entities":[{"sourceId":"rt-1","payload":{"title":"Push Day","kind":"lift","minutes":45,"exercises":[{"id":"e1","exercise":"22222222-2222-4222-8222-222222222222","sets":3,"reps":8,"kg":100}]}}]},"host":"P1","role":"ext"},"result":{"received":1,"deduped":0},"queries":8,"pid":5553}

    [0m [90m 181 |[39m       }
     [90m 182 |[39m       [90m// Query shapes, outcomes, fixture identifiers and process IDs only; never parameters.[39m
    [31m[1m>[22m[39m[90m 183 |[39m       console[33m.[39mwarn(
     [90m     |[39m               [31m[1m^[22m[39m
     [90m 184 |[39m         [32m'PG17_PROCESS'[39m[33m,[39m
     [90m 185 |[39m         [33mJSON[39m[33m.[39mstringify({
     [90m 186 |[39m           name[33m,[39m[0m

      at settleWorker (test/utils/g2-s11-pg-harness.ts:183:15)
      at ChildProcess.<anonymous> (test/utils/g2-s11-pg-harness.ts:202:7)

  console.warn
    PG17_PROCESS {"name":"g2g_63","options":{"action":"ingest","coach":"s11b-coach-a","intent":"e9677394-78c0-4cd1-b145-e1956b4aa874","body":{"entity_type":"log","entities":[{"sourceId":"h-1","payload":{"title":"note"}}]},"host":"P2","role":"ext"},"result":{"received":1,"deduped":0},"queries":8,"pid":5573}

    [0m [90m 181 |[39m       }
     [90m 182 |[39m       [90m// Query shapes, outcomes, fixture identifiers and process IDs only; never parameters.[39m
    [31m[1m>[22m[39m[90m 183 |[39m       console[33m.[39mwarn(
     [90m     |[39m               [31m[1m^[22m[39m
     [90m 184 |[39m         [32m'PG17_PROCESS'[39m[33m,[39m
     [90m 185 |[39m         [33mJSON[39m[33m.[39mstringify({
     [90m 186 |[39m           name[33m,[39m[0m

      at settleWorker (test/utils/g2-s11-pg-harness.ts:183:15)
      at ChildProcess.<anonymous> (test/utils/g2-s11-pg-harness.ts:202:7)

  console.warn
    PG17_PROCESS {"name":"g2g_64","options":{"action":"complete","coach":"s11b-coach-a","intent":"e9677394-78c0-4cd1-b145-e1956b4aa874","body":{"terminal_status":"partial"},"host":"P1","role":"ext"},"result":{"acknowledged":true,"intent_id":"e9677394-78c0-4cd1-b145-e1956b4aa874"},"queries":93,"pid":5595}

    [0m [90m 181 |[39m       }
     [90m 182 |[39m       [90m// Query shapes, outcomes, fixture identifiers and process IDs only; never parameters.[39m
    [31m[1m>[22m[39m[90m 183 |[39m       console[33m.[39mwarn(
     [90m     |[39m               [31m[1m^[22m[39m
     [90m 184 |[39m         [32m'PG17_PROCESS'[39m[33m,[39m
     [90m 185 |[39m         [33mJSON[39m[33m.[39mstringify({
     [90m 186 |[39m           name[33m,[39m[0m

      at settleWorker (test/utils/g2-s11-pg-harness.ts:183:15)
      at ChildProcess.<anonymous> (test/utils/g2-s11-pg-harness.ts:202:7)

  console.warn
    PG17_PROCESS {"name":"g2g_65","options":{"action":"pair-init","coach":"s11b-coach-a","body":{},"host":"P1","role":"phone"},"result":{"pairing_code":"576121","expires_at":"2026-09-29T15:46:55.216Z","import_intent_id":"27a73500-e50d-4bf7-b903-6c4d588ae2e5"},"queries":11,"pid":5642}

    [0m [90m 181 |[39m       }
     [90m 182 |[39m       [90m// Query shapes, outcomes, fixture identifiers and process IDs only; never parameters.[39m
    [31m[1m>[22m[39m[90m 183 |[39m       console[33m.[39mwarn(
     [90m     |[39m               [31m[1m^[22m[39m
     [90m 184 |[39m         [32m'PG17_PROCESS'[39m[33m,[39m
     [90m 185 |[39m         [33mJSON[39m[33m.[39mstringify({
     [90m 186 |[39m           name[33m,[39m[0m

      at settleWorker (test/utils/g2-s11-pg-harness.ts:183:15)
      at ChildProcess.<anonymous> (test/utils/g2-s11-pg-harness.ts:202:7)

  console.warn
    PG17_PROCESS {"name":"g2g_66","options":{"action":"pair-redeem","coach":"unauthenticated","body":{"code":"576121"},"host":"P2","role":"ext"},"result":{"access_token":"synthetic-access-1","refresh_token":"synthetic-refresh-1","chosen_platform":"s11-label","import_intent_id":"27a73500-e50d-4bf7-b903-6c4d588ae2e5"},"queries":10,"pid":5661}

    [0m [90m 181 |[39m       }
     [90m 182 |[39m       [90m// Query shapes, outcomes, fixture identifiers and process IDs only; never parameters.[39m
    [31m[1m>[22m[39m[90m 183 |[39m       console[33m.[39mwarn(
     [90m     |[39m               [31m[1m^[22m[39m
     [90m 184 |[39m         [32m'PG17_PROCESS'[39m[33m,[39m
     [90m 185 |[39m         [33mJSON[39m[33m.[39mstringify({
     [90m 186 |[39m           name[33m,[39m[0m

      at settleWorker (test/utils/g2-s11-pg-harness.ts:183:15)
      at ChildProcess.<anonymous> (test/utils/g2-s11-pg-harness.ts:202:7)

  console.warn
    PG17_PROCESS {"name":"g2g_67","options":{"action":"start","coach":"s11b-coach-a","intent":"27a73500-e50d-4bf7-b903-6c4d588ae2e5","host":"P2","role":"phone"},"result":{"intent_id":"27a73500-e50d-4bf7-b903-6c4d588ae2e5","mode":"server","phase":"discovering","execution_epoch":1,"accepted_start_at":"2026-09-29T15:44:59.427Z","deadline_at":"2026-09-29T15:49:59.427Z"},"queries":3,"pid":5680}

    [0m [90m 181 |[39m       }
     [90m 182 |[39m       [90m// Query shapes, outcomes, fixture identifiers and process IDs only; never parameters.[39m
    [31m[1m>[22m[39m[90m 183 |[39m       console[33m.[39mwarn(
     [90m     |[39m               [31m[1m^[22m[39m
     [90m 184 |[39m         [32m'PG17_PROCESS'[39m[33m,[39m
     [90m 185 |[39m         [33mJSON[39m[33m.[39mstringify({
     [90m 186 |[39m           name[33m,[39m[0m

      at settleWorker (test/utils/g2-s11-pg-harness.ts:183:15)
      at ChildProcess.<anonymous> (test/utils/g2-s11-pg-harness.ts:202:7)

  console.warn
    PG17_PROCESS {"name":"g2g_68","options":{"action":"ingest","coach":"s11b-coach-a","intent":"27a73500-e50d-4bf7-b903-6c4d588ae2e5","body":{"entity_type":"people","entities":[{"sourceId":"p-1","payload":{"name":"Synthetic p-1"}},{"sourceId":"p-2","payload":{"name":"Synthetic p-2"}}]},"host":"P1","role":"ext"},"result":{"received":2,"deduped":0},"queries":8,"pid":5700}

    [0m [90m 181 |[39m       }
     [90m 182 |[39m       [90m// Query shapes, outcomes, fixture identifiers and process IDs only; never parameters.[39m
    [31m[1m>[22m[39m[90m 183 |[39m       console[33m.[39mwarn(
     [90m     |[39m               [31m[1m^[22m[39m
     [90m 184 |[39m         [32m'PG17_PROCESS'[39m[33m,[39m
     [90m 185 |[39m         [33mJSON[39m[33m.[39mstringify({
     [90m 186 |[39m           name[33m,[39m[0m

      at settleWorker (test/utils/g2-s11-pg-harness.ts:183:15)
      at ChildProcess.<anonymous> (test/utils/g2-s11-pg-harness.ts:202:7)

  console.warn
    PG17_PROCESS {"name":"g2g_69","options":{"action":"ingest","coach":"s11b-coach-a","intent":"27a73500-e50d-4bf7-b903-6c4d588ae2e5","body":{"entity_type":"blocks","entities":[{"sourceId":"blk-1","payload":{"title":"Base Block","weeks":4,"days":3,"notes":"synthetic"}}]},"host":"P2","role":"ext"},"result":{"received":1,"deduped":0},"queries":8,"pid":5721}

    [0m [90m 181 |[39m       }
     [90m 182 |[39m       [90m// Query shapes, outcomes, fixture identifiers and process IDs only; never parameters.[39m
    [31m[1m>[22m[39m[90m 183 |[39m       console[33m.[39mwarn(
     [90m     |[39m               [31m[1m^[22m[39m
     [90m 184 |[39m         [32m'PG17_PROCESS'[39m[33m,[39m
     [90m 185 |[39m         [33mJSON[39m[33m.[39mstringify({
     [90m 186 |[39m           name[33m,[39m[0m

      at settleWorker (test/utils/g2-s11-pg-harness.ts:183:15)
      at ChildProcess.<anonymous> (test/utils/g2-s11-pg-harness.ts:202:7)

  console.warn
    PG17_PROCESS {"name":"g2g_70","options":{"action":"ingest","coach":"s11b-coach-a","intent":"27a73500-e50d-4bf7-b903-6c4d588ae2e5","body":{"entity_type":"routines","entities":[{"sourceId":"rt-1","payload":{"title":"Push Day","kind":"lift","minutes":45,"exercises":[{"id":"e1","exercise":"22222222-2222-4222-8222-222222222222","sets":3,"reps":8,"kg":100}]}}]},"host":"P1","role":"ext"},"result":{"received":1,"deduped":0},"queries":8,"pid":5744}

    [0m [90m 181 |[39m       }
     [90m 182 |[39m       [90m// Query shapes, outcomes, fixture identifiers and process IDs only; never parameters.[39m
    [31m[1m>[22m[39m[90m 183 |[39m       console[33m.[39mwarn(
     [90m     |[39m               [31m[1m^[22m[39m
     [90m 184 |[39m         [32m'PG17_PROCESS'[39m[33m,[39m
     [90m 185 |[39m         [33mJSON[39m[33m.[39mstringify({
     [90m 186 |[39m           name[33m,[39m[0m

      at settleWorker (test/utils/g2-s11-pg-harness.ts:183:15)
      at ChildProcess.<anonymous> (test/utils/g2-s11-pg-harness.ts:202:7)

  console.warn
    PG17_PROCESS {"name":"g2g_71","options":{"action":"ingest","coach":"s11b-coach-a","intent":"27a73500-e50d-4bf7-b903-6c4d588ae2e5","body":{"entity_type":"log","entities":[{"sourceId":"h-1","payload":{"title":"note"}}]},"host":"P2","role":"ext"},"result":{"received":1,"deduped":0},"queries":8,"pid":5764}

    [0m [90m 181 |[39m       }
     [90m 182 |[39m       [90m// Query shapes, outcomes, fixture identifiers and process IDs only; never parameters.[39m
    [31m[1m>[22m[39m[90m 183 |[39m       console[33m.[39mwarn(
     [90m     |[39m               [31m[1m^[22m[39m
     [90m 184 |[39m         [32m'PG17_PROCESS'[39m[33m,[39m
     [90m 185 |[39m         [33mJSON[39m[33m.[39mstringify({
     [90m 186 |[39m           name[33m,[39m[0m

      at settleWorker (test/utils/g2-s11-pg-harness.ts:183:15)
      at ChildProcess.<anonymous> (test/utils/g2-s11-pg-harness.ts:202:7)

  console.warn
    PG17_PROCESS {"name":"g2g_73","options":{"action":"complete","coach":"s11b-coach-a","intent":"27a73500-e50d-4bf7-b903-6c4d588ae2e5","body":{"terminal_status":"success"},"host":"P2","role":"ext"},"result":{"acknowledged":true,"intent_id":"27a73500-e50d-4bf7-b903-6c4d588ae2e5"},"queries":98,"pid":5814}

    [0m [90m 181 |[39m       }
     [90m 182 |[39m       [90m// Query shapes, outcomes, fixture identifiers and process IDs only; never parameters.[39m
    [31m[1m>[22m[39m[90m 183 |[39m       console[33m.[39mwarn(
     [90m     |[39m               [31m[1m^[22m[39m
     [90m 184 |[39m         [32m'PG17_PROCESS'[39m[33m,[39m
     [90m 185 |[39m         [33mJSON[39m[33m.[39mstringify({
     [90m 186 |[39m           name[33m,[39m[0m

      at settleWorker (test/utils/g2-s11-pg-harness.ts:183:15)
      at ChildProcess.<anonymous> (test/utils/g2-s11-pg-harness.ts:202:7)

  console.warn
    PG17_PROCESS {"name":"g2g_74","options":{"action":"status","coach":"s11b-coach-a","intent":"27a73500-e50d-4bf7-b903-6c4d588ae2e5","host":"P1","role":"phone"},"result":{"intent_id":"27a73500-e50d-4bf7-b903-6c4d588ae2e5","status":"partial","entity_counts":[{"entity_type":"blocks","committed":1},{"entity_type":"log","committed":1},{"entity_type":"people","committed":2},{"entity_type":"routines","committed":1}],"started_at":"2026-09-29T15:45:01.561Z","completed_at":"2026-09-29T15:45:12.298Z","mode":"server","phase":"reconciling","accepted_start_at":"2026-09-29T15:44:59.427Z","deadline_at":"2026-09-29T15:49:59.427Z","last_observed_at":"2026-09-29T15:45:12.293Z","execution_epoch":1,"reason_code":"unresolved_identities","claimed_status":"partial","families":[{"family":"blocks","observed_unique":null,"staged_unique":1,"created_native":null,"already_present_verified":null,"rejected":0,"unresolved":0,"ledger":{"reconstructed":1,"skipped":0,"failed":0},"canonical_family":"programs","native_present_verified":1,"completeness_basis":"none","relationship_closure":"not_applicable","reasons":[],"qualifiers":[]},{"family":"log","observed_unique":null,"staged_unique":1,"created_native":null,"already_present_verified":null,"rejected":1,"unresolved":0,"ledger":{"reconstructed":0,"skipped":1,"failed":0},"canonical_family":"client_history","native_present_verified":0,"completeness_basis":"none","relationship_closure":"not_applicable","reasons":[{"code":"unsupported_platform:s11-proof","count":1}],"qualifiers":[]},{"family":"people","observed_unique":null,"staged_unique":2,"created_native":null,"already_present_verified":null,"rejected":2,"unresolved":0,"ledger":{"reconstructed":0,"skipped":2,"failed":0},"canonical_family":"clients","native_present_verified":0,"completeness_basis":"none","relationship_closure":"not_applicable","reasons":[{"code":"unsupported_platform:s11-proof","count":2}],"qualifiers":["roster_bridge_pending"]},{"family":"routines","observed_unique":null,"staged_unique":1,"created_native":null,"already_present_verified":null,"rejected":0,"unresolved":0,"ledger":{"reconstructed":1,"skipped":0,"failed":0},"canonical_family":"workouts","native_present_verified":1,"completeness_basis":"none","relationship_closure":"verified","reasons":[],"qualifiers":[]}]},"queries":9,"pid":5836}

    [0m [90m 181 |[39m       }
     [90m 182 |[39m       [90m// Query shapes, outcomes, fixture identifiers and process IDs only; never parameters.[39m
    [31m[1m>[22m[39m[90m 183 |[39m       console[33m.[39mwarn(
     [90m     |[39m               [31m[1m^[22m[39m
     [90m 184 |[39m         [32m'PG17_PROCESS'[39m[33m,[39m
     [90m 185 |[39m         [33mJSON[39m[33m.[39mstringify({
     [90m 186 |[39m           name[33m,[39m[0m

      at settleWorker (test/utils/g2-s11-pg-harness.ts:183:15)
      at ChildProcess.<anonymous> (test/utils/g2-s11-pg-harness.ts:202:7)

  console.warn
    PG17_PROCESS {"name":"g2g_75","options":{"action":"pair-init","coach":"s11b-coach-a","body":{},"host":"P1","role":"phone"},"result":{"pairing_code":"918665","expires_at":"2026-09-29T15:47:16.818Z","import_intent_id":"f78e2a4d-6e10-48b9-91e7-b079cce64e02"},"queries":11,"pid":5884}

    [0m [90m 181 |[39m       }
     [90m 182 |[39m       [90m// Query shapes, outcomes, fixture identifiers and process IDs only; never parameters.[39m
    [31m[1m>[22m[39m[90m 183 |[39m       console[33m.[39mwarn(
     [90m     |[39m               [31m[1m^[22m[39m
     [90m 184 |[39m         [32m'PG17_PROCESS'[39m[33m,[39m
     [90m 185 |[39m         [33mJSON[39m[33m.[39mstringify({
     [90m 186 |[39m           name[33m,[39m[0m

      at settleWorker (test/utils/g2-s11-pg-harness.ts:183:15)
      at ChildProcess.<anonymous> (test/utils/g2-s11-pg-harness.ts:202:7)

  console.warn
    PG17_PROCESS {"name":"g2g_76","options":{"action":"pair-redeem","coach":"unauthenticated","body":{"code":"918665"},"host":"P2","role":"ext"},"result":{"access_token":"synthetic-access-1","refresh_token":"synthetic-refresh-1","chosen_platform":"s11-label","import_intent_id":"f78e2a4d-6e10-48b9-91e7-b079cce64e02"},"queries":10,"pid":5903}

    [0m [90m 181 |[39m       }
     [90m 182 |[39m       [90m// Query shapes, outcomes, fixture identifiers and process IDs only; never parameters.[39m
    [31m[1m>[22m[39m[90m 183 |[39m       console[33m.[39mwarn(
     [90m     |[39m               [31m[1m^[22m[39m
     [90m 184 |[39m         [32m'PG17_PROCESS'[39m[33m,[39m
     [90m 185 |[39m         [33mJSON[39m[33m.[39mstringify({
     [90m 186 |[39m           name[33m,[39m[0m

      at settleWorker (test/utils/g2-s11-pg-harness.ts:183:15)
      at ChildProcess.<anonymous> (test/utils/g2-s11-pg-harness.ts:202:7)

  console.warn
    PG17_PROCESS {"name":"g2g_77","options":{"action":"start","coach":"s11b-coach-a","intent":"f78e2a4d-6e10-48b9-91e7-b079cce64e02","host":"P2","role":"phone"},"result":{"intent_id":"f78e2a4d-6e10-48b9-91e7-b079cce64e02","mode":"server","phase":"discovering","execution_epoch":1,"accepted_start_at":"2026-09-29T15:45:21.043Z","deadline_at":"2026-09-29T15:50:21.043Z"},"queries":3,"pid":5922}

    [0m [90m 181 |[39m       }
     [90m 182 |[39m       [90m// Query shapes, outcomes, fixture identifiers and process IDs only; never parameters.[39m
    [31m[1m>[22m[39m[90m 183 |[39m       console[33m.[39mwarn(
     [90m     |[39m               [31m[1m^[22m[39m
     [90m 184 |[39m         [32m'PG17_PROCESS'[39m[33m,[39m
     [90m 185 |[39m         [33mJSON[39m[33m.[39mstringify({
     [90m 186 |[39m           name[33m,[39m[0m

      at settleWorker (test/utils/g2-s11-pg-harness.ts:183:15)
      at ChildProcess.<anonymous> (test/utils/g2-s11-pg-harness.ts:202:7)

  console.warn
    PG17_PROCESS {"name":"g2g_78","options":{"action":"ingest","coach":"s11b-coach-a","intent":"f78e2a4d-6e10-48b9-91e7-b079cce64e02","body":{"entity_type":"people","entities":[{"sourceId":"p-1","payload":{"name":"Synthetic p-1"}},{"sourceId":"p-2","payload":{"name":"Synthetic p-2"}}]},"host":"P1","role":"ext"},"result":{"received":2,"deduped":0},"queries":8,"pid":5942}

    [0m [90m 181 |[39m       }
     [90m 182 |[39m       [90m// Query shapes, outcomes, fixture identifiers and process IDs only; never parameters.[39m
    [31m[1m>[22m[39m[90m 183 |[39m       console[33m.[39mwarn(
     [90m     |[39m               [31m[1m^[22m[39m
     [90m 184 |[39m         [32m'PG17_PROCESS'[39m[33m,[39m
     [90m 185 |[39m         [33mJSON[39m[33m.[39mstringify({
     [90m 186 |[39m           name[33m,[39m[0m

      at settleWorker (test/utils/g2-s11-pg-harness.ts:183:15)
      at ChildProcess.<anonymous> (test/utils/g2-s11-pg-harness.ts:202:7)

  console.warn
    PG17_PROCESS {"name":"g2g_79","options":{"action":"ingest","coach":"s11b-coach-a","intent":"f78e2a4d-6e10-48b9-91e7-b079cce64e02","body":{"entity_type":"blocks","entities":[{"sourceId":"blk-1","payload":{"title":"Base Block","weeks":4,"days":3,"notes":"synthetic"}}]},"host":"P2","role":"ext"},"result":{"received":1,"deduped":0},"queries":8,"pid":5963}

    [0m [90m 181 |[39m       }
     [90m 182 |[39m       [90m// Query shapes, outcomes, fixture identifiers and process IDs only; never parameters.[39m
    [31m[1m>[22m[39m[90m 183 |[39m       console[33m.[39mwarn(
     [90m     |[39m               [31m[1m^[22m[39m
     [90m 184 |[39m         [32m'PG17_PROCESS'[39m[33m,[39m
     [90m 185 |[39m         [33mJSON[39m[33m.[39mstringify({
     [90m 186 |[39m           name[33m,[39m[0m

      at settleWorker (test/utils/g2-s11-pg-harness.ts:183:15)
      at ChildProcess.<anonymous> (test/utils/g2-s11-pg-harness.ts:202:7)

  console.warn
    PG17_PROCESS {"name":"g2g_80","options":{"action":"ingest","coach":"s11b-coach-a","intent":"f78e2a4d-6e10-48b9-91e7-b079cce64e02","body":{"entity_type":"routines","entities":[{"sourceId":"rt-1","payload":{"title":"Push Day","kind":"lift","minutes":45,"exercises":[{"id":"e1","exercise":"22222222-2222-4222-8222-222222222222","sets":3,"reps":8,"kg":100}]}}]},"host":"P1","role":"ext"},"result":{"received":1,"deduped":0},"queries":8,"pid":5983}

    [0m [90m 181 |[39m       }
     [90m 182 |[39m       [90m// Query shapes, outcomes, fixture identifiers and process IDs only; never parameters.[39m
    [31m[1m>[22m[39m[90m 183 |[39m       console[33m.[39mwarn(
     [90m     |[39m               [31m[1m^[22m[39m
     [90m 184 |[39m         [32m'PG17_PROCESS'[39m[33m,[39m
     [90m 185 |[39m         [33mJSON[39m[33m.[39mstringify({
     [90m 186 |[39m           name[33m,[39m[0m

      at settleWorker (test/utils/g2-s11-pg-harness.ts:183:15)
      at ChildProcess.<anonymous> (test/utils/g2-s11-pg-harness.ts:202:7)

  console.warn
    PG17_PROCESS {"name":"g2g_81","options":{"action":"ingest","coach":"s11b-coach-a","intent":"f78e2a4d-6e10-48b9-91e7-b079cce64e02","body":{"entity_type":"log","entities":[{"sourceId":"h-1","payload":{"title":"note"}}]},"host":"P2","role":"ext"},"result":{"received":1,"deduped":0},"queries":8,"pid":6003}

    [0m [90m 181 |[39m       }
     [90m 182 |[39m       [90m// Query shapes, outcomes, fixture identifiers and process IDs only; never parameters.[39m
    [31m[1m>[22m[39m[90m 183 |[39m       console[33m.[39mwarn(
     [90m     |[39m               [31m[1m^[22m[39m
     [90m 184 |[39m         [32m'PG17_PROCESS'[39m[33m,[39m
     [90m 185 |[39m         [33mJSON[39m[33m.[39mstringify({
     [90m 186 |[39m           name[33m,[39m[0m

      at settleWorker (test/utils/g2-s11-pg-harness.ts:183:15)
      at ChildProcess.<anonymous> (test/utils/g2-s11-pg-harness.ts:202:7)

  console.warn
    PG17_PROCESS {"name":"g2g_82","options":{"action":"complete","coach":"s11b-coach-a","intent":"f78e2a4d-6e10-48b9-91e7-b079cce64e02","body":{"terminal_status":"success"},"host":"P1","role":"ext"},"result":{"acknowledged":true,"intent_id":"f78e2a4d-6e10-48b9-91e7-b079cce64e02"},"queries":93,"pid":6025}

    [0m [90m 181 |[39m       }
     [90m 182 |[39m       [90m// Query shapes, outcomes, fixture identifiers and process IDs only; never parameters.[39m
    [31m[1m>[22m[39m[90m 183 |[39m       console[33m.[39mwarn(
     [90m     |[39m               [31m[1m^[22m[39m
     [90m 184 |[39m         [32m'PG17_PROCESS'[39m[33m,[39m
     [90m 185 |[39m         [33mJSON[39m[33m.[39mstringify({
     [90m 186 |[39m           name[33m,[39m[0m

      at settleWorker (test/utils/g2-s11-pg-harness.ts:183:15)
      at ChildProcess.<anonymous> (test/utils/g2-s11-pg-harness.ts:202:7)

  console.warn
    PG17_PROCESS {"name":"g2g_83","options":{"action":"complete","coach":"s11b-coach-a","intent":"f78e2a4d-6e10-48b9-91e7-b079cce64e02","body":{"terminal_status":"success"},"host":"P2","role":"ext"},"result":{"acknowledged":true,"intent_id":"f78e2a4d-6e10-48b9-91e7-b079cce64e02"},"queries":8,"pid":6068}

    [0m [90m 181 |[39m       }
     [90m 182 |[39m       [90m// Query shapes, outcomes, fixture identifiers and process IDs only; never parameters.[39m
    [31m[1m>[22m[39m[90m 183 |[39m       console[33m.[39mwarn(
     [90m     |[39m               [31m[1m^[22m[39m
     [90m 184 |[39m         [32m'PG17_PROCESS'[39m[33m,[39m
     [90m 185 |[39m         [33mJSON[39m[33m.[39mstringify({
     [90m 186 |[39m           name[33m,[39m[0m

      at settleWorker (test/utils/g2-s11-pg-harness.ts:183:15)
      at ChildProcess.<anonymous> (test/utils/g2-s11-pg-harness.ts:202:7)

  console.warn
    PG17_PROCESS {"name":"g2g_84","options":{"action":"pair-init","coach":"s11b-coach-a","body":{},"host":"P1","role":"phone"},"result":{"pairing_code":"793630","expires_at":"2026-09-29T15:47:36.383Z","import_intent_id":"189d0402-812b-48b5-8986-3c7594de6b4f"},"queries":11,"pid":6116}

    [0m [90m 181 |[39m       }
     [90m 182 |[39m       [90m// Query shapes, outcomes, fixture identifiers and process IDs only; never parameters.[39m
    [31m[1m>[22m[39m[90m 183 |[39m       console[33m.[39mwarn(
     [90m     |[39m               [31m[1m^[22m[39m
     [90m 184 |[39m         [32m'PG17_PROCESS'[39m[33m,[39m
     [90m 185 |[39m         [33mJSON[39m[33m.[39mstringify({
     [90m 186 |[39m           name[33m,[39m[0m

      at settleWorker (test/utils/g2-s11-pg-harness.ts:183:15)
      at ChildProcess.<anonymous> (test/utils/g2-s11-pg-harness.ts:202:7)

  console.warn
    PG17_PROCESS {"name":"g2g_85","options":{"action":"pair-redeem","coach":"unauthenticated","body":{"code":"793630"},"host":"P2","role":"ext"},"result":{"access_token":"synthetic-access-1","refresh_token":"synthetic-refresh-1","chosen_platform":"s11-label","import_intent_id":"189d0402-812b-48b5-8986-3c7594de6b4f"},"queries":10,"pid":6135}

    [0m [90m 181 |[39m       }
     [90m 182 |[39m       [90m// Query shapes, outcomes, fixture identifiers and process IDs only; never parameters.[39m
    [31m[1m>[22m[39m[90m 183 |[39m       console[33m.[39mwarn(
     [90m     |[39m               [31m[1m^[22m[39m
     [90m 184 |[39m         [32m'PG17_PROCESS'[39m[33m,[39m
     [90m 185 |[39m         [33mJSON[39m[33m.[39mstringify({
     [90m 186 |[39m           name[33m,[39m[0m

      at settleWorker (test/utils/g2-s11-pg-harness.ts:183:15)
      at ChildProcess.<anonymous> (test/utils/g2-s11-pg-harness.ts:202:7)

  console.warn
    PG17_PROCESS {"name":"g2g_86","options":{"action":"start","coach":"s11b-coach-a","intent":"189d0402-812b-48b5-8986-3c7594de6b4f","host":"P2","role":"phone"},"result":{"intent_id":"189d0402-812b-48b5-8986-3c7594de6b4f","mode":"server","phase":"discovering","execution_epoch":1,"accepted_start_at":"2026-09-29T15:45:40.616Z","deadline_at":"2026-09-29T15:50:40.616Z"},"queries":3,"pid":6155}

    [0m [90m 181 |[39m       }
     [90m 182 |[39m       [90m// Query shapes, outcomes, fixture identifiers and process IDs only; never parameters.[39m
    [31m[1m>[22m[39m[90m 183 |[39m       console[33m.[39mwarn(
     [90m     |[39m               [31m[1m^[22m[39m
     [90m 184 |[39m         [32m'PG17_PROCESS'[39m[33m,[39m
     [90m 185 |[39m         [33mJSON[39m[33m.[39mstringify({
     [90m 186 |[39m           name[33m,[39m[0m

      at settleWorker (test/utils/g2-s11-pg-harness.ts:183:15)
      at ChildProcess.<anonymous> (test/utils/g2-s11-pg-harness.ts:202:7)

  console.warn
    PG17_PROCESS {"name":"g2g_87","options":{"action":"ingest","coach":"s11b-coach-a","intent":"189d0402-812b-48b5-8986-3c7594de6b4f","body":{"entity_type":"people","entities":[{"sourceId":"p-1","payload":{"name":"Synthetic p-1"}},{"sourceId":"p-2","payload":{"name":"Synthetic p-2"}}]},"host":"P1","role":"ext"},"result":{"received":2,"deduped":0},"queries":8,"pid":6175}

    [0m [90m 181 |[39m       }
     [90m 182 |[39m       [90m// Query shapes, outcomes, fixture identifiers and process IDs only; never parameters.[39m
    [31m[1m>[22m[39m[90m 183 |[39m       console[33m.[39mwarn(
     [90m     |[39m               [31m[1m^[22m[39m
     [90m 184 |[39m         [32m'PG17_PROCESS'[39m[33m,[39m
     [90m 185 |[39m         [33mJSON[39m[33m.[39mstringify({
     [90m 186 |[39m           name[33m,[39m[0m

      at settleWorker (test/utils/g2-s11-pg-harness.ts:183:15)
      at ChildProcess.<anonymous> (test/utils/g2-s11-pg-harness.ts:202:7)

  console.warn
    PG17_PROCESS {"name":"g2g_88","options":{"action":"ingest","coach":"s11b-coach-a","intent":"189d0402-812b-48b5-8986-3c7594de6b4f","body":{"entity_type":"blocks","entities":[{"sourceId":"blk-1","payload":{"title":"Base Block","weeks":4,"days":3,"notes":"synthetic"}}]},"host":"P2","role":"ext"},"result":{"received":1,"deduped":0},"queries":8,"pid":6197}

    [0m [90m 181 |[39m       }
     [90m 182 |[39m       [90m// Query shapes, outcomes, fixture identifiers and process IDs only; never parameters.[39m
    [31m[1m>[22m[39m[90m 183 |[39m       console[33m.[39mwarn(
     [90m     |[39m               [31m[1m^[22m[39m
     [90m 184 |[39m         [32m'PG17_PROCESS'[39m[33m,[39m
     [90m 185 |[39m         [33mJSON[39m[33m.[39mstringify({
     [90m 186 |[39m           name[33m,[39m[0m

      at settleWorker (test/utils/g2-s11-pg-harness.ts:183:15)
      at ChildProcess.<anonymous> (test/utils/g2-s11-pg-harness.ts:202:7)

  console.warn
    PG17_PROCESS {"name":"g2g_89","options":{"action":"ingest","coach":"s11b-coach-a","intent":"189d0402-812b-48b5-8986-3c7594de6b4f","body":{"entity_type":"routines","entities":[{"sourceId":"rt-1","payload":{"title":"Push Day","kind":"lift","minutes":45,"exercises":[{"id":"e1","exercise":"22222222-2222-4222-8222-222222222222","sets":3,"reps":8,"kg":100}]}}]},"host":"P1","role":"ext"},"result":{"received":1,"deduped":0},"queries":8,"pid":6217}

    [0m [90m 181 |[39m       }
     [90m 182 |[39m       [90m// Query shapes, outcomes, fixture identifiers and process IDs only; never parameters.[39m
    [31m[1m>[22m[39m[90m 183 |[39m       console[33m.[39mwarn(
     [90m     |[39m               [31m[1m^[22m[39m
     [90m 184 |[39m         [32m'PG17_PROCESS'[39m[33m,[39m
     [90m 185 |[39m         [33mJSON[39m[33m.[39mstringify({
     [90m 186 |[39m           name[33m,[39m[0m

      at settleWorker (test/utils/g2-s11-pg-harness.ts:183:15)
      at ChildProcess.<anonymous> (test/utils/g2-s11-pg-harness.ts:202:7)

  console.warn
    PG17_PROCESS {"name":"g2g_90","options":{"action":"ingest","coach":"s11b-coach-a","intent":"189d0402-812b-48b5-8986-3c7594de6b4f","body":{"entity_type":"log","entities":[{"sourceId":"h-1","payload":{"title":"note"}}]},"host":"P2","role":"ext"},"result":{"received":1,"deduped":0},"queries":8,"pid":6237}

    [0m [90m 181 |[39m       }
     [90m 182 |[39m       [90m// Query shapes, outcomes, fixture identifiers and process IDs only; never parameters.[39m
    [31m[1m>[22m[39m[90m 183 |[39m       console[33m.[39mwarn(
     [90m     |[39m               [31m[1m^[22m[39m
     [90m 184 |[39m         [32m'PG17_PROCESS'[39m[33m,[39m
     [90m 185 |[39m         [33mJSON[39m[33m.[39mstringify({
     [90m 186 |[39m           name[33m,[39m[0m

      at settleWorker (test/utils/g2-s11-pg-harness.ts:183:15)
      at ChildProcess.<anonymous> (test/utils/g2-s11-pg-harness.ts:202:7)

  console.warn
    PG17_PROCESS {"name":"g2g_92","options":{"action":"fence","coach":"s11b-coach-a","intent":"189d0402-812b-48b5-8986-3c7594de6b4f","body":{"reason":"revoked"},"host":"P2","role":"phone"},"result":{"terminal_status":"blocked","reason_code":"revoked","execution_epoch":2},"queries":7,"pid":6307}

    [0m [90m 181 |[39m       }
     [90m 182 |[39m       [90m// Query shapes, outcomes, fixture identifiers and process IDs only; never parameters.[39m
    [31m[1m>[22m[39m[90m 183 |[39m       console[33m.[39mwarn(
     [90m     |[39m               [31m[1m^[22m[39m
     [90m 184 |[39m         [32m'PG17_PROCESS'[39m[33m,[39m
     [90m 185 |[39m         [33mJSON[39m[33m.[39mstringify({
     [90m 186 |[39m           name[33m,[39m[0m

      at settleWorker (test/utils/g2-s11-pg-harness.ts:183:15)
      at ChildProcess.<anonymous> (test/utils/g2-s11-pg-harness.ts:202:7)

  console.warn
    PG17_PROCESS {"name":"g2g_93","options":{"action":"complete","coach":"s11b-coach-a","intent":"189d0402-812b-48b5-8986-3c7594de6b4f","body":{"terminal_status":"success"},"host":"P1","role":"ext"},"result":{"acknowledged":true,"intent_id":"189d0402-812b-48b5-8986-3c7594de6b4f"},"queries":8,"pid":6334}

    [0m [90m 181 |[39m       }
     [90m 182 |[39m       [90m// Query shapes, outcomes, fixture identifiers and process IDs only; never parameters.[39m
    [31m[1m>[22m[39m[90m 183 |[39m       console[33m.[39mwarn(
     [90m     |[39m               [31m[1m^[22m[39m
     [90m 184 |[39m         [32m'PG17_PROCESS'[39m[33m,[39m
     [90m 185 |[39m         [33mJSON[39m[33m.[39mstringify({
     [90m 186 |[39m           name[33m,[39m[0m

      at settleWorker (test/utils/g2-s11-pg-harness.ts:183:15)
      at ChildProcess.<anonymous> (test/utils/g2-s11-pg-harness.ts:202:7)

  console.warn
    PG17_PROCESS {"name":"g2g_94","options":{"action":"complete","coach":"s11b-coach-a","intent":"e8ad7e91-fd81-4d5d-94e1-ae985842feaa","body":{"terminal_status":"success"},"host":"P1","role":"ext"},"failure":{"status":409,"message":"No server-owned run has been started for this intent.","response":{"code":"run_not_started","message":"No server-owned run has been started for this intent."}},"queries":8,"pid":6372}

    [0m [90m 181 |[39m       }
     [90m 182 |[39m       [90m// Query shapes, outcomes, fixture identifiers and process IDs only; never parameters.[39m
    [31m[1m>[22m[39m[90m 183 |[39m       console[33m.[39mwarn(
     [90m     |[39m               [31m[1m^[22m[39m
     [90m 184 |[39m         [32m'PG17_PROCESS'[39m[33m,[39m
     [90m 185 |[39m         [33mJSON[39m[33m.[39mstringify({
     [90m 186 |[39m           name[33m,[39m[0m

      at settleWorker (test/utils/g2-s11-pg-harness.ts:183:15)
      at ChildProcess.<anonymous> (test/utils/g2-s11-pg-harness.ts:202:7)

  console.warn
    PG17_PROCESS {"name":"g2g_95","options":{"action":"complete","coach":"s11b-coach-a","intent":"e8ad7e91-fd81-4d5d-94e1-ae985842feaa","body":{"terminal_status":"success"},"host":"P2","role":"ext"},"failure":{"status":409,"message":"No server-owned run has been started for this intent.","response":{"code":"run_not_started","message":"No server-owned run has been started for this intent."}},"queries":8,"pid":6392}

    [0m [90m 181 |[39m       }
     [90m 182 |[39m       [90m// Query shapes, outcomes, fixture identifiers and process IDs only; never parameters.[39m
    [31m[1m>[22m[39m[90m 183 |[39m       console[33m.[39mwarn(
     [90m     |[39m               [31m[1m^[22m[39m
     [90m 184 |[39m         [32m'PG17_PROCESS'[39m[33m,[39m
     [90m 185 |[39m         [33mJSON[39m[33m.[39mstringify({
     [90m 186 |[39m           name[33m,[39m[0m

      at settleWorker (test/utils/g2-s11-pg-harness.ts:183:15)
      at ChildProcess.<anonymous> (test/utils/g2-s11-pg-harness.ts:202:7)

  console.warn
    PG17_PROCESS {"name":"g2g_96","options":{"action":"pair-init","coach":"s11b-coach-a","body":{},"host":"P1","role":"phone"},"result":{"pairing_code":"299222","expires_at":"2026-09-29T15:48:02.229Z","import_intent_id":"68b6d85e-ecb3-4c0b-894b-fd2615e7a3db"},"queries":11,"pid":6422}

    [0m [90m 181 |[39m       }
     [90m 182 |[39m       [90m// Query shapes, outcomes, fixture identifiers and process IDs only; never parameters.[39m
    [31m[1m>[22m[39m[90m 183 |[39m       console[33m.[39mwarn(
     [90m     |[39m               [31m[1m^[22m[39m
     [90m 184 |[39m         [32m'PG17_PROCESS'[39m[33m,[39m
     [90m 185 |[39m         [33mJSON[39m[33m.[39mstringify({
     [90m 186 |[39m           name[33m,[39m[0m

      at settleWorker (test/utils/g2-s11-pg-harness.ts:183:15)
      at ChildProcess.<anonymous> (test/utils/g2-s11-pg-harness.ts:202:7)

  console.warn
    PG17_PROCESS {"name":"g2g_97","options":{"action":"pair-redeem","coach":"unauthenticated","body":{"code":"299222"},"host":"P2","role":"ext"},"result":{"access_token":"synthetic-access-1","refresh_token":"synthetic-refresh-1","chosen_platform":"s11-label","import_intent_id":"68b6d85e-ecb3-4c0b-894b-fd2615e7a3db"},"queries":10,"pid":6444}

    [0m [90m 181 |[39m       }
     [90m 182 |[39m       [90m// Query shapes, outcomes, fixture identifiers and process IDs only; never parameters.[39m
    [31m[1m>[22m[39m[90m 183 |[39m       console[33m.[39mwarn(
     [90m     |[39m               [31m[1m^[22m[39m
     [90m 184 |[39m         [32m'PG17_PROCESS'[39m[33m,[39m
     [90m 185 |[39m         [33mJSON[39m[33m.[39mstringify({
     [90m 186 |[39m           name[33m,[39m[0m

      at settleWorker (test/utils/g2-s11-pg-harness.ts:183:15)
      at ChildProcess.<anonymous> (test/utils/g2-s11-pg-harness.ts:202:7)

  console.warn
    PG17_PROCESS {"name":"g2g_98","options":{"action":"start","coach":"s11b-coach-a","intent":"68b6d85e-ecb3-4c0b-894b-fd2615e7a3db","host":"P2","role":"phone"},"result":{"intent_id":"68b6d85e-ecb3-4c0b-894b-fd2615e7a3db","mode":"server","phase":"discovering","execution_epoch":1,"accepted_start_at":"2026-09-29T15:46:06.485Z","deadline_at":"2026-09-29T15:51:06.485Z"},"queries":3,"pid":6463}

    [0m [90m 181 |[39m       }
     [90m 182 |[39m       [90m// Query shapes, outcomes, fixture identifiers and process IDs only; never parameters.[39m
    [31m[1m>[22m[39m[90m 183 |[39m       console[33m.[39mwarn(
     [90m     |[39m               [31m[1m^[22m[39m
     [90m 184 |[39m         [32m'PG17_PROCESS'[39m[33m,[39m
     [90m 185 |[39m         [33mJSON[39m[33m.[39mstringify({
     [90m 186 |[39m           name[33m,[39m[0m

      at settleWorker (test/utils/g2-s11-pg-harness.ts:183:15)
      at ChildProcess.<anonymous> (test/utils/g2-s11-pg-harness.ts:202:7)

  console.warn
    PG17_PROCESS {"name":"g2g_99","options":{"action":"ingest","coach":"s11b-coach-a","intent":"68b6d85e-ecb3-4c0b-894b-fd2615e7a3db","body":{"entity_type":"people","entities":[{"sourceId":"p-1","payload":{"name":"Synthetic p-1"}},{"sourceId":"p-2","payload":{"name":"Synthetic p-2"}}]},"host":"P1","role":"ext"},"result":{"received":2,"deduped":0},"queries":8,"pid":6488}

    [0m [90m 181 |[39m       }
     [90m 182 |[39m       [90m// Query shapes, outcomes, fixture identifiers and process IDs only; never parameters.[39m
    [31m[1m>[22m[39m[90m 183 |[39m       console[33m.[39mwarn(
     [90m     |[39m               [31m[1m^[22m[39m
     [90m 184 |[39m         [32m'PG17_PROCESS'[39m[33m,[39m
     [90m 185 |[39m         [33mJSON[39m[33m.[39mstringify({
     [90m 186 |[39m           name[33m,[39m[0m

      at settleWorker (test/utils/g2-s11-pg-harness.ts:183:15)
      at ChildProcess.<anonymous> (test/utils/g2-s11-pg-harness.ts:202:7)

  console.warn
    PG17_PROCESS {"name":"g2g_100","options":{"action":"ingest","coach":"s11b-coach-a","intent":"68b6d85e-ecb3-4c0b-894b-fd2615e7a3db","body":{"entity_type":"blocks","entities":[{"sourceId":"blk-1","payload":{"title":"Base Block","weeks":4,"days":3,"notes":"synthetic"}}]},"host":"P2","role":"ext"},"result":{"received":1,"deduped":0},"queries":8,"pid":6508}

    [0m [90m 181 |[39m       }
     [90m 182 |[39m       [90m// Query shapes, outcomes, fixture identifiers and process IDs only; never parameters.[39m
    [31m[1m>[22m[39m[90m 183 |[39m       console[33m.[39mwarn(
     [90m     |[39m               [31m[1m^[22m[39m
     [90m 184 |[39m         [32m'PG17_PROCESS'[39m[33m,[39m
     [90m 185 |[39m         [33mJSON[39m[33m.[39mstringify({
     [90m 186 |[39m           name[33m,[39m[0m

      at settleWorker (test/utils/g2-s11-pg-harness.ts:183:15)
      at ChildProcess.<anonymous> (test/utils/g2-s11-pg-harness.ts:202:7)

  console.warn
    PG17_PROCESS {"name":"g2g_101","options":{"action":"ingest","coach":"s11b-coach-a","intent":"68b6d85e-ecb3-4c0b-894b-fd2615e7a3db","body":{"entity_type":"routines","entities":[{"sourceId":"rt-1","payload":{"title":"Push Day","kind":"lift","minutes":45,"exercises":[{"id":"e1","exercise":"22222222-2222-4222-8222-222222222222","sets":3,"reps":8,"kg":100}]}}]},"host":"P1","role":"ext"},"result":{"received":1,"deduped":0},"queries":8,"pid":6544}

    [0m [90m 181 |[39m       }
     [90m 182 |[39m       [90m// Query shapes, outcomes, fixture identifiers and process IDs only; never parameters.[39m
    [31m[1m>[22m[39m[90m 183 |[39m       console[33m.[39mwarn(
     [90m     |[39m               [31m[1m^[22m[39m
     [90m 184 |[39m         [32m'PG17_PROCESS'[39m[33m,[39m
     [90m 185 |[39m         [33mJSON[39m[33m.[39mstringify({
     [90m 186 |[39m           name[33m,[39m[0m

      at settleWorker (test/utils/g2-s11-pg-harness.ts:183:15)
      at ChildProcess.<anonymous> (test/utils/g2-s11-pg-harness.ts:202:7)

  console.warn
    PG17_PROCESS {"name":"g2g_102","options":{"action":"ingest","coach":"s11b-coach-a","intent":"68b6d85e-ecb3-4c0b-894b-fd2615e7a3db","body":{"entity_type":"log","entities":[{"sourceId":"h-1","payload":{"title":"note"}}]},"host":"P2","role":"ext"},"result":{"received":1,"deduped":0},"queries":8,"pid":6565}

    [0m [90m 181 |[39m       }
     [90m 182 |[39m       [90m// Query shapes, outcomes, fixture identifiers and process IDs only; never parameters.[39m
    [31m[1m>[22m[39m[90m 183 |[39m       console[33m.[39mwarn(
     [90m     |[39m               [31m[1m^[22m[39m
     [90m 184 |[39m         [32m'PG17_PROCESS'[39m[33m,[39m
     [90m 185 |[39m         [33mJSON[39m[33m.[39mstringify({
     [90m 186 |[39m           name[33m,[39m[0m

      at settleWorker (test/utils/g2-s11-pg-harness.ts:183:15)
      at ChildProcess.<anonymous> (test/utils/g2-s11-pg-harness.ts:202:7)

  console.warn
    PG17_PROCESS {"name":"g2g_104","options":{"action":"complete","coach":"s11b-coach-b","intent":"68b6d85e-ecb3-4c0b-894b-fd2615e7a3db","body":{"terminal_status":"success"},"host":"P2","role":"ext"},"result":{"acknowledged":true,"intent_id":"68b6d85e-ecb3-4c0b-894b-fd2615e7a3db"},"queries":6,"pid":6632}

    [0m [90m 181 |[39m       }
     [90m 182 |[39m       [90m// Query shapes, outcomes, fixture identifiers and process IDs only; never parameters.[39m
    [31m[1m>[22m[39m[90m 183 |[39m       console[33m.[39mwarn(
     [90m     |[39m               [31m[1m^[22m[39m
     [90m 184 |[39m         [32m'PG17_PROCESS'[39m[33m,[39m
     [90m 185 |[39m         [33mJSON[39m[33m.[39mstringify({
     [90m 186 |[39m           name[33m,[39m[0m

      at settleWorker (test/utils/g2-s11-pg-harness.ts:183:15)
      at ChildProcess.<anonymous> (test/utils/g2-s11-pg-harness.ts:202:7)

  console.warn
    PG17_PROCESS {"name":"g2g_105","options":{"action":"complete","coach":"s11b-coach-a","intent":"68b6d85e-ecb3-4c0b-894b-fd2615e7a3db","body":{"terminal_status":"success"},"host":"P1","role":"ext"},"result":{"acknowledged":true,"intent_id":"68b6d85e-ecb3-4c0b-894b-fd2615e7a3db"},"queries":98,"pid":6674}

    [0m [90m 181 |[39m       }
     [90m 182 |[39m       [90m// Query shapes, outcomes, fixture identifiers and process IDs only; never parameters.[39m
    [31m[1m>[22m[39m[90m 183 |[39m       console[33m.[39mwarn(
     [90m     |[39m               [31m[1m^[22m[39m
     [90m 184 |[39m         [32m'PG17_PROCESS'[39m[33m,[39m
     [90m 185 |[39m         [33mJSON[39m[33m.[39mstringify({
     [90m 186 |[39m           name[33m,[39m[0m

      at settleWorker (test/utils/g2-s11-pg-harness.ts:183:15)
      at ChildProcess.<anonymous> (test/utils/g2-s11-pg-harness.ts:202:7)

PASS test/scout/s11/settle-redrive.pg.spec.ts (237.084 s)
  S11-B settle re-drive — two hosts over one disposable PG (J12-J15)
    ✓ J12 (G1): P1 is killed after the claim and the first reconstruction row committed — the replayed claim on P2 re-drives the settle and the verdict equals the uninterrupted reference; a third claim is a no-op (46836 ms)
    ✓ J12 edge: P1 is killed right after the claim commits (no reconstruction row yet) — the replay on P2 produces the identical reference verdict (36736 ms)
    ✓ J13: two replayed claims race on P1 and P2 — BOTH provably enter the re-drive branch (refused claim, eligibility gate, pass) and stand at the tail lock before either takes it; one terminal write, one basis row, one settled event; the loser's CAS miss is silent (37814 ms)
    ✓ J14: the re-drive preserves the claim — an interrupted `partial` claim replayed as `success` keeps the stored claim and produces the uninterrupted `partial` verdict (38876 ms)
    ✓ J15 (a): a replay after a clean settle is today's ack no-op — the gate closes before any claim INSERT; no pending read, no terminal, no basis, no push, no event; row and verdict unchanged (19579 ms)
    ✓ J15 (b): a fence after the loss closes the gate — the replay acks without a re-drive; the fence's terminal, epoch and the partial ledger stay exactly as the fence left them (21492 ms)
    ✓ J15 (c): before any claim a paired-but-never-started intent is still 409 run_not_started on either host, with no completion row (4345 ms)
    ✓ tenant scope: coach B's claim under A's stuck intent string never reaches A's gate, pending read or settle (J07 rule: it is B's legacy path); A's run, ledger and claim are byte-equal, and A's own replay then settles (21880 ms)

Test Suites: 1 passed, 1 total
Tests:       8 passed, 8 total
Snapshots:   0 total
Time:        237.327 s
Ran all test suites within paths "test/scout/s11/settle-redrive.pg.spec.ts".
