  console.warn
    PG17_PROCESS {"name":"g2g_1","options":{"action":"pair-init","coach":"s11b-coach-a","body":{},"host":"P1","role":"phone"},"result":{"pairing_code":"748643","expires_at":"2026-09-27T21:25:32.521Z","import_intent_id":"5423bcd7-0a03-4315-bb9e-f606c06b8273"},"queries":11,"pid":4013}

    [0m [90m 181 |[39m       }
     [90m 182 |[39m       [90m// Query shapes, outcomes, fixture identifiers and process IDs only; never parameters.[39m
    [31m[1m>[22m[39m[90m 183 |[39m       console[33m.[39mwarn(
     [90m     |[39m               [31m[1m^[22m[39m
     [90m 184 |[39m         [32m'PG17_PROCESS'[39m[33m,[39m
     [90m 185 |[39m         [33mJSON[39m[33m.[39mstringify({
     [90m 186 |[39m           name[33m,[39m[0m

      at settleWorker (test/utils/g2-s11-pg-harness.ts:183:15)
      at ChildProcess.<anonymous> (test/utils/g2-s11-pg-harness.ts:202:7)

  console.warn
    PG17_PROCESS {"name":"g2g_2","options":{"action":"pair-redeem","coach":"unauthenticated","body":{"code":"748643"},"host":"P2","role":"ext"},"result":{"access_token":"synthetic-access-1","refresh_token":"synthetic-refresh-1","chosen_platform":"s11-label","import_intent_id":"5423bcd7-0a03-4315-bb9e-f606c06b8273"},"queries":10,"pid":4033}

    [0m [90m 181 |[39m       }
     [90m 182 |[39m       [90m// Query shapes, outcomes, fixture identifiers and process IDs only; never parameters.[39m
    [31m[1m>[22m[39m[90m 183 |[39m       console[33m.[39mwarn(
     [90m     |[39m               [31m[1m^[22m[39m
     [90m 184 |[39m         [32m'PG17_PROCESS'[39m[33m,[39m
     [90m 185 |[39m         [33mJSON[39m[33m.[39mstringify({
     [90m 186 |[39m           name[33m,[39m[0m

      at settleWorker (test/utils/g2-s11-pg-harness.ts:183:15)
      at ChildProcess.<anonymous> (test/utils/g2-s11-pg-harness.ts:202:7)

  console.warn
    PG17_PROCESS {"name":"g2g_3","options":{"action":"start","coach":"s11b-coach-a","intent":"5423bcd7-0a03-4315-bb9e-f606c06b8273","host":"P2","role":"phone"},"result":{"intent_id":"5423bcd7-0a03-4315-bb9e-f606c06b8273","mode":"server","phase":"discovering","execution_epoch":1,"accepted_start_at":"2026-09-27T21:23:36.970Z","deadline_at":"2026-09-27T21:28:36.970Z"},"queries":3,"pid":4053}

    [0m [90m 181 |[39m       }
     [90m 182 |[39m       [90m// Query shapes, outcomes, fixture identifiers and process IDs only; never parameters.[39m
    [31m[1m>[22m[39m[90m 183 |[39m       console[33m.[39mwarn(
     [90m     |[39m               [31m[1m^[22m[39m
     [90m 184 |[39m         [32m'PG17_PROCESS'[39m[33m,[39m
     [90m 185 |[39m         [33mJSON[39m[33m.[39mstringify({
     [90m 186 |[39m           name[33m,[39m[0m

      at settleWorker (test/utils/g2-s11-pg-harness.ts:183:15)
      at ChildProcess.<anonymous> (test/utils/g2-s11-pg-harness.ts:202:7)

  console.warn
    PG17_PROCESS {"name":"g2g_4","options":{"action":"ingest","coach":"s11b-coach-a","intent":"5423bcd7-0a03-4315-bb9e-f606c06b8273","body":{"entity_type":"people","entities":[{"sourceId":"p-1","payload":{"name":"Synthetic p-1"}},{"sourceId":"p-2","payload":{"name":"Synthetic p-2"}}]},"host":"P1","role":"ext"},"result":{"received":2,"deduped":0},"queries":8,"pid":4072}

    [0m [90m 181 |[39m       }
     [90m 182 |[39m       [90m// Query shapes, outcomes, fixture identifiers and process IDs only; never parameters.[39m
    [31m[1m>[22m[39m[90m 183 |[39m       console[33m.[39mwarn(
     [90m     |[39m               [31m[1m^[22m[39m
     [90m 184 |[39m         [32m'PG17_PROCESS'[39m[33m,[39m
     [90m 185 |[39m         [33mJSON[39m[33m.[39mstringify({
     [90m 186 |[39m           name[33m,[39m[0m

      at settleWorker (test/utils/g2-s11-pg-harness.ts:183:15)
      at ChildProcess.<anonymous> (test/utils/g2-s11-pg-harness.ts:202:7)

  console.warn
    PG17_PROCESS {"name":"g2g_5","options":{"action":"ingest","coach":"s11b-coach-a","intent":"5423bcd7-0a03-4315-bb9e-f606c06b8273","body":{"entity_type":"blocks","entities":[{"sourceId":"blk-1","payload":{"title":"Base Block","weeks":4,"days":3,"notes":"synthetic"}}]},"host":"P2","role":"ext"},"result":{"received":1,"deduped":0},"queries":8,"pid":4092}

    [0m [90m 181 |[39m       }
     [90m 182 |[39m       [90m// Query shapes, outcomes, fixture identifiers and process IDs only; never parameters.[39m
    [31m[1m>[22m[39m[90m 183 |[39m       console[33m.[39mwarn(
     [90m     |[39m               [31m[1m^[22m[39m
     [90m 184 |[39m         [32m'PG17_PROCESS'[39m[33m,[39m
     [90m 185 |[39m         [33mJSON[39m[33m.[39mstringify({
     [90m 186 |[39m           name[33m,[39m[0m

      at settleWorker (test/utils/g2-s11-pg-harness.ts:183:15)
      at ChildProcess.<anonymous> (test/utils/g2-s11-pg-harness.ts:202:7)

  console.warn
    PG17_PROCESS {"name":"g2g_6","options":{"action":"ingest","coach":"s11b-coach-a","intent":"5423bcd7-0a03-4315-bb9e-f606c06b8273","body":{"entity_type":"routines","entities":[{"sourceId":"rt-1","payload":{"title":"Push Day","kind":"lift","minutes":45,"exercises":[{"id":"e1","exercise":"22222222-2222-4222-8222-222222222222","sets":3,"reps":8,"kg":100}]}}]},"host":"P1","role":"ext"},"result":{"received":1,"deduped":0},"queries":8,"pid":4112}

    [0m [90m 181 |[39m       }
     [90m 182 |[39m       [90m// Query shapes, outcomes, fixture identifiers and process IDs only; never parameters.[39m
    [31m[1m>[22m[39m[90m 183 |[39m       console[33m.[39mwarn(
     [90m     |[39m               [31m[1m^[22m[39m
     [90m 184 |[39m         [32m'PG17_PROCESS'[39m[33m,[39m
     [90m 185 |[39m         [33mJSON[39m[33m.[39mstringify({
     [90m 186 |[39m           name[33m,[39m[0m

      at settleWorker (test/utils/g2-s11-pg-harness.ts:183:15)
      at ChildProcess.<anonymous> (test/utils/g2-s11-pg-harness.ts:202:7)

  console.warn
    PG17_PROCESS {"name":"g2g_7","options":{"action":"ingest","coach":"s11b-coach-a","intent":"5423bcd7-0a03-4315-bb9e-f606c06b8273","body":{"entity_type":"log","entities":[{"sourceId":"h-1","payload":{"title":"note"}}]},"host":"P2","role":"ext"},"result":{"received":1,"deduped":0},"queries":8,"pid":4132}

    [0m [90m 181 |[39m       }
     [90m 182 |[39m       [90m// Query shapes, outcomes, fixture identifiers and process IDs only; never parameters.[39m
    [31m[1m>[22m[39m[90m 183 |[39m       console[33m.[39mwarn(
     [90m     |[39m               [31m[1m^[22m[39m
     [90m 184 |[39m         [32m'PG17_PROCESS'[39m[33m,[39m
     [90m 185 |[39m         [33mJSON[39m[33m.[39mstringify({
     [90m 186 |[39m           name[33m,[39m[0m

      at settleWorker (test/utils/g2-s11-pg-harness.ts:183:15)
      at ChildProcess.<anonymous> (test/utils/g2-s11-pg-harness.ts:202:7)

  console.warn
    PG17_PROCESS {"name":"g2g_8","options":{"action":"complete","coach":"s11b-coach-a","intent":"5423bcd7-0a03-4315-bb9e-f606c06b8273","body":{"terminal_status":"success"},"host":"P1","role":"ext"},"result":{"acknowledged":true,"intent_id":"5423bcd7-0a03-4315-bb9e-f606c06b8273"},"queries":93,"pid":4155}

    [0m [90m 181 |[39m       }
     [90m 182 |[39m       [90m// Query shapes, outcomes, fixture identifiers and process IDs only; never parameters.[39m
    [31m[1m>[22m[39m[90m 183 |[39m       console[33m.[39mwarn(
     [90m     |[39m               [31m[1m^[22m[39m
     [90m 184 |[39m         [32m'PG17_PROCESS'[39m[33m,[39m
     [90m 185 |[39m         [33mJSON[39m[33m.[39mstringify({
     [90m 186 |[39m           name[33m,[39m[0m

      at settleWorker (test/utils/g2-s11-pg-harness.ts:183:15)
      at ChildProcess.<anonymous> (test/utils/g2-s11-pg-harness.ts:202:7)

  console.warn
    PG17_PROCESS {"name":"g2g_9","options":{"action":"pair-init","coach":"s11b-coach-a","body":{},"host":"P1","role":"phone"},"result":{"pairing_code":"024994","expires_at":"2026-09-27T21:25:50.639Z","import_intent_id":"44611963-77cf-485b-8cbe-e6e28e9bae1a"},"queries":11,"pid":4202}

    [0m [90m 181 |[39m       }
     [90m 182 |[39m       [90m// Query shapes, outcomes, fixture identifiers and process IDs only; never parameters.[39m
    [31m[1m>[22m[39m[90m 183 |[39m       console[33m.[39mwarn(
     [90m     |[39m               [31m[1m^[22m[39m
     [90m 184 |[39m         [32m'PG17_PROCESS'[39m[33m,[39m
     [90m 185 |[39m         [33mJSON[39m[33m.[39mstringify({
     [90m 186 |[39m           name[33m,[39m[0m

      at settleWorker (test/utils/g2-s11-pg-harness.ts:183:15)
      at ChildProcess.<anonymous> (test/utils/g2-s11-pg-harness.ts:202:7)

  console.warn
    PG17_PROCESS {"name":"g2g_10","options":{"action":"pair-redeem","coach":"unauthenticated","body":{"code":"024994"},"host":"P2","role":"ext"},"result":{"access_token":"synthetic-access-1","refresh_token":"synthetic-refresh-1","chosen_platform":"s11-label","import_intent_id":"44611963-77cf-485b-8cbe-e6e28e9bae1a"},"queries":10,"pid":4222}

    [0m [90m 181 |[39m       }
     [90m 182 |[39m       [90m// Query shapes, outcomes, fixture identifiers and process IDs only; never parameters.[39m
    [31m[1m>[22m[39m[90m 183 |[39m       console[33m.[39mwarn(
     [90m     |[39m               [31m[1m^[22m[39m
     [90m 184 |[39m         [32m'PG17_PROCESS'[39m[33m,[39m
     [90m 185 |[39m         [33mJSON[39m[33m.[39mstringify({
     [90m 186 |[39m           name[33m,[39m[0m

      at settleWorker (test/utils/g2-s11-pg-harness.ts:183:15)
      at ChildProcess.<anonymous> (test/utils/g2-s11-pg-harness.ts:202:7)

  console.warn
    PG17_PROCESS {"name":"g2g_11","options":{"action":"start","coach":"s11b-coach-a","intent":"44611963-77cf-485b-8cbe-e6e28e9bae1a","host":"P2","role":"phone"},"result":{"intent_id":"44611963-77cf-485b-8cbe-e6e28e9bae1a","mode":"server","phase":"discovering","execution_epoch":1,"accepted_start_at":"2026-09-27T21:23:55.430Z","deadline_at":"2026-09-27T21:28:55.430Z"},"queries":3,"pid":4241}

    [0m [90m 181 |[39m       }
     [90m 182 |[39m       [90m// Query shapes, outcomes, fixture identifiers and process IDs only; never parameters.[39m
    [31m[1m>[22m[39m[90m 183 |[39m       console[33m.[39mwarn(
     [90m     |[39m               [31m[1m^[22m[39m
     [90m 184 |[39m         [32m'PG17_PROCESS'[39m[33m,[39m
     [90m 185 |[39m         [33mJSON[39m[33m.[39mstringify({
     [90m 186 |[39m           name[33m,[39m[0m

      at settleWorker (test/utils/g2-s11-pg-harness.ts:183:15)
      at ChildProcess.<anonymous> (test/utils/g2-s11-pg-harness.ts:202:7)

  console.warn
    PG17_PROCESS {"name":"g2g_12","options":{"action":"ingest","coach":"s11b-coach-a","intent":"44611963-77cf-485b-8cbe-e6e28e9bae1a","body":{"entity_type":"people","entities":[{"sourceId":"p-1","payload":{"name":"Synthetic p-1"}},{"sourceId":"p-2","payload":{"name":"Synthetic p-2"}}]},"host":"P1","role":"ext"},"result":{"received":2,"deduped":0},"queries":8,"pid":4261}

    [0m [90m 181 |[39m       }
     [90m 182 |[39m       [90m// Query shapes, outcomes, fixture identifiers and process IDs only; never parameters.[39m
    [31m[1m>[22m[39m[90m 183 |[39m       console[33m.[39mwarn(
     [90m     |[39m               [31m[1m^[22m[39m
     [90m 184 |[39m         [32m'PG17_PROCESS'[39m[33m,[39m
     [90m 185 |[39m         [33mJSON[39m[33m.[39mstringify({
     [90m 186 |[39m           name[33m,[39m[0m

      at settleWorker (test/utils/g2-s11-pg-harness.ts:183:15)
      at ChildProcess.<anonymous> (test/utils/g2-s11-pg-harness.ts:202:7)

  console.warn
    PG17_PROCESS {"name":"g2g_13","options":{"action":"ingest","coach":"s11b-coach-a","intent":"44611963-77cf-485b-8cbe-e6e28e9bae1a","body":{"entity_type":"blocks","entities":[{"sourceId":"blk-1","payload":{"title":"Base Block","weeks":4,"days":3,"notes":"synthetic"}}]},"host":"P2","role":"ext"},"result":{"received":1,"deduped":0},"queries":8,"pid":4282}

    [0m [90m 181 |[39m       }
     [90m 182 |[39m       [90m// Query shapes, outcomes, fixture identifiers and process IDs only; never parameters.[39m
    [31m[1m>[22m[39m[90m 183 |[39m       console[33m.[39mwarn(
     [90m     |[39m               [31m[1m^[22m[39m
     [90m 184 |[39m         [32m'PG17_PROCESS'[39m[33m,[39m
     [90m 185 |[39m         [33mJSON[39m[33m.[39mstringify({
     [90m 186 |[39m           name[33m,[39m[0m

      at settleWorker (test/utils/g2-s11-pg-harness.ts:183:15)
      at ChildProcess.<anonymous> (test/utils/g2-s11-pg-harness.ts:202:7)

  console.warn
    PG17_PROCESS {"name":"g2g_14","options":{"action":"ingest","coach":"s11b-coach-a","intent":"44611963-77cf-485b-8cbe-e6e28e9bae1a","body":{"entity_type":"routines","entities":[{"sourceId":"rt-1","payload":{"title":"Push Day","kind":"lift","minutes":45,"exercises":[{"id":"e1","exercise":"22222222-2222-4222-8222-222222222222","sets":3,"reps":8,"kg":100}]}}]},"host":"P1","role":"ext"},"result":{"received":1,"deduped":0},"queries":8,"pid":4302}

    [0m [90m 181 |[39m       }
     [90m 182 |[39m       [90m// Query shapes, outcomes, fixture identifiers and process IDs only; never parameters.[39m
    [31m[1m>[22m[39m[90m 183 |[39m       console[33m.[39mwarn(
     [90m     |[39m               [31m[1m^[22m[39m
     [90m 184 |[39m         [32m'PG17_PROCESS'[39m[33m,[39m
     [90m 185 |[39m         [33mJSON[39m[33m.[39mstringify({
     [90m 186 |[39m           name[33m,[39m[0m

      at settleWorker (test/utils/g2-s11-pg-harness.ts:183:15)
      at ChildProcess.<anonymous> (test/utils/g2-s11-pg-harness.ts:202:7)

  console.warn
    PG17_PROCESS {"name":"g2g_15","options":{"action":"ingest","coach":"s11b-coach-a","intent":"44611963-77cf-485b-8cbe-e6e28e9bae1a","body":{"entity_type":"log","entities":[{"sourceId":"h-1","payload":{"title":"note"}}]},"host":"P2","role":"ext"},"result":{"received":1,"deduped":0},"queries":8,"pid":4323}

    [0m [90m 181 |[39m       }
     [90m 182 |[39m       [90m// Query shapes, outcomes, fixture identifiers and process IDs only; never parameters.[39m
    [31m[1m>[22m[39m[90m 183 |[39m       console[33m.[39mwarn(
     [90m     |[39m               [31m[1m^[22m[39m
     [90m 184 |[39m         [32m'PG17_PROCESS'[39m[33m,[39m
     [90m 185 |[39m         [33mJSON[39m[33m.[39mstringify({
     [90m 186 |[39m           name[33m,[39m[0m

      at settleWorker (test/utils/g2-s11-pg-harness.ts:183:15)
      at ChildProcess.<anonymous> (test/utils/g2-s11-pg-harness.ts:202:7)

  console.warn
    PG17_PROCESS {"name":"g2g_17","options":{"action":"status","coach":"s11b-coach-a","intent":"44611963-77cf-485b-8cbe-e6e28e9bae1a","host":"P2","role":"phone"},"result":{"intent_id":"44611963-77cf-485b-8cbe-e6e28e9bae1a","status":"running","entity_counts":[{"entity_type":"blocks","committed":1},{"entity_type":"log","committed":1},{"entity_type":"people","committed":2},{"entity_type":"routines","committed":1}],"started_at":"2026-09-27T21:23:58.499Z","completed_at":null,"mode":"server","phase":"reconciling","accepted_start_at":"2026-09-27T21:23:55.430Z","deadline_at":"2026-09-27T21:28:55.430Z","last_observed_at":"2026-09-27T21:24:07.405Z","execution_epoch":1,"reason_code":null,"claimed_status":"success","families":[{"family":"blocks","observed_unique":null,"staged_unique":1,"created_native":null,"already_present_verified":null,"rejected":null,"unresolved":null,"ledger":{"reconstructed":0,"skipped":0,"failed":0}},{"family":"log","observed_unique":null,"staged_unique":1,"created_native":null,"already_present_verified":null,"rejected":null,"unresolved":null,"ledger":{"reconstructed":0,"skipped":0,"failed":0}},{"family":"people","observed_unique":null,"staged_unique":2,"created_native":null,"already_present_verified":null,"rejected":null,"unresolved":null,"ledger":{"reconstructed":0,"skipped":1,"failed":0}},{"family":"routines","observed_unique":null,"staged_unique":1,"created_native":null,"already_present_verified":null,"rejected":null,"unresolved":null,"ledger":{"reconstructed":0,"skipped":0,"failed":0}}]},"queries":8,"pid":4373}

    [0m [90m 181 |[39m       }
     [90m 182 |[39m       [90m// Query shapes, outcomes, fixture identifiers and process IDs only; never parameters.[39m
    [31m[1m>[22m[39m[90m 183 |[39m       console[33m.[39mwarn(
     [90m     |[39m               [31m[1m^[22m[39m
     [90m 184 |[39m         [32m'PG17_PROCESS'[39m[33m,[39m
     [90m 185 |[39m         [33mJSON[39m[33m.[39mstringify({
     [90m 186 |[39m           name[33m,[39m[0m

      at settleWorker (test/utils/g2-s11-pg-harness.ts:183:15)
      at ChildProcess.<anonymous> (test/utils/g2-s11-pg-harness.ts:202:7)

  console.warn
    PG17_PROCESS {"name":"g2g_18","options":{"action":"complete","coach":"s11b-coach-a","intent":"44611963-77cf-485b-8cbe-e6e28e9bae1a","body":{"terminal_status":"success"},"host":"P2","role":"ext"},"result":{"acknowledged":true,"intent_id":"44611963-77cf-485b-8cbe-e6e28e9bae1a"},"queries":98,"pid":4395}

    [0m [90m 181 |[39m       }
     [90m 182 |[39m       [90m// Query shapes, outcomes, fixture identifiers and process IDs only; never parameters.[39m
    [31m[1m>[22m[39m[90m 183 |[39m       console[33m.[39mwarn(
     [90m     |[39m               [31m[1m^[22m[39m
     [90m 184 |[39m         [32m'PG17_PROCESS'[39m[33m,[39m
     [90m 185 |[39m         [33mJSON[39m[33m.[39mstringify({
     [90m 186 |[39m           name[33m,[39m[0m

      at settleWorker (test/utils/g2-s11-pg-harness.ts:183:15)
      at ChildProcess.<anonymous> (test/utils/g2-s11-pg-harness.ts:202:7)

  console.warn
    PG17_PROCESS {"name":"g2g_19","options":{"action":"status","coach":"s11b-coach-a","intent":"44611963-77cf-485b-8cbe-e6e28e9bae1a","host":"P1","role":"phone"},"result":{"intent_id":"44611963-77cf-485b-8cbe-e6e28e9bae1a","status":"partial","entity_counts":[{"entity_type":"blocks","committed":1},{"entity_type":"log","committed":1},{"entity_type":"people","committed":2},{"entity_type":"routines","committed":1}],"started_at":"2026-09-27T21:23:58.499Z","completed_at":"2026-09-27T21:24:12.106Z","mode":"server","phase":"reconciling","accepted_start_at":"2026-09-27T21:23:55.430Z","deadline_at":"2026-09-27T21:28:55.430Z","last_observed_at":"2026-09-27T21:24:12.100Z","execution_epoch":1,"reason_code":"unresolved_identities","claimed_status":"success","families":[{"family":"blocks","observed_unique":null,"staged_unique":1,"created_native":null,"already_present_verified":null,"rejected":0,"unresolved":0,"ledger":{"reconstructed":1,"skipped":0,"failed":0},"canonical_family":"programs","native_present_verified":1,"completeness_basis":"none","relationship_closure":"not_applicable","reasons":[],"qualifiers":[]},{"family":"log","observed_unique":null,"staged_unique":1,"created_native":null,"already_present_verified":null,"rejected":1,"unresolved":0,"ledger":{"reconstructed":0,"skipped":1,"failed":0},"canonical_family":"client_history","native_present_verified":0,"completeness_basis":"none","relationship_closure":"not_applicable","reasons":[{"code":"unsupported_platform:s11-proof","count":1}],"qualifiers":[]},{"family":"people","observed_unique":null,"staged_unique":2,"created_native":null,"already_present_verified":null,"rejected":2,"unresolved":0,"ledger":{"reconstructed":0,"skipped":2,"failed":0},"canonical_family":"clients","native_present_verified":0,"completeness_basis":"none","relationship_closure":"not_applicable","reasons":[{"code":"unsupported_platform:s11-proof","count":2}],"qualifiers":["roster_bridge_pending"]},{"family":"routines","observed_unique":null,"staged_unique":1,"created_native":null,"already_present_verified":null,"rejected":0,"unresolved":0,"ledger":{"reconstructed":1,"skipped":0,"failed":0},"canonical_family":"workouts","native_present_verified":1,"completeness_basis":"none","relationship_closure":"verified","reasons":[],"qualifiers":[]}]},"queries":9,"pid":4439}

    [0m [90m 181 |[39m       }
     [90m 182 |[39m       [90m// Query shapes, outcomes, fixture identifiers and process IDs only; never parameters.[39m
    [31m[1m>[22m[39m[90m 183 |[39m       console[33m.[39mwarn(
     [90m     |[39m               [31m[1m^[22m[39m
     [90m 184 |[39m         [32m'PG17_PROCESS'[39m[33m,[39m
     [90m 185 |[39m         [33mJSON[39m[33m.[39mstringify({
     [90m 186 |[39m           name[33m,[39m[0m

      at settleWorker (test/utils/g2-s11-pg-harness.ts:183:15)
      at ChildProcess.<anonymous> (test/utils/g2-s11-pg-harness.ts:202:7)

  console.warn
    PG17_PROCESS {"name":"g2g_20","options":{"action":"status","coach":"s11b-coach-a","intent":"44611963-77cf-485b-8cbe-e6e28e9bae1a","host":"P2","role":"phone"},"result":{"intent_id":"44611963-77cf-485b-8cbe-e6e28e9bae1a","status":"partial","entity_counts":[{"entity_type":"blocks","committed":1},{"entity_type":"log","committed":1},{"entity_type":"people","committed":2},{"entity_type":"routines","committed":1}],"started_at":"2026-09-27T21:23:58.499Z","completed_at":"2026-09-27T21:24:12.106Z","mode":"server","phase":"reconciling","accepted_start_at":"2026-09-27T21:23:55.430Z","deadline_at":"2026-09-27T21:28:55.430Z","last_observed_at":"2026-09-27T21:24:12.100Z","execution_epoch":1,"reason_code":"unresolved_identities","claimed_status":"success","families":[{"family":"blocks","observed_unique":null,"staged_unique":1,"created_native":null,"already_present_verified":null,"rejected":0,"unresolved":0,"ledger":{"reconstructed":1,"skipped":0,"failed":0},"canonical_family":"programs","native_present_verified":1,"completeness_basis":"none","relationship_closure":"not_applicable","reasons":[],"qualifiers":[]},{"family":"log","observed_unique":null,"staged_unique":1,"created_native":null,"already_present_verified":null,"rejected":1,"unresolved":0,"ledger":{"reconstructed":0,"skipped":1,"failed":0},"canonical_family":"client_history","native_present_verified":0,"completeness_basis":"none","relationship_closure":"not_applicable","reasons":[{"code":"unsupported_platform:s11-proof","count":1}],"qualifiers":[]},{"family":"people","observed_unique":null,"staged_unique":2,"created_native":null,"already_present_verified":null,"rejected":2,"unresolved":0,"ledger":{"reconstructed":0,"skipped":2,"failed":0},"canonical_family":"clients","native_present_verified":0,"completeness_basis":"none","relationship_closure":"not_applicable","reasons":[{"code":"unsupported_platform:s11-proof","count":2}],"qualifiers":["roster_bridge_pending"]},{"family":"routines","observed_unique":null,"staged_unique":1,"created_native":null,"already_present_verified":null,"rejected":0,"unresolved":0,"ledger":{"reconstructed":1,"skipped":0,"failed":0},"canonical_family":"workouts","native_present_verified":1,"completeness_basis":"none","relationship_closure":"verified","reasons":[],"qualifiers":[]}]},"queries":9,"pid":4459}

    [0m [90m 181 |[39m       }
     [90m 182 |[39m       [90m// Query shapes, outcomes, fixture identifiers and process IDs only; never parameters.[39m
    [31m[1m>[22m[39m[90m 183 |[39m       console[33m.[39mwarn(
     [90m     |[39m               [31m[1m^[22m[39m
     [90m 184 |[39m         [32m'PG17_PROCESS'[39m[33m,[39m
     [90m 185 |[39m         [33mJSON[39m[33m.[39mstringify({
     [90m 186 |[39m           name[33m,[39m[0m

      at settleWorker (test/utils/g2-s11-pg-harness.ts:183:15)
      at ChildProcess.<anonymous> (test/utils/g2-s11-pg-harness.ts:202:7)

  console.warn
    PG17_PROCESS {"name":"g2g_21","options":{"action":"complete","coach":"s11b-coach-a","intent":"44611963-77cf-485b-8cbe-e6e28e9bae1a","body":{"terminal_status":"success"},"host":"P1","role":"ext"},"result":{"acknowledged":true,"intent_id":"44611963-77cf-485b-8cbe-e6e28e9bae1a"},"queries":8,"pid":4501}

    [0m [90m 181 |[39m       }
     [90m 182 |[39m       [90m// Query shapes, outcomes, fixture identifiers and process IDs only; never parameters.[39m
    [31m[1m>[22m[39m[90m 183 |[39m       console[33m.[39mwarn(
     [90m     |[39m               [31m[1m^[22m[39m
     [90m 184 |[39m         [32m'PG17_PROCESS'[39m[33m,[39m
     [90m 185 |[39m         [33mJSON[39m[33m.[39mstringify({
     [90m 186 |[39m           name[33m,[39m[0m

      at settleWorker (test/utils/g2-s11-pg-harness.ts:183:15)
      at ChildProcess.<anonymous> (test/utils/g2-s11-pg-harness.ts:202:7)

  console.warn
    PG17_PROCESS {"name":"g2g_22","options":{"action":"pair-init","coach":"s11b-coach-a","body":{},"host":"P1","role":"phone"},"result":{"pairing_code":"526765","expires_at":"2026-09-27T21:26:21.826Z","import_intent_id":"e561fe68-ed1f-47a4-87a5-ff3e79a498f2"},"queries":11,"pid":4553}

    [0m [90m 181 |[39m       }
     [90m 182 |[39m       [90m// Query shapes, outcomes, fixture identifiers and process IDs only; never parameters.[39m
    [31m[1m>[22m[39m[90m 183 |[39m       console[33m.[39mwarn(
     [90m     |[39m               [31m[1m^[22m[39m
     [90m 184 |[39m         [32m'PG17_PROCESS'[39m[33m,[39m
     [90m 185 |[39m         [33mJSON[39m[33m.[39mstringify({
     [90m 186 |[39m           name[33m,[39m[0m

      at settleWorker (test/utils/g2-s11-pg-harness.ts:183:15)
      at ChildProcess.<anonymous> (test/utils/g2-s11-pg-harness.ts:202:7)

  console.warn
    PG17_PROCESS {"name":"g2g_23","options":{"action":"pair-redeem","coach":"unauthenticated","body":{"code":"526765"},"host":"P2","role":"ext"},"result":{"access_token":"synthetic-access-1","refresh_token":"synthetic-refresh-1","chosen_platform":"s11-label","import_intent_id":"e561fe68-ed1f-47a4-87a5-ff3e79a498f2"},"queries":10,"pid":4572}

    [0m [90m 181 |[39m       }
     [90m 182 |[39m       [90m// Query shapes, outcomes, fixture identifiers and process IDs only; never parameters.[39m
    [31m[1m>[22m[39m[90m 183 |[39m       console[33m.[39mwarn(
     [90m     |[39m               [31m[1m^[22m[39m
     [90m 184 |[39m         [32m'PG17_PROCESS'[39m[33m,[39m
     [90m 185 |[39m         [33mJSON[39m[33m.[39mstringify({
     [90m 186 |[39m           name[33m,[39m[0m

      at settleWorker (test/utils/g2-s11-pg-harness.ts:183:15)
      at ChildProcess.<anonymous> (test/utils/g2-s11-pg-harness.ts:202:7)

  console.warn
    PG17_PROCESS {"name":"g2g_24","options":{"action":"start","coach":"s11b-coach-a","intent":"e561fe68-ed1f-47a4-87a5-ff3e79a498f2","host":"P2","role":"phone"},"result":{"intent_id":"e561fe68-ed1f-47a4-87a5-ff3e79a498f2","mode":"server","phase":"discovering","execution_epoch":1,"accepted_start_at":"2026-09-27T21:24:26.248Z","deadline_at":"2026-09-27T21:29:26.248Z"},"queries":3,"pid":4591}

    [0m [90m 181 |[39m       }
     [90m 182 |[39m       [90m// Query shapes, outcomes, fixture identifiers and process IDs only; never parameters.[39m
    [31m[1m>[22m[39m[90m 183 |[39m       console[33m.[39mwarn(
     [90m     |[39m               [31m[1m^[22m[39m
     [90m 184 |[39m         [32m'PG17_PROCESS'[39m[33m,[39m
     [90m 185 |[39m         [33mJSON[39m[33m.[39mstringify({
     [90m 186 |[39m           name[33m,[39m[0m

      at settleWorker (test/utils/g2-s11-pg-harness.ts:183:15)
      at ChildProcess.<anonymous> (test/utils/g2-s11-pg-harness.ts:202:7)

  console.warn
    PG17_PROCESS {"name":"g2g_25","options":{"action":"ingest","coach":"s11b-coach-a","intent":"e561fe68-ed1f-47a4-87a5-ff3e79a498f2","body":{"entity_type":"people","entities":[{"sourceId":"p-1","payload":{"name":"Synthetic p-1"}},{"sourceId":"p-2","payload":{"name":"Synthetic p-2"}}]},"host":"P1","role":"ext"},"result":{"received":2,"deduped":0},"queries":8,"pid":4610}

    [0m [90m 181 |[39m       }
     [90m 182 |[39m       [90m// Query shapes, outcomes, fixture identifiers and process IDs only; never parameters.[39m
    [31m[1m>[22m[39m[90m 183 |[39m       console[33m.[39mwarn(
     [90m     |[39m               [31m[1m^[22m[39m
     [90m 184 |[39m         [32m'PG17_PROCESS'[39m[33m,[39m
     [90m 185 |[39m         [33mJSON[39m[33m.[39mstringify({
     [90m 186 |[39m           name[33m,[39m[0m

      at settleWorker (test/utils/g2-s11-pg-harness.ts:183:15)
      at ChildProcess.<anonymous> (test/utils/g2-s11-pg-harness.ts:202:7)

  console.warn
    PG17_PROCESS {"name":"g2g_26","options":{"action":"ingest","coach":"s11b-coach-a","intent":"e561fe68-ed1f-47a4-87a5-ff3e79a498f2","body":{"entity_type":"blocks","entities":[{"sourceId":"blk-1","payload":{"title":"Base Block","weeks":4,"days":3,"notes":"synthetic"}}]},"host":"P2","role":"ext"},"result":{"received":1,"deduped":0},"queries":8,"pid":4630}

    [0m [90m 181 |[39m       }
     [90m 182 |[39m       [90m// Query shapes, outcomes, fixture identifiers and process IDs only; never parameters.[39m
    [31m[1m>[22m[39m[90m 183 |[39m       console[33m.[39mwarn(
     [90m     |[39m               [31m[1m^[22m[39m
     [90m 184 |[39m         [32m'PG17_PROCESS'[39m[33m,[39m
     [90m 185 |[39m         [33mJSON[39m[33m.[39mstringify({
     [90m 186 |[39m           name[33m,[39m[0m

      at settleWorker (test/utils/g2-s11-pg-harness.ts:183:15)
      at ChildProcess.<anonymous> (test/utils/g2-s11-pg-harness.ts:202:7)

  console.warn
    PG17_PROCESS {"name":"g2g_27","options":{"action":"ingest","coach":"s11b-coach-a","intent":"e561fe68-ed1f-47a4-87a5-ff3e79a498f2","body":{"entity_type":"routines","entities":[{"sourceId":"rt-1","payload":{"title":"Push Day","kind":"lift","minutes":45,"exercises":[{"id":"e1","exercise":"22222222-2222-4222-8222-222222222222","sets":3,"reps":8,"kg":100}]}}]},"host":"P1","role":"ext"},"result":{"received":1,"deduped":0},"queries":8,"pid":4650}

    [0m [90m 181 |[39m       }
     [90m 182 |[39m       [90m// Query shapes, outcomes, fixture identifiers and process IDs only; never parameters.[39m
    [31m[1m>[22m[39m[90m 183 |[39m       console[33m.[39mwarn(
     [90m     |[39m               [31m[1m^[22m[39m
     [90m 184 |[39m         [32m'PG17_PROCESS'[39m[33m,[39m
     [90m 185 |[39m         [33mJSON[39m[33m.[39mstringify({
     [90m 186 |[39m           name[33m,[39m[0m

      at settleWorker (test/utils/g2-s11-pg-harness.ts:183:15)
      at ChildProcess.<anonymous> (test/utils/g2-s11-pg-harness.ts:202:7)

  console.warn
    PG17_PROCESS {"name":"g2g_28","options":{"action":"ingest","coach":"s11b-coach-a","intent":"e561fe68-ed1f-47a4-87a5-ff3e79a498f2","body":{"entity_type":"log","entities":[{"sourceId":"h-1","payload":{"title":"note"}}]},"host":"P2","role":"ext"},"result":{"received":1,"deduped":0},"queries":8,"pid":4670}

    [0m [90m 181 |[39m       }
     [90m 182 |[39m       [90m// Query shapes, outcomes, fixture identifiers and process IDs only; never parameters.[39m
    [31m[1m>[22m[39m[90m 183 |[39m       console[33m.[39mwarn(
     [90m     |[39m               [31m[1m^[22m[39m
     [90m 184 |[39m         [32m'PG17_PROCESS'[39m[33m,[39m
     [90m 185 |[39m         [33mJSON[39m[33m.[39mstringify({
     [90m 186 |[39m           name[33m,[39m[0m

      at settleWorker (test/utils/g2-s11-pg-harness.ts:183:15)
      at ChildProcess.<anonymous> (test/utils/g2-s11-pg-harness.ts:202:7)

  console.warn
    PG17_PROCESS {"name":"g2g_29","options":{"action":"complete","coach":"s11b-coach-a","intent":"e561fe68-ed1f-47a4-87a5-ff3e79a498f2","body":{"terminal_status":"success"},"host":"P1","role":"ext"},"result":{"acknowledged":true,"intent_id":"e561fe68-ed1f-47a4-87a5-ff3e79a498f2"},"queries":93,"pid":4694}

    [0m [90m 181 |[39m       }
     [90m 182 |[39m       [90m// Query shapes, outcomes, fixture identifiers and process IDs only; never parameters.[39m
    [31m[1m>[22m[39m[90m 183 |[39m       console[33m.[39mwarn(
     [90m     |[39m               [31m[1m^[22m[39m
     [90m 184 |[39m         [32m'PG17_PROCESS'[39m[33m,[39m
     [90m 185 |[39m         [33mJSON[39m[33m.[39mstringify({
     [90m 186 |[39m           name[33m,[39m[0m

      at settleWorker (test/utils/g2-s11-pg-harness.ts:183:15)
      at ChildProcess.<anonymous> (test/utils/g2-s11-pg-harness.ts:202:7)

  console.warn
    PG17_PROCESS {"name":"g2g_30","options":{"action":"pair-init","coach":"s11b-coach-a","body":{},"host":"P2","role":"phone"},"result":{"pairing_code":"444810","expires_at":"2026-09-27T21:26:40.018Z","import_intent_id":"c138c213-235f-465b-acfb-4d1786bc8fd9"},"queries":11,"pid":4741}

    [0m [90m 181 |[39m       }
     [90m 182 |[39m       [90m// Query shapes, outcomes, fixture identifiers and process IDs only; never parameters.[39m
    [31m[1m>[22m[39m[90m 183 |[39m       console[33m.[39mwarn(
     [90m     |[39m               [31m[1m^[22m[39m
     [90m 184 |[39m         [32m'PG17_PROCESS'[39m[33m,[39m
     [90m 185 |[39m         [33mJSON[39m[33m.[39mstringify({
     [90m 186 |[39m           name[33m,[39m[0m

      at settleWorker (test/utils/g2-s11-pg-harness.ts:183:15)
      at ChildProcess.<anonymous> (test/utils/g2-s11-pg-harness.ts:202:7)

  console.warn
    PG17_PROCESS {"name":"g2g_31","options":{"action":"pair-redeem","coach":"unauthenticated","body":{"code":"444810"},"host":"P1","role":"ext"},"result":{"access_token":"synthetic-access-1","refresh_token":"synthetic-refresh-1","chosen_platform":"s11-label","import_intent_id":"c138c213-235f-465b-acfb-4d1786bc8fd9"},"queries":10,"pid":4760}

    [0m [90m 181 |[39m       }
     [90m 182 |[39m       [90m// Query shapes, outcomes, fixture identifiers and process IDs only; never parameters.[39m
    [31m[1m>[22m[39m[90m 183 |[39m       console[33m.[39mwarn(
     [90m     |[39m               [31m[1m^[22m[39m
     [90m 184 |[39m         [32m'PG17_PROCESS'[39m[33m,[39m
     [90m 185 |[39m         [33mJSON[39m[33m.[39mstringify({
     [90m 186 |[39m           name[33m,[39m[0m

      at settleWorker (test/utils/g2-s11-pg-harness.ts:183:15)
      at ChildProcess.<anonymous> (test/utils/g2-s11-pg-harness.ts:202:7)

  console.warn
    PG17_PROCESS {"name":"g2g_32","options":{"action":"start","coach":"s11b-coach-a","intent":"c138c213-235f-465b-acfb-4d1786bc8fd9","host":"P1","role":"phone"},"result":{"intent_id":"c138c213-235f-465b-acfb-4d1786bc8fd9","mode":"server","phase":"discovering","execution_epoch":1,"accepted_start_at":"2026-09-27T21:24:44.483Z","deadline_at":"2026-09-27T21:29:44.483Z"},"queries":3,"pid":4779}

    [0m [90m 181 |[39m       }
     [90m 182 |[39m       [90m// Query shapes, outcomes, fixture identifiers and process IDs only; never parameters.[39m
    [31m[1m>[22m[39m[90m 183 |[39m       console[33m.[39mwarn(
     [90m     |[39m               [31m[1m^[22m[39m
     [90m 184 |[39m         [32m'PG17_PROCESS'[39m[33m,[39m
     [90m 185 |[39m         [33mJSON[39m[33m.[39mstringify({
     [90m 186 |[39m           name[33m,[39m[0m

      at settleWorker (test/utils/g2-s11-pg-harness.ts:183:15)
      at ChildProcess.<anonymous> (test/utils/g2-s11-pg-harness.ts:202:7)

  console.warn
    PG17_PROCESS {"name":"g2g_33","options":{"action":"ingest","coach":"s11b-coach-a","intent":"c138c213-235f-465b-acfb-4d1786bc8fd9","body":{"entity_type":"people","entities":[{"sourceId":"p-1","payload":{"name":"Synthetic p-1"}},{"sourceId":"p-2","payload":{"name":"Synthetic p-2"}}]},"host":"P1","role":"ext"},"result":{"received":2,"deduped":0},"queries":8,"pid":4798}

    [0m [90m 181 |[39m       }
     [90m 182 |[39m       [90m// Query shapes, outcomes, fixture identifiers and process IDs only; never parameters.[39m
    [31m[1m>[22m[39m[90m 183 |[39m       console[33m.[39mwarn(
     [90m     |[39m               [31m[1m^[22m[39m
     [90m 184 |[39m         [32m'PG17_PROCESS'[39m[33m,[39m
     [90m 185 |[39m         [33mJSON[39m[33m.[39mstringify({
     [90m 186 |[39m           name[33m,[39m[0m

      at settleWorker (test/utils/g2-s11-pg-harness.ts:183:15)
      at ChildProcess.<anonymous> (test/utils/g2-s11-pg-harness.ts:202:7)

  console.warn
    PG17_PROCESS {"name":"g2g_34","options":{"action":"ingest","coach":"s11b-coach-a","intent":"c138c213-235f-465b-acfb-4d1786bc8fd9","body":{"entity_type":"blocks","entities":[{"sourceId":"blk-1","payload":{"title":"Base Block","weeks":4,"days":3,"notes":"synthetic"}}]},"host":"P2","role":"ext"},"result":{"received":1,"deduped":0},"queries":8,"pid":4818}

    [0m [90m 181 |[39m       }
     [90m 182 |[39m       [90m// Query shapes, outcomes, fixture identifiers and process IDs only; never parameters.[39m
    [31m[1m>[22m[39m[90m 183 |[39m       console[33m.[39mwarn(
     [90m     |[39m               [31m[1m^[22m[39m
     [90m 184 |[39m         [32m'PG17_PROCESS'[39m[33m,[39m
     [90m 185 |[39m         [33mJSON[39m[33m.[39mstringify({
     [90m 186 |[39m           name[33m,[39m[0m

      at settleWorker (test/utils/g2-s11-pg-harness.ts:183:15)
      at ChildProcess.<anonymous> (test/utils/g2-s11-pg-harness.ts:202:7)

  console.warn
    PG17_PROCESS {"name":"g2g_35","options":{"action":"ingest","coach":"s11b-coach-a","intent":"c138c213-235f-465b-acfb-4d1786bc8fd9","body":{"entity_type":"routines","entities":[{"sourceId":"rt-1","payload":{"title":"Push Day","kind":"lift","minutes":45,"exercises":[{"id":"e1","exercise":"22222222-2222-4222-8222-222222222222","sets":3,"reps":8,"kg":100}]}}]},"host":"P1","role":"ext"},"result":{"received":1,"deduped":0},"queries":8,"pid":4840}

    [0m [90m 181 |[39m       }
     [90m 182 |[39m       [90m// Query shapes, outcomes, fixture identifiers and process IDs only; never parameters.[39m
    [31m[1m>[22m[39m[90m 183 |[39m       console[33m.[39mwarn(
     [90m     |[39m               [31m[1m^[22m[39m
     [90m 184 |[39m         [32m'PG17_PROCESS'[39m[33m,[39m
     [90m 185 |[39m         [33mJSON[39m[33m.[39mstringify({
     [90m 186 |[39m           name[33m,[39m[0m

      at settleWorker (test/utils/g2-s11-pg-harness.ts:183:15)
      at ChildProcess.<anonymous> (test/utils/g2-s11-pg-harness.ts:202:7)

  console.warn
    PG17_PROCESS {"name":"g2g_36","options":{"action":"ingest","coach":"s11b-coach-a","intent":"c138c213-235f-465b-acfb-4d1786bc8fd9","body":{"entity_type":"log","entities":[{"sourceId":"h-1","payload":{"title":"note"}}]},"host":"P2","role":"ext"},"result":{"received":1,"deduped":0},"queries":8,"pid":4861}

    [0m [90m 181 |[39m       }
     [90m 182 |[39m       [90m// Query shapes, outcomes, fixture identifiers and process IDs only; never parameters.[39m
    [31m[1m>[22m[39m[90m 183 |[39m       console[33m.[39mwarn(
     [90m     |[39m               [31m[1m^[22m[39m
     [90m 184 |[39m         [32m'PG17_PROCESS'[39m[33m,[39m
     [90m 185 |[39m         [33mJSON[39m[33m.[39mstringify({
     [90m 186 |[39m           name[33m,[39m[0m

      at settleWorker (test/utils/g2-s11-pg-harness.ts:183:15)
      at ChildProcess.<anonymous> (test/utils/g2-s11-pg-harness.ts:202:7)

  console.warn
    PG17_PROCESS {"name":"g2g_38","options":{"action":"complete","coach":"s11b-coach-a","intent":"c138c213-235f-465b-acfb-4d1786bc8fd9","body":{"terminal_status":"success"},"host":"P2","role":"ext"},"result":{"acknowledged":true,"intent_id":"c138c213-235f-465b-acfb-4d1786bc8fd9"},"queries":98,"pid":4911}

    [0m [90m 181 |[39m       }
     [90m 182 |[39m       [90m// Query shapes, outcomes, fixture identifiers and process IDs only; never parameters.[39m
    [31m[1m>[22m[39m[90m 183 |[39m       console[33m.[39mwarn(
     [90m     |[39m               [31m[1m^[22m[39m
     [90m 184 |[39m         [32m'PG17_PROCESS'[39m[33m,[39m
     [90m 185 |[39m         [33mJSON[39m[33m.[39mstringify({
     [90m 186 |[39m           name[33m,[39m[0m

      at settleWorker (test/utils/g2-s11-pg-harness.ts:183:15)
      at ChildProcess.<anonymous> (test/utils/g2-s11-pg-harness.ts:202:7)

  console.warn
    PG17_PROCESS {"name":"g2g_39","options":{"action":"pair-init","coach":"s11b-coach-a","body":{},"host":"P1","role":"phone"},"result":{"pairing_code":"895217","expires_at":"2026-09-27T21:27:00.537Z","import_intent_id":"cfba9f9c-8225-4cea-b516-8fbaf7f3087f"},"queries":11,"pid":4960}

    [0m [90m 181 |[39m       }
     [90m 182 |[39m       [90m// Query shapes, outcomes, fixture identifiers and process IDs only; never parameters.[39m
    [31m[1m>[22m[39m[90m 183 |[39m       console[33m.[39mwarn(
     [90m     |[39m               [31m[1m^[22m[39m
     [90m 184 |[39m         [32m'PG17_PROCESS'[39m[33m,[39m
     [90m 185 |[39m         [33mJSON[39m[33m.[39mstringify({
     [90m 186 |[39m           name[33m,[39m[0m

      at settleWorker (test/utils/g2-s11-pg-harness.ts:183:15)
      at ChildProcess.<anonymous> (test/utils/g2-s11-pg-harness.ts:202:7)

  console.warn
    PG17_PROCESS {"name":"g2g_40","options":{"action":"pair-redeem","coach":"unauthenticated","body":{"code":"895217"},"host":"P2","role":"ext"},"result":{"access_token":"synthetic-access-1","refresh_token":"synthetic-refresh-1","chosen_platform":"s11-label","import_intent_id":"cfba9f9c-8225-4cea-b516-8fbaf7f3087f"},"queries":10,"pid":4979}

    [0m [90m 181 |[39m       }
     [90m 182 |[39m       [90m// Query shapes, outcomes, fixture identifiers and process IDs only; never parameters.[39m
    [31m[1m>[22m[39m[90m 183 |[39m       console[33m.[39mwarn(
     [90m     |[39m               [31m[1m^[22m[39m
     [90m 184 |[39m         [32m'PG17_PROCESS'[39m[33m,[39m
     [90m 185 |[39m         [33mJSON[39m[33m.[39mstringify({
     [90m 186 |[39m           name[33m,[39m[0m

      at settleWorker (test/utils/g2-s11-pg-harness.ts:183:15)
      at ChildProcess.<anonymous> (test/utils/g2-s11-pg-harness.ts:202:7)

  console.warn
    PG17_PROCESS {"name":"g2g_41","options":{"action":"start","coach":"s11b-coach-a","intent":"cfba9f9c-8225-4cea-b516-8fbaf7f3087f","host":"P2","role":"phone"},"result":{"intent_id":"cfba9f9c-8225-4cea-b516-8fbaf7f3087f","mode":"server","phase":"discovering","execution_epoch":1,"accepted_start_at":"2026-09-27T21:25:05.004Z","deadline_at":"2026-09-27T21:30:05.004Z"},"queries":3,"pid":5002}

    [0m [90m 181 |[39m       }
     [90m 182 |[39m       [90m// Query shapes, outcomes, fixture identifiers and process IDs only; never parameters.[39m
    [31m[1m>[22m[39m[90m 183 |[39m       console[33m.[39mwarn(
     [90m     |[39m               [31m[1m^[22m[39m
     [90m 184 |[39m         [32m'PG17_PROCESS'[39m[33m,[39m
     [90m 185 |[39m         [33mJSON[39m[33m.[39mstringify({
     [90m 186 |[39m           name[33m,[39m[0m

      at settleWorker (test/utils/g2-s11-pg-harness.ts:183:15)
      at ChildProcess.<anonymous> (test/utils/g2-s11-pg-harness.ts:202:7)

  console.warn
    PG17_PROCESS {"name":"g2g_42","options":{"action":"ingest","coach":"s11b-coach-a","intent":"cfba9f9c-8225-4cea-b516-8fbaf7f3087f","body":{"entity_type":"people","entities":[{"sourceId":"p-1","payload":{"name":"Synthetic p-1"}},{"sourceId":"p-2","payload":{"name":"Synthetic p-2"}}]},"host":"P1","role":"ext"},"result":{"received":2,"deduped":0},"queries":8,"pid":5021}

    [0m [90m 181 |[39m       }
     [90m 182 |[39m       [90m// Query shapes, outcomes, fixture identifiers and process IDs only; never parameters.[39m
    [31m[1m>[22m[39m[90m 183 |[39m       console[33m.[39mwarn(
     [90m     |[39m               [31m[1m^[22m[39m
     [90m 184 |[39m         [32m'PG17_PROCESS'[39m[33m,[39m
     [90m 185 |[39m         [33mJSON[39m[33m.[39mstringify({
     [90m 186 |[39m           name[33m,[39m[0m

      at settleWorker (test/utils/g2-s11-pg-harness.ts:183:15)
      at ChildProcess.<anonymous> (test/utils/g2-s11-pg-harness.ts:202:7)

  console.warn
    PG17_PROCESS {"name":"g2g_43","options":{"action":"ingest","coach":"s11b-coach-a","intent":"cfba9f9c-8225-4cea-b516-8fbaf7f3087f","body":{"entity_type":"blocks","entities":[{"sourceId":"blk-1","payload":{"title":"Base Block","weeks":4,"days":3,"notes":"synthetic"}}]},"host":"P2","role":"ext"},"result":{"received":1,"deduped":0},"queries":8,"pid":5041}

    [0m [90m 181 |[39m       }
     [90m 182 |[39m       [90m// Query shapes, outcomes, fixture identifiers and process IDs only; never parameters.[39m
    [31m[1m>[22m[39m[90m 183 |[39m       console[33m.[39mwarn(
     [90m     |[39m               [31m[1m^[22m[39m
     [90m 184 |[39m         [32m'PG17_PROCESS'[39m[33m,[39m
     [90m 185 |[39m         [33mJSON[39m[33m.[39mstringify({
     [90m 186 |[39m           name[33m,[39m[0m

      at settleWorker (test/utils/g2-s11-pg-harness.ts:183:15)
      at ChildProcess.<anonymous> (test/utils/g2-s11-pg-harness.ts:202:7)

  console.warn
    PG17_PROCESS {"name":"g2g_44","options":{"action":"ingest","coach":"s11b-coach-a","intent":"cfba9f9c-8225-4cea-b516-8fbaf7f3087f","body":{"entity_type":"routines","entities":[{"sourceId":"rt-1","payload":{"title":"Push Day","kind":"lift","minutes":45,"exercises":[{"id":"e1","exercise":"22222222-2222-4222-8222-222222222222","sets":3,"reps":8,"kg":100}]}}]},"host":"P1","role":"ext"},"result":{"received":1,"deduped":0},"queries":8,"pid":5062}

    [0m [90m 181 |[39m       }
     [90m 182 |[39m       [90m// Query shapes, outcomes, fixture identifiers and process IDs only; never parameters.[39m
    [31m[1m>[22m[39m[90m 183 |[39m       console[33m.[39mwarn(
     [90m     |[39m               [31m[1m^[22m[39m
     [90m 184 |[39m         [32m'PG17_PROCESS'[39m[33m,[39m
     [90m 185 |[39m         [33mJSON[39m[33m.[39mstringify({
     [90m 186 |[39m           name[33m,[39m[0m

      at settleWorker (test/utils/g2-s11-pg-harness.ts:183:15)
      at ChildProcess.<anonymous> (test/utils/g2-s11-pg-harness.ts:202:7)

  console.warn
    PG17_PROCESS {"name":"g2g_45","options":{"action":"ingest","coach":"s11b-coach-a","intent":"cfba9f9c-8225-4cea-b516-8fbaf7f3087f","body":{"entity_type":"log","entities":[{"sourceId":"h-1","payload":{"title":"note"}}]},"host":"P2","role":"ext"},"result":{"received":1,"deduped":0},"queries":8,"pid":5082}

    [0m [90m 181 |[39m       }
     [90m 182 |[39m       [90m// Query shapes, outcomes, fixture identifiers and process IDs only; never parameters.[39m
    [31m[1m>[22m[39m[90m 183 |[39m       console[33m.[39mwarn(
     [90m     |[39m               [31m[1m^[22m[39m
     [90m 184 |[39m         [32m'PG17_PROCESS'[39m[33m,[39m
     [90m 185 |[39m         [33mJSON[39m[33m.[39mstringify({
     [90m 186 |[39m           name[33m,[39m[0m

      at settleWorker (test/utils/g2-s11-pg-harness.ts:183:15)
      at ChildProcess.<anonymous> (test/utils/g2-s11-pg-harness.ts:202:7)

  console.warn
    PG17_PROCESS {"name":"g2g_46","options":{"action":"complete","coach":"s11b-coach-a","intent":"cfba9f9c-8225-4cea-b516-8fbaf7f3087f","body":{"terminal_status":"success"},"host":"P1","role":"ext"},"result":{"acknowledged":true,"intent_id":"cfba9f9c-8225-4cea-b516-8fbaf7f3087f"},"queries":93,"pid":5105}

    [0m [90m 181 |[39m       }
     [90m 182 |[39m       [90m// Query shapes, outcomes, fixture identifiers and process IDs only; never parameters.[39m
    [31m[1m>[22m[39m[90m 183 |[39m       console[33m.[39mwarn(
     [90m     |[39m               [31m[1m^[22m[39m
     [90m 184 |[39m         [32m'PG17_PROCESS'[39m[33m,[39m
     [90m 185 |[39m         [33mJSON[39m[33m.[39mstringify({
     [90m 186 |[39m           name[33m,[39m[0m

      at settleWorker (test/utils/g2-s11-pg-harness.ts:183:15)
      at ChildProcess.<anonymous> (test/utils/g2-s11-pg-harness.ts:202:7)

  console.warn
    PG17_PROCESS {"name":"g2g_47","options":{"action":"pair-init","coach":"s11b-coach-a","body":{},"host":"P1","role":"phone"},"result":{"pairing_code":"918029","expires_at":"2026-09-27T21:27:18.663Z","import_intent_id":"faf571b0-a72c-4bc1-8d81-64844e17fa46"},"queries":11,"pid":5152}

    [0m [90m 181 |[39m       }
     [90m 182 |[39m       [90m// Query shapes, outcomes, fixture identifiers and process IDs only; never parameters.[39m
    [31m[1m>[22m[39m[90m 183 |[39m       console[33m.[39mwarn(
     [90m     |[39m               [31m[1m^[22m[39m
     [90m 184 |[39m         [32m'PG17_PROCESS'[39m[33m,[39m
     [90m 185 |[39m         [33mJSON[39m[33m.[39mstringify({
     [90m 186 |[39m           name[33m,[39m[0m

      at settleWorker (test/utils/g2-s11-pg-harness.ts:183:15)
      at ChildProcess.<anonymous> (test/utils/g2-s11-pg-harness.ts:202:7)

  console.warn
    PG17_PROCESS {"name":"g2g_48","options":{"action":"pair-redeem","coach":"unauthenticated","body":{"code":"918029"},"host":"P2","role":"ext"},"result":{"access_token":"synthetic-access-1","refresh_token":"synthetic-refresh-1","chosen_platform":"s11-label","import_intent_id":"faf571b0-a72c-4bc1-8d81-64844e17fa46"},"queries":10,"pid":5171}

    [0m [90m 181 |[39m       }
     [90m 182 |[39m       [90m// Query shapes, outcomes, fixture identifiers and process IDs only; never parameters.[39m
    [31m[1m>[22m[39m[90m 183 |[39m       console[33m.[39mwarn(
     [90m     |[39m               [31m[1m^[22m[39m
     [90m 184 |[39m         [32m'PG17_PROCESS'[39m[33m,[39m
     [90m 185 |[39m         [33mJSON[39m[33m.[39mstringify({
     [90m 186 |[39m           name[33m,[39m[0m

      at settleWorker (test/utils/g2-s11-pg-harness.ts:183:15)
      at ChildProcess.<anonymous> (test/utils/g2-s11-pg-harness.ts:202:7)

  console.warn
    PG17_PROCESS {"name":"g2g_49","options":{"action":"start","coach":"s11b-coach-a","intent":"faf571b0-a72c-4bc1-8d81-64844e17fa46","host":"P2","role":"phone"},"result":{"intent_id":"faf571b0-a72c-4bc1-8d81-64844e17fa46","mode":"server","phase":"discovering","execution_epoch":1,"accepted_start_at":"2026-09-27T21:25:23.090Z","deadline_at":"2026-09-27T21:30:23.090Z"},"queries":3,"pid":5190}

    [0m [90m 181 |[39m       }
     [90m 182 |[39m       [90m// Query shapes, outcomes, fixture identifiers and process IDs only; never parameters.[39m
    [31m[1m>[22m[39m[90m 183 |[39m       console[33m.[39mwarn(
     [90m     |[39m               [31m[1m^[22m[39m
     [90m 184 |[39m         [32m'PG17_PROCESS'[39m[33m,[39m
     [90m 185 |[39m         [33mJSON[39m[33m.[39mstringify({
     [90m 186 |[39m           name[33m,[39m[0m

      at settleWorker (test/utils/g2-s11-pg-harness.ts:183:15)
      at ChildProcess.<anonymous> (test/utils/g2-s11-pg-harness.ts:202:7)

  console.warn
    PG17_PROCESS {"name":"g2g_50","options":{"action":"ingest","coach":"s11b-coach-a","intent":"faf571b0-a72c-4bc1-8d81-64844e17fa46","body":{"entity_type":"people","entities":[{"sourceId":"p-1","payload":{"name":"Synthetic p-1"}},{"sourceId":"p-2","payload":{"name":"Synthetic p-2"}}]},"host":"P1","role":"ext"},"result":{"received":2,"deduped":0},"queries":8,"pid":5209}

    [0m [90m 181 |[39m       }
     [90m 182 |[39m       [90m// Query shapes, outcomes, fixture identifiers and process IDs only; never parameters.[39m
    [31m[1m>[22m[39m[90m 183 |[39m       console[33m.[39mwarn(
     [90m     |[39m               [31m[1m^[22m[39m
     [90m 184 |[39m         [32m'PG17_PROCESS'[39m[33m,[39m
     [90m 185 |[39m         [33mJSON[39m[33m.[39mstringify({
     [90m 186 |[39m           name[33m,[39m[0m

      at settleWorker (test/utils/g2-s11-pg-harness.ts:183:15)
      at ChildProcess.<anonymous> (test/utils/g2-s11-pg-harness.ts:202:7)

  console.warn
    PG17_PROCESS {"name":"g2g_51","options":{"action":"ingest","coach":"s11b-coach-a","intent":"faf571b0-a72c-4bc1-8d81-64844e17fa46","body":{"entity_type":"blocks","entities":[{"sourceId":"blk-1","payload":{"title":"Base Block","weeks":4,"days":3,"notes":"synthetic"}}]},"host":"P2","role":"ext"},"result":{"received":1,"deduped":0},"queries":8,"pid":5229}

    [0m [90m 181 |[39m       }
     [90m 182 |[39m       [90m// Query shapes, outcomes, fixture identifiers and process IDs only; never parameters.[39m
    [31m[1m>[22m[39m[90m 183 |[39m       console[33m.[39mwarn(
     [90m     |[39m               [31m[1m^[22m[39m
     [90m 184 |[39m         [32m'PG17_PROCESS'[39m[33m,[39m
     [90m 185 |[39m         [33mJSON[39m[33m.[39mstringify({
     [90m 186 |[39m           name[33m,[39m[0m

      at settleWorker (test/utils/g2-s11-pg-harness.ts:183:15)
      at ChildProcess.<anonymous> (test/utils/g2-s11-pg-harness.ts:202:7)

  console.warn
    PG17_PROCESS {"name":"g2g_52","options":{"action":"ingest","coach":"s11b-coach-a","intent":"faf571b0-a72c-4bc1-8d81-64844e17fa46","body":{"entity_type":"routines","entities":[{"sourceId":"rt-1","payload":{"title":"Push Day","kind":"lift","minutes":45,"exercises":[{"id":"e1","exercise":"22222222-2222-4222-8222-222222222222","sets":3,"reps":8,"kg":100}]}}]},"host":"P1","role":"ext"},"result":{"received":1,"deduped":0},"queries":8,"pid":5249}

    [0m [90m 181 |[39m       }
     [90m 182 |[39m       [90m// Query shapes, outcomes, fixture identifiers and process IDs only; never parameters.[39m
    [31m[1m>[22m[39m[90m 183 |[39m       console[33m.[39mwarn(
     [90m     |[39m               [31m[1m^[22m[39m
     [90m 184 |[39m         [32m'PG17_PROCESS'[39m[33m,[39m
     [90m 185 |[39m         [33mJSON[39m[33m.[39mstringify({
     [90m 186 |[39m           name[33m,[39m[0m

      at settleWorker (test/utils/g2-s11-pg-harness.ts:183:15)
      at ChildProcess.<anonymous> (test/utils/g2-s11-pg-harness.ts:202:7)

  console.warn
    PG17_PROCESS {"name":"g2g_53","options":{"action":"ingest","coach":"s11b-coach-a","intent":"faf571b0-a72c-4bc1-8d81-64844e17fa46","body":{"entity_type":"log","entities":[{"sourceId":"h-1","payload":{"title":"note"}}]},"host":"P2","role":"ext"},"result":{"received":1,"deduped":0},"queries":8,"pid":5269}

    [0m [90m 181 |[39m       }
     [90m 182 |[39m       [90m// Query shapes, outcomes, fixture identifiers and process IDs only; never parameters.[39m
    [31m[1m>[22m[39m[90m 183 |[39m       console[33m.[39mwarn(
     [90m     |[39m               [31m[1m^[22m[39m
     [90m 184 |[39m         [32m'PG17_PROCESS'[39m[33m,[39m
     [90m 185 |[39m         [33mJSON[39m[33m.[39mstringify({
     [90m 186 |[39m           name[33m,[39m[0m

      at settleWorker (test/utils/g2-s11-pg-harness.ts:183:15)
      at ChildProcess.<anonymous> (test/utils/g2-s11-pg-harness.ts:202:7)

  console.warn
    PG17_PROCESS {"name":"g2g_55","options":{"host":"P2","role":"ext","action":"complete","coach":"s11b-coach-a","intent":"faf571b0-a72c-4bc1-8d81-64844e17fa46","body":{"terminal_status":"success"},"pause":"before-lock","txTimeout":60000},"result":{"acknowledged":true,"intent_id":"faf571b0-a72c-4bc1-8d81-64844e17fa46"},"queries":94,"pid":5318}

    [0m [90m 181 |[39m       }
     [90m 182 |[39m       [90m// Query shapes, outcomes, fixture identifiers and process IDs only; never parameters.[39m
    [31m[1m>[22m[39m[90m 183 |[39m       console[33m.[39mwarn(
     [90m     |[39m               [31m[1m^[22m[39m
     [90m 184 |[39m         [32m'PG17_PROCESS'[39m[33m,[39m
     [90m 185 |[39m         [33mJSON[39m[33m.[39mstringify({
     [90m 186 |[39m           name[33m,[39m[0m

      at settleWorker (test/utils/g2-s11-pg-harness.ts:183:15)
      at ChildProcess.<anonymous> (test/utils/g2-s11-pg-harness.ts:202:7)

  console.warn
    PG17_PROCESS {"name":"g2g_56","options":{"host":"P1","role":"ext","action":"complete","coach":"s11b-coach-a","intent":"faf571b0-a72c-4bc1-8d81-64844e17fa46","body":{"terminal_status":"success"},"pause":"before-lock","txTimeout":60000},"result":{"acknowledged":true,"intent_id":"faf571b0-a72c-4bc1-8d81-64844e17fa46"},"queries":89,"pid":5324}

    [0m [90m 181 |[39m       }
     [90m 182 |[39m       [90m// Query shapes, outcomes, fixture identifiers and process IDs only; never parameters.[39m
    [31m[1m>[22m[39m[90m 183 |[39m       console[33m.[39mwarn(
     [90m     |[39m               [31m[1m^[22m[39m
     [90m 184 |[39m         [32m'PG17_PROCESS'[39m[33m,[39m
     [90m 185 |[39m         [33mJSON[39m[33m.[39mstringify({
     [90m 186 |[39m           name[33m,[39m[0m

      at settleWorker (test/utils/g2-s11-pg-harness.ts:183:15)
      at ChildProcess.<anonymous> (test/utils/g2-s11-pg-harness.ts:202:7)

  console.warn
    PG17_PROCESS {"name":"g2g_57","options":{"action":"pair-init","coach":"s11b-coach-a","body":{},"host":"P1","role":"phone"},"result":{"pairing_code":"492326","expires_at":"2026-09-27T21:27:40.125Z","import_intent_id":"112853ec-1ba3-4899-9845-630ae440edac"},"queries":11,"pid":5398}

    [0m [90m 181 |[39m       }
     [90m 182 |[39m       [90m// Query shapes, outcomes, fixture identifiers and process IDs only; never parameters.[39m
    [31m[1m>[22m[39m[90m 183 |[39m       console[33m.[39mwarn(
     [90m     |[39m               [31m[1m^[22m[39m
     [90m 184 |[39m         [32m'PG17_PROCESS'[39m[33m,[39m
     [90m 185 |[39m         [33mJSON[39m[33m.[39mstringify({
     [90m 186 |[39m           name[33m,[39m[0m

      at settleWorker (test/utils/g2-s11-pg-harness.ts:183:15)
      at ChildProcess.<anonymous> (test/utils/g2-s11-pg-harness.ts:202:7)

  console.warn
    PG17_PROCESS {"name":"g2g_58","options":{"action":"pair-redeem","coach":"unauthenticated","body":{"code":"492326"},"host":"P2","role":"ext"},"result":{"access_token":"synthetic-access-1","refresh_token":"synthetic-refresh-1","chosen_platform":"s11-label","import_intent_id":"112853ec-1ba3-4899-9845-630ae440edac"},"queries":10,"pid":5417}

    [0m [90m 181 |[39m       }
     [90m 182 |[39m       [90m// Query shapes, outcomes, fixture identifiers and process IDs only; never parameters.[39m
    [31m[1m>[22m[39m[90m 183 |[39m       console[33m.[39mwarn(
     [90m     |[39m               [31m[1m^[22m[39m
     [90m 184 |[39m         [32m'PG17_PROCESS'[39m[33m,[39m
     [90m 185 |[39m         [33mJSON[39m[33m.[39mstringify({
     [90m 186 |[39m           name[33m,[39m[0m

      at settleWorker (test/utils/g2-s11-pg-harness.ts:183:15)
      at ChildProcess.<anonymous> (test/utils/g2-s11-pg-harness.ts:202:7)

  console.warn
    PG17_PROCESS {"name":"g2g_59","options":{"action":"start","coach":"s11b-coach-a","intent":"112853ec-1ba3-4899-9845-630ae440edac","host":"P2","role":"phone"},"result":{"intent_id":"112853ec-1ba3-4899-9845-630ae440edac","mode":"server","phase":"discovering","execution_epoch":1,"accepted_start_at":"2026-09-27T21:25:44.553Z","deadline_at":"2026-09-27T21:30:44.553Z"},"queries":3,"pid":5436}

    [0m [90m 181 |[39m       }
     [90m 182 |[39m       [90m// Query shapes, outcomes, fixture identifiers and process IDs only; never parameters.[39m
    [31m[1m>[22m[39m[90m 183 |[39m       console[33m.[39mwarn(
     [90m     |[39m               [31m[1m^[22m[39m
     [90m 184 |[39m         [32m'PG17_PROCESS'[39m[33m,[39m
     [90m 185 |[39m         [33mJSON[39m[33m.[39mstringify({
     [90m 186 |[39m           name[33m,[39m[0m

      at settleWorker (test/utils/g2-s11-pg-harness.ts:183:15)
      at ChildProcess.<anonymous> (test/utils/g2-s11-pg-harness.ts:202:7)

  console.warn
    PG17_PROCESS {"name":"g2g_60","options":{"action":"ingest","coach":"s11b-coach-a","intent":"112853ec-1ba3-4899-9845-630ae440edac","body":{"entity_type":"people","entities":[{"sourceId":"p-1","payload":{"name":"Synthetic p-1"}},{"sourceId":"p-2","payload":{"name":"Synthetic p-2"}}]},"host":"P1","role":"ext"},"result":{"received":2,"deduped":0},"queries":8,"pid":5455}

    [0m [90m 181 |[39m       }
     [90m 182 |[39m       [90m// Query shapes, outcomes, fixture identifiers and process IDs only; never parameters.[39m
    [31m[1m>[22m[39m[90m 183 |[39m       console[33m.[39mwarn(
     [90m     |[39m               [31m[1m^[22m[39m
     [90m 184 |[39m         [32m'PG17_PROCESS'[39m[33m,[39m
     [90m 185 |[39m         [33mJSON[39m[33m.[39mstringify({
     [90m 186 |[39m           name[33m,[39m[0m

      at settleWorker (test/utils/g2-s11-pg-harness.ts:183:15)
      at ChildProcess.<anonymous> (test/utils/g2-s11-pg-harness.ts:202:7)

  console.warn
    PG17_PROCESS {"name":"g2g_61","options":{"action":"ingest","coach":"s11b-coach-a","intent":"112853ec-1ba3-4899-9845-630ae440edac","body":{"entity_type":"blocks","entities":[{"sourceId":"blk-1","payload":{"title":"Base Block","weeks":4,"days":3,"notes":"synthetic"}}]},"host":"P2","role":"ext"},"result":{"received":1,"deduped":0},"queries":8,"pid":5475}

    [0m [90m 181 |[39m       }
     [90m 182 |[39m       [90m// Query shapes, outcomes, fixture identifiers and process IDs only; never parameters.[39m
    [31m[1m>[22m[39m[90m 183 |[39m       console[33m.[39mwarn(
     [90m     |[39m               [31m[1m^[22m[39m
     [90m 184 |[39m         [32m'PG17_PROCESS'[39m[33m,[39m
     [90m 185 |[39m         [33mJSON[39m[33m.[39mstringify({
     [90m 186 |[39m           name[33m,[39m[0m

      at settleWorker (test/utils/g2-s11-pg-harness.ts:183:15)
      at ChildProcess.<anonymous> (test/utils/g2-s11-pg-harness.ts:202:7)

  console.warn
    PG17_PROCESS {"name":"g2g_62","options":{"action":"ingest","coach":"s11b-coach-a","intent":"112853ec-1ba3-4899-9845-630ae440edac","body":{"entity_type":"routines","entities":[{"sourceId":"rt-1","payload":{"title":"Push Day","kind":"lift","minutes":45,"exercises":[{"id":"e1","exercise":"22222222-2222-4222-8222-222222222222","sets":3,"reps":8,"kg":100}]}}]},"host":"P1","role":"ext"},"result":{"received":1,"deduped":0},"queries":8,"pid":5496}

    [0m [90m 181 |[39m       }
     [90m 182 |[39m       [90m// Query shapes, outcomes, fixture identifiers and process IDs only; never parameters.[39m
    [31m[1m>[22m[39m[90m 183 |[39m       console[33m.[39mwarn(
     [90m     |[39m               [31m[1m^[22m[39m
     [90m 184 |[39m         [32m'PG17_PROCESS'[39m[33m,[39m
     [90m 185 |[39m         [33mJSON[39m[33m.[39mstringify({
     [90m 186 |[39m           name[33m,[39m[0m

      at settleWorker (test/utils/g2-s11-pg-harness.ts:183:15)
      at ChildProcess.<anonymous> (test/utils/g2-s11-pg-harness.ts:202:7)

  console.warn
    PG17_PROCESS {"name":"g2g_63","options":{"action":"ingest","coach":"s11b-coach-a","intent":"112853ec-1ba3-4899-9845-630ae440edac","body":{"entity_type":"log","entities":[{"sourceId":"h-1","payload":{"title":"note"}}]},"host":"P2","role":"ext"},"result":{"received":1,"deduped":0},"queries":8,"pid":5517}

    [0m [90m 181 |[39m       }
     [90m 182 |[39m       [90m// Query shapes, outcomes, fixture identifiers and process IDs only; never parameters.[39m
    [31m[1m>[22m[39m[90m 183 |[39m       console[33m.[39mwarn(
     [90m     |[39m               [31m[1m^[22m[39m
     [90m 184 |[39m         [32m'PG17_PROCESS'[39m[33m,[39m
     [90m 185 |[39m         [33mJSON[39m[33m.[39mstringify({
     [90m 186 |[39m           name[33m,[39m[0m

      at settleWorker (test/utils/g2-s11-pg-harness.ts:183:15)
      at ChildProcess.<anonymous> (test/utils/g2-s11-pg-harness.ts:202:7)

  console.warn
    PG17_PROCESS {"name":"g2g_64","options":{"action":"complete","coach":"s11b-coach-a","intent":"112853ec-1ba3-4899-9845-630ae440edac","body":{"terminal_status":"partial"},"host":"P1","role":"ext"},"result":{"acknowledged":true,"intent_id":"112853ec-1ba3-4899-9845-630ae440edac"},"queries":93,"pid":5539}

    [0m [90m 181 |[39m       }
     [90m 182 |[39m       [90m// Query shapes, outcomes, fixture identifiers and process IDs only; never parameters.[39m
    [31m[1m>[22m[39m[90m 183 |[39m       console[33m.[39mwarn(
     [90m     |[39m               [31m[1m^[22m[39m
     [90m 184 |[39m         [32m'PG17_PROCESS'[39m[33m,[39m
     [90m 185 |[39m         [33mJSON[39m[33m.[39mstringify({
     [90m 186 |[39m           name[33m,[39m[0m

      at settleWorker (test/utils/g2-s11-pg-harness.ts:183:15)
      at ChildProcess.<anonymous> (test/utils/g2-s11-pg-harness.ts:202:7)

  console.warn
    PG17_PROCESS {"name":"g2g_65","options":{"action":"pair-init","coach":"s11b-coach-a","body":{},"host":"P1","role":"phone"},"result":{"pairing_code":"612170","expires_at":"2026-09-27T21:27:58.321Z","import_intent_id":"20e1c059-b6e2-4aac-be19-4d463aab62b5"},"queries":11,"pid":5586}

    [0m [90m 181 |[39m       }
     [90m 182 |[39m       [90m// Query shapes, outcomes, fixture identifiers and process IDs only; never parameters.[39m
    [31m[1m>[22m[39m[90m 183 |[39m       console[33m.[39mwarn(
     [90m     |[39m               [31m[1m^[22m[39m
     [90m 184 |[39m         [32m'PG17_PROCESS'[39m[33m,[39m
     [90m 185 |[39m         [33mJSON[39m[33m.[39mstringify({
     [90m 186 |[39m           name[33m,[39m[0m

      at settleWorker (test/utils/g2-s11-pg-harness.ts:183:15)
      at ChildProcess.<anonymous> (test/utils/g2-s11-pg-harness.ts:202:7)

  console.warn
    PG17_PROCESS {"name":"g2g_66","options":{"action":"pair-redeem","coach":"unauthenticated","body":{"code":"612170"},"host":"P2","role":"ext"},"result":{"access_token":"synthetic-access-1","refresh_token":"synthetic-refresh-1","chosen_platform":"s11-label","import_intent_id":"20e1c059-b6e2-4aac-be19-4d463aab62b5"},"queries":10,"pid":5605}

    [0m [90m 181 |[39m       }
     [90m 182 |[39m       [90m// Query shapes, outcomes, fixture identifiers and process IDs only; never parameters.[39m
    [31m[1m>[22m[39m[90m 183 |[39m       console[33m.[39mwarn(
     [90m     |[39m               [31m[1m^[22m[39m
     [90m 184 |[39m         [32m'PG17_PROCESS'[39m[33m,[39m
     [90m 185 |[39m         [33mJSON[39m[33m.[39mstringify({
     [90m 186 |[39m           name[33m,[39m[0m

      at settleWorker (test/utils/g2-s11-pg-harness.ts:183:15)
      at ChildProcess.<anonymous> (test/utils/g2-s11-pg-harness.ts:202:7)

  console.warn
    PG17_PROCESS {"name":"g2g_67","options":{"action":"start","coach":"s11b-coach-a","intent":"20e1c059-b6e2-4aac-be19-4d463aab62b5","host":"P2","role":"phone"},"result":{"intent_id":"20e1c059-b6e2-4aac-be19-4d463aab62b5","mode":"server","phase":"discovering","execution_epoch":1,"accepted_start_at":"2026-09-27T21:26:02.727Z","deadline_at":"2026-09-27T21:31:02.727Z"},"queries":3,"pid":5624}

    [0m [90m 181 |[39m       }
     [90m 182 |[39m       [90m// Query shapes, outcomes, fixture identifiers and process IDs only; never parameters.[39m
    [31m[1m>[22m[39m[90m 183 |[39m       console[33m.[39mwarn(
     [90m     |[39m               [31m[1m^[22m[39m
     [90m 184 |[39m         [32m'PG17_PROCESS'[39m[33m,[39m
     [90m 185 |[39m         [33mJSON[39m[33m.[39mstringify({
     [90m 186 |[39m           name[33m,[39m[0m

      at settleWorker (test/utils/g2-s11-pg-harness.ts:183:15)
      at ChildProcess.<anonymous> (test/utils/g2-s11-pg-harness.ts:202:7)

  console.warn
    PG17_PROCESS {"name":"g2g_68","options":{"action":"ingest","coach":"s11b-coach-a","intent":"20e1c059-b6e2-4aac-be19-4d463aab62b5","body":{"entity_type":"people","entities":[{"sourceId":"p-1","payload":{"name":"Synthetic p-1"}},{"sourceId":"p-2","payload":{"name":"Synthetic p-2"}}]},"host":"P1","role":"ext"},"result":{"received":2,"deduped":0},"queries":8,"pid":5643}

    [0m [90m 181 |[39m       }
     [90m 182 |[39m       [90m// Query shapes, outcomes, fixture identifiers and process IDs only; never parameters.[39m
    [31m[1m>[22m[39m[90m 183 |[39m       console[33m.[39mwarn(
     [90m     |[39m               [31m[1m^[22m[39m
     [90m 184 |[39m         [32m'PG17_PROCESS'[39m[33m,[39m
     [90m 185 |[39m         [33mJSON[39m[33m.[39mstringify({
     [90m 186 |[39m           name[33m,[39m[0m

      at settleWorker (test/utils/g2-s11-pg-harness.ts:183:15)
      at ChildProcess.<anonymous> (test/utils/g2-s11-pg-harness.ts:202:7)

  console.warn
    PG17_PROCESS {"name":"g2g_69","options":{"action":"ingest","coach":"s11b-coach-a","intent":"20e1c059-b6e2-4aac-be19-4d463aab62b5","body":{"entity_type":"blocks","entities":[{"sourceId":"blk-1","payload":{"title":"Base Block","weeks":4,"days":3,"notes":"synthetic"}}]},"host":"P2","role":"ext"},"result":{"received":1,"deduped":0},"queries":8,"pid":5664}

    [0m [90m 181 |[39m       }
     [90m 182 |[39m       [90m// Query shapes, outcomes, fixture identifiers and process IDs only; never parameters.[39m
    [31m[1m>[22m[39m[90m 183 |[39m       console[33m.[39mwarn(
     [90m     |[39m               [31m[1m^[22m[39m
     [90m 184 |[39m         [32m'PG17_PROCESS'[39m[33m,[39m
     [90m 185 |[39m         [33mJSON[39m[33m.[39mstringify({
     [90m 186 |[39m           name[33m,[39m[0m

      at settleWorker (test/utils/g2-s11-pg-harness.ts:183:15)
      at ChildProcess.<anonymous> (test/utils/g2-s11-pg-harness.ts:202:7)

  console.warn
    PG17_PROCESS {"name":"g2g_70","options":{"action":"ingest","coach":"s11b-coach-a","intent":"20e1c059-b6e2-4aac-be19-4d463aab62b5","body":{"entity_type":"routines","entities":[{"sourceId":"rt-1","payload":{"title":"Push Day","kind":"lift","minutes":45,"exercises":[{"id":"e1","exercise":"22222222-2222-4222-8222-222222222222","sets":3,"reps":8,"kg":100}]}}]},"host":"P1","role":"ext"},"result":{"received":1,"deduped":0},"queries":8,"pid":5685}

    [0m [90m 181 |[39m       }
     [90m 182 |[39m       [90m// Query shapes, outcomes, fixture identifiers and process IDs only; never parameters.[39m
    [31m[1m>[22m[39m[90m 183 |[39m       console[33m.[39mwarn(
     [90m     |[39m               [31m[1m^[22m[39m
     [90m 184 |[39m         [32m'PG17_PROCESS'[39m[33m,[39m
     [90m 185 |[39m         [33mJSON[39m[33m.[39mstringify({
     [90m 186 |[39m           name[33m,[39m[0m

      at settleWorker (test/utils/g2-s11-pg-harness.ts:183:15)
      at ChildProcess.<anonymous> (test/utils/g2-s11-pg-harness.ts:202:7)

  console.warn
    PG17_PROCESS {"name":"g2g_71","options":{"action":"ingest","coach":"s11b-coach-a","intent":"20e1c059-b6e2-4aac-be19-4d463aab62b5","body":{"entity_type":"log","entities":[{"sourceId":"h-1","payload":{"title":"note"}}]},"host":"P2","role":"ext"},"result":{"received":1,"deduped":0},"queries":8,"pid":5705}

    [0m [90m 181 |[39m       }
     [90m 182 |[39m       [90m// Query shapes, outcomes, fixture identifiers and process IDs only; never parameters.[39m
    [31m[1m>[22m[39m[90m 183 |[39m       console[33m.[39mwarn(
     [90m     |[39m               [31m[1m^[22m[39m
     [90m 184 |[39m         [32m'PG17_PROCESS'[39m[33m,[39m
     [90m 185 |[39m         [33mJSON[39m[33m.[39mstringify({
     [90m 186 |[39m           name[33m,[39m[0m

      at settleWorker (test/utils/g2-s11-pg-harness.ts:183:15)
      at ChildProcess.<anonymous> (test/utils/g2-s11-pg-harness.ts:202:7)

  console.warn
    PG17_PROCESS {"name":"g2g_73","options":{"action":"complete","coach":"s11b-coach-a","intent":"20e1c059-b6e2-4aac-be19-4d463aab62b5","body":{"terminal_status":"success"},"host":"P2","role":"ext"},"result":{"acknowledged":true,"intent_id":"20e1c059-b6e2-4aac-be19-4d463aab62b5"},"queries":98,"pid":5753}

    [0m [90m 181 |[39m       }
     [90m 182 |[39m       [90m// Query shapes, outcomes, fixture identifiers and process IDs only; never parameters.[39m
    [31m[1m>[22m[39m[90m 183 |[39m       console[33m.[39mwarn(
     [90m     |[39m               [31m[1m^[22m[39m
     [90m 184 |[39m         [32m'PG17_PROCESS'[39m[33m,[39m
     [90m 185 |[39m         [33mJSON[39m[33m.[39mstringify({
     [90m 186 |[39m           name[33m,[39m[0m

      at settleWorker (test/utils/g2-s11-pg-harness.ts:183:15)
      at ChildProcess.<anonymous> (test/utils/g2-s11-pg-harness.ts:202:7)

  console.warn
    PG17_PROCESS {"name":"g2g_74","options":{"action":"status","coach":"s11b-coach-a","intent":"20e1c059-b6e2-4aac-be19-4d463aab62b5","host":"P1","role":"phone"},"result":{"intent_id":"20e1c059-b6e2-4aac-be19-4d463aab62b5","status":"partial","entity_counts":[{"entity_type":"blocks","committed":1},{"entity_type":"log","committed":1},{"entity_type":"people","committed":2},{"entity_type":"routines","committed":1}],"started_at":"2026-09-27T21:26:04.945Z","completed_at":"2026-09-27T21:26:16.242Z","mode":"server","phase":"reconciling","accepted_start_at":"2026-09-27T21:26:02.727Z","deadline_at":"2026-09-27T21:31:02.727Z","last_observed_at":"2026-09-27T21:26:16.237Z","execution_epoch":1,"reason_code":"unresolved_identities","claimed_status":"partial","families":[{"family":"blocks","observed_unique":null,"staged_unique":1,"created_native":null,"already_present_verified":null,"rejected":0,"unresolved":0,"ledger":{"reconstructed":1,"skipped":0,"failed":0},"canonical_family":"programs","native_present_verified":1,"completeness_basis":"none","relationship_closure":"not_applicable","reasons":[],"qualifiers":[]},{"family":"log","observed_unique":null,"staged_unique":1,"created_native":null,"already_present_verified":null,"rejected":1,"unresolved":0,"ledger":{"reconstructed":0,"skipped":1,"failed":0},"canonical_family":"client_history","native_present_verified":0,"completeness_basis":"none","relationship_closure":"not_applicable","reasons":[{"code":"unsupported_platform:s11-proof","count":1}],"qualifiers":[]},{"family":"people","observed_unique":null,"staged_unique":2,"created_native":null,"already_present_verified":null,"rejected":2,"unresolved":0,"ledger":{"reconstructed":0,"skipped":2,"failed":0},"canonical_family":"clients","native_present_verified":0,"completeness_basis":"none","relationship_closure":"not_applicable","reasons":[{"code":"unsupported_platform:s11-proof","count":2}],"qualifiers":["roster_bridge_pending"]},{"family":"routines","observed_unique":null,"staged_unique":1,"created_native":null,"already_present_verified":null,"rejected":0,"unresolved":0,"ledger":{"reconstructed":1,"skipped":0,"failed":0},"canonical_family":"workouts","native_present_verified":1,"completeness_basis":"none","relationship_closure":"verified","reasons":[],"qualifiers":[]}]},"queries":9,"pid":5776}

    [0m [90m 181 |[39m       }
     [90m 182 |[39m       [90m// Query shapes, outcomes, fixture identifiers and process IDs only; never parameters.[39m
    [31m[1m>[22m[39m[90m 183 |[39m       console[33m.[39mwarn(
     [90m     |[39m               [31m[1m^[22m[39m
     [90m 184 |[39m         [32m'PG17_PROCESS'[39m[33m,[39m
     [90m 185 |[39m         [33mJSON[39m[33m.[39mstringify({
     [90m 186 |[39m           name[33m,[39m[0m

      at settleWorker (test/utils/g2-s11-pg-harness.ts:183:15)
      at ChildProcess.<anonymous> (test/utils/g2-s11-pg-harness.ts:202:7)

  console.warn
    PG17_PROCESS {"name":"g2g_75","options":{"action":"pair-init","coach":"s11b-coach-a","body":{},"host":"P1","role":"phone"},"result":{"pairing_code":"914189","expires_at":"2026-09-27T21:28:21.073Z","import_intent_id":"980bab7f-4736-4980-b4a0-95c1ddc6470c"},"queries":11,"pid":5825}

    [0m [90m 181 |[39m       }
     [90m 182 |[39m       [90m// Query shapes, outcomes, fixture identifiers and process IDs only; never parameters.[39m
    [31m[1m>[22m[39m[90m 183 |[39m       console[33m.[39mwarn(
     [90m     |[39m               [31m[1m^[22m[39m
     [90m 184 |[39m         [32m'PG17_PROCESS'[39m[33m,[39m
     [90m 185 |[39m         [33mJSON[39m[33m.[39mstringify({
     [90m 186 |[39m           name[33m,[39m[0m

      at settleWorker (test/utils/g2-s11-pg-harness.ts:183:15)
      at ChildProcess.<anonymous> (test/utils/g2-s11-pg-harness.ts:202:7)

  console.warn
    PG17_PROCESS {"name":"g2g_76","options":{"action":"pair-redeem","coach":"unauthenticated","body":{"code":"914189"},"host":"P2","role":"ext"},"result":{"access_token":"synthetic-access-1","refresh_token":"synthetic-refresh-1","chosen_platform":"s11-label","import_intent_id":"980bab7f-4736-4980-b4a0-95c1ddc6470c"},"queries":10,"pid":5845}

    [0m [90m 181 |[39m       }
     [90m 182 |[39m       [90m// Query shapes, outcomes, fixture identifiers and process IDs only; never parameters.[39m
    [31m[1m>[22m[39m[90m 183 |[39m       console[33m.[39mwarn(
     [90m     |[39m               [31m[1m^[22m[39m
     [90m 184 |[39m         [32m'PG17_PROCESS'[39m[33m,[39m
     [90m 185 |[39m         [33mJSON[39m[33m.[39mstringify({
     [90m 186 |[39m           name[33m,[39m[0m

      at settleWorker (test/utils/g2-s11-pg-harness.ts:183:15)
      at ChildProcess.<anonymous> (test/utils/g2-s11-pg-harness.ts:202:7)

  console.warn
    PG17_PROCESS {"name":"g2g_77","options":{"action":"start","coach":"s11b-coach-a","intent":"980bab7f-4736-4980-b4a0-95c1ddc6470c","host":"P2","role":"phone"},"result":{"intent_id":"980bab7f-4736-4980-b4a0-95c1ddc6470c","mode":"server","phase":"discovering","execution_epoch":1,"accepted_start_at":"2026-09-27T21:26:25.523Z","deadline_at":"2026-09-27T21:31:25.523Z"},"queries":3,"pid":5864}

    [0m [90m 181 |[39m       }
     [90m 182 |[39m       [90m// Query shapes, outcomes, fixture identifiers and process IDs only; never parameters.[39m
    [31m[1m>[22m[39m[90m 183 |[39m       console[33m.[39mwarn(
     [90m     |[39m               [31m[1m^[22m[39m
     [90m 184 |[39m         [32m'PG17_PROCESS'[39m[33m,[39m
     [90m 185 |[39m         [33mJSON[39m[33m.[39mstringify({
     [90m 186 |[39m           name[33m,[39m[0m

      at settleWorker (test/utils/g2-s11-pg-harness.ts:183:15)
      at ChildProcess.<anonymous> (test/utils/g2-s11-pg-harness.ts:202:7)

  console.warn
    PG17_PROCESS {"name":"g2g_78","options":{"action":"ingest","coach":"s11b-coach-a","intent":"980bab7f-4736-4980-b4a0-95c1ddc6470c","body":{"entity_type":"people","entities":[{"sourceId":"p-1","payload":{"name":"Synthetic p-1"}},{"sourceId":"p-2","payload":{"name":"Synthetic p-2"}}]},"host":"P1","role":"ext"},"result":{"received":2,"deduped":0},"queries":8,"pid":5883}

    [0m [90m 181 |[39m       }
     [90m 182 |[39m       [90m// Query shapes, outcomes, fixture identifiers and process IDs only; never parameters.[39m
    [31m[1m>[22m[39m[90m 183 |[39m       console[33m.[39mwarn(
     [90m     |[39m               [31m[1m^[22m[39m
     [90m 184 |[39m         [32m'PG17_PROCESS'[39m[33m,[39m
     [90m 185 |[39m         [33mJSON[39m[33m.[39mstringify({
     [90m 186 |[39m           name[33m,[39m[0m

      at settleWorker (test/utils/g2-s11-pg-harness.ts:183:15)
      at ChildProcess.<anonymous> (test/utils/g2-s11-pg-harness.ts:202:7)

  console.warn
    PG17_PROCESS {"name":"g2g_79","options":{"action":"ingest","coach":"s11b-coach-a","intent":"980bab7f-4736-4980-b4a0-95c1ddc6470c","body":{"entity_type":"blocks","entities":[{"sourceId":"blk-1","payload":{"title":"Base Block","weeks":4,"days":3,"notes":"synthetic"}}]},"host":"P2","role":"ext"},"result":{"received":1,"deduped":0},"queries":8,"pid":5903}

    [0m [90m 181 |[39m       }
     [90m 182 |[39m       [90m// Query shapes, outcomes, fixture identifiers and process IDs only; never parameters.[39m
    [31m[1m>[22m[39m[90m 183 |[39m       console[33m.[39mwarn(
     [90m     |[39m               [31m[1m^[22m[39m
     [90m 184 |[39m         [32m'PG17_PROCESS'[39m[33m,[39m
     [90m 185 |[39m         [33mJSON[39m[33m.[39mstringify({
     [90m 186 |[39m           name[33m,[39m[0m

      at settleWorker (test/utils/g2-s11-pg-harness.ts:183:15)
      at ChildProcess.<anonymous> (test/utils/g2-s11-pg-harness.ts:202:7)

  console.warn
    PG17_PROCESS {"name":"g2g_80","options":{"action":"ingest","coach":"s11b-coach-a","intent":"980bab7f-4736-4980-b4a0-95c1ddc6470c","body":{"entity_type":"routines","entities":[{"sourceId":"rt-1","payload":{"title":"Push Day","kind":"lift","minutes":45,"exercises":[{"id":"e1","exercise":"22222222-2222-4222-8222-222222222222","sets":3,"reps":8,"kg":100}]}}]},"host":"P1","role":"ext"},"result":{"received":1,"deduped":0},"queries":8,"pid":5924}

    [0m [90m 181 |[39m       }
     [90m 182 |[39m       [90m// Query shapes, outcomes, fixture identifiers and process IDs only; never parameters.[39m
    [31m[1m>[22m[39m[90m 183 |[39m       console[33m.[39mwarn(
     [90m     |[39m               [31m[1m^[22m[39m
     [90m 184 |[39m         [32m'PG17_PROCESS'[39m[33m,[39m
     [90m 185 |[39m         [33mJSON[39m[33m.[39mstringify({
     [90m 186 |[39m           name[33m,[39m[0m

      at settleWorker (test/utils/g2-s11-pg-harness.ts:183:15)
      at ChildProcess.<anonymous> (test/utils/g2-s11-pg-harness.ts:202:7)

  console.warn
    PG17_PROCESS {"name":"g2g_81","options":{"action":"ingest","coach":"s11b-coach-a","intent":"980bab7f-4736-4980-b4a0-95c1ddc6470c","body":{"entity_type":"log","entities":[{"sourceId":"h-1","payload":{"title":"note"}}]},"host":"P2","role":"ext"},"result":{"received":1,"deduped":0},"queries":8,"pid":5944}

    [0m [90m 181 |[39m       }
     [90m 182 |[39m       [90m// Query shapes, outcomes, fixture identifiers and process IDs only; never parameters.[39m
    [31m[1m>[22m[39m[90m 183 |[39m       console[33m.[39mwarn(
     [90m     |[39m               [31m[1m^[22m[39m
     [90m 184 |[39m         [32m'PG17_PROCESS'[39m[33m,[39m
     [90m 185 |[39m         [33mJSON[39m[33m.[39mstringify({
     [90m 186 |[39m           name[33m,[39m[0m

      at settleWorker (test/utils/g2-s11-pg-harness.ts:183:15)
      at ChildProcess.<anonymous> (test/utils/g2-s11-pg-harness.ts:202:7)

  console.warn
    PG17_PROCESS {"name":"g2g_82","options":{"action":"complete","coach":"s11b-coach-a","intent":"980bab7f-4736-4980-b4a0-95c1ddc6470c","body":{"terminal_status":"success"},"host":"P1","role":"ext"},"result":{"acknowledged":true,"intent_id":"980bab7f-4736-4980-b4a0-95c1ddc6470c"},"queries":93,"pid":5966}

    [0m [90m 181 |[39m       }
     [90m 182 |[39m       [90m// Query shapes, outcomes, fixture identifiers and process IDs only; never parameters.[39m
    [31m[1m>[22m[39m[90m 183 |[39m       console[33m.[39mwarn(
     [90m     |[39m               [31m[1m^[22m[39m
     [90m 184 |[39m         [32m'PG17_PROCESS'[39m[33m,[39m
     [90m 185 |[39m         [33mJSON[39m[33m.[39mstringify({
     [90m 186 |[39m           name[33m,[39m[0m

      at settleWorker (test/utils/g2-s11-pg-harness.ts:183:15)
      at ChildProcess.<anonymous> (test/utils/g2-s11-pg-harness.ts:202:7)

  console.warn
    PG17_PROCESS {"name":"g2g_83","options":{"action":"complete","coach":"s11b-coach-a","intent":"980bab7f-4736-4980-b4a0-95c1ddc6470c","body":{"terminal_status":"success"},"host":"P2","role":"ext"},"result":{"acknowledged":true,"intent_id":"980bab7f-4736-4980-b4a0-95c1ddc6470c"},"queries":8,"pid":6010}

    [0m [90m 181 |[39m       }
     [90m 182 |[39m       [90m// Query shapes, outcomes, fixture identifiers and process IDs only; never parameters.[39m
    [31m[1m>[22m[39m[90m 183 |[39m       console[33m.[39mwarn(
     [90m     |[39m               [31m[1m^[22m[39m
     [90m 184 |[39m         [32m'PG17_PROCESS'[39m[33m,[39m
     [90m 185 |[39m         [33mJSON[39m[33m.[39mstringify({
     [90m 186 |[39m           name[33m,[39m[0m

      at settleWorker (test/utils/g2-s11-pg-harness.ts:183:15)
      at ChildProcess.<anonymous> (test/utils/g2-s11-pg-harness.ts:202:7)

  console.warn
    PG17_PROCESS {"name":"g2g_84","options":{"action":"pair-init","coach":"s11b-coach-a","body":{},"host":"P1","role":"phone"},"result":{"pairing_code":"577022","expires_at":"2026-09-27T21:28:41.735Z","import_intent_id":"4ac40c7c-dbba-4beb-912f-789c4c12ae2b"},"queries":11,"pid":6077}

    [0m [90m 181 |[39m       }
     [90m 182 |[39m       [90m// Query shapes, outcomes, fixture identifiers and process IDs only; never parameters.[39m
    [31m[1m>[22m[39m[90m 183 |[39m       console[33m.[39mwarn(
     [90m     |[39m               [31m[1m^[22m[39m
     [90m 184 |[39m         [32m'PG17_PROCESS'[39m[33m,[39m
     [90m 185 |[39m         [33mJSON[39m[33m.[39mstringify({
     [90m 186 |[39m           name[33m,[39m[0m

      at settleWorker (test/utils/g2-s11-pg-harness.ts:183:15)
      at ChildProcess.<anonymous> (test/utils/g2-s11-pg-harness.ts:202:7)

  console.warn
    PG17_PROCESS {"name":"g2g_85","options":{"action":"pair-redeem","coach":"unauthenticated","body":{"code":"577022"},"host":"P2","role":"ext"},"result":{"access_token":"synthetic-access-1","refresh_token":"synthetic-refresh-1","chosen_platform":"s11-label","import_intent_id":"4ac40c7c-dbba-4beb-912f-789c4c12ae2b"},"queries":10,"pid":6096}

    [0m [90m 181 |[39m       }
     [90m 182 |[39m       [90m// Query shapes, outcomes, fixture identifiers and process IDs only; never parameters.[39m
    [31m[1m>[22m[39m[90m 183 |[39m       console[33m.[39mwarn(
     [90m     |[39m               [31m[1m^[22m[39m
     [90m 184 |[39m         [32m'PG17_PROCESS'[39m[33m,[39m
     [90m 185 |[39m         [33mJSON[39m[33m.[39mstringify({
     [90m 186 |[39m           name[33m,[39m[0m

      at settleWorker (test/utils/g2-s11-pg-harness.ts:183:15)
      at ChildProcess.<anonymous> (test/utils/g2-s11-pg-harness.ts:202:7)

  console.warn
    PG17_PROCESS {"name":"g2g_86","options":{"action":"start","coach":"s11b-coach-a","intent":"4ac40c7c-dbba-4beb-912f-789c4c12ae2b","host":"P2","role":"phone"},"result":{"intent_id":"4ac40c7c-dbba-4beb-912f-789c4c12ae2b","mode":"server","phase":"discovering","execution_epoch":1,"accepted_start_at":"2026-09-27T21:26:46.164Z","deadline_at":"2026-09-27T21:31:46.164Z"},"queries":3,"pid":6115}

    [0m [90m 181 |[39m       }
     [90m 182 |[39m       [90m// Query shapes, outcomes, fixture identifiers and process IDs only; never parameters.[39m
    [31m[1m>[22m[39m[90m 183 |[39m       console[33m.[39mwarn(
     [90m     |[39m               [31m[1m^[22m[39m
     [90m 184 |[39m         [32m'PG17_PROCESS'[39m[33m,[39m
     [90m 185 |[39m         [33mJSON[39m[33m.[39mstringify({
     [90m 186 |[39m           name[33m,[39m[0m

      at settleWorker (test/utils/g2-s11-pg-harness.ts:183:15)
      at ChildProcess.<anonymous> (test/utils/g2-s11-pg-harness.ts:202:7)

  console.warn
    PG17_PROCESS {"name":"g2g_87","options":{"action":"ingest","coach":"s11b-coach-a","intent":"4ac40c7c-dbba-4beb-912f-789c4c12ae2b","body":{"entity_type":"people","entities":[{"sourceId":"p-1","payload":{"name":"Synthetic p-1"}},{"sourceId":"p-2","payload":{"name":"Synthetic p-2"}}]},"host":"P1","role":"ext"},"result":{"received":2,"deduped":0},"queries":8,"pid":6134}

    [0m [90m 181 |[39m       }
     [90m 182 |[39m       [90m// Query shapes, outcomes, fixture identifiers and process IDs only; never parameters.[39m
    [31m[1m>[22m[39m[90m 183 |[39m       console[33m.[39mwarn(
     [90m     |[39m               [31m[1m^[22m[39m
     [90m 184 |[39m         [32m'PG17_PROCESS'[39m[33m,[39m
     [90m 185 |[39m         [33mJSON[39m[33m.[39mstringify({
     [90m 186 |[39m           name[33m,[39m[0m

      at settleWorker (test/utils/g2-s11-pg-harness.ts:183:15)
      at ChildProcess.<anonymous> (test/utils/g2-s11-pg-harness.ts:202:7)

  console.warn
    PG17_PROCESS {"name":"g2g_88","options":{"action":"ingest","coach":"s11b-coach-a","intent":"4ac40c7c-dbba-4beb-912f-789c4c12ae2b","body":{"entity_type":"blocks","entities":[{"sourceId":"blk-1","payload":{"title":"Base Block","weeks":4,"days":3,"notes":"synthetic"}}]},"host":"P2","role":"ext"},"result":{"received":1,"deduped":0},"queries":8,"pid":6155}

    [0m [90m 181 |[39m       }
     [90m 182 |[39m       [90m// Query shapes, outcomes, fixture identifiers and process IDs only; never parameters.[39m
    [31m[1m>[22m[39m[90m 183 |[39m       console[33m.[39mwarn(
     [90m     |[39m               [31m[1m^[22m[39m
     [90m 184 |[39m         [32m'PG17_PROCESS'[39m[33m,[39m
     [90m 185 |[39m         [33mJSON[39m[33m.[39mstringify({
     [90m 186 |[39m           name[33m,[39m[0m

      at settleWorker (test/utils/g2-s11-pg-harness.ts:183:15)
      at ChildProcess.<anonymous> (test/utils/g2-s11-pg-harness.ts:202:7)

  console.warn
    PG17_PROCESS {"name":"g2g_89","options":{"action":"ingest","coach":"s11b-coach-a","intent":"4ac40c7c-dbba-4beb-912f-789c4c12ae2b","body":{"entity_type":"routines","entities":[{"sourceId":"rt-1","payload":{"title":"Push Day","kind":"lift","minutes":45,"exercises":[{"id":"e1","exercise":"22222222-2222-4222-8222-222222222222","sets":3,"reps":8,"kg":100}]}}]},"host":"P1","role":"ext"},"result":{"received":1,"deduped":0},"queries":8,"pid":6175}

    [0m [90m 181 |[39m       }
     [90m 182 |[39m       [90m// Query shapes, outcomes, fixture identifiers and process IDs only; never parameters.[39m
    [31m[1m>[22m[39m[90m 183 |[39m       console[33m.[39mwarn(
     [90m     |[39m               [31m[1m^[22m[39m
     [90m 184 |[39m         [32m'PG17_PROCESS'[39m[33m,[39m
     [90m 185 |[39m         [33mJSON[39m[33m.[39mstringify({
     [90m 186 |[39m           name[33m,[39m[0m

      at settleWorker (test/utils/g2-s11-pg-harness.ts:183:15)
      at ChildProcess.<anonymous> (test/utils/g2-s11-pg-harness.ts:202:7)

  console.warn
    PG17_PROCESS {"name":"g2g_90","options":{"action":"ingest","coach":"s11b-coach-a","intent":"4ac40c7c-dbba-4beb-912f-789c4c12ae2b","body":{"entity_type":"log","entities":[{"sourceId":"h-1","payload":{"title":"note"}}]},"host":"P2","role":"ext"},"result":{"received":1,"deduped":0},"queries":8,"pid":6197}

    [0m [90m 181 |[39m       }
     [90m 182 |[39m       [90m// Query shapes, outcomes, fixture identifiers and process IDs only; never parameters.[39m
    [31m[1m>[22m[39m[90m 183 |[39m       console[33m.[39mwarn(
     [90m     |[39m               [31m[1m^[22m[39m
     [90m 184 |[39m         [32m'PG17_PROCESS'[39m[33m,[39m
     [90m 185 |[39m         [33mJSON[39m[33m.[39mstringify({
     [90m 186 |[39m           name[33m,[39m[0m

      at settleWorker (test/utils/g2-s11-pg-harness.ts:183:15)
      at ChildProcess.<anonymous> (test/utils/g2-s11-pg-harness.ts:202:7)

  console.warn
    PG17_PROCESS {"name":"g2g_92","options":{"action":"fence","coach":"s11b-coach-a","intent":"4ac40c7c-dbba-4beb-912f-789c4c12ae2b","body":{"reason":"revoked"},"host":"P2","role":"phone"},"result":{"terminal_status":"blocked","reason_code":"revoked","execution_epoch":2},"queries":7,"pid":6248}

    [0m [90m 181 |[39m       }
     [90m 182 |[39m       [90m// Query shapes, outcomes, fixture identifiers and process IDs only; never parameters.[39m
    [31m[1m>[22m[39m[90m 183 |[39m       console[33m.[39mwarn(
     [90m     |[39m               [31m[1m^[22m[39m
     [90m 184 |[39m         [32m'PG17_PROCESS'[39m[33m,[39m
     [90m 185 |[39m         [33mJSON[39m[33m.[39mstringify({
     [90m 186 |[39m           name[33m,[39m[0m

      at settleWorker (test/utils/g2-s11-pg-harness.ts:183:15)
      at ChildProcess.<anonymous> (test/utils/g2-s11-pg-harness.ts:202:7)

  console.warn
    PG17_PROCESS {"name":"g2g_93","options":{"action":"complete","coach":"s11b-coach-a","intent":"4ac40c7c-dbba-4beb-912f-789c4c12ae2b","body":{"terminal_status":"success"},"host":"P1","role":"ext"},"result":{"acknowledged":true,"intent_id":"4ac40c7c-dbba-4beb-912f-789c4c12ae2b"},"queries":8,"pid":6273}

    [0m [90m 181 |[39m       }
     [90m 182 |[39m       [90m// Query shapes, outcomes, fixture identifiers and process IDs only; never parameters.[39m
    [31m[1m>[22m[39m[90m 183 |[39m       console[33m.[39mwarn(
     [90m     |[39m               [31m[1m^[22m[39m
     [90m 184 |[39m         [32m'PG17_PROCESS'[39m[33m,[39m
     [90m 185 |[39m         [33mJSON[39m[33m.[39mstringify({
     [90m 186 |[39m           name[33m,[39m[0m

      at settleWorker (test/utils/g2-s11-pg-harness.ts:183:15)
      at ChildProcess.<anonymous> (test/utils/g2-s11-pg-harness.ts:202:7)

  console.warn
    PG17_PROCESS {"name":"g2g_94","options":{"action":"complete","coach":"s11b-coach-a","intent":"8fcf86a8-e494-421f-8e48-748076a7b370","body":{"terminal_status":"success"},"host":"P1","role":"ext"},"failure":{"status":409,"message":"No server-owned run has been started for this intent.","response":{"code":"run_not_started","message":"No server-owned run has been started for this intent."}},"queries":8,"pid":6309}

    [0m [90m 181 |[39m       }
     [90m 182 |[39m       [90m// Query shapes, outcomes, fixture identifiers and process IDs only; never parameters.[39m
    [31m[1m>[22m[39m[90m 183 |[39m       console[33m.[39mwarn(
     [90m     |[39m               [31m[1m^[22m[39m
     [90m 184 |[39m         [32m'PG17_PROCESS'[39m[33m,[39m
     [90m 185 |[39m         [33mJSON[39m[33m.[39mstringify({
     [90m 186 |[39m           name[33m,[39m[0m

      at settleWorker (test/utils/g2-s11-pg-harness.ts:183:15)
      at ChildProcess.<anonymous> (test/utils/g2-s11-pg-harness.ts:202:7)

  console.warn
    PG17_PROCESS {"name":"g2g_95","options":{"action":"complete","coach":"s11b-coach-a","intent":"8fcf86a8-e494-421f-8e48-748076a7b370","body":{"terminal_status":"success"},"host":"P2","role":"ext"},"failure":{"status":409,"message":"No server-owned run has been started for this intent.","response":{"code":"run_not_started","message":"No server-owned run has been started for this intent."}},"queries":8,"pid":6330}

    [0m [90m 181 |[39m       }
     [90m 182 |[39m       [90m// Query shapes, outcomes, fixture identifiers and process IDs only; never parameters.[39m
    [31m[1m>[22m[39m[90m 183 |[39m       console[33m.[39mwarn(
     [90m     |[39m               [31m[1m^[22m[39m
     [90m 184 |[39m         [32m'PG17_PROCESS'[39m[33m,[39m
     [90m 185 |[39m         [33mJSON[39m[33m.[39mstringify({
     [90m 186 |[39m           name[33m,[39m[0m

      at settleWorker (test/utils/g2-s11-pg-harness.ts:183:15)
      at ChildProcess.<anonymous> (test/utils/g2-s11-pg-harness.ts:202:7)

  console.warn
    PG17_PROCESS {"name":"g2g_96","options":{"action":"pair-init","coach":"s11b-coach-a","body":{},"host":"P1","role":"phone"},"result":{"pairing_code":"929186","expires_at":"2026-09-27T21:29:08.903Z","import_intent_id":"01c28b45-2fcf-48ac-b761-da72aa70466c"},"queries":11,"pid":6365}

    [0m [90m 181 |[39m       }
     [90m 182 |[39m       [90m// Query shapes, outcomes, fixture identifiers and process IDs only; never parameters.[39m
    [31m[1m>[22m[39m[90m 183 |[39m       console[33m.[39mwarn(
     [90m     |[39m               [31m[1m^[22m[39m
     [90m 184 |[39m         [32m'PG17_PROCESS'[39m[33m,[39m
     [90m 185 |[39m         [33mJSON[39m[33m.[39mstringify({
     [90m 186 |[39m           name[33m,[39m[0m

      at settleWorker (test/utils/g2-s11-pg-harness.ts:183:15)
      at ChildProcess.<anonymous> (test/utils/g2-s11-pg-harness.ts:202:7)

  console.warn
    PG17_PROCESS {"name":"g2g_97","options":{"action":"pair-redeem","coach":"unauthenticated","body":{"code":"929186"},"host":"P2","role":"ext"},"result":{"access_token":"synthetic-access-1","refresh_token":"synthetic-refresh-1","chosen_platform":"s11-label","import_intent_id":"01c28b45-2fcf-48ac-b761-da72aa70466c"},"queries":10,"pid":6400}

    [0m [90m 181 |[39m       }
     [90m 182 |[39m       [90m// Query shapes, outcomes, fixture identifiers and process IDs only; never parameters.[39m
    [31m[1m>[22m[39m[90m 183 |[39m       console[33m.[39mwarn(
     [90m     |[39m               [31m[1m^[22m[39m
     [90m 184 |[39m         [32m'PG17_PROCESS'[39m[33m,[39m
     [90m 185 |[39m         [33mJSON[39m[33m.[39mstringify({
     [90m 186 |[39m           name[33m,[39m[0m

      at settleWorker (test/utils/g2-s11-pg-harness.ts:183:15)
      at ChildProcess.<anonymous> (test/utils/g2-s11-pg-harness.ts:202:7)

  console.warn
    PG17_PROCESS {"name":"g2g_98","options":{"action":"start","coach":"s11b-coach-a","intent":"01c28b45-2fcf-48ac-b761-da72aa70466c","host":"P2","role":"phone"},"result":{"intent_id":"01c28b45-2fcf-48ac-b761-da72aa70466c","mode":"server","phase":"discovering","execution_epoch":1,"accepted_start_at":"2026-09-27T21:27:13.374Z","deadline_at":"2026-09-27T21:32:13.374Z"},"queries":3,"pid":6420}

    [0m [90m 181 |[39m       }
     [90m 182 |[39m       [90m// Query shapes, outcomes, fixture identifiers and process IDs only; never parameters.[39m
    [31m[1m>[22m[39m[90m 183 |[39m       console[33m.[39mwarn(
     [90m     |[39m               [31m[1m^[22m[39m
     [90m 184 |[39m         [32m'PG17_PROCESS'[39m[33m,[39m
     [90m 185 |[39m         [33mJSON[39m[33m.[39mstringify({
     [90m 186 |[39m           name[33m,[39m[0m

      at settleWorker (test/utils/g2-s11-pg-harness.ts:183:15)
      at ChildProcess.<anonymous> (test/utils/g2-s11-pg-harness.ts:202:7)

  console.warn
    PG17_PROCESS {"name":"g2g_99","options":{"action":"ingest","coach":"s11b-coach-a","intent":"01c28b45-2fcf-48ac-b761-da72aa70466c","body":{"entity_type":"people","entities":[{"sourceId":"p-1","payload":{"name":"Synthetic p-1"}},{"sourceId":"p-2","payload":{"name":"Synthetic p-2"}}]},"host":"P1","role":"ext"},"result":{"received":2,"deduped":0},"queries":8,"pid":6439}

    [0m [90m 181 |[39m       }
     [90m 182 |[39m       [90m// Query shapes, outcomes, fixture identifiers and process IDs only; never parameters.[39m
    [31m[1m>[22m[39m[90m 183 |[39m       console[33m.[39mwarn(
     [90m     |[39m               [31m[1m^[22m[39m
     [90m 184 |[39m         [32m'PG17_PROCESS'[39m[33m,[39m
     [90m 185 |[39m         [33mJSON[39m[33m.[39mstringify({
     [90m 186 |[39m           name[33m,[39m[0m

      at settleWorker (test/utils/g2-s11-pg-harness.ts:183:15)
      at ChildProcess.<anonymous> (test/utils/g2-s11-pg-harness.ts:202:7)

  console.warn
    PG17_PROCESS {"name":"g2g_100","options":{"action":"ingest","coach":"s11b-coach-a","intent":"01c28b45-2fcf-48ac-b761-da72aa70466c","body":{"entity_type":"blocks","entities":[{"sourceId":"blk-1","payload":{"title":"Base Block","weeks":4,"days":3,"notes":"synthetic"}}]},"host":"P2","role":"ext"},"result":{"received":1,"deduped":0},"queries":8,"pid":6460}

    [0m [90m 181 |[39m       }
     [90m 182 |[39m       [90m// Query shapes, outcomes, fixture identifiers and process IDs only; never parameters.[39m
    [31m[1m>[22m[39m[90m 183 |[39m       console[33m.[39mwarn(
     [90m     |[39m               [31m[1m^[22m[39m
     [90m 184 |[39m         [32m'PG17_PROCESS'[39m[33m,[39m
     [90m 185 |[39m         [33mJSON[39m[33m.[39mstringify({
     [90m 186 |[39m           name[33m,[39m[0m

      at settleWorker (test/utils/g2-s11-pg-harness.ts:183:15)
      at ChildProcess.<anonymous> (test/utils/g2-s11-pg-harness.ts:202:7)

  console.warn
    PG17_PROCESS {"name":"g2g_101","options":{"action":"ingest","coach":"s11b-coach-a","intent":"01c28b45-2fcf-48ac-b761-da72aa70466c","body":{"entity_type":"routines","entities":[{"sourceId":"rt-1","payload":{"title":"Push Day","kind":"lift","minutes":45,"exercises":[{"id":"e1","exercise":"22222222-2222-4222-8222-222222222222","sets":3,"reps":8,"kg":100}]}}]},"host":"P1","role":"ext"},"result":{"received":1,"deduped":0},"queries":8,"pid":6486}

    [0m [90m 181 |[39m       }
     [90m 182 |[39m       [90m// Query shapes, outcomes, fixture identifiers and process IDs only; never parameters.[39m
    [31m[1m>[22m[39m[90m 183 |[39m       console[33m.[39mwarn(
     [90m     |[39m               [31m[1m^[22m[39m
     [90m 184 |[39m         [32m'PG17_PROCESS'[39m[33m,[39m
     [90m 185 |[39m         [33mJSON[39m[33m.[39mstringify({
     [90m 186 |[39m           name[33m,[39m[0m

      at settleWorker (test/utils/g2-s11-pg-harness.ts:183:15)
      at ChildProcess.<anonymous> (test/utils/g2-s11-pg-harness.ts:202:7)

  console.warn
    PG17_PROCESS {"name":"g2g_102","options":{"action":"ingest","coach":"s11b-coach-a","intent":"01c28b45-2fcf-48ac-b761-da72aa70466c","body":{"entity_type":"log","entities":[{"sourceId":"h-1","payload":{"title":"note"}}]},"host":"P2","role":"ext"},"result":{"received":1,"deduped":0},"queries":8,"pid":6509}

    [0m [90m 181 |[39m       }
     [90m 182 |[39m       [90m// Query shapes, outcomes, fixture identifiers and process IDs only; never parameters.[39m
    [31m[1m>[22m[39m[90m 183 |[39m       console[33m.[39mwarn(
     [90m     |[39m               [31m[1m^[22m[39m
     [90m 184 |[39m         [32m'PG17_PROCESS'[39m[33m,[39m
     [90m 185 |[39m         [33mJSON[39m[33m.[39mstringify({
     [90m 186 |[39m           name[33m,[39m[0m

      at settleWorker (test/utils/g2-s11-pg-harness.ts:183:15)
      at ChildProcess.<anonymous> (test/utils/g2-s11-pg-harness.ts:202:7)

  console.warn
    PG17_PROCESS {"name":"g2g_104","options":{"action":"complete","coach":"s11b-coach-b","intent":"01c28b45-2fcf-48ac-b761-da72aa70466c","body":{"terminal_status":"success"},"host":"P2","role":"ext"},"result":{"acknowledged":true,"intent_id":"01c28b45-2fcf-48ac-b761-da72aa70466c"},"queries":6,"pid":6571}

    [0m [90m 181 |[39m       }
     [90m 182 |[39m       [90m// Query shapes, outcomes, fixture identifiers and process IDs only; never parameters.[39m
    [31m[1m>[22m[39m[90m 183 |[39m       console[33m.[39mwarn(
     [90m     |[39m               [31m[1m^[22m[39m
     [90m 184 |[39m         [32m'PG17_PROCESS'[39m[33m,[39m
     [90m 185 |[39m         [33mJSON[39m[33m.[39mstringify({
     [90m 186 |[39m           name[33m,[39m[0m

      at settleWorker (test/utils/g2-s11-pg-harness.ts:183:15)
      at ChildProcess.<anonymous> (test/utils/g2-s11-pg-harness.ts:202:7)

  console.warn
    PG17_PROCESS {"name":"g2g_105","options":{"action":"complete","coach":"s11b-coach-a","intent":"01c28b45-2fcf-48ac-b761-da72aa70466c","body":{"terminal_status":"success"},"host":"P1","role":"ext"},"result":{"acknowledged":true,"intent_id":"01c28b45-2fcf-48ac-b761-da72aa70466c"},"queries":98,"pid":6613}

    [0m [90m 181 |[39m       }
     [90m 182 |[39m       [90m// Query shapes, outcomes, fixture identifiers and process IDs only; never parameters.[39m
    [31m[1m>[22m[39m[90m 183 |[39m       console[33m.[39mwarn(
     [90m     |[39m               [31m[1m^[22m[39m
     [90m 184 |[39m         [32m'PG17_PROCESS'[39m[33m,[39m
     [90m 185 |[39m         [33mJSON[39m[33m.[39mstringify({
     [90m 186 |[39m           name[33m,[39m[0m

      at settleWorker (test/utils/g2-s11-pg-harness.ts:183:15)
      at ChildProcess.<anonymous> (test/utils/g2-s11-pg-harness.ts:202:7)

PASS test/scout/s11/settle-redrive.pg.spec.ts (249.193 s)
  S11-B settle re-drive — two hosts over one disposable PG (J12-J15)
    ✓ J12 (G1): P1 is killed after the claim and the first reconstruction row committed — the replayed claim on P2 re-drives the settle and the verdict equals the uninterrupted reference; a third claim is a no-op (49350 ms)
    ✓ J12 edge: P1 is killed right after the claim commits (no reconstruction row yet) — the replay on P2 produces the identical reference verdict (38709 ms)
    ✓ J13: two replayed claims race on P1 and P2 — BOTH provably enter the re-drive branch (refused claim, eligibility gate, pass) and stand at the tail lock before either takes it; one terminal write, one basis row, one settled event; the loser's CAS miss is silent (39568 ms)
    ✓ J14: the re-drive preserves the claim — an interrupted `partial` claim replayed as `success` keeps the stored claim and produces the uninterrupted `partial` verdict (40946 ms)
    ✓ J15 (a): a replay after a clean settle is today's ack no-op — the gate closes before any claim INSERT; no pending read, no terminal, no basis, no push, no event; row and verdict unchanged (20672 ms)
    ✓ J15 (b): a fence after the loss closes the gate — the replay acks without a re-drive; the fence's terminal, epoch and the partial ledger stay exactly as the fence left them (22521 ms)
    ✓ J15 (c): before any claim a paired-but-never-started intent is still 409 run_not_started on either host, with no completion row (4620 ms)
    ✓ tenant scope: coach B's claim under A's stuck intent string never reaches A's gate, pending read or settle (J07 rule: it is B's legacy path); A's run, ledger and claim are byte-equal, and A's own replay then settles (23043 ms)

Test Suites: 1 passed, 1 total
Tests:       8 passed, 8 total
Snapshots:   0 total
Time:        249.442 s
Ran all test suites within paths "test/scout/s11/settle-redrive.pg.spec.ts".
