LAUNCH 2026-09-22T00:29:32Z pid=30907 stage=resume bound=1800s
OFFLINE_GUARD_OK stage=resume rev=6
LOCK_HELD /home/user/workspace/execution/test-validation.lock stage=resume pid=30911
TS=20260922T002932Z STAGE=resume RUNNER=s5-r3 REV=6 START=2026-09-22T00:29:32Z
WORKTREE=/home/user/workspace/worktrees/s5-r3 BRANCH=execute/20260921-s5-r3
HEAD=143d451ead6ccdbebd92ca3031ba7a89867d6cfc TREE=d0e122d35022377196908b7d132fc34c1af2fc6b CLEAN=yes DIRTY_FINGERPRINT=none
PACKAGE_LOCK_BLOB=354de3dae19449970497da6e4d87f0a1225a8f43 NODE_MODULES_PACKAGE_LOCK_SHA256=05bc530aa44bfa6df64f0daa8edb66c5181abf4bfbc309bd8da2c8aff37b6a44
node v20.20.1 npm 10.8.2 git 2.53.0 psql: psql (PostgreSQL) 18.6 (Ubuntu 18.6-0ubuntu0.26.04.1)
PIN host=127.0.0.1 port=54325 db=g2_s5_etq0_disposable admin=s5_super datadir=/home/user/pg17/clusters/s5 version=170006 cluster_marker=s5-disposable-pg17 db_marker=s5-g2-etq0-synthetic-disposable-fixture-safe-to-drop
PG_DIST=/home/user/pg17/dist postgres_sha256=23cd174849b273064c47d581b55be596be2f5cf0ee5d3e76c0146e2464bf873a version=postgres (PostgreSQL) 17.6
PROVENANCE artifact=https://repo1.maven.org/maven2/io/zonky/test/postgres/embedded-postgres-binaries-linux-amd64/17.6.0/embedded-postgres-binaries-linux-amd64-17.6.0.jar
PROVENANCE jar_sha256=23da5a044b4fb7a5a081a45008c95749c873305328d73f86aefd56922ce1d29d
PROVENANCE postgres_sha256=23cd174849b273064c47d581b55be596be2f5cf0ee5d3e76c0146e2464bf873a
PROVENANCE installed_by=execution/s2-composition/infra/setup-20-pg17.sh
PROVENANCE utc=2026-09-21T23:52:13Z
PROVENANCE result=success
DATA_DIRECTORY_STATE=present
G2_PG17_CONFIRM=g2_s5_etq0_disposable:54325
G2_PG17_DATABASE_URL=postgresql://s5_super@127.0.0.1:54325/g2_s5_etq0_disposable?schema=public&connection_limit=2
G2_PG17_DATA_DIRECTORY=/home/user/pg17/clusters/s5
G2_PG17_OLD_CLIENT=/home/user/workspace/execution/s5-r3/old-root-925780e0/.g2-old-client
G2_PG17_OLD_ROOT=/home/user/workspace/execution/s5-r3/old-root-925780e0
G2_PG17_PSQL=/usr/bin/psql
G2_PG17_SERVER_VERSION=170006
NODE_OPTIONS=--max-old-space-size=4096
PRISMA_GENERATE_SKIP_AUTOINSTALL=1
NPM_ROOT_FACT /home/user/package.json absent
NPM_ROOT_FACT /home/user/package-lock.json absent
NPM_ROOT_FACT /home/user/node_modules absent
NPM_ROOT_FACT /home/user/workspace/package.json absent
NPM_ROOT_FACT /home/user/workspace/package-lock.json absent
NPM_ROOT_FACT /home/user/workspace/node_modules absent
NPM_ROOT_FACT /home/user/workspace/execution/s5-r3/package.json absent
NPM_ROOT_FACT /home/user/workspace/execution/s5-r3/package-lock.json absent
NPM_ROOT_FACT /home/user/workspace/execution/s5-r3/node_modules absent
NPM_ROOT_FACT /home/user/workspace/execution/s5-r3/old-root-925780e0/package.json size=3621 sha256=afecdb3762df06075723dbe254a80bffe828b028bdb33576030d1ce0f936c5aa
NPM_ROOT_FACT /home/user/workspace/execution/s5-r3/old-root-925780e0/package-lock.json size=582661 sha256=b7fed5ed611c004615022cf69375b83956e9a69604807123fbe0e7965aea9c55
NPM_ROOT_FACT /home/user/workspace/execution/s5-r3/old-root-925780e0/node_modules symlink->/home/user/workspace/worktrees/s5-r3/node_modules
G2_PG17_PASSWORD=<from environment, not logged>
cpus=2 mem_mb=7966
PASS test/scout/g2-pg17-db-guard.spec.ts (8.318 s)
  S5 G2 PG17 disposable target guard
    ✓ accepts a confirmed loopback target and strips only Prisma options for psql (4 ms)
    ✓ refuses unsafe or ambiguous target postgresql://s5_super@localhost:55417/g2_s5_etq0_disposable (9 ms)
    ✓ refuses unsafe or ambiguous target postgresql://s5_super@db.supabase.co:55417/g2_s5_etq0_disposable (1 ms)
    ✓ refuses unsafe or ambiguous target postgresql://s5_super@127.0.0.1:5432/g2_s5_etq0_disposable (1 ms)
    ✓ refuses unsafe or ambiguous target postgresql://s5_super@127.0.0.1:6543/g2_s5_etq0_disposable (1 ms)
    ✓ refuses unsafe or ambiguous target postgresql://s5_super@127.0.0.1:55439/g2_s5_etq0_disposable (1 ms)
    ✓ refuses unsafe or ambiguous target postgresql://s5_super@127.0.0.1:70000/g2_s5_etq0_disposable (6 ms)
    ✓ refuses unsafe or ambiguous target postgresql://s5_super@127.0.0.1:55417/g2_tq0_disposable (1 ms)
    ✓ refuses unsafe or ambiguous target postgresql://s5_super@127.0.0.1:55417/g2_ledger_expand_disposable (1 ms)
    ✓ refuses unsafe or ambiguous target postgresql://s5_super@127.0.0.1:55417/postgres (1 ms)
    ✓ refuses unsafe or ambiguous target postgresql://service_role@127.0.0.1:55417/g2_s5_etq0_disposable (1 ms)
    ✓ refuses unsafe or ambiguous target postgresql://s5_super:secret@127.0.0.1:55417/g2_s5_etq0_disposable
    ✓ refuses unsafe or ambiguous target postgresql://postgres@127.0.0.1:55417/g2_s5_etq0_disposable (1 ms)
    ✓ refuses unsafe or ambiguous target postgresql://s5_super@127.0.0.1:54321/g2_s5_etq0_disposable (13 ms)
    ✓ refuses unsafe or ambiguous target postgres://s5_super@127.0.0.1:55417/g2_s5_etq0_disposable
    ✓ refuses unsafe or ambiguous target postgresql://s5_super@127.0.0.1:55417/g2_s5_etq0_disposable?host=remote
    ✓ refuses unsafe or ambiguous target postgresql://s5_super@127.0.0.1:55417/g2_s5_etq0_disposable?sslmode=disable (1 ms)
    ✓ refuses unsafe or ambiguous target postgresql://s5_super@127.0.0.1:55417/g2_s5_etq0_disposable?options=-csearch_path%3Dprivate (1 ms)
    ✓ refuses unsafe or ambiguous target postgresql://s5_super@127.0.0.1:55417/g2_s5_etq0_disposable?schema=private
    ✓ refuses unsafe or ambiguous target postgresql://s5_super@127.0.0.1:55417/g2_s5_etq0_disposable?connection_limit=0 (1 ms)
    ✓ refuses unsafe or ambiguous target postgresql://s5_super@127.0.0.1:55417/g2_s5_etq0_disposable?connection_limit=01 (1 ms)
    ✓ refuses unsafe or ambiguous target postgresql://s5_super@127.0.0.1:55417/g2_s5_etq0_disposable?connect_timeout=11
    ✓ refuses unsafe or ambiguous target postgresql://s5_super@127.0.0.1:55417/g2_s5_etq0_disposable?schema=public&schema=public
    ✓ refuses unsafe or ambiguous target postgresql://s5_super@127.0.0.1:55417/g2_s5_etq0_disposable#fragment (1 ms)
    ✓ refuses absent, mistaken or port-mismatched confirmation (1 ms)
    ✓ pins distinctive, non-blank fixture markers that bootstrap carries verbatim (2 ms)
    ✓ attaches the fixture password only from the environment and only in plain form (3 ms)

Test Suites: 1 passed, 1 total
Tests:       27 passed, 27 total
Snapshots:   0 total
Time:        8.564 s, estimated 9 s
Ran all test suites matching test/scout/g2-pg17-db-guard.spec.ts.
old root already exists; verifying only
node_modules symlink -> /home/user/workspace/worktrees/s5-r3/node_modules
old_root=/home/user/workspace/execution/s5-r3/old-root-925780e0 head=925780e0a1906593e5383c618311b6b17364b8dc detached=yes migrations=164 alternates=none
G2_PG17_OLD_ROOT_OK
S5_FIXTURE_START_OK pid=31307
LOCK_EXCLUSIVE_OK pid=30911
PREFLIGHT version=170006 cluster=s5-disposable-pg17 datadir=/home/user/pg17/clusters/s5 listen=127.0.0.1 addr=127.0.0.1 port=54325 user=s5_super super=t hosted_roles=0 dbs=[g2_s5_etq0_disposable postgres template0 template1] target_exists=1 target_marker=s5-g2-etq0-synthetic-disposable-fixture-safe-to-drop target_sessions=0
PREFLIGHT_OK target_exists=1
O_CLIENT_RESOLUTION pinned=/home/user/workspace/worktrees/s5-r3/node_modules/@prisma/client/package.json version=6.19.3 skip_autoinstall=1
O_CLIENT_GENERATED dir=/home/user/workspace/execution/s5-r3/old-root-925780e0/.g2-old-client engine_sha256=a2924eab1c78a0a7bb67edac5738939fa10589ef073af5542f53812a22e4a7d8 runtime_sha256=5a72b6f69474641f48a0f5ffee45802dc939c6333467371ebbd9102353eb7aae
sha256sum: /home/user/workspace/worktrees/s5-r3/node_modules/.prisma/client/runtime/library.js: No such file or directory
CANDIDATE_CLIENT_GENERATED dir=/home/user/workspace/worktrees/s5-r3/node_modules/.prisma/client engine_sha256=a2924eab1c78a0a7bb67edac5738939fa10589ef073af5542f53812a22e4a7d8 runtime_sha256=
G2_PG17_GENERATE_OK
  console.warn
    PG17_DATABASE {"port":54325,"user":"postgres","owner":"postgres","super":false,"address":"127.0.0.1","version":"170006","database":"g2_s5_etq0_disposable","bypassrls":true,"directory":"/home/user/pg17/clusters/s5"}

      49 |   expect(sql(`SELECT shobj_description(oid,'pg_database') FROM pg_database WHERE datname=current_database()`))
      50 |     .toBe(G2_PG17_DATABASE_MARKER);
    > 51 |   console.warn('PG17_DATABASE', JSON.stringify(identity));
         |           ^
      52 |   // Bootstrap leaves the full 164-migration O history and NO E column/history.
      53 |   expect(appliedMigrations()).toBe('164');
      54 |   expect(sql(`SELECT count(*) FROM "_prisma_migrations" WHERE migration_name=${quote(E)}`)).toBe('0');

      at Object.<anonymous> (test/rls-g2-pg17-etq0.spec.ts:51:11)

  console.warn
    PG17_API_ROLE_TABLE_PRIVILEGES Person=DELETE,INSERT,REFERENCES,SELECT,TRIGGER,TRUNCATE,UPDATE ScoutIngestEntity=DELETE,INSERT,REFERENCES,SELECT,TRIGGER,TRUNCATE,UPDATE ScoutReconstructedEntity=DELETE,INSERT,REFERENCES,SELECT,TRIGGER,TRUNCATE,UPDATE ScoutReconstructionLedger=DELETE,INSERT,REFERENCES,SELECT,TRIGGER,TRUNCATE,UPDATE

      70 |     GRANT ALL ON public."ScoutIngestEntity",public."ScoutReconstructionLedger",
      71 |       public."Person",public."ScoutReconstructedEntity",public."ScoutImport" TO service_role,anon,authenticated;`);
    > 72 |   console.warn('PG17_API_ROLE_TABLE_PRIVILEGES', sql(`SELECT string_agg(table_name||'='||privileges,' ' ORDER BY table_name) FROM (
         |           ^
      73 |     SELECT table_name, string_agg(privilege_type,',' ORDER BY privilege_type) privileges
      74 |     FROM information_schema.role_table_grants WHERE grantee='anon' AND table_schema='public'
      75 |     AND table_name IN ('ScoutIngestEntity','ScoutReconstructionLedger','Person','ScoutReconstructedEntity') GROUP BY 1) g`));

      at Object.<anonymous> (test/rls-g2-pg17-etq0.spec.ts:72:11)

  console.warn
    PG17_PROCESS {"name":"g2p17_1","old":true,"options":{},"result":{"intent_id":"intent","staged":600,"reconstructed":596,"skipped":8,"failed":21},"queries":2405,"pid":31944}

      161 |       if (code !== 0 || !result) { reject(new Error(`worker exited ${code}: ${output}`)); return; }
      162 |       // Query shapes, outcomes, fixture identifiers and process IDs only; never parameters.
    > 163 |       console.warn('PG17_PROCESS', JSON.stringify({ name, old, options: { ...options, cursor: options.cursor ? '<cursor>' : undefined },
          |               ^
      164 |         result: result.result, failure: result.failure, queries: result.queries.length, pid: result.pid }));
      165 |       resolveDone(result);
      166 |     };

      at settleWorker (test/utils/g2-pg17-harness.ts:163:15)
      at ChildProcess.<anonymous> (test/utils/g2-pg17-harness.ts:168:51)

  console.warn
    PG17_PROCESS {"name":"g2p17_2","old":true,"options":{"action":"roster","family":"clients","limit":7},"result":{"intent_id":"intent","accounting":{"staged":600,"reconstructed":596,"skipped":8,"failed":21},"persons":[],"page":{"limit":7,"next_cursor":"aDAwMDIw","has_more":true}},"queries":8,"pid":32115}

      161 |       if (code !== 0 || !result) { reject(new Error(`worker exited ${code}: ${output}`)); return; }
      162 |       // Query shapes, outcomes, fixture identifiers and process IDs only; never parameters.
    > 163 |       console.warn('PG17_PROCESS', JSON.stringify({ name, old, options: { ...options, cursor: options.cursor ? '<cursor>' : undefined },
          |               ^
      164 |         result: result.result, failure: result.failure, queries: result.queries.length, pid: result.pid }));
      165 |       resolveDone(result);
      166 |     };

      at settleWorker (test/utils/g2-pg17-harness.ts:163:15)
      at ChildProcess.<anonymous> (test/utils/g2-pg17-harness.ts:168:51)

  console.warn
    PG17_PROCESS {"name":"g2p17_3","old":true,"options":{"action":"roster","family":"clients","cursor":"<cursor>","limit":7},"result":{"intent_id":"intent","accounting":{"staged":600,"reconstructed":596,"skipped":8,"failed":21},"persons":[{"id":"5e8c73a2-1a48-4138-b7cf-9c2cb31f889a","state":"InvitePending","source_platform":"truecoach","source_person_id":"s00001","display_name":"Synthetic 1","created_at":"2026-09-22T00:30:15.929Z","updated_at":"2026-09-22T00:30:15.929Z"},{"id":"48ff49a3-d76b-42aa-9620-1b15477a834a","state":"InvitePending","source_platform":"truecoach","source_person_id":"s00002","display_name":"Synthetic 2","created_at":"2026-09-22T00:30:15.933Z","updated_at":"2026-09-22T00:30:15.933Z"},{"id":"66ac991f-5007-4393-bef6-55c6c2336c95","state":"InvitePending","source_platform":"truecoach","source_person_id":"s00003","display_name":"Synthetic 3","created_at":"2026-09-22T00:30:15.936Z","updated_at":"2026-09-22T00:30:15.936Z"},{"id":"57aafbd4-5731-4247-a07f-68ccfe1f5990","state":"InvitePending","source_platform":"truecoach","source_person_id":"s00004","display_name":"Synthetic 4","created_at":"2026-09-22T00:30:15.938Z","updated_at":"2026-09-22T00:30:15.938Z"},{"id":"5c639ff3-8e9c-4aba-bef9-411b9c904e65","state":"InvitePending","source_platform":"truecoach","source_person_id":"s00005","display_name":"Synthetic 5","created_at":"2026-09-22T00:30:15.942Z","updated_at":"2026-09-22T00:30:15.942Z"},{"id":"33925fd9-e7b4-46a8-9a7d-9e56a24cd4d2","state":"InvitePending","source_platform":"truecoach","source_person_id":"s00006","display_name":"Synthetic 6","created_at":"2026-09-22T00:30:15.944Z","updated_at":"2026-09-22T00:30:15.944Z"}],"page":{"limit":7,"next_cursor":"czAwMDA2","has_more":true}},"queries":8,"pid":32131}

      161 |       if (code !== 0 || !result) { reject(new Error(`worker exited ${code}: ${output}`)); return; }
      162 |       // Query shapes, outcomes, fixture identifiers and process IDs only; never parameters.
    > 163 |       console.warn('PG17_PROCESS', JSON.stringify({ name, old, options: { ...options, cursor: options.cursor ? '<cursor>' : undefined },
          |               ^
      164 |         result: result.result, failure: result.failure, queries: result.queries.length, pid: result.pid }));
      165 |       resolveDone(result);
      166 |     };

      at settleWorker (test/utils/g2-pg17-harness.ts:163:15)
      at ChildProcess.<anonymous> (test/utils/g2-pg17-harness.ts:168:51)

  console.warn
    PG17_PROCESS {"name":"g2p17_4","old":true,"options":{"action":"roster","family":"clients","cursor":"<cursor>","limit":7},"result":{"intent_id":"intent","accounting":{"staged":600,"reconstructed":596,"skipped":8,"failed":21},"persons":[{"id":"53e77ea6-447d-49cb-af60-2f6cf5e6b454","state":"InvitePending","source_platform":"truecoach","source_person_id":"s00007","display_name":"Synthetic 7","created_at":"2026-09-22T00:30:15.952Z","updated_at":"2026-09-22T00:30:15.952Z"},{"id":"6c137711-e6d7-4085-856b-3b35b143a31a","state":"InvitePending","source_platform":"truecoach","source_person_id":"s00008","display_name":"Synthetic 8","created_at":"2026-09-22T00:30:15.955Z","updated_at":"2026-09-22T00:30:15.955Z"},{"id":"d6b7fd7f-94ea-4c7f-8615-3f8ed1a8cd93","state":"InvitePending","source_platform":"truecoach","source_person_id":"s00009","display_name":"Synthetic 9","created_at":"2026-09-22T00:30:15.957Z","updated_at":"2026-09-22T00:30:15.957Z"},{"id":"cce14b6c-9e1c-412f-94d6-dcb469859d21","state":"InvitePending","source_platform":"truecoach","source_person_id":"s00010","display_name":"Synthetic 10","created_at":"2026-09-22T00:30:15.959Z","updated_at":"2026-09-22T00:30:15.959Z"},{"id":"bc773d9c-6591-4f84-a898-44a909111b53","state":"InvitePending","source_platform":"truecoach","source_person_id":"s00011","display_name":"Synthetic 11","created_at":"2026-09-22T00:30:15.960Z","updated_at":"2026-09-22T00:30:15.960Z"},{"id":"06917571-5c48-41ac-86c9-85768fb7732b","state":"InvitePending","source_platform":"truecoach","source_person_id":"s00012","display_name":"Synthetic 12","created_at":"2026-09-22T00:30:15.964Z","updated_at":"2026-09-22T00:30:15.964Z"},{"id":"7f8d96c0-7b01-481e-9a10-438c3ac839e3","state":"InvitePending","source_platform":"truecoach","source_person_id":"s00013","display_name":"Synthetic 13","created_at":"2026-09-22T00:30:15.968Z","updated_at":"2026-09-22T00:30:15.968Z"}],"page":{"limit":7,"next_cursor":"czAwMDEz","has_more":true}},"queries":8,"pid":32158}

      161 |       if (code !== 0 || !result) { reject(new Error(`worker exited ${code}: ${output}`)); return; }
      162 |       // Query shapes, outcomes, fixture identifiers and process IDs only; never parameters.
    > 163 |       console.warn('PG17_PROCESS', JSON.stringify({ name, old, options: { ...options, cursor: options.cursor ? '<cursor>' : undefined },
          |               ^
      164 |         result: result.result, failure: result.failure, queries: result.queries.length, pid: result.pid }));
      165 |       resolveDone(result);
      166 |     };

      at settleWorker (test/utils/g2-pg17-harness.ts:163:15)
      at ChildProcess.<anonymous> (test/utils/g2-pg17-harness.ts:168:51)

  console.warn
    PG17_PROCESS {"name":"g2p17_5","old":true,"options":{"action":"roster","family":"clients","cursor":"<cursor>","limit":7},"result":{"intent_id":"intent","accounting":{"staged":600,"reconstructed":596,"skipped":8,"failed":21},"persons":[{"id":"7154545a-b110-4d0c-86d8-55262a4dc786","state":"InvitePending","source_platform":"truecoach","source_person_id":"s00014","display_name":"Synthetic 14","created_at":"2026-09-22T00:30:15.969Z","updated_at":"2026-09-22T00:30:15.969Z"},{"id":"1edc1a45-737f-4aa9-a73d-667b8500e96e","state":"InvitePending","source_platform":"truecoach","source_person_id":"s00015","display_name":"Synthetic 15","created_at":"2026-09-22T00:30:15.972Z","updated_at":"2026-09-22T00:30:15.972Z"},{"id":"9d0b475c-f318-42a9-8383-4bad7a91b9b8","state":"InvitePending","source_platform":"truecoach","source_person_id":"s00016","display_name":"Synthetic 16","created_at":"2026-09-22T00:30:15.981Z","updated_at":"2026-09-22T00:30:15.981Z"},{"id":"55e94532-819f-4a73-9746-2ff342faa4a0","state":"InvitePending","source_platform":"truecoach","source_person_id":"s00017","display_name":"Synthetic 17","created_at":"2026-09-22T00:30:15.983Z","updated_at":"2026-09-22T00:30:15.983Z"},{"id":"54c1d43f-63f0-4768-92b5-1ec3acd1526b","state":"InvitePending","source_platform":"truecoach","source_person_id":"s00018","display_name":"Synthetic 18","created_at":"2026-09-22T00:30:15.985Z","updated_at":"2026-09-22T00:30:15.985Z"},{"id":"ad99cc78-340b-4c16-bdf3-6836870cb814","state":"InvitePending","source_platform":"truecoach","source_person_id":"s00019","display_name":"Synthetic 19","created_at":"2026-09-22T00:30:15.986Z","updated_at":"2026-09-22T00:30:15.986Z"},{"id":"201c09ac-2494-4904-a073-6f6bee6a54e4","state":"InvitePending","source_platform":"truecoach","source_person_id":"s00020","display_name":"Synthetic 20","created_at":"2026-09-22T00:30:15.988Z","updated_at":"2026-09-22T00:30:15.988Z"}],"page":{"limit":7,"next_cursor":"czAwMDIw","has_more":true}},"queries":8,"pid":32174}

      161 |       if (code !== 0 || !result) { reject(new Error(`worker exited ${code}: ${output}`)); return; }
      162 |       // Query shapes, outcomes, fixture identifiers and process IDs only; never parameters.
    > 163 |       console.warn('PG17_PROCESS', JSON.stringify({ name, old, options: { ...options, cursor: options.cursor ? '<cursor>' : undefined },
          |               ^
      164 |         result: result.result, failure: result.failure, queries: result.queries.length, pid: result.pid }));
      165 |       resolveDone(result);
      166 |     };

      at settleWorker (test/utils/g2-pg17-harness.ts:163:15)
      at ChildProcess.<anonymous> (test/utils/g2-pg17-harness.ts:168:51)

  console.warn
    PG17_PROCESS {"name":"g2p17_6","old":true,"options":{"action":"roster","family":"clients","cursor":"<cursor>","limit":7},"result":{"intent_id":"intent","accounting":{"staged":600,"reconstructed":596,"skipped":8,"failed":21},"persons":[{"id":"833ed105-1a4e-4e6c-86c3-dba563816c09","state":"InvitePending","source_platform":"truecoach","source_person_id":"s00021","display_name":"Synthetic 21","created_at":"2026-09-22T00:30:15.990Z","updated_at":"2026-09-22T00:30:15.990Z"},{"id":"d387f3bd-ebe4-49cd-9cf6-4d4382765981","state":"InvitePending","source_platform":"truecoach","source_person_id":"s00022","display_name":"Synthetic 22","created_at":"2026-09-22T00:30:15.991Z","updated_at":"2026-09-22T00:30:15.991Z"},{"id":"7c625655-fea8-4c24-9f0a-cdd0852a3508","state":"InvitePending","source_platform":"truecoach","source_person_id":"s00023","display_name":"Synthetic 23","created_at":"2026-09-22T00:30:15.993Z","updated_at":"2026-09-22T00:30:15.993Z"},{"id":"22ae27b5-dd4e-473c-a503-4c14716a8cef","state":"InvitePending","source_platform":"truecoach","source_person_id":"s00024","display_name":"Synthetic 24","created_at":"2026-09-22T00:30:15.995Z","updated_at":"2026-09-22T00:30:15.995Z"},{"id":"708e92ba-e34a-473f-9f32-e8937f46e24d","state":"InvitePending","source_platform":"truecoach","source_person_id":"s00025","display_name":"Synthetic 25","created_at":"2026-09-22T00:30:16.003Z","updated_at":"2026-09-22T00:30:16.003Z"},{"id":"3703383f-b3b7-469e-9dd9-14dc7f2ba105","state":"InvitePending","source_platform":"truecoach","source_person_id":"s00026","display_name":"Synthetic 26","created_at":"2026-09-22T00:30:16.008Z","updated_at":"2026-09-22T00:30:16.008Z"},{"id":"096e6b86-31f8-4210-af1d-f364035622c2","state":"InvitePending","source_platform":"truecoach","source_person_id":"s00027","display_name":"Synthetic 27","created_at":"2026-09-22T00:30:16.010Z","updated_at":"2026-09-22T00:30:16.010Z"}],"page":{"limit":7,"next_cursor":"czAwMDI3","has_more":true}},"queries":8,"pid":32190}

      161 |       if (code !== 0 || !result) { reject(new Error(`worker exited ${code}: ${output}`)); return; }
      162 |       // Query shapes, outcomes, fixture identifiers and process IDs only; never parameters.
    > 163 |       console.warn('PG17_PROCESS', JSON.stringify({ name, old, options: { ...options, cursor: options.cursor ? '<cursor>' : undefined },
          |               ^
      164 |         result: result.result, failure: result.failure, queries: result.queries.length, pid: result.pid }));
      165 |       resolveDone(result);
      166 |     };

      at settleWorker (test/utils/g2-pg17-harness.ts:163:15)
      at ChildProcess.<anonymous> (test/utils/g2-pg17-harness.ts:168:51)

  console.warn
    PG17_PROCESS {"name":"g2p17_7","old":true,"options":{"action":"roster","family":"clients","cursor":"<cursor>","limit":7},"result":{"intent_id":"intent","accounting":{"staged":600,"reconstructed":596,"skipped":8,"failed":21},"persons":[{"id":"41b5c0a4-eeb8-4070-92e6-389af04e3120","state":"InvitePending","source_platform":"truecoach","source_person_id":"s00028","display_name":"Synthetic 28","created_at":"2026-09-22T00:30:16.012Z","updated_at":"2026-09-22T00:30:16.012Z"},{"id":"9e57983d-b7d1-47be-a397-77467367c12e","state":"InvitePending","source_platform":"truecoach","source_person_id":"s00029","display_name":"Synthetic 29","created_at":"2026-09-22T00:30:16.014Z","updated_at":"2026-09-22T00:30:16.014Z"},{"id":"075d79d8-d298-472a-be31-854a040330c8","state":"InvitePending","source_platform":"truecoach","source_person_id":"s00030","display_name":"Synthetic 30","created_at":"2026-09-22T00:30:16.016Z","updated_at":"2026-09-22T00:30:16.016Z"},{"id":"240c712e-2cc3-46b5-9fa3-22dd34331431","state":"InvitePending","source_platform":"truecoach","source_person_id":"s00031","display_name":"Synthetic 31","created_at":"2026-09-22T00:30:16.026Z","updated_at":"2026-09-22T00:30:16.026Z"},{"id":"60ab0e6c-9afa-4019-b2dc-c1c475c6f1b0","state":"InvitePending","source_platform":"truecoach","source_person_id":"s00032","display_name":"Synthetic 32","created_at":"2026-09-22T00:30:16.028Z","updated_at":"2026-09-22T00:30:16.028Z"},{"id":"0be7bc1b-50b7-4067-ac22-b8a1d74d3c74","state":"InvitePending","source_platform":"truecoach","source_person_id":"s00033","display_name":"Synthetic 33","created_at":"2026-09-22T00:30:16.029Z","updated_at":"2026-09-22T00:30:16.029Z"},{"id":"dc360ea1-5fd3-4f29-985a-1275f7357739","state":"InvitePending","source_platform":"truecoach","source_person_id":"s00034","display_name":"Synthetic 34","created_at":"2026-09-22T00:30:16.031Z","updated_at":"2026-09-22T00:30:16.031Z"}],"page":{"limit":7,"next_cursor":"czAwMDM0","has_more":true}},"queries":8,"pid":32206}

      161 |       if (code !== 0 || !result) { reject(new Error(`worker exited ${code}: ${output}`)); return; }
      162 |       // Query shapes, outcomes, fixture identifiers and process IDs only; never parameters.
    > 163 |       console.warn('PG17_PROCESS', JSON.stringify({ name, old, options: { ...options, cursor: options.cursor ? '<cursor>' : undefined },
          |               ^
      164 |         result: result.result, failure: result.failure, queries: result.queries.length, pid: result.pid }));
      165 |       resolveDone(result);
      166 |     };

      at settleWorker (test/utils/g2-pg17-harness.ts:163:15)
      at ChildProcess.<anonymous> (test/utils/g2-pg17-harness.ts:168:51)

  console.warn
    PG17_PROCESS {"name":"g2p17_8","old":true,"options":{"action":"roster","family":"clients","cursor":"<cursor>","limit":7},"result":{"intent_id":"intent","accounting":{"staged":600,"reconstructed":596,"skipped":8,"failed":21},"persons":[{"id":"5f3d5f02-5f2d-4aed-a0e3-634332c2105e","state":"InvitePending","source_platform":"truecoach","source_person_id":"s00035","display_name":"Synthetic 35","created_at":"2026-09-22T00:30:16.032Z","updated_at":"2026-09-22T00:30:16.032Z"},{"id":"d99baa6c-5968-4d82-aec0-ccaab7b2e53b","state":"InvitePending","source_platform":"truecoach","source_person_id":"s00036","display_name":"Synthetic 36","created_at":"2026-09-22T00:30:16.034Z","updated_at":"2026-09-22T00:30:16.034Z"},{"id":"0fe8df72-f2ce-42b7-922d-8ae52ab9f5bf","state":"InvitePending","source_platform":"truecoach","source_person_id":"s00037","display_name":"Synthetic 37","created_at":"2026-09-22T00:30:16.036Z","updated_at":"2026-09-22T00:30:16.036Z"},{"id":"638f5358-ae66-424d-90b8-fe3f0b4c4a81","state":"InvitePending","source_platform":"truecoach","source_person_id":"s00038","display_name":"Synthetic 38","created_at":"2026-09-22T00:30:16.038Z","updated_at":"2026-09-22T00:30:16.038Z"},{"id":"2c856c6d-d216-4fea-b8c9-cc7aef80daad","state":"InvitePending","source_platform":"truecoach","source_person_id":"s00039","display_name":"Synthetic 39","created_at":"2026-09-22T00:30:16.043Z","updated_at":"2026-09-22T00:30:16.043Z"},{"id":"0f9dd757-75d7-41ca-b1cd-a9c7c8cc965b","state":"InvitePending","source_platform":"truecoach","source_person_id":"s00040","display_name":"Synthetic 40","created_at":"2026-09-22T00:30:16.045Z","updated_at":"2026-09-22T00:30:16.045Z"},{"id":"5b19e1d9-0992-4bd5-bffe-7a1b412635f1","state":"InvitePending","source_platform":"truecoach","source_person_id":"s00041","display_name":"Synthetic 41","created_at":"2026-09-22T00:30:16.047Z","updated_at":"2026-09-22T00:30:16.047Z"}],"page":{"limit":7,"next_cursor":"czAwMDQx","has_more":true}},"queries":8,"pid":32222}

      161 |       if (code !== 0 || !result) { reject(new Error(`worker exited ${code}: ${output}`)); return; }
      162 |       // Query shapes, outcomes, fixture identifiers and process IDs only; never parameters.
    > 163 |       console.warn('PG17_PROCESS', JSON.stringify({ name, old, options: { ...options, cursor: options.cursor ? '<cursor>' : undefined },
          |               ^
      164 |         result: result.result, failure: result.failure, queries: result.queries.length, pid: result.pid }));
      165 |       resolveDone(result);
      166 |     };

      at settleWorker (test/utils/g2-pg17-harness.ts:163:15)
      at ChildProcess.<anonymous> (test/utils/g2-pg17-harness.ts:168:51)

  console.warn
    PG17_PROCESS {"name":"g2p17_9","old":true,"options":{"action":"roster","family":"clients","cursor":"<cursor>","limit":7},"result":{"intent_id":"intent","accounting":{"staged":600,"reconstructed":596,"skipped":8,"failed":21},"persons":[{"id":"470b7a27-a76e-406d-8ffa-175ce76af4a3","state":"InvitePending","source_platform":"truecoach","source_person_id":"s00042","display_name":"Synthetic 42","created_at":"2026-09-22T00:30:16.048Z","updated_at":"2026-09-22T00:30:16.048Z"},{"id":"024a5334-6785-4e9d-9be5-076042a48d33","state":"InvitePending","source_platform":"truecoach","source_person_id":"s00043","display_name":"Synthetic 43","created_at":"2026-09-22T00:30:16.050Z","updated_at":"2026-09-22T00:30:16.050Z"},{"id":"06a50db5-3a03-428e-9d18-afd474d1d55f","state":"InvitePending","source_platform":"truecoach","source_person_id":"s00044","display_name":"Synthetic 44","created_at":"2026-09-22T00:30:16.051Z","updated_at":"2026-09-22T00:30:16.051Z"},{"id":"927faf41-908c-4fd1-9301-652a0d0d4097","state":"InvitePending","source_platform":"truecoach","source_person_id":"s00045","display_name":"Synthetic 45","created_at":"2026-09-22T00:30:16.053Z","updated_at":"2026-09-22T00:30:16.053Z"},{"id":"03e18782-59b1-4062-8b21-e4aec10cdff1","state":"InvitePending","source_platform":"truecoach","source_person_id":"s00046","display_name":"Synthetic 46","created_at":"2026-09-22T00:30:16.056Z","updated_at":"2026-09-22T00:30:16.056Z"},{"id":"81153bb5-68b0-4d7e-8604-75c4b9e753f8","state":"InvitePending","source_platform":"truecoach","source_person_id":"s00047","display_name":"Synthetic 47","created_at":"2026-09-22T00:30:16.058Z","updated_at":"2026-09-22T00:30:16.058Z"},{"id":"ef8f3854-a96a-4f14-941a-2e096006f38c","state":"InvitePending","source_platform":"truecoach","source_person_id":"s00048","display_name":"Synthetic 48","created_at":"2026-09-22T00:30:16.060Z","updated_at":"2026-09-22T00:30:16.060Z"}],"page":{"limit":7,"next_cursor":"czAwMDQ4","has_more":true}},"queries":8,"pid":32238}

      161 |       if (code !== 0 || !result) { reject(new Error(`worker exited ${code}: ${output}`)); return; }
      162 |       // Query shapes, outcomes, fixture identifiers and process IDs only; never parameters.
    > 163 |       console.warn('PG17_PROCESS', JSON.stringify({ name, old, options: { ...options, cursor: options.cursor ? '<cursor>' : undefined },
          |               ^
      164 |         result: result.result, failure: result.failure, queries: result.queries.length, pid: result.pid }));
      165 |       resolveDone(result);
      166 |     };

      at settleWorker (test/utils/g2-pg17-harness.ts:163:15)
      at ChildProcess.<anonymous> (test/utils/g2-pg17-harness.ts:168:51)

  console.warn
    PG17_PROCESS {"name":"g2p17_10","old":true,"options":{"action":"roster","family":"clients","cursor":"<cursor>","limit":7},"result":{"intent_id":"intent","accounting":{"staged":600,"reconstructed":596,"skipped":8,"failed":21},"persons":[{"id":"3f6f0e22-9a94-4fec-82d1-eb613adb399c","state":"InvitePending","source_platform":"truecoach","source_person_id":"s00049","display_name":"Synthetic 49","created_at":"2026-09-22T00:30:16.063Z","updated_at":"2026-09-22T00:30:16.063Z"},{"id":"fbc9f017-4c31-451b-b79f-a7c160a91e6a","state":"InvitePending","source_platform":"truecoach","source_person_id":"s00051","display_name":"Synthetic 51","created_at":"2026-09-22T00:30:16.074Z","updated_at":"2026-09-22T00:30:16.074Z"},{"id":"6b4206db-d077-4971-bd69-506999aa1b7d","state":"InvitePending","source_platform":"truecoach","source_person_id":"s00052","display_name":"Synthetic 52","created_at":"2026-09-22T00:30:16.077Z","updated_at":"2026-09-22T00:30:16.077Z"},{"id":"d269426a-9a38-4e41-990b-6ea21a4f18b7","state":"InvitePending","source_platform":"truecoach","source_person_id":"s00053","display_name":"Synthetic 53","created_at":"2026-09-22T00:30:16.079Z","updated_at":"2026-09-22T00:30:16.079Z"},{"id":"d0bccefb-cca2-43cd-8d5c-52c2b90f8021","state":"InvitePending","source_platform":"truecoach","source_person_id":"s00054","display_name":"Synthetic 54","created_at":"2026-09-22T00:30:16.081Z","updated_at":"2026-09-22T00:30:16.081Z"},{"id":"7466e108-4f2c-43a1-8f82-ec10e07f125c","state":"InvitePending","source_platform":"truecoach","source_person_id":"s00055","display_name":"Synthetic 55","created_at":"2026-09-22T00:30:16.082Z","updated_at":"2026-09-22T00:30:16.082Z"},{"id":"c2f8f61f-f9d6-4abf-8856-6d168613f305","state":"InvitePending","source_platform":"truecoach","source_person_id":"s00056","display_name":"Synthetic 56","created_at":"2026-09-22T00:30:16.084Z","updated_at":"2026-09-22T00:30:16.084Z"}],"page":{"limit":7,"next_cursor":"czAwMDU2","has_more":true}},"queries":8,"pid":32270}

      161 |       if (code !== 0 || !result) { reject(new Error(`worker exited ${code}: ${output}`)); return; }
      162 |       // Query shapes, outcomes, fixture identifiers and process IDs only; never parameters.
    > 163 |       console.warn('PG17_PROCESS', JSON.stringify({ name, old, options: { ...options, cursor: options.cursor ? '<cursor>' : undefined },
          |               ^
      164 |         result: result.result, failure: result.failure, queries: result.queries.length, pid: result.pid }));
      165 |       resolveDone(result);
      166 |     };

      at settleWorker (test/utils/g2-pg17-harness.ts:163:15)
      at ChildProcess.<anonymous> (test/utils/g2-pg17-harness.ts:168:51)

  console.warn
    PG17_PROCESS {"name":"g2p17_11","old":true,"options":{"action":"roster","family":"clients","cursor":"<cursor>","limit":7},"result":{"intent_id":"intent","accounting":{"staged":600,"reconstructed":596,"skipped":8,"failed":21},"persons":[{"id":"3b48320f-b8aa-4b70-8005-2da20d603d88","state":"InvitePending","source_platform":"truecoach","source_person_id":"s00057","display_name":"Synthetic 57","created_at":"2026-09-22T00:30:16.086Z","updated_at":"2026-09-22T00:30:16.086Z"},{"id":"b8ecefd4-34e1-4689-a9f6-8bae7bb94b28","state":"InvitePending","source_platform":"truecoach","source_person_id":"s00058","display_name":"Synthetic 58","created_at":"2026-09-22T00:30:16.088Z","updated_at":"2026-09-22T00:30:16.088Z"},{"id":"514a514b-d9b3-4180-ab39-746f3ac2e6bb","state":"InvitePending","source_platform":"truecoach","source_person_id":"s00059","display_name":"Synthetic 59","created_at":"2026-09-22T00:30:16.090Z","updated_at":"2026-09-22T00:30:16.090Z"},{"id":"b8f9e8be-1dd5-4928-8fa4-3ea8d07e7bd2","state":"InvitePending","source_platform":"truecoach","source_person_id":"s00060","display_name":"Synthetic 60","created_at":"2026-09-22T00:30:16.091Z","updated_at":"2026-09-22T00:30:16.091Z"},{"id":"97174cd7-a697-4c09-84da-7cadf8e77c72","state":"InvitePending","source_platform":"truecoach","source_person_id":"s00061","display_name":"Synthetic 61","created_at":"2026-09-22T00:30:16.093Z","updated_at":"2026-09-22T00:30:16.093Z"},{"id":"616ea3f9-7314-4160-ad7c-764e85c86f54","state":"InvitePending","source_platform":"truecoach","source_person_id":"s00062","display_name":"Synthetic 62","created_at":"2026-09-22T00:30:16.095Z","updated_at":"2026-09-22T00:30:16.095Z"},{"id":"e39d4d88-3f76-4d3a-94c7-21aa1d9a14a4","state":"InvitePending","source_platform":"truecoach","source_person_id":"s00063","display_name":"Synthetic 63","created_at":"2026-09-22T00:30:16.096Z","updated_at":"2026-09-22T00:30:16.096Z"}],"page":{"limit":7,"next_cursor":"czAwMDYz","has_more":true}},"queries":8,"pid":32286}

      161 |       if (code !== 0 || !result) { reject(new Error(`worker exited ${code}: ${output}`)); return; }
      162 |       // Query shapes, outcomes, fixture identifiers and process IDs only; never parameters.
    > 163 |       console.warn('PG17_PROCESS', JSON.stringify({ name, old, options: { ...options, cursor: options.cursor ? '<cursor>' : undefined },
          |               ^
      164 |         result: result.result, failure: result.failure, queries: result.queries.length, pid: result.pid }));
      165 |       resolveDone(result);
      166 |     };

      at settleWorker (test/utils/g2-pg17-harness.ts:163:15)
      at ChildProcess.<anonymous> (test/utils/g2-pg17-harness.ts:168:51)

  console.warn
    PG17_PROCESS {"name":"g2p17_12","old":true,"options":{"action":"roster","limit":200},"result":{"intent_id":"intent","accounting":{"staged":600,"reconstructed":596,"skipped":8,"failed":21},"persons":[{"id":"5e8c73a2-1a48-4138-b7cf-9c2cb31f889a","state":"InvitePending","source_platform":"truecoach","source_person_id":"s00001","display_name":"Synthetic 1","created_at":"2026-09-22T00:30:15.929Z","updated_at":"2026-09-22T00:30:15.929Z"},{"id":"48ff49a3-d76b-42aa-9620-1b15477a834a","state":"InvitePending","source_platform":"truecoach","source_person_id":"s00002","display_name":"Synthetic 2","created_at":"2026-09-22T00:30:15.933Z","updated_at":"2026-09-22T00:30:15.933Z"},{"id":"66ac991f-5007-4393-bef6-55c6c2336c95","state":"InvitePending","source_platform":"truecoach","source_person_id":"s00003","display_name":"Synthetic 3","created_at":"2026-09-22T00:30:15.936Z","updated_at":"2026-09-22T00:30:15.936Z"},{"id":"57aafbd4-5731-4247-a07f-68ccfe1f5990","state":"InvitePending","source_platform":"truecoach","source_person_id":"s00004","display_name":"Synthetic 4","created_at":"2026-09-22T00:30:15.938Z","updated_at":"2026-09-22T00:30:15.938Z"},{"id":"5c639ff3-8e9c-4aba-bef9-411b9c904e65","state":"InvitePending","source_platform":"truecoach","source_person_id":"s00005","display_name":"Synthetic 5","created_at":"2026-09-22T00:30:15.942Z","updated_at":"2026-09-22T00:30:15.942Z"},{"id":"33925fd9-e7b4-46a8-9a7d-9e56a24cd4d2","state":"InvitePending","source_platform":"truecoach","source_person_id":"s00006","display_name":"Synthetic 6","created_at":"2026-09-22T00:30:15.944Z","updated_at":"2026-09-22T00:30:15.944Z"},{"id":"53e77ea6-447d-49cb-af60-2f6cf5e6b454","state":"InvitePending","source_platform":"truecoach","source_person_id":"s00007","display_name":"Synthetic 7","created_at":"2026-09-22T00:30:15.952Z","updated_at":"2026-09-22T00:30:15.952Z"},{"id":"6c137711-e6d7-4085-856b-3b35b143a31a","state":"InvitePending","source_platform":"truecoach","source_person_id":"s00008","display_name":"Synthetic 8","created_at":"2026-09-22T00:30:15.955Z","updated_at":"2026-09-22T00:30:15.955Z"},{"id":"d6b7fd7f-94ea-4c7f-8615-3f8ed1a8cd93","state":"InvitePending","source_platform":"truecoach","source_person_id":"s00009","display_name":"Synthetic 9","created_at":"2026-09-22T00:30:15.957Z","updated_at":"2026-09-22T00:30:15.957Z"},{"id":"cce14b6c-9e1c-412f-94d6-dcb469859d21","state":"InvitePending","source_platform":"truecoach","source_person_id":"s00010","display_name":"Synthetic 10","created_at":"2026-09-22T00:30:15.959Z","updated_at":"2026-09-22T00:30:15.959Z"},{"id":"bc773d9c-6591-4f84-a898-44a909111b53","state":"InvitePending","source_platform":"truecoach","source_person_id":"s00011","display_name":"Synthetic 11","created_at":"2026-09-22T00:30:15.960Z","updated_at":"2026-09-22T00:30:15.960Z"},{"id":"06917571-5c48-41ac-86c9-85768fb7732b","state":"InvitePending","source_platform":"truecoach","source_person_id":"s00012","display_name":"Synthetic 12","created_at":"2026-09-22T00:30:15.964Z","updated_at":"2026-09-22T00:30:15.964Z"},{"id":"7f8d96c0-7b01-481e-9a10-438c3ac839e3","state":"InvitePending","source_platform":"truecoach","source_person_id":"s00013","display_name":"Synthetic 13","created_at":"2026-09-22T00:30:15.968Z","updated_at":"2026-09-22T00:30:15.968Z"},{"id":"7154545a-b110-4d0c-86d8-55262a4dc786","state":"InvitePending","source_platform":"truecoach","source_person_id":"s00014","display_name":"Synthetic 14","created_at":"2026-09-22T00:30:15.969Z","updated_at":"2026-09-22T00:30:15.969Z"},{"id":"1edc1a45-737f-4aa9-a73d-667b8500e96e","state":"InvitePending","source_platform":"truecoach","source_person_id":"s00015","display_name":"Synthetic 15","created_at":"2026-09-22T00:30:15.972Z","updated_at":"2026-09-22T00:30:15.972Z"},{"id":"9d0b475c-f318-42a9-8383-4bad7a91b9b8","state":"InvitePending","source_platform":"truecoach","source_person_id":"s00016","display_name":"Synthetic 16","created_at":"2026-09-22T00:30:15.981Z","updated_at":"2026-09-22T00:30:15.981Z"},{"id":"55e94532-819f-4a73-9746-2ff342faa4a0","state":"InvitePending","source_platform":"truecoach","source_person_id":"s00017","display_name":"Synthetic 17","created_at":"2026-09-22T00:30:15.983Z","updated_at":"2026-09-22T00:30:15.983Z"},{"id":"54c1d43f-63f0-4768-92b5-1ec3acd1526b","state":"InvitePending","source_platform":"truecoach","source_person_id":"s00018","display_name":"Synthetic 18","created_at":"2026-09-22T00:30:15.985Z","updated_at":"2026-09-22T00:30:15.985Z"},{"id":"ad99cc78-340b-4c16-bdf3-6836870cb814","state":"InvitePending","source_platform":"truecoach","source_person_id":"s00019","display_name":"Synthetic 19","created_at":"2026-09-22T00:30:15.986Z","updated_at":"2026-09-22T00:30:15.986Z"},{"id":"201c09ac-2494-4904-a073-6f6bee6a54e4","state":"InvitePending","source_platform":"truecoach","source_person_id":"s00020","display_name":"Synthetic 20","created_at":"2026-09-22T00:30:15.988Z","updated_at":"2026-09-22T00:30:15.988Z"},{"id":"833ed105-1a4e-4e6c-86c3-dba563816c09","state":"InvitePending","source_platform":"truecoach","source_person_id":"s00021","display_name":"Synthetic 21","created_at":"2026-09-22T00:30:15.990Z","updated_at":"2026-09-22T00:30:15.990Z"},{"id":"d387f3bd-ebe4-49cd-9cf6-4d4382765981","state":"InvitePending","source_platform":"truecoach","source_person_id":"s00022","display_name":"Synthetic 22","created_at":"2026-09-22T00:30:15.991Z","updated_at":"2026-09-22T00:30:15.991Z"},{"id":"7c625655-fea8-4c24-9f0a-cdd0852a3508","state":"InvitePending","source_platform":"truecoach","source_person_id":"s00023","display_name":"Synthetic 23","created_at":"2026-09-22T00:30:15.993Z","updated_at":"2026-09-22T00:30:15.993Z"},{"id":"22ae27b5-dd4e-473c-a503-4c14716a8cef","state":"InvitePending","source_platform":"truecoach","source_person_id":"s00024","display_name":"Synthetic 24","created_at":"2026-09-22T00:30:15.995Z","updated_at":"2026-09-22T00:30:15.995Z"},{"id":"708e92ba-e34a-473f-9f32-e8937f46e24d","state":"InvitePending","source_platform":"truecoach","source_person_id":"s00025","display_name":"Synthetic 25","created_at":"2026-09-22T00:30:16.003Z","updated_at":"2026-09-22T00:30:16.003Z"},{"id":"3703383f-b3b7-469e-9dd9-14dc7f2ba105","state":"InvitePending","source_platform":"truecoach","source_person_id":"s00026","display_name":"Synthetic 26","created_at":"2026-09-22T00:30:16.008Z","updated_at":"2026-09-22T00:30:16.008Z"},{"id":"096e6b86-31f8-4210-af1d-f364035622c2","state":"InvitePending","source_platform":"truecoach","source_person_id":"s00027","display_name":"Synthetic 27","created_at":"2026-09-22T00:30:16.010Z","updated_at":"2026-09-22T00:30:16.010Z"},{"id":"41b5c0a4-eeb8-4070-92e6-389af04e3120","state":"InvitePending","source_platform":"truecoach","source_person_id":"s00028","display_name":"Synthetic 28","created_at":"2026-09-22T00:30:16.012Z","updated_at":"2026-09-22T00:30:16.012Z"},{"id":"9e57983d-b7d1-47be-a397-77467367c12e","state":"InvitePending","source_platform":"truecoach","source_person_id":"s00029","display_name":"Synthetic 29","created_at":"2026-09-22T00:30:16.014Z","updated_at":"2026-09-22T00:30:16.014Z"},{"id":"075d79d8-d298-472a-be31-854a040330c8","state":"InvitePending","source_platform":"truecoach","source_person_id":"s00030","display_name":"Synthetic 30","created_at":"2026-09-22T00:30:16.016Z","updated_at":"2026-09-22T00:30:16.016Z"},{"id":"240c712e-2cc3-46b5-9fa3-22dd34331431","state":"InvitePending","source_platform":"truecoach","source_person_id":"s00031","display_name":"Synthetic 31","created_at":"2026-09-22T00:30:16.026Z","updated_at":"2026-09-22T00:30:16.026Z"},{"id":"60ab0e6c-9afa-4019-b2dc-c1c475c6f1b0","state":"InvitePending","source_platform":"truecoach","source_person_id":"s00032","display_name":"Synthetic 32","created_at":"2026-09-22T00:30:16.028Z","updated_at":"2026-09-22T00:30:16.028Z"},{"id":"0be7bc1b-50b7-4067-ac22-b8a1d74d3c74","state":"InvitePending","source_platform":"truecoach","source_person_id":"s00033","display_name":"Synthetic 33","created_at":"2026-09-22T00:30:16.029Z","updated_at":"2026-09-22T00:30:16.029Z"},{"id":"dc360ea1-5fd3-4f29-985a-1275f7357739","state":"InvitePending","source_platform":"truecoach","source_person_id":"s00034","display_name":"Synthetic 34","created_at":"2026-09-22T00:30:16.031Z","updated_at":"2026-09-22T00:30:16.031Z"},{"id":"5f3d5f02-5f2d-4aed-a0e3-634332c2105e","state":"InvitePending","source_platform":"truecoach","source_person_id":"s00035","display_name":"Synthetic 35","created_at":"2026-09-22T00:30:16.032Z","updated_at":"2026-09-22T00:30:16.032Z"},{"id":"d99baa6c-5968-4d82-aec0-ccaab7b2e53b","state":"InvitePending","source_platform":"truecoach","source_person_id":"s00036","display_name":"Synthetic 36","created_at":"2026-09-22T00:30:16.034Z","updated_at":"2026-09-22T00:30:16.034Z"},{"id":"0fe8df72-f2ce-42b7-922d-8ae52ab9f5bf","state":"InvitePending","source_platform":"truecoach","source_person_id":"s00037","display_name":"Synthetic 37","created_at":"2026-09-22T00:30:16.036Z","updated_at":"2026-09-22T00:30:16.036Z"},{"id":"638f5358-ae66-424d-90b8-fe3f0b4c4a81","state":"InvitePending","source_platform":"truecoach","source_person_id":"s00038","display_name":"Synthetic 38","created_at":"2026-09-22T00:30:16.038Z","updated_at":"2026-09-22T00:30:16.038Z"},{"id":"2c856c6d-d216-4fea-b8c9-cc7aef80daad","state":"InvitePending","source_platform":"truecoach","source_person_id":"s00039","display_name":"Synthetic 39","created_at":"2026-09-22T00:30:16.043Z","updated_at":"2026-09-22T00:30:16.043Z"},{"id":"0f9dd757-75d7-41ca-b1cd-a9c7c8cc965b","state":"InvitePending","source_platform":"truecoach","source_person_id":"s00040","display_name":"Synthetic 40","created_at":"2026-09-22T00:30:16.045Z","updated_at":"2026-09-22T00:30:16.045Z"},{"id":"5b19e1d9-0992-4bd5-bffe-7a1b412635f1","state":"InvitePending","source_platform":"truecoach","source_person_id":"s00041","display_name":"Synthetic 41","created_at":"2026-09-22T00:30:16.047Z","updated_at":"2026-09-22T00:30:16.047Z"},{"id":"470b7a27-a76e-406d-8ffa-175ce76af4a3","state":"InvitePending","source_platform":"truecoach","source_person_id":"s00042","display_name":"Synthetic 42","created_at":"2026-09-22T00:30:16.048Z","updated_at":"2026-09-22T00:30:16.048Z"},{"id":"024a5334-6785-4e9d-9be5-076042a48d33","state":"InvitePending","source_platform":"truecoach","source_person_id":"s00043","display_name":"Synthetic 43","created_at":"2026-09-22T00:30:16.050Z","updated_at":"2026-09-22T00:30:16.050Z"},{"id":"06a50db5-3a03-428e-9d18-afd474d1d55f","state":"InvitePending","source_platform":"truecoach","source_person_id":"s00044","display_name":"Synthetic 44","created_at":"2026-09-22T00:30:16.051Z","updated_at":"2026-09-22T00:30:16.051Z"},{"id":"927faf41-908c-4fd1-9301-652a0d0d4097","state":"InvitePending","source_platform":"truecoach","source_person_id":"s00045","display_name":"Synthetic 45","created_at":"2026-09-22T00:30:16.053Z","updated_at":"2026-09-22T00:30:16.053Z"},{"id":"03e18782-59b1-4062-8b21-e4aec10cdff1","state":"InvitePending","source_platform":"truecoach","source_person_id":"s00046","display_name":"Synthetic 46","created_at":"2026-09-22T00:30:16.056Z","updated_at":"2026-09-22T00:30:16.056Z"},{"id":"81153bb5-68b0-4d7e-8604-75c4b9e753f8","state":"InvitePending","source_platform":"truecoach","source_person_id":"s00047","display_name":"Synthetic 47","created_at":"2026-09-22T00:30:16.058Z","updated_at":"2026-09-22T00:30:16.058Z"},{"id":"ef8f3854-a96a-4f14-941a-2e096006f38c","state":"InvitePending","source_platform":"truecoach","source_person_id":"s00048","display_name":"Synthetic 48","created_at":"2026-09-22T00:30:16.060Z","updated_at":"2026-09-22T00:30:16.060Z"},{"id":"3f6f0e22-9a94-4fec-82d1-eb613adb399c","state":"InvitePending","source_platform":"truecoach","source_person_id":"s00049","display_name":"Synthetic 49","created_at":"2026-09-22T00:30:16.063Z","updated_at":"2026-09-22T00:30:16.063Z"},{"id":"fbc9f017-4c31-451b-b79f-a7c160a91e6a","state":"InvitePending","source_platform":"truecoach","source_person_id":"s00051","display_name":"Synthetic 51","created_at":"2026-09-22T00:30:16.074Z","updated_at":"2026-09-22T00:30:16.074Z"},{"id":"6b4206db-d077-4971-bd69-506999aa1b7d","state":"InvitePending","source_platform":"truecoach","source_person_id":"s00052","display_name":"Synthetic 52","created_at":"2026-09-22T00:30:16.077Z","updated_at":"2026-09-22T00:30:16.077Z"},{"id":"d269426a-9a38-4e41-990b-6ea21a4f18b7","state":"InvitePending","source_platform":"truecoach","source_person_id":"s00053","display_name":"Synthetic 53","created_at":"2026-09-22T00:30:16.079Z","updated_at":"2026-09-22T00:30:16.079Z"},{"id":"d0bccefb-cca2-43cd-8d5c-52c2b90f8021","state":"InvitePending","source_platform":"truecoach","source_person_id":"s00054","display_name":"Synthetic 54","created_at":"2026-09-22T00:30:16.081Z","updated_at":"2026-09-22T00:30:16.081Z"},{"id":"7466e108-4f2c-43a1-8f82-ec10e07f125c","state":"InvitePending","source_platform":"truecoach","source_person_id":"s00055","display_name":"Synthetic 55","created_at":"2026-09-22T00:30:16.082Z","updated_at":"2026-09-22T00:30:16.082Z"},{"id":"c2f8f61f-f9d6-4abf-8856-6d168613f305","state":"InvitePending","source_platform":"truecoach","source_person_id":"s00056","display_name":"Synthetic 56","created_at":"2026-09-22T00:30:16.084Z","updated_at":"2026-09-22T00:30:16.084Z"},{"id":"3b48320f-b8aa-4b70-8005-2da20d603d88","state":"InvitePending","source_platform":"truecoach","source_person_id":"s00057","display_name":"Synthetic 57","created_at":"2026-09-22T00:30:16.086Z","updated_at":"2026-09-22T00:30:16.086Z"},{"id":"b8ecefd4-34e1-4689-a9f6-8bae7bb94b28","state":"InvitePending","source_platform":"truecoach","source_person_id":"s00058","display_name":"Synthetic 58","created_at":"2026-09-22T00:30:16.088Z","updated_at":"2026-09-22T00:30:16.088Z"},{"id":"514a514b-d9b3-4180-ab39-746f3ac2e6bb","state":"InvitePending","source_platform":"truecoach","source_person_id":"s00059","display_name":"Synthetic 59","created_at":"2026-09-22T00:30:16.090Z","updated_at":"2026-09-22T00:30:16.090Z"},{"id":"b8f9e8be-1dd5-4928-8fa4-3ea8d07e7bd2","state":"InvitePending","source_platform":"truecoach","source_person_id":"s00060","display_name":"Synthetic 60","created_at":"2026-09-22T00:30:16.091Z","updated_at":"2026-09-22T00:30:16.091Z"},{"id":"97174cd7-a697-4c09-84da-7cadf8e77c72","state":"InvitePending","source_platform":"truecoach","source_person_id":"s00061","display_name":"Synthetic 61","created_at":"2026-09-22T00:30:16.093Z","updated_at":"2026-09-22T00:30:16.093Z"},{"id":"616ea3f9-7314-4160-ad7c-764e85c86f54","state":"InvitePending","source_platform":"truecoach","source_person_id":"s00062","display_name":"Synthetic 62","created_at":"2026-09-22T00:30:16.095Z","updated_at":"2026-09-22T00:30:16.095Z"},{"id":"e39d4d88-3f76-4d3a-94c7-21aa1d9a14a4","state":"InvitePending","source_platform":"truecoach","source_person_id":"s00063","display_name":"Synthetic 63","created_at":"2026-09-22T00:30:16.096Z","updated_at":"2026-09-22T00:30:16.096Z"},{"id":"cc9d1ee4-93ab-48d3-9b9a-536a28b42fae","state":"InvitePending","source_platform":"truecoach","source_person_id":"s00064","display_name":"Synthetic 64","created_at":"2026-09-22T00:30:16.098Z","updated_at":"2026-09-22T00:30:16.098Z"},{"id":"efc07fc3-b128-414f-be25-f138b68daca7","state":"InvitePending","source_platform":"truecoach","source_person_id":"s00065","display_name":"Synthetic 65","created_at":"2026-09-22T00:30:16.100Z","updated_at":"2026-09-22T00:30:16.100Z"},{"id":"7884f35e-a4e4-4d0d-a864-93c661cb2623","state":"InvitePending","source_platform":"truecoach","source_person_id":"s00066","display_name":"Synthetic 66","created_at":"2026-09-22T00:30:16.102Z","updated_at":"2026-09-22T00:30:16.102Z"},{"id":"640e7ff2-b67c-4a69-b2c4-467d171fb45b","state":"InvitePending","source_platform":"truecoach","source_person_id":"s00067","display_name":"Synthetic 67","created_at":"2026-09-22T00:30:16.103Z","updated_at":"2026-09-22T00:30:16.103Z"},{"id":"cd240f07-ded6-4468-a1b1-e5ebc6643d51","state":"InvitePending","source_platform":"truecoach","source_person_id":"s00068","display_name":"Synthetic 68","created_at":"2026-09-22T00:30:16.105Z","updated_at":"2026-09-22T00:30:16.105Z"},{"id":"8c6e2a86-016a-4b64-aa1e-be99d95077d4","state":"InvitePending","source_platform":"truecoach","source_person_id":"s00069","display_name":"Synthetic 69","created_at":"2026-09-22T00:30:16.107Z","updated_at":"2026-09-22T00:30:16.107Z"},{"id":"266317e1-3116-499d-9a08-5cd8f03c19a5","state":"InvitePending","source_platform":"truecoach","source_person_id":"s00070","display_name":"Synthetic 70","created_at":"2026-09-22T00:30:16.109Z","updated_at":"2026-09-22T00:30:16.109Z"},{"id":"b6a414e1-3476-45f4-8150-5211dd975763","state":"InvitePending","source_platform":"truecoach","source_person_id":"s00071","display_name":"Synthetic 71","created_at":"2026-09-22T00:30:16.110Z","updated_at":"2026-09-22T00:30:16.110Z"},{"id":"2feca909-6596-454d-9721-aae1fc30e85a","state":"InvitePending","source_platform":"truecoach","source_person_id":"s00072","display_name":"Synthetic 72","created_at":"2026-09-22T00:30:16.112Z","updated_at":"2026-09-22T00:30:16.112Z"},{"id":"fb7ef62f-fa5d-439a-9423-8c60db8e37b0","state":"InvitePending","source_platform":"truecoach","source_person_id":"s00073","display_name":"Synthetic 73","created_at":"2026-09-22T00:30:16.114Z","updated_at":"2026-09-22T00:30:16.114Z"},{"id":"80f010c6-38b1-4012-887d-9b6fb9022765","state":"InvitePending","source_platform":"truecoach","source_person_id":"s00074","display_name":"Synthetic 74","created_at":"2026-09-22T00:30:16.116Z","updated_at":"2026-09-22T00:30:16.116Z"},{"id":"7bc7ad53-acda-45cd-8cd3-f8ca8f16ed32","state":"InvitePending","source_platform":"truecoach","source_person_id":"s00075","display_name":"Synthetic 75","created_at":"2026-09-22T00:30:16.117Z","updated_at":"2026-09-22T00:30:16.117Z"},{"id":"4961d543-1fa9-4fa4-a1fd-6c7b543f86ba","state":"InvitePending","source_platform":"truecoach","source_person_id":"s00076","display_name":"Synthetic 76","created_at":"2026-09-22T00:30:16.119Z","updated_at":"2026-09-22T00:30:16.119Z"},{"id":"7c880c9c-05d2-45a9-869b-193bc9a734d5","state":"InvitePending","source_platform":"truecoach","source_person_id":"s00077","display_name":"Synthetic 77","created_at":"2026-09-22T00:30:16.121Z","updated_at":"2026-09-22T00:30:16.121Z"},{"id":"82cfe6e5-6047-444c-9030-d2ac095487f0","state":"InvitePending","source_platform":"truecoach","source_person_id":"s00078","display_name":"Synthetic 78","created_at":"2026-09-22T00:30:16.123Z","updated_at":"2026-09-22T00:30:16.123Z"},{"id":"99975c49-540b-4e3e-b631-b6bdc14233ff","state":"InvitePending","source_platform":"truecoach","source_person_id":"s00079","display_name":"Synthetic 79","created_at":"2026-09-22T00:30:16.124Z","updated_at":"2026-09-22T00:30:16.124Z"},{"id":"ee9746ef-083f-4a23-96a5-7b061cbbdeb9","state":"InvitePending","source_platform":"truecoach","source_person_id":"s00080","display_name":"Synthetic 80","created_at":"2026-09-22T00:30:16.126Z","updated_at":"2026-09-22T00:30:16.126Z"},{"id":"32db66ac-9811-4ad5-9005-65ce57c50394","state":"InvitePending","source_platform":"truecoach","source_person_id":"s00081","display_name":"Synthetic 81","created_at":"2026-09-22T00:30:16.128Z","updated_at":"2026-09-22T00:30:16.128Z"},{"id":"6387ac01-3561-4189-97c3-9bf8c99c74a3","state":"InvitePending","source_platform":"truecoach","source_person_id":"s00082","display_name":"Synthetic 82","created_at":"2026-09-22T00:30:16.129Z","updated_at":"2026-09-22T00:30:16.129Z"},{"id":"65b658f4-5b0a-445f-a4bd-4be012bc425a","state":"InvitePending","source_platform":"truecoach","source_person_id":"s00083","display_name":"Synthetic 83","created_at":"2026-09-22T00:30:16.131Z","updated_at":"2026-09-22T00:30:16.131Z"},{"id":"05514d2a-8511-48d1-9c96-c540b053ffc7","state":"InvitePending","source_platform":"truecoach","source_person_id":"s00084","display_name":"Synthetic 84","created_at":"2026-09-22T00:30:16.133Z","updated_at":"2026-09-22T00:30:16.133Z"},{"id":"3ddf4e99-19b4-4dcf-8e42-a3292c7d6de1","state":"InvitePending","source_platform":"truecoach","source_person_id":"s00085","display_name":"Synthetic 85","created_at":"2026-09-22T00:30:16.135Z","updated_at":"2026-09-22T00:30:16.135Z"},{"id":"ac947d87-f0af-43a7-9388-480f5d7e3d7e","state":"InvitePending","source_platform":"truecoach","source_person_id":"s00086","display_name":"Synthetic 86","created_at":"2026-09-22T00:30:16.137Z","updated_at":"2026-09-22T00:30:16.137Z"},{"id":"69f7c98a-9ad3-4736-91dc-430621a5d04c","state":"InvitePending","source_platform":"truecoach","source_person_id":"s00087","display_name":"Synthetic 87","created_at":"2026-09-22T00:30:16.146Z","updated_at":"2026-09-22T00:30:16.146Z"},{"id":"d372ecc0-b7b5-4246-a88c-23716dc9d22d","state":"InvitePending","source_platform":"truecoach","source_person_id":"s00088","display_name":"Synthetic 88","created_at":"2026-09-22T00:30:16.148Z","updated_at":"2026-09-22T00:30:16.148Z"},{"id":"a5a7361f-4e14-4959-afb5-62ddb718f52e","state":"InvitePending","source_platform":"truecoach","source_person_id":"s00089","display_name":"Synthetic 89","created_at":"2026-09-22T00:30:16.149Z","updated_at":"2026-09-22T00:30:16.149Z"},{"id":"dd59daa0-1499-4adc-9468-55d24a4177d7","state":"InvitePending","source_platform":"truecoach","source_person_id":"s00090","display_name":"Synthetic 90","created_at":"2026-09-22T00:30:16.151Z","updated_at":"2026-09-22T00:30:16.151Z"},{"id":"07acdff0-b286-4d16-919e-648109f162cb","state":"InvitePending","source_platform":"truecoach","source_person_id":"s00091","display_name":"Synthetic 91","created_at":"2026-09-22T00:30:16.153Z","updated_at":"2026-09-22T00:30:16.153Z"},{"id":"aa77d8d5-fc70-438e-96ce-f3704d2ca16d","state":"InvitePending","source_platform":"truecoach","source_person_id":"s00092","display_name":"Synthetic 92","created_at":"2026-09-22T00:30:16.155Z","updated_at":"2026-09-22T00:30:16.155Z"},{"id":"ffc08379-e58d-4ad6-b407-0e1729abf90c","state":"InvitePending","source_platform":"truecoach","source_person_id":"s00093","display_name":"Synthetic 93","created_at":"2026-09-22T00:30:16.156Z","updated_at":"2026-09-22T00:30:16.156Z"},{"id":"67485fcb-f35c-42e4-90a4-52a70caaf914","state":"InvitePending","source_platform":"truecoach","source_person_id":"s00094","display_name":"Synthetic 94","created_at":"2026-09-22T00:30:16.158Z","updated_at":"2026-09-22T00:30:16.158Z"},{"id":"65d480af-eca4-4b2f-aae6-8802e7018779","state":"InvitePending","source_platform":"truecoach","source_person_id":"s00095","display_name":"Synthetic 95","created_at":"2026-09-22T00:30:16.160Z","updated_at":"2026-09-22T00:30:16.160Z"},{"id":"9d279c22-9d2b-44cd-af14-adf553e34de3","state":"InvitePending","source_platform":"truecoach","source_person_id":"s00096","display_name":"Synthetic 96","created_at":"2026-09-22T00:30:16.161Z","updated_at":"2026-09-22T00:30:16.161Z"},{"id":"e39e86ef-7dd7-45a0-acdd-b92cd06ba25e","state":"InvitePending","source_platform":"truecoach","source_person_id":"s00097","display_name":"Synthetic 97","created_at":"2026-09-22T00:30:16.163Z","updated_at":"2026-09-22T00:30:16.163Z"},{"id":"c8e37e8a-4824-46ea-8fb6-b9f2546d8f87","state":"InvitePending","source_platform":"truecoach","source_person_id":"s00098","display_name":"Synthetic 98","created_at":"2026-09-22T00:30:16.165Z","updated_at":"2026-09-22T00:30:16.165Z"},{"id":"04048039-c67e-430d-8615-bd42d8c0267e","state":"InvitePending","source_platform":"truecoach","source_person_id":"s00099","display_name":"Synthetic 99","created_at":"2026-09-22T00:30:16.167Z","updated_at":"2026-09-22T00:30:16.167Z"},{"id":"3d685aa7-1748-4010-ab4f-b64ce77e7e1c","state":"InvitePending","source_platform":"truecoach","source_person_id":"s00101","display_name":"Synthetic 101","created_at":"2026-09-22T00:30:16.171Z","updated_at":"2026-09-22T00:30:16.171Z"},{"id":"9f846565-928d-43f2-a15c-11ed229f7d4b","state":"InvitePending","source_platform":"truecoach","source_person_id":"s00102","display_name":"Synthetic 102","created_at":"2026-09-22T00:30:16.174Z","updated_at":"2026-09-22T00:30:16.174Z"},{"id":"cb6842be-31fb-4e93-802e-9fbf9028ce64","state":"InvitePending","source_platform":"truecoach","source_person_id":"s00103","display_name":"Synthetic 103","created_at":"2026-09-22T00:30:16.176Z","updated_at":"2026-09-22T00:30:16.176Z"},{"id":"70f1b518-35c8-44ce-be80-57e6fced1e83","state":"InvitePending","source_platform":"truecoach","source_person_id":"s00104","display_name":"Synthetic 104","created_at":"2026-09-22T00:30:16.177Z","updated_at":"2026-09-22T00:30:16.177Z"},{"id":"e8e23418-0b68-4c0e-b5a6-48189ccb2634","state":"InvitePending","source_platform":"truecoach","source_person_id":"s00105","display_name":"Synthetic 105","created_at":"2026-09-22T00:30:16.179Z","updated_at":"2026-09-22T00:30:16.179Z"},{"id":"21b915bd-d5ad-4232-a2ca-065fea92b54f","state":"InvitePending","source_platform":"truecoach","source_person_id":"s00106","display_name":"Synthetic 106","created_at":"2026-09-22T00:30:16.181Z","updated_at":"2026-09-22T00:30:16.181Z"},{"id":"523c17c3-a5d3-4319-899e-f709f98f96f3","state":"InvitePending","source_platform":"truecoach","source_person_id":"s00107","display_name":"Synthetic 107","created_at":"2026-09-22T00:30:16.183Z","updated_at":"2026-09-22T00:30:16.183Z"},{"id":"90d0c07c-6b56-41fd-9d41-8f98f46bbc69","state":"InvitePending","source_platform":"truecoach","source_person_id":"s00108","display_name":"Synthetic 108","created_at":"2026-09-22T00:30:16.184Z","updated_at":"2026-09-22T00:30:16.184Z"},{"id":"4752c7f3-401e-4318-85bf-910329bef4c8","state":"InvitePending","source_platform":"truecoach","source_person_id":"s00109","display_name":"Synthetic 109","created_at":"2026-09-22T00:30:16.186Z","updated_at":"2026-09-22T00:30:16.186Z"},{"id":"6c2abf49-154e-4b98-b87b-dfb82329cc2a","state":"InvitePending","source_platform":"truecoach","source_person_id":"s00110","display_name":"Synthetic 110","created_at":"2026-09-22T00:30:16.188Z","updated_at":"2026-09-22T00:30:16.188Z"},{"id":"79af6f6f-373e-4b7f-b34f-baf6111f4446","state":"InvitePending","source_platform":"truecoach","source_person_id":"s00111","display_name":"Synthetic 111","created_at":"2026-09-22T00:30:16.189Z","updated_at":"2026-09-22T00:30:16.189Z"},{"id":"96686cea-6d1e-48ff-8921-490870bd728f","state":"InvitePending","source_platform":"truecoach","source_person_id":"s00112","display_name":"Synthetic 112","created_at":"2026-09-22T00:30:16.194Z","updated_at":"2026-09-22T00:30:16.194Z"},{"id":"85768b51-9bf1-4901-bb36-beb16e33cdbb","state":"InvitePending","source_platform":"truecoach","source_person_id":"s00113","display_name":"Synthetic 113","created_at":"2026-09-22T00:30:16.196Z","updated_at":"2026-09-22T00:30:16.196Z"},{"id":"6f5a64c2-2470-462a-8596-dd5801863c26","state":"InvitePending","source_platform":"truecoach","source_person_id":"s00114","display_name":"Synthetic 114","created_at":"2026-09-22T00:30:16.198Z","updated_at":"2026-09-22T00:30:16.198Z"},{"id":"829f1577-c9ba-4ee2-a80a-a04f6c3328a3","state":"InvitePending","source_platform":"truecoach","source_person_id":"s00115","display_name":"Synthetic 115","created_at":"2026-09-22T00:30:16.199Z","updated_at":"2026-09-22T00:30:16.199Z"},{"id":"221bcd88-6dfe-4df9-9f75-ba318fc1e7f1","state":"InvitePending","source_platform":"truecoach","source_person_id":"s00116","display_name":"Synthetic 116","created_at":"2026-09-22T00:30:16.201Z","updated_at":"2026-09-22T00:30:16.201Z"},{"id":"b8ba1d2a-92df-414c-bdbd-2c16a6b45ef5","state":"InvitePending","source_platform":"truecoach","source_person_id":"s00117","display_name":"Synthetic 117","created_at":"2026-09-22T00:30:16.203Z","updated_at":"2026-09-22T00:30:16.203Z"},{"id":"32338658-7fa5-42a3-b86a-543777beef3c","state":"InvitePending","source_platform":"truecoach","source_person_id":"s00118","display_name":"Synthetic 118","created_at":"2026-09-22T00:30:16.204Z","updated_at":"2026-09-22T00:30:16.204Z"},{"id":"7b10f3a8-a1f0-4acf-a57d-fe61edc520bd","state":"InvitePending","source_platform":"truecoach","source_person_id":"s00119","display_name":"Synthetic 119","created_at":"2026-09-22T00:30:16.206Z","updated_at":"2026-09-22T00:30:16.206Z"},{"id":"08b95bee-a062-407c-b9c9-d29321d5b8eb","state":"InvitePending","source_platform":"truecoach","source_person_id":"s00120","display_name":"Synthetic 120","created_at":"2026-09-22T00:30:16.208Z","updated_at":"2026-09-22T00:30:16.208Z"},{"id":"46fd8a35-e566-4efc-aeb4-ab1ecb0e4f61","state":"InvitePending","source_platform":"truecoach","source_person_id":"s00121","display_name":"Synthetic 121","created_at":"2026-09-22T00:30:16.210Z","updated_at":"2026-09-22T00:30:16.210Z"},{"id":"b409303a-df5d-4289-8ecd-0badf2f2123a","state":"InvitePending","source_platform":"truecoach","source_person_id":"s00122","display_name":"Synthetic 122","created_at":"2026-09-22T00:30:16.211Z","updated_at":"2026-09-22T00:30:16.211Z"},{"id":"df4bd655-fc10-46c4-9b34-7845a1c8d5f9","state":"InvitePending","source_platform":"truecoach","source_person_id":"s00123","display_name":"Synthetic 123","created_at":"2026-09-22T00:30:16.213Z","updated_at":"2026-09-22T00:30:16.213Z"},{"id":"61f68c00-f03f-4e30-abb3-341ba55eeb15","state":"InvitePending","source_platform":"truecoach","source_person_id":"s00124","display_name":"Synthetic 124","created_at":"2026-09-22T00:30:16.215Z","updated_at":"2026-09-22T00:30:16.215Z"},{"id":"6112192e-f9fd-4570-95bb-0488416f7a78","state":"InvitePending","source_platform":"truecoach","source_person_id":"s00125","display_name":"Synthetic 125","created_at":"2026-09-22T00:30:16.217Z","updated_at":"2026-09-22T00:30:16.217Z"},{"id":"9c95f55c-c0c5-4e9b-b786-d002e91f0a7e","state":"InvitePending","source_platform":"truecoach","source_person_id":"s00126","display_name":"Synthetic 126","created_at":"2026-09-22T00:30:16.218Z","updated_at":"2026-09-22T00:30:16.218Z"},{"id":"57ddec33-3eab-4b75-aac9-bee2aa6a2799","state":"InvitePending","source_platform":"truecoach","source_person_id":"s00127","display_name":"Synthetic 127","created_at":"2026-09-22T00:30:16.220Z","updated_at":"2026-09-22T00:30:16.220Z"},{"id":"073361c1-4a66-4bc8-b392-af12af69a744","state":"InvitePending","source_platform":"truecoach","source_person_id":"s00128","display_name":"Synthetic 128","created_at":"2026-09-22T00:30:16.222Z","updated_at":"2026-09-22T00:30:16.222Z"},{"id":"cc013b43-feac-4e4c-9752-56260ec5c628","state":"InvitePending","source_platform":"truecoach","source_person_id":"s00129","display_name":"Synthetic 129","created_at":"2026-09-22T00:30:16.223Z","updated_at":"2026-09-22T00:30:16.223Z"},{"id":"4c6208da-1187-4635-896a-977935665ab4","state":"InvitePending","source_platform":"truecoach","source_person_id":"s00130","display_name":"Synthetic 130","created_at":"2026-09-22T00:30:16.225Z","updated_at":"2026-09-22T00:30:16.225Z"},{"id":"cb055798-af89-45f4-9aad-fd6fdbaff65d","state":"InvitePending","source_platform":"truecoach","source_person_id":"s00131","display_name":"Synthetic 131","created_at":"2026-09-22T00:30:16.227Z","updated_at":"2026-09-22T00:30:16.227Z"},{"id":"6efe3a6e-6967-4b04-a838-d50872031273","state":"InvitePending","source_platform":"truecoach","source_person_id":"s00132","display_name":"Synthetic 132","created_at":"2026-09-22T00:30:16.228Z","updated_at":"2026-09-22T00:30:16.228Z"},{"id":"380d388e-a11c-423f-bc90-52d82015f7bc","state":"InvitePending","source_platform":"truecoach","source_person_id":"s00133","display_name":"Synthetic 133","created_at":"2026-09-22T00:30:16.230Z","updated_at":"2026-09-22T00:30:16.230Z"},{"id":"76f7abf5-c3bb-42e6-90d3-4b27076f27cd","state":"InvitePending","source_platform":"truecoach","source_person_id":"s00134","display_name":"Synthetic 134","created_at":"2026-09-22T00:30:16.232Z","updated_at":"2026-09-22T00:30:16.232Z"},{"id":"c9e951a2-6a6b-46e5-af76-3af110c9b583","state":"InvitePending","source_platform":"truecoach","source_person_id":"s00135","display_name":"Synthetic 135","created_at":"2026-09-22T00:30:16.234Z","updated_at":"2026-09-22T00:30:16.234Z"},{"id":"a69ea641-8a53-4e50-bfce-46e1c6552894","state":"InvitePending","source_platform":"truecoach","source_person_id":"s00136","display_name":"Synthetic 136","created_at":"2026-09-22T00:30:16.235Z","updated_at":"2026-09-22T00:30:16.235Z"},{"id":"b3ff4bf0-1da0-4878-baba-bcad24503837","state":"InvitePending","source_platform":"truecoach","source_person_id":"s00137","display_name":"Synthetic 137","created_at":"2026-09-22T00:30:16.237Z","updated_at":"2026-09-22T00:30:16.237Z"},{"id":"0cb05aff-b085-4120-b61d-8b66aa9bb20a","state":"InvitePending","source_platform":"truecoach","source_person_id":"s00138","display_name":"Synthetic 138","created_at":"2026-09-22T00:30:16.239Z","updated_at":"2026-09-22T00:30:16.239Z"},{"id":"c8f0b3a4-34b6-4894-9b03-66601dc75002","state":"InvitePending","source_platform":"truecoach","source_person_id":"s00139","display_name":"Synthetic 139","created_at":"2026-09-22T00:30:16.245Z","updated_at":"2026-09-22T00:30:16.245Z"},{"id":"3269ae3c-0298-4cb8-8a0a-e14844f174df","state":"InvitePending","source_platform":"truecoach","source_person_id":"s00140","display_name":"Synthetic 140","created_at":"2026-09-22T00:30:16.247Z","updated_at":"2026-09-22T00:30:16.247Z"},{"id":"e03f7137-804c-4227-b056-65d26415b5f7","state":"InvitePending","source_platform":"truecoach","source_person_id":"s00141","display_name":"Synthetic 141","created_at":"2026-09-22T00:30:16.248Z","updated_at":"2026-09-22T00:30:16.248Z"},{"id":"7bf08358-90cc-4a17-805d-7c94ba2e2002","state":"InvitePending","source_platform":"truecoach","source_person_id":"s00142","display_name":"Synthetic 142","created_at":"2026-09-22T00:30:16.250Z","updated_at":"2026-09-22T00:30:16.250Z"},{"id":"0c1d0d1e-21d6-4609-80ee-47510161aec1","state":"InvitePending","source_platform":"truecoach","source_person_id":"s00143","display_name":"Synthetic 143","created_at":"2026-09-22T00:30:16.252Z","updated_at":"2026-09-22T00:30:16.252Z"},{"id":"84f8b33f-a5f2-4a12-9c6c-b26bc59faaa0","state":"InvitePending","source_platform":"truecoach","source_person_id":"s00144","display_name":"Synthetic 144","created_at":"2026-09-22T00:30:16.253Z","updated_at":"2026-09-22T00:30:16.253Z"},{"id":"2bda7f0e-0c16-4ac7-a10f-cd672635f3b3","state":"InvitePending","source_platform":"truecoach","source_person_id":"s00145","display_name":"Synthetic 145","created_at":"2026-09-22T00:30:16.255Z","updated_at":"2026-09-22T00:30:16.255Z"},{"id":"ec2e3fc8-d576-43ee-8689-9d6b7b6cd87b","state":"InvitePending","source_platform":"truecoach","source_person_id":"s00146","display_name":"Synthetic 146","created_at":"2026-09-22T00:30:16.257Z","updated_at":"2026-09-22T00:30:16.257Z"},{"id":"94ab9d84-6ae3-4894-b5ad-255e976faefb","state":"InvitePending","source_platform":"truecoach","source_person_id":"s00147","display_name":"Synthetic 147","created_at":"2026-09-22T00:30:16.258Z","updated_at":"2026-09-22T00:30:16.258Z"},{"id":"c6f84b71-beab-4a27-bd0b-f9267490eb4b","state":"InvitePending","source_platform":"truecoach","source_person_id":"s00148","display_name":"Synthetic 148","created_at":"2026-09-22T00:30:16.260Z","updated_at":"2026-09-22T00:30:16.260Z"},{"id":"02022fd4-0647-4aaa-a5f7-1b013fe6b7fc","state":"InvitePending","source_platform":"truecoach","source_person_id":"s00149","display_name":"Synthetic 149","created_at":"2026-09-22T00:30:16.261Z","updated_at":"2026-09-22T00:30:16.261Z"},{"id":"7f7c5f6f-1f47-4135-8c50-7476f053f146","state":"InvitePending","source_platform":"truecoach","source_person_id":"s00151","display_name":"Synthetic 151","created_at":"2026-09-22T00:30:16.265Z","updated_at":"2026-09-22T00:30:16.265Z"},{"id":"9833051a-9ec0-4932-8cc5-5b4560dc1fa3","state":"InvitePending","source_platform":"truecoach","source_person_id":"s00152","display_name":"Synthetic 152","created_at":"2026-09-22T00:30:16.266Z","updated_at":"2026-09-22T00:30:16.266Z"},{"id":"8b9950b6-2d3c-433f-82a3-bc0a824204c5","state":"InvitePending","source_platform":"truecoach","source_person_id":"s00153","display_name":"Synthetic 153","created_at":"2026-09-22T00:30:16.268Z","updated_at":"2026-09-22T00:30:16.268Z"},{"id":"b9c9a1fe-3927-4704-81b9-aa8a03fbb21e","state":"InvitePending","source_platform":"truecoach","source_person_id":"s00154","display_name":"Synthetic 154","created_at":"2026-09-22T00:30:16.269Z","updated_at":"2026-09-22T00:30:16.269Z"},{"id":"f206e507-b19f-4269-871f-cfb8417d85cb","state":"InvitePending","source_platform":"truecoach","source_person_id":"s00155","display_name":"Synthetic 155","created_at":"2026-09-22T00:30:16.271Z","updated_at":"2026-09-22T00:30:16.271Z"},{"id":"07a9d985-9754-4fac-a741-4f034041dae9","state":"InvitePending","source_platform":"truecoach","source_person_id":"s00156","display_name":"Synthetic 156","created_at":"2026-09-22T00:30:16.272Z","updated_at":"2026-09-22T00:30:16.272Z"},{"id":"c08e75fd-eb73-4033-bdc5-0ff2c8dc405e","state":"InvitePending","source_platform":"truecoach","source_person_id":"s00157","display_name":"Synthetic 157","created_at":"2026-09-22T00:30:16.273Z","updated_at":"2026-09-22T00:30:16.273Z"},{"id":"c4fd52ca-2997-425a-afad-f04d056da684","state":"InvitePending","source_platform":"truecoach","source_person_id":"s00158","display_name":"Synthetic 158","created_at":"2026-09-22T00:30:16.275Z","updated_at":"2026-09-22T00:30:16.275Z"},{"id":"c0ddd006-45b5-481d-9783-4e3a496b627c","state":"InvitePending","source_platform":"truecoach","source_person_id":"s00159","display_name":"Synthetic 159","created_at":"2026-09-22T00:30:16.276Z","updated_at":"2026-09-22T00:30:16.276Z"},{"id":"ca94ffca-164b-4e59-956a-229607b1d8f9","state":"InvitePending","source_platform":"truecoach","source_person_id":"s00160","display_name":"Synthetic 160","created_at":"2026-09-22T00:30:16.277Z","updated_at":"2026-09-22T00:30:16.277Z"},{"id":"c8239218-d7d9-4fd2-aa10-71af263bfef3","state":"InvitePending","source_platform":"truecoach","source_person_id":"s00161","display_name":"Synthetic 161","created_at":"2026-09-22T00:30:16.279Z","updated_at":"2026-09-22T00:30:16.279Z"},{"id":"0842f84a-97e2-4e8a-8133-36b8923402c6","state":"InvitePending","source_platform":"truecoach","source_person_id":"s00162","display_name":"Synthetic 162","created_at":"2026-09-22T00:30:16.280Z","updated_at":"2026-09-22T00:30:16.280Z"},{"id":"ce2cae24-b6bf-406a-a793-387014df0822","state":"InvitePending","source_platform":"truecoach","source_person_id":"s00163","display_name":"Synthetic 163","created_at":"2026-09-22T00:30:16.284Z","updated_at":"2026-09-22T00:30:16.284Z"},{"id":"2ec06e78-89ab-44ac-a0c3-538d01a581bf","state":"InvitePending","source_platform":"truecoach","source_person_id":"s00164","display_name":"Synthetic 164","created_at":"2026-09-22T00:30:16.285Z","updated_at":"2026-09-22T00:30:16.285Z"},{"id":"5385b832-bd01-4a1d-872b-14488b14251d","state":"InvitePending","source_platform":"truecoach","source_person_id":"s00165","display_name":"Synthetic 165","created_at":"2026-09-22T00:30:16.287Z","updated_at":"2026-09-22T00:30:16.287Z"},{"id":"5baae8c7-afee-4b9a-96b5-dc7386fe87df","state":"InvitePending","source_platform":"truecoach","source_person_id":"s00166","display_name":"Synthetic 166","created_at":"2026-09-22T00:30:16.289Z","updated_at":"2026-09-22T00:30:16.289Z"},{"id":"84a96d4e-ee48-4dfe-ad2d-23f63f068c3b","state":"InvitePending","source_platform":"truecoach","source_person_id":"s00167","display_name":"Synthetic 167","created_at":"2026-09-22T00:30:16.290Z","updated_at":"2026-09-22T00:30:16.290Z"},{"id":"fc261660-670e-4808-ad70-9156335dde6e","state":"InvitePending","source_platform":"truecoach","source_person_id":"s00168","display_name":"Synthetic 168","created_at":"2026-09-22T00:30:16.292Z","updated_at":"2026-09-22T00:30:16.292Z"},{"id":"18c65235-3f9e-442e-8ccb-0ef67cb7b6b0","state":"InvitePending","source_platform":"truecoach","source_person_id":"s00169","display_name":"Synthetic 169","created_at":"2026-09-22T00:30:16.293Z","updated_at":"2026-09-22T00:30:16.293Z"},{"id":"8ae9efb0-d0d8-45ef-82d1-25c9c9825c31","state":"InvitePending","source_platform":"truecoach","source_person_id":"s00170","display_name":"Synthetic 170","created_at":"2026-09-22T00:30:16.295Z","updated_at":"2026-09-22T00:30:16.295Z"},{"id":"2c94b032-5b98-43d8-8aeb-560de1cf804c","state":"InvitePending","source_platform":"truecoach","source_person_id":"s00171","display_name":"Synthetic 171","created_at":"2026-09-22T00:30:16.296Z","updated_at":"2026-09-22T00:30:16.296Z"},{"id":"ad48062a-f86e-4c7e-a74c-4e14a4eccd77","state":"InvitePending","source_platform":"truecoach","source_person_id":"s00172","display_name":"Synthetic 172","created_at":"2026-09-22T00:30:16.298Z","updated_at":"2026-09-22T00:30:16.298Z"},{"id":"22059fda-7bee-4252-8e19-72dcbe3bd79e","state":"InvitePending","source_platform":"truecoach","source_person_id":"s00173","display_name":"Synthetic 173","created_at":"2026-09-22T00:30:16.300Z","updated_at":"2026-09-22T00:30:16.300Z"},{"id":"8b198dfa-a5bf-48b1-a7c5-d5cea5c9f067","state":"InvitePending","source_platform":"truecoach","source_person_id":"s00174","display_name":"Synthetic 174","created_at":"2026-09-22T00:30:16.302Z","updated_at":"2026-09-22T00:30:16.302Z"},{"id":"80643a9c-e969-4fa3-aec9-eafac50e3534","state":"InvitePending","source_platform":"truecoach","source_person_id":"s00175","display_name":"Synthetic 175","created_at":"2026-09-22T00:30:16.303Z","updated_at":"2026-09-22T00:30:16.303Z"},{"id":"cd20b6e1-a6e5-4594-bfe8-39387777e459","state":"InvitePending","source_platform":"truecoach","source_person_id":"s00176","display_name":"Synthetic 176","created_at":"2026-09-22T00:30:16.305Z","updated_at":"2026-09-22T00:30:16.305Z"},{"id":"17169842-cdaf-4c31-8e02-2f4580c2df44","state":"InvitePending","source_platform":"truecoach","source_person_id":"s00177","display_name":"Synthetic 177","created_at":"2026-09-22T00:30:16.306Z","updated_at":"2026-09-22T00:30:16.306Z"},{"id":"6d623df4-d14a-4bf8-880a-bc1029c14615","state":"InvitePending","source_platform":"truecoach","source_person_id":"s00178","display_name":"Synthetic 178","created_at":"2026-09-22T00:30:16.308Z","updated_at":"2026-09-22T00:30:16.308Z"},{"id":"a44caa18-c531-414f-afc1-40fcc5a96b1d","state":"InvitePending","source_platform":"truecoach","source_person_id":"s00179","display_name":"Synthetic 179","created_at":"2026-09-22T00:30:16.309Z","updated_at":"2026-09-22T00:30:16.309Z"},{"id":"1b702152-24c7-4111-8b70-4dc5db37e92f","state":"InvitePending","source_platform":"truecoach","source_person_id":"s00180","display_name":"Synthetic 180","created_at":"2026-09-22T00:30:16.310Z","updated_at":"2026-09-22T00:30:16.310Z"},{"id":"4f6bcfa1-40da-47b7-b736-308d607e80ae","state":"InvitePending","source_platform":"truecoach","source_person_id":"s00181","display_name":"Synthetic 181","created_at":"2026-09-22T00:30:16.312Z","updated_at":"2026-09-22T00:30:16.312Z"},{"id":"d8917355-7eaa-4283-ae74-c40eacf8188a","state":"InvitePending","source_platform":"truecoach","source_person_id":"s00182","display_name":"Synthetic 182","created_at":"2026-09-22T00:30:16.313Z","updated_at":"2026-09-22T00:30:16.313Z"},{"id":"d732fd5a-37b2-419b-a033-72da319b50b7","state":"InvitePending","source_platform":"truecoach","source_person_id":"s00183","display_name":"Synthetic 183","created_at":"2026-09-22T00:30:16.314Z","updated_at":"2026-09-22T00:30:16.314Z"},{"id":"e3704316-2931-4d64-9cbb-b3530b547a0d","state":"InvitePending","source_platform":"truecoach","source_person_id":"s00184","display_name":"Synthetic 184","created_at":"2026-09-22T00:30:16.316Z","updated_at":"2026-09-22T00:30:16.316Z"},{"id":"5a81aebb-9787-4a79-b477-ba5b01d183d7","state":"InvitePending","source_platform":"truecoach","source_person_id":"s00185","display_name":"Synthetic 185","created_at":"2026-09-22T00:30:16.317Z","updated_at":"2026-09-22T00:30:16.317Z"},{"id":"e7e856b5-c2b4-461d-8c0c-1d06b7863e23","state":"InvitePending","source_platform":"truecoach","source_person_id":"s00186","display_name":"Synthetic 186","created_at":"2026-09-22T00:30:16.319Z","updated_at":"2026-09-22T00:30:16.319Z"},{"id":"0d0d2b6b-2084-4f2d-abd1-eeea22a005d9","state":"InvitePending","source_platform":"truecoach","source_person_id":"s00187","display_name":"Synthetic 187","created_at":"2026-09-22T00:30:16.320Z","updated_at":"2026-09-22T00:30:16.320Z"},{"id":"63704b6c-74de-472f-862f-f5ffb944f585","state":"InvitePending","source_platform":"truecoach","source_person_id":"s00188","display_name":"Synthetic 188","created_at":"2026-09-22T00:30:16.321Z","updated_at":"2026-09-22T00:30:16.321Z"},{"id":"9bafc8df-85dd-46f2-a55d-e9958b074d19","state":"InvitePending","source_platform":"truecoach","source_person_id":"s00189","display_name":"Synthetic 189","created_at":"2026-09-22T00:30:16.323Z","updated_at":"2026-09-22T00:30:16.323Z"},{"id":"17e041b8-b09d-460d-aa85-e9062c332fe0","state":"InvitePending","source_platform":"truecoach","source_person_id":"s00190","display_name":"Synthetic 190","created_at":"2026-09-22T00:30:16.324Z","updated_at":"2026-09-22T00:30:16.324Z"},{"id":"1b55f12a-435b-46ae-861d-f51a2b9dd892","state":"InvitePending","source_platform":"truecoach","source_person_id":"s00191","display_name":"Synthetic 191","created_at":"2026-09-22T00:30:16.326Z","updated_at":"2026-09-22T00:30:16.326Z"},{"id":"d94234a8-fb07-4c1f-826e-d8d28d5fd8e0","state":"InvitePending","source_platform":"truecoach","source_person_id":"s00192","display_name":"Synthetic 192","created_at":"2026-09-22T00:30:16.328Z","updated_at":"2026-09-22T00:30:16.328Z"},{"id":"3a082e17-5a05-45bd-921c-f6676bae97ab","state":"InvitePending","source_platform":"truecoach","source_person_id":"s00193","display_name":"Synthetic 193","created_at":"2026-09-22T00:30:16.329Z","updated_at":"2026-09-22T00:30:16.329Z"},{"id":"d31af7da-a1b5-43fa-a9cb-ca66b0827b82","state":"InvitePending","source_platform":"truecoach","source_person_id":"s00194","display_name":"Synthetic 194","created_at":"2026-09-22T00:30:16.331Z","updated_at":"2026-09-22T00:30:16.331Z"},{"id":"a68b8bfa-9204-42cb-a81e-355f02260791","state":"InvitePending","source_platform":"truecoach","source_person_id":"s00195","display_name":"Synthetic 195","created_at":"2026-09-22T00:30:16.332Z","updated_at":"2026-09-22T00:30:16.332Z"}],"page":{"limit":200,"next_cursor":"czAwMTk1","has_more":true}},"queries":8,"pid":32302}

      161 |       if (code !== 0 || !result) { reject(new Error(`worker exited ${code}: ${output}`)); return; }
      162 |       // Query shapes, outcomes, fixture identifiers and process IDs only; never parameters.
    > 163 |       console.warn('PG17_PROCESS', JSON.stringify({ name, old, options: { ...options, cursor: options.cursor ? '<cursor>' : undefined },
          |               ^
      164 |         result: result.result, failure: result.failure, queries: result.queries.length, pid: result.pid }));
      165 |       resolveDone(result);
      166 |     };

      at settleWorker (test/utils/g2-pg17-harness.ts:163:15)
      at ChildProcess.<anonymous> (test/utils/g2-pg17-harness.ts:168:51)

  console.warn
    PG17_PROCESS {"name":"g2p17_13","old":true,"options":{"action":"roster","cursor":"<cursor>","limit":200},"result":{"intent_id":"intent","accounting":{"staged":600,"reconstructed":596,"skipped":8,"failed":21},"persons":[{"id":"e0210e66-8311-40c5-a53d-0640e204dc76","state":"InvitePending","source_platform":"truecoach","source_person_id":"s00196","display_name":"Synthetic 196","created_at":"2026-09-22T00:30:16.339Z","updated_at":"2026-09-22T00:30:16.339Z"},{"id":"ff34e141-896f-4de1-b523-5320fbc9baf2","state":"InvitePending","source_platform":"truecoach","source_person_id":"s00197","display_name":"Synthetic 197","created_at":"2026-09-22T00:30:16.340Z","updated_at":"2026-09-22T00:30:16.340Z"},{"id":"d172a62e-69cc-4efa-9bd1-190bab79046a","state":"InvitePending","source_platform":"truecoach","source_person_id":"s00198","display_name":"Synthetic 198","created_at":"2026-09-22T00:30:16.342Z","updated_at":"2026-09-22T00:30:16.342Z"},{"id":"0c26f102-238c-4eb7-8da2-0a16242213bb","state":"InvitePending","source_platform":"truecoach","source_person_id":"s00199","display_name":"Synthetic 199","created_at":"2026-09-22T00:30:16.343Z","updated_at":"2026-09-22T00:30:16.343Z"},{"id":"19dd3a00-1523-46ce-913b-e4e9a35a01a2","state":"InvitePending","source_platform":"truecoach","source_person_id":"s00201","display_name":"Synthetic 201","created_at":"2026-09-22T00:30:16.347Z","updated_at":"2026-09-22T00:30:16.347Z"},{"id":"0026a54d-0256-4a42-a631-c5d3e3a92b5b","state":"InvitePending","source_platform":"truecoach","source_person_id":"s00202","display_name":"Synthetic 202","created_at":"2026-09-22T00:30:16.348Z","updated_at":"2026-09-22T00:30:16.348Z"},{"id":"a7a2b715-4f2e-4da9-8651-8192e9fd86e3","state":"InvitePending","source_platform":"truecoach","source_person_id":"s00203","display_name":"Synthetic 203","created_at":"2026-09-22T00:30:16.350Z","updated_at":"2026-09-22T00:30:16.350Z"},{"id":"4fcc70c9-6e4f-4e99-b15e-119a3290e538","state":"InvitePending","source_platform":"truecoach","source_person_id":"s00204","display_name":"Synthetic 204","created_at":"2026-09-22T00:30:16.351Z","updated_at":"2026-09-22T00:30:16.351Z"},{"id":"48fd7c01-371e-4642-aae4-36c015755e2b","state":"InvitePending","source_platform":"truecoach","source_person_id":"s00205","display_name":"Synthetic 205","created_at":"2026-09-22T00:30:16.353Z","updated_at":"2026-09-22T00:30:16.353Z"},{"id":"83efc061-9f21-4ca9-b89f-942d163e1534","state":"InvitePending","source_platform":"truecoach","source_person_id":"s00206","display_name":"Synthetic 206","created_at":"2026-09-22T00:30:16.355Z","updated_at":"2026-09-22T00:30:16.355Z"},{"id":"06ecba57-7283-45c2-9971-695641560c87","state":"InvitePending","source_platform":"truecoach","source_person_id":"s00207","display_name":"Synthetic 207","created_at":"2026-09-22T00:30:16.357Z","updated_at":"2026-09-22T00:30:16.357Z"},{"id":"7755ae04-cecf-43eb-b9eb-212a2873cfe0","state":"InvitePending","source_platform":"truecoach","source_person_id":"s00208","display_name":"Synthetic 208","created_at":"2026-09-22T00:30:16.358Z","updated_at":"2026-09-22T00:30:16.358Z"},{"id":"bc6b6855-71e1-4d3b-b63d-4ff2e1916f08","state":"InvitePending","source_platform":"truecoach","source_person_id":"s00209","display_name":"Synthetic 209","created_at":"2026-09-22T00:30:16.360Z","updated_at":"2026-09-22T00:30:16.360Z"},{"id":"c61b9aff-7d2a-4723-95ac-e209e72d0884","state":"InvitePending","source_platform":"truecoach","source_person_id":"s00210","display_name":"Synthetic 210","created_at":"2026-09-22T00:30:16.361Z","updated_at":"2026-09-22T00:30:16.361Z"},{"id":"7f57fe7d-b012-4412-88b8-8c4bd36c1199","state":"InvitePending","source_platform":"truecoach","source_person_id":"s00211","display_name":"Synthetic 211","created_at":"2026-09-22T00:30:16.363Z","updated_at":"2026-09-22T00:30:16.363Z"},{"id":"1d1c4b88-159a-4e72-be90-924d74d5ab5f","state":"InvitePending","source_platform":"truecoach","source_person_id":"s00212","display_name":"Synthetic 212","created_at":"2026-09-22T00:30:16.364Z","updated_at":"2026-09-22T00:30:16.364Z"},{"id":"b93fe2ea-6fe5-49e5-8903-80c11f838386","state":"InvitePending","source_platform":"truecoach","source_person_id":"s00213","display_name":"Synthetic 213","created_at":"2026-09-22T00:30:16.366Z","updated_at":"2026-09-22T00:30:16.366Z"},{"id":"8fd47a3e-b854-49fa-b281-90db900c631c","state":"InvitePending","source_platform":"truecoach","source_person_id":"s00214","display_name":"Synthetic 214","created_at":"2026-09-22T00:30:16.369Z","updated_at":"2026-09-22T00:30:16.369Z"},{"id":"18edbf55-8b8e-4199-aeee-1ea3ece65ab8","state":"InvitePending","source_platform":"truecoach","source_person_id":"s00215","display_name":"Synthetic 215","created_at":"2026-09-22T00:30:16.370Z","updated_at":"2026-09-22T00:30:16.370Z"},{"id":"6985cee7-aab8-4c22-8f92-c063938bf61d","state":"InvitePending","source_platform":"truecoach","source_person_id":"s00216","display_name":"Synthetic 216","created_at":"2026-09-22T00:30:16.372Z","updated_at":"2026-09-22T00:30:16.372Z"},{"id":"95841a1a-f149-403c-8084-e0de1b412220","state":"InvitePending","source_platform":"truecoach","source_person_id":"s00217","display_name":"Synthetic 217","created_at":"2026-09-22T00:30:16.373Z","updated_at":"2026-09-22T00:30:16.373Z"},{"id":"6fd20b59-5a44-4e9a-accd-36e4a7584ad7","state":"InvitePending","source_platform":"truecoach","source_person_id":"s00218","display_name":"Synthetic 218","created_at":"2026-09-22T00:30:16.375Z","updated_at":"2026-09-22T00:30:16.375Z"},{"id":"339f8373-ca5c-4842-a69c-71b7d634d488","state":"InvitePending","source_platform":"truecoach","source_person_id":"s00219","display_name":"Synthetic 219","created_at":"2026-09-22T00:30:16.377Z","updated_at":"2026-09-22T00:30:16.377Z"},{"id":"3f030584-e941-4059-a30c-e889dc407e13","state":"InvitePending","source_platform":"truecoach","source_person_id":"s00220","display_name":"Synthetic 220","created_at":"2026-09-22T00:30:16.378Z","updated_at":"2026-09-22T00:30:16.378Z"},{"id":"f6a6dd7a-8f36-4112-a4ee-99dadcde0c1b","state":"InvitePending","source_platform":"truecoach","source_person_id":"s00221","display_name":"Synthetic 221","created_at":"2026-09-22T00:30:16.380Z","updated_at":"2026-09-22T00:30:16.380Z"},{"id":"240a87d8-6383-45f2-9a9a-ded0a89f5b6b","state":"InvitePending","source_platform":"truecoach","source_person_id":"s00222","display_name":"Synthetic 222","created_at":"2026-09-22T00:30:16.381Z","updated_at":"2026-09-22T00:30:16.381Z"},{"id":"b2879aad-43fb-4c78-a3b4-f9be9af97278","state":"InvitePending","source_platform":"truecoach","source_person_id":"s00223","display_name":"Synthetic 223","created_at":"2026-09-22T00:30:16.383Z","updated_at":"2026-09-22T00:30:16.383Z"},{"id":"ad0618f5-8697-494d-8169-247b3078f21f","state":"InvitePending","source_platform":"truecoach","source_person_id":"s00224","display_name":"Synthetic 224","created_at":"2026-09-22T00:30:16.384Z","updated_at":"2026-09-22T00:30:16.384Z"},{"id":"f31a4d54-5db3-4b71-a501-b44625752fe9","state":"InvitePending","source_platform":"truecoach","source_person_id":"s00225","display_name":"Synthetic 225","created_at":"2026-09-22T00:30:16.386Z","updated_at":"2026-09-22T00:30:16.386Z"},{"id":"4b13dd06-29be-41ae-85c1-bcbf6ed78ade","state":"InvitePending","source_platform":"truecoach","source_person_id":"s00226","display_name":"Synthetic 226","created_at":"2026-09-22T00:30:16.388Z","updated_at":"2026-09-22T00:30:16.388Z"},{"id":"bac4077f-d212-4709-ba9e-ab412e47931b","state":"InvitePending","source_platform":"truecoach","source_person_id":"s00227","display_name":"Synthetic 227","created_at":"2026-09-22T00:30:16.389Z","updated_at":"2026-09-22T00:30:16.389Z"},{"id":"a2f2323b-9753-45f2-a872-9862cd63742e","state":"InvitePending","source_platform":"truecoach","source_person_id":"s00228","display_name":"Synthetic 228","created_at":"2026-09-22T00:30:16.391Z","updated_at":"2026-09-22T00:30:16.391Z"},{"id":"a6b1e554-ea32-445d-be69-90df49f00ed1","state":"InvitePending","source_platform":"truecoach","source_person_id":"s00229","display_name":"Synthetic 229","created_at":"2026-09-22T00:30:16.392Z","updated_at":"2026-09-22T00:30:16.392Z"},{"id":"5179bcfc-6ba8-4d93-bbc8-319437a7928f","state":"InvitePending","source_platform":"truecoach","source_person_id":"s00230","display_name":"Synthetic 230","created_at":"2026-09-22T00:30:16.393Z","updated_at":"2026-09-22T00:30:16.393Z"},{"id":"9773cb96-8cfb-4134-a9e1-36f4990aaaae","state":"InvitePending","source_platform":"truecoach","source_person_id":"s00231","display_name":"Synthetic 231","created_at":"2026-09-22T00:30:16.395Z","updated_at":"2026-09-22T00:30:16.395Z"},{"id":"09a7b3b1-a3c7-41f1-baac-57bd975fbcf9","state":"InvitePending","source_platform":"truecoach","source_person_id":"s00232","display_name":"Synthetic 232","created_at":"2026-09-22T00:30:16.396Z","updated_at":"2026-09-22T00:30:16.396Z"},{"id":"65f8c4f8-98f4-4061-9852-dfa69cb0a745","state":"InvitePending","source_platform":"truecoach","source_person_id":"s00233","display_name":"Synthetic 233","created_at":"2026-09-22T00:30:16.398Z","updated_at":"2026-09-22T00:30:16.398Z"},{"id":"1b12fd8b-3edc-4dfe-a729-2a19ebf7979f","state":"InvitePending","source_platform":"truecoach","source_person_id":"s00234","display_name":"Synthetic 234","created_at":"2026-09-22T00:30:16.399Z","updated_at":"2026-09-22T00:30:16.399Z"},{"id":"8b2031f5-ab1c-468c-9540-f2b9ad7c08bc","state":"InvitePending","source_platform":"truecoach","source_person_id":"s00235","display_name":"Synthetic 235","created_at":"2026-09-22T00:30:16.401Z","updated_at":"2026-09-22T00:30:16.401Z"},{"id":"4e1c4ae9-0972-440f-87ea-0192121581d4","state":"InvitePending","source_platform":"truecoach","source_person_id":"s00236","display_name":"Synthetic 236","created_at":"2026-09-22T00:30:16.402Z","updated_at":"2026-09-22T00:30:16.402Z"},{"id":"e7b56cf2-0259-4eb8-a8c4-7d4a15d1b9b1","state":"InvitePending","source_platform":"truecoach","source_person_id":"s00237","display_name":"Synthetic 237","created_at":"2026-09-22T00:30:16.404Z","updated_at":"2026-09-22T00:30:16.404Z"},{"id":"e17bfeeb-f73e-4201-805c-f53a4f070157","state":"InvitePending","source_platform":"truecoach","source_person_id":"s00238","display_name":"Synthetic 238","created_at":"2026-09-22T00:30:16.405Z","updated_at":"2026-09-22T00:30:16.405Z"},{"id":"dc956e2a-66ac-4c64-b21a-7995abd6209d","state":"InvitePending","source_platform":"truecoach","source_person_id":"s00239","display_name":"Synthetic 239","created_at":"2026-09-22T00:30:16.406Z","updated_at":"2026-09-22T00:30:16.406Z"},{"id":"1d39e8bd-f0e1-4ac6-852b-a2125df5d21e","state":"InvitePending","source_platform":"truecoach","source_person_id":"s00240","display_name":"Synthetic 240","created_at":"2026-09-22T00:30:16.408Z","updated_at":"2026-09-22T00:30:16.408Z"},{"id":"49c3569d-66e2-4dd4-a1c2-a9060e024b2a","state":"InvitePending","source_platform":"truecoach","source_person_id":"s00241","display_name":"Synthetic 241","created_at":"2026-09-22T00:30:16.409Z","updated_at":"2026-09-22T00:30:16.409Z"},{"id":"949b4ebc-199f-4b2c-8382-cf6ebc717449","state":"InvitePending","source_platform":"truecoach","source_person_id":"s00242","display_name":"Synthetic 242","created_at":"2026-09-22T00:30:16.411Z","updated_at":"2026-09-22T00:30:16.411Z"},{"id":"bc8e0b4a-611d-48ab-a773-0160e2ee47b3","state":"InvitePending","source_platform":"truecoach","source_person_id":"s00243","display_name":"Synthetic 243","created_at":"2026-09-22T00:30:16.412Z","updated_at":"2026-09-22T00:30:16.412Z"},{"id":"b4a903e3-1e11-4d11-80de-16519951de99","state":"InvitePending","source_platform":"truecoach","source_person_id":"s00244","display_name":"Synthetic 244","created_at":"2026-09-22T00:30:16.413Z","updated_at":"2026-09-22T00:30:16.413Z"},{"id":"7f2d5ae5-caf2-4f58-acc4-e7eab5f1a04b","state":"InvitePending","source_platform":"truecoach","source_person_id":"s00245","display_name":"Synthetic 245","created_at":"2026-09-22T00:30:16.415Z","updated_at":"2026-09-22T00:30:16.415Z"},{"id":"b1ba90fc-e2e0-4e42-9297-ce1fc11e9211","state":"InvitePending","source_platform":"truecoach","source_person_id":"s00246","display_name":"Synthetic 246","created_at":"2026-09-22T00:30:16.416Z","updated_at":"2026-09-22T00:30:16.416Z"},{"id":"bf6c40a3-d2fe-40b2-bf32-025c3096a910","state":"InvitePending","source_platform":"truecoach","source_person_id":"s00247","display_name":"Synthetic 247","created_at":"2026-09-22T00:30:16.418Z","updated_at":"2026-09-22T00:30:16.418Z"},{"id":"f80e1bfd-5961-4221-be77-3dac8b4ae59a","state":"InvitePending","source_platform":"truecoach","source_person_id":"s00248","display_name":"Synthetic 248","created_at":"2026-09-22T00:30:16.419Z","updated_at":"2026-09-22T00:30:16.419Z"},{"id":"7429ba82-3852-4bf5-b5bd-20efa77d2270","state":"InvitePending","source_platform":"truecoach","source_person_id":"s00249","display_name":"Synthetic 249","created_at":"2026-09-22T00:30:16.421Z","updated_at":"2026-09-22T00:30:16.421Z"},{"id":"3ef3b63f-9663-49c4-b4db-540e7507c238","state":"InvitePending","source_platform":"truecoach","source_person_id":"s00251","display_name":"Synthetic 251","created_at":"2026-09-22T00:30:16.427Z","updated_at":"2026-09-22T00:30:16.427Z"},{"id":"11e21fb0-1df8-4535-aa74-0b9fdf08fb97","state":"InvitePending","source_platform":"truecoach","source_person_id":"s00252","display_name":"Synthetic 252","created_at":"2026-09-22T00:30:16.429Z","updated_at":"2026-09-22T00:30:16.429Z"},{"id":"366bf566-1cf1-4341-8cdd-0962410a4bd5","state":"InvitePending","source_platform":"truecoach","source_person_id":"s00253","display_name":"Synthetic 253","created_at":"2026-09-22T00:30:16.430Z","updated_at":"2026-09-22T00:30:16.430Z"},{"id":"ccd1e6a3-783b-4a41-b853-be29c19843f6","state":"InvitePending","source_platform":"truecoach","source_person_id":"s00254","display_name":"Synthetic 254","created_at":"2026-09-22T00:30:16.432Z","updated_at":"2026-09-22T00:30:16.432Z"},{"id":"61f55b34-c233-48b0-829d-bd213c42f785","state":"InvitePending","source_platform":"truecoach","source_person_id":"s00255","display_name":"Synthetic 255","created_at":"2026-09-22T00:30:16.433Z","updated_at":"2026-09-22T00:30:16.433Z"},{"id":"01017daa-b3e3-4cfb-a819-b3aa8c2e9e17","state":"InvitePending","source_platform":"truecoach","source_person_id":"s00256","display_name":"Synthetic 256","created_at":"2026-09-22T00:30:16.434Z","updated_at":"2026-09-22T00:30:16.434Z"},{"id":"7b0e1ba4-8191-4191-967f-a0d0711d2a30","state":"InvitePending","source_platform":"truecoach","source_person_id":"s00257","display_name":"Synthetic 257","created_at":"2026-09-22T00:30:16.436Z","updated_at":"2026-09-22T00:30:16.436Z"},{"id":"d028cfc5-e576-40cd-b4e0-e8e6fb1fb2d7","state":"InvitePending","source_platform":"truecoach","source_person_id":"s00258","display_name":"Synthetic 258","created_at":"2026-09-22T00:30:16.437Z","updated_at":"2026-09-22T00:30:16.437Z"},{"id":"761acc98-27d9-4d56-9d55-a74735c2ab6e","state":"InvitePending","source_platform":"truecoach","source_person_id":"s00259","display_name":"Synthetic 259","created_at":"2026-09-22T00:30:16.439Z","updated_at":"2026-09-22T00:30:16.439Z"},{"id":"bdc3a4f4-9164-4b3a-86a5-59f8d2b21b9b","state":"InvitePending","source_platform":"truecoach","source_person_id":"s00260","display_name":"Synthetic 260","created_at":"2026-09-22T00:30:16.440Z","updated_at":"2026-09-22T00:30:16.440Z"},{"id":"617e950e-ef84-4df7-8066-7b47d4a52cda","state":"InvitePending","source_platform":"truecoach","source_person_id":"s00261","display_name":"Synthetic 261","created_at":"2026-09-22T00:30:16.441Z","updated_at":"2026-09-22T00:30:16.441Z"},{"id":"e4126d95-aff9-4c45-8e80-b818229c341a","state":"InvitePending","source_platform":"truecoach","source_person_id":"s00262","display_name":"Synthetic 262","created_at":"2026-09-22T00:30:16.443Z","updated_at":"2026-09-22T00:30:16.443Z"},{"id":"33f68525-79c6-46a7-b70c-9279aeb7c4b3","state":"InvitePending","source_platform":"truecoach","source_person_id":"s00263","display_name":"Synthetic 263","created_at":"2026-09-22T00:30:16.444Z","updated_at":"2026-09-22T00:30:16.444Z"},{"id":"662327a5-0de2-4f47-af04-93c5c94ef518","state":"InvitePending","source_platform":"truecoach","source_person_id":"s00264","display_name":"Synthetic 264","created_at":"2026-09-22T00:30:16.446Z","updated_at":"2026-09-22T00:30:16.446Z"},{"id":"0b7cfb0b-0d02-47f7-8d3a-ca06b7b526b0","state":"InvitePending","source_platform":"truecoach","source_person_id":"s00265","display_name":"Synthetic 265","created_at":"2026-09-22T00:30:16.447Z","updated_at":"2026-09-22T00:30:16.447Z"},{"id":"83cd5a35-bb60-4c09-b7f2-13c46736c1fc","state":"InvitePending","source_platform":"truecoach","source_person_id":"s00266","display_name":"Synthetic 266","created_at":"2026-09-22T00:30:16.449Z","updated_at":"2026-09-22T00:30:16.449Z"},{"id":"6550192d-e74b-4747-bcfe-c999c2cc04e4","state":"InvitePending","source_platform":"truecoach","source_person_id":"s00267","display_name":"Synthetic 267","created_at":"2026-09-22T00:30:16.450Z","updated_at":"2026-09-22T00:30:16.450Z"},{"id":"511fab40-3671-4c42-8520-0d76211eb6d6","state":"InvitePending","source_platform":"truecoach","source_person_id":"s00268","display_name":"Synthetic 268","created_at":"2026-09-22T00:30:16.452Z","updated_at":"2026-09-22T00:30:16.452Z"},{"id":"3fc2a018-9a7b-4be8-9afb-8f18a980bc04","state":"InvitePending","source_platform":"truecoach","source_person_id":"s00269","display_name":"Synthetic 269","created_at":"2026-09-22T00:30:16.453Z","updated_at":"2026-09-22T00:30:16.453Z"},{"id":"245119f7-8ab7-4f04-88c6-03542c00ff57","state":"InvitePending","source_platform":"truecoach","source_person_id":"s00270","display_name":"Synthetic 270","created_at":"2026-09-22T00:30:16.455Z","updated_at":"2026-09-22T00:30:16.455Z"},{"id":"bbded3bb-38da-4804-a539-a7a39ad79785","state":"InvitePending","source_platform":"truecoach","source_person_id":"s00271","display_name":"Synthetic 271","created_at":"2026-09-22T00:30:16.456Z","updated_at":"2026-09-22T00:30:16.456Z"},{"id":"e7e4106e-77b0-40df-aec3-98789d989510","state":"InvitePending","source_platform":"truecoach","source_person_id":"s00272","display_name":"Synthetic 272","created_at":"2026-09-22T00:30:16.457Z","updated_at":"2026-09-22T00:30:16.457Z"},{"id":"7411320c-04ad-4039-903a-af3863e5588c","state":"InvitePending","source_platform":"truecoach","source_person_id":"s00273","display_name":"Synthetic 273","created_at":"2026-09-22T00:30:16.459Z","updated_at":"2026-09-22T00:30:16.459Z"},{"id":"17945aa9-e046-4680-9067-227f61a1ffc3","state":"InvitePending","source_platform":"truecoach","source_person_id":"s00274","display_name":"Synthetic 274","created_at":"2026-09-22T00:30:16.460Z","updated_at":"2026-09-22T00:30:16.460Z"},{"id":"72c68b43-cf38-4d03-9219-dd34f56d289b","state":"InvitePending","source_platform":"truecoach","source_person_id":"s00275","display_name":"Synthetic 275","created_at":"2026-09-22T00:30:16.462Z","updated_at":"2026-09-22T00:30:16.462Z"},{"id":"b16539ee-8b33-43dd-9dc4-2c56c0fa7adf","state":"InvitePending","source_platform":"truecoach","source_person_id":"s00276","display_name":"Synthetic 276","created_at":"2026-09-22T00:30:16.463Z","updated_at":"2026-09-22T00:30:16.463Z"},{"id":"69de17ea-7c3b-4a58-932e-39bb25aea5f6","state":"InvitePending","source_platform":"truecoach","source_person_id":"s00277","display_name":"Synthetic 277","created_at":"2026-09-22T00:30:16.464Z","updated_at":"2026-09-22T00:30:16.464Z"},{"id":"ef80a208-c2a1-4e24-918e-a84319ca2ec6","state":"InvitePending","source_platform":"truecoach","source_person_id":"s00278","display_name":"Synthetic 278","created_at":"2026-09-22T00:30:16.466Z","updated_at":"2026-09-22T00:30:16.466Z"},{"id":"41b872ad-91c8-4746-ad42-7c8e0ca24995","state":"InvitePending","source_platform":"truecoach","source_person_id":"s00279","display_name":"Synthetic 279","created_at":"2026-09-22T00:30:16.467Z","updated_at":"2026-09-22T00:30:16.467Z"},{"id":"cfe33f86-f73f-40a6-93b4-93edd690fd0b","state":"InvitePending","source_platform":"truecoach","source_person_id":"s00280","display_name":"Synthetic 280","created_at":"2026-09-22T00:30:16.469Z","updated_at":"2026-09-22T00:30:16.469Z"},{"id":"010557cf-9445-45d8-8498-001dcf18bd0e","state":"InvitePending","source_platform":"truecoach","source_person_id":"s00281","display_name":"Synthetic 281","created_at":"2026-09-22T00:30:16.470Z","updated_at":"2026-09-22T00:30:16.470Z"},{"id":"182133a2-ac9f-43e2-9607-7e8e0df2c2c0","state":"InvitePending","source_platform":"truecoach","source_person_id":"s00282","display_name":"Synthetic 282","created_at":"2026-09-22T00:30:16.472Z","updated_at":"2026-09-22T00:30:16.472Z"},{"id":"6f11361e-6bb5-4114-a290-aa4e7a45bc52","state":"InvitePending","source_platform":"truecoach","source_person_id":"s00283","display_name":"Synthetic 283","created_at":"2026-09-22T00:30:16.473Z","updated_at":"2026-09-22T00:30:16.473Z"},{"id":"d3de012e-ae33-4819-bf45-cb0e1064c59f","state":"InvitePending","source_platform":"truecoach","source_person_id":"s00284","display_name":"Synthetic 284","created_at":"2026-09-22T00:30:16.475Z","updated_at":"2026-09-22T00:30:16.475Z"},{"id":"12c33b59-48ed-429a-9cbe-918f2cf0042e","state":"InvitePending","source_platform":"truecoach","source_person_id":"s00285","display_name":"Synthetic 285","created_at":"2026-09-22T00:30:16.476Z","updated_at":"2026-09-22T00:30:16.476Z"},{"id":"b87ae005-db38-4a23-929d-0fb06ce881ec","state":"InvitePending","source_platform":"truecoach","source_person_id":"s00286","display_name":"Synthetic 286","created_at":"2026-09-22T00:30:16.477Z","updated_at":"2026-09-22T00:30:16.477Z"},{"id":"c9f6dcfa-d808-4f9a-b659-16f3a9be823b","state":"InvitePending","source_platform":"truecoach","source_person_id":"s00287","display_name":"Synthetic 287","created_at":"2026-09-22T00:30:16.479Z","updated_at":"2026-09-22T00:30:16.479Z"},{"id":"adf1b117-6528-4827-92c9-89329f548d92","state":"InvitePending","source_platform":"truecoach","source_person_id":"s00288","display_name":"Synthetic 288","created_at":"2026-09-22T00:30:16.480Z","updated_at":"2026-09-22T00:30:16.480Z"},{"id":"6ca591e9-24bc-42de-8931-6b4facd31a29","state":"InvitePending","source_platform":"truecoach","source_person_id":"s00289","display_name":"Synthetic 289","created_at":"2026-09-22T00:30:16.482Z","updated_at":"2026-09-22T00:30:16.482Z"},{"id":"b822b90d-c4e7-4be7-aa2f-c5463dda4733","state":"InvitePending","source_platform":"truecoach","source_person_id":"s00290","display_name":"Synthetic 290","created_at":"2026-09-22T00:30:16.483Z","updated_at":"2026-09-22T00:30:16.483Z"},{"id":"14d2d00a-ec16-49d5-b88b-7d7cc9d7ddc1","state":"InvitePending","source_platform":"truecoach","source_person_id":"s00291","display_name":"Synthetic 291","created_at":"2026-09-22T00:30:16.485Z","updated_at":"2026-09-22T00:30:16.485Z"},{"id":"27d77ada-e920-4b29-a733-b02fd383a7ad","state":"InvitePending","source_platform":"truecoach","source_person_id":"s00292","display_name":"Synthetic 292","created_at":"2026-09-22T00:30:16.486Z","updated_at":"2026-09-22T00:30:16.486Z"},{"id":"28d11c30-574a-48b1-b7b2-edcf53f79dbc","state":"InvitePending","source_platform":"truecoach","source_person_id":"s00293","display_name":"Synthetic 293","created_at":"2026-09-22T00:30:16.487Z","updated_at":"2026-09-22T00:30:16.487Z"},{"id":"9ed0df48-c750-4154-b9c2-34d670693187","state":"InvitePending","source_platform":"truecoach","source_person_id":"s00294","display_name":"Synthetic 294","created_at":"2026-09-22T00:30:16.489Z","updated_at":"2026-09-22T00:30:16.489Z"},{"id":"08fa2595-9f53-460e-a965-def1777cc593","state":"InvitePending","source_platform":"truecoach","source_person_id":"s00295","display_name":"Synthetic 295","created_at":"2026-09-22T00:30:16.490Z","updated_at":"2026-09-22T00:30:16.490Z"},{"id":"034c161e-f43c-474a-b3f9-e43f48fe6e69","state":"InvitePending","source_platform":"truecoach","source_person_id":"s00296","display_name":"Synthetic 296","created_at":"2026-09-22T00:30:16.492Z","updated_at":"2026-09-22T00:30:16.492Z"},{"id":"7cab79d6-dc27-4b98-b389-d4a692e1db09","state":"InvitePending","source_platform":"truecoach","source_person_id":"s00297","display_name":"Synthetic 297","created_at":"2026-09-22T00:30:16.493Z","updated_at":"2026-09-22T00:30:16.493Z"},{"id":"0ee9617f-45db-4c5f-a73e-711375616abc","state":"InvitePending","source_platform":"truecoach","source_person_id":"s00298","display_name":"Synthetic 298","created_at":"2026-09-22T00:30:16.495Z","updated_at":"2026-09-22T00:30:16.495Z"},{"id":"9544bf4a-4cf1-48e6-b6d6-bf5fc0c671e8","state":"InvitePending","source_platform":"truecoach","source_person_id":"s00299","display_name":"Synthetic 299","created_at":"2026-09-22T00:30:16.496Z","updated_at":"2026-09-22T00:30:16.496Z"},{"id":"7f069b66-367f-41e6-b24a-86035166bc6d","state":"InvitePending","source_platform":"truecoach","source_person_id":"s00301","display_name":"Synthetic 301","created_at":"2026-09-22T00:30:16.500Z","updated_at":"2026-09-22T00:30:16.500Z"},{"id":"e6ac921c-5c43-47d6-88de-bf071392b8cb","state":"InvitePending","source_platform":"truecoach","source_person_id":"s00302","display_name":"Synthetic 302","created_at":"2026-09-22T00:30:16.502Z","updated_at":"2026-09-22T00:30:16.502Z"},{"id":"dd044927-7110-480c-8dde-1e536fa184d5","state":"InvitePending","source_platform":"truecoach","source_person_id":"s00303","display_name":"Synthetic 303","created_at":"2026-09-22T00:30:16.503Z","updated_at":"2026-09-22T00:30:16.503Z"},{"id":"3ec37ce7-463a-4004-bc76-28492e4ddc6f","state":"InvitePending","source_platform":"truecoach","source_person_id":"s00304","display_name":"Synthetic 304","created_at":"2026-09-22T00:30:16.507Z","updated_at":"2026-09-22T00:30:16.507Z"},{"id":"989477bc-df7a-48d8-b660-a771bc31d22b","state":"InvitePending","source_platform":"truecoach","source_person_id":"s00305","display_name":"Synthetic 305","created_at":"2026-09-22T00:30:16.512Z","updated_at":"2026-09-22T00:30:16.512Z"},{"id":"66d03384-c895-425f-ac12-0736a241b013","state":"InvitePending","source_platform":"truecoach","source_person_id":"s00306","display_name":"Synthetic 306","created_at":"2026-09-22T00:30:16.519Z","updated_at":"2026-09-22T00:30:16.519Z"},{"id":"bb3c3afe-3136-45c3-84fd-d2db874cc92e","state":"InvitePending","source_platform":"truecoach","source_person_id":"s00307","display_name":"Synthetic 307","created_at":"2026-09-22T00:30:16.520Z","updated_at":"2026-09-22T00:30:16.520Z"},{"id":"a31f4cdf-9e2d-43d4-a11a-649a239b7833","state":"InvitePending","source_platform":"truecoach","source_person_id":"s00308","display_name":"Synthetic 308","created_at":"2026-09-22T00:30:16.523Z","updated_at":"2026-09-22T00:30:16.523Z"},{"id":"9eed658b-d83e-4d36-bf6c-7b08ea83a868","state":"InvitePending","source_platform":"truecoach","source_person_id":"s00309","display_name":"Synthetic 309","created_at":"2026-09-22T00:30:16.529Z","updated_at":"2026-09-22T00:30:16.529Z"},{"id":"b3856859-7b7d-4241-ad8a-a6ab60d313c3","state":"InvitePending","source_platform":"truecoach","source_person_id":"s00310","display_name":"Synthetic 310","created_at":"2026-09-22T00:30:16.531Z","updated_at":"2026-09-22T00:30:16.531Z"},{"id":"7d51cd38-4fc5-436a-ba40-3fdd012206e9","state":"InvitePending","source_platform":"truecoach","source_person_id":"s00311","display_name":"Synthetic 311","created_at":"2026-09-22T00:30:16.532Z","updated_at":"2026-09-22T00:30:16.532Z"},{"id":"8fd26bf3-ee2c-49ba-96f4-dcae575c3cc2","state":"InvitePending","source_platform":"truecoach","source_person_id":"s00312","display_name":"Synthetic 312","created_at":"2026-09-22T00:30:16.534Z","updated_at":"2026-09-22T00:30:16.534Z"},{"id":"11a9b1a0-ae23-4f16-bac3-d0bc649d22c6","state":"InvitePending","source_platform":"truecoach","source_person_id":"s00313","display_name":"Synthetic 313","created_at":"2026-09-22T00:30:16.535Z","updated_at":"2026-09-22T00:30:16.535Z"},{"id":"08b992f1-4348-4271-ba1a-8b88917eb09c","state":"InvitePending","source_platform":"truecoach","source_person_id":"s00314","display_name":"Synthetic 314","created_at":"2026-09-22T00:30:16.536Z","updated_at":"2026-09-22T00:30:16.536Z"},{"id":"98c559f1-3779-4cd8-a824-15ddc6239c8c","state":"InvitePending","source_platform":"truecoach","source_person_id":"s00315","display_name":"Synthetic 315","created_at":"2026-09-22T00:30:16.538Z","updated_at":"2026-09-22T00:30:16.538Z"},{"id":"b9cecb43-5d9a-46be-981a-c4c7e66fcde9","state":"InvitePending","source_platform":"truecoach","source_person_id":"s00316","display_name":"Synthetic 316","created_at":"2026-09-22T00:30:16.539Z","updated_at":"2026-09-22T00:30:16.539Z"},{"id":"9177ab7c-2745-425f-be66-fee250b77798","state":"InvitePending","source_platform":"truecoach","source_person_id":"s00317","display_name":"Synthetic 317","created_at":"2026-09-22T00:30:16.541Z","updated_at":"2026-09-22T00:30:16.541Z"},{"id":"cb1adcf1-78e0-4d2c-ad60-f9f88b405117","state":"InvitePending","source_platform":"truecoach","source_person_id":"s00318","display_name":"Synthetic 318","created_at":"2026-09-22T00:30:16.542Z","updated_at":"2026-09-22T00:30:16.542Z"},{"id":"372ce5df-5245-4c40-a64e-cd77ef07ba34","state":"InvitePending","source_platform":"truecoach","source_person_id":"s00319","display_name":"Synthetic 319","created_at":"2026-09-22T00:30:16.544Z","updated_at":"2026-09-22T00:30:16.544Z"},{"id":"21bdf1a6-ae2f-4553-a13d-fbb5caed08a3","state":"InvitePending","source_platform":"truecoach","source_person_id":"s00320","display_name":"Synthetic 320","created_at":"2026-09-22T00:30:16.545Z","updated_at":"2026-09-22T00:30:16.545Z"},{"id":"c43cd9a5-7423-480b-83f5-6bb68f657480","state":"InvitePending","source_platform":"truecoach","source_person_id":"s00321","display_name":"Synthetic 321","created_at":"2026-09-22T00:30:16.546Z","updated_at":"2026-09-22T00:30:16.546Z"},{"id":"1056990c-e182-43e8-9c11-72e727cb0e4d","state":"InvitePending","source_platform":"truecoach","source_person_id":"s00322","display_name":"Synthetic 322","created_at":"2026-09-22T00:30:16.548Z","updated_at":"2026-09-22T00:30:16.548Z"},{"id":"e718dcfd-d579-48e5-b440-4843e120e9bd","state":"InvitePending","source_platform":"truecoach","source_person_id":"s00323","display_name":"Synthetic 323","created_at":"2026-09-22T00:30:16.549Z","updated_at":"2026-09-22T00:30:16.549Z"},{"id":"65eda78b-eef7-41a4-aaaa-9a873a5f498b","state":"InvitePending","source_platform":"truecoach","source_person_id":"s00324","display_name":"Synthetic 324","created_at":"2026-09-22T00:30:16.551Z","updated_at":"2026-09-22T00:30:16.551Z"},{"id":"48e85504-701b-483b-8d56-94801a72b069","state":"InvitePending","source_platform":"truecoach","source_person_id":"s00325","display_name":"Synthetic 325","created_at":"2026-09-22T00:30:16.552Z","updated_at":"2026-09-22T00:30:16.552Z"},{"id":"4707e1ed-72e2-49dc-a8c3-4f318c3943b8","state":"InvitePending","source_platform":"truecoach","source_person_id":"s00326","display_name":"Synthetic 326","created_at":"2026-09-22T00:30:16.559Z","updated_at":"2026-09-22T00:30:16.559Z"},{"id":"4f3567b3-7b38-4d88-aeca-3a281b31f22f","state":"InvitePending","source_platform":"truecoach","source_person_id":"s00327","display_name":"Synthetic 327","created_at":"2026-09-22T00:30:16.561Z","updated_at":"2026-09-22T00:30:16.561Z"},{"id":"9c938fac-81a6-4a3a-a727-9bc08ecca48e","state":"InvitePending","source_platform":"truecoach","source_person_id":"s00328","display_name":"Synthetic 328","created_at":"2026-09-22T00:30:16.562Z","updated_at":"2026-09-22T00:30:16.562Z"},{"id":"57478b94-eb6a-40d7-9a99-fc1e0196b0a0","state":"InvitePending","source_platform":"truecoach","source_person_id":"s00329","display_name":"Synthetic 329","created_at":"2026-09-22T00:30:16.563Z","updated_at":"2026-09-22T00:30:16.563Z"},{"id":"bb42171b-4d78-4ec1-9dca-ce8d59d092d1","state":"InvitePending","source_platform":"truecoach","source_person_id":"s00330","display_name":"Synthetic 330","created_at":"2026-09-22T00:30:16.565Z","updated_at":"2026-09-22T00:30:16.565Z"},{"id":"5fc3df8a-7453-45c8-bec1-a71e9de45af8","state":"InvitePending","source_platform":"truecoach","source_person_id":"s00331","display_name":"Synthetic 331","created_at":"2026-09-22T00:30:16.566Z","updated_at":"2026-09-22T00:30:16.566Z"},{"id":"b8d62b35-1e67-4e05-af7f-434f41e0cd9f","state":"InvitePending","source_platform":"truecoach","source_person_id":"s00332","display_name":"Synthetic 332","created_at":"2026-09-22T00:30:16.568Z","updated_at":"2026-09-22T00:30:16.568Z"},{"id":"b9bd21f9-7c24-42f8-95a2-20868aedc423","state":"InvitePending","source_platform":"truecoach","source_person_id":"s00333","display_name":"Synthetic 333","created_at":"2026-09-22T00:30:16.569Z","updated_at":"2026-09-22T00:30:16.569Z"},{"id":"60d4ec56-3811-4fc9-b8f5-579bbcb20616","state":"InvitePending","source_platform":"truecoach","source_person_id":"s00334","display_name":"Synthetic 334","created_at":"2026-09-22T00:30:16.571Z","updated_at":"2026-09-22T00:30:16.571Z"},{"id":"aa98ae52-3a8d-44ff-b5a0-cb39ad4e7f5c","state":"InvitePending","source_platform":"truecoach","source_person_id":"s00335","display_name":"Synthetic 335","created_at":"2026-09-22T00:30:16.572Z","updated_at":"2026-09-22T00:30:16.572Z"},{"id":"204b7247-b4ba-42eb-87f1-0a95931bbe2d","state":"InvitePending","source_platform":"truecoach","source_person_id":"s00336","display_name":"Synthetic 336","created_at":"2026-09-22T00:30:16.573Z","updated_at":"2026-09-22T00:30:16.573Z"},{"id":"a3d5cbda-1569-4ce2-a55d-8b5e80a7d69a","state":"InvitePending","source_platform":"truecoach","source_person_id":"s00337","display_name":"Synthetic 337","created_at":"2026-09-22T00:30:16.575Z","updated_at":"2026-09-22T00:30:16.575Z"},{"id":"32336030-30e7-4018-8106-07f85505bcad","state":"InvitePending","source_platform":"truecoach","source_person_id":"s00338","display_name":"Synthetic 338","created_at":"2026-09-22T00:30:16.588Z","updated_at":"2026-09-22T00:30:16.588Z"},{"id":"2c7863de-4cf8-4631-ba95-d2996839f44a","state":"InvitePending","source_platform":"truecoach","source_person_id":"s00339","display_name":"Synthetic 339","created_at":"2026-09-22T00:30:16.590Z","updated_at":"2026-09-22T00:30:16.590Z"},{"id":"1c405ee2-7c25-4670-b44b-e78babaa5b48","state":"InvitePending","source_platform":"truecoach","source_person_id":"s00340","display_name":"Synthetic 340","created_at":"2026-09-22T00:30:16.591Z","updated_at":"2026-09-22T00:30:16.591Z"},{"id":"92f2f489-a720-4e49-8bbb-f04322ec52d0","state":"InvitePending","source_platform":"truecoach","source_person_id":"s00341","display_name":"Synthetic 341","created_at":"2026-09-22T00:30:16.592Z","updated_at":"2026-09-22T00:30:16.592Z"},{"id":"0513199d-0d9d-4f57-8645-9f0c6638647b","state":"InvitePending","source_platform":"truecoach","source_person_id":"s00342","display_name":"Synthetic 342","created_at":"2026-09-22T00:30:16.594Z","updated_at":"2026-09-22T00:30:16.594Z"},{"id":"90e4da33-bed9-43b6-8934-5f603f44d396","state":"InvitePending","source_platform":"truecoach","source_person_id":"s00343","display_name":"Synthetic 343","created_at":"2026-09-22T00:30:16.595Z","updated_at":"2026-09-22T00:30:16.595Z"},{"id":"3ffd8112-75a6-4af5-83db-71491eddb678","state":"InvitePending","source_platform":"truecoach","source_person_id":"s00344","display_name":"Synthetic 344","created_at":"2026-09-22T00:30:16.597Z","updated_at":"2026-09-22T00:30:16.597Z"},{"id":"4182de55-7184-403e-8fea-8cc76f675880","state":"InvitePending","source_platform":"truecoach","source_person_id":"s00345","display_name":"Synthetic 345","created_at":"2026-09-22T00:30:16.599Z","updated_at":"2026-09-22T00:30:16.599Z"},{"id":"e3eefb81-cc78-4975-b22d-b5ffc447426c","state":"InvitePending","source_platform":"truecoach","source_person_id":"s00346","display_name":"Synthetic 346","created_at":"2026-09-22T00:30:16.600Z","updated_at":"2026-09-22T00:30:16.600Z"},{"id":"d257a4f8-e2bd-4eda-a109-4833c4eeaf88","state":"InvitePending","source_platform":"truecoach","source_person_id":"s00347","display_name":"Synthetic 347","created_at":"2026-09-22T00:30:16.602Z","updated_at":"2026-09-22T00:30:16.602Z"},{"id":"ebdd2ac5-984e-4560-ac3c-0142be447ffa","state":"InvitePending","source_platform":"truecoach","source_person_id":"s00348","display_name":"Synthetic 348","created_at":"2026-09-22T00:30:16.604Z","updated_at":"2026-09-22T00:30:16.604Z"},{"id":"0fc63227-cd76-4c78-9088-828784e42399","state":"InvitePending","source_platform":"truecoach","source_person_id":"s00349","display_name":"Synthetic 349","created_at":"2026-09-22T00:30:16.605Z","updated_at":"2026-09-22T00:30:16.605Z"},{"id":"5f5128a8-7c7a-48f0-b408-01e1182c2ec2","state":"InvitePending","source_platform":"truecoach","source_person_id":"s00351","display_name":"Synthetic 351","created_at":"2026-09-22T00:30:16.615Z","updated_at":"2026-09-22T00:30:16.615Z"},{"id":"99db1744-048f-4396-a719-f2e716cb5d39","state":"InvitePending","source_platform":"truecoach","source_person_id":"s00352","display_name":"Synthetic 352","created_at":"2026-09-22T00:30:16.616Z","updated_at":"2026-09-22T00:30:16.616Z"},{"id":"837787fb-0415-4e6e-b32f-3a7266c2f5e3","state":"InvitePending","source_platform":"truecoach","source_person_id":"s00353","display_name":"Synthetic 353","created_at":"2026-09-22T00:30:16.618Z","updated_at":"2026-09-22T00:30:16.618Z"},{"id":"a1dc6939-9ea5-4b76-a32e-52c2cad22f35","state":"InvitePending","source_platform":"truecoach","source_person_id":"s00354","display_name":"Synthetic 354","created_at":"2026-09-22T00:30:16.619Z","updated_at":"2026-09-22T00:30:16.619Z"},{"id":"af9fddda-dc51-4935-8a3b-0fff173a202a","state":"InvitePending","source_platform":"truecoach","source_person_id":"s00355","display_name":"Synthetic 355","created_at":"2026-09-22T00:30:16.621Z","updated_at":"2026-09-22T00:30:16.621Z"},{"id":"08c08dc6-ba60-4cd0-86e4-6018f80f18d2","state":"InvitePending","source_platform":"truecoach","source_person_id":"s00356","display_name":"Synthetic 356","created_at":"2026-09-22T00:30:16.626Z","updated_at":"2026-09-22T00:30:16.626Z"},{"id":"f3b144c1-b453-46db-b85e-b3bf58ba9557","state":"InvitePending","source_platform":"truecoach","source_person_id":"s00357","display_name":"Synthetic 357","created_at":"2026-09-22T00:30:16.628Z","updated_at":"2026-09-22T00:30:16.628Z"},{"id":"d668b77d-046c-4958-ae3b-9b3e179d7b31","state":"InvitePending","source_platform":"truecoach","source_person_id":"s00358","display_name":"Synthetic 358","created_at":"2026-09-22T00:30:16.631Z","updated_at":"2026-09-22T00:30:16.631Z"},{"id":"5cc8d842-4937-4199-8db7-f05899f443f9","state":"InvitePending","source_platform":"truecoach","source_person_id":"s00359","display_name":"Synthetic 359","created_at":"2026-09-22T00:30:16.634Z","updated_at":"2026-09-22T00:30:16.634Z"},{"id":"35d0c998-b1cb-4b34-bb17-0f3ca9995dcc","state":"InvitePending","source_platform":"truecoach","source_person_id":"s00360","display_name":"Synthetic 360","created_at":"2026-09-22T00:30:16.635Z","updated_at":"2026-09-22T00:30:16.635Z"},{"id":"2820f6fc-0914-4bd2-9e45-902c8cf6a903","state":"InvitePending","source_platform":"truecoach","source_person_id":"s00361","display_name":"Synthetic 361","created_at":"2026-09-22T00:30:16.636Z","updated_at":"2026-09-22T00:30:16.636Z"},{"id":"a39c753d-1616-4a60-b057-3e6e7b5de8c2","state":"InvitePending","source_platform":"truecoach","source_person_id":"s00362","display_name":"Synthetic 362","created_at":"2026-09-22T00:30:16.638Z","updated_at":"2026-09-22T00:30:16.638Z"},{"id":"c9d37be1-dd1d-48e0-90f8-05058130a190","state":"InvitePending","source_platform":"truecoach","source_person_id":"s00363","display_name":"Synthetic 363","created_at":"2026-09-22T00:30:16.639Z","updated_at":"2026-09-22T00:30:16.639Z"},{"id":"c7708d0e-c532-4c1d-8c7b-319ef235b100","state":"InvitePending","source_platform":"truecoach","source_person_id":"s00364","display_name":"Synthetic 364","created_at":"2026-09-22T00:30:16.646Z","updated_at":"2026-09-22T00:30:16.646Z"},{"id":"2fac2b8a-722f-4d6b-9e5d-bdbc3f5f07ff","state":"InvitePending","source_platform":"truecoach","source_person_id":"s00365","display_name":"Synthetic 365","created_at":"2026-09-22T00:30:16.648Z","updated_at":"2026-09-22T00:30:16.648Z"},{"id":"e970b5c9-9fb7-4d26-b583-4b7bdb593596","state":"InvitePending","source_platform":"truecoach","source_person_id":"s00366","display_name":"Synthetic 366","created_at":"2026-09-22T00:30:16.649Z","updated_at":"2026-09-22T00:30:16.649Z"},{"id":"98d2aedf-75b6-468e-af3c-b26423bb40eb","state":"InvitePending","source_platform":"truecoach","source_person_id":"s00367","display_name":"Synthetic 367","created_at":"2026-09-22T00:30:16.651Z","updated_at":"2026-09-22T00:30:16.651Z"},{"id":"23c9c23f-50a3-4ed1-ae77-f5d5fc46f44d","state":"InvitePending","source_platform":"truecoach","source_person_id":"s00368","display_name":"Synthetic 368","created_at":"2026-09-22T00:30:16.652Z","updated_at":"2026-09-22T00:30:16.652Z"},{"id":"57022694-f67f-4010-ba50-c11f9fea38d2","state":"InvitePending","source_platform":"truecoach","source_person_id":"s00369","display_name":"Synthetic 369","created_at":"2026-09-22T00:30:16.653Z","updated_at":"2026-09-22T00:30:16.653Z"},{"id":"d813c9a6-0e1c-4af6-b523-b0ccc93fb95b","state":"InvitePending","source_platform":"truecoach","source_person_id":"s00370","display_name":"Synthetic 370","created_at":"2026-09-22T00:30:16.655Z","updated_at":"2026-09-22T00:30:16.655Z"},{"id":"0fbcd30d-40a1-42cd-96b0-9a49392aa37f","state":"InvitePending","source_platform":"truecoach","source_person_id":"s00371","display_name":"Synthetic 371","created_at":"2026-09-22T00:30:16.656Z","updated_at":"2026-09-22T00:30:16.656Z"},{"id":"ee3a0aa4-f0a7-407f-8067-cc514ed150ef","state":"InvitePending","source_platform":"truecoach","source_person_id":"s00372","display_name":"Synthetic 372","created_at":"2026-09-22T00:30:16.657Z","updated_at":"2026-09-22T00:30:16.657Z"},{"id":"c19617c2-9fd9-4144-a4cb-46eaa73739b8","state":"InvitePending","source_platform":"truecoach","source_person_id":"s00373","display_name":"Synthetic 373","created_at":"2026-09-22T00:30:16.659Z","updated_at":"2026-09-22T00:30:16.659Z"},{"id":"1069b4e5-271c-490c-b043-77937536b101","state":"InvitePending","source_platform":"truecoach","source_person_id":"s00374","display_name":"Synthetic 374","created_at":"2026-09-22T00:30:16.660Z","updated_at":"2026-09-22T00:30:16.660Z"},{"id":"61fd803a-07dc-44b4-bb1e-147f81bc65dc","state":"InvitePending","source_platform":"truecoach","source_person_id":"s00375","display_name":"Synthetic 375","created_at":"2026-09-22T00:30:16.662Z","updated_at":"2026-09-22T00:30:16.662Z"},{"id":"5bbb3f56-b138-479d-ac66-9e65850bc091","state":"InvitePending","source_platform":"truecoach","source_person_id":"s00376","display_name":"Synthetic 376","created_at":"2026-09-22T00:30:16.663Z","updated_at":"2026-09-22T00:30:16.663Z"},{"id":"f99fde7f-c22f-4817-b496-c2eba8ce071c","state":"InvitePending","source_platform":"truecoach","source_person_id":"s00377","display_name":"Synthetic 377","created_at":"2026-09-22T00:30:16.664Z","updated_at":"2026-09-22T00:30:16.664Z"},{"id":"9b1992b5-6258-4b53-b5ee-8a4c981aeead","state":"InvitePending","source_platform":"truecoach","source_person_id":"s00378","display_name":"Synthetic 378","created_at":"2026-09-22T00:30:16.666Z","updated_at":"2026-09-22T00:30:16.666Z"},{"id":"59e4b1b5-47eb-4415-b5d0-2f31a0de4b29","state":"InvitePending","source_platform":"truecoach","source_person_id":"s00379","display_name":"Synthetic 379","created_at":"2026-09-22T00:30:16.667Z","updated_at":"2026-09-22T00:30:16.667Z"},{"id":"ac9c1ee3-a8b6-45ec-ac08-eb593deccbdf","state":"InvitePending","source_platform":"truecoach","source_person_id":"s00380","display_name":"Synthetic 380","created_at":"2026-09-22T00:30:16.669Z","updated_at":"2026-09-22T00:30:16.669Z"},{"id":"e3f7bdc0-23ca-495f-992a-6c1c54b813eb","state":"InvitePending","source_platform":"truecoach","source_person_id":"s00381","display_name":"Synthetic 381","created_at":"2026-09-22T00:30:16.670Z","updated_at":"2026-09-22T00:30:16.670Z"},{"id":"427b9204-7b81-4c88-a304-56582a6d46f0","state":"InvitePending","source_platform":"truecoach","source_person_id":"s00382","display_name":"Synthetic 382","created_at":"2026-09-22T00:30:16.671Z","updated_at":"2026-09-22T00:30:16.671Z"},{"id":"f88cd901-cd50-4c7f-8457-cdebff59eeb0","state":"InvitePending","source_platform":"truecoach","source_person_id":"s00383","display_name":"Synthetic 383","created_at":"2026-09-22T00:30:16.673Z","updated_at":"2026-09-22T00:30:16.673Z"},{"id":"8d482e35-52b3-4495-9889-a84cf817199b","state":"InvitePending","source_platform":"truecoach","source_person_id":"s00384","display_name":"Synthetic 384","created_at":"2026-09-22T00:30:16.674Z","updated_at":"2026-09-22T00:30:16.674Z"},{"id":"3d669a53-3f69-4980-96cd-efb5a776bbeb","state":"InvitePending","source_platform":"truecoach","source_person_id":"s00385","display_name":"Synthetic 385","created_at":"2026-09-22T00:30:16.675Z","updated_at":"2026-09-22T00:30:16.675Z"},{"id":"4495f95e-0705-4fb8-ae3b-1d8093211fc8","state":"InvitePending","source_platform":"truecoach","source_person_id":"s00386","display_name":"Synthetic 386","created_at":"2026-09-22T00:30:16.677Z","updated_at":"2026-09-22T00:30:16.677Z"},{"id":"73a18ca7-5372-43d6-a983-0b45a52ebb8d","state":"InvitePending","source_platform":"truecoach","source_person_id":"s00387","display_name":"Synthetic 387","created_at":"2026-09-22T00:30:16.678Z","updated_at":"2026-09-22T00:30:16.678Z"},{"id":"d699dbe7-85e6-45ad-9285-4677898fb243","state":"InvitePending","source_platform":"truecoach","source_person_id":"s00388","display_name":"Synthetic 388","created_at":"2026-09-22T00:30:16.679Z","updated_at":"2026-09-22T00:30:16.679Z"},{"id":"0174fe19-671a-445a-a852-bb3d1b7e995e","state":"InvitePending","source_platform":"truecoach","source_person_id":"s00389","display_name":"Synthetic 389","created_at":"2026-09-22T00:30:16.681Z","updated_at":"2026-09-22T00:30:16.681Z"},{"id":"b237ee16-6bf2-4c91-9deb-6f5fafe7afe6","state":"InvitePending","source_platform":"truecoach","source_person_id":"s00390","display_name":"Synthetic 390","created_at":"2026-09-22T00:30:16.682Z","updated_at":"2026-09-22T00:30:16.682Z"},{"id":"2e5e7ff0-40c6-4825-ac51-11693fedf42f","state":"InvitePending","source_platform":"truecoach","source_person_id":"s00391","display_name":"Synthetic 391","created_at":"2026-09-22T00:30:16.684Z","updated_at":"2026-09-22T00:30:16.684Z"},{"id":"702daef1-b3cd-41b6-8680-093658d4b664","state":"InvitePending","source_platform":"truecoach","source_person_id":"s00392","display_name":"Synthetic 392","created_at":"2026-09-22T00:30:16.685Z","updated_at":"2026-09-22T00:30:16.685Z"},{"id":"98f138e4-a03d-4fd2-afaf-22fdc343c7f3","state":"InvitePending","source_platform":"truecoach","source_person_id":"s00393","display_name":"Synthetic 393","created_at":"2026-09-22T00:30:16.686Z","updated_at":"2026-09-22T00:30:16.686Z"},{"id":"7af37ab9-6013-4c8a-967c-90351f71a4e0","state":"InvitePending","source_platform":"truecoach","source_person_id":"s00394","display_name":"Synthetic 394","created_at":"2026-09-22T00:30:16.688Z","updated_at":"2026-09-22T00:30:16.688Z"},{"id":"e6c1c296-0e4d-4f04-b8f7-df6c49ccee3b","state":"InvitePending","source_platform":"truecoach","source_person_id":"s00395","display_name":"Synthetic 395","created_at":"2026-09-22T00:30:16.689Z","updated_at":"2026-09-22T00:30:16.689Z"},{"id":"c4e94e3c-7de1-46d0-9aff-3f2179202649","state":"InvitePending","source_platform":"truecoach","source_person_id":"s00396","display_name":"Synthetic 396","created_at":"2026-09-22T00:30:16.690Z","updated_at":"2026-09-22T00:30:16.690Z"},{"id":"7f2c38ea-d9c3-4cbf-8a4d-2c5a45a796f4","state":"InvitePending","source_platform":"truecoach","source_person_id":"s00397","display_name":"Synthetic 397","created_at":"2026-09-22T00:30:16.692Z","updated_at":"2026-09-22T00:30:16.692Z"},{"id":"bf65e40d-338c-44dc-90ac-279030459225","state":"InvitePending","source_platform":"truecoach","source_person_id":"s00398","display_name":"Synthetic 398","created_at":"2026-09-22T00:30:16.693Z","updated_at":"2026-09-22T00:30:16.693Z"},{"id":"6ae0718d-bf82-4508-9bda-2e87538debca","state":"InvitePending","source_platform":"truecoach","source_person_id":"s00399","display_name":"Synthetic 399","created_at":"2026-09-22T00:30:16.695Z","updated_at":"2026-09-22T00:30:16.695Z"}],"page":{"limit":200,"next_cursor":"czAwMzk5","has_more":true}},"queries":8,"pid":32318}

      161 |       if (code !== 0 || !result) { reject(new Error(`worker exited ${code}: ${output}`)); return; }
      162 |       // Query shapes, outcomes, fixture identifiers and process IDs only; never parameters.
    > 163 |       console.warn('PG17_PROCESS', JSON.stringify({ name, old, options: { ...options, cursor: options.cursor ? '<cursor>' : undefined },
          |               ^
      164 |         result: result.result, failure: result.failure, queries: result.queries.length, pid: result.pid }));
      165 |       resolveDone(result);
      166 |     };

      at settleWorker (test/utils/g2-pg17-harness.ts:163:15)
      at ChildProcess.<anonymous> (test/utils/g2-pg17-harness.ts:168:51)

  console.warn
    PG17_PROCESS {"name":"g2p17_14","old":true,"options":{"action":"roster","cursor":"<cursor>","limit":200},"result":{"intent_id":"intent","accounting":{"staged":600,"reconstructed":596,"skipped":8,"failed":21},"persons":[{"id":"d78c9712-098f-40de-82fb-323141dead60","state":"InvitePending","source_platform":"truecoach","source_person_id":"s00401","display_name":"Synthetic 401","created_at":"2026-09-22T00:30:16.699Z","updated_at":"2026-09-22T00:30:16.699Z"},{"id":"7bf1ab1e-eeaa-4a46-b686-4fea3a7a323c","state":"InvitePending","source_platform":"truecoach","source_person_id":"s00402","display_name":"Synthetic 402","created_at":"2026-09-22T00:30:16.700Z","updated_at":"2026-09-22T00:30:16.700Z"},{"id":"543a78d9-0715-4db3-a39d-4ca9af711b97","state":"InvitePending","source_platform":"truecoach","source_person_id":"s00403","display_name":"Synthetic 403","created_at":"2026-09-22T00:30:16.703Z","updated_at":"2026-09-22T00:30:16.703Z"},{"id":"e0831671-806e-47ef-a3d5-25ad6809e95d","state":"InvitePending","source_platform":"truecoach","source_person_id":"s00404","display_name":"Synthetic 404","created_at":"2026-09-22T00:30:16.704Z","updated_at":"2026-09-22T00:30:16.704Z"},{"id":"6277373f-04f9-4570-b0c8-fc4c04dac435","state":"InvitePending","source_platform":"truecoach","source_person_id":"s00405","display_name":"Synthetic 405","created_at":"2026-09-22T00:30:16.706Z","updated_at":"2026-09-22T00:30:16.706Z"},{"id":"4089d04e-de12-474c-b0e8-ff61cda3b4b8","state":"InvitePending","source_platform":"truecoach","source_person_id":"s00406","display_name":"Synthetic 406","created_at":"2026-09-22T00:30:16.707Z","updated_at":"2026-09-22T00:30:16.707Z"},{"id":"dc4d2590-7289-4be3-a701-821bda061664","state":"InvitePending","source_platform":"truecoach","source_person_id":"s00407","display_name":"Synthetic 407","created_at":"2026-09-22T00:30:16.708Z","updated_at":"2026-09-22T00:30:16.708Z"},{"id":"70162ef6-00b9-405d-8142-0e59fe4603d4","state":"InvitePending","source_platform":"truecoach","source_person_id":"s00408","display_name":"Synthetic 408","created_at":"2026-09-22T00:30:16.711Z","updated_at":"2026-09-22T00:30:16.711Z"},{"id":"e5d61582-1a9a-4e0e-9dac-4943fbb9daee","state":"InvitePending","source_platform":"truecoach","source_person_id":"s00409","display_name":"Synthetic 409","created_at":"2026-09-22T00:30:16.712Z","updated_at":"2026-09-22T00:30:16.712Z"},{"id":"7a5bda26-105a-4488-b4b0-daddfc2f5620","state":"InvitePending","source_platform":"truecoach","source_person_id":"s00410","display_name":"Synthetic 410","created_at":"2026-09-22T00:30:16.714Z","updated_at":"2026-09-22T00:30:16.714Z"},{"id":"0c82f0db-586f-4c11-9bd0-b13214a81d9d","state":"InvitePending","source_platform":"truecoach","source_person_id":"s00411","display_name":"Synthetic 411","created_at":"2026-09-22T00:30:16.715Z","updated_at":"2026-09-22T00:30:16.715Z"},{"id":"3b596c54-0799-42c7-84a0-2953e5d9849c","state":"InvitePending","source_platform":"truecoach","source_person_id":"s00412","display_name":"Synthetic 412","created_at":"2026-09-22T00:30:16.716Z","updated_at":"2026-09-22T00:30:16.716Z"},{"id":"a6834db2-d7eb-4eea-8819-5a844f907dc2","state":"InvitePending","source_platform":"truecoach","source_person_id":"s00413","display_name":"Synthetic 413","created_at":"2026-09-22T00:30:16.718Z","updated_at":"2026-09-22T00:30:16.718Z"},{"id":"3d682d2b-b0eb-4efb-abc5-470bfa963642","state":"InvitePending","source_platform":"truecoach","source_person_id":"s00414","display_name":"Synthetic 414","created_at":"2026-09-22T00:30:16.719Z","updated_at":"2026-09-22T00:30:16.719Z"},{"id":"c0ec0e33-612d-48f9-afd0-b75ad6ac1d95","state":"InvitePending","source_platform":"truecoach","source_person_id":"s00415","display_name":"Synthetic 415","created_at":"2026-09-22T00:30:16.721Z","updated_at":"2026-09-22T00:30:16.721Z"},{"id":"8b77f111-9f55-4241-9c9f-f66f9412537a","state":"InvitePending","source_platform":"truecoach","source_person_id":"s00416","display_name":"Synthetic 416","created_at":"2026-09-22T00:30:16.722Z","updated_at":"2026-09-22T00:30:16.722Z"},{"id":"425cb02b-6d60-42a5-b353-ce1ee32e2b5c","state":"InvitePending","source_platform":"truecoach","source_person_id":"s00417","display_name":"Synthetic 417","created_at":"2026-09-22T00:30:16.724Z","updated_at":"2026-09-22T00:30:16.724Z"},{"id":"7796255a-9824-463d-9848-97766bdbd513","state":"InvitePending","source_platform":"truecoach","source_person_id":"s00418","display_name":"Synthetic 418","created_at":"2026-09-22T00:30:16.725Z","updated_at":"2026-09-22T00:30:16.725Z"},{"id":"dd62f294-38b3-444e-86ae-104b22c73b55","state":"InvitePending","source_platform":"truecoach","source_person_id":"s00419","display_name":"Synthetic 419","created_at":"2026-09-22T00:30:16.726Z","updated_at":"2026-09-22T00:30:16.726Z"},{"id":"0fcbe06e-4366-412c-a789-1d7793df5adc","state":"InvitePending","source_platform":"truecoach","source_person_id":"s00420","display_name":"Synthetic 420","created_at":"2026-09-22T00:30:16.731Z","updated_at":"2026-09-22T00:30:16.731Z"},{"id":"cfa1e8a9-b2be-4ef1-9f16-c475e2c3b71a","state":"InvitePending","source_platform":"truecoach","source_person_id":"s00421","display_name":"Synthetic 421","created_at":"2026-09-22T00:30:16.732Z","updated_at":"2026-09-22T00:30:16.732Z"},{"id":"92bda93b-ede8-4333-91d4-17aa32a2d1e8","state":"InvitePending","source_platform":"truecoach","source_person_id":"s00422","display_name":"Synthetic 422","created_at":"2026-09-22T00:30:16.734Z","updated_at":"2026-09-22T00:30:16.734Z"},{"id":"a6b02275-d68a-4bc6-861c-419148997543","state":"InvitePending","source_platform":"truecoach","source_person_id":"s00423","display_name":"Synthetic 423","created_at":"2026-09-22T00:30:16.735Z","updated_at":"2026-09-22T00:30:16.735Z"},{"id":"7f78410f-9c43-442d-8106-7613c2bd395e","state":"InvitePending","source_platform":"truecoach","source_person_id":"s00424","display_name":"Synthetic 424","created_at":"2026-09-22T00:30:16.737Z","updated_at":"2026-09-22T00:30:16.737Z"},{"id":"0dff6312-b325-41bc-8c1f-46c59549a148","state":"InvitePending","source_platform":"truecoach","source_person_id":"s00425","display_name":"Synthetic 425","created_at":"2026-09-22T00:30:16.738Z","updated_at":"2026-09-22T00:30:16.738Z"},{"id":"213767f8-150a-4d69-8da2-b263e2e72309","state":"InvitePending","source_platform":"truecoach","source_person_id":"s00426","display_name":"Synthetic 426","created_at":"2026-09-22T00:30:16.739Z","updated_at":"2026-09-22T00:30:16.739Z"},{"id":"3582d39c-d71b-4e78-bd97-e6e754adc3d5","state":"InvitePending","source_platform":"truecoach","source_person_id":"s00427","display_name":"Synthetic 427","created_at":"2026-09-22T00:30:16.741Z","updated_at":"2026-09-22T00:30:16.741Z"},{"id":"3ba6adf2-be6a-4900-989c-e5d22ceb78d6","state":"InvitePending","source_platform":"truecoach","source_person_id":"s00428","display_name":"Synthetic 428","created_at":"2026-09-22T00:30:16.742Z","updated_at":"2026-09-22T00:30:16.742Z"},{"id":"799de2fd-7f59-468d-8aaa-5c1a916b6701","state":"InvitePending","source_platform":"truecoach","source_person_id":"s00429","display_name":"Synthetic 429","created_at":"2026-09-22T00:30:16.744Z","updated_at":"2026-09-22T00:30:16.744Z"},{"id":"b2437c9a-0186-4fd5-b34f-5de0291a72c4","state":"InvitePending","source_platform":"truecoach","source_person_id":"s00430","display_name":"Synthetic 430","created_at":"2026-09-22T00:30:16.745Z","updated_at":"2026-09-22T00:30:16.745Z"},{"id":"6f42f4b6-8827-4ea0-b2c7-d8cf3bb21869","state":"InvitePending","source_platform":"truecoach","source_person_id":"s00431","display_name":"Synthetic 431","created_at":"2026-09-22T00:30:16.746Z","updated_at":"2026-09-22T00:30:16.746Z"},{"id":"b309a65e-205e-42b2-bea8-927a946734c7","state":"InvitePending","source_platform":"truecoach","source_person_id":"s00432","display_name":"Synthetic 432","created_at":"2026-09-22T00:30:16.748Z","updated_at":"2026-09-22T00:30:16.748Z"},{"id":"f00919d0-a982-4c4a-9dcb-de87b238d038","state":"InvitePending","source_platform":"truecoach","source_person_id":"s00433","display_name":"Synthetic 433","created_at":"2026-09-22T00:30:16.749Z","updated_at":"2026-09-22T00:30:16.749Z"},{"id":"6be5016a-41b1-4914-abd0-0fb95e3f7e72","state":"InvitePending","source_platform":"truecoach","source_person_id":"s00434","display_name":"Synthetic 434","created_at":"2026-09-22T00:30:16.750Z","updated_at":"2026-09-22T00:30:16.750Z"},{"id":"bf075886-9edf-4f05-99a8-82803b6a26fd","state":"InvitePending","source_platform":"truecoach","source_person_id":"s00435","display_name":"Synthetic 435","created_at":"2026-09-22T00:30:16.752Z","updated_at":"2026-09-22T00:30:16.752Z"},{"id":"c99f1bce-f41b-45a4-b15a-59addaa70940","state":"InvitePending","source_platform":"truecoach","source_person_id":"s00436","display_name":"Synthetic 436","created_at":"2026-09-22T00:30:16.754Z","updated_at":"2026-09-22T00:30:16.754Z"},{"id":"177c0fd3-89b0-4b17-bb9c-b65271fc413e","state":"InvitePending","source_platform":"truecoach","source_person_id":"s00437","display_name":"Synthetic 437","created_at":"2026-09-22T00:30:16.756Z","updated_at":"2026-09-22T00:30:16.756Z"},{"id":"c626f0ab-2785-4c05-9267-6ea26c9ba510","state":"InvitePending","source_platform":"truecoach","source_person_id":"s00438","display_name":"Synthetic 438","created_at":"2026-09-22T00:30:16.759Z","updated_at":"2026-09-22T00:30:16.759Z"},{"id":"609c2396-9fef-44d0-83a1-132a62998eea","state":"InvitePending","source_platform":"truecoach","source_person_id":"s00439","display_name":"Synthetic 439","created_at":"2026-09-22T00:30:16.765Z","updated_at":"2026-09-22T00:30:16.765Z"},{"id":"e7eb2b27-faa7-45e1-bd39-373d02e800f3","state":"InvitePending","source_platform":"truecoach","source_person_id":"s00440","display_name":"Synthetic 440","created_at":"2026-09-22T00:30:16.771Z","updated_at":"2026-09-22T00:30:16.771Z"},{"id":"194e5ed7-06de-42fe-af6b-6be7a050f5a8","state":"InvitePending","source_platform":"truecoach","source_person_id":"s00441","display_name":"Synthetic 441","created_at":"2026-09-22T00:30:16.774Z","updated_at":"2026-09-22T00:30:16.774Z"},{"id":"0bf222bb-cee3-46e1-be83-b959a9513e38","state":"InvitePending","source_platform":"truecoach","source_person_id":"s00442","display_name":"Synthetic 442","created_at":"2026-09-22T00:30:16.776Z","updated_at":"2026-09-22T00:30:16.776Z"},{"id":"73106c00-1492-4814-b84b-882be2e105f8","state":"InvitePending","source_platform":"truecoach","source_person_id":"s00443","display_name":"Synthetic 443","created_at":"2026-09-22T00:30:16.779Z","updated_at":"2026-09-22T00:30:16.779Z"},{"id":"fe5a9ac6-dc1e-4119-8faa-7c7a891f70ab","state":"InvitePending","source_platform":"truecoach","source_person_id":"s00444","display_name":"Synthetic 444","created_at":"2026-09-22T00:30:16.783Z","updated_at":"2026-09-22T00:30:16.783Z"},{"id":"9d1eba8d-51d0-430a-aa2a-3a629c1a9ab8","state":"InvitePending","source_platform":"truecoach","source_person_id":"s00445","display_name":"Synthetic 445","created_at":"2026-09-22T00:30:16.786Z","updated_at":"2026-09-22T00:30:16.786Z"},{"id":"1898dfbe-c3c9-4279-bd09-d0daeb6892bc","state":"InvitePending","source_platform":"truecoach","source_person_id":"s00446","display_name":"Synthetic 446","created_at":"2026-09-22T00:30:16.787Z","updated_at":"2026-09-22T00:30:16.787Z"},{"id":"069a1552-0383-40f0-a51e-fc9aff18bc94","state":"InvitePending","source_platform":"truecoach","source_person_id":"s00447","display_name":"Synthetic 447","created_at":"2026-09-22T00:30:16.789Z","updated_at":"2026-09-22T00:30:16.789Z"},{"id":"f6fdf5d7-ce8a-4039-9eca-e5a90fcea6bd","state":"InvitePending","source_platform":"truecoach","source_person_id":"s00448","display_name":"Synthetic 448","created_at":"2026-09-22T00:30:16.790Z","updated_at":"2026-09-22T00:30:16.790Z"},{"id":"2858b677-ca61-42e6-8577-bcfe332f48ba","state":"InvitePending","source_platform":"truecoach","source_person_id":"s00449","display_name":"Synthetic 449","created_at":"2026-09-22T00:30:16.792Z","updated_at":"2026-09-22T00:30:16.792Z"},{"id":"9f78017a-3fe9-4ed4-90d5-a9985be16169","state":"InvitePending","source_platform":"truecoach","source_person_id":"s00451","display_name":"Synthetic 451","created_at":"2026-09-22T00:30:16.795Z","updated_at":"2026-09-22T00:30:16.795Z"},{"id":"e3fffcec-c7b0-4412-aebe-c20abe5fd3ff","state":"InvitePending","source_platform":"truecoach","source_person_id":"s00452","display_name":"Synthetic 452","created_at":"2026-09-22T00:30:16.797Z","updated_at":"2026-09-22T00:30:16.797Z"},{"id":"0d6939ae-ab44-469f-a453-be2b107034c6","state":"InvitePending","source_platform":"truecoach","source_person_id":"s00453","display_name":"Synthetic 453","created_at":"2026-09-22T00:30:16.798Z","updated_at":"2026-09-22T00:30:16.798Z"},{"id":"564ee7d6-1a1e-4137-b9f0-75ffec8b9421","state":"InvitePending","source_platform":"truecoach","source_person_id":"s00454","display_name":"Synthetic 454","created_at":"2026-09-22T00:30:16.800Z","updated_at":"2026-09-22T00:30:16.800Z"},{"id":"e37636c8-e9d4-4a4b-89d7-48260d4f8e87","state":"InvitePending","source_platform":"truecoach","source_person_id":"s00455","display_name":"Synthetic 455","created_at":"2026-09-22T00:30:16.801Z","updated_at":"2026-09-22T00:30:16.801Z"},{"id":"b3988e62-f6c7-47fb-8053-1e1e60c15c2a","state":"InvitePending","source_platform":"truecoach","source_person_id":"s00456","display_name":"Synthetic 456","created_at":"2026-09-22T00:30:16.802Z","updated_at":"2026-09-22T00:30:16.802Z"},{"id":"e6ad5c98-836d-458b-a0f4-53f2ee54da44","state":"InvitePending","source_platform":"truecoach","source_person_id":"s00457","display_name":"Synthetic 457","created_at":"2026-09-22T00:30:16.804Z","updated_at":"2026-09-22T00:30:16.804Z"},{"id":"cf1c0951-7668-4260-ad85-6bff59f15179","state":"InvitePending","source_platform":"truecoach","source_person_id":"s00458","display_name":"Synthetic 458","created_at":"2026-09-22T00:30:16.805Z","updated_at":"2026-09-22T00:30:16.805Z"},{"id":"129a4c27-b3aa-42d2-8fe1-e3599cc2c68c","state":"InvitePending","source_platform":"truecoach","source_person_id":"s00459","display_name":"Synthetic 459","created_at":"2026-09-22T00:30:16.806Z","updated_at":"2026-09-22T00:30:16.806Z"},{"id":"b68d08a8-69d4-4fc7-9e0a-464b933c9eba","state":"InvitePending","source_platform":"truecoach","source_person_id":"s00460","display_name":"Synthetic 460","created_at":"2026-09-22T00:30:16.808Z","updated_at":"2026-09-22T00:30:16.808Z"},{"id":"6fd6110f-266f-4251-9161-5c8a3cda73b1","state":"InvitePending","source_platform":"truecoach","source_person_id":"s00461","display_name":"Synthetic 461","created_at":"2026-09-22T00:30:16.809Z","updated_at":"2026-09-22T00:30:16.809Z"},{"id":"8c6b8ab0-9ce0-47b6-8eac-e7126940cc56","state":"InvitePending","source_platform":"truecoach","source_person_id":"s00462","display_name":"Synthetic 462","created_at":"2026-09-22T00:30:16.810Z","updated_at":"2026-09-22T00:30:16.810Z"},{"id":"4c6a7414-9f9c-414b-8130-c22b18668181","state":"InvitePending","source_platform":"truecoach","source_person_id":"s00463","display_name":"Synthetic 463","created_at":"2026-09-22T00:30:16.812Z","updated_at":"2026-09-22T00:30:16.812Z"},{"id":"56d6e659-7b8c-42e7-b555-0b9c03752256","state":"InvitePending","source_platform":"truecoach","source_person_id":"s00464","display_name":"Synthetic 464","created_at":"2026-09-22T00:30:16.813Z","updated_at":"2026-09-22T00:30:16.813Z"},{"id":"9f51996e-2f6e-4303-a8ac-0d403308207a","state":"InvitePending","source_platform":"truecoach","source_person_id":"s00465","display_name":"Synthetic 465","created_at":"2026-09-22T00:30:16.815Z","updated_at":"2026-09-22T00:30:16.815Z"},{"id":"a663037e-73ec-4ef5-9883-c973ffa3e92d","state":"InvitePending","source_platform":"truecoach","source_person_id":"s00466","display_name":"Synthetic 466","created_at":"2026-09-22T00:30:16.816Z","updated_at":"2026-09-22T00:30:16.816Z"},{"id":"8bd5fc5c-5215-4d40-b3fd-c0e26b2c6954","state":"InvitePending","source_platform":"truecoach","source_person_id":"s00467","display_name":"Synthetic 467","created_at":"2026-09-22T00:30:16.817Z","updated_at":"2026-09-22T00:30:16.817Z"},{"id":"5fb46f8d-9839-4207-a80d-c5ef3b852570","state":"InvitePending","source_platform":"truecoach","source_person_id":"s00468","display_name":"Synthetic 468","created_at":"2026-09-22T00:30:16.819Z","updated_at":"2026-09-22T00:30:16.819Z"},{"id":"f2c8871a-be54-42d3-8f98-31fc9354b325","state":"InvitePending","source_platform":"truecoach","source_person_id":"s00469","display_name":"Synthetic 469","created_at":"2026-09-22T00:30:16.820Z","updated_at":"2026-09-22T00:30:16.820Z"},{"id":"d6996ffd-64ba-4c7a-9d41-9e56f506dd62","state":"InvitePending","source_platform":"truecoach","source_person_id":"s00470","display_name":"Synthetic 470","created_at":"2026-09-22T00:30:16.822Z","updated_at":"2026-09-22T00:30:16.822Z"},{"id":"8a49dc3b-2eab-4fb4-9846-1fdec78e8b20","state":"InvitePending","source_platform":"truecoach","source_person_id":"s00471","display_name":"Synthetic 471","created_at":"2026-09-22T00:30:16.823Z","updated_at":"2026-09-22T00:30:16.823Z"},{"id":"d83fa3f2-af98-47e8-900f-7b53e8ca0bdf","state":"InvitePending","source_platform":"truecoach","source_person_id":"s00472","display_name":"Synthetic 472","created_at":"2026-09-22T00:30:16.824Z","updated_at":"2026-09-22T00:30:16.824Z"},{"id":"181d5454-d80a-40c7-9386-f557de6be400","state":"InvitePending","source_platform":"truecoach","source_person_id":"s00473","display_name":"Synthetic 473","created_at":"2026-09-22T00:30:16.826Z","updated_at":"2026-09-22T00:30:16.826Z"},{"id":"c224aedb-a32f-482c-bd2e-c3edf2301a3f","state":"InvitePending","source_platform":"truecoach","source_person_id":"s00474","display_name":"Synthetic 474","created_at":"2026-09-22T00:30:16.827Z","updated_at":"2026-09-22T00:30:16.827Z"},{"id":"04fe5854-0d30-4ab0-965b-23434bd5445c","state":"InvitePending","source_platform":"truecoach","source_person_id":"s00475","display_name":"Synthetic 475","created_at":"2026-09-22T00:30:16.832Z","updated_at":"2026-09-22T00:30:16.832Z"},{"id":"8dfed9b6-6c7e-49ee-b662-0e9c8919c2c9","state":"InvitePending","source_platform":"truecoach","source_person_id":"s00476","display_name":"Synthetic 476","created_at":"2026-09-22T00:30:16.833Z","updated_at":"2026-09-22T00:30:16.833Z"},{"id":"1e1d874e-f1d4-469e-b668-12ab72920fe8","state":"InvitePending","source_platform":"truecoach","source_person_id":"s00477","display_name":"Synthetic 477","created_at":"2026-09-22T00:30:16.835Z","updated_at":"2026-09-22T00:30:16.835Z"},{"id":"6d116fb3-f2b6-4a71-98fb-e18748baa080","state":"InvitePending","source_platform":"truecoach","source_person_id":"s00478","display_name":"Synthetic 478","created_at":"2026-09-22T00:30:16.836Z","updated_at":"2026-09-22T00:30:16.836Z"},{"id":"6cbd9f60-9217-484b-8da1-15a21cdcf57c","state":"InvitePending","source_platform":"truecoach","source_person_id":"s00479","display_name":"Synthetic 479","created_at":"2026-09-22T00:30:16.837Z","updated_at":"2026-09-22T00:30:16.837Z"},{"id":"a43ade1e-cbb2-42ed-af03-cc68659f2c43","state":"InvitePending","source_platform":"truecoach","source_person_id":"s00480","display_name":"Synthetic 480","created_at":"2026-09-22T00:30:16.839Z","updated_at":"2026-09-22T00:30:16.839Z"},{"id":"16bae6f6-e5c0-4ddd-912e-eb2e91186b32","state":"InvitePending","source_platform":"truecoach","source_person_id":"s00481","display_name":"Synthetic 481","created_at":"2026-09-22T00:30:16.840Z","updated_at":"2026-09-22T00:30:16.840Z"},{"id":"de114cc7-eb1d-4f25-b984-1f2a9d7f1dcd","state":"InvitePending","source_platform":"truecoach","source_person_id":"s00482","display_name":"Synthetic 482","created_at":"2026-09-22T00:30:16.841Z","updated_at":"2026-09-22T00:30:16.841Z"},{"id":"5594a7a9-96ef-4db4-8f11-87b05d061287","state":"InvitePending","source_platform":"truecoach","source_person_id":"s00483","display_name":"Synthetic 483","created_at":"2026-09-22T00:30:16.843Z","updated_at":"2026-09-22T00:30:16.843Z"},{"id":"2f07116c-4bfd-43ea-8323-24bb3c128c79","state":"InvitePending","source_platform":"truecoach","source_person_id":"s00484","display_name":"Synthetic 484","created_at":"2026-09-22T00:30:16.844Z","updated_at":"2026-09-22T00:30:16.844Z"},{"id":"6f214105-0d43-4bcd-940b-51f28463d10e","state":"InvitePending","source_platform":"truecoach","source_person_id":"s00485","display_name":"Synthetic 485","created_at":"2026-09-22T00:30:16.845Z","updated_at":"2026-09-22T00:30:16.845Z"},{"id":"e3eeb7ce-852d-4e6a-8438-55ca0ff1d766","state":"InvitePending","source_platform":"truecoach","source_person_id":"s00486","display_name":"Synthetic 486","created_at":"2026-09-22T00:30:16.847Z","updated_at":"2026-09-22T00:30:16.847Z"},{"id":"07797956-f261-42bf-ab76-82da116532d7","state":"InvitePending","source_platform":"truecoach","source_person_id":"s00487","display_name":"Synthetic 487","created_at":"2026-09-22T00:30:16.848Z","updated_at":"2026-09-22T00:30:16.848Z"},{"id":"ce0c4459-d2d0-4901-bdaf-3226ef1e8c7f","state":"InvitePending","source_platform":"truecoach","source_person_id":"s00488","display_name":"Synthetic 488","created_at":"2026-09-22T00:30:16.849Z","updated_at":"2026-09-22T00:30:16.849Z"},{"id":"911ac7eb-78b6-4557-b64b-5381138c76e4","state":"InvitePending","source_platform":"truecoach","source_person_id":"s00489","display_name":"Synthetic 489","created_at":"2026-09-22T00:30:16.851Z","updated_at":"2026-09-22T00:30:16.851Z"},{"id":"d59be04f-2e59-490f-a2c7-ccf14ed5f28b","state":"InvitePending","source_platform":"truecoach","source_person_id":"s00490","display_name":"Synthetic 490","created_at":"2026-09-22T00:30:16.853Z","updated_at":"2026-09-22T00:30:16.853Z"},{"id":"4fff7357-14fe-45c5-8b8c-2260623f9502","state":"InvitePending","source_platform":"truecoach","source_person_id":"s00491","display_name":"Synthetic 491","created_at":"2026-09-22T00:30:16.854Z","updated_at":"2026-09-22T00:30:16.854Z"},{"id":"184688a5-615d-4525-adb0-cde2ac7003eb","state":"InvitePending","source_platform":"truecoach","source_person_id":"s00492","display_name":"Synthetic 492","created_at":"2026-09-22T00:30:16.855Z","updated_at":"2026-09-22T00:30:16.855Z"},{"id":"89c20c1a-a6b1-4c25-a579-363e7d3d7ed1","state":"InvitePending","source_platform":"truecoach","source_person_id":"s00493","display_name":"Synthetic 493","created_at":"2026-09-22T00:30:16.857Z","updated_at":"2026-09-22T00:30:16.857Z"},{"id":"c91116ef-f5b4-4983-84ce-085e924e50f6","state":"InvitePending","source_platform":"truecoach","source_person_id":"s00494","display_name":"Synthetic 494","created_at":"2026-09-22T00:30:16.858Z","updated_at":"2026-09-22T00:30:16.858Z"},{"id":"374bf3d0-d48d-4835-87d7-5bcd5fce1df3","state":"InvitePending","source_platform":"truecoach","source_person_id":"s00495","display_name":"Synthetic 495","created_at":"2026-09-22T00:30:16.860Z","updated_at":"2026-09-22T00:30:16.860Z"},{"id":"f4102210-78b2-4610-a52f-825c598fe17b","state":"InvitePending","source_platform":"truecoach","source_person_id":"s00496","display_name":"Synthetic 496","created_at":"2026-09-22T00:30:16.862Z","updated_at":"2026-09-22T00:30:16.862Z"},{"id":"5f00594e-8f1a-4955-b7b0-b8ae0434621f","state":"InvitePending","source_platform":"truecoach","source_person_id":"s00497","display_name":"Synthetic 497","created_at":"2026-09-22T00:30:16.863Z","updated_at":"2026-09-22T00:30:16.863Z"},{"id":"d1b76720-c99a-4806-85f8-e1ef5569f7f2","state":"InvitePending","source_platform":"truecoach","source_person_id":"s00498","display_name":"Synthetic 498","created_at":"2026-09-22T00:30:16.867Z","updated_at":"2026-09-22T00:30:16.867Z"},{"id":"c03373b2-6231-4f12-9dc3-0c99e63379da","state":"InvitePending","source_platform":"truecoach","source_person_id":"s00499","display_name":"Synthetic 499","created_at":"2026-09-22T00:30:16.870Z","updated_at":"2026-09-22T00:30:16.870Z"},{"id":"45931335-3025-4e1a-925b-04786c97bb6c","state":"InvitePending","source_platform":"truecoach","source_person_id":"s00501","display_name":"Synthetic 501","created_at":"2026-09-22T00:30:16.876Z","updated_at":"2026-09-22T00:30:16.876Z"},{"id":"285d5abc-8c21-4c24-8fbc-e19a16046d62","state":"InvitePending","source_platform":"truecoach","source_person_id":"s00502","display_name":"Synthetic 502","created_at":"2026-09-22T00:30:16.877Z","updated_at":"2026-09-22T00:30:16.877Z"},{"id":"a3fc34b9-99e9-4f9f-9dad-4b91431d11b1","state":"InvitePending","source_platform":"truecoach","source_person_id":"s00503","display_name":"Synthetic 503","created_at":"2026-09-22T00:30:16.878Z","updated_at":"2026-09-22T00:30:16.878Z"},{"id":"6f118a74-3407-4b6b-82fa-07117113a616","state":"InvitePending","source_platform":"truecoach","source_person_id":"s00504","display_name":"Synthetic 504","created_at":"2026-09-22T00:30:16.880Z","updated_at":"2026-09-22T00:30:16.880Z"},{"id":"71c3f679-ad34-4b69-bf01-09506f52f41d","state":"InvitePending","source_platform":"truecoach","source_person_id":"s00505","display_name":"Synthetic 505","created_at":"2026-09-22T00:30:16.881Z","updated_at":"2026-09-22T00:30:16.881Z"},{"id":"346a7157-1c35-4dde-915e-8c5d7f34552a","state":"InvitePending","source_platform":"truecoach","source_person_id":"s00506","display_name":"Synthetic 506","created_at":"2026-09-22T00:30:16.882Z","updated_at":"2026-09-22T00:30:16.882Z"},{"id":"15709a4a-3494-4664-aa85-1d26d00720e7","state":"InvitePending","source_platform":"truecoach","source_person_id":"s00507","display_name":"Synthetic 507","created_at":"2026-09-22T00:30:16.884Z","updated_at":"2026-09-22T00:30:16.884Z"},{"id":"f1630744-db97-4ef0-bae5-8f9e244bd8cf","state":"InvitePending","source_platform":"truecoach","source_person_id":"s00508","display_name":"Synthetic 508","created_at":"2026-09-22T00:30:16.885Z","updated_at":"2026-09-22T00:30:16.885Z"},{"id":"23c35bcc-fb05-4aca-a299-c949e5170704","state":"InvitePending","source_platform":"truecoach","source_person_id":"s00509","display_name":"Synthetic 509","created_at":"2026-09-22T00:30:16.886Z","updated_at":"2026-09-22T00:30:16.886Z"},{"id":"a9bdebe8-81f2-4f3a-aed0-7fc83f838227","state":"InvitePending","source_platform":"truecoach","source_person_id":"s00510","display_name":"Synthetic 510","created_at":"2026-09-22T00:30:16.888Z","updated_at":"2026-09-22T00:30:16.888Z"},{"id":"d4caa6df-3f83-437b-9a11-92fa3e50ae2d","state":"InvitePending","source_platform":"truecoach","source_person_id":"s00511","display_name":"Synthetic 511","created_at":"2026-09-22T00:30:16.889Z","updated_at":"2026-09-22T00:30:16.889Z"},{"id":"eb579b44-a751-4a36-9c95-9e384382cbf1","state":"InvitePending","source_platform":"truecoach","source_person_id":"s00512","display_name":"Synthetic 512","created_at":"2026-09-22T00:30:16.891Z","updated_at":"2026-09-22T00:30:16.891Z"},{"id":"b35ecdcb-a8e4-4c08-8d0f-95bd30f3c414","state":"InvitePending","source_platform":"truecoach","source_person_id":"s00513","display_name":"Synthetic 513","created_at":"2026-09-22T00:30:16.892Z","updated_at":"2026-09-22T00:30:16.892Z"},{"id":"8a45c8f6-6c8c-45a1-8d9b-28aa3cb2108c","state":"InvitePending","source_platform":"truecoach","source_person_id":"s00514","display_name":"Synthetic 514","created_at":"2026-09-22T00:30:16.893Z","updated_at":"2026-09-22T00:30:16.893Z"},{"id":"bd898a7b-f967-4cb7-9c58-8382d93e4485","state":"InvitePending","source_platform":"truecoach","source_person_id":"s00515","display_name":"Synthetic 515","created_at":"2026-09-22T00:30:16.895Z","updated_at":"2026-09-22T00:30:16.895Z"},{"id":"052ac443-b418-4fc9-bd01-ca6ac871d521","state":"InvitePending","source_platform":"truecoach","source_person_id":"s00516","display_name":"Synthetic 516","created_at":"2026-09-22T00:30:16.896Z","updated_at":"2026-09-22T00:30:16.896Z"},{"id":"48efb732-f631-4de8-8c51-b0f8576c4e15","state":"InvitePending","source_platform":"truecoach","source_person_id":"s00517","display_name":"Synthetic 517","created_at":"2026-09-22T00:30:16.897Z","updated_at":"2026-09-22T00:30:16.897Z"},{"id":"faaa5286-eff3-4933-a0fb-86a7d695c871","state":"InvitePending","source_platform":"truecoach","source_person_id":"s00518","display_name":"Synthetic 518","created_at":"2026-09-22T00:30:16.899Z","updated_at":"2026-09-22T00:30:16.899Z"},{"id":"42e1b48a-4d22-4e2a-9465-aeac1c874d0a","state":"InvitePending","source_platform":"truecoach","source_person_id":"s00519","display_name":"Synthetic 519","created_at":"2026-09-22T00:30:16.900Z","updated_at":"2026-09-22T00:30:16.900Z"},{"id":"df3b3765-fd30-4476-9fca-1a0b71827eea","state":"InvitePending","source_platform":"truecoach","source_person_id":"s00520","display_name":"Synthetic 520","created_at":"2026-09-22T00:30:16.902Z","updated_at":"2026-09-22T00:30:16.902Z"},{"id":"9ca92573-f762-4834-bdb3-6e8376bbbede","state":"InvitePending","source_platform":"truecoach","source_person_id":"s00521","display_name":"Synthetic 521","created_at":"2026-09-22T00:30:16.903Z","updated_at":"2026-09-22T00:30:16.903Z"},{"id":"13160b56-1dfa-400a-a0f0-2f5956e06ab2","state":"InvitePending","source_platform":"truecoach","source_person_id":"s00522","display_name":"Synthetic 522","created_at":"2026-09-22T00:30:16.904Z","updated_at":"2026-09-22T00:30:16.904Z"},{"id":"604b5f9b-c714-4c70-9998-c78a07ea75ab","state":"InvitePending","source_platform":"truecoach","source_person_id":"s00523","display_name":"Synthetic 523","created_at":"2026-09-22T00:30:16.906Z","updated_at":"2026-09-22T00:30:16.906Z"},{"id":"d6ab0e55-50c9-4087-81a0-2e9464cef8b4","state":"InvitePending","source_platform":"truecoach","source_person_id":"s00524","display_name":"Synthetic 524","created_at":"2026-09-22T00:30:16.907Z","updated_at":"2026-09-22T00:30:16.907Z"},{"id":"f1738dbb-fddb-43fe-9ff5-c368f980b583","state":"InvitePending","source_platform":"truecoach","source_person_id":"s00525","display_name":"Synthetic 525","created_at":"2026-09-22T00:30:16.908Z","updated_at":"2026-09-22T00:30:16.908Z"},{"id":"bd397d1e-fceb-4c89-a600-1a27b1348462","state":"InvitePending","source_platform":"truecoach","source_person_id":"s00526","display_name":"Synthetic 526","created_at":"2026-09-22T00:30:16.910Z","updated_at":"2026-09-22T00:30:16.910Z"},{"id":"c0dd0dfb-d882-4423-8010-43cc3ee3fb81","state":"InvitePending","source_platform":"truecoach","source_person_id":"s00527","display_name":"Synthetic 527","created_at":"2026-09-22T00:30:16.911Z","updated_at":"2026-09-22T00:30:16.911Z"},{"id":"fe46a54a-9e0b-4c76-a9d5-5f4bfed578f4","state":"InvitePending","source_platform":"truecoach","source_person_id":"s00528","display_name":"Synthetic 528","created_at":"2026-09-22T00:30:16.912Z","updated_at":"2026-09-22T00:30:16.912Z"},{"id":"bb3772e9-c6f6-4f59-971f-67ad5cc6b540","state":"InvitePending","source_platform":"truecoach","source_person_id":"s00529","display_name":"Synthetic 529","created_at":"2026-09-22T00:30:16.914Z","updated_at":"2026-09-22T00:30:16.914Z"},{"id":"aedad8c8-04cc-408e-84ed-16278b0d5415","state":"InvitePending","source_platform":"truecoach","source_person_id":"s00530","display_name":"Synthetic 530","created_at":"2026-09-22T00:30:16.915Z","updated_at":"2026-09-22T00:30:16.915Z"},{"id":"8a2eb5f6-bfe9-4dbe-aff5-aa63b29cc3a0","state":"InvitePending","source_platform":"truecoach","source_person_id":"s00531","display_name":"Synthetic 531","created_at":"2026-09-22T00:30:16.922Z","updated_at":"2026-09-22T00:30:16.922Z"},{"id":"31d8c472-4c74-4098-b460-296fc6836b02","state":"InvitePending","source_platform":"truecoach","source_person_id":"s00532","display_name":"Synthetic 532","created_at":"2026-09-22T00:30:16.923Z","updated_at":"2026-09-22T00:30:16.923Z"},{"id":"c9858f91-374a-499f-bf36-a8e8f9afb4b6","state":"InvitePending","source_platform":"truecoach","source_person_id":"s00533","display_name":"Synthetic 533","created_at":"2026-09-22T00:30:16.926Z","updated_at":"2026-09-22T00:30:16.926Z"},{"id":"f0e6ea1f-3912-42f3-9b54-1455dac40a9a","state":"InvitePending","source_platform":"truecoach","source_person_id":"s00534","display_name":"Synthetic 534","created_at":"2026-09-22T00:30:16.927Z","updated_at":"2026-09-22T00:30:16.927Z"},{"id":"420fff11-4520-4257-8617-48c6fe72a7bd","state":"InvitePending","source_platform":"truecoach","source_person_id":"s00535","display_name":"Synthetic 535","created_at":"2026-09-22T00:30:16.928Z","updated_at":"2026-09-22T00:30:16.928Z"},{"id":"568588f5-4119-4b6a-82bb-1c8118a02447","state":"InvitePending","source_platform":"truecoach","source_person_id":"s00536","display_name":"Synthetic 536","created_at":"2026-09-22T00:30:16.930Z","updated_at":"2026-09-22T00:30:16.930Z"},{"id":"e126fc22-e608-4d1c-9ff3-7337627e9b43","state":"InvitePending","source_platform":"truecoach","source_person_id":"s00537","display_name":"Synthetic 537","created_at":"2026-09-22T00:30:16.931Z","updated_at":"2026-09-22T00:30:16.931Z"},{"id":"cafeb007-761b-4219-86ef-232278d36963","state":"InvitePending","source_platform":"truecoach","source_person_id":"s00538","display_name":"Synthetic 538","created_at":"2026-09-22T00:30:16.933Z","updated_at":"2026-09-22T00:30:16.933Z"},{"id":"76edac9a-6aee-4f9a-8707-476a7f3f2c2f","state":"InvitePending","source_platform":"truecoach","source_person_id":"s00539","display_name":"Synthetic 539","created_at":"2026-09-22T00:30:16.934Z","updated_at":"2026-09-22T00:30:16.934Z"},{"id":"7a70c71b-f80c-49c4-a796-cf54770513b8","state":"InvitePending","source_platform":"truecoach","source_person_id":"s00540","display_name":"Synthetic 540","created_at":"2026-09-22T00:30:16.936Z","updated_at":"2026-09-22T00:30:16.936Z"},{"id":"97b8b6d1-18e8-430e-b4e4-e093cf4c6746","state":"InvitePending","source_platform":"truecoach","source_person_id":"s00541","display_name":"Synthetic 541","created_at":"2026-09-22T00:30:16.937Z","updated_at":"2026-09-22T00:30:16.937Z"},{"id":"8bbf91ed-b4db-4953-87e5-4698a53b2118","state":"InvitePending","source_platform":"truecoach","source_person_id":"s00542","display_name":"Synthetic 542","created_at":"2026-09-22T00:30:16.938Z","updated_at":"2026-09-22T00:30:16.938Z"},{"id":"51777f11-93e6-4027-8665-71f5e824c641","state":"InvitePending","source_platform":"truecoach","source_person_id":"s00543","display_name":"Synthetic 543","created_at":"2026-09-22T00:30:16.940Z","updated_at":"2026-09-22T00:30:16.940Z"},{"id":"274edf17-29b0-4f98-9d8b-a81149e5160d","state":"InvitePending","source_platform":"truecoach","source_person_id":"s00544","display_name":"Synthetic 544","created_at":"2026-09-22T00:30:16.941Z","updated_at":"2026-09-22T00:30:16.941Z"},{"id":"a1c4d87c-9a38-4c49-8e6e-df0f3c59b0e7","state":"InvitePending","source_platform":"truecoach","source_person_id":"s00545","display_name":"Synthetic 545","created_at":"2026-09-22T00:30:16.943Z","updated_at":"2026-09-22T00:30:16.943Z"},{"id":"d98146a6-3c51-4e10-a9ea-b9fabe73030a","state":"InvitePending","source_platform":"truecoach","source_person_id":"s00546","display_name":"Synthetic 546","created_at":"2026-09-22T00:30:16.944Z","updated_at":"2026-09-22T00:30:16.944Z"},{"id":"a7e9fb1b-5627-4b62-af72-fa409f1e1cee","state":"InvitePending","source_platform":"truecoach","source_person_id":"s00547","display_name":"Synthetic 547","created_at":"2026-09-22T00:30:16.945Z","updated_at":"2026-09-22T00:30:16.945Z"},{"id":"1e7deb08-4653-4b05-8a77-b35ccc971272","state":"InvitePending","source_platform":"truecoach","source_person_id":"s00548","display_name":"Synthetic 548","created_at":"2026-09-22T00:30:16.949Z","updated_at":"2026-09-22T00:30:16.949Z"},{"id":"0dac1ae4-662c-4025-bd04-a3a222e44e66","state":"InvitePending","source_platform":"truecoach","source_person_id":"s00549","display_name":"Synthetic 549","created_at":"2026-09-22T00:30:16.950Z","updated_at":"2026-09-22T00:30:16.950Z"},{"id":"a14c9000-12ea-4848-b424-1a7e091b700f","state":"InvitePending","source_platform":"truecoach","source_person_id":"s00551","display_name":"Synthetic 551","created_at":"2026-09-22T00:30:16.954Z","updated_at":"2026-09-22T00:30:16.954Z"},{"id":"3992e76b-8dd9-4c22-b85d-058f618bbd53","state":"InvitePending","source_platform":"truecoach","source_person_id":"s00552","display_name":"Synthetic 552","created_at":"2026-09-22T00:30:16.955Z","updated_at":"2026-09-22T00:30:16.955Z"},{"id":"a8fc5787-13f6-4ee5-b89b-cac67d927c59","state":"InvitePending","source_platform":"truecoach","source_person_id":"s00553","display_name":"Synthetic 553","created_at":"2026-09-22T00:30:16.956Z","updated_at":"2026-09-22T00:30:16.956Z"},{"id":"47d42d3f-775d-462e-a9d4-de47f223ac81","state":"InvitePending","source_platform":"truecoach","source_person_id":"s00554","display_name":"Synthetic 554","created_at":"2026-09-22T00:30:16.958Z","updated_at":"2026-09-22T00:30:16.958Z"},{"id":"182b2c97-8e81-4bd6-8005-0d29fdec87c5","state":"InvitePending","source_platform":"truecoach","source_person_id":"s00555","display_name":"Synthetic 555","created_at":"2026-09-22T00:30:16.959Z","updated_at":"2026-09-22T00:30:16.959Z"},{"id":"cbfcbb07-b082-4aff-be72-1c0675ad000d","state":"InvitePending","source_platform":"truecoach","source_person_id":"s00556","display_name":"Synthetic 556","created_at":"2026-09-22T00:30:16.960Z","updated_at":"2026-09-22T00:30:16.960Z"},{"id":"e1496e30-eaf2-438c-9fa0-277678262726","state":"InvitePending","source_platform":"truecoach","source_person_id":"s00557","display_name":"Synthetic 557","created_at":"2026-09-22T00:30:16.962Z","updated_at":"2026-09-22T00:30:16.962Z"},{"id":"05402ea3-e640-4ede-845f-c08ccd8cf0fd","state":"InvitePending","source_platform":"truecoach","source_person_id":"s00558","display_name":"Synthetic 558","created_at":"2026-09-22T00:30:16.963Z","updated_at":"2026-09-22T00:30:16.963Z"},{"id":"35d0ab71-326f-4c11-bf2b-7082fd0454d4","state":"InvitePending","source_platform":"truecoach","source_person_id":"s00559","display_name":"Synthetic 559","created_at":"2026-09-22T00:30:16.965Z","updated_at":"2026-09-22T00:30:16.965Z"},{"id":"7ec3488f-3aca-4a80-9cd1-612c4c008a37","state":"InvitePending","source_platform":"truecoach","source_person_id":"s00560","display_name":"Synthetic 560","created_at":"2026-09-22T00:30:16.966Z","updated_at":"2026-09-22T00:30:16.966Z"},{"id":"4e97bc9e-d685-4ce4-866b-6809588d52de","state":"InvitePending","source_platform":"truecoach","source_person_id":"s00561","display_name":"Synthetic 561","created_at":"2026-09-22T00:30:16.967Z","updated_at":"2026-09-22T00:30:16.967Z"},{"id":"18c47c86-0bfb-49a1-852f-ef2e7fb70a22","state":"InvitePending","source_platform":"truecoach","source_person_id":"s00562","display_name":"Synthetic 562","created_at":"2026-09-22T00:30:16.969Z","updated_at":"2026-09-22T00:30:16.969Z"},{"id":"a0b6f0a4-b537-44a9-b1de-ff8b153e0694","state":"InvitePending","source_platform":"truecoach","source_person_id":"s00563","display_name":"Synthetic 563","created_at":"2026-09-22T00:30:16.970Z","updated_at":"2026-09-22T00:30:16.970Z"},{"id":"968f0288-d3ce-4124-a3c6-b326bb2e8f9b","state":"InvitePending","source_platform":"truecoach","source_person_id":"s00564","display_name":"Synthetic 564","created_at":"2026-09-22T00:30:16.971Z","updated_at":"2026-09-22T00:30:16.971Z"},{"id":"c5692620-2229-43af-adad-0d120247295d","state":"InvitePending","source_platform":"truecoach","source_person_id":"s00565","display_name":"Synthetic 565","created_at":"2026-09-22T00:30:16.973Z","updated_at":"2026-09-22T00:30:16.973Z"},{"id":"aa1fdd78-b99e-4da4-9574-e9fcef2e857f","state":"InvitePending","source_platform":"truecoach","source_person_id":"s00566","display_name":"Synthetic 566","created_at":"2026-09-22T00:30:16.974Z","updated_at":"2026-09-22T00:30:16.974Z"},{"id":"d93c1d5b-3b8f-45e7-9f74-2e8d756deca9","state":"InvitePending","source_platform":"truecoach","source_person_id":"s00567","display_name":"Synthetic 567","created_at":"2026-09-22T00:30:16.975Z","updated_at":"2026-09-22T00:30:16.975Z"},{"id":"374dd932-21d1-4564-801e-d4dff9d600af","state":"InvitePending","source_platform":"truecoach","source_person_id":"s00568","display_name":"Synthetic 568","created_at":"2026-09-22T00:30:16.977Z","updated_at":"2026-09-22T00:30:16.977Z"},{"id":"dba55ff0-a381-4ddf-a304-96adbad9447e","state":"InvitePending","source_platform":"truecoach","source_person_id":"s00569","display_name":"Synthetic 569","created_at":"2026-09-22T00:30:16.978Z","updated_at":"2026-09-22T00:30:16.978Z"},{"id":"7666d9b2-b874-4051-a2a8-bc7496529734","state":"InvitePending","source_platform":"truecoach","source_person_id":"s00570","display_name":"Synthetic 570","created_at":"2026-09-22T00:30:16.980Z","updated_at":"2026-09-22T00:30:16.980Z"},{"id":"ccbcdc0b-7f61-4d81-8e1d-add33e06c587","state":"InvitePending","source_platform":"truecoach","source_person_id":"s00571","display_name":"Synthetic 571","created_at":"2026-09-22T00:30:16.981Z","updated_at":"2026-09-22T00:30:16.981Z"},{"id":"cd2480cc-bd67-409f-af28-4ee53b13c57d","state":"InvitePending","source_platform":"truecoach","source_person_id":"s00572","display_name":"Synthetic 572","created_at":"2026-09-22T00:30:16.982Z","updated_at":"2026-09-22T00:30:16.982Z"},{"id":"b88d47e9-a8e3-41b3-bb8e-69488b201bda","state":"InvitePending","source_platform":"truecoach","source_person_id":"s00573","display_name":"Synthetic 573","created_at":"2026-09-22T00:30:16.987Z","updated_at":"2026-09-22T00:30:16.987Z"},{"id":"bf64cfa3-f236-4712-af0b-35a39af05b4f","state":"InvitePending","source_platform":"truecoach","source_person_id":"s00574","display_name":"Synthetic 574","created_at":"2026-09-22T00:30:16.992Z","updated_at":"2026-09-22T00:30:16.992Z"},{"id":"eac5643b-469c-47ca-8ee3-4fbc9b4b8fc3","state":"InvitePending","source_platform":"truecoach","source_person_id":"s00575","display_name":"Synthetic 575","created_at":"2026-09-22T00:30:16.994Z","updated_at":"2026-09-22T00:30:16.994Z"},{"id":"b598663a-d43e-4eec-afdd-2095645b9604","state":"InvitePending","source_platform":"truecoach","source_person_id":"s00576","display_name":"Synthetic 576","created_at":"2026-09-22T00:30:16.995Z","updated_at":"2026-09-22T00:30:16.995Z"},{"id":"8c0e0924-e531-4c6a-9feb-dcce07c6cfde","state":"InvitePending","source_platform":"truecoach","source_person_id":"s00577","display_name":"Synthetic 577","created_at":"2026-09-22T00:30:16.997Z","updated_at":"2026-09-22T00:30:16.997Z"},{"id":"c6965648-4e4b-4d85-b332-aedc55e96a3e","state":"InvitePending","source_platform":"truecoach","source_person_id":"s00578","display_name":"Synthetic 578","created_at":"2026-09-22T00:30:16.999Z","updated_at":"2026-09-22T00:30:16.999Z"},{"id":"c2646159-c10b-4c1f-a885-5f93681710d5","state":"InvitePending","source_platform":"truecoach","source_person_id":"s00579","display_name":"Synthetic 579","created_at":"2026-09-22T00:30:17.000Z","updated_at":"2026-09-22T00:30:17.000Z"},{"id":"8449e4e8-a22e-4d09-9e03-2e1554ad701b","state":"InvitePending","source_platform":"truecoach","source_person_id":"s00580","display_name":"Synthetic 580","created_at":"2026-09-22T00:30:17.002Z","updated_at":"2026-09-22T00:30:17.002Z"},{"id":"94a6590b-d5a8-4dfc-b8ad-dbe27c70061c","state":"InvitePending","source_platform":"truecoach","source_person_id":"s00581","display_name":"Synthetic 581","created_at":"2026-09-22T00:30:17.003Z","updated_at":"2026-09-22T00:30:17.003Z"},{"id":"cf93216f-b3bd-4995-8416-fc2648bcfc82","state":"InvitePending","source_platform":"truecoach","source_person_id":"s00582","display_name":"Synthetic 582","created_at":"2026-09-22T00:30:17.005Z","updated_at":"2026-09-22T00:30:17.005Z"},{"id":"c118d695-0fdc-422a-a734-3ea7e4ae822e","state":"InvitePending","source_platform":"truecoach","source_person_id":"s00583","display_name":"Synthetic 583","created_at":"2026-09-22T00:30:17.006Z","updated_at":"2026-09-22T00:30:17.006Z"},{"id":"74cc1b1c-b8d1-4fa3-9591-b7a802c246c6","state":"InvitePending","source_platform":"truecoach","source_person_id":"s00584","display_name":"Synthetic 584","created_at":"2026-09-22T00:30:17.008Z","updated_at":"2026-09-22T00:30:17.008Z"},{"id":"23f6fbbf-25fb-4612-be6f-84dc73a3d327","state":"InvitePending","source_platform":"truecoach","source_person_id":"s00585","display_name":"Synthetic 585","created_at":"2026-09-22T00:30:17.009Z","updated_at":"2026-09-22T00:30:17.009Z"},{"id":"4025b70d-8a9f-446f-95c8-61447281291b","state":"InvitePending","source_platform":"truecoach","source_person_id":"s00586","display_name":"Synthetic 586","created_at":"2026-09-22T00:30:17.011Z","updated_at":"2026-09-22T00:30:17.011Z"},{"id":"c4c9979b-54ec-48f4-ad3b-a7e4b12cc197","state":"InvitePending","source_platform":"truecoach","source_person_id":"s00587","display_name":"Synthetic 587","created_at":"2026-09-22T00:30:17.014Z","updated_at":"2026-09-22T00:30:17.014Z"},{"id":"20b26fcd-1fee-47f3-98bc-97c792a859f7","state":"InvitePending","source_platform":"truecoach","source_person_id":"s00588","display_name":"Synthetic 588","created_at":"2026-09-22T00:30:17.016Z","updated_at":"2026-09-22T00:30:17.016Z"},{"id":"b9434ef3-3620-4adf-8317-f4ec5e139dfc","state":"InvitePending","source_platform":"truecoach","source_person_id":"s00589","display_name":"Synthetic 589","created_at":"2026-09-22T00:30:17.017Z","updated_at":"2026-09-22T00:30:17.017Z"},{"id":"6e69d522-25c8-4fc7-a7f4-6db5ac75597a","state":"InvitePending","source_platform":"truecoach","source_person_id":"s00590","display_name":"Synthetic 590","created_at":"2026-09-22T00:30:17.019Z","updated_at":"2026-09-22T00:30:17.019Z"},{"id":"4aa6f15d-a2d8-457b-b39d-9fe8b6160a64","state":"InvitePending","source_platform":"truecoach","source_person_id":"s00591","display_name":"Synthetic 591","created_at":"2026-09-22T00:30:17.025Z","updated_at":"2026-09-22T00:30:17.025Z"},{"id":"75cf8fe0-050f-47d5-bc40-953615a36bdc","state":"InvitePending","source_platform":"truecoach","source_person_id":"s00592","display_name":"Synthetic 592","created_at":"2026-09-22T00:30:17.027Z","updated_at":"2026-09-22T00:30:17.027Z"},{"id":"5197e210-6e2e-4bfb-955f-a1dc2498ed15","state":"InvitePending","source_platform":"truecoach","source_person_id":"s00593","display_name":"Synthetic 593","created_at":"2026-09-22T00:30:17.028Z","updated_at":"2026-09-22T00:30:17.028Z"},{"id":"fa06ca88-d21c-450f-b1a6-d9b5ab4c76f0","state":"InvitePending","source_platform":"truecoach","source_person_id":"s00594","display_name":"Synthetic 594","created_at":"2026-09-22T00:30:17.030Z","updated_at":"2026-09-22T00:30:17.030Z"},{"id":"89c17cd4-55ce-4103-ab98-38de19c37b13","state":"InvitePending","source_platform":"truecoach","source_person_id":"s00595","display_name":"Synthetic 595","created_at":"2026-09-22T00:30:17.031Z","updated_at":"2026-09-22T00:30:17.031Z"},{"id":"87c98ffe-ee31-4bec-9d12-ee4975efcb5d","state":"InvitePending","source_platform":"truecoach","source_person_id":"s00596","display_name":"Synthetic 596","created_at":"2026-09-22T00:30:17.032Z","updated_at":"2026-09-22T00:30:17.032Z"},{"id":"90bf5632-3323-41e8-81a8-3335594dbb60","state":"InvitePending","source_platform":"truecoach","source_person_id":"s00597","display_name":"Synthetic 597","created_at":"2026-09-22T00:30:17.034Z","updated_at":"2026-09-22T00:30:17.034Z"},{"id":"169df634-f18f-4374-878c-6640942843ec","state":"InvitePending","source_platform":"truecoach","source_person_id":"s00598","display_name":"Synthetic 598","created_at":"2026-09-22T00:30:17.035Z","updated_at":"2026-09-22T00:30:17.035Z"},{"id":"345f19ff-a182-415d-8f92-1cedac471da1","state":"InvitePending","source_platform":"truecoach","source_person_id":"s00599","display_name":"Synthetic 599","created_at":"2026-09-22T00:30:17.037Z","updated_at":"2026-09-22T00:30:17.037Z"}],"page":{"limit":200,"next_cursor":null,"has_more":false}},"queries":8,"pid":32334}

      161 |       if (code !== 0 || !result) { reject(new Error(`worker exited ${code}: ${output}`)); return; }
      162 |       // Query shapes, outcomes, fixture identifiers and process IDs only; never parameters.
    > 163 |       console.warn('PG17_PROCESS', JSON.stringify({ name, old, options: { ...options, cursor: options.cursor ? '<cursor>' : undefined },
          |               ^
      164 |         result: result.result, failure: result.failure, queries: result.queries.length, pid: result.pid }));
      165 |       resolveDone(result);
      166 |     };

      at settleWorker (test/utils/g2-pg17-harness.ts:163:15)
      at ChildProcess.<anonymous> (test/utils/g2-pg17-harness.ts:168:51)

  console.warn
    PG17_PROCESS {"name":"g2p17_15","old":true,"options":{"family":"workouts"},"result":{"intent_id":"intent","staged":30,"reconstructed":38,"skipped":8,"failed":9},"queries":124,"pid":32386}

      161 |       if (code !== 0 || !result) { reject(new Error(`worker exited ${code}: ${output}`)); return; }
      162 |       // Query shapes, outcomes, fixture identifiers and process IDs only; never parameters.
    > 163 |       console.warn('PG17_PROCESS', JSON.stringify({ name, old, options: { ...options, cursor: options.cursor ? '<cursor>' : undefined },
          |               ^
      164 |         result: result.result, failure: result.failure, queries: result.queries.length, pid: result.pid }));
      165 |       resolveDone(result);
      166 |     };

      at settleWorker (test/utils/g2-pg17-harness.ts:163:15)
      at ChildProcess.<anonymous> (test/utils/g2-pg17-harness.ts:168:51)

  console.warn
    PG17_PROCESS {"name":"g2p17_16","old":true,"options":{},"result":{"intent_id":"intent","staged":600,"reconstructed":596,"skipped":8,"failed":21},"queries":2405,"pid":32404}

      161 |       if (code !== 0 || !result) { reject(new Error(`worker exited ${code}: ${output}`)); return; }
      162 |       // Query shapes, outcomes, fixture identifiers and process IDs only; never parameters.
    > 163 |       console.warn('PG17_PROCESS', JSON.stringify({ name, old, options: { ...options, cursor: options.cursor ? '<cursor>' : undefined },
          |               ^
      164 |         result: result.result, failure: result.failure, queries: result.queries.length, pid: result.pid }));
      165 |       resolveDone(result);
      166 |     };

      at settleWorker (test/utils/g2-pg17-harness.ts:163:15)
      at ChildProcess.<anonymous> (test/utils/g2-pg17-harness.ts:168:51)

  console.warn
    PG17_PROCESS {"name":"g2p17_17","old":true,"options":{"action":"roster","family":"clients","limit":7},"result":{"intent_id":"intent","accounting":{"staged":600,"reconstructed":596,"skipped":8,"failed":21},"persons":[],"page":{"limit":7,"next_cursor":"aDAwMDIw","has_more":true}},"queries":8,"pid":32420}

      161 |       if (code !== 0 || !result) { reject(new Error(`worker exited ${code}: ${output}`)); return; }
      162 |       // Query shapes, outcomes, fixture identifiers and process IDs only; never parameters.
    > 163 |       console.warn('PG17_PROCESS', JSON.stringify({ name, old, options: { ...options, cursor: options.cursor ? '<cursor>' : undefined },
          |               ^
      164 |         result: result.result, failure: result.failure, queries: result.queries.length, pid: result.pid }));
      165 |       resolveDone(result);
      166 |     };

      at settleWorker (test/utils/g2-pg17-harness.ts:163:15)
      at ChildProcess.<anonymous> (test/utils/g2-pg17-harness.ts:168:51)

  console.warn
    PG17_PROCESS {"name":"g2p17_18","old":true,"options":{"action":"roster","family":"clients","cursor":"<cursor>","limit":7},"result":{"intent_id":"intent","accounting":{"staged":600,"reconstructed":596,"skipped":8,"failed":21},"persons":[{"id":"5e8c73a2-1a48-4138-b7cf-9c2cb31f889a","state":"InvitePending","source_platform":"truecoach","source_person_id":"s00001","display_name":"Synthetic 1","created_at":"2026-09-22T00:30:15.929Z","updated_at":"2026-09-22T00:30:30.541Z"},{"id":"48ff49a3-d76b-42aa-9620-1b15477a834a","state":"InvitePending","source_platform":"truecoach","source_person_id":"s00002","display_name":"Synthetic 2","created_at":"2026-09-22T00:30:15.933Z","updated_at":"2026-09-22T00:30:30.544Z"},{"id":"66ac991f-5007-4393-bef6-55c6c2336c95","state":"InvitePending","source_platform":"truecoach","source_person_id":"s00003","display_name":"Synthetic 3","created_at":"2026-09-22T00:30:15.936Z","updated_at":"2026-09-22T00:30:30.546Z"},{"id":"57aafbd4-5731-4247-a07f-68ccfe1f5990","state":"InvitePending","source_platform":"truecoach","source_person_id":"s00004","display_name":"Synthetic 4","created_at":"2026-09-22T00:30:15.938Z","updated_at":"2026-09-22T00:30:30.548Z"},{"id":"5c639ff3-8e9c-4aba-bef9-411b9c904e65","state":"InvitePending","source_platform":"truecoach","source_person_id":"s00005","display_name":"Synthetic 5","created_at":"2026-09-22T00:30:15.942Z","updated_at":"2026-09-22T00:30:30.550Z"},{"id":"33925fd9-e7b4-46a8-9a7d-9e56a24cd4d2","state":"InvitePending","source_platform":"truecoach","source_person_id":"s00006","display_name":"Synthetic 6","created_at":"2026-09-22T00:30:15.944Z","updated_at":"2026-09-22T00:30:30.552Z"}],"page":{"limit":7,"next_cursor":"czAwMDA2","has_more":true}},"queries":8,"pid":32436}

      161 |       if (code !== 0 || !result) { reject(new Error(`worker exited ${code}: ${output}`)); return; }
      162 |       // Query shapes, outcomes, fixture identifiers and process IDs only; never parameters.
    > 163 |       console.warn('PG17_PROCESS', JSON.stringify({ name, old, options: { ...options, cursor: options.cursor ? '<cursor>' : undefined },
          |               ^
      164 |         result: result.result, failure: result.failure, queries: result.queries.length, pid: result.pid }));
      165 |       resolveDone(result);
      166 |     };

      at settleWorker (test/utils/g2-pg17-harness.ts:163:15)
      at ChildProcess.<anonymous> (test/utils/g2-pg17-harness.ts:168:51)

  console.warn
    PG17_PROCESS {"name":"g2p17_19","old":true,"options":{"action":"roster","family":"clients","cursor":"<cursor>","limit":7},"result":{"intent_id":"intent","accounting":{"staged":600,"reconstructed":596,"skipped":8,"failed":21},"persons":[{"id":"53e77ea6-447d-49cb-af60-2f6cf5e6b454","state":"InvitePending","source_platform":"truecoach","source_person_id":"s00007","display_name":"Synthetic 7","created_at":"2026-09-22T00:30:15.952Z","updated_at":"2026-09-22T00:30:30.554Z"},{"id":"6c137711-e6d7-4085-856b-3b35b143a31a","state":"InvitePending","source_platform":"truecoach","source_person_id":"s00008","display_name":"Synthetic 8","created_at":"2026-09-22T00:30:15.955Z","updated_at":"2026-09-22T00:30:30.556Z"},{"id":"d6b7fd7f-94ea-4c7f-8615-3f8ed1a8cd93","state":"InvitePending","source_platform":"truecoach","source_person_id":"s00009","display_name":"Synthetic 9","created_at":"2026-09-22T00:30:15.957Z","updated_at":"2026-09-22T00:30:30.557Z"},{"id":"cce14b6c-9e1c-412f-94d6-dcb469859d21","state":"InvitePending","source_platform":"truecoach","source_person_id":"s00010","display_name":"Synthetic 10","created_at":"2026-09-22T00:30:15.959Z","updated_at":"2026-09-22T00:30:30.559Z"},{"id":"bc773d9c-6591-4f84-a898-44a909111b53","state":"InvitePending","source_platform":"truecoach","source_person_id":"s00011","display_name":"Synthetic 11","created_at":"2026-09-22T00:30:15.960Z","updated_at":"2026-09-22T00:30:30.561Z"},{"id":"06917571-5c48-41ac-86c9-85768fb7732b","state":"InvitePending","source_platform":"truecoach","source_person_id":"s00012","display_name":"Synthetic 12","created_at":"2026-09-22T00:30:15.964Z","updated_at":"2026-09-22T00:30:30.565Z"},{"id":"7f8d96c0-7b01-481e-9a10-438c3ac839e3","state":"InvitePending","source_platform":"truecoach","source_person_id":"s00013","display_name":"Synthetic 13","created_at":"2026-09-22T00:30:15.968Z","updated_at":"2026-09-22T00:30:30.566Z"}],"page":{"limit":7,"next_cursor":"czAwMDEz","has_more":true}},"queries":8,"pid":32452}

      161 |       if (code !== 0 || !result) { reject(new Error(`worker exited ${code}: ${output}`)); return; }
      162 |       // Query shapes, outcomes, fixture identifiers and process IDs only; never parameters.
    > 163 |       console.warn('PG17_PROCESS', JSON.stringify({ name, old, options: { ...options, cursor: options.cursor ? '<cursor>' : undefined },
          |               ^
      164 |         result: result.result, failure: result.failure, queries: result.queries.length, pid: result.pid }));
      165 |       resolveDone(result);
      166 |     };

      at settleWorker (test/utils/g2-pg17-harness.ts:163:15)
      at ChildProcess.<anonymous> (test/utils/g2-pg17-harness.ts:168:51)

  console.warn
    PG17_PROCESS {"name":"g2p17_20","old":true,"options":{"action":"roster","family":"clients","cursor":"<cursor>","limit":7},"result":{"intent_id":"intent","accounting":{"staged":600,"reconstructed":596,"skipped":8,"failed":21},"persons":[{"id":"7154545a-b110-4d0c-86d8-55262a4dc786","state":"InvitePending","source_platform":"truecoach","source_person_id":"s00014","display_name":"Synthetic 14","created_at":"2026-09-22T00:30:15.969Z","updated_at":"2026-09-22T00:30:30.568Z"},{"id":"1edc1a45-737f-4aa9-a73d-667b8500e96e","state":"InvitePending","source_platform":"truecoach","source_person_id":"s00015","display_name":"Synthetic 15","created_at":"2026-09-22T00:30:15.972Z","updated_at":"2026-09-22T00:30:30.569Z"},{"id":"9d0b475c-f318-42a9-8383-4bad7a91b9b8","state":"InvitePending","source_platform":"truecoach","source_person_id":"s00016","display_name":"Synthetic 16","created_at":"2026-09-22T00:30:15.981Z","updated_at":"2026-09-22T00:30:30.571Z"},{"id":"55e94532-819f-4a73-9746-2ff342faa4a0","state":"InvitePending","source_platform":"truecoach","source_person_id":"s00017","display_name":"Synthetic 17","created_at":"2026-09-22T00:30:15.983Z","updated_at":"2026-09-22T00:30:30.572Z"},{"id":"54c1d43f-63f0-4768-92b5-1ec3acd1526b","state":"InvitePending","source_platform":"truecoach","source_person_id":"s00018","display_name":"Synthetic 18","created_at":"2026-09-22T00:30:15.985Z","updated_at":"2026-09-22T00:30:30.574Z"},{"id":"ad99cc78-340b-4c16-bdf3-6836870cb814","state":"InvitePending","source_platform":"truecoach","source_person_id":"s00019","display_name":"Synthetic 19","created_at":"2026-09-22T00:30:15.986Z","updated_at":"2026-09-22T00:30:30.575Z"},{"id":"201c09ac-2494-4904-a073-6f6bee6a54e4","state":"InvitePending","source_platform":"truecoach","source_person_id":"s00020","display_name":"Synthetic 20","created_at":"2026-09-22T00:30:15.988Z","updated_at":"2026-09-22T00:30:30.577Z"}],"page":{"limit":7,"next_cursor":"czAwMDIw","has_more":true}},"queries":8,"pid":32468}

      161 |       if (code !== 0 || !result) { reject(new Error(`worker exited ${code}: ${output}`)); return; }
      162 |       // Query shapes, outcomes, fixture identifiers and process IDs only; never parameters.
    > 163 |       console.warn('PG17_PROCESS', JSON.stringify({ name, old, options: { ...options, cursor: options.cursor ? '<cursor>' : undefined },
          |               ^
      164 |         result: result.result, failure: result.failure, queries: result.queries.length, pid: result.pid }));
      165 |       resolveDone(result);
      166 |     };

      at settleWorker (test/utils/g2-pg17-harness.ts:163:15)
      at ChildProcess.<anonymous> (test/utils/g2-pg17-harness.ts:168:51)

  console.warn
    PG17_PROCESS {"name":"g2p17_21","old":true,"options":{"action":"roster","family":"clients","cursor":"<cursor>","limit":7},"result":{"intent_id":"intent","accounting":{"staged":600,"reconstructed":596,"skipped":8,"failed":21},"persons":[{"id":"833ed105-1a4e-4e6c-86c3-dba563816c09","state":"InvitePending","source_platform":"truecoach","source_person_id":"s00021","display_name":"Synthetic 21","created_at":"2026-09-22T00:30:15.990Z","updated_at":"2026-09-22T00:30:30.578Z"},{"id":"d387f3bd-ebe4-49cd-9cf6-4d4382765981","state":"InvitePending","source_platform":"truecoach","source_person_id":"s00022","display_name":"Synthetic 22","created_at":"2026-09-22T00:30:15.991Z","updated_at":"2026-09-22T00:30:30.580Z"},{"id":"7c625655-fea8-4c24-9f0a-cdd0852a3508","state":"InvitePending","source_platform":"truecoach","source_person_id":"s00023","display_name":"Synthetic 23","created_at":"2026-09-22T00:30:15.993Z","updated_at":"2026-09-22T00:30:30.582Z"},{"id":"22ae27b5-dd4e-473c-a503-4c14716a8cef","state":"InvitePending","source_platform":"truecoach","source_person_id":"s00024","display_name":"Synthetic 24","created_at":"2026-09-22T00:30:15.995Z","updated_at":"2026-09-22T00:30:30.583Z"},{"id":"708e92ba-e34a-473f-9f32-e8937f46e24d","state":"InvitePending","source_platform":"truecoach","source_person_id":"s00025","display_name":"Synthetic 25","created_at":"2026-09-22T00:30:16.003Z","updated_at":"2026-09-22T00:30:30.585Z"},{"id":"3703383f-b3b7-469e-9dd9-14dc7f2ba105","state":"InvitePending","source_platform":"truecoach","source_person_id":"s00026","display_name":"Synthetic 26","created_at":"2026-09-22T00:30:16.008Z","updated_at":"2026-09-22T00:30:30.586Z"},{"id":"096e6b86-31f8-4210-af1d-f364035622c2","state":"InvitePending","source_platform":"truecoach","source_person_id":"s00027","display_name":"Synthetic 27","created_at":"2026-09-22T00:30:16.010Z","updated_at":"2026-09-22T00:30:30.588Z"}],"page":{"limit":7,"next_cursor":"czAwMDI3","has_more":true}},"queries":8,"pid":32516}

      161 |       if (code !== 0 || !result) { reject(new Error(`worker exited ${code}: ${output}`)); return; }
      162 |       // Query shapes, outcomes, fixture identifiers and process IDs only; never parameters.
    > 163 |       console.warn('PG17_PROCESS', JSON.stringify({ name, old, options: { ...options, cursor: options.cursor ? '<cursor>' : undefined },
          |               ^
      164 |         result: result.result, failure: result.failure, queries: result.queries.length, pid: result.pid }));
      165 |       resolveDone(result);
      166 |     };

      at settleWorker (test/utils/g2-pg17-harness.ts:163:15)
      at ChildProcess.<anonymous> (test/utils/g2-pg17-harness.ts:168:51)

  console.warn
    PG17_PROCESS {"name":"g2p17_22","old":true,"options":{"action":"roster","family":"clients","cursor":"<cursor>","limit":7},"result":{"intent_id":"intent","accounting":{"staged":600,"reconstructed":596,"skipped":8,"failed":21},"persons":[{"id":"41b5c0a4-eeb8-4070-92e6-389af04e3120","state":"InvitePending","source_platform":"truecoach","source_person_id":"s00028","display_name":"Synthetic 28","created_at":"2026-09-22T00:30:16.012Z","updated_at":"2026-09-22T00:30:30.589Z"},{"id":"9e57983d-b7d1-47be-a397-77467367c12e","state":"InvitePending","source_platform":"truecoach","source_person_id":"s00029","display_name":"Synthetic 29","created_at":"2026-09-22T00:30:16.014Z","updated_at":"2026-09-22T00:30:30.590Z"},{"id":"075d79d8-d298-472a-be31-854a040330c8","state":"InvitePending","source_platform":"truecoach","source_person_id":"s00030","display_name":"Synthetic 30","created_at":"2026-09-22T00:30:16.016Z","updated_at":"2026-09-22T00:30:30.592Z"},{"id":"240c712e-2cc3-46b5-9fa3-22dd34331431","state":"InvitePending","source_platform":"truecoach","source_person_id":"s00031","display_name":"Synthetic 31","created_at":"2026-09-22T00:30:16.026Z","updated_at":"2026-09-22T00:30:30.593Z"},{"id":"60ab0e6c-9afa-4019-b2dc-c1c475c6f1b0","state":"InvitePending","source_platform":"truecoach","source_person_id":"s00032","display_name":"Synthetic 32","created_at":"2026-09-22T00:30:16.028Z","updated_at":"2026-09-22T00:30:30.595Z"},{"id":"0be7bc1b-50b7-4067-ac22-b8a1d74d3c74","state":"InvitePending","source_platform":"truecoach","source_person_id":"s00033","display_name":"Synthetic 33","created_at":"2026-09-22T00:30:16.029Z","updated_at":"2026-09-22T00:30:30.596Z"},{"id":"dc360ea1-5fd3-4f29-985a-1275f7357739","state":"InvitePending","source_platform":"truecoach","source_person_id":"s00034","display_name":"Synthetic 34","created_at":"2026-09-22T00:30:16.031Z","updated_at":"2026-09-22T00:30:30.598Z"}],"page":{"limit":7,"next_cursor":"czAwMDM0","has_more":true}},"queries":8,"pid":32729}

      161 |       if (code !== 0 || !result) { reject(new Error(`worker exited ${code}: ${output}`)); return; }
      162 |       // Query shapes, outcomes, fixture identifiers and process IDs only; never parameters.
    > 163 |       console.warn('PG17_PROCESS', JSON.stringify({ name, old, options: { ...options, cursor: options.cursor ? '<cursor>' : undefined },
          |               ^
      164 |         result: result.result, failure: result.failure, queries: result.queries.length, pid: result.pid }));
      165 |       resolveDone(result);
      166 |     };

      at settleWorker (test/utils/g2-pg17-harness.ts:163:15)
      at ChildProcess.<anonymous> (test/utils/g2-pg17-harness.ts:168:51)

  console.warn
    PG17_PROCESS {"name":"g2p17_23","old":true,"options":{"action":"roster","family":"clients","cursor":"<cursor>","limit":7},"result":{"intent_id":"intent","accounting":{"staged":600,"reconstructed":596,"skipped":8,"failed":21},"persons":[{"id":"5f3d5f02-5f2d-4aed-a0e3-634332c2105e","state":"InvitePending","source_platform":"truecoach","source_person_id":"s00035","display_name":"Synthetic 35","created_at":"2026-09-22T00:30:16.032Z","updated_at":"2026-09-22T00:30:30.599Z"},{"id":"d99baa6c-5968-4d82-aec0-ccaab7b2e53b","state":"InvitePending","source_platform":"truecoach","source_person_id":"s00036","display_name":"Synthetic 36","created_at":"2026-09-22T00:30:16.034Z","updated_at":"2026-09-22T00:30:30.601Z"},{"id":"0fe8df72-f2ce-42b7-922d-8ae52ab9f5bf","state":"InvitePending","source_platform":"truecoach","source_person_id":"s00037","display_name":"Synthetic 37","created_at":"2026-09-22T00:30:16.036Z","updated_at":"2026-09-22T00:30:30.609Z"},{"id":"638f5358-ae66-424d-90b8-fe3f0b4c4a81","state":"InvitePending","source_platform":"truecoach","source_person_id":"s00038","display_name":"Synthetic 38","created_at":"2026-09-22T00:30:16.038Z","updated_at":"2026-09-22T00:30:30.611Z"},{"id":"2c856c6d-d216-4fea-b8c9-cc7aef80daad","state":"InvitePending","source_platform":"truecoach","source_person_id":"s00039","display_name":"Synthetic 39","created_at":"2026-09-22T00:30:16.043Z","updated_at":"2026-09-22T00:30:30.613Z"},{"id":"0f9dd757-75d7-41ca-b1cd-a9c7c8cc965b","state":"InvitePending","source_platform":"truecoach","source_person_id":"s00040","display_name":"Synthetic 40","created_at":"2026-09-22T00:30:16.045Z","updated_at":"2026-09-22T00:30:30.614Z"},{"id":"5b19e1d9-0992-4bd5-bffe-7a1b412635f1","state":"InvitePending","source_platform":"truecoach","source_person_id":"s00041","display_name":"Synthetic 41","created_at":"2026-09-22T00:30:16.047Z","updated_at":"2026-09-22T00:30:30.616Z"}],"page":{"limit":7,"next_cursor":"czAwMDQx","has_more":true}},"queries":8,"pid":473}

      161 |       if (code !== 0 || !result) { reject(new Error(`worker exited ${code}: ${output}`)); return; }
      162 |       // Query shapes, outcomes, fixture identifiers and process IDs only; never parameters.
    > 163 |       console.warn('PG17_PROCESS', JSON.stringify({ name, old, options: { ...options, cursor: options.cursor ? '<cursor>' : undefined },
          |               ^
      164 |         result: result.result, failure: result.failure, queries: result.queries.length, pid: result.pid }));
      165 |       resolveDone(result);
      166 |     };

      at settleWorker (test/utils/g2-pg17-harness.ts:163:15)
      at ChildProcess.<anonymous> (test/utils/g2-pg17-harness.ts:168:51)

  console.warn
    PG17_PROCESS {"name":"g2p17_24","old":true,"options":{"action":"roster","family":"clients","cursor":"<cursor>","limit":7},"result":{"intent_id":"intent","accounting":{"staged":600,"reconstructed":596,"skipped":8,"failed":21},"persons":[{"id":"470b7a27-a76e-406d-8ffa-175ce76af4a3","state":"InvitePending","source_platform":"truecoach","source_person_id":"s00042","display_name":"Synthetic 42","created_at":"2026-09-22T00:30:16.048Z","updated_at":"2026-09-22T00:30:30.617Z"},{"id":"024a5334-6785-4e9d-9be5-076042a48d33","state":"InvitePending","source_platform":"truecoach","source_person_id":"s00043","display_name":"Synthetic 43","created_at":"2026-09-22T00:30:16.050Z","updated_at":"2026-09-22T00:30:30.618Z"},{"id":"06a50db5-3a03-428e-9d18-afd474d1d55f","state":"InvitePending","source_platform":"truecoach","source_person_id":"s00044","display_name":"Synthetic 44","created_at":"2026-09-22T00:30:16.051Z","updated_at":"2026-09-22T00:30:30.620Z"},{"id":"927faf41-908c-4fd1-9301-652a0d0d4097","state":"InvitePending","source_platform":"truecoach","source_person_id":"s00045","display_name":"Synthetic 45","created_at":"2026-09-22T00:30:16.053Z","updated_at":"2026-09-22T00:30:30.621Z"},{"id":"03e18782-59b1-4062-8b21-e4aec10cdff1","state":"InvitePending","source_platform":"truecoach","source_person_id":"s00046","display_name":"Synthetic 46","created_at":"2026-09-22T00:30:16.056Z","updated_at":"2026-09-22T00:30:30.623Z"},{"id":"81153bb5-68b0-4d7e-8604-75c4b9e753f8","state":"InvitePending","source_platform":"truecoach","source_person_id":"s00047","display_name":"Synthetic 47","created_at":"2026-09-22T00:30:16.058Z","updated_at":"2026-09-22T00:30:30.624Z"},{"id":"ef8f3854-a96a-4f14-941a-2e096006f38c","state":"InvitePending","source_platform":"truecoach","source_person_id":"s00048","display_name":"Synthetic 48","created_at":"2026-09-22T00:30:16.060Z","updated_at":"2026-09-22T00:30:30.625Z"}],"page":{"limit":7,"next_cursor":"czAwMDQ4","has_more":true}},"queries":8,"pid":491}

      161 |       if (code !== 0 || !result) { reject(new Error(`worker exited ${code}: ${output}`)); return; }
      162 |       // Query shapes, outcomes, fixture identifiers and process IDs only; never parameters.
    > 163 |       console.warn('PG17_PROCESS', JSON.stringify({ name, old, options: { ...options, cursor: options.cursor ? '<cursor>' : undefined },
          |               ^
      164 |         result: result.result, failure: result.failure, queries: result.queries.length, pid: result.pid }));
      165 |       resolveDone(result);
      166 |     };

      at settleWorker (test/utils/g2-pg17-harness.ts:163:15)
      at ChildProcess.<anonymous> (test/utils/g2-pg17-harness.ts:168:51)

  console.warn
    PG17_PROCESS {"name":"g2p17_25","old":true,"options":{"action":"roster","family":"clients","cursor":"<cursor>","limit":7},"result":{"intent_id":"intent","accounting":{"staged":600,"reconstructed":596,"skipped":8,"failed":21},"persons":[{"id":"3f6f0e22-9a94-4fec-82d1-eb613adb399c","state":"InvitePending","source_platform":"truecoach","source_person_id":"s00049","display_name":"Synthetic 49","created_at":"2026-09-22T00:30:16.063Z","updated_at":"2026-09-22T00:30:30.628Z"},{"id":"fbc9f017-4c31-451b-b79f-a7c160a91e6a","state":"InvitePending","source_platform":"truecoach","source_person_id":"s00051","display_name":"Synthetic 51","created_at":"2026-09-22T00:30:16.074Z","updated_at":"2026-09-22T00:30:30.640Z"},{"id":"6b4206db-d077-4971-bd69-506999aa1b7d","state":"InvitePending","source_platform":"truecoach","source_person_id":"s00052","display_name":"Synthetic 52","created_at":"2026-09-22T00:30:16.077Z","updated_at":"2026-09-22T00:30:30.641Z"},{"id":"d269426a-9a38-4e41-990b-6ea21a4f18b7","state":"InvitePending","source_platform":"truecoach","source_person_id":"s00053","display_name":"Synthetic 53","created_at":"2026-09-22T00:30:16.079Z","updated_at":"2026-09-22T00:30:30.643Z"},{"id":"d0bccefb-cca2-43cd-8d5c-52c2b90f8021","state":"InvitePending","source_platform":"truecoach","source_person_id":"s00054","display_name":"Synthetic 54","created_at":"2026-09-22T00:30:16.081Z","updated_at":"2026-09-22T00:30:30.644Z"},{"id":"7466e108-4f2c-43a1-8f82-ec10e07f125c","state":"InvitePending","source_platform":"truecoach","source_person_id":"s00055","display_name":"Synthetic 55","created_at":"2026-09-22T00:30:16.082Z","updated_at":"2026-09-22T00:30:30.646Z"},{"id":"c2f8f61f-f9d6-4abf-8856-6d168613f305","state":"InvitePending","source_platform":"truecoach","source_person_id":"s00056","display_name":"Synthetic 56","created_at":"2026-09-22T00:30:16.084Z","updated_at":"2026-09-22T00:30:30.647Z"}],"page":{"limit":7,"next_cursor":"czAwMDU2","has_more":true}},"queries":8,"pid":507}

      161 |       if (code !== 0 || !result) { reject(new Error(`worker exited ${code}: ${output}`)); return; }
      162 |       // Query shapes, outcomes, fixture identifiers and process IDs only; never parameters.
    > 163 |       console.warn('PG17_PROCESS', JSON.stringify({ name, old, options: { ...options, cursor: options.cursor ? '<cursor>' : undefined },
          |               ^
      164 |         result: result.result, failure: result.failure, queries: result.queries.length, pid: result.pid }));
      165 |       resolveDone(result);
      166 |     };

      at settleWorker (test/utils/g2-pg17-harness.ts:163:15)
      at ChildProcess.<anonymous> (test/utils/g2-pg17-harness.ts:168:51)

  console.warn
    PG17_PROCESS {"name":"g2p17_26","old":true,"options":{"action":"roster","family":"clients","cursor":"<cursor>","limit":7},"result":{"intent_id":"intent","accounting":{"staged":600,"reconstructed":596,"skipped":8,"failed":21},"persons":[{"id":"3b48320f-b8aa-4b70-8005-2da20d603d88","state":"InvitePending","source_platform":"truecoach","source_person_id":"s00057","display_name":"Synthetic 57","created_at":"2026-09-22T00:30:16.086Z","updated_at":"2026-09-22T00:30:30.649Z"},{"id":"b8ecefd4-34e1-4689-a9f6-8bae7bb94b28","state":"InvitePending","source_platform":"truecoach","source_person_id":"s00058","display_name":"Synthetic 58","created_at":"2026-09-22T00:30:16.088Z","updated_at":"2026-09-22T00:30:30.650Z"},{"id":"514a514b-d9b3-4180-ab39-746f3ac2e6bb","state":"InvitePending","source_platform":"truecoach","source_person_id":"s00059","display_name":"Synthetic 59","created_at":"2026-09-22T00:30:16.090Z","updated_at":"2026-09-22T00:30:30.652Z"},{"id":"b8f9e8be-1dd5-4928-8fa4-3ea8d07e7bd2","state":"InvitePending","source_platform":"truecoach","source_person_id":"s00060","display_name":"Synthetic 60","created_at":"2026-09-22T00:30:16.091Z","updated_at":"2026-09-22T00:30:30.653Z"},{"id":"97174cd7-a697-4c09-84da-7cadf8e77c72","state":"InvitePending","source_platform":"truecoach","source_person_id":"s00061","display_name":"Synthetic 61","created_at":"2026-09-22T00:30:16.093Z","updated_at":"2026-09-22T00:30:30.655Z"},{"id":"616ea3f9-7314-4160-ad7c-764e85c86f54","state":"InvitePending","source_platform":"truecoach","source_person_id":"s00062","display_name":"Synthetic 62","created_at":"2026-09-22T00:30:16.095Z","updated_at":"2026-09-22T00:30:30.656Z"},{"id":"e39d4d88-3f76-4d3a-94c7-21aa1d9a14a4","state":"InvitePending","source_platform":"truecoach","source_person_id":"s00063","display_name":"Synthetic 63","created_at":"2026-09-22T00:30:16.096Z","updated_at":"2026-09-22T00:30:30.657Z"}],"page":{"limit":7,"next_cursor":"czAwMDYz","has_more":true}},"queries":8,"pid":534}

      161 |       if (code !== 0 || !result) { reject(new Error(`worker exited ${code}: ${output}`)); return; }
      162 |       // Query shapes, outcomes, fixture identifiers and process IDs only; never parameters.
    > 163 |       console.warn('PG17_PROCESS', JSON.stringify({ name, old, options: { ...options, cursor: options.cursor ? '<cursor>' : undefined },
          |               ^
      164 |         result: result.result, failure: result.failure, queries: result.queries.length, pid: result.pid }));
      165 |       resolveDone(result);
      166 |     };

      at settleWorker (test/utils/g2-pg17-harness.ts:163:15)
      at ChildProcess.<anonymous> (test/utils/g2-pg17-harness.ts:168:51)

  console.warn
    PG17_PROCESS {"name":"g2p17_27","old":true,"options":{"action":"entities","family":"workouts","limit":7},"result":{"intent_id":"intent","family":"workouts","entities":[],"page_count":0,"next_cursor":"eyJjIjoiY29hY2giLCJpIjoiaW50ZW50IiwiZiI6IndvcmtvdXRzIiwibyI6InNvdXJjZV9pZDphc2MiLCJzIjoiaDAwMDIwIn0"},"queries":6,"pid":551}

      161 |       if (code !== 0 || !result) { reject(new Error(`worker exited ${code}: ${output}`)); return; }
      162 |       // Query shapes, outcomes, fixture identifiers and process IDs only; never parameters.
    > 163 |       console.warn('PG17_PROCESS', JSON.stringify({ name, old, options: { ...options, cursor: options.cursor ? '<cursor>' : undefined },
          |               ^
      164 |         result: result.result, failure: result.failure, queries: result.queries.length, pid: result.pid }));
      165 |       resolveDone(result);
      166 |     };

      at settleWorker (test/utils/g2-pg17-harness.ts:163:15)
      at ChildProcess.<anonymous> (test/utils/g2-pg17-harness.ts:168:51)

  console.warn
    PG17_PROCESS {"name":"g2p17_28","old":true,"options":{"action":"entities","family":"workouts","cursor":"<cursor>","limit":7},"result":{"intent_id":"intent","family":"workouts","entities":[{"id":"e598f73e-9cfb-4e44-b3cf-b06b460791e0","source_platform":"truecoach","entity_type":"workouts","source_id":"w00001","client_source_id":"client-1","label":"Synthetic 1","created_at":"2026-09-22T00:30:29.625Z","updated_at":"2026-09-22T00:30:29.625Z"},{"id":"917bb482-f764-42b9-8261-e39bb2f77da5","source_platform":"truecoach","entity_type":"workouts","source_id":"w00002","client_source_id":"client-2","label":"Synthetic 2","created_at":"2026-09-22T00:30:29.628Z","updated_at":"2026-09-22T00:30:29.628Z"},{"id":"49123ae0-75da-49f8-aee1-a1aa94c9935a","source_platform":"truecoach","entity_type":"workouts","source_id":"w00003","client_source_id":"client-3","label":"Synthetic 3","created_at":"2026-09-22T00:30:29.631Z","updated_at":"2026-09-22T00:30:29.631Z"},{"id":"a845634c-084e-42d7-b68f-8399e542a48c","source_platform":"truecoach","entity_type":"workouts","source_id":"w00004","client_source_id":"client-4","label":"Synthetic 4","created_at":"2026-09-22T00:30:29.633Z","updated_at":"2026-09-22T00:30:29.633Z"},{"id":"72eed378-4eba-45ea-b4cc-3f12dbaf58ad","source_platform":"truecoach","entity_type":"workouts","source_id":"w00005","client_source_id":"client-5","label":"Synthetic 5","created_at":"2026-09-22T00:30:29.635Z","updated_at":"2026-09-22T00:30:29.635Z"},{"id":"df8abf02-4ca1-4272-93df-a5a105194bd2","source_platform":"truecoach","entity_type":"workouts","source_id":"w00006","client_source_id":"client-6","label":"Synthetic 6","created_at":"2026-09-22T00:30:29.637Z","updated_at":"2026-09-22T00:30:29.637Z"}],"page_count":6,"next_cursor":"eyJjIjoiY29hY2giLCJpIjoiaW50ZW50IiwiZiI6IndvcmtvdXRzIiwibyI6InNvdXJjZV9pZDphc2MiLCJzIjoidzAwMDA2In0"},"queries":6,"pid":568}

      161 |       if (code !== 0 || !result) { reject(new Error(`worker exited ${code}: ${output}`)); return; }
      162 |       // Query shapes, outcomes, fixture identifiers and process IDs only; never parameters.
    > 163 |       console.warn('PG17_PROCESS', JSON.stringify({ name, old, options: { ...options, cursor: options.cursor ? '<cursor>' : undefined },
          |               ^
      164 |         result: result.result, failure: result.failure, queries: result.queries.length, pid: result.pid }));
      165 |       resolveDone(result);
      166 |     };

      at settleWorker (test/utils/g2-pg17-harness.ts:163:15)
      at ChildProcess.<anonymous> (test/utils/g2-pg17-harness.ts:168:51)

  console.warn
    PG17_PROCESS {"name":"g2p17_29","old":true,"options":{"action":"entities","family":"workouts","cursor":"<cursor>","limit":7},"result":{"intent_id":"intent","family":"workouts","entities":[{"id":"9520a35b-fcab-42c0-ae29-f35edd414506","source_platform":"truecoach","entity_type":"workouts","source_id":"w00007","client_source_id":"client-7","label":"Synthetic 7","created_at":"2026-09-22T00:30:29.639Z","updated_at":"2026-09-22T00:30:29.639Z"},{"id":"76ee5959-f0a5-4808-bad2-916ac81d5334","source_platform":"truecoach","entity_type":"workouts","source_id":"w00008","client_source_id":"client-8","label":"Synthetic 8","created_at":"2026-09-22T00:30:29.640Z","updated_at":"2026-09-22T00:30:29.640Z"},{"id":"028abd65-988a-42e6-8ca9-1996861ae425","source_platform":"truecoach","entity_type":"workouts","source_id":"w00009","client_source_id":"client-9","label":"Synthetic 9","created_at":"2026-09-22T00:30:29.642Z","updated_at":"2026-09-22T00:30:29.642Z"},{"id":"df0ad603-b768-4c96-af06-fb3bbe5c7f82","source_platform":"truecoach","entity_type":"workouts","source_id":"w00010","client_source_id":"client-10","label":"Synthetic 10","created_at":"2026-09-22T00:30:29.644Z","updated_at":"2026-09-22T00:30:29.644Z"},{"id":"52dd2593-4794-48d8-922e-a60fe4722cc0","source_platform":"truecoach","entity_type":"workouts","source_id":"w00011","client_source_id":"client-11","label":"Synthetic 11","created_at":"2026-09-22T00:30:29.645Z","updated_at":"2026-09-22T00:30:29.645Z"},{"id":"d0e5b9a0-ca7f-4022-8e1a-0323fb7d12ce","source_platform":"truecoach","entity_type":"workouts","source_id":"w00012","client_source_id":"client-12","label":"Synthetic 12","created_at":"2026-09-22T00:30:29.649Z","updated_at":"2026-09-22T00:30:29.649Z"},{"id":"f5e37df2-a661-4ae4-a75d-39f987598caf","source_platform":"truecoach","entity_type":"workouts","source_id":"w00013","client_source_id":"client-13","label":"Synthetic 13","created_at":"2026-09-22T00:30:29.651Z","updated_at":"2026-09-22T00:30:29.651Z"}],"page_count":7,"next_cursor":"eyJjIjoiY29hY2giLCJpIjoiaW50ZW50IiwiZiI6IndvcmtvdXRzIiwibyI6InNvdXJjZV9pZDphc2MiLCJzIjoidzAwMDEzIn0"},"queries":6,"pid":584}

      161 |       if (code !== 0 || !result) { reject(new Error(`worker exited ${code}: ${output}`)); return; }
      162 |       // Query shapes, outcomes, fixture identifiers and process IDs only; never parameters.
    > 163 |       console.warn('PG17_PROCESS', JSON.stringify({ name, old, options: { ...options, cursor: options.cursor ? '<cursor>' : undefined },
          |               ^
      164 |         result: result.result, failure: result.failure, queries: result.queries.length, pid: result.pid }));
      165 |       resolveDone(result);
      166 |     };

      at settleWorker (test/utils/g2-pg17-harness.ts:163:15)
      at ChildProcess.<anonymous> (test/utils/g2-pg17-harness.ts:168:51)

  console.warn
    PG17_PROCESS {"name":"g2p17_30","old":true,"options":{"action":"entities","family":"workouts","cursor":"<cursor>","limit":7},"result":{"intent_id":"intent","family":"workouts","entities":[{"id":"1966a871-f571-41b0-9f37-169f0cf9e931","source_platform":"truecoach","entity_type":"workouts","source_id":"w00014","client_source_id":"client-14","label":"Synthetic 14","created_at":"2026-09-22T00:30:29.652Z","updated_at":"2026-09-22T00:30:29.652Z"},{"id":"df30ed7c-e964-4d73-855b-f09f8c9fb00d","source_platform":"truecoach","entity_type":"workouts","source_id":"w00015","client_source_id":"client-15","label":"Synthetic 15","created_at":"2026-09-22T00:30:29.654Z","updated_at":"2026-09-22T00:30:29.654Z"},{"id":"83a2af4e-354a-45be-a880-0ea0cfcd475d","source_platform":"truecoach","entity_type":"workouts","source_id":"w00016","client_source_id":"client-16","label":"Synthetic 16","created_at":"2026-09-22T00:30:29.656Z","updated_at":"2026-09-22T00:30:29.656Z"},{"id":"29805957-d062-424b-800f-735758d36a8b","source_platform":"truecoach","entity_type":"workouts","source_id":"w00017","client_source_id":"client-17","label":"Synthetic 17","created_at":"2026-09-22T00:30:29.657Z","updated_at":"2026-09-22T00:30:29.657Z"},{"id":"f04e438b-f162-443d-abad-31350db6655e","source_platform":"truecoach","entity_type":"workouts","source_id":"w00018","client_source_id":"client-18","label":"Synthetic 18","created_at":"2026-09-22T00:30:29.659Z","updated_at":"2026-09-22T00:30:29.659Z"},{"id":"62213585-ca40-4ed0-884e-013c8fbbac6a","source_platform":"truecoach","entity_type":"workouts","source_id":"w00019","client_source_id":"client-19","label":"Synthetic 19","created_at":"2026-09-22T00:30:29.660Z","updated_at":"2026-09-22T00:30:29.660Z"},{"id":"4b14d8fd-c783-4df0-a566-65a8b651e539","source_platform":"truecoach","entity_type":"workouts","source_id":"w00020","client_source_id":"client-20","label":"Synthetic 20","created_at":"2026-09-22T00:30:29.662Z","updated_at":"2026-09-22T00:30:29.662Z"}],"page_count":7,"next_cursor":"eyJjIjoiY29hY2giLCJpIjoiaW50ZW50IiwiZiI6IndvcmtvdXRzIiwibyI6InNvdXJjZV9pZDphc2MiLCJzIjoidzAwMDIwIn0"},"queries":6,"pid":601}

      161 |       if (code !== 0 || !result) { reject(new Error(`worker exited ${code}: ${output}`)); return; }
      162 |       // Query shapes, outcomes, fixture identifiers and process IDs only; never parameters.
    > 163 |       console.warn('PG17_PROCESS', JSON.stringify({ name, old, options: { ...options, cursor: options.cursor ? '<cursor>' : undefined },
          |               ^
      164 |         result: result.result, failure: result.failure, queries: result.queries.length, pid: result.pid }));
      165 |       resolveDone(result);
      166 |     };

      at settleWorker (test/utils/g2-pg17-harness.ts:163:15)
      at ChildProcess.<anonymous> (test/utils/g2-pg17-harness.ts:168:51)

  console.warn
    PG17_PROCESS {"name":"g2p17_31","old":true,"options":{"action":"entities","family":"workouts","cursor":"<cursor>","limit":7},"result":{"intent_id":"intent","family":"workouts","entities":[{"id":"5b27ee32-4fb7-4379-b13b-a5b2bacd056c","source_platform":"truecoach","entity_type":"workouts","source_id":"w00021","client_source_id":"client-21","label":"Synthetic 21","created_at":"2026-09-22T00:30:29.663Z","updated_at":"2026-09-22T00:30:29.663Z"},{"id":"e59077dd-c11b-40c7-b44d-75e1709d1d5c","source_platform":"truecoach","entity_type":"workouts","source_id":"w00022","client_source_id":"client-22","label":"Synthetic 22","created_at":"2026-09-22T00:30:29.665Z","updated_at":"2026-09-22T00:30:29.665Z"},{"id":"d79edaaa-83f9-4a0e-896f-12de930d8959","source_platform":"truecoach","entity_type":"workouts","source_id":"w00023","client_source_id":"client-23","label":"Synthetic 23","created_at":"2026-09-22T00:30:29.667Z","updated_at":"2026-09-22T00:30:29.667Z"},{"id":"0df9604e-a5ad-4e47-84fb-a75b8199f99c","source_platform":"truecoach","entity_type":"workouts","source_id":"w00024","client_source_id":"client-24","label":"Synthetic 24","created_at":"2026-09-22T00:30:29.668Z","updated_at":"2026-09-22T00:30:29.668Z"},{"id":"423e58bb-a38b-40f9-a69d-a31b28548dfc","source_platform":"truecoach","entity_type":"workouts","source_id":"w00025","client_source_id":"client-25","label":"Synthetic 25","created_at":"2026-09-22T00:30:29.670Z","updated_at":"2026-09-22T00:30:29.670Z"},{"id":"9f281dfe-4225-4f81-a289-2e8b4504cdc5","source_platform":"truecoach","entity_type":"workouts","source_id":"w00026","client_source_id":"client-26","label":"Synthetic 26","created_at":"2026-09-22T00:30:29.671Z","updated_at":"2026-09-22T00:30:29.671Z"},{"id":"5d813f82-83cb-410a-9a0d-5b81d81b7531","source_platform":"truecoach","entity_type":"workouts","source_id":"w00027","client_source_id":"client-27","label":"Synthetic 27","created_at":"2026-09-22T00:30:29.673Z","updated_at":"2026-09-22T00:30:29.673Z"}],"page_count":7,"next_cursor":"eyJjIjoiY29hY2giLCJpIjoiaW50ZW50IiwiZiI6IndvcmtvdXRzIiwibyI6InNvdXJjZV9pZDphc2MiLCJzIjoidzAwMDI3In0"},"queries":6,"pid":617}

      161 |       if (code !== 0 || !result) { reject(new Error(`worker exited ${code}: ${output}`)); return; }
      162 |       // Query shapes, outcomes, fixture identifiers and process IDs only; never parameters.
    > 163 |       console.warn('PG17_PROCESS', JSON.stringify({ name, old, options: { ...options, cursor: options.cursor ? '<cursor>' : undefined },
          |               ^
      164 |         result: result.result, failure: result.failure, queries: result.queries.length, pid: result.pid }));
      165 |       resolveDone(result);
      166 |     };

      at settleWorker (test/utils/g2-pg17-harness.ts:163:15)
      at ChildProcess.<anonymous> (test/utils/g2-pg17-harness.ts:168:51)

  console.warn
    PG17_PROCESS {"name":"g2p17_32","old":true,"options":{"action":"entities","family":"workouts","cursor":"<cursor>","limit":7},"result":{"intent_id":"intent","family":"workouts","entities":[{"id":"a153496d-004d-4441-83a7-13602541509d","source_platform":"truecoach","entity_type":"workouts","source_id":"w00028","client_source_id":"client-28","label":"Synthetic 28","created_at":"2026-09-22T00:30:29.674Z","updated_at":"2026-09-22T00:30:29.674Z"},{"id":"278b180d-edfe-4042-859b-53711111caa5","source_platform":"truecoach","entity_type":"workouts","source_id":"w00029","client_source_id":"client-29","label":"Synthetic 29","created_at":"2026-09-22T00:30:29.676Z","updated_at":"2026-09-22T00:30:29.676Z"},{"id":"d28aa21e-2cf8-4e8a-9acf-0b6e1ea8b86f","source_platform":"truecoach","entity_type":"workouts","source_id":"w00030","client_source_id":"client-30","label":"Synthetic 30","created_at":"2026-09-22T00:30:29.677Z","updated_at":"2026-09-22T00:30:29.677Z"}],"page_count":3,"next_cursor":null},"queries":6,"pid":633}

      161 |       if (code !== 0 || !result) { reject(new Error(`worker exited ${code}: ${output}`)); return; }
      162 |       // Query shapes, outcomes, fixture identifiers and process IDs only; never parameters.
    > 163 |       console.warn('PG17_PROCESS', JSON.stringify({ name, old, options: { ...options, cursor: options.cursor ? '<cursor>' : undefined },
          |               ^
      164 |         result: result.result, failure: result.failure, queries: result.queries.length, pid: result.pid }));
      165 |       resolveDone(result);
      166 |     };

      at settleWorker (test/utils/g2-pg17-harness.ts:163:15)
      at ChildProcess.<anonymous> (test/utils/g2-pg17-harness.ts:168:51)

  console.warn
    PG17_PROCESS {"name":"g2p17_33","old":false,"options":{},"result":{"intent_id":"intent","staged":1050,"reconstructed":1040,"skipped":0,"failed":10},"queries":8426,"pid":925}

      161 |       if (code !== 0 || !result) { reject(new Error(`worker exited ${code}: ${output}`)); return; }
      162 |       // Query shapes, outcomes, fixture identifiers and process IDs only; never parameters.
    > 163 |       console.warn('PG17_PROCESS', JSON.stringify({ name, old, options: { ...options, cursor: options.cursor ? '<cursor>' : undefined },
          |               ^
      164 |         result: result.result, failure: result.failure, queries: result.queries.length, pid: result.pid }));
      165 |       resolveDone(result);
      166 |     };

      at settleWorker (test/utils/g2-pg17-harness.ts:163:15)
      at ChildProcess.<anonymous> (test/utils/g2-pg17-harness.ts:168:51)

  console.warn
    PG17_PROCESS {"name":"g2p17_34","old":false,"options":{},"result":{"intent_id":"intent","staged":1050,"reconstructed":1040,"skipped":0,"failed":10},"queries":8426,"pid":975}

      161 |       if (code !== 0 || !result) { reject(new Error(`worker exited ${code}: ${output}`)); return; }
      162 |       // Query shapes, outcomes, fixture identifiers and process IDs only; never parameters.
    > 163 |       console.warn('PG17_PROCESS', JSON.stringify({ name, old, options: { ...options, cursor: options.cursor ? '<cursor>' : undefined },
          |               ^
      164 |         result: result.result, failure: result.failure, queries: result.queries.length, pid: result.pid }));
      165 |       resolveDone(result);
      166 |     };

      at settleWorker (test/utils/g2-pg17-harness.ts:163:15)
      at ChildProcess.<anonymous> (test/utils/g2-pg17-harness.ts:168:51)

  console.warn
    PG17_PROCESS {"name":"g2p17_35","old":false,"options":{},"result":{"intent_id":"intent","staged":1,"reconstructed":1,"skipped":0,"failed":0},"queries":12,"pid":1051}

      161 |       if (code !== 0 || !result) { reject(new Error(`worker exited ${code}: ${output}`)); return; }
      162 |       // Query shapes, outcomes, fixture identifiers and process IDs only; never parameters.
    > 163 |       console.warn('PG17_PROCESS', JSON.stringify({ name, old, options: { ...options, cursor: options.cursor ? '<cursor>' : undefined },
          |               ^
      164 |         result: result.result, failure: result.failure, queries: result.queries.length, pid: result.pid }));
      165 |       resolveDone(result);
      166 |     };

      at settleWorker (test/utils/g2-pg17-harness.ts:163:15)
      at ChildProcess.<anonymous> (test/utils/g2-pg17-harness.ts:168:51)

  console.warn
    PG17_PROCESS {"name":"g2p17_36","old":false,"options":{"coach":"other"},"result":{"intent_id":"intent","staged":0,"reconstructed":1,"skipped":0,"failed":0},"queries":3,"pid":1071}

      161 |       if (code !== 0 || !result) { reject(new Error(`worker exited ${code}: ${output}`)); return; }
      162 |       // Query shapes, outcomes, fixture identifiers and process IDs only; never parameters.
    > 163 |       console.warn('PG17_PROCESS', JSON.stringify({ name, old, options: { ...options, cursor: options.cursor ? '<cursor>' : undefined },
          |               ^
      164 |         result: result.result, failure: result.failure, queries: result.queries.length, pid: result.pid }));
      165 |       resolveDone(result);
      166 |     };

      at settleWorker (test/utils/g2-pg17-harness.ts:163:15)
      at ChildProcess.<anonymous> (test/utils/g2-pg17-harness.ts:168:51)

  console.warn
    PG17_PROCESS {"name":"g2p17_37","old":false,"options":{},"result":{"intent_id":"intent","staged":4,"reconstructed":2,"skipped":1,"failed":1},"queries":37,"pid":1101}

      161 |       if (code !== 0 || !result) { reject(new Error(`worker exited ${code}: ${output}`)); return; }
      162 |       // Query shapes, outcomes, fixture identifiers and process IDs only; never parameters.
    > 163 |       console.warn('PG17_PROCESS', JSON.stringify({ name, old, options: { ...options, cursor: options.cursor ? '<cursor>' : undefined },
          |               ^
      164 |         result: result.result, failure: result.failure, queries: result.queries.length, pid: result.pid }));
      165 |       resolveDone(result);
      166 |     };

      at settleWorker (test/utils/g2-pg17-harness.ts:163:15)
      at ChildProcess.<anonymous> (test/utils/g2-pg17-harness.ts:168:51)

  console.warn
    PG17_PROCESS {"name":"g2p17_38","old":false,"options":{},"result":{"intent_id":"intent","staged":4,"reconstructed":2,"skipped":1,"failed":1},"queries":37,"pid":1120}

      161 |       if (code !== 0 || !result) { reject(new Error(`worker exited ${code}: ${output}`)); return; }
      162 |       // Query shapes, outcomes, fixture identifiers and process IDs only; never parameters.
    > 163 |       console.warn('PG17_PROCESS', JSON.stringify({ name, old, options: { ...options, cursor: options.cursor ? '<cursor>' : undefined },
          |               ^
      164 |         result: result.result, failure: result.failure, queries: result.queries.length, pid: result.pid }));
      165 |       resolveDone(result);
      166 |     };

      at settleWorker (test/utils/g2-pg17-harness.ts:163:15)
      at ChildProcess.<anonymous> (test/utils/g2-pg17-harness.ts:168:51)

  console.warn
    PG17_PROCESS {"name":"g2p17_39","old":false,"options":{},"result":{"intent_id":"intent","staged":1,"reconstructed":1,"skipped":0,"failed":0},"queries":12,"pid":1146}

      161 |       if (code !== 0 || !result) { reject(new Error(`worker exited ${code}: ${output}`)); return; }
      162 |       // Query shapes, outcomes, fixture identifiers and process IDs only; never parameters.
    > 163 |       console.warn('PG17_PROCESS', JSON.stringify({ name, old, options: { ...options, cursor: options.cursor ? '<cursor>' : undefined },
          |               ^
      164 |         result: result.result, failure: result.failure, queries: result.queries.length, pid: result.pid }));
      165 |       resolveDone(result);
      166 |     };

      at settleWorker (test/utils/g2-pg17-harness.ts:163:15)
      at ChildProcess.<anonymous> (test/utils/g2-pg17-harness.ts:168:51)

  console.warn
    PG17_PROCESS {"name":"g2p17_40","old":false,"options":{"mapper":"skip"},"result":{"intent_id":"intent","staged":1,"reconstructed":0,"skipped":1,"failed":0},"queries":11,"pid":1173}

      161 |       if (code !== 0 || !result) { reject(new Error(`worker exited ${code}: ${output}`)); return; }
      162 |       // Query shapes, outcomes, fixture identifiers and process IDs only; never parameters.
    > 163 |       console.warn('PG17_PROCESS', JSON.stringify({ name, old, options: { ...options, cursor: options.cursor ? '<cursor>' : undefined },
          |               ^
      164 |         result: result.result, failure: result.failure, queries: result.queries.length, pid: result.pid }));
      165 |       resolveDone(result);
      166 |     };

      at settleWorker (test/utils/g2-pg17-harness.ts:163:15)
      at ChildProcess.<anonymous> (test/utils/g2-pg17-harness.ts:168:51)

  console.warn
    PG17_PROCESS {"name":"g2p17_41","old":false,"options":{},"result":{"intent_id":"intent","staged":1,"reconstructed":0,"skipped":0,"failed":1},"queries":14,"pid":1211}

      161 |       if (code !== 0 || !result) { reject(new Error(`worker exited ${code}: ${output}`)); return; }
      162 |       // Query shapes, outcomes, fixture identifiers and process IDs only; never parameters.
    > 163 |       console.warn('PG17_PROCESS', JSON.stringify({ name, old, options: { ...options, cursor: options.cursor ? '<cursor>' : undefined },
          |               ^
      164 |         result: result.result, failure: result.failure, queries: result.queries.length, pid: result.pid }));
      165 |       resolveDone(result);
      166 |     };

      at settleWorker (test/utils/g2-pg17-harness.ts:163:15)
      at ChildProcess.<anonymous> (test/utils/g2-pg17-harness.ts:168:51)

  console.warn
    PG17_PROCESS {"name":"g2p17_42","old":false,"options":{"family":"clients"},"failure":{"status":409,"message":"reconstruction provenance conflict"},"queries":10,"pid":1241}

      161 |       if (code !== 0 || !result) { reject(new Error(`worker exited ${code}: ${output}`)); return; }
      162 |       // Query shapes, outcomes, fixture identifiers and process IDs only; never parameters.
    > 163 |       console.warn('PG17_PROCESS', JSON.stringify({ name, old, options: { ...options, cursor: options.cursor ? '<cursor>' : undefined },
          |               ^
      164 |         result: result.result, failure: result.failure, queries: result.queries.length, pid: result.pid }));
      165 |       resolveDone(result);
      166 |     };

      at settleWorker (test/utils/g2-pg17-harness.ts:163:15)
      at ChildProcess.<anonymous> (test/utils/g2-pg17-harness.ts:168:51)

  console.warn
    PG17_PROCESS {"name":"g2p17_43","old":false,"options":{"family":"clients"},"result":{"intent_id":"intent","staged":1,"reconstructed":1,"skipped":0,"failed":0},"queries":12,"pid":1263}

      161 |       if (code !== 0 || !result) { reject(new Error(`worker exited ${code}: ${output}`)); return; }
      162 |       // Query shapes, outcomes, fixture identifiers and process IDs only; never parameters.
    > 163 |       console.warn('PG17_PROCESS', JSON.stringify({ name, old, options: { ...options, cursor: options.cursor ? '<cursor>' : undefined },
          |               ^
      164 |         result: result.result, failure: result.failure, queries: result.queries.length, pid: result.pid }));
      165 |       resolveDone(result);
      166 |     };

      at settleWorker (test/utils/g2-pg17-harness.ts:163:15)
      at ChildProcess.<anonymous> (test/utils/g2-pg17-harness.ts:168:51)

  console.warn
    PG17_PROCESS {"name":"g2p17_44","old":false,"options":{"family":"clients"},"failure":{"status":409,"message":"reconstruction provenance conflict"},"queries":10,"pid":1285}

      161 |       if (code !== 0 || !result) { reject(new Error(`worker exited ${code}: ${output}`)); return; }
      162 |       // Query shapes, outcomes, fixture identifiers and process IDs only; never parameters.
    > 163 |       console.warn('PG17_PROCESS', JSON.stringify({ name, old, options: { ...options, cursor: options.cursor ? '<cursor>' : undefined },
          |               ^
      164 |         result: result.result, failure: result.failure, queries: result.queries.length, pid: result.pid }));
      165 |       resolveDone(result);
      166 |     };

      at settleWorker (test/utils/g2-pg17-harness.ts:163:15)
      at ChildProcess.<anonymous> (test/utils/g2-pg17-harness.ts:168:51)

  console.warn
    PG17_PROCESS {"name":"g2p17_45","old":false,"options":{"family":"workouts"},"failure":{"status":409,"message":"reconstruction provenance conflict"},"queries":10,"pid":1318}

      161 |       if (code !== 0 || !result) { reject(new Error(`worker exited ${code}: ${output}`)); return; }
      162 |       // Query shapes, outcomes, fixture identifiers and process IDs only; never parameters.
    > 163 |       console.warn('PG17_PROCESS', JSON.stringify({ name, old, options: { ...options, cursor: options.cursor ? '<cursor>' : undefined },
          |               ^
      164 |         result: result.result, failure: result.failure, queries: result.queries.length, pid: result.pid }));
      165 |       resolveDone(result);
      166 |     };

      at settleWorker (test/utils/g2-pg17-harness.ts:163:15)
      at ChildProcess.<anonymous> (test/utils/g2-pg17-harness.ts:168:51)

  console.warn
    PG17_PROCESS {"name":"g2p17_46","old":false,"options":{"family":"workouts"},"result":{"intent_id":"intent","staged":1,"reconstructed":1,"skipped":0,"failed":0},"queries":12,"pid":1377}

      161 |       if (code !== 0 || !result) { reject(new Error(`worker exited ${code}: ${output}`)); return; }
      162 |       // Query shapes, outcomes, fixture identifiers and process IDs only; never parameters.
    > 163 |       console.warn('PG17_PROCESS', JSON.stringify({ name, old, options: { ...options, cursor: options.cursor ? '<cursor>' : undefined },
          |               ^
      164 |         result: result.result, failure: result.failure, queries: result.queries.length, pid: result.pid }));
      165 |       resolveDone(result);
      166 |     };

      at settleWorker (test/utils/g2-pg17-harness.ts:163:15)
      at ChildProcess.<anonymous> (test/utils/g2-pg17-harness.ts:168:51)

  console.warn
    PG17_PROCESS {"name":"g2p17_47","old":false,"options":{"family":"workouts"},"failure":{"status":409,"message":"reconstruction provenance conflict"},"queries":10,"pid":1399}

      161 |       if (code !== 0 || !result) { reject(new Error(`worker exited ${code}: ${output}`)); return; }
      162 |       // Query shapes, outcomes, fixture identifiers and process IDs only; never parameters.
    > 163 |       console.warn('PG17_PROCESS', JSON.stringify({ name, old, options: { ...options, cursor: options.cursor ? '<cursor>' : undefined },
          |               ^
      164 |         result: result.result, failure: result.failure, queries: result.queries.length, pid: result.pid }));
      165 |       resolveDone(result);
      166 |     };

      at settleWorker (test/utils/g2-pg17-harness.ts:163:15)
      at ChildProcess.<anonymous> (test/utils/g2-pg17-harness.ts:168:51)

  console.warn
    PG17_PROCESS {"name":"g2p17_48","old":false,"options":{},"failure":{"status":409,"message":"reconstruction provenance conflict"},"queries":26,"pid":1433}

      161 |       if (code !== 0 || !result) { reject(new Error(`worker exited ${code}: ${output}`)); return; }
      162 |       // Query shapes, outcomes, fixture identifiers and process IDs only; never parameters.
    > 163 |       console.warn('PG17_PROCESS', JSON.stringify({ name, old, options: { ...options, cursor: options.cursor ? '<cursor>' : undefined },
          |               ^
      164 |         result: result.result, failure: result.failure, queries: result.queries.length, pid: result.pid }));
      165 |       resolveDone(result);
      166 |     };

      at settleWorker (test/utils/g2-pg17-harness.ts:163:15)
      at ChildProcess.<anonymous> (test/utils/g2-pg17-harness.ts:168:51)

  console.warn
    PG17_PROCESS {"name":"g2p17_49","old":false,"options":{},"result":{"intent_id":"intent","staged":4,"reconstructed":4,"skipped":0,"failed":0},"queries":36,"pid":1455}

      161 |       if (code !== 0 || !result) { reject(new Error(`worker exited ${code}: ${output}`)); return; }
      162 |       // Query shapes, outcomes, fixture identifiers and process IDs only; never parameters.
    > 163 |       console.warn('PG17_PROCESS', JSON.stringify({ name, old, options: { ...options, cursor: options.cursor ? '<cursor>' : undefined },
          |               ^
      164 |         result: result.result, failure: result.failure, queries: result.queries.length, pid: result.pid }));
      165 |       resolveDone(result);
      166 |     };

      at settleWorker (test/utils/g2-pg17-harness.ts:163:15)
      at ChildProcess.<anonymous> (test/utils/g2-pg17-harness.ts:168:51)

  console.warn
    PG17_PROCESS {"name":"g2p17_50","old":false,"options":{},"result":{"intent_id":"intent","staged":1,"reconstructed":1,"skipped":0,"failed":0},"queries":12,"pid":1479}

      161 |       if (code !== 0 || !result) { reject(new Error(`worker exited ${code}: ${output}`)); return; }
      162 |       // Query shapes, outcomes, fixture identifiers and process IDs only; never parameters.
    > 163 |       console.warn('PG17_PROCESS', JSON.stringify({ name, old, options: { ...options, cursor: options.cursor ? '<cursor>' : undefined },
          |               ^
      164 |         result: result.result, failure: result.failure, queries: result.queries.length, pid: result.pid }));
      165 |       resolveDone(result);
      166 |     };

      at settleWorker (test/utils/g2-pg17-harness.ts:163:15)
      at ChildProcess.<anonymous> (test/utils/g2-pg17-harness.ts:168:51)

  console.warn
    PG17_PROCESS {"name":"g2p17_51","old":false,"options":{"mapper":"skip"},"result":{"intent_id":"intent","staged":1,"reconstructed":1,"skipped":0,"failed":0},"queries":11,"pid":1499}

      161 |       if (code !== 0 || !result) { reject(new Error(`worker exited ${code}: ${output}`)); return; }
      162 |       // Query shapes, outcomes, fixture identifiers and process IDs only; never parameters.
    > 163 |       console.warn('PG17_PROCESS', JSON.stringify({ name, old, options: { ...options, cursor: options.cursor ? '<cursor>' : undefined },
          |               ^
      164 |         result: result.result, failure: result.failure, queries: result.queries.length, pid: result.pid }));
      165 |       resolveDone(result);
      166 |     };

      at settleWorker (test/utils/g2-pg17-harness.ts:163:15)
      at ChildProcess.<anonymous> (test/utils/g2-pg17-harness.ts:168:51)

  console.warn
    PG17_PROCESS {"name":"g2p17_52","old":false,"options":{"mapper":"skip"},"failure":{"status":409,"message":"reconstruction provenance conflict"},"queries":9,"pid":1521}

      161 |       if (code !== 0 || !result) { reject(new Error(`worker exited ${code}: ${output}`)); return; }
      162 |       // Query shapes, outcomes, fixture identifiers and process IDs only; never parameters.
    > 163 |       console.warn('PG17_PROCESS', JSON.stringify({ name, old, options: { ...options, cursor: options.cursor ? '<cursor>' : undefined },
          |               ^
      164 |         result: result.result, failure: result.failure, queries: result.queries.length, pid: result.pid }));
      165 |       resolveDone(result);
      166 |     };

      at settleWorker (test/utils/g2-pg17-harness.ts:163:15)
      at ChildProcess.<anonymous> (test/utils/g2-pg17-harness.ts:168:51)

  console.warn
    PG17_PROCESS {"name":"g2p17_53","old":false,"options":{},"result":{"intent_id":"intent","staged":1,"reconstructed":1,"skipped":0,"failed":0},"queries":12,"pid":1546}

      161 |       if (code !== 0 || !result) { reject(new Error(`worker exited ${code}: ${output}`)); return; }
      162 |       // Query shapes, outcomes, fixture identifiers and process IDs only; never parameters.
    > 163 |       console.warn('PG17_PROCESS', JSON.stringify({ name, old, options: { ...options, cursor: options.cursor ? '<cursor>' : undefined },
          |               ^
      164 |         result: result.result, failure: result.failure, queries: result.queries.length, pid: result.pid }));
      165 |       resolveDone(result);
      166 |     };

      at settleWorker (test/utils/g2-pg17-harness.ts:163:15)
      at ChildProcess.<anonymous> (test/utils/g2-pg17-harness.ts:168:51)

  console.warn
    PG17_PROCESS {"name":"g2p17_54","old":false,"options":{"mapper":"throw"},"result":{"intent_id":"intent","staged":1,"reconstructed":1,"skipped":0,"failed":0},"queries":11,"pid":1567}

      161 |       if (code !== 0 || !result) { reject(new Error(`worker exited ${code}: ${output}`)); return; }
      162 |       // Query shapes, outcomes, fixture identifiers and process IDs only; never parameters.
    > 163 |       console.warn('PG17_PROCESS', JSON.stringify({ name, old, options: { ...options, cursor: options.cursor ? '<cursor>' : undefined },
          |               ^
      164 |         result: result.result, failure: result.failure, queries: result.queries.length, pid: result.pid }));
      165 |       resolveDone(result);
      166 |     };

      at settleWorker (test/utils/g2-pg17-harness.ts:163:15)
      at ChildProcess.<anonymous> (test/utils/g2-pg17-harness.ts:168:51)

  console.warn
    PG17_PROCESS {"name":"g2p17_55","old":false,"options":{"mapper":"throw"},"failure":{"status":409,"message":"reconstruction provenance conflict"},"queries":9,"pid":1589}

      161 |       if (code !== 0 || !result) { reject(new Error(`worker exited ${code}: ${output}`)); return; }
      162 |       // Query shapes, outcomes, fixture identifiers and process IDs only; never parameters.
    > 163 |       console.warn('PG17_PROCESS', JSON.stringify({ name, old, options: { ...options, cursor: options.cursor ? '<cursor>' : undefined },
          |               ^
      164 |         result: result.result, failure: result.failure, queries: result.queries.length, pid: result.pid }));
      165 |       resolveDone(result);
      166 |     };

      at settleWorker (test/utils/g2-pg17-harness.ts:163:15)
      at ChildProcess.<anonymous> (test/utils/g2-pg17-harness.ts:168:51)

  console.warn
    PG17_PROCESS {"name":"g2p17_56","old":false,"options":{},"result":{"intent_id":"intent","staged":1,"reconstructed":1,"skipped":0,"failed":0},"queries":12,"pid":1613}

      161 |       if (code !== 0 || !result) { reject(new Error(`worker exited ${code}: ${output}`)); return; }
      162 |       // Query shapes, outcomes, fixture identifiers and process IDs only; never parameters.
    > 163 |       console.warn('PG17_PROCESS', JSON.stringify({ name, old, options: { ...options, cursor: options.cursor ? '<cursor>' : undefined },
          |               ^
      164 |         result: result.result, failure: result.failure, queries: result.queries.length, pid: result.pid }));
      165 |       resolveDone(result);
      166 |     };

      at settleWorker (test/utils/g2-pg17-harness.ts:163:15)
      at ChildProcess.<anonymous> (test/utils/g2-pg17-harness.ts:168:51)

  console.warn
    PG17_PROCESS {"name":"g2p17_57","old":false,"options":{},"result":{"intent_id":"intent","staged":1,"reconstructed":1,"skipped":0,"failed":0},"queries":14,"pid":1635}

      161 |       if (code !== 0 || !result) { reject(new Error(`worker exited ${code}: ${output}`)); return; }
      162 |       // Query shapes, outcomes, fixture identifiers and process IDs only; never parameters.
    > 163 |       console.warn('PG17_PROCESS', JSON.stringify({ name, old, options: { ...options, cursor: options.cursor ? '<cursor>' : undefined },
          |               ^
      164 |         result: result.result, failure: result.failure, queries: result.queries.length, pid: result.pid }));
      165 |       resolveDone(result);
      166 |     };

      at settleWorker (test/utils/g2-pg17-harness.ts:163:15)
      at ChildProcess.<anonymous> (test/utils/g2-pg17-harness.ts:168:51)

  console.warn
    PG17_PROCESS {"name":"g2p17_58","old":false,"options":{},"failure":{"status":409,"message":"reconstruction provenance conflict"},"queries":12,"pid":1657}

      161 |       if (code !== 0 || !result) { reject(new Error(`worker exited ${code}: ${output}`)); return; }
      162 |       // Query shapes, outcomes, fixture identifiers and process IDs only; never parameters.
    > 163 |       console.warn('PG17_PROCESS', JSON.stringify({ name, old, options: { ...options, cursor: options.cursor ? '<cursor>' : undefined },
          |               ^
      164 |         result: result.result, failure: result.failure, queries: result.queries.length, pid: result.pid }));
      165 |       resolveDone(result);
      166 |     };

      at settleWorker (test/utils/g2-pg17-harness.ts:163:15)
      at ChildProcess.<anonymous> (test/utils/g2-pg17-harness.ts:168:51)

  console.warn
    PG17_PROCESS {"name":"g2p17_59","old":false,"options":{},"failure":{"status":409,"message":"reconstruction provenance conflict"},"queries":3,"pid":1681}

      161 |       if (code !== 0 || !result) { reject(new Error(`worker exited ${code}: ${output}`)); return; }
      162 |       // Query shapes, outcomes, fixture identifiers and process IDs only; never parameters.
    > 163 |       console.warn('PG17_PROCESS', JSON.stringify({ name, old, options: { ...options, cursor: options.cursor ? '<cursor>' : undefined },
          |               ^
      164 |         result: result.result, failure: result.failure, queries: result.queries.length, pid: result.pid }));
      165 |       resolveDone(result);
      166 |     };

      at settleWorker (test/utils/g2-pg17-harness.ts:163:15)
      at ChildProcess.<anonymous> (test/utils/g2-pg17-harness.ts:168:51)

  console.warn
    PG17_PROCESS {"name":"g2p17_60","old":false,"options":{},"result":{"intent_id":"intent","staged":1,"reconstructed":1,"skipped":0,"failed":0},"queries":12,"pid":1725}

      161 |       if (code !== 0 || !result) { reject(new Error(`worker exited ${code}: ${output}`)); return; }
      162 |       // Query shapes, outcomes, fixture identifiers and process IDs only; never parameters.
    > 163 |       console.warn('PG17_PROCESS', JSON.stringify({ name, old, options: { ...options, cursor: options.cursor ? '<cursor>' : undefined },
          |               ^
      164 |         result: result.result, failure: result.failure, queries: result.queries.length, pid: result.pid }));
      165 |       resolveDone(result);
      166 |     };

      at settleWorker (test/utils/g2-pg17-harness.ts:163:15)
      at ChildProcess.<anonymous> (test/utils/g2-pg17-harness.ts:168:51)

  console.warn
    PG17_PROCESS {"name":"g2p17_61","old":false,"options":{},"failure":{"status":409,"message":"reconstruction provenance conflict"},"queries":3,"pid":1747}

      161 |       if (code !== 0 || !result) { reject(new Error(`worker exited ${code}: ${output}`)); return; }
      162 |       // Query shapes, outcomes, fixture identifiers and process IDs only; never parameters.
    > 163 |       console.warn('PG17_PROCESS', JSON.stringify({ name, old, options: { ...options, cursor: options.cursor ? '<cursor>' : undefined },
          |               ^
      164 |         result: result.result, failure: result.failure, queries: result.queries.length, pid: result.pid }));
      165 |       resolveDone(result);
      166 |     };

      at settleWorker (test/utils/g2-pg17-harness.ts:163:15)
      at ChildProcess.<anonymous> (test/utils/g2-pg17-harness.ts:168:51)

  console.warn
    PG17_PROCESS {"name":"g2p17_62","old":false,"options":{},"failure":{"status":409,"message":"reconstruction provenance conflict"},"queries":3,"pid":1782}

      161 |       if (code !== 0 || !result) { reject(new Error(`worker exited ${code}: ${output}`)); return; }
      162 |       // Query shapes, outcomes, fixture identifiers and process IDs only; never parameters.
    > 163 |       console.warn('PG17_PROCESS', JSON.stringify({ name, old, options: { ...options, cursor: options.cursor ? '<cursor>' : undefined },
          |               ^
      164 |         result: result.result, failure: result.failure, queries: result.queries.length, pid: result.pid }));
      165 |       resolveDone(result);
      166 |     };

      at settleWorker (test/utils/g2-pg17-harness.ts:163:15)
      at ChildProcess.<anonymous> (test/utils/g2-pg17-harness.ts:168:51)

  console.warn
    PG17_PROCESS {"name":"g2p17_63","old":false,"options":{},"failure":{"status":409,"message":"reconstruction provenance conflict"},"queries":3,"pid":1809}

      161 |       if (code !== 0 || !result) { reject(new Error(`worker exited ${code}: ${output}`)); return; }
      162 |       // Query shapes, outcomes, fixture identifiers and process IDs only; never parameters.
    > 163 |       console.warn('PG17_PROCESS', JSON.stringify({ name, old, options: { ...options, cursor: options.cursor ? '<cursor>' : undefined },
          |               ^
      164 |         result: result.result, failure: result.failure, queries: result.queries.length, pid: result.pid }));
      165 |       resolveDone(result);
      166 |     };

      at settleWorker (test/utils/g2-pg17-harness.ts:163:15)
      at ChildProcess.<anonymous> (test/utils/g2-pg17-harness.ts:168:51)

  console.warn
    PG17_PROCESS {"name":"g2p17_64","old":false,"options":{},"failure":{"status":409,"message":"reconstruction provenance conflict"},"queries":3,"pid":1831}

      161 |       if (code !== 0 || !result) { reject(new Error(`worker exited ${code}: ${output}`)); return; }
      162 |       // Query shapes, outcomes, fixture identifiers and process IDs only; never parameters.
    > 163 |       console.warn('PG17_PROCESS', JSON.stringify({ name, old, options: { ...options, cursor: options.cursor ? '<cursor>' : undefined },
          |               ^
      164 |         result: result.result, failure: result.failure, queries: result.queries.length, pid: result.pid }));
      165 |       resolveDone(result);
      166 |     };

      at settleWorker (test/utils/g2-pg17-harness.ts:163:15)
      at ChildProcess.<anonymous> (test/utils/g2-pg17-harness.ts:168:51)

  console.warn
    PG17_PROCESS {"name":"g2p17_65","old":false,"options":{},"failure":{"status":409,"message":"reconstruction provenance conflict"},"queries":3,"pid":1853}

      161 |       if (code !== 0 || !result) { reject(new Error(`worker exited ${code}: ${output}`)); return; }
      162 |       // Query shapes, outcomes, fixture identifiers and process IDs only; never parameters.
    > 163 |       console.warn('PG17_PROCESS', JSON.stringify({ name, old, options: { ...options, cursor: options.cursor ? '<cursor>' : undefined },
          |               ^
      164 |         result: result.result, failure: result.failure, queries: result.queries.length, pid: result.pid }));
      165 |       resolveDone(result);
      166 |     };

      at settleWorker (test/utils/g2-pg17-harness.ts:163:15)
      at ChildProcess.<anonymous> (test/utils/g2-pg17-harness.ts:168:51)

  console.warn
    PG17_PROCESS {"name":"g2p17_66","old":false,"options":{},"result":{"intent_id":"intent","staged":1,"reconstructed":1,"skipped":0,"failed":0},"queries":12,"pid":1887}

      161 |       if (code !== 0 || !result) { reject(new Error(`worker exited ${code}: ${output}`)); return; }
      162 |       // Query shapes, outcomes, fixture identifiers and process IDs only; never parameters.
    > 163 |       console.warn('PG17_PROCESS', JSON.stringify({ name, old, options: { ...options, cursor: options.cursor ? '<cursor>' : undefined },
          |               ^
      164 |         result: result.result, failure: result.failure, queries: result.queries.length, pid: result.pid }));
      165 |       resolveDone(result);
      166 |     };

      at settleWorker (test/utils/g2-pg17-harness.ts:163:15)
      at ChildProcess.<anonymous> (test/utils/g2-pg17-harness.ts:168:51)

  console.warn
    PG17_PROCESS {"name":"g2p17_67","old":false,"options":{"intent":"i2"},"result":{"intent_id":"i2","staged":1,"reconstructed":1,"skipped":0,"failed":0},"queries":12,"pid":1903}

      161 |       if (code !== 0 || !result) { reject(new Error(`worker exited ${code}: ${output}`)); return; }
      162 |       // Query shapes, outcomes, fixture identifiers and process IDs only; never parameters.
    > 163 |       console.warn('PG17_PROCESS', JSON.stringify({ name, old, options: { ...options, cursor: options.cursor ? '<cursor>' : undefined },
          |               ^
      164 |         result: result.result, failure: result.failure, queries: result.queries.length, pid: result.pid }));
      165 |       resolveDone(result);
      166 |     };

      at settleWorker (test/utils/g2-pg17-harness.ts:163:15)
      at ChildProcess.<anonymous> (test/utils/g2-pg17-harness.ts:168:51)

  console.warn
    PG17_PROCESS {"name":"g2p17_68","old":false,"options":{"intent":"i3"},"result":{"intent_id":"i3","staged":1,"reconstructed":1,"skipped":0,"failed":0},"queries":12,"pid":1919}

      161 |       if (code !== 0 || !result) { reject(new Error(`worker exited ${code}: ${output}`)); return; }
      162 |       // Query shapes, outcomes, fixture identifiers and process IDs only; never parameters.
    > 163 |       console.warn('PG17_PROCESS', JSON.stringify({ name, old, options: { ...options, cursor: options.cursor ? '<cursor>' : undefined },
          |               ^
      164 |         result: result.result, failure: result.failure, queries: result.queries.length, pid: result.pid }));
      165 |       resolveDone(result);
      166 |     };

      at settleWorker (test/utils/g2-pg17-harness.ts:163:15)
      at ChildProcess.<anonymous> (test/utils/g2-pg17-harness.ts:168:51)

  console.warn
    PG17_PROCESS {"name":"g2p17_69","old":false,"options":{"coach":"other"},"result":{"intent_id":"intent","staged":1,"reconstructed":1,"skipped":0,"failed":0},"queries":12,"pid":1966}

      161 |       if (code !== 0 || !result) { reject(new Error(`worker exited ${code}: ${output}`)); return; }
      162 |       // Query shapes, outcomes, fixture identifiers and process IDs only; never parameters.
    > 163 |       console.warn('PG17_PROCESS', JSON.stringify({ name, old, options: { ...options, cursor: options.cursor ? '<cursor>' : undefined },
          |               ^
      164 |         result: result.result, failure: result.failure, queries: result.queries.length, pid: result.pid }));
      165 |       resolveDone(result);
      166 |     };

      at settleWorker (test/utils/g2-pg17-harness.ts:163:15)
      at ChildProcess.<anonymous> (test/utils/g2-pg17-harness.ts:168:51)

  console.warn
    PG17_PROCESS {"name":"g2p17_70","old":false,"options":{},"result":{"intent_id":"intent","staged":1,"reconstructed":1,"skipped":0,"failed":0},"queries":12,"pid":1994}

      161 |       if (code !== 0 || !result) { reject(new Error(`worker exited ${code}: ${output}`)); return; }
      162 |       // Query shapes, outcomes, fixture identifiers and process IDs only; never parameters.
    > 163 |       console.warn('PG17_PROCESS', JSON.stringify({ name, old, options: { ...options, cursor: options.cursor ? '<cursor>' : undefined },
          |               ^
      164 |         result: result.result, failure: result.failure, queries: result.queries.length, pid: result.pid }));
      165 |       resolveDone(result);
      166 |     };

      at settleWorker (test/utils/g2-pg17-harness.ts:163:15)
      at ChildProcess.<anonymous> (test/utils/g2-pg17-harness.ts:168:51)

  console.warn
    PG17_PROCESS {"name":"g2p17_71","old":false,"options":{},"result":{"intent_id":"intent","staged":1,"reconstructed":1,"skipped":0,"failed":0},"queries":12,"pid":2020}

      161 |       if (code !== 0 || !result) { reject(new Error(`worker exited ${code}: ${output}`)); return; }
      162 |       // Query shapes, outcomes, fixture identifiers and process IDs only; never parameters.
    > 163 |       console.warn('PG17_PROCESS', JSON.stringify({ name, old, options: { ...options, cursor: options.cursor ? '<cursor>' : undefined },
          |               ^
      164 |         result: result.result, failure: result.failure, queries: result.queries.length, pid: result.pid }));
      165 |       resolveDone(result);
      166 |     };

      at settleWorker (test/utils/g2-pg17-harness.ts:163:15)
      at ChildProcess.<anonymous> (test/utils/g2-pg17-harness.ts:168:51)

  console.warn
    PG17_PROCESS {"name":"g2p17_72","old":true,"options":{},"result":{"intent_id":"intent","staged":1,"reconstructed":0,"skipped":0,"failed":1},"queries":8,"pid":2041}

      161 |       if (code !== 0 || !result) { reject(new Error(`worker exited ${code}: ${output}`)); return; }
      162 |       // Query shapes, outcomes, fixture identifiers and process IDs only; never parameters.
    > 163 |       console.warn('PG17_PROCESS', JSON.stringify({ name, old, options: { ...options, cursor: options.cursor ? '<cursor>' : undefined },
          |               ^
      164 |         result: result.result, failure: result.failure, queries: result.queries.length, pid: result.pid }));
      165 |       resolveDone(result);
      166 |     };

      at settleWorker (test/utils/g2-pg17-harness.ts:163:15)
      at ChildProcess.<anonymous> (test/utils/g2-pg17-harness.ts:168:51)

  console.warn
    PG17_PROCESS {"name":"g2p17_73","old":true,"options":{},"result":{"intent_id":"intent","staged":2,"reconstructed":1,"skipped":0,"failed":1},"queries":12,"pid":2063}

      161 |       if (code !== 0 || !result) { reject(new Error(`worker exited ${code}: ${output}`)); return; }
      162 |       // Query shapes, outcomes, fixture identifiers and process IDs only; never parameters.
    > 163 |       console.warn('PG17_PROCESS', JSON.stringify({ name, old, options: { ...options, cursor: options.cursor ? '<cursor>' : undefined },
          |               ^
      164 |         result: result.result, failure: result.failure, queries: result.queries.length, pid: result.pid }));
      165 |       resolveDone(result);
      166 |     };

      at settleWorker (test/utils/g2-pg17-harness.ts:163:15)
      at ChildProcess.<anonymous> (test/utils/g2-pg17-harness.ts:168:51)

  console.warn
    PG17_PROCESS {"name":"g2p17_74","old":false,"options":{},"result":{"intent_id":"intent","staged":2,"reconstructed":2,"skipped":0,"failed":0},"queries":20,"pid":2083}

      161 |       if (code !== 0 || !result) { reject(new Error(`worker exited ${code}: ${output}`)); return; }
      162 |       // Query shapes, outcomes, fixture identifiers and process IDs only; never parameters.
    > 163 |       console.warn('PG17_PROCESS', JSON.stringify({ name, old, options: { ...options, cursor: options.cursor ? '<cursor>' : undefined },
          |               ^
      164 |         result: result.result, failure: result.failure, queries: result.queries.length, pid: result.pid }));
      165 |       resolveDone(result);
      166 |     };

      at settleWorker (test/utils/g2-pg17-harness.ts:163:15)
      at ChildProcess.<anonymous> (test/utils/g2-pg17-harness.ts:168:51)

  console.warn
    PG17_BLOCKED {"name":"g2p17_76","rows":[{"type":"Lock","wait":"transactionid"}]}

      182 |     const rows = jsonAdmin(`SELECT COALESCE(jsonb_agg(jsonb_build_object('wait',wait_event,'type',wait_event_type)),'[]')
      183 |       FROM pg_stat_activity WHERE application_name=${quote(name)} AND wait_event_type='Lock'`);
    > 184 |     if (rows.length > 0) { console.warn('PG17_BLOCKED', JSON.stringify({ name, rows })); return; }
          |                                    ^
      185 |     await new Promise((r) => setTimeout(r, 25));
      186 |   }
      187 |   throw new Error('expected observed PostgreSQL lock wait');

      at blocked (test/utils/g2-pg17-harness.ts:184:36)
      at test/rls-g2-pg17-etq0.spec.ts:501:7

  console.warn
    PG17_PROCESS {"name":"g2p17_75","old":false,"options":{"pause":"before-ledger"},"result":{"intent_id":"intent","staged":1,"reconstructed":1,"skipped":0,"failed":0},"queries":12,"pid":2109}

      161 |       if (code !== 0 || !result) { reject(new Error(`worker exited ${code}: ${output}`)); return; }
      162 |       // Query shapes, outcomes, fixture identifiers and process IDs only; never parameters.
    > 163 |       console.warn('PG17_PROCESS', JSON.stringify({ name, old, options: { ...options, cursor: options.cursor ? '<cursor>' : undefined },
          |               ^
      164 |         result: result.result, failure: result.failure, queries: result.queries.length, pid: result.pid }));
      165 |       resolveDone(result);
      166 |     };

      at settleWorker (test/utils/g2-pg17-harness.ts:163:15)
      at ChildProcess.<anonymous> (test/utils/g2-pg17-harness.ts:168:51)

  console.warn
    PG17_PROCESS {"name":"g2p17_76","old":false,"options":{},"result":{"intent_id":"intent","staged":1,"reconstructed":1,"skipped":0,"failed":0},"queries":12,"pid":2125}

      161 |       if (code !== 0 || !result) { reject(new Error(`worker exited ${code}: ${output}`)); return; }
      162 |       // Query shapes, outcomes, fixture identifiers and process IDs only; never parameters.
    > 163 |       console.warn('PG17_PROCESS', JSON.stringify({ name, old, options: { ...options, cursor: options.cursor ? '<cursor>' : undefined },
          |               ^
      164 |         result: result.result, failure: result.failure, queries: result.queries.length, pid: result.pid }));
      165 |       resolveDone(result);
      166 |     };

      at settleWorker (test/utils/g2-pg17-harness.ts:163:15)
      at ChildProcess.<anonymous> (test/utils/g2-pg17-harness.ts:168:51)

  console.warn
    PG17_BLOCKED {"name":"g2p17_78","rows":[{"type":"Lock","wait":"transactionid"}]}

      182 |     const rows = jsonAdmin(`SELECT COALESCE(jsonb_agg(jsonb_build_object('wait',wait_event,'type',wait_event_type)),'[]')
      183 |       FROM pg_stat_activity WHERE application_name=${quote(name)} AND wait_event_type='Lock'`);
    > 184 |     if (rows.length > 0) { console.warn('PG17_BLOCKED', JSON.stringify({ name, rows })); return; }
          |                                    ^
      185 |     await new Promise((r) => setTimeout(r, 25));
      186 |   }
      187 |   throw new Error('expected observed PostgreSQL lock wait');

      at blocked (test/utils/g2-pg17-harness.ts:184:36)
      at test/rls-g2-pg17-etq0.spec.ts:501:7

  console.warn
    PG17_PROCESS {"name":"g2p17_77","old":true,"options":{"pause":"before-ledger"},"result":{"intent_id":"intent","staged":1,"reconstructed":1,"skipped":0,"failed":0},"queries":8,"pid":2185}

      161 |       if (code !== 0 || !result) { reject(new Error(`worker exited ${code}: ${output}`)); return; }
      162 |       // Query shapes, outcomes, fixture identifiers and process IDs only; never parameters.
    > 163 |       console.warn('PG17_PROCESS', JSON.stringify({ name, old, options: { ...options, cursor: options.cursor ? '<cursor>' : undefined },
          |               ^
      164 |         result: result.result, failure: result.failure, queries: result.queries.length, pid: result.pid }));
      165 |       resolveDone(result);
      166 |     };

      at settleWorker (test/utils/g2-pg17-harness.ts:163:15)
      at ChildProcess.<anonymous> (test/utils/g2-pg17-harness.ts:168:51)

  console.warn
    PG17_PROCESS {"name":"g2p17_78","old":false,"options":{},"result":{"intent_id":"intent","staged":1,"reconstructed":1,"skipped":0,"failed":0},"queries":12,"pid":2201}

      161 |       if (code !== 0 || !result) { reject(new Error(`worker exited ${code}: ${output}`)); return; }
      162 |       // Query shapes, outcomes, fixture identifiers and process IDs only; never parameters.
    > 163 |       console.warn('PG17_PROCESS', JSON.stringify({ name, old, options: { ...options, cursor: options.cursor ? '<cursor>' : undefined },
          |               ^
      164 |         result: result.result, failure: result.failure, queries: result.queries.length, pid: result.pid }));
      165 |       resolveDone(result);
      166 |     };

      at settleWorker (test/utils/g2-pg17-harness.ts:163:15)
      at ChildProcess.<anonymous> (test/utils/g2-pg17-harness.ts:168:51)

  console.warn
    PG17_BLOCKED {"name":"g2p17_79","rows":[{"type":"Lock","wait":"advisory"}]}

      182 |     const rows = jsonAdmin(`SELECT COALESCE(jsonb_agg(jsonb_build_object('wait',wait_event,'type',wait_event_type)),'[]')
      183 |       FROM pg_stat_activity WHERE application_name=${quote(name)} AND wait_event_type='Lock'`);
    > 184 |     if (rows.length > 0) { console.warn('PG17_BLOCKED', JSON.stringify({ name, rows })); return; }
          |                                    ^
      185 |     await new Promise((r) => setTimeout(r, 25));
      186 |   }
      187 |   throw new Error('expected observed PostgreSQL lock wait');

      at blocked (test/utils/g2-pg17-harness.ts:184:36)
      at Object.<anonymous> (test/rls-g2-pg17-etq0.spec.ts:522:7)

  console.warn
    PG17_BLOCKED {"name":"g2p17_80","rows":[{"type":"Lock","wait":"advisory"}]}

      182 |     const rows = jsonAdmin(`SELECT COALESCE(jsonb_agg(jsonb_build_object('wait',wait_event,'type',wait_event_type)),'[]')
      183 |       FROM pg_stat_activity WHERE application_name=${quote(name)} AND wait_event_type='Lock'`);
    > 184 |     if (rows.length > 0) { console.warn('PG17_BLOCKED', JSON.stringify({ name, rows })); return; }
          |                                    ^
      185 |     await new Promise((r) => setTimeout(r, 25));
      186 |   }
      187 |   throw new Error('expected observed PostgreSQL lock wait');

      at blocked (test/utils/g2-pg17-harness.ts:184:36)
      at Object.<anonymous> (test/rls-g2-pg17-etq0.spec.ts:523:20)

  console.warn
    PG17_PROCESS {"name":"g2p17_79","old":false,"options":{},"result":{"intent_id":"intent","staged":1,"reconstructed":0,"skipped":1,"failed":0},"queries":11,"pid":2261}

      161 |       if (code !== 0 || !result) { reject(new Error(`worker exited ${code}: ${output}`)); return; }
      162 |       // Query shapes, outcomes, fixture identifiers and process IDs only; never parameters.
    > 163 |       console.warn('PG17_PROCESS', JSON.stringify({ name, old, options: { ...options, cursor: options.cursor ? '<cursor>' : undefined },
          |               ^
      164 |         result: result.result, failure: result.failure, queries: result.queries.length, pid: result.pid }));
      165 |       resolveDone(result);
      166 |     };

      at settleWorker (test/utils/g2-pg17-harness.ts:163:15)
      at ChildProcess.<anonymous> (test/utils/g2-pg17-harness.ts:168:51)

  console.warn
    PG17_PROCESS {"name":"g2p17_80","old":false,"options":{},"result":{"intent_id":"intent","staged":1,"reconstructed":0,"skipped":1,"failed":0},"queries":15,"pid":2262}

      161 |       if (code !== 0 || !result) { reject(new Error(`worker exited ${code}: ${output}`)); return; }
      162 |       // Query shapes, outcomes, fixture identifiers and process IDs only; never parameters.
    > 163 |       console.warn('PG17_PROCESS', JSON.stringify({ name, old, options: { ...options, cursor: options.cursor ? '<cursor>' : undefined },
          |               ^
      164 |         result: result.result, failure: result.failure, queries: result.queries.length, pid: result.pid }));
      165 |       resolveDone(result);
      166 |     };

      at settleWorker (test/utils/g2-pg17-harness.ts:163:15)
      at ChildProcess.<anonymous> (test/utils/g2-pg17-harness.ts:168:51)

  console.warn
    PG17_PROCESS {"name":"g2p17_81","old":false,"options":{"mapper":"skip"},"result":{"intent_id":"intent","staged":1,"reconstructed":0,"skipped":1,"failed":0},"queries":15,"pid":2335}

      161 |       if (code !== 0 || !result) { reject(new Error(`worker exited ${code}: ${output}`)); return; }
      162 |       // Query shapes, outcomes, fixture identifiers and process IDs only; never parameters.
    > 163 |       console.warn('PG17_PROCESS', JSON.stringify({ name, old, options: { ...options, cursor: options.cursor ? '<cursor>' : undefined },
          |               ^
      164 |         result: result.result, failure: result.failure, queries: result.queries.length, pid: result.pid }));
      165 |       resolveDone(result);
      166 |     };

      at settleWorker (test/utils/g2-pg17-harness.ts:163:15)
      at ChildProcess.<anonymous> (test/utils/g2-pg17-harness.ts:168:51)

  console.warn
    PG17_PROCESS {"name":"g2p17_82","old":false,"options":{"mapper":"throw"},"result":{"intent_id":"intent","staged":1,"reconstructed":0,"skipped":0,"failed":1},"queries":15,"pid":2365}

      161 |       if (code !== 0 || !result) { reject(new Error(`worker exited ${code}: ${output}`)); return; }
      162 |       // Query shapes, outcomes, fixture identifiers and process IDs only; never parameters.
    > 163 |       console.warn('PG17_PROCESS', JSON.stringify({ name, old, options: { ...options, cursor: options.cursor ? '<cursor>' : undefined },
          |               ^
      164 |         result: result.result, failure: result.failure, queries: result.queries.length, pid: result.pid }));
      165 |       resolveDone(result);
      166 |     };

      at settleWorker (test/utils/g2-pg17-harness.ts:163:15)
      at ChildProcess.<anonymous> (test/utils/g2-pg17-harness.ts:168:51)

  console.warn
    PG17_PROCESS {"name":"g2p17_83","old":false,"options":{},"result":{"intent_id":"intent","staged":1,"reconstructed":1,"skipped":0,"failed":0},"queries":17,"pid":2395}

      161 |       if (code !== 0 || !result) { reject(new Error(`worker exited ${code}: ${output}`)); return; }
      162 |       // Query shapes, outcomes, fixture identifiers and process IDs only; never parameters.
    > 163 |       console.warn('PG17_PROCESS', JSON.stringify({ name, old, options: { ...options, cursor: options.cursor ? '<cursor>' : undefined },
          |               ^
      164 |         result: result.result, failure: result.failure, queries: result.queries.length, pid: result.pid }));
      165 |       resolveDone(result);
      166 |     };

      at settleWorker (test/utils/g2-pg17-harness.ts:163:15)
      at ChildProcess.<anonymous> (test/utils/g2-pg17-harness.ts:168:51)

  console.warn
    PG17_PROCESS {"name":"g2p17_84","old":false,"options":{},"failure":{"status":500,"message":"Internal server error","code":"P2034"},"queries":11,"pid":2425}

      161 |       if (code !== 0 || !result) { reject(new Error(`worker exited ${code}: ${output}`)); return; }
      162 |       // Query shapes, outcomes, fixture identifiers and process IDs only; never parameters.
    > 163 |       console.warn('PG17_PROCESS', JSON.stringify({ name, old, options: { ...options, cursor: options.cursor ? '<cursor>' : undefined },
          |               ^
      164 |         result: result.result, failure: result.failure, queries: result.queries.length, pid: result.pid }));
      165 |       resolveDone(result);
      166 |     };

      at settleWorker (test/utils/g2-pg17-harness.ts:163:15)
      at ChildProcess.<anonymous> (test/utils/g2-pg17-harness.ts:168:51)

  console.warn
    PG17_BLOCKED {"name":"g2p17_86","rows":[{"type":"Lock","wait":"transactionid"}]}

      182 |     const rows = jsonAdmin(`SELECT COALESCE(jsonb_agg(jsonb_build_object('wait',wait_event,'type',wait_event_type)),'[]')
      183 |       FROM pg_stat_activity WHERE application_name=${quote(name)} AND wait_event_type='Lock'`);
    > 184 |     if (rows.length > 0) { console.warn('PG17_BLOCKED', JSON.stringify({ name, rows })); return; }
          |                                    ^
      185 |     await new Promise((r) => setTimeout(r, 25));
      186 |   }
      187 |   throw new Error('expected observed PostgreSQL lock wait');

      at blocked (test/utils/g2-pg17-harness.ts:184:36)
      at test/rls-g2-pg17-etq0.spec.ts:583:7

  console.warn
    PG17_PROCESS {"name":"g2p17_85","old":false,"options":{"pause":"claimed"},"result":{"intent_id":"intent","staged":1,"reconstructed":1,"skipped":0,"failed":0},"queries":12,"pid":2453}

      161 |       if (code !== 0 || !result) { reject(new Error(`worker exited ${code}: ${output}`)); return; }
      162 |       // Query shapes, outcomes, fixture identifiers and process IDs only; never parameters.
    > 163 |       console.warn('PG17_PROCESS', JSON.stringify({ name, old, options: { ...options, cursor: options.cursor ? '<cursor>' : undefined },
          |               ^
      164 |         result: result.result, failure: result.failure, queries: result.queries.length, pid: result.pid }));
      165 |       resolveDone(result);
      166 |     };

      at settleWorker (test/utils/g2-pg17-harness.ts:163:15)
      at ChildProcess.<anonymous> (test/utils/g2-pg17-harness.ts:168:51)

  console.warn
    PG17_PROCESS {"name":"g2p17_86","old":false,"options":{},"result":{"intent_id":"intent","staged":1,"reconstructed":1,"skipped":0,"failed":0},"queries":18,"pid":2476}

      161 |       if (code !== 0 || !result) { reject(new Error(`worker exited ${code}: ${output}`)); return; }
      162 |       // Query shapes, outcomes, fixture identifiers and process IDs only; never parameters.
    > 163 |       console.warn('PG17_PROCESS', JSON.stringify({ name, old, options: { ...options, cursor: options.cursor ? '<cursor>' : undefined },
          |               ^
      164 |         result: result.result, failure: result.failure, queries: result.queries.length, pid: result.pid }));
      165 |       resolveDone(result);
      166 |     };

      at settleWorker (test/utils/g2-pg17-harness.ts:163:15)
      at ChildProcess.<anonymous> (test/utils/g2-pg17-harness.ts:168:51)

  console.warn
    PG17_BLOCKED {"name":"g2p17_88","rows":[{"type":"Lock","wait":"transactionid"}]}

      182 |     const rows = jsonAdmin(`SELECT COALESCE(jsonb_agg(jsonb_build_object('wait',wait_event,'type',wait_event_type)),'[]')
      183 |       FROM pg_stat_activity WHERE application_name=${quote(name)} AND wait_event_type='Lock'`);
    > 184 |     if (rows.length > 0) { console.warn('PG17_BLOCKED', JSON.stringify({ name, rows })); return; }
          |                                    ^
      185 |     await new Promise((r) => setTimeout(r, 25));
      186 |   }
      187 |   throw new Error('expected observed PostgreSQL lock wait');

      at blocked (test/utils/g2-pg17-harness.ts:184:36)
      at test/rls-g2-pg17-etq0.spec.ts:583:7

  console.warn
    PG17_PROCESS {"name":"g2p17_87","old":false,"options":{"pause":"claimed"},"result":{"intent_id":"intent","staged":1,"reconstructed":0,"skipped":0,"failed":1},"queries":12,"pid":2534}

      161 |       if (code !== 0 || !result) { reject(new Error(`worker exited ${code}: ${output}`)); return; }
      162 |       // Query shapes, outcomes, fixture identifiers and process IDs only; never parameters.
    > 163 |       console.warn('PG17_PROCESS', JSON.stringify({ name, old, options: { ...options, cursor: options.cursor ? '<cursor>' : undefined },
          |               ^
      164 |         result: result.result, failure: result.failure, queries: result.queries.length, pid: result.pid }));
      165 |       resolveDone(result);
      166 |     };

      at settleWorker (test/utils/g2-pg17-harness.ts:163:15)
      at ChildProcess.<anonymous> (test/utils/g2-pg17-harness.ts:168:51)

  console.warn
    PG17_PROCESS {"name":"g2p17_88","old":true,"options":{},"result":{"intent_id":"intent","staged":1,"reconstructed":0,"skipped":0,"failed":1},"queries":8,"pid":2552}

      161 |       if (code !== 0 || !result) { reject(new Error(`worker exited ${code}: ${output}`)); return; }
      162 |       // Query shapes, outcomes, fixture identifiers and process IDs only; never parameters.
    > 163 |       console.warn('PG17_PROCESS', JSON.stringify({ name, old, options: { ...options, cursor: options.cursor ? '<cursor>' : undefined },
          |               ^
      164 |         result: result.result, failure: result.failure, queries: result.queries.length, pid: result.pid }));
      165 |       resolveDone(result);
      166 |     };

      at settleWorker (test/utils/g2-pg17-harness.ts:163:15)
      at ChildProcess.<anonymous> (test/utils/g2-pg17-harness.ts:168:51)

  console.warn
    PG17_BLOCKED {"name":"g2p17_90","rows":[{"type":"Lock","wait":"transactionid"}]}

      182 |     const rows = jsonAdmin(`SELECT COALESCE(jsonb_agg(jsonb_build_object('wait',wait_event,'type',wait_event_type)),'[]')
      183 |       FROM pg_stat_activity WHERE application_name=${quote(name)} AND wait_event_type='Lock'`);
    > 184 |     if (rows.length > 0) { console.warn('PG17_BLOCKED', JSON.stringify({ name, rows })); return; }
          |                                    ^
      185 |     await new Promise((r) => setTimeout(r, 25));
      186 |   }
      187 |   throw new Error('expected observed PostgreSQL lock wait');

      at blocked (test/utils/g2-pg17-harness.ts:184:36)
      at test/rls-g2-pg17-etq0.spec.ts:599:7

  console.warn
    PG17_PROCESS {"name":"g2p17_89","old":false,"options":{"pause":"claimed"},"result":{"intent_id":"intent","staged":1,"reconstructed":1,"skipped":0,"failed":0},"queries":12,"pid":2606}

      161 |       if (code !== 0 || !result) { reject(new Error(`worker exited ${code}: ${output}`)); return; }
      162 |       // Query shapes, outcomes, fixture identifiers and process IDs only; never parameters.
    > 163 |       console.warn('PG17_PROCESS', JSON.stringify({ name, old, options: { ...options, cursor: options.cursor ? '<cursor>' : undefined },
          |               ^
      164 |         result: result.result, failure: result.failure, queries: result.queries.length, pid: result.pid }));
      165 |       resolveDone(result);
      166 |     };

      at settleWorker (test/utils/g2-pg17-harness.ts:163:15)
      at ChildProcess.<anonymous> (test/utils/g2-pg17-harness.ts:168:51)

  console.warn
    PG17_PROCESS {"name":"g2p17_90","old":false,"options":{"mapper":"skip"},"result":{"intent_id":"intent","staged":1,"reconstructed":1,"skipped":0,"failed":0},"queries":15,"pid":2622}

      161 |       if (code !== 0 || !result) { reject(new Error(`worker exited ${code}: ${output}`)); return; }
      162 |       // Query shapes, outcomes, fixture identifiers and process IDs only; never parameters.
    > 163 |       console.warn('PG17_PROCESS', JSON.stringify({ name, old, options: { ...options, cursor: options.cursor ? '<cursor>' : undefined },
          |               ^
      164 |         result: result.result, failure: result.failure, queries: result.queries.length, pid: result.pid }));
      165 |       resolveDone(result);
      166 |     };

      at settleWorker (test/utils/g2-pg17-harness.ts:163:15)
      at ChildProcess.<anonymous> (test/utils/g2-pg17-harness.ts:168:51)

  console.warn
    PG17_BLOCKED {"name":"g2p17_92","rows":[{"type":"Lock","wait":"transactionid"}]}

      182 |     const rows = jsonAdmin(`SELECT COALESCE(jsonb_agg(jsonb_build_object('wait',wait_event,'type',wait_event_type)),'[]')
      183 |       FROM pg_stat_activity WHERE application_name=${quote(name)} AND wait_event_type='Lock'`);
    > 184 |     if (rows.length > 0) { console.warn('PG17_BLOCKED', JSON.stringify({ name, rows })); return; }
          |                                    ^
      185 |     await new Promise((r) => setTimeout(r, 25));
      186 |   }
      187 |   throw new Error('expected observed PostgreSQL lock wait');

      at blocked (test/utils/g2-pg17-harness.ts:184:36)
      at test/rls-g2-pg17-etq0.spec.ts:599:7

  console.warn
    PG17_PROCESS {"name":"g2p17_92","old":true,"options":{"mapper":"skip"},"result":{"intent_id":"intent","staged":1,"reconstructed":0,"skipped":1,"failed":0},"queries":5,"pid":2698}

      161 |       if (code !== 0 || !result) { reject(new Error(`worker exited ${code}: ${output}`)); return; }
      162 |       // Query shapes, outcomes, fixture identifiers and process IDs only; never parameters.
    > 163 |       console.warn('PG17_PROCESS', JSON.stringify({ name, old, options: { ...options, cursor: options.cursor ? '<cursor>' : undefined },
          |               ^
      164 |         result: result.result, failure: result.failure, queries: result.queries.length, pid: result.pid }));
      165 |       resolveDone(result);
      166 |     };

      at settleWorker (test/utils/g2-pg17-harness.ts:163:15)
      at ChildProcess.<anonymous> (test/utils/g2-pg17-harness.ts:168:51)

  console.warn
    PG17_PROCESS {"name":"g2p17_91","old":false,"options":{"pause":"claimed"},"result":{"intent_id":"intent","staged":1,"reconstructed":0,"skipped":1,"failed":0},"queries":12,"pid":2681}

      161 |       if (code !== 0 || !result) { reject(new Error(`worker exited ${code}: ${output}`)); return; }
      162 |       // Query shapes, outcomes, fixture identifiers and process IDs only; never parameters.
    > 163 |       console.warn('PG17_PROCESS', JSON.stringify({ name, old, options: { ...options, cursor: options.cursor ? '<cursor>' : undefined },
          |               ^
      164 |         result: result.result, failure: result.failure, queries: result.queries.length, pid: result.pid }));
      165 |       resolveDone(result);
      166 |     };

      at settleWorker (test/utils/g2-pg17-harness.ts:163:15)
      at ChildProcess.<anonymous> (test/utils/g2-pg17-harness.ts:168:51)

  console.warn
    PG17_PROCESS {"name":"g2p17_94","old":false,"options":{"mapper":"skip"},"result":{"intent_id":"intent","staged":1,"reconstructed":0,"skipped":1,"failed":0},"queries":11,"pid":2770}

      161 |       if (code !== 0 || !result) { reject(new Error(`worker exited ${code}: ${output}`)); return; }
      162 |       // Query shapes, outcomes, fixture identifiers and process IDs only; never parameters.
    > 163 |       console.warn('PG17_PROCESS', JSON.stringify({ name, old, options: { ...options, cursor: options.cursor ? '<cursor>' : undefined },
          |               ^
      164 |         result: result.result, failure: result.failure, queries: result.queries.length, pid: result.pid }));
      165 |       resolveDone(result);
      166 |     };

      at settleWorker (test/utils/g2-pg17-harness.ts:163:15)
      at ChildProcess.<anonymous> (test/utils/g2-pg17-harness.ts:168:51)

  console.warn
    PG17_PROCESS {"name":"g2p17_93","old":false,"options":{"pause":"before-ledger"},"result":{"intent_id":"intent","staged":1,"reconstructed":1,"skipped":0,"failed":0},"queries":12,"pid":2754}

      161 |       if (code !== 0 || !result) { reject(new Error(`worker exited ${code}: ${output}`)); return; }
      162 |       // Query shapes, outcomes, fixture identifiers and process IDs only; never parameters.
    > 163 |       console.warn('PG17_PROCESS', JSON.stringify({ name, old, options: { ...options, cursor: options.cursor ? '<cursor>' : undefined },
          |               ^
      164 |         result: result.result, failure: result.failure, queries: result.queries.length, pid: result.pid }));
      165 |       resolveDone(result);
      166 |     };

      at settleWorker (test/utils/g2-pg17-harness.ts:163:15)
      at ChildProcess.<anonymous> (test/utils/g2-pg17-harness.ts:168:51)

  console.warn
    PG17_PROCESS {"name":"g2p17_96","old":false,"options":{"mapper":"throw"},"result":{"intent_id":"intent","staged":1,"reconstructed":0,"skipped":0,"failed":1},"queries":11,"pid":2812}

      161 |       if (code !== 0 || !result) { reject(new Error(`worker exited ${code}: ${output}`)); return; }
      162 |       // Query shapes, outcomes, fixture identifiers and process IDs only; never parameters.
    > 163 |       console.warn('PG17_PROCESS', JSON.stringify({ name, old, options: { ...options, cursor: options.cursor ? '<cursor>' : undefined },
          |               ^
      164 |         result: result.result, failure: result.failure, queries: result.queries.length, pid: result.pid }));
      165 |       resolveDone(result);
      166 |     };

      at settleWorker (test/utils/g2-pg17-harness.ts:163:15)
      at ChildProcess.<anonymous> (test/utils/g2-pg17-harness.ts:168:51)

  console.warn
    PG17_PROCESS {"name":"g2p17_95","old":false,"options":{"pause":"before-ledger"},"result":{"intent_id":"intent","staged":1,"reconstructed":1,"skipped":0,"failed":0},"queries":12,"pid":2796}

      161 |       if (code !== 0 || !result) { reject(new Error(`worker exited ${code}: ${output}`)); return; }
      162 |       // Query shapes, outcomes, fixture identifiers and process IDs only; never parameters.
    > 163 |       console.warn('PG17_PROCESS', JSON.stringify({ name, old, options: { ...options, cursor: options.cursor ? '<cursor>' : undefined },
          |               ^
      164 |         result: result.result, failure: result.failure, queries: result.queries.length, pid: result.pid }));
      165 |       resolveDone(result);
      166 |     };

      at settleWorker (test/utils/g2-pg17-harness.ts:163:15)
      at ChildProcess.<anonymous> (test/utils/g2-pg17-harness.ts:168:51)

  console.warn
    PG17_BLOCKED {"name":"g2p17_98","rows":[{"type":"Lock","wait":"transactionid"}]}

      182 |     const rows = jsonAdmin(`SELECT COALESCE(jsonb_agg(jsonb_build_object('wait',wait_event,'type',wait_event_type)),'[]')
      183 |       FROM pg_stat_activity WHERE application_name=${quote(name)} AND wait_event_type='Lock'`);
    > 184 |     if (rows.length > 0) { console.warn('PG17_BLOCKED', JSON.stringify({ name, rows })); return; }
          |                                    ^
      185 |     await new Promise((r) => setTimeout(r, 25));
      186 |   }
      187 |   throw new Error('expected observed PostgreSQL lock wait');

      at blocked (test/utils/g2-pg17-harness.ts:184:36)
      at Object.<anonymous> (test/rls-g2-pg17-etq0.spec.ts:628:7)

  console.warn
    PG17_PROCESS {"name":"g2p17_98","old":false,"options":{},"failure":{"status":409,"message":"reconstruction provenance conflict"},"queries":10,"pid":2858}

      161 |       if (code !== 0 || !result) { reject(new Error(`worker exited ${code}: ${output}`)); return; }
      162 |       // Query shapes, outcomes, fixture identifiers and process IDs only; never parameters.
    > 163 |       console.warn('PG17_PROCESS', JSON.stringify({ name, old, options: { ...options, cursor: options.cursor ? '<cursor>' : undefined },
          |               ^
      164 |         result: result.result, failure: result.failure, queries: result.queries.length, pid: result.pid }));
      165 |       resolveDone(result);
      166 |     };

      at settleWorker (test/utils/g2-pg17-harness.ts:163:15)
      at ChildProcess.<anonymous> (test/utils/g2-pg17-harness.ts:168:51)

  console.warn
    PG17_PROCESS {"name":"g2p17_97","old":false,"options":{"pause":"claimed"},"result":{"intent_id":"intent","staged":1,"reconstructed":1,"skipped":0,"failed":0},"queries":12,"pid":2840}

      161 |       if (code !== 0 || !result) { reject(new Error(`worker exited ${code}: ${output}`)); return; }
      162 |       // Query shapes, outcomes, fixture identifiers and process IDs only; never parameters.
    > 163 |       console.warn('PG17_PROCESS', JSON.stringify({ name, old, options: { ...options, cursor: options.cursor ? '<cursor>' : undefined },
          |               ^
      164 |         result: result.result, failure: result.failure, queries: result.queries.length, pid: result.pid }));
      165 |       resolveDone(result);
      166 |     };

      at settleWorker (test/utils/g2-pg17-harness.ts:163:15)
      at ChildProcess.<anonymous> (test/utils/g2-pg17-harness.ts:168:51)

  console.warn
    PG17_PROCESS {"name":"g2p17_99","old":false,"options":{"family":"clients"},"result":{"intent_id":"intent","staged":3,"reconstructed":3,"skipped":0,"failed":0},"queries":28,"pid":2916}

      161 |       if (code !== 0 || !result) { reject(new Error(`worker exited ${code}: ${output}`)); return; }
      162 |       // Query shapes, outcomes, fixture identifiers and process IDs only; never parameters.
    > 163 |       console.warn('PG17_PROCESS', JSON.stringify({ name, old, options: { ...options, cursor: options.cursor ? '<cursor>' : undefined },
          |               ^
      164 |         result: result.result, failure: result.failure, queries: result.queries.length, pid: result.pid }));
      165 |       resolveDone(result);
      166 |     };

      at settleWorker (test/utils/g2-pg17-harness.ts:163:15)
      at ChildProcess.<anonymous> (test/utils/g2-pg17-harness.ts:168:51)

  console.warn
    PG17_PROCESS {"name":"g2p17_100","old":false,"options":{"action":"roster","family":"clients"},"result":{"intent_id":"intent","accounting":{"staged":3,"reconstructed":3,"skipped":0,"failed":0},"persons":[{"id":"db22e4ca-75cf-4ce0-a8c2-627637875076","state":"InvitePending","source_platform":"truecoach","source_person_id":"a","display_name":"Synthetic A","created_at":"2026-09-22T00:32:12.698Z","updated_at":"2026-09-22T00:32:12.698Z"}],"page":{"limit":1,"next_cursor":"YQ","has_more":true}},"queries":8,"pid":2936}

      161 |       if (code !== 0 || !result) { reject(new Error(`worker exited ${code}: ${output}`)); return; }
      162 |       // Query shapes, outcomes, fixture identifiers and process IDs only; never parameters.
    > 163 |       console.warn('PG17_PROCESS', JSON.stringify({ name, old, options: { ...options, cursor: options.cursor ? '<cursor>' : undefined },
          |               ^
      164 |         result: result.result, failure: result.failure, queries: result.queries.length, pid: result.pid }));
      165 |       resolveDone(result);
      166 |     };

      at settleWorker (test/utils/g2-pg17-harness.ts:163:15)
      at ChildProcess.<anonymous> (test/utils/g2-pg17-harness.ts:168:51)

  console.warn
    PG17_PROCESS {"name":"g2p17_101","old":false,"options":{"action":"roster","family":"clients","cursor":"<cursor>"},"result":{"intent_id":"intent","accounting":{"staged":3,"reconstructed":3,"skipped":0,"failed":0},"persons":[{"id":"d8821317-187d-43f6-9edb-c7131930d737","state":"InvitePending","source_platform":"truecoach","source_person_id":"b","display_name":"Synthetic A","created_at":"2026-09-22T00:32:12.704Z","updated_at":"2026-09-22T00:32:12.704Z"}],"page":{"limit":1,"next_cursor":"Yg","has_more":true}},"queries":8,"pid":2952}

      161 |       if (code !== 0 || !result) { reject(new Error(`worker exited ${code}: ${output}`)); return; }
      162 |       // Query shapes, outcomes, fixture identifiers and process IDs only; never parameters.
    > 163 |       console.warn('PG17_PROCESS', JSON.stringify({ name, old, options: { ...options, cursor: options.cursor ? '<cursor>' : undefined },
          |               ^
      164 |         result: result.result, failure: result.failure, queries: result.queries.length, pid: result.pid }));
      165 |       resolveDone(result);
      166 |     };

      at settleWorker (test/utils/g2-pg17-harness.ts:163:15)
      at ChildProcess.<anonymous> (test/utils/g2-pg17-harness.ts:168:51)

  console.warn
    PG17_PROCESS {"name":"g2p17_102","old":false,"options":{"action":"roster","family":"clients","cursor":"<cursor>"},"result":{"intent_id":"intent","accounting":{"staged":3,"reconstructed":3,"skipped":0,"failed":0},"persons":[{"id":"c07bd590-1ee3-4016-95f0-a219fb8291d4","state":"InvitePending","source_platform":"truecoach","source_person_id":"c","display_name":"Synthetic A","created_at":"2026-09-22T00:32:12.707Z","updated_at":"2026-09-22T00:32:12.707Z"}],"page":{"limit":1,"next_cursor":null,"has_more":false}},"queries":8,"pid":2970}

      161 |       if (code !== 0 || !result) { reject(new Error(`worker exited ${code}: ${output}`)); return; }
      162 |       // Query shapes, outcomes, fixture identifiers and process IDs only; never parameters.
    > 163 |       console.warn('PG17_PROCESS', JSON.stringify({ name, old, options: { ...options, cursor: options.cursor ? '<cursor>' : undefined },
          |               ^
      164 |         result: result.result, failure: result.failure, queries: result.queries.length, pid: result.pid }));
      165 |       resolveDone(result);
      166 |     };

      at settleWorker (test/utils/g2-pg17-harness.ts:163:15)
      at ChildProcess.<anonymous> (test/utils/g2-pg17-harness.ts:168:51)

  console.warn
    PG17_PROCESS {"name":"g2p17_103","old":false,"options":{"action":"roster","family":"clients","cursor":"<cursor>"},"result":{"intent_id":"intent","accounting":{"staged":3,"reconstructed":3,"skipped":0,"failed":0},"persons":[{"id":"d8821317-187d-43f6-9edb-c7131930d737","state":"InvitePending","source_platform":"truecoach","source_person_id":"b","display_name":"Synthetic A","created_at":"2026-09-22T00:32:12.704Z","updated_at":"2026-09-22T00:32:12.704Z"}],"page":{"limit":1,"next_cursor":"Yg","has_more":true}},"queries":8,"pid":2986}

      161 |       if (code !== 0 || !result) { reject(new Error(`worker exited ${code}: ${output}`)); return; }
      162 |       // Query shapes, outcomes, fixture identifiers and process IDs only; never parameters.
    > 163 |       console.warn('PG17_PROCESS', JSON.stringify({ name, old, options: { ...options, cursor: options.cursor ? '<cursor>' : undefined },
          |               ^
      164 |         result: result.result, failure: result.failure, queries: result.queries.length, pid: result.pid }));
      165 |       resolveDone(result);
      166 |     };

      at settleWorker (test/utils/g2-pg17-harness.ts:163:15)
      at ChildProcess.<anonymous> (test/utils/g2-pg17-harness.ts:168:51)

  console.warn
    PG17_PROCESS {"name":"g2p17_104","old":false,"options":{"action":"roster","family":"clients","coach":"foreign"},"failure":{"status":404,"message":"Not Found"},"queries":4,"pid":3002}

      161 |       if (code !== 0 || !result) { reject(new Error(`worker exited ${code}: ${output}`)); return; }
      162 |       // Query shapes, outcomes, fixture identifiers and process IDs only; never parameters.
    > 163 |       console.warn('PG17_PROCESS', JSON.stringify({ name, old, options: { ...options, cursor: options.cursor ? '<cursor>' : undefined },
          |               ^
      164 |         result: result.result, failure: result.failure, queries: result.queries.length, pid: result.pid }));
      165 |       resolveDone(result);
      166 |     };

      at settleWorker (test/utils/g2-pg17-harness.ts:163:15)
      at ChildProcess.<anonymous> (test/utils/g2-pg17-harness.ts:168:51)

  console.warn
    PG17_PROCESS {"name":"g2p17_105","old":false,"options":{"action":"roster","family":"clients","cursor":"<cursor>"},"failure":{"status":400,"message":"malformed cursor"},"queries":0,"pid":3018}

      161 |       if (code !== 0 || !result) { reject(new Error(`worker exited ${code}: ${output}`)); return; }
      162 |       // Query shapes, outcomes, fixture identifiers and process IDs only; never parameters.
    > 163 |       console.warn('PG17_PROCESS', JSON.stringify({ name, old, options: { ...options, cursor: options.cursor ? '<cursor>' : undefined },
          |               ^
      164 |         result: result.result, failure: result.failure, queries: result.queries.length, pid: result.pid }));
      165 |       resolveDone(result);
      166 |     };

      at settleWorker (test/utils/g2-pg17-harness.ts:163:15)
      at ChildProcess.<anonymous> (test/utils/g2-pg17-harness.ts:168:51)

  console.warn
    PG17_PROCESS {"name":"g2p17_106","old":false,"options":{"action":"roster","family":"clients","cursor":"<cursor>","limit":200},"result":{"intent_id":"intent","accounting":{"staged":3,"reconstructed":3,"skipped":0,"failed":0},"persons":[{"id":"d8821317-187d-43f6-9edb-c7131930d737","state":"InvitePending","source_platform":"truecoach","source_person_id":"b","display_name":"Synthetic A","created_at":"2026-09-22T00:32:12.704Z","updated_at":"2026-09-22T00:32:12.704Z"},{"id":"c07bd590-1ee3-4016-95f0-a219fb8291d4","state":"InvitePending","source_platform":"truecoach","source_person_id":"c","display_name":"Synthetic A","created_at":"2026-09-22T00:32:12.707Z","updated_at":"2026-09-22T00:32:12.707Z"}],"page":{"limit":200,"next_cursor":null,"has_more":false}},"queries":8,"pid":3033}

      161 |       if (code !== 0 || !result) { reject(new Error(`worker exited ${code}: ${output}`)); return; }
      162 |       // Query shapes, outcomes, fixture identifiers and process IDs only; never parameters.
    > 163 |       console.warn('PG17_PROCESS', JSON.stringify({ name, old, options: { ...options, cursor: options.cursor ? '<cursor>' : undefined },
          |               ^
      164 |         result: result.result, failure: result.failure, queries: result.queries.length, pid: result.pid }));
      165 |       resolveDone(result);
      166 |     };

      at settleWorker (test/utils/g2-pg17-harness.ts:163:15)
      at ChildProcess.<anonymous> (test/utils/g2-pg17-harness.ts:168:51)

  console.warn
    PG17_PROCESS {"name":"g2p17_107","old":false,"options":{"action":"roster","family":"clients","cursor":"<cursor>","limit":2},"result":{"intent_id":"intent","accounting":{"staged":3,"reconstructed":3,"skipped":0,"failed":0},"persons":[],"page":{"limit":2,"next_cursor":null,"has_more":false}},"queries":8,"pid":3051}

      161 |       if (code !== 0 || !result) { reject(new Error(`worker exited ${code}: ${output}`)); return; }
      162 |       // Query shapes, outcomes, fixture identifiers and process IDs only; never parameters.
    > 163 |       console.warn('PG17_PROCESS', JSON.stringify({ name, old, options: { ...options, cursor: options.cursor ? '<cursor>' : undefined },
          |               ^
      164 |         result: result.result, failure: result.failure, queries: result.queries.length, pid: result.pid }));
      165 |       resolveDone(result);
      166 |     };

      at settleWorker (test/utils/g2-pg17-harness.ts:163:15)
      at ChildProcess.<anonymous> (test/utils/g2-pg17-harness.ts:168:51)

  console.warn
    PG17_PROCESS {"name":"g2p17_108","old":false,"options":{"action":"roster","family":"clients","limit":200},"result":{"intent_id":"intent","accounting":{"staged":3,"reconstructed":3,"skipped":0,"failed":0},"persons":[],"page":{"limit":200,"next_cursor":null,"has_more":false}},"queries":8,"pid":3069}

      161 |       if (code !== 0 || !result) { reject(new Error(`worker exited ${code}: ${output}`)); return; }
      162 |       // Query shapes, outcomes, fixture identifiers and process IDs only; never parameters.
    > 163 |       console.warn('PG17_PROCESS', JSON.stringify({ name, old, options: { ...options, cursor: options.cursor ? '<cursor>' : undefined },
          |               ^
      164 |         result: result.result, failure: result.failure, queries: result.queries.length, pid: result.pid }));
      165 |       resolveDone(result);
      166 |     };

      at settleWorker (test/utils/g2-pg17-harness.ts:163:15)
      at ChildProcess.<anonymous> (test/utils/g2-pg17-harness.ts:168:51)

  console.warn
    PG17_PROCESS {"name":"g2p17_109","old":false,"options":{"family":"workouts"},"result":{"intent_id":"intent","staged":3,"reconstructed":3,"skipped":0,"failed":0},"queries":28,"pid":3095}

      161 |       if (code !== 0 || !result) { reject(new Error(`worker exited ${code}: ${output}`)); return; }
      162 |       // Query shapes, outcomes, fixture identifiers and process IDs only; never parameters.
    > 163 |       console.warn('PG17_PROCESS', JSON.stringify({ name, old, options: { ...options, cursor: options.cursor ? '<cursor>' : undefined },
          |               ^
      164 |         result: result.result, failure: result.failure, queries: result.queries.length, pid: result.pid }));
      165 |       resolveDone(result);
      166 |     };

      at settleWorker (test/utils/g2-pg17-harness.ts:163:15)
      at ChildProcess.<anonymous> (test/utils/g2-pg17-harness.ts:168:51)

  console.warn
    PG17_PROCESS {"name":"g2p17_110","old":false,"options":{"action":"entities","family":"workouts"},"result":{"intent_id":"intent","family":"workouts","entities":[{"id":"f2184858-2b0b-490e-a24c-3e76383890a4","source_platform":"truecoach","entity_type":"workouts","source_id":"a","client_source_id":"client-new","label":"Synthetic A","created_at":"2026-09-22T00:32:21.435Z","updated_at":"2026-09-22T00:32:21.435Z"}],"page_count":1,"next_cursor":"eyJjIjoiY29hY2giLCJpIjoiaW50ZW50IiwiZiI6IndvcmtvdXRzIiwibyI6InNvdXJjZV9pZDphc2MiLCJzIjoiYSJ9"},"queries":6,"pid":3115}

      161 |       if (code !== 0 || !result) { reject(new Error(`worker exited ${code}: ${output}`)); return; }
      162 |       // Query shapes, outcomes, fixture identifiers and process IDs only; never parameters.
    > 163 |       console.warn('PG17_PROCESS', JSON.stringify({ name, old, options: { ...options, cursor: options.cursor ? '<cursor>' : undefined },
          |               ^
      164 |         result: result.result, failure: result.failure, queries: result.queries.length, pid: result.pid }));
      165 |       resolveDone(result);
      166 |     };

      at settleWorker (test/utils/g2-pg17-harness.ts:163:15)
      at ChildProcess.<anonymous> (test/utils/g2-pg17-harness.ts:168:51)

  console.warn
    PG17_PROCESS {"name":"g2p17_111","old":false,"options":{"action":"entities","family":"workouts","cursor":"<cursor>"},"result":{"intent_id":"intent","family":"workouts","entities":[{"id":"8a7975f9-6079-4edb-ad51-cea79a598b45","source_platform":"truecoach","entity_type":"workouts","source_id":"b","client_source_id":"client-new","label":"Synthetic A","created_at":"2026-09-22T00:32:21.441Z","updated_at":"2026-09-22T00:32:21.441Z"}],"page_count":1,"next_cursor":"eyJjIjoiY29hY2giLCJpIjoiaW50ZW50IiwiZiI6IndvcmtvdXRzIiwibyI6InNvdXJjZV9pZDphc2MiLCJzIjoiYiJ9"},"queries":6,"pid":3131}

      161 |       if (code !== 0 || !result) { reject(new Error(`worker exited ${code}: ${output}`)); return; }
      162 |       // Query shapes, outcomes, fixture identifiers and process IDs only; never parameters.
    > 163 |       console.warn('PG17_PROCESS', JSON.stringify({ name, old, options: { ...options, cursor: options.cursor ? '<cursor>' : undefined },
          |               ^
      164 |         result: result.result, failure: result.failure, queries: result.queries.length, pid: result.pid }));
      165 |       resolveDone(result);
      166 |     };

      at settleWorker (test/utils/g2-pg17-harness.ts:163:15)
      at ChildProcess.<anonymous> (test/utils/g2-pg17-harness.ts:168:51)

  console.warn
    PG17_PROCESS {"name":"g2p17_112","old":false,"options":{"action":"entities","family":"workouts","cursor":"<cursor>"},"result":{"intent_id":"intent","family":"workouts","entities":[{"id":"eb3cce3e-9356-43ef-b925-4261dbe28091","source_platform":"truecoach","entity_type":"workouts","source_id":"c","client_source_id":"client-new","label":"Synthetic A","created_at":"2026-09-22T00:32:21.444Z","updated_at":"2026-09-22T00:32:21.444Z"}],"page_count":1,"next_cursor":null},"queries":6,"pid":3148}

      161 |       if (code !== 0 || !result) { reject(new Error(`worker exited ${code}: ${output}`)); return; }
      162 |       // Query shapes, outcomes, fixture identifiers and process IDs only; never parameters.
    > 163 |       console.warn('PG17_PROCESS', JSON.stringify({ name, old, options: { ...options, cursor: options.cursor ? '<cursor>' : undefined },
          |               ^
      164 |         result: result.result, failure: result.failure, queries: result.queries.length, pid: result.pid }));
      165 |       resolveDone(result);
      166 |     };

      at settleWorker (test/utils/g2-pg17-harness.ts:163:15)
      at ChildProcess.<anonymous> (test/utils/g2-pg17-harness.ts:168:51)

  console.warn
    PG17_PROCESS {"name":"g2p17_113","old":false,"options":{"action":"entities","family":"workouts","cursor":"<cursor>"},"result":{"intent_id":"intent","family":"workouts","entities":[{"id":"8a7975f9-6079-4edb-ad51-cea79a598b45","source_platform":"truecoach","entity_type":"workouts","source_id":"b","client_source_id":"client-new","label":"Synthetic A","created_at":"2026-09-22T00:32:21.441Z","updated_at":"2026-09-22T00:32:21.441Z"}],"page_count":1,"next_cursor":"eyJjIjoiY29hY2giLCJpIjoiaW50ZW50IiwiZiI6IndvcmtvdXRzIiwibyI6InNvdXJjZV9pZDphc2MiLCJzIjoiYiJ9"},"queries":6,"pid":3165}

      161 |       if (code !== 0 || !result) { reject(new Error(`worker exited ${code}: ${output}`)); return; }
      162 |       // Query shapes, outcomes, fixture identifiers and process IDs only; never parameters.
    > 163 |       console.warn('PG17_PROCESS', JSON.stringify({ name, old, options: { ...options, cursor: options.cursor ? '<cursor>' : undefined },
          |               ^
      164 |         result: result.result, failure: result.failure, queries: result.queries.length, pid: result.pid }));
      165 |       resolveDone(result);
      166 |     };

      at settleWorker (test/utils/g2-pg17-harness.ts:163:15)
      at ChildProcess.<anonymous> (test/utils/g2-pg17-harness.ts:168:51)

  console.warn
    PG17_PROCESS {"name":"g2p17_114","old":false,"options":{"action":"entities","family":"workouts","coach":"foreign"},"failure":{"status":404,"message":"Not Found"},"queries":4,"pid":3181}

      161 |       if (code !== 0 || !result) { reject(new Error(`worker exited ${code}: ${output}`)); return; }
      162 |       // Query shapes, outcomes, fixture identifiers and process IDs only; never parameters.
    > 163 |       console.warn('PG17_PROCESS', JSON.stringify({ name, old, options: { ...options, cursor: options.cursor ? '<cursor>' : undefined },
          |               ^
      164 |         result: result.result, failure: result.failure, queries: result.queries.length, pid: result.pid }));
      165 |       resolveDone(result);
      166 |     };

      at settleWorker (test/utils/g2-pg17-harness.ts:163:15)
      at ChildProcess.<anonymous> (test/utils/g2-pg17-harness.ts:168:51)

  console.warn
    PG17_PROCESS {"name":"g2p17_115","old":false,"options":{"action":"entities","family":"workouts","cursor":"<cursor>"},"failure":{"status":400,"message":"malformed cursor"},"queries":0,"pid":3210}

      161 |       if (code !== 0 || !result) { reject(new Error(`worker exited ${code}: ${output}`)); return; }
      162 |       // Query shapes, outcomes, fixture identifiers and process IDs only; never parameters.
    > 163 |       console.warn('PG17_PROCESS', JSON.stringify({ name, old, options: { ...options, cursor: options.cursor ? '<cursor>' : undefined },
          |               ^
      164 |         result: result.result, failure: result.failure, queries: result.queries.length, pid: result.pid }));
      165 |       resolveDone(result);
      166 |     };

      at settleWorker (test/utils/g2-pg17-harness.ts:163:15)
      at ChildProcess.<anonymous> (test/utils/g2-pg17-harness.ts:168:51)

  console.warn
    PG17_PROCESS {"name":"g2p17_116","old":false,"options":{"action":"entities","family":"workouts","cursor":"<cursor>","limit":200},"result":{"intent_id":"intent","family":"workouts","entities":[{"id":"8a7975f9-6079-4edb-ad51-cea79a598b45","source_platform":"truecoach","entity_type":"workouts","source_id":"b","client_source_id":"client-new","label":"Synthetic A","created_at":"2026-09-22T00:32:21.441Z","updated_at":"2026-09-22T00:32:21.441Z"},{"id":"eb3cce3e-9356-43ef-b925-4261dbe28091","source_platform":"truecoach","entity_type":"workouts","source_id":"c","client_source_id":"client-new","label":"Synthetic A","created_at":"2026-09-22T00:32:21.444Z","updated_at":"2026-09-22T00:32:21.444Z"}],"page_count":2,"next_cursor":null},"queries":6,"pid":3225}

      161 |       if (code !== 0 || !result) { reject(new Error(`worker exited ${code}: ${output}`)); return; }
      162 |       // Query shapes, outcomes, fixture identifiers and process IDs only; never parameters.
    > 163 |       console.warn('PG17_PROCESS', JSON.stringify({ name, old, options: { ...options, cursor: options.cursor ? '<cursor>' : undefined },
          |               ^
      164 |         result: result.result, failure: result.failure, queries: result.queries.length, pid: result.pid }));
      165 |       resolveDone(result);
      166 |     };

      at settleWorker (test/utils/g2-pg17-harness.ts:163:15)
      at ChildProcess.<anonymous> (test/utils/g2-pg17-harness.ts:168:51)

  console.warn
    PG17_PROCESS {"name":"g2p17_117","old":false,"options":{"action":"entities","family":"workouts","cursor":"<cursor>","limit":2},"result":{"intent_id":"intent","family":"workouts","entities":[],"page_count":0,"next_cursor":null},"queries":6,"pid":3243}

      161 |       if (code !== 0 || !result) { reject(new Error(`worker exited ${code}: ${output}`)); return; }
      162 |       // Query shapes, outcomes, fixture identifiers and process IDs only; never parameters.
    > 163 |       console.warn('PG17_PROCESS', JSON.stringify({ name, old, options: { ...options, cursor: options.cursor ? '<cursor>' : undefined },
          |               ^
      164 |         result: result.result, failure: result.failure, queries: result.queries.length, pid: result.pid }));
      165 |       resolveDone(result);
      166 |     };

      at settleWorker (test/utils/g2-pg17-harness.ts:163:15)
      at ChildProcess.<anonymous> (test/utils/g2-pg17-harness.ts:168:51)

  console.warn
    PG17_PROCESS {"name":"g2p17_118","old":false,"options":{"action":"entities","family":"workouts","limit":200},"result":{"intent_id":"intent","family":"workouts","entities":[],"page_count":0,"next_cursor":null},"queries":6,"pid":3261}

      161 |       if (code !== 0 || !result) { reject(new Error(`worker exited ${code}: ${output}`)); return; }
      162 |       // Query shapes, outcomes, fixture identifiers and process IDs only; never parameters.
    > 163 |       console.warn('PG17_PROCESS', JSON.stringify({ name, old, options: { ...options, cursor: options.cursor ? '<cursor>' : undefined },
          |               ^
      164 |         result: result.result, failure: result.failure, queries: result.queries.length, pid: result.pid }));
      165 |       resolveDone(result);
      166 |     };

      at settleWorker (test/utils/g2-pg17-harness.ts:163:15)
      at ChildProcess.<anonymous> (test/utils/g2-pg17-harness.ts:168:51)

  console.warn
    PG17_PROCESS {"name":"g2p17_119","old":false,"options":{"family":"clients"},"result":{"intent_id":"intent","staged":4,"reconstructed":4,"skipped":0,"failed":0},"queries":36,"pid":3309}

      161 |       if (code !== 0 || !result) { reject(new Error(`worker exited ${code}: ${output}`)); return; }
      162 |       // Query shapes, outcomes, fixture identifiers and process IDs only; never parameters.
    > 163 |       console.warn('PG17_PROCESS', JSON.stringify({ name, old, options: { ...options, cursor: options.cursor ? '<cursor>' : undefined },
          |               ^
      164 |         result: result.result, failure: result.failure, queries: result.queries.length, pid: result.pid }));
      165 |       resolveDone(result);
      166 |     };

      at settleWorker (test/utils/g2-pg17-harness.ts:163:15)
      at ChildProcess.<anonymous> (test/utils/g2-pg17-harness.ts:168:51)

  console.warn
    PG17_PROCESS {"name":"g2p17_120","old":false,"options":{"action":"roster","family":"clients","cursor":"<cursor>"},"result":{"intent_id":"intent","accounting":{"staged":4,"reconstructed":4,"skipped":0,"failed":0},"persons":[{"id":"3541cb6e-51f9-43a9-895d-873679fdb1db","state":"InvitePending","source_platform":"truecoach","source_person_id":"b","display_name":"Synthetic A","created_at":"2026-09-22T00:32:30.364Z","updated_at":"2026-09-22T00:32:30.364Z"}],"page":{"limit":1,"next_cursor":"YQ","has_more":true}},"queries":8,"pid":3332}

      161 |       if (code !== 0 || !result) { reject(new Error(`worker exited ${code}: ${output}`)); return; }
      162 |       // Query shapes, outcomes, fixture identifiers and process IDs only; never parameters.
    > 163 |       console.warn('PG17_PROCESS', JSON.stringify({ name, old, options: { ...options, cursor: options.cursor ? '<cursor>' : undefined },
          |               ^
      164 |         result: result.result, failure: result.failure, queries: result.queries.length, pid: result.pid }));
      165 |       resolveDone(result);
      166 |     };

      at settleWorker (test/utils/g2-pg17-harness.ts:163:15)
      at ChildProcess.<anonymous> (test/utils/g2-pg17-harness.ts:168:51)

  console.warn
    PG17_PROCESS {"name":"g2p17_121","old":false,"options":{"action":"roster","family":"clients","cursor":"<cursor>"},"result":{"intent_id":"intent","accounting":{"staged":4,"reconstructed":4,"skipped":0,"failed":0},"persons":[{"id":"fa78b694-e891-412b-8570-c0a99bc4edd9","state":"InvitePending","source_platform":"truecoach","source_person_id":"d","display_name":"Synthetic A","created_at":"2026-09-22T00:32:30.372Z","updated_at":"2026-09-22T00:32:30.372Z"}],"page":{"limit":1,"next_cursor":null,"has_more":false}},"queries":8,"pid":3351}

      161 |       if (code !== 0 || !result) { reject(new Error(`worker exited ${code}: ${output}`)); return; }
      162 |       // Query shapes, outcomes, fixture identifiers and process IDs only; never parameters.
    > 163 |       console.warn('PG17_PROCESS', JSON.stringify({ name, old, options: { ...options, cursor: options.cursor ? '<cursor>' : undefined },
          |               ^
      164 |         result: result.result, failure: result.failure, queries: result.queries.length, pid: result.pid }));
      165 |       resolveDone(result);
      166 |     };

      at settleWorker (test/utils/g2-pg17-harness.ts:163:15)
      at ChildProcess.<anonymous> (test/utils/g2-pg17-harness.ts:168:51)

  console.warn
    PG17_PROCESS {"name":"g2p17_122","old":false,"options":{"action":"roster","family":"clients","cursor":"<cursor>"},"result":{"intent_id":"intent","accounting":{"staged":4,"reconstructed":4,"skipped":0,"failed":0},"persons":[{"id":"722a686d-3d95-46f1-988d-7092b86f5d42","state":"InvitePending","source_platform":"truecoach","source_person_id":"c","display_name":"Synthetic A","created_at":"2026-09-22T00:32:30.368Z","updated_at":"2026-09-22T00:32:30.368Z"}],"page":{"limit":1,"next_cursor":"YQ","has_more":true}},"queries":8,"pid":3367}

      161 |       if (code !== 0 || !result) { reject(new Error(`worker exited ${code}: ${output}`)); return; }
      162 |       // Query shapes, outcomes, fixture identifiers and process IDs only; never parameters.
    > 163 |       console.warn('PG17_PROCESS', JSON.stringify({ name, old, options: { ...options, cursor: options.cursor ? '<cursor>' : undefined },
          |               ^
      164 |         result: result.result, failure: result.failure, queries: result.queries.length, pid: result.pid }));
      165 |       resolveDone(result);
      166 |     };

      at settleWorker (test/utils/g2-pg17-harness.ts:163:15)
      at ChildProcess.<anonymous> (test/utils/g2-pg17-harness.ts:168:51)

  console.warn
    PG17_PROCESS {"name":"g2p17_123","old":false,"options":{"family":"workouts"},"result":{"intent_id":"intent","staged":4,"reconstructed":4,"skipped":0,"failed":0},"queries":36,"pid":3397}

      161 |       if (code !== 0 || !result) { reject(new Error(`worker exited ${code}: ${output}`)); return; }
      162 |       // Query shapes, outcomes, fixture identifiers and process IDs only; never parameters.
    > 163 |       console.warn('PG17_PROCESS', JSON.stringify({ name, old, options: { ...options, cursor: options.cursor ? '<cursor>' : undefined },
          |               ^
      164 |         result: result.result, failure: result.failure, queries: result.queries.length, pid: result.pid }));
      165 |       resolveDone(result);
      166 |     };

      at settleWorker (test/utils/g2-pg17-harness.ts:163:15)
      at ChildProcess.<anonymous> (test/utils/g2-pg17-harness.ts:168:51)

  console.warn
    PG17_PROCESS {"name":"g2p17_124","old":false,"options":{"action":"entities","family":"workouts","cursor":"<cursor>"},"result":{"intent_id":"intent","family":"workouts","entities":[{"id":"5c792b38-eaee-428f-9b6a-ca59db22096c","source_platform":"truecoach","entity_type":"workouts","source_id":"b","client_source_id":"client-new","label":"Synthetic A","created_at":"2026-09-22T00:32:34.209Z","updated_at":"2026-09-22T00:32:34.209Z"}],"page_count":1,"next_cursor":"eyJjIjoiY29hY2giLCJpIjoiaW50ZW50IiwiZiI6IndvcmtvdXRzIiwibyI6InNvdXJjZV9pZDphc2MiLCJzIjoiYSJ9"},"queries":6,"pid":3419}

      161 |       if (code !== 0 || !result) { reject(new Error(`worker exited ${code}: ${output}`)); return; }
      162 |       // Query shapes, outcomes, fixture identifiers and process IDs only; never parameters.
    > 163 |       console.warn('PG17_PROCESS', JSON.stringify({ name, old, options: { ...options, cursor: options.cursor ? '<cursor>' : undefined },
          |               ^
      164 |         result: result.result, failure: result.failure, queries: result.queries.length, pid: result.pid }));
      165 |       resolveDone(result);
      166 |     };

      at settleWorker (test/utils/g2-pg17-harness.ts:163:15)
      at ChildProcess.<anonymous> (test/utils/g2-pg17-harness.ts:168:51)

  console.warn
    PG17_PROCESS {"name":"g2p17_125","old":false,"options":{"action":"entities","family":"workouts","cursor":"<cursor>"},"result":{"intent_id":"intent","family":"workouts","entities":[{"id":"a9c603b0-f51c-4569-8cfe-b88d4a4b83da","source_platform":"truecoach","entity_type":"workouts","source_id":"d","client_source_id":"client-new","label":"Synthetic A","created_at":"2026-09-22T00:32:34.216Z","updated_at":"2026-09-22T00:32:34.216Z"}],"page_count":1,"next_cursor":null},"queries":6,"pid":3435}

      161 |       if (code !== 0 || !result) { reject(new Error(`worker exited ${code}: ${output}`)); return; }
      162 |       // Query shapes, outcomes, fixture identifiers and process IDs only; never parameters.
    > 163 |       console.warn('PG17_PROCESS', JSON.stringify({ name, old, options: { ...options, cursor: options.cursor ? '<cursor>' : undefined },
          |               ^
      164 |         result: result.result, failure: result.failure, queries: result.queries.length, pid: result.pid }));
      165 |       resolveDone(result);
      166 |     };

      at settleWorker (test/utils/g2-pg17-harness.ts:163:15)
      at ChildProcess.<anonymous> (test/utils/g2-pg17-harness.ts:168:51)

  console.warn
    PG17_PROCESS {"name":"g2p17_126","old":false,"options":{"action":"entities","family":"workouts","cursor":"<cursor>"},"result":{"intent_id":"intent","family":"workouts","entities":[{"id":"0f50ff94-fd6a-418e-af2f-e948d2e3d55d","source_platform":"truecoach","entity_type":"workouts","source_id":"c","client_source_id":"client-new","label":"Synthetic A","created_at":"2026-09-22T00:32:34.213Z","updated_at":"2026-09-22T00:32:34.213Z"}],"page_count":1,"next_cursor":"eyJjIjoiY29hY2giLCJpIjoiaW50ZW50IiwiZiI6IndvcmtvdXRzIiwibyI6InNvdXJjZV9pZDphc2MiLCJzIjoiYSJ9"},"queries":6,"pid":3451}

      161 |       if (code !== 0 || !result) { reject(new Error(`worker exited ${code}: ${output}`)); return; }
      162 |       // Query shapes, outcomes, fixture identifiers and process IDs only; never parameters.
    > 163 |       console.warn('PG17_PROCESS', JSON.stringify({ name, old, options: { ...options, cursor: options.cursor ? '<cursor>' : undefined },
          |               ^
      164 |         result: result.result, failure: result.failure, queries: result.queries.length, pid: result.pid }));
      165 |       resolveDone(result);
      166 |     };

      at settleWorker (test/utils/g2-pg17-harness.ts:163:15)
      at ChildProcess.<anonymous> (test/utils/g2-pg17-harness.ts:168:51)

  console.warn
    PG17_PROCESS {"name":"g2p17_127","old":false,"options":{"family":"clients"},"result":{"intent_id":"intent","staged":1,"reconstructed":1,"skipped":0,"failed":0},"queries":12,"pid":3475}

      161 |       if (code !== 0 || !result) { reject(new Error(`worker exited ${code}: ${output}`)); return; }
      162 |       // Query shapes, outcomes, fixture identifiers and process IDs only; never parameters.
    > 163 |       console.warn('PG17_PROCESS', JSON.stringify({ name, old, options: { ...options, cursor: options.cursor ? '<cursor>' : undefined },
          |               ^
      164 |         result: result.result, failure: result.failure, queries: result.queries.length, pid: result.pid }));
      165 |       resolveDone(result);
      166 |     };

      at settleWorker (test/utils/g2-pg17-harness.ts:163:15)
      at ChildProcess.<anonymous> (test/utils/g2-pg17-harness.ts:168:51)

  console.warn
    PG17_PROCESS {"name":"g2p17_128","old":false,"options":{"action":"roster","family":"clients","cursor":"<cursor>"},"failure":{"status":400,"message":"malformed cursor"},"queries":0,"pid":3492}

      161 |       if (code !== 0 || !result) { reject(new Error(`worker exited ${code}: ${output}`)); return; }
      162 |       // Query shapes, outcomes, fixture identifiers and process IDs only; never parameters.
    > 163 |       console.warn('PG17_PROCESS', JSON.stringify({ name, old, options: { ...options, cursor: options.cursor ? '<cursor>' : undefined },
          |               ^
      164 |         result: result.result, failure: result.failure, queries: result.queries.length, pid: result.pid }));
      165 |       resolveDone(result);
      166 |     };

      at settleWorker (test/utils/g2-pg17-harness.ts:163:15)
      at ChildProcess.<anonymous> (test/utils/g2-pg17-harness.ts:168:51)

  console.warn
    PG17_PROCESS {"name":"g2p17_129","old":false,"options":{"action":"roster","family":"clients","cursor":"<cursor>"},"result":{"intent_id":"intent","accounting":{"staged":1,"reconstructed":1,"skipped":0,"failed":0},"persons":[],"page":{"limit":1,"next_cursor":null,"has_more":false}},"queries":7,"pid":3505}

      161 |       if (code !== 0 || !result) { reject(new Error(`worker exited ${code}: ${output}`)); return; }
      162 |       // Query shapes, outcomes, fixture identifiers and process IDs only; never parameters.
    > 163 |       console.warn('PG17_PROCESS', JSON.stringify({ name, old, options: { ...options, cursor: options.cursor ? '<cursor>' : undefined },
          |               ^
      164 |         result: result.result, failure: result.failure, queries: result.queries.length, pid: result.pid }));
      165 |       resolveDone(result);
      166 |     };

      at settleWorker (test/utils/g2-pg17-harness.ts:163:15)
      at ChildProcess.<anonymous> (test/utils/g2-pg17-harness.ts:168:51)

  console.warn
    PG17_PROCESS {"name":"g2p17_130","old":false,"options":{"action":"roster","family":"clients","cursor":"<cursor>"},"failure":{"status":400,"message":"malformed cursor"},"queries":0,"pid":3521}

      161 |       if (code !== 0 || !result) { reject(new Error(`worker exited ${code}: ${output}`)); return; }
      162 |       // Query shapes, outcomes, fixture identifiers and process IDs only; never parameters.
    > 163 |       console.warn('PG17_PROCESS', JSON.stringify({ name, old, options: { ...options, cursor: options.cursor ? '<cursor>' : undefined },
          |               ^
      164 |         result: result.result, failure: result.failure, queries: result.queries.length, pid: result.pid }));
      165 |       resolveDone(result);
      166 |     };

      at settleWorker (test/utils/g2-pg17-harness.ts:163:15)
      at ChildProcess.<anonymous> (test/utils/g2-pg17-harness.ts:168:51)

  console.warn
    PG17_PROCESS {"name":"g2p17_131","old":false,"options":{"action":"roster","family":"clients","cursor":"<cursor>"},"failure":{"status":400,"message":"malformed cursor"},"queries":0,"pid":3534}

      161 |       if (code !== 0 || !result) { reject(new Error(`worker exited ${code}: ${output}`)); return; }
      162 |       // Query shapes, outcomes, fixture identifiers and process IDs only; never parameters.
    > 163 |       console.warn('PG17_PROCESS', JSON.stringify({ name, old, options: { ...options, cursor: options.cursor ? '<cursor>' : undefined },
          |               ^
      164 |         result: result.result, failure: result.failure, queries: result.queries.length, pid: result.pid }));
      165 |       resolveDone(result);
      166 |     };

      at settleWorker (test/utils/g2-pg17-harness.ts:163:15)
      at ChildProcess.<anonymous> (test/utils/g2-pg17-harness.ts:168:51)

  console.warn
    PG17_PROCESS {"name":"g2p17_132","old":false,"options":{"action":"roster","family":"clients","cursor":"<cursor>"},"failure":{"status":400,"message":"malformed cursor"},"queries":0,"pid":3547}

      161 |       if (code !== 0 || !result) { reject(new Error(`worker exited ${code}: ${output}`)); return; }
      162 |       // Query shapes, outcomes, fixture identifiers and process IDs only; never parameters.
    > 163 |       console.warn('PG17_PROCESS', JSON.stringify({ name, old, options: { ...options, cursor: options.cursor ? '<cursor>' : undefined },
          |               ^
      164 |         result: result.result, failure: result.failure, queries: result.queries.length, pid: result.pid }));
      165 |       resolveDone(result);
      166 |     };

      at settleWorker (test/utils/g2-pg17-harness.ts:163:15)
      at ChildProcess.<anonymous> (test/utils/g2-pg17-harness.ts:168:51)

  console.warn
    PG17_PROCESS {"name":"g2p17_133","old":false,"options":{"action":"roster","family":"clients","cursor":"<cursor>"},"failure":{"status":400,"message":"malformed cursor"},"queries":0,"pid":3560}

      161 |       if (code !== 0 || !result) { reject(new Error(`worker exited ${code}: ${output}`)); return; }
      162 |       // Query shapes, outcomes, fixture identifiers and process IDs only; never parameters.
    > 163 |       console.warn('PG17_PROCESS', JSON.stringify({ name, old, options: { ...options, cursor: options.cursor ? '<cursor>' : undefined },
          |               ^
      164 |         result: result.result, failure: result.failure, queries: result.queries.length, pid: result.pid }));
      165 |       resolveDone(result);
      166 |     };

      at settleWorker (test/utils/g2-pg17-harness.ts:163:15)
      at ChildProcess.<anonymous> (test/utils/g2-pg17-harness.ts:168:51)

  console.warn
    PG17_PROCESS {"name":"g2p17_134","old":false,"options":{"action":"roster","family":"clients","cursor":"<cursor>"},"failure":{"status":400,"message":"malformed cursor"},"queries":0,"pid":3573}

      161 |       if (code !== 0 || !result) { reject(new Error(`worker exited ${code}: ${output}`)); return; }
      162 |       // Query shapes, outcomes, fixture identifiers and process IDs only; never parameters.
    > 163 |       console.warn('PG17_PROCESS', JSON.stringify({ name, old, options: { ...options, cursor: options.cursor ? '<cursor>' : undefined },
          |               ^
      164 |         result: result.result, failure: result.failure, queries: result.queries.length, pid: result.pid }));
      165 |       resolveDone(result);
      166 |     };

      at settleWorker (test/utils/g2-pg17-harness.ts:163:15)
      at ChildProcess.<anonymous> (test/utils/g2-pg17-harness.ts:168:51)

  console.warn
    PG17_PROCESS {"name":"g2p17_135","old":false,"options":{"action":"roster","family":"clients","cursor":"<cursor>"},"failure":{"status":400,"message":"malformed cursor"},"queries":0,"pid":3587}

      161 |       if (code !== 0 || !result) { reject(new Error(`worker exited ${code}: ${output}`)); return; }
      162 |       // Query shapes, outcomes, fixture identifiers and process IDs only; never parameters.
    > 163 |       console.warn('PG17_PROCESS', JSON.stringify({ name, old, options: { ...options, cursor: options.cursor ? '<cursor>' : undefined },
          |               ^
      164 |         result: result.result, failure: result.failure, queries: result.queries.length, pid: result.pid }));
      165 |       resolveDone(result);
      166 |     };

      at settleWorker (test/utils/g2-pg17-harness.ts:163:15)
      at ChildProcess.<anonymous> (test/utils/g2-pg17-harness.ts:168:51)

  console.warn
    PG17_PROCESS {"name":"g2p17_136","old":false,"options":{"action":"roster","family":"clients","cursor":"<cursor>"},"failure":{"status":400,"message":"malformed cursor"},"queries":0,"pid":3600}

      161 |       if (code !== 0 || !result) { reject(new Error(`worker exited ${code}: ${output}`)); return; }
      162 |       // Query shapes, outcomes, fixture identifiers and process IDs only; never parameters.
    > 163 |       console.warn('PG17_PROCESS', JSON.stringify({ name, old, options: { ...options, cursor: options.cursor ? '<cursor>' : undefined },
          |               ^
      164 |         result: result.result, failure: result.failure, queries: result.queries.length, pid: result.pid }));
      165 |       resolveDone(result);
      166 |     };

      at settleWorker (test/utils/g2-pg17-harness.ts:163:15)
      at ChildProcess.<anonymous> (test/utils/g2-pg17-harness.ts:168:51)

  console.warn
    PG17_PROCESS {"name":"g2p17_137","old":false,"options":{"action":"roster","family":"clients","cursor":"<cursor>"},"failure":{"status":400,"message":"malformed cursor"},"queries":0,"pid":3613}

      161 |       if (code !== 0 || !result) { reject(new Error(`worker exited ${code}: ${output}`)); return; }
      162 |       // Query shapes, outcomes, fixture identifiers and process IDs only; never parameters.
    > 163 |       console.warn('PG17_PROCESS', JSON.stringify({ name, old, options: { ...options, cursor: options.cursor ? '<cursor>' : undefined },
          |               ^
      164 |         result: result.result, failure: result.failure, queries: result.queries.length, pid: result.pid }));
      165 |       resolveDone(result);
      166 |     };

      at settleWorker (test/utils/g2-pg17-harness.ts:163:15)
      at ChildProcess.<anonymous> (test/utils/g2-pg17-harness.ts:168:51)

  console.warn
    PG17_PROCESS {"name":"g2p17_138","old":false,"options":{"action":"roster","family":"clients","cursor":"<cursor>"},"failure":{"status":400,"message":"malformed cursor"},"queries":0,"pid":3626}

      161 |       if (code !== 0 || !result) { reject(new Error(`worker exited ${code}: ${output}`)); return; }
      162 |       // Query shapes, outcomes, fixture identifiers and process IDs only; never parameters.
    > 163 |       console.warn('PG17_PROCESS', JSON.stringify({ name, old, options: { ...options, cursor: options.cursor ? '<cursor>' : undefined },
          |               ^
      164 |         result: result.result, failure: result.failure, queries: result.queries.length, pid: result.pid }));
      165 |       resolveDone(result);
      166 |     };

      at settleWorker (test/utils/g2-pg17-harness.ts:163:15)
      at ChildProcess.<anonymous> (test/utils/g2-pg17-harness.ts:168:51)

  console.warn
    PG17_PROCESS {"name":"g2p17_139","old":false,"options":{"action":"roster","family":"clients","cursor":"<cursor>"},"failure":{"status":400,"message":"malformed cursor"},"queries":0,"pid":3639}

      161 |       if (code !== 0 || !result) { reject(new Error(`worker exited ${code}: ${output}`)); return; }
      162 |       // Query shapes, outcomes, fixture identifiers and process IDs only; never parameters.
    > 163 |       console.warn('PG17_PROCESS', JSON.stringify({ name, old, options: { ...options, cursor: options.cursor ? '<cursor>' : undefined },
          |               ^
      164 |         result: result.result, failure: result.failure, queries: result.queries.length, pid: result.pid }));
      165 |       resolveDone(result);
      166 |     };

      at settleWorker (test/utils/g2-pg17-harness.ts:163:15)
      at ChildProcess.<anonymous> (test/utils/g2-pg17-harness.ts:168:51)

  console.warn
    PG17_PROCESS {"name":"g2p17_140","old":false,"options":{"action":"roster","family":"clients","cursor":"<cursor>"},"failure":{"status":400,"message":"malformed cursor"},"queries":0,"pid":3652}

      161 |       if (code !== 0 || !result) { reject(new Error(`worker exited ${code}: ${output}`)); return; }
      162 |       // Query shapes, outcomes, fixture identifiers and process IDs only; never parameters.
    > 163 |       console.warn('PG17_PROCESS', JSON.stringify({ name, old, options: { ...options, cursor: options.cursor ? '<cursor>' : undefined },
          |               ^
      164 |         result: result.result, failure: result.failure, queries: result.queries.length, pid: result.pid }));
      165 |       resolveDone(result);
      166 |     };

      at settleWorker (test/utils/g2-pg17-harness.ts:163:15)
      at ChildProcess.<anonymous> (test/utils/g2-pg17-harness.ts:168:51)

  console.warn
    PG17_PROCESS {"name":"g2p17_141","old":false,"options":{"action":"roster","family":"clients","cursor":"<cursor>"},"failure":{"status":400,"message":"malformed cursor"},"queries":0,"pid":3665}

      161 |       if (code !== 0 || !result) { reject(new Error(`worker exited ${code}: ${output}`)); return; }
      162 |       // Query shapes, outcomes, fixture identifiers and process IDs only; never parameters.
    > 163 |       console.warn('PG17_PROCESS', JSON.stringify({ name, old, options: { ...options, cursor: options.cursor ? '<cursor>' : undefined },
          |               ^
      164 |         result: result.result, failure: result.failure, queries: result.queries.length, pid: result.pid }));
      165 |       resolveDone(result);
      166 |     };

      at settleWorker (test/utils/g2-pg17-harness.ts:163:15)
      at ChildProcess.<anonymous> (test/utils/g2-pg17-harness.ts:168:51)

  console.warn
    PG17_PROCESS {"name":"g2p17_142","old":false,"options":{"action":"roster","family":"clients","cursor":"<cursor>"},"failure":{"status":400,"message":"malformed cursor"},"queries":0,"pid":3678}

      161 |       if (code !== 0 || !result) { reject(new Error(`worker exited ${code}: ${output}`)); return; }
      162 |       // Query shapes, outcomes, fixture identifiers and process IDs only; never parameters.
    > 163 |       console.warn('PG17_PROCESS', JSON.stringify({ name, old, options: { ...options, cursor: options.cursor ? '<cursor>' : undefined },
          |               ^
      164 |         result: result.result, failure: result.failure, queries: result.queries.length, pid: result.pid }));
      165 |       resolveDone(result);
      166 |     };

      at settleWorker (test/utils/g2-pg17-harness.ts:163:15)
      at ChildProcess.<anonymous> (test/utils/g2-pg17-harness.ts:168:51)

  console.warn
    PG17_PROCESS {"name":"g2p17_143","old":false,"options":{"action":"roster","family":"clients","cursor":"<cursor>"},"failure":{"status":400,"message":"malformed cursor"},"queries":0,"pid":3694}

      161 |       if (code !== 0 || !result) { reject(new Error(`worker exited ${code}: ${output}`)); return; }
      162 |       // Query shapes, outcomes, fixture identifiers and process IDs only; never parameters.
    > 163 |       console.warn('PG17_PROCESS', JSON.stringify({ name, old, options: { ...options, cursor: options.cursor ? '<cursor>' : undefined },
          |               ^
      164 |         result: result.result, failure: result.failure, queries: result.queries.length, pid: result.pid }));
      165 |       resolveDone(result);
      166 |     };

      at settleWorker (test/utils/g2-pg17-harness.ts:163:15)
      at ChildProcess.<anonymous> (test/utils/g2-pg17-harness.ts:168:51)

  console.warn
    PG17_PROCESS {"name":"g2p17_144","old":false,"options":{"action":"roster","family":"clients","cursor":"<cursor>"},"result":{"intent_id":"intent","accounting":{"staged":1,"reconstructed":1,"skipped":0,"failed":0},"persons":[{"id":"65618bf5-3885-4fba-805a-fe8b88aa7e88","state":"InvitePending","source_platform":"truecoach","source_person_id":"a","display_name":"Synthetic A","created_at":"2026-09-22T00:32:37.965Z","updated_at":"2026-09-22T00:32:37.965Z"}],"page":{"limit":1,"next_cursor":null,"has_more":false}},"queries":8,"pid":3709}

      161 |       if (code !== 0 || !result) { reject(new Error(`worker exited ${code}: ${output}`)); return; }
      162 |       // Query shapes, outcomes, fixture identifiers and process IDs only; never parameters.
    > 163 |       console.warn('PG17_PROCESS', JSON.stringify({ name, old, options: { ...options, cursor: options.cursor ? '<cursor>' : undefined },
          |               ^
      164 |         result: result.result, failure: result.failure, queries: result.queries.length, pid: result.pid }));
      165 |       resolveDone(result);
      166 |     };

      at settleWorker (test/utils/g2-pg17-harness.ts:163:15)
      at ChildProcess.<anonymous> (test/utils/g2-pg17-harness.ts:168:51)

  console.warn
    PG17_PROCESS {"name":"g2p17_145","old":false,"options":{"family":"workouts"},"result":{"intent_id":"intent","staged":1,"reconstructed":1,"skipped":0,"failed":0},"queries":12,"pid":3769}

      161 |       if (code !== 0 || !result) { reject(new Error(`worker exited ${code}: ${output}`)); return; }
      162 |       // Query shapes, outcomes, fixture identifiers and process IDs only; never parameters.
    > 163 |       console.warn('PG17_PROCESS', JSON.stringify({ name, old, options: { ...options, cursor: options.cursor ? '<cursor>' : undefined },
          |               ^
      164 |         result: result.result, failure: result.failure, queries: result.queries.length, pid: result.pid }));
      165 |       resolveDone(result);
      166 |     };

      at settleWorker (test/utils/g2-pg17-harness.ts:163:15)
      at ChildProcess.<anonymous> (test/utils/g2-pg17-harness.ts:168:51)

  console.warn
    PG17_PROCESS {"name":"g2p17_146","old":false,"options":{"action":"entities","family":"workouts","cursor":"<cursor>"},"failure":{"status":400,"message":"malformed cursor"},"queries":0,"pid":3785}

      161 |       if (code !== 0 || !result) { reject(new Error(`worker exited ${code}: ${output}`)); return; }
      162 |       // Query shapes, outcomes, fixture identifiers and process IDs only; never parameters.
    > 163 |       console.warn('PG17_PROCESS', JSON.stringify({ name, old, options: { ...options, cursor: options.cursor ? '<cursor>' : undefined },
          |               ^
      164 |         result: result.result, failure: result.failure, queries: result.queries.length, pid: result.pid }));
      165 |       resolveDone(result);
      166 |     };

      at settleWorker (test/utils/g2-pg17-harness.ts:163:15)
      at ChildProcess.<anonymous> (test/utils/g2-pg17-harness.ts:168:51)

  console.warn
    PG17_PROCESS {"name":"g2p17_147","old":false,"options":{"action":"entities","family":"workouts","cursor":"<cursor>"},"result":{"intent_id":"intent","family":"workouts","entities":[],"page_count":0,"next_cursor":null},"queries":5,"pid":3798}

      161 |       if (code !== 0 || !result) { reject(new Error(`worker exited ${code}: ${output}`)); return; }
      162 |       // Query shapes, outcomes, fixture identifiers and process IDs only; never parameters.
    > 163 |       console.warn('PG17_PROCESS', JSON.stringify({ name, old, options: { ...options, cursor: options.cursor ? '<cursor>' : undefined },
          |               ^
      164 |         result: result.result, failure: result.failure, queries: result.queries.length, pid: result.pid }));
      165 |       resolveDone(result);
      166 |     };

      at settleWorker (test/utils/g2-pg17-harness.ts:163:15)
      at ChildProcess.<anonymous> (test/utils/g2-pg17-harness.ts:168:51)

  console.warn
    PG17_PROCESS {"name":"g2p17_148","old":false,"options":{"action":"entities","family":"workouts","cursor":"<cursor>"},"failure":{"status":400,"message":"malformed cursor"},"queries":0,"pid":3814}

      161 |       if (code !== 0 || !result) { reject(new Error(`worker exited ${code}: ${output}`)); return; }
      162 |       // Query shapes, outcomes, fixture identifiers and process IDs only; never parameters.
    > 163 |       console.warn('PG17_PROCESS', JSON.stringify({ name, old, options: { ...options, cursor: options.cursor ? '<cursor>' : undefined },
          |               ^
      164 |         result: result.result, failure: result.failure, queries: result.queries.length, pid: result.pid }));
      165 |       resolveDone(result);
      166 |     };

      at settleWorker (test/utils/g2-pg17-harness.ts:163:15)
      at ChildProcess.<anonymous> (test/utils/g2-pg17-harness.ts:168:51)

  console.warn
    PG17_PROCESS {"name":"g2p17_149","old":false,"options":{"action":"entities","family":"workouts","cursor":"<cursor>"},"failure":{"status":400,"message":"malformed cursor"},"queries":0,"pid":3827}

      161 |       if (code !== 0 || !result) { reject(new Error(`worker exited ${code}: ${output}`)); return; }
      162 |       // Query shapes, outcomes, fixture identifiers and process IDs only; never parameters.
    > 163 |       console.warn('PG17_PROCESS', JSON.stringify({ name, old, options: { ...options, cursor: options.cursor ? '<cursor>' : undefined },
          |               ^
      164 |         result: result.result, failure: result.failure, queries: result.queries.length, pid: result.pid }));
      165 |       resolveDone(result);
      166 |     };

      at settleWorker (test/utils/g2-pg17-harness.ts:163:15)
      at ChildProcess.<anonymous> (test/utils/g2-pg17-harness.ts:168:51)

  console.warn
    PG17_PROCESS {"name":"g2p17_150","old":false,"options":{"action":"entities","family":"workouts","cursor":"<cursor>"},"failure":{"status":400,"message":"malformed cursor"},"queries":0,"pid":3840}

      161 |       if (code !== 0 || !result) { reject(new Error(`worker exited ${code}: ${output}`)); return; }
      162 |       // Query shapes, outcomes, fixture identifiers and process IDs only; never parameters.
    > 163 |       console.warn('PG17_PROCESS', JSON.stringify({ name, old, options: { ...options, cursor: options.cursor ? '<cursor>' : undefined },
          |               ^
      164 |         result: result.result, failure: result.failure, queries: result.queries.length, pid: result.pid }));
      165 |       resolveDone(result);
      166 |     };

      at settleWorker (test/utils/g2-pg17-harness.ts:163:15)
      at ChildProcess.<anonymous> (test/utils/g2-pg17-harness.ts:168:51)

  console.warn
    PG17_PROCESS {"name":"g2p17_151","old":false,"options":{"action":"entities","family":"workouts","cursor":"<cursor>"},"failure":{"status":400,"message":"malformed cursor"},"queries":0,"pid":3853}

      161 |       if (code !== 0 || !result) { reject(new Error(`worker exited ${code}: ${output}`)); return; }
      162 |       // Query shapes, outcomes, fixture identifiers and process IDs only; never parameters.
    > 163 |       console.warn('PG17_PROCESS', JSON.stringify({ name, old, options: { ...options, cursor: options.cursor ? '<cursor>' : undefined },
          |               ^
      164 |         result: result.result, failure: result.failure, queries: result.queries.length, pid: result.pid }));
      165 |       resolveDone(result);
      166 |     };

      at settleWorker (test/utils/g2-pg17-harness.ts:163:15)
      at ChildProcess.<anonymous> (test/utils/g2-pg17-harness.ts:168:51)

  console.warn
    PG17_PROCESS {"name":"g2p17_152","old":false,"options":{"action":"entities","family":"workouts","cursor":"<cursor>"},"failure":{"status":400,"message":"malformed cursor"},"queries":0,"pid":3877}

      161 |       if (code !== 0 || !result) { reject(new Error(`worker exited ${code}: ${output}`)); return; }
      162 |       // Query shapes, outcomes, fixture identifiers and process IDs only; never parameters.
    > 163 |       console.warn('PG17_PROCESS', JSON.stringify({ name, old, options: { ...options, cursor: options.cursor ? '<cursor>' : undefined },
          |               ^
      164 |         result: result.result, failure: result.failure, queries: result.queries.length, pid: result.pid }));
      165 |       resolveDone(result);
      166 |     };

      at settleWorker (test/utils/g2-pg17-harness.ts:163:15)
      at ChildProcess.<anonymous> (test/utils/g2-pg17-harness.ts:168:51)

  console.warn
    PG17_PROCESS {"name":"g2p17_153","old":false,"options":{"action":"entities","family":"workouts","cursor":"<cursor>"},"failure":{"status":400,"message":"malformed cursor"},"queries":0,"pid":3890}

      161 |       if (code !== 0 || !result) { reject(new Error(`worker exited ${code}: ${output}`)); return; }
      162 |       // Query shapes, outcomes, fixture identifiers and process IDs only; never parameters.
    > 163 |       console.warn('PG17_PROCESS', JSON.stringify({ name, old, options: { ...options, cursor: options.cursor ? '<cursor>' : undefined },
          |               ^
      164 |         result: result.result, failure: result.failure, queries: result.queries.length, pid: result.pid }));
      165 |       resolveDone(result);
      166 |     };

      at settleWorker (test/utils/g2-pg17-harness.ts:163:15)
      at ChildProcess.<anonymous> (test/utils/g2-pg17-harness.ts:168:51)

  console.warn
    PG17_PROCESS {"name":"g2p17_154","old":false,"options":{"action":"entities","family":"workouts","cursor":"<cursor>"},"failure":{"status":400,"message":"malformed cursor"},"queries":0,"pid":3906}

      161 |       if (code !== 0 || !result) { reject(new Error(`worker exited ${code}: ${output}`)); return; }
      162 |       // Query shapes, outcomes, fixture identifiers and process IDs only; never parameters.
    > 163 |       console.warn('PG17_PROCESS', JSON.stringify({ name, old, options: { ...options, cursor: options.cursor ? '<cursor>' : undefined },
          |               ^
      164 |         result: result.result, failure: result.failure, queries: result.queries.length, pid: result.pid }));
      165 |       resolveDone(result);
      166 |     };

      at settleWorker (test/utils/g2-pg17-harness.ts:163:15)
      at ChildProcess.<anonymous> (test/utils/g2-pg17-harness.ts:168:51)

  console.warn
    PG17_PROCESS {"name":"g2p17_155","old":false,"options":{"action":"entities","family":"workouts","cursor":"<cursor>"},"failure":{"status":400,"message":"malformed cursor"},"queries":0,"pid":3919}

      161 |       if (code !== 0 || !result) { reject(new Error(`worker exited ${code}: ${output}`)); return; }
      162 |       // Query shapes, outcomes, fixture identifiers and process IDs only; never parameters.
    > 163 |       console.warn('PG17_PROCESS', JSON.stringify({ name, old, options: { ...options, cursor: options.cursor ? '<cursor>' : undefined },
          |               ^
      164 |         result: result.result, failure: result.failure, queries: result.queries.length, pid: result.pid }));
      165 |       resolveDone(result);
      166 |     };

      at settleWorker (test/utils/g2-pg17-harness.ts:163:15)
      at ChildProcess.<anonymous> (test/utils/g2-pg17-harness.ts:168:51)

  console.warn
    PG17_PROCESS {"name":"g2p17_156","old":false,"options":{"action":"entities","family":"workouts","cursor":"<cursor>"},"failure":{"status":400,"message":"malformed cursor"},"queries":0,"pid":3932}

      161 |       if (code !== 0 || !result) { reject(new Error(`worker exited ${code}: ${output}`)); return; }
      162 |       // Query shapes, outcomes, fixture identifiers and process IDs only; never parameters.
    > 163 |       console.warn('PG17_PROCESS', JSON.stringify({ name, old, options: { ...options, cursor: options.cursor ? '<cursor>' : undefined },
          |               ^
      164 |         result: result.result, failure: result.failure, queries: result.queries.length, pid: result.pid }));
      165 |       resolveDone(result);
      166 |     };

      at settleWorker (test/utils/g2-pg17-harness.ts:163:15)
      at ChildProcess.<anonymous> (test/utils/g2-pg17-harness.ts:168:51)

  console.warn
    PG17_PROCESS {"name":"g2p17_157","old":false,"options":{"action":"entities","family":"workouts","cursor":"<cursor>"},"failure":{"status":400,"message":"malformed cursor"},"queries":0,"pid":3945}

      161 |       if (code !== 0 || !result) { reject(new Error(`worker exited ${code}: ${output}`)); return; }
      162 |       // Query shapes, outcomes, fixture identifiers and process IDs only; never parameters.
    > 163 |       console.warn('PG17_PROCESS', JSON.stringify({ name, old, options: { ...options, cursor: options.cursor ? '<cursor>' : undefined },
          |               ^
      164 |         result: result.result, failure: result.failure, queries: result.queries.length, pid: result.pid }));
      165 |       resolveDone(result);
      166 |     };

      at settleWorker (test/utils/g2-pg17-harness.ts:163:15)
      at ChildProcess.<anonymous> (test/utils/g2-pg17-harness.ts:168:51)

  console.warn
    PG17_PROCESS {"name":"g2p17_158","old":false,"options":{"action":"entities","family":"workouts","cursor":"<cursor>"},"failure":{"status":400,"message":"malformed cursor"},"queries":0,"pid":3958}

      161 |       if (code !== 0 || !result) { reject(new Error(`worker exited ${code}: ${output}`)); return; }
      162 |       // Query shapes, outcomes, fixture identifiers and process IDs only; never parameters.
    > 163 |       console.warn('PG17_PROCESS', JSON.stringify({ name, old, options: { ...options, cursor: options.cursor ? '<cursor>' : undefined },
          |               ^
      164 |         result: result.result, failure: result.failure, queries: result.queries.length, pid: result.pid }));
      165 |       resolveDone(result);
      166 |     };

      at settleWorker (test/utils/g2-pg17-harness.ts:163:15)
      at ChildProcess.<anonymous> (test/utils/g2-pg17-harness.ts:168:51)

  console.warn
    PG17_PROCESS {"name":"g2p17_159","old":false,"options":{"action":"entities","family":"workouts","cursor":"<cursor>"},"failure":{"status":400,"message":"malformed cursor"},"queries":0,"pid":3972}

      161 |       if (code !== 0 || !result) { reject(new Error(`worker exited ${code}: ${output}`)); return; }
      162 |       // Query shapes, outcomes, fixture identifiers and process IDs only; never parameters.
    > 163 |       console.warn('PG17_PROCESS', JSON.stringify({ name, old, options: { ...options, cursor: options.cursor ? '<cursor>' : undefined },
          |               ^
      164 |         result: result.result, failure: result.failure, queries: result.queries.length, pid: result.pid }));
      165 |       resolveDone(result);
      166 |     };

      at settleWorker (test/utils/g2-pg17-harness.ts:163:15)
      at ChildProcess.<anonymous> (test/utils/g2-pg17-harness.ts:168:51)

  console.warn
    PG17_PROCESS {"name":"g2p17_160","old":false,"options":{"action":"entities","family":"workouts","cursor":"<cursor>"},"failure":{"status":400,"message":"malformed cursor"},"queries":0,"pid":3985}

      161 |       if (code !== 0 || !result) { reject(new Error(`worker exited ${code}: ${output}`)); return; }
      162 |       // Query shapes, outcomes, fixture identifiers and process IDs only; never parameters.
    > 163 |       console.warn('PG17_PROCESS', JSON.stringify({ name, old, options: { ...options, cursor: options.cursor ? '<cursor>' : undefined },
          |               ^
      164 |         result: result.result, failure: result.failure, queries: result.queries.length, pid: result.pid }));
      165 |       resolveDone(result);
      166 |     };

      at settleWorker (test/utils/g2-pg17-harness.ts:163:15)
      at ChildProcess.<anonymous> (test/utils/g2-pg17-harness.ts:168:51)

  console.warn
    PG17_PROCESS {"name":"g2p17_161","old":false,"options":{"action":"entities","family":"workouts","cursor":"<cursor>"},"failure":{"status":400,"message":"malformed cursor"},"queries":0,"pid":3998}

      161 |       if (code !== 0 || !result) { reject(new Error(`worker exited ${code}: ${output}`)); return; }
      162 |       // Query shapes, outcomes, fixture identifiers and process IDs only; never parameters.
    > 163 |       console.warn('PG17_PROCESS', JSON.stringify({ name, old, options: { ...options, cursor: options.cursor ? '<cursor>' : undefined },
          |               ^
      164 |         result: result.result, failure: result.failure, queries: result.queries.length, pid: result.pid }));
      165 |       resolveDone(result);
      166 |     };

      at settleWorker (test/utils/g2-pg17-harness.ts:163:15)
      at ChildProcess.<anonymous> (test/utils/g2-pg17-harness.ts:168:51)

  console.warn
    PG17_PROCESS {"name":"g2p17_162","old":false,"options":{"action":"entities","family":"workouts","cursor":"<cursor>"},"result":{"intent_id":"intent","family":"workouts","entities":[{"id":"2411f1f1-b347-4af2-8105-192459fad950","source_platform":"truecoach","entity_type":"workouts","source_id":"a","client_source_id":"client-new","label":"Synthetic A","created_at":"2026-09-22T00:32:53.008Z","updated_at":"2026-09-22T00:32:53.008Z"}],"page_count":1,"next_cursor":null},"queries":6,"pid":4011}

      161 |       if (code !== 0 || !result) { reject(new Error(`worker exited ${code}: ${output}`)); return; }
      162 |       // Query shapes, outcomes, fixture identifiers and process IDs only; never parameters.
    > 163 |       console.warn('PG17_PROCESS', JSON.stringify({ name, old, options: { ...options, cursor: options.cursor ? '<cursor>' : undefined },
          |               ^
      164 |         result: result.result, failure: result.failure, queries: result.queries.length, pid: result.pid }));
      165 |       resolveDone(result);
      166 |     };

      at settleWorker (test/utils/g2-pg17-harness.ts:163:15)
      at ChildProcess.<anonymous> (test/utils/g2-pg17-harness.ts:168:51)

  console.warn
    PG17_PROCESS {"name":"g2p17_163","old":false,"options":{},"result":{"intent_id":"intent","staged":2,"reconstructed":2,"skipped":0,"failed":0},"queries":20,"pid":4035}

      161 |       if (code !== 0 || !result) { reject(new Error(`worker exited ${code}: ${output}`)); return; }
      162 |       // Query shapes, outcomes, fixture identifiers and process IDs only; never parameters.
    > 163 |       console.warn('PG17_PROCESS', JSON.stringify({ name, old, options: { ...options, cursor: options.cursor ? '<cursor>' : undefined },
          |               ^
      164 |         result: result.result, failure: result.failure, queries: result.queries.length, pid: result.pid }));
      165 |       resolveDone(result);
      166 |     };

      at settleWorker (test/utils/g2-pg17-harness.ts:163:15)
      at ChildProcess.<anonymous> (test/utils/g2-pg17-harness.ts:168:51)

  console.warn
    PG17_RESOLVE_ROLLED_BACK {"ok":false,"output":"Prisma schema loaded from prisma/schema.prisma\nDatasource \"db\": PostgreSQL database \"g2_s5_etq0_disposable\", schema \"public\" at \"127.0.0.1:54325\"\n\nError: P3012\n\nMigration `20270118000000_scout_ledger_platform_expand` cannot be rolled back because it is not in a failed state.\n\n"}

      777 |     // is refused (P3012) and history is untouched. It is NOT a recovery step for this state.
      778 |     const resolveAttempt = prisma(root, ['migrate', 'resolve', '--rolled-back', E]);
    > 779 |     console.warn('PG17_RESOLVE_ROLLED_BACK', JSON.stringify(resolveAttempt));
          |             ^
      780 |     expect(resolveAttempt.ok).toBe(false);
      781 |     expect(resolveAttempt.output).toMatch(/P3012/);
      782 |     expect(appliedMigrations()).toBe('165');

      at Object.<anonymous> (test/rls-g2-pg17-etq0.spec.ts:779:13)

  console.warn
    PG17_PROCESS {"name":"g2p17_164","old":true,"options":{},"result":{"intent_id":"intent","staged":3,"reconstructed":3,"skipped":0,"failed":0},"queries":16,"pid":4390}

      161 |       if (code !== 0 || !result) { reject(new Error(`worker exited ${code}: ${output}`)); return; }
      162 |       // Query shapes, outcomes, fixture identifiers and process IDs only; never parameters.
    > 163 |       console.warn('PG17_PROCESS', JSON.stringify({ name, old, options: { ...options, cursor: options.cursor ? '<cursor>' : undefined },
          |               ^
      164 |         result: result.result, failure: result.failure, queries: result.queries.length, pid: result.pid }));
      165 |       resolveDone(result);
      166 |     };

      at settleWorker (test/utils/g2-pg17-harness.ts:163:15)
      at ChildProcess.<anonymous> (test/utils/g2-pg17-harness.ts:168:51)

  console.warn
    PG17_PROCESS {"name":"g2p17_165","old":false,"options":{},"failure":{"status":500,"message":"Internal server error","code":"P2022"},"queries":12,"pid":4406}

      161 |       if (code !== 0 || !result) { reject(new Error(`worker exited ${code}: ${output}`)); return; }
      162 |       // Query shapes, outcomes, fixture identifiers and process IDs only; never parameters.
    > 163 |       console.warn('PG17_PROCESS', JSON.stringify({ name, old, options: { ...options, cursor: options.cursor ? '<cursor>' : undefined },
          |               ^
      164 |         result: result.result, failure: result.failure, queries: result.queries.length, pid: result.pid }));
      165 |       resolveDone(result);
      166 |     };

      at settleWorker (test/utils/g2-pg17-harness.ts:163:15)
      at ChildProcess.<anonymous> (test/utils/g2-pg17-harness.ts:168:51)

  console.warn
    PG17_PROCESS {"name":"g2p17_166","old":false,"options":{},"result":{"intent_id":"intent","staged":3,"reconstructed":3,"skipped":0,"failed":0},"queries":28,"pid":4460}

      161 |       if (code !== 0 || !result) { reject(new Error(`worker exited ${code}: ${output}`)); return; }
      162 |       // Query shapes, outcomes, fixture identifiers and process IDs only; never parameters.
    > 163 |       console.warn('PG17_PROCESS', JSON.stringify({ name, old, options: { ...options, cursor: options.cursor ? '<cursor>' : undefined },
          |               ^
      164 |         result: result.result, failure: result.failure, queries: result.queries.length, pid: result.pid }));
      165 |       resolveDone(result);
      166 |     };

      at settleWorker (test/utils/g2-pg17-harness.ts:163:15)
      at ChildProcess.<anonymous> (test/utils/g2-pg17-harness.ts:168:51)

  console.warn
    PG17_PROCESS {"name":"g2p17_167","old":false,"options":{},"result":{"intent_id":"intent","staged":1,"reconstructed":1,"skipped":0,"failed":0},"queries":12,"pid":4490}

      161 |       if (code !== 0 || !result) { reject(new Error(`worker exited ${code}: ${output}`)); return; }
      162 |       // Query shapes, outcomes, fixture identifiers and process IDs only; never parameters.
    > 163 |       console.warn('PG17_PROCESS', JSON.stringify({ name, old, options: { ...options, cursor: options.cursor ? '<cursor>' : undefined },
          |               ^
      164 |         result: result.result, failure: result.failure, queries: result.queries.length, pid: result.pid }));
      165 |       resolveDone(result);
      166 |     };

      at settleWorker (test/utils/g2-pg17-harness.ts:163:15)
      at ChildProcess.<anonymous> (test/utils/g2-pg17-harness.ts:168:51)

  console.warn
    PG17_CLAIM_RACE {"branch":"down-applied","message":""}

      843 |     try {
      844 |       try { sql(down); branch = 'down-applied'; } catch (e) { message = String(e); }
    > 845 |       console.warn('PG17_CLAIM_RACE', JSON.stringify({ branch, message: message.split('\n').find((l) => l.includes('ERROR')) ?? '' }));
          |               ^
      846 |       if (branch === 'down-refused') {
      847 |         // Either the lock budget fired or the claim was visible and refused; the column survives.
      848 |         expect(message).toMatch(/lock timeout|refuses removal of assigned provenance/);

      at Object.<anonymous> (test/rls-g2-pg17-etq0.spec.ts:845:15)

  console.warn
    PG17_PROCESS {"name":"g2p17_168","old":false,"options":{"pause":"claimed"},"failure":{"status":500,"message":"Internal server error","code":"P2022"},"queries":14,"pid":4695}

      161 |       if (code !== 0 || !result) { reject(new Error(`worker exited ${code}: ${output}`)); return; }
      162 |       // Query shapes, outcomes, fixture identifiers and process IDs only; never parameters.
    > 163 |       console.warn('PG17_PROCESS', JSON.stringify({ name, old, options: { ...options, cursor: options.cursor ? '<cursor>' : undefined },
          |               ^
      164 |         result: result.result, failure: result.failure, queries: result.queries.length, pid: result.pid }));
      165 |       resolveDone(result);
      166 |     };

      at settleWorker (test/utils/g2-pg17-harness.ts:163:15)
      at ChildProcess.<anonymous> (test/utils/g2-pg17-harness.ts:168:51)

  console.warn
    PG17_CLAIM_RACE_WORKER {"branch":"down-applied","failure":{"status":500,"message":"Internal server error","code":"P2022"},"events":0}

      857 |       outcome = await paused.done;
      858 |     } finally { paused.stop(); }
    > 859 |     console.warn('PG17_CLAIM_RACE_WORKER', JSON.stringify({ branch, result: outcome.result, failure: outcome.failure, events: outcome.events.length }));
          |             ^
      860 |     const ledger = records();
      861 |     const after = targets();
      862 |     if (branch === 'down-applied') {

      at Object.<anonymous> (test/rls-g2-pg17-etq0.spec.ts:859:13)

  console.warn
    PG17_PROCESS {"name":"g2p17_169","old":false,"options":{},"result":{"intent_id":"intent","staged":1,"reconstructed":1,"skipped":0,"failed":0},"queries":12,"pid":4758}

      161 |       if (code !== 0 || !result) { reject(new Error(`worker exited ${code}: ${output}`)); return; }
      162 |       // Query shapes, outcomes, fixture identifiers and process IDs only; never parameters.
    > 163 |       console.warn('PG17_PROCESS', JSON.stringify({ name, old, options: { ...options, cursor: options.cursor ? '<cursor>' : undefined },
          |               ^
      164 |         result: result.result, failure: result.failure, queries: result.queries.length, pid: result.pid }));
      165 |       resolveDone(result);
      166 |     };

      at settleWorker (test/utils/g2-pg17-harness.ts:163:15)
      at ChildProcess.<anonymous> (test/utils/g2-pg17-harness.ts:168:51)

  console.warn
    PG17_PROCESS {"name":"g2p17_170","old":false,"options":{"pause":"claimed","txTimeout":30000},"result":{"intent_id":"intent","staged":1,"reconstructed":1,"skipped":0,"failed":0},"queries":12,"pid":4837}

      161 |       if (code !== 0 || !result) { reject(new Error(`worker exited ${code}: ${output}`)); return; }
      162 |       // Query shapes, outcomes, fixture identifiers and process IDs only; never parameters.
    > 163 |       console.warn('PG17_PROCESS', JSON.stringify({ name, old, options: { ...options, cursor: options.cursor ? '<cursor>' : undefined },
          |               ^
      164 |         result: result.result, failure: result.failure, queries: result.queries.length, pid: result.pid }));
      165 |       resolveDone(result);
      166 |     };

      at settleWorker (test/utils/g2-pg17-harness.ts:163:15)
      at ChildProcess.<anonymous> (test/utils/g2-pg17-harness.ts:168:51)

  console.warn
    PG17_CLAIM_REFUSED_WORKER {"result":{"intent_id":"intent","staged":1,"reconstructed":1,"skipped":0,"failed":0},"events":1}

      942 |       outcome = await paused.done;
      943 |     } finally { paused.stop(); }
    > 944 |     console.warn('PG17_CLAIM_REFUSED_WORKER', JSON.stringify({ result: outcome.result, failure: outcome.failure, events: outcome.events.length }));
          |             ^
      945 |     // Terminal contract: the claim commits whole (claim + target + reconstructed), one completion event,
      946 |     // and nothing about E changed.
      947 |     expect(outcome.failure).toBeUndefined();

      at Object.<anonymous> (test/rls-g2-pg17-etq0.spec.ts:944:13)

PASS rls-live test/rls-g2-pg17-etq0.spec.ts (225.381 s)
  stage 1: E on a populated narrow base with the actual O binary
    ✓ populates synthetic legacy history without a provenance column and O reconstructs 600 staged rows (15757 ms)
    ✓ applies E: rows, OIDs, keys, RLS and policies preserved; column nullable without default (381 ms)
    ✓ keeps the actual O writer and readers working on E, creating NULL provenance (18745 ms)
    ✓ retains forced RLS denial for anon/authenticated on every touched table, even with a hostile claim (1156 ms)
    ✓ refuses a wrong public index owner in up on the populated base (422 ms)
    ✓ refuses a wrong public index owner in down on the populated base (312 ms)
    ✓ schema-qualifies both directions despite search_path decoys, leaving 1230 populated rows intact (396 ms)
    ✓ forced-RLS non-bypass owning role cannot drop hidden provenance (populated=true) (330 ms)
    ✓ forced-RLS non-bypass owning role cannot drop hidden provenance (populated=false) (289 ms)
    ✓ rolls E back only while every provenance is NULL, preserving rows, then re-applies (559 ms)
  stage 2: E recorded through the real release mechanism
    ✓ prisma migrate deploy applies exactly E on the populated database and records history (2360 ms)
  stage 3: T provenance, atomicity, accounting and collisions on PostgreSQL 17
    ✓ claims historical NULL history at volume with honest multi-page accounting and identical replay (10080 ms)
    ✓ claims only the exact coach/intent/family identity and leaves adjacent tenants untouched (2243 ms)
    ✓ creates every outcome with actual provenance, isolates failures and replays honestly (2052 ms)
    ✓ claims historical NULL on reconstructed attempts (1052 ms)
    ✓ claims historical NULL on skipped attempts (1046 ms)
    ✓ claims historical NULL on failed attempts (1076 ms)
    ✓ rolls back new and pre-existing clients target changes on late mismatch (4126 ms)
    ✓ rolls back new and pre-existing workouts target changes on late mismatch (3261 ms)
    ✓ fail-stops mid-batch on a legacy provenance contradiction, keeping earlier committed rows and honest durable counts (2161 ms)
    ✓ preserves success and reason on skip failure/skip, but still checks mismatch (2877 ms)
    ✓ preserves success and reason on throw failure/skip, but still checks mismatch (2856 ms)
    ✓ preserves success and reason on database failure/skip, but still checks mismatch (2929 ms)
    ✓ rejects invalid staging before writes and preserves narrow staging/ledger identities (8611 ms)
    ✓ cross-intent same source: same platform converges on one Person, different platform mints a second (4296 ms)
    ✓ characterizes the retained narrow ledger collision: one intent cannot carry two platforms for one source (1183 ms)
    ✓ characterizes actual O after T: provenance stays but O can downgrade success (3997 ms)
  stage 3b: deterministically coordinated T/T and O/T processes on PostgreSQL 17
    ✓ concurrent success replays with false old winner converge on one target (2166 ms)
    ✓ concurrent success replays with true old winner converge on one target (1969 ms)
    ✓ two absent skip inserts observe real P2002 contention and bounded full-transaction retry (1760 ms)
    ✓ retries real PostgreSQL serialization failure once for skip (1096 ms)
    ✓ retries real PostgreSQL serialization failure once for throw (1130 ms)
    ✓ retries real PostgreSQL serialization failure once for success (1128 ms)
    ✓ exhausted real ledger serialization conflicts stop after two transactions with no invented tally (1113 ms)
    ✓ success holds claim while a failing false old writer waits (2063 ms)
    ✓ success holds claim while a failing true old writer waits (2005 ms)
    ✓ success holds claim while a skipped false old writer waits (2108 ms)
    ✓ success holds claim while a skipped true old writer waits (2124 ms)
    ✓ T success upgrades serialized skip while target write is open (1885 ms)
    ✓ T success upgrades serialized throw while target write is open (1874 ms)
    ✓ concurrent different-platform NULL claims serialize and the loser rolls back target changes (2090 ms)
  stage 4: Q0 real scoped reads, cursor boundaries and unchanged emission
    ✓ enumerates exact narrow-schema clients page union and retains NULL legacy history (8723 ms)
    ✓ enumerates exact narrow-schema workouts page union and retains NULL legacy history (8877 ms)
    ✓ characterizes clients ties ONLY in a temporary future-schema fixture (3850 ms)
    ✓ characterizes workouts ties ONLY in a temporary future-schema fixture (3869 ms)
    ✓ bounds clients cursor tokens at 8,192 characters and rejects every malformed shape without reflection (15070 ms)
    ✓ bounds workouts cursor tokens at 8,192 characters and rejects every malformed shape without reflection (14916 ms)
  stage 5: rollout recovery boundaries after T has claimed provenance
    ✓ refuses destructive E rollback while any claim exists, keeps history, and only a drained ledger can roll back (8129 ms)
    ✓ E/down lock budgets fail atomically against a live writer transaction instead of queueing behind it (11325 ms)
    ✓ characterizes down against an actual T claim transaction paused inside its interactive transaction (7450 ms)
    ✓ refuses down with a lock timeout while an actual T claim transaction outlives E's lock budget, and the released claim then commits intact (6495 ms)

Test Suites: 1 passed, 1 total
Tests:       51 passed, 51 total
Snapshots:   0 total
Time:        225.618 s
Ran all test suites matching test/rls-g2-pg17-etq0.spec.ts.
S5_FIXTURE_STOP_OK
PROOF_EXIT=0 STAGE=resume STOP_RC=0 DAEMON=none TS=20260922T002932Z START=2026-09-22T00:29:32Z END=2026-09-22T00:33:40Z
FULL_EXIT=0 CLEANUP_STOP_RC=na END=2026-09-22T00:33:40Z pid=30907
