CMD: npx jest --config jest.rls.config.js test/rls-g2-pg17-etq0.spec.ts --runInBand --testTimeout=180000
  console.warn
    PG17_DATABASE {"port":54325,"user":"postgres","owner":"postgres","super":false,"address":"127.0.0.1","version":"170006","database":"g2_s5_etq0_disposable","bypassrls":true,"directory":"/home/user/pg17/clusters/s5"}

      41 |   expect(Number(identity.version)).toBeLessThan(180000);
      42 |   expect(directory).toMatch(/\/pg17\/clusters\/s5$/);
    > 43 |   console.warn('PG17_DATABASE', JSON.stringify(identity));
         |           ^
      44 |   // Bootstrap leaves the full 164-migration O history and NO E column/history.
      45 |   expect(appliedMigrations()).toBe('164');
      46 |   expect(sql(`SELECT count(*) FROM "_prisma_migrations" WHERE migration_name=${quote(E)}`)).toBe('0');

      at Object.<anonymous> (test/rls-g2-pg17-etq0.spec.ts:43:11)

  console.warn
    PG17_API_ROLE_TABLE_PRIVILEGES Person=DELETE,INSERT,REFERENCES,SELECT,TRIGGER,TRUNCATE,UPDATE ScoutIngestEntity=DELETE,INSERT,REFERENCES,SELECT,TRIGGER,TRUNCATE,UPDATE ScoutReconstructedEntity=DELETE,INSERT,REFERENCES,SELECT,TRIGGER,TRUNCATE,UPDATE ScoutReconstructionLedger=DELETE,INSERT,REFERENCES,SELECT,TRIGGER,TRUNCATE,UPDATE

      62 |     GRANT ALL ON public."ScoutIngestEntity",public."ScoutReconstructionLedger",
      63 |       public."Person",public."ScoutReconstructedEntity",public."ScoutImport" TO service_role,anon,authenticated;`);
    > 64 |   console.warn('PG17_API_ROLE_TABLE_PRIVILEGES', sql(`SELECT string_agg(table_name||'='||privileges,' ' ORDER BY table_name) FROM (
         |           ^
      65 |     SELECT table_name, string_agg(privilege_type,',' ORDER BY privilege_type) privileges
      66 |     FROM information_schema.role_table_grants WHERE grantee='anon' AND table_schema='public'
      67 |     AND table_name IN ('ScoutIngestEntity','ScoutReconstructionLedger','Person','ScoutReconstructedEntity') GROUP BY 1) g`));

      at Object.<anonymous> (test/rls-g2-pg17-etq0.spec.ts:64:11)

  console.warn
    PG17_PROCESS {"name":"g2p17_1","old":true,"options":{},"result":{"intent_id":"intent","staged":600,"reconstructed":596,"skipped":8,"failed":21},"queries":2405,"pid":28733}

      158 |       if (code !== 0 || !result) { reject(new Error(`worker exited ${code}: ${output}`)); return; }
      159 |       // Query shapes, outcomes, fixture identifiers and process IDs only; never parameters.
    > 160 |       console.warn('PG17_PROCESS', JSON.stringify({ name, old, options: { ...options, cursor: options.cursor ? '<cursor>' : undefined },
          |               ^
      161 |         result: result.result, failure: result.failure, queries: result.queries.length, pid: result.pid }));
      162 |       resolveDone(result);
      163 |     };

      at settleWorker (test/utils/g2-pg17-harness.ts:160:15)
      at ChildProcess.<anonymous> (test/utils/g2-pg17-harness.ts:165:51)

  console.warn
    PG17_PROCESS {"name":"g2p17_2","old":true,"options":{"action":"roster","family":"clients","limit":7},"result":{"intent_id":"intent","accounting":{"staged":600,"reconstructed":596,"skipped":8,"failed":21},"persons":[],"page":{"limit":7,"next_cursor":"aDAwMDIw","has_more":true}},"queries":8,"pid":28755}

      158 |       if (code !== 0 || !result) { reject(new Error(`worker exited ${code}: ${output}`)); return; }
      159 |       // Query shapes, outcomes, fixture identifiers and process IDs only; never parameters.
    > 160 |       console.warn('PG17_PROCESS', JSON.stringify({ name, old, options: { ...options, cursor: options.cursor ? '<cursor>' : undefined },
          |               ^
      161 |         result: result.result, failure: result.failure, queries: result.queries.length, pid: result.pid }));
      162 |       resolveDone(result);
      163 |     };

      at settleWorker (test/utils/g2-pg17-harness.ts:160:15)
      at ChildProcess.<anonymous> (test/utils/g2-pg17-harness.ts:165:51)

  console.warn
    PG17_PROCESS {"name":"g2p17_3","old":true,"options":{"action":"roster","family":"clients","cursor":"<cursor>","limit":7},"result":{"intent_id":"intent","accounting":{"staged":600,"reconstructed":596,"skipped":8,"failed":21},"persons":[{"id":"2c8cb484-0119-499f-b9e2-e7127b09f585","state":"InvitePending","source_platform":"truecoach","source_person_id":"s00001","display_name":"Synthetic 1","created_at":"2026-09-20T18:52:46.061Z","updated_at":"2026-09-20T18:52:46.061Z"},{"id":"162bfd1b-bc8b-47e1-a746-d287147ac5cf","state":"InvitePending","source_platform":"truecoach","source_person_id":"s00002","display_name":"Synthetic 2","created_at":"2026-09-20T18:52:46.065Z","updated_at":"2026-09-20T18:52:46.065Z"},{"id":"14dabaef-c6a9-45b8-b367-a4fc1aafbb15","state":"InvitePending","source_platform":"truecoach","source_person_id":"s00003","display_name":"Synthetic 3","created_at":"2026-09-20T18:52:46.067Z","updated_at":"2026-09-20T18:52:46.067Z"},{"id":"b15d3b3d-4f3c-46d0-bcec-efdbadc81892","state":"InvitePending","source_platform":"truecoach","source_person_id":"s00004","display_name":"Synthetic 4","created_at":"2026-09-20T18:52:46.069Z","updated_at":"2026-09-20T18:52:46.069Z"},{"id":"33dd94b1-6aa6-49a0-81c3-5e35031626f4","state":"InvitePending","source_platform":"truecoach","source_person_id":"s00005","display_name":"Synthetic 5","created_at":"2026-09-20T18:52:46.071Z","updated_at":"2026-09-20T18:52:46.071Z"},{"id":"2d4cad0d-6806-44c1-af00-62fc11cfb5f5","state":"InvitePending","source_platform":"truecoach","source_person_id":"s00006","display_name":"Synthetic 6","created_at":"2026-09-20T18:52:46.073Z","updated_at":"2026-09-20T18:52:46.073Z"}],"page":{"limit":7,"next_cursor":"czAwMDA2","has_more":true}},"queries":8,"pid":28771}

      158 |       if (code !== 0 || !result) { reject(new Error(`worker exited ${code}: ${output}`)); return; }
      159 |       // Query shapes, outcomes, fixture identifiers and process IDs only; never parameters.
    > 160 |       console.warn('PG17_PROCESS', JSON.stringify({ name, old, options: { ...options, cursor: options.cursor ? '<cursor>' : undefined },
          |               ^
      161 |         result: result.result, failure: result.failure, queries: result.queries.length, pid: result.pid }));
      162 |       resolveDone(result);
      163 |     };

      at settleWorker (test/utils/g2-pg17-harness.ts:160:15)
      at ChildProcess.<anonymous> (test/utils/g2-pg17-harness.ts:165:51)

  console.warn
    PG17_PROCESS {"name":"g2p17_4","old":true,"options":{"action":"roster","family":"clients","cursor":"<cursor>","limit":7},"result":{"intent_id":"intent","accounting":{"staged":600,"reconstructed":596,"skipped":8,"failed":21},"persons":[{"id":"10012c02-103a-490e-ac18-07ab71a069db","state":"InvitePending","source_platform":"truecoach","source_person_id":"s00007","display_name":"Synthetic 7","created_at":"2026-09-20T18:52:46.075Z","updated_at":"2026-09-20T18:52:46.075Z"},{"id":"6af520f1-b7df-4cd5-95ad-a2affeccbc2c","state":"InvitePending","source_platform":"truecoach","source_person_id":"s00008","display_name":"Synthetic 8","created_at":"2026-09-20T18:52:46.077Z","updated_at":"2026-09-20T18:52:46.077Z"},{"id":"a4c5e9ff-9271-4165-8d8b-24e0b6fc18c6","state":"InvitePending","source_platform":"truecoach","source_person_id":"s00009","display_name":"Synthetic 9","created_at":"2026-09-20T18:52:46.079Z","updated_at":"2026-09-20T18:52:46.079Z"},{"id":"88fd56fe-2a96-4c43-ac0a-06c03cc6af81","state":"InvitePending","source_platform":"truecoach","source_person_id":"s00010","display_name":"Synthetic 10","created_at":"2026-09-20T18:52:46.080Z","updated_at":"2026-09-20T18:52:46.080Z"},{"id":"9196bcc7-1aa9-45cb-9793-772b1e22fcdf","state":"InvitePending","source_platform":"truecoach","source_person_id":"s00011","display_name":"Synthetic 11","created_at":"2026-09-20T18:52:46.082Z","updated_at":"2026-09-20T18:52:46.082Z"},{"id":"5d823f3b-6831-4857-a567-5791754ada41","state":"InvitePending","source_platform":"truecoach","source_person_id":"s00012","display_name":"Synthetic 12","created_at":"2026-09-20T18:52:46.086Z","updated_at":"2026-09-20T18:52:46.086Z"},{"id":"e3683289-1eaa-49b0-b14d-d9e0ae6fa745","state":"InvitePending","source_platform":"truecoach","source_person_id":"s00013","display_name":"Synthetic 13","created_at":"2026-09-20T18:52:46.087Z","updated_at":"2026-09-20T18:52:46.087Z"}],"page":{"limit":7,"next_cursor":"czAwMDEz","has_more":true}},"queries":8,"pid":28788}

      158 |       if (code !== 0 || !result) { reject(new Error(`worker exited ${code}: ${output}`)); return; }
      159 |       // Query shapes, outcomes, fixture identifiers and process IDs only; never parameters.
    > 160 |       console.warn('PG17_PROCESS', JSON.stringify({ name, old, options: { ...options, cursor: options.cursor ? '<cursor>' : undefined },
          |               ^
      161 |         result: result.result, failure: result.failure, queries: result.queries.length, pid: result.pid }));
      162 |       resolveDone(result);
      163 |     };

      at settleWorker (test/utils/g2-pg17-harness.ts:160:15)
      at ChildProcess.<anonymous> (test/utils/g2-pg17-harness.ts:165:51)

  console.warn
    PG17_PROCESS {"name":"g2p17_5","old":true,"options":{"action":"roster","family":"clients","cursor":"<cursor>","limit":7},"result":{"intent_id":"intent","accounting":{"staged":600,"reconstructed":596,"skipped":8,"failed":21},"persons":[{"id":"8d9aafc6-a93d-4a41-be3a-331e2efcce18","state":"InvitePending","source_platform":"truecoach","source_person_id":"s00014","display_name":"Synthetic 14","created_at":"2026-09-20T18:52:46.089Z","updated_at":"2026-09-20T18:52:46.089Z"},{"id":"c260bcdd-3355-4451-a54e-159a6f7cd8d7","state":"InvitePending","source_platform":"truecoach","source_person_id":"s00015","display_name":"Synthetic 15","created_at":"2026-09-20T18:52:46.090Z","updated_at":"2026-09-20T18:52:46.090Z"},{"id":"a638da56-b8a5-49c2-8b52-da40bf78a7d4","state":"InvitePending","source_platform":"truecoach","source_person_id":"s00016","display_name":"Synthetic 16","created_at":"2026-09-20T18:52:46.092Z","updated_at":"2026-09-20T18:52:46.092Z"},{"id":"f9dceb27-b989-4baa-8ae5-cceb0735c8c0","state":"InvitePending","source_platform":"truecoach","source_person_id":"s00017","display_name":"Synthetic 17","created_at":"2026-09-20T18:52:46.094Z","updated_at":"2026-09-20T18:52:46.094Z"},{"id":"7e544b9b-447c-4a29-a14a-5fe31746ae7c","state":"InvitePending","source_platform":"truecoach","source_person_id":"s00018","display_name":"Synthetic 18","created_at":"2026-09-20T18:52:46.095Z","updated_at":"2026-09-20T18:52:46.095Z"},{"id":"4fbfcce0-9a85-42aa-9cb3-128fd1f8a702","state":"InvitePending","source_platform":"truecoach","source_person_id":"s00019","display_name":"Synthetic 19","created_at":"2026-09-20T18:52:46.097Z","updated_at":"2026-09-20T18:52:46.097Z"},{"id":"effc3d3e-b3c6-4bae-95d1-b61c2931bafe","state":"InvitePending","source_platform":"truecoach","source_person_id":"s00020","display_name":"Synthetic 20","created_at":"2026-09-20T18:52:46.098Z","updated_at":"2026-09-20T18:52:46.098Z"}],"page":{"limit":7,"next_cursor":"czAwMDIw","has_more":true}},"queries":8,"pid":28805}

      158 |       if (code !== 0 || !result) { reject(new Error(`worker exited ${code}: ${output}`)); return; }
      159 |       // Query shapes, outcomes, fixture identifiers and process IDs only; never parameters.
    > 160 |       console.warn('PG17_PROCESS', JSON.stringify({ name, old, options: { ...options, cursor: options.cursor ? '<cursor>' : undefined },
          |               ^
      161 |         result: result.result, failure: result.failure, queries: result.queries.length, pid: result.pid }));
      162 |       resolveDone(result);
      163 |     };

      at settleWorker (test/utils/g2-pg17-harness.ts:160:15)
      at ChildProcess.<anonymous> (test/utils/g2-pg17-harness.ts:165:51)

  console.warn
    PG17_PROCESS {"name":"g2p17_6","old":true,"options":{"action":"roster","family":"clients","cursor":"<cursor>","limit":7},"result":{"intent_id":"intent","accounting":{"staged":600,"reconstructed":596,"skipped":8,"failed":21},"persons":[{"id":"3c5e2e4e-e674-4075-b9d5-c07bd362d93c","state":"InvitePending","source_platform":"truecoach","source_person_id":"s00021","display_name":"Synthetic 21","created_at":"2026-09-20T18:52:46.100Z","updated_at":"2026-09-20T18:52:46.100Z"},{"id":"3e0bae3d-3e0b-4e52-9bfb-8733a3d0454d","state":"InvitePending","source_platform":"truecoach","source_person_id":"s00022","display_name":"Synthetic 22","created_at":"2026-09-20T18:52:46.102Z","updated_at":"2026-09-20T18:52:46.102Z"},{"id":"185d567d-6f9a-46aa-ab87-13f42b883809","state":"InvitePending","source_platform":"truecoach","source_person_id":"s00023","display_name":"Synthetic 23","created_at":"2026-09-20T18:52:46.104Z","updated_at":"2026-09-20T18:52:46.104Z"},{"id":"871f72ab-18fa-49ba-9e5d-f2702d5513f2","state":"InvitePending","source_platform":"truecoach","source_person_id":"s00024","display_name":"Synthetic 24","created_at":"2026-09-20T18:52:46.105Z","updated_at":"2026-09-20T18:52:46.105Z"},{"id":"08dac55c-ac42-464d-bd5d-e12a71eb3004","state":"InvitePending","source_platform":"truecoach","source_person_id":"s00025","display_name":"Synthetic 25","created_at":"2026-09-20T18:52:46.107Z","updated_at":"2026-09-20T18:52:46.107Z"},{"id":"9339d243-85bb-4f7c-82af-f347c5644195","state":"InvitePending","source_platform":"truecoach","source_person_id":"s00026","display_name":"Synthetic 26","created_at":"2026-09-20T18:52:46.108Z","updated_at":"2026-09-20T18:52:46.108Z"},{"id":"3ee229c7-99e8-4f2c-8b21-5a7b05bc8e73","state":"InvitePending","source_platform":"truecoach","source_person_id":"s00027","display_name":"Synthetic 27","created_at":"2026-09-20T18:52:46.109Z","updated_at":"2026-09-20T18:52:46.109Z"}],"page":{"limit":7,"next_cursor":"czAwMDI3","has_more":true}},"queries":8,"pid":28821}

      158 |       if (code !== 0 || !result) { reject(new Error(`worker exited ${code}: ${output}`)); return; }
      159 |       // Query shapes, outcomes, fixture identifiers and process IDs only; never parameters.
    > 160 |       console.warn('PG17_PROCESS', JSON.stringify({ name, old, options: { ...options, cursor: options.cursor ? '<cursor>' : undefined },
          |               ^
      161 |         result: result.result, failure: result.failure, queries: result.queries.length, pid: result.pid }));
      162 |       resolveDone(result);
      163 |     };

      at settleWorker (test/utils/g2-pg17-harness.ts:160:15)
      at ChildProcess.<anonymous> (test/utils/g2-pg17-harness.ts:165:51)

  console.warn
    PG17_PROCESS {"name":"g2p17_7","old":true,"options":{"action":"roster","family":"clients","cursor":"<cursor>","limit":7},"result":{"intent_id":"intent","accounting":{"staged":600,"reconstructed":596,"skipped":8,"failed":21},"persons":[{"id":"c5d313cb-6d53-4020-93ff-7de46be8f9f5","state":"InvitePending","source_platform":"truecoach","source_person_id":"s00028","display_name":"Synthetic 28","created_at":"2026-09-20T18:52:46.111Z","updated_at":"2026-09-20T18:52:46.111Z"},{"id":"0804559d-6971-4a70-9f1b-9d39291c5648","state":"InvitePending","source_platform":"truecoach","source_person_id":"s00029","display_name":"Synthetic 29","created_at":"2026-09-20T18:52:46.112Z","updated_at":"2026-09-20T18:52:46.112Z"},{"id":"a18c86ab-7280-4e1b-8c15-36c252b2c750","state":"InvitePending","source_platform":"truecoach","source_person_id":"s00030","display_name":"Synthetic 30","created_at":"2026-09-20T18:52:46.114Z","updated_at":"2026-09-20T18:52:46.114Z"},{"id":"804f661e-5c32-47ac-9539-cc651bb72b9a","state":"InvitePending","source_platform":"truecoach","source_person_id":"s00031","display_name":"Synthetic 31","created_at":"2026-09-20T18:52:46.115Z","updated_at":"2026-09-20T18:52:46.115Z"},{"id":"4335f205-cfe1-4d34-b49e-feda17330d81","state":"InvitePending","source_platform":"truecoach","source_person_id":"s00032","display_name":"Synthetic 32","created_at":"2026-09-20T18:52:46.117Z","updated_at":"2026-09-20T18:52:46.117Z"},{"id":"3ae5d2e7-9d47-4347-aefc-8b7611ce103c","state":"InvitePending","source_platform":"truecoach","source_person_id":"s00033","display_name":"Synthetic 33","created_at":"2026-09-20T18:52:46.118Z","updated_at":"2026-09-20T18:52:46.118Z"},{"id":"6531541a-38b5-46ae-aa31-c54d313201ef","state":"InvitePending","source_platform":"truecoach","source_person_id":"s00034","display_name":"Synthetic 34","created_at":"2026-09-20T18:52:46.120Z","updated_at":"2026-09-20T18:52:46.120Z"}],"page":{"limit":7,"next_cursor":"czAwMDM0","has_more":true}},"queries":8,"pid":28837}

      158 |       if (code !== 0 || !result) { reject(new Error(`worker exited ${code}: ${output}`)); return; }
      159 |       // Query shapes, outcomes, fixture identifiers and process IDs only; never parameters.
    > 160 |       console.warn('PG17_PROCESS', JSON.stringify({ name, old, options: { ...options, cursor: options.cursor ? '<cursor>' : undefined },
          |               ^
      161 |         result: result.result, failure: result.failure, queries: result.queries.length, pid: result.pid }));
      162 |       resolveDone(result);
      163 |     };

      at settleWorker (test/utils/g2-pg17-harness.ts:160:15)
      at ChildProcess.<anonymous> (test/utils/g2-pg17-harness.ts:165:51)

  console.warn
    PG17_PROCESS {"name":"g2p17_8","old":true,"options":{"action":"roster","family":"clients","cursor":"<cursor>","limit":7},"result":{"intent_id":"intent","accounting":{"staged":600,"reconstructed":596,"skipped":8,"failed":21},"persons":[{"id":"80f495f4-b51c-4e40-8321-7004ec064ab9","state":"InvitePending","source_platform":"truecoach","source_person_id":"s00035","display_name":"Synthetic 35","created_at":"2026-09-20T18:52:46.130Z","updated_at":"2026-09-20T18:52:46.130Z"},{"id":"c56244fb-9d4d-4196-8128-201ac58406f1","state":"InvitePending","source_platform":"truecoach","source_person_id":"s00036","display_name":"Synthetic 36","created_at":"2026-09-20T18:52:46.132Z","updated_at":"2026-09-20T18:52:46.132Z"},{"id":"cbe15bb6-28e8-46a8-9739-7c59a6592011","state":"InvitePending","source_platform":"truecoach","source_person_id":"s00037","display_name":"Synthetic 37","created_at":"2026-09-20T18:52:46.133Z","updated_at":"2026-09-20T18:52:46.133Z"},{"id":"326ce2b4-4d8c-4f7d-97b9-e3ec2a81ed4b","state":"InvitePending","source_platform":"truecoach","source_person_id":"s00038","display_name":"Synthetic 38","created_at":"2026-09-20T18:52:46.135Z","updated_at":"2026-09-20T18:52:46.135Z"},{"id":"7beb0068-6907-46b3-a935-16fe1c72f892","state":"InvitePending","source_platform":"truecoach","source_person_id":"s00039","display_name":"Synthetic 39","created_at":"2026-09-20T18:52:46.137Z","updated_at":"2026-09-20T18:52:46.137Z"},{"id":"0e804ee6-43b4-41dc-833c-7636de1b9f2e","state":"InvitePending","source_platform":"truecoach","source_person_id":"s00040","display_name":"Synthetic 40","created_at":"2026-09-20T18:52:46.138Z","updated_at":"2026-09-20T18:52:46.138Z"},{"id":"74f71233-469a-4efe-bdab-075d40eebe85","state":"InvitePending","source_platform":"truecoach","source_person_id":"s00041","display_name":"Synthetic 41","created_at":"2026-09-20T18:52:46.140Z","updated_at":"2026-09-20T18:52:46.140Z"}],"page":{"limit":7,"next_cursor":"czAwMDQx","has_more":true}},"queries":8,"pid":28854}

      158 |       if (code !== 0 || !result) { reject(new Error(`worker exited ${code}: ${output}`)); return; }
      159 |       // Query shapes, outcomes, fixture identifiers and process IDs only; never parameters.
    > 160 |       console.warn('PG17_PROCESS', JSON.stringify({ name, old, options: { ...options, cursor: options.cursor ? '<cursor>' : undefined },
          |               ^
      161 |         result: result.result, failure: result.failure, queries: result.queries.length, pid: result.pid }));
      162 |       resolveDone(result);
      163 |     };

      at settleWorker (test/utils/g2-pg17-harness.ts:160:15)
      at ChildProcess.<anonymous> (test/utils/g2-pg17-harness.ts:165:51)

  console.warn
    PG17_PROCESS {"name":"g2p17_9","old":true,"options":{"action":"roster","family":"clients","cursor":"<cursor>","limit":7},"result":{"intent_id":"intent","accounting":{"staged":600,"reconstructed":596,"skipped":8,"failed":21},"persons":[{"id":"3f90d378-7125-4303-99d2-e196c756d856","state":"InvitePending","source_platform":"truecoach","source_person_id":"s00042","display_name":"Synthetic 42","created_at":"2026-09-20T18:52:46.141Z","updated_at":"2026-09-20T18:52:46.141Z"},{"id":"a9a00fd9-bc58-4703-bb7d-6036da099823","state":"InvitePending","source_platform":"truecoach","source_person_id":"s00043","display_name":"Synthetic 43","created_at":"2026-09-20T18:52:46.143Z","updated_at":"2026-09-20T18:52:46.143Z"},{"id":"17794a09-2a85-4260-a655-62986d0fe06d","state":"InvitePending","source_platform":"truecoach","source_person_id":"s00044","display_name":"Synthetic 44","created_at":"2026-09-20T18:52:46.144Z","updated_at":"2026-09-20T18:52:46.144Z"},{"id":"7973c993-5cbe-4052-847b-ed5ffb0bcb39","state":"InvitePending","source_platform":"truecoach","source_person_id":"s00045","display_name":"Synthetic 45","created_at":"2026-09-20T18:52:46.146Z","updated_at":"2026-09-20T18:52:46.146Z"},{"id":"1da25ce6-0bca-4873-a3d3-90ebbdbf7ae0","state":"InvitePending","source_platform":"truecoach","source_person_id":"s00046","display_name":"Synthetic 46","created_at":"2026-09-20T18:52:46.147Z","updated_at":"2026-09-20T18:52:46.147Z"},{"id":"e77c996a-3e49-4000-9508-a3bc2a588567","state":"InvitePending","source_platform":"truecoach","source_person_id":"s00047","display_name":"Synthetic 47","created_at":"2026-09-20T18:52:46.149Z","updated_at":"2026-09-20T18:52:46.149Z"},{"id":"4e505ce6-9553-4e78-8ac4-f2d9127e5d1c","state":"InvitePending","source_platform":"truecoach","source_person_id":"s00048","display_name":"Synthetic 48","created_at":"2026-09-20T18:52:46.150Z","updated_at":"2026-09-20T18:52:46.150Z"}],"page":{"limit":7,"next_cursor":"czAwMDQ4","has_more":true}},"queries":8,"pid":28870}

      158 |       if (code !== 0 || !result) { reject(new Error(`worker exited ${code}: ${output}`)); return; }
      159 |       // Query shapes, outcomes, fixture identifiers and process IDs only; never parameters.
    > 160 |       console.warn('PG17_PROCESS', JSON.stringify({ name, old, options: { ...options, cursor: options.cursor ? '<cursor>' : undefined },
          |               ^
      161 |         result: result.result, failure: result.failure, queries: result.queries.length, pid: result.pid }));
      162 |       resolveDone(result);
      163 |     };

      at settleWorker (test/utils/g2-pg17-harness.ts:160:15)
      at ChildProcess.<anonymous> (test/utils/g2-pg17-harness.ts:165:51)

  console.warn
    PG17_PROCESS {"name":"g2p17_10","old":true,"options":{"action":"roster","family":"clients","cursor":"<cursor>","limit":7},"result":{"intent_id":"intent","accounting":{"staged":600,"reconstructed":596,"skipped":8,"failed":21},"persons":[{"id":"5dc574eb-195a-452b-a4fd-de031280808a","state":"InvitePending","source_platform":"truecoach","source_person_id":"s00049","display_name":"Synthetic 49","created_at":"2026-09-20T18:52:46.153Z","updated_at":"2026-09-20T18:52:46.153Z"},{"id":"fa4237af-7188-4102-bc03-58c465268ff1","state":"InvitePending","source_platform":"truecoach","source_person_id":"s00051","display_name":"Synthetic 51","created_at":"2026-09-20T18:52:46.165Z","updated_at":"2026-09-20T18:52:46.165Z"},{"id":"63b8602b-16de-43c5-9bd3-7ea76d2e6853","state":"InvitePending","source_platform":"truecoach","source_person_id":"s00052","display_name":"Synthetic 52","created_at":"2026-09-20T18:52:46.167Z","updated_at":"2026-09-20T18:52:46.167Z"},{"id":"a0acf410-efe5-4814-a43d-e317a6f7c8a8","state":"InvitePending","source_platform":"truecoach","source_person_id":"s00053","display_name":"Synthetic 53","created_at":"2026-09-20T18:52:46.168Z","updated_at":"2026-09-20T18:52:46.168Z"},{"id":"d2632cd3-7bdd-4c46-aa07-90d45e399f7c","state":"InvitePending","source_platform":"truecoach","source_person_id":"s00054","display_name":"Synthetic 54","created_at":"2026-09-20T18:52:46.170Z","updated_at":"2026-09-20T18:52:46.170Z"},{"id":"f0c6d356-95fc-46e0-bb46-774865650769","state":"InvitePending","source_platform":"truecoach","source_person_id":"s00055","display_name":"Synthetic 55","created_at":"2026-09-20T18:52:46.171Z","updated_at":"2026-09-20T18:52:46.171Z"},{"id":"a3cffedb-e8a8-4f13-86db-41ac899ffa65","state":"InvitePending","source_platform":"truecoach","source_person_id":"s00056","display_name":"Synthetic 56","created_at":"2026-09-20T18:52:46.173Z","updated_at":"2026-09-20T18:52:46.173Z"}],"page":{"limit":7,"next_cursor":"czAwMDU2","has_more":true}},"queries":8,"pid":28886}

      158 |       if (code !== 0 || !result) { reject(new Error(`worker exited ${code}: ${output}`)); return; }
      159 |       // Query shapes, outcomes, fixture identifiers and process IDs only; never parameters.
    > 160 |       console.warn('PG17_PROCESS', JSON.stringify({ name, old, options: { ...options, cursor: options.cursor ? '<cursor>' : undefined },
          |               ^
      161 |         result: result.result, failure: result.failure, queries: result.queries.length, pid: result.pid }));
      162 |       resolveDone(result);
      163 |     };

      at settleWorker (test/utils/g2-pg17-harness.ts:160:15)
      at ChildProcess.<anonymous> (test/utils/g2-pg17-harness.ts:165:51)

  console.warn
    PG17_PROCESS {"name":"g2p17_11","old":true,"options":{"action":"roster","family":"clients","cursor":"<cursor>","limit":7},"result":{"intent_id":"intent","accounting":{"staged":600,"reconstructed":596,"skipped":8,"failed":21},"persons":[{"id":"74abcc70-96c3-4855-bedd-0006fc825092","state":"InvitePending","source_platform":"truecoach","source_person_id":"s00057","display_name":"Synthetic 57","created_at":"2026-09-20T18:52:46.174Z","updated_at":"2026-09-20T18:52:46.174Z"},{"id":"19c7193c-11b2-471c-8bf6-9bdfecc00c47","state":"InvitePending","source_platform":"truecoach","source_person_id":"s00058","display_name":"Synthetic 58","created_at":"2026-09-20T18:52:46.176Z","updated_at":"2026-09-20T18:52:46.176Z"},{"id":"cb92cd78-fd7d-4d72-88ff-c8528819f288","state":"InvitePending","source_platform":"truecoach","source_person_id":"s00059","display_name":"Synthetic 59","created_at":"2026-09-20T18:52:46.177Z","updated_at":"2026-09-20T18:52:46.177Z"},{"id":"62795bb8-4d35-40db-a8ff-bd987fa344be","state":"InvitePending","source_platform":"truecoach","source_person_id":"s00060","display_name":"Synthetic 60","created_at":"2026-09-20T18:52:46.179Z","updated_at":"2026-09-20T18:52:46.179Z"},{"id":"89d41927-c6d4-4e21-b6fd-759398c63e23","state":"InvitePending","source_platform":"truecoach","source_person_id":"s00061","display_name":"Synthetic 61","created_at":"2026-09-20T18:52:46.180Z","updated_at":"2026-09-20T18:52:46.180Z"},{"id":"ca556f57-4120-4167-a496-af7a97ce14e8","state":"InvitePending","source_platform":"truecoach","source_person_id":"s00062","display_name":"Synthetic 62","created_at":"2026-09-20T18:52:46.182Z","updated_at":"2026-09-20T18:52:46.182Z"},{"id":"9129c3f9-e962-42d2-b061-93a84ef28508","state":"InvitePending","source_platform":"truecoach","source_person_id":"s00063","display_name":"Synthetic 63","created_at":"2026-09-20T18:52:46.183Z","updated_at":"2026-09-20T18:52:46.183Z"}],"page":{"limit":7,"next_cursor":"czAwMDYz","has_more":true}},"queries":8,"pid":28902}

      158 |       if (code !== 0 || !result) { reject(new Error(`worker exited ${code}: ${output}`)); return; }
      159 |       // Query shapes, outcomes, fixture identifiers and process IDs only; never parameters.
    > 160 |       console.warn('PG17_PROCESS', JSON.stringify({ name, old, options: { ...options, cursor: options.cursor ? '<cursor>' : undefined },
          |               ^
      161 |         result: result.result, failure: result.failure, queries: result.queries.length, pid: result.pid }));
      162 |       resolveDone(result);
      163 |     };

      at settleWorker (test/utils/g2-pg17-harness.ts:160:15)
      at ChildProcess.<anonymous> (test/utils/g2-pg17-harness.ts:165:51)

  console.warn
    PG17_PROCESS {"name":"g2p17_12","old":true,"options":{"action":"roster","limit":200},"result":{"intent_id":"intent","accounting":{"staged":600,"reconstructed":596,"skipped":8,"failed":21},"persons":[{"id":"2c8cb484-0119-499f-b9e2-e7127b09f585","state":"InvitePending","source_platform":"truecoach","source_person_id":"s00001","display_name":"Synthetic 1","created_at":"2026-09-20T18:52:46.061Z","updated_at":"2026-09-20T18:52:46.061Z"},{"id":"162bfd1b-bc8b-47e1-a746-d287147ac5cf","state":"InvitePending","source_platform":"truecoach","source_person_id":"s00002","display_name":"Synthetic 2","created_at":"2026-09-20T18:52:46.065Z","updated_at":"2026-09-20T18:52:46.065Z"},{"id":"14dabaef-c6a9-45b8-b367-a4fc1aafbb15","state":"InvitePending","source_platform":"truecoach","source_person_id":"s00003","display_name":"Synthetic 3","created_at":"2026-09-20T18:52:46.067Z","updated_at":"2026-09-20T18:52:46.067Z"},{"id":"b15d3b3d-4f3c-46d0-bcec-efdbadc81892","state":"InvitePending","source_platform":"truecoach","source_person_id":"s00004","display_name":"Synthetic 4","created_at":"2026-09-20T18:52:46.069Z","updated_at":"2026-09-20T18:52:46.069Z"},{"id":"33dd94b1-6aa6-49a0-81c3-5e35031626f4","state":"InvitePending","source_platform":"truecoach","source_person_id":"s00005","display_name":"Synthetic 5","created_at":"2026-09-20T18:52:46.071Z","updated_at":"2026-09-20T18:52:46.071Z"},{"id":"2d4cad0d-6806-44c1-af00-62fc11cfb5f5","state":"InvitePending","source_platform":"truecoach","source_person_id":"s00006","display_name":"Synthetic 6","created_at":"2026-09-20T18:52:46.073Z","updated_at":"2026-09-20T18:52:46.073Z"},{"id":"10012c02-103a-490e-ac18-07ab71a069db","state":"InvitePending","source_platform":"truecoach","source_person_id":"s00007","display_name":"Synthetic 7","created_at":"2026-09-20T18:52:46.075Z","updated_at":"2026-09-20T18:52:46.075Z"},{"id":"6af520f1-b7df-4cd5-95ad-a2affeccbc2c","state":"InvitePending","source_platform":"truecoach","source_person_id":"s00008","display_name":"Synthetic 8","created_at":"2026-09-20T18:52:46.077Z","updated_at":"2026-09-20T18:52:46.077Z"},{"id":"a4c5e9ff-9271-4165-8d8b-24e0b6fc18c6","state":"InvitePending","source_platform":"truecoach","source_person_id":"s00009","display_name":"Synthetic 9","created_at":"2026-09-20T18:52:46.079Z","updated_at":"2026-09-20T18:52:46.079Z"},{"id":"88fd56fe-2a96-4c43-ac0a-06c03cc6af81","state":"InvitePending","source_platform":"truecoach","source_person_id":"s00010","display_name":"Synthetic 10","created_at":"2026-09-20T18:52:46.080Z","updated_at":"2026-09-20T18:52:46.080Z"},{"id":"9196bcc7-1aa9-45cb-9793-772b1e22fcdf","state":"InvitePending","source_platform":"truecoach","source_person_id":"s00011","display_name":"Synthetic 11","created_at":"2026-09-20T18:52:46.082Z","updated_at":"2026-09-20T18:52:46.082Z"},{"id":"5d823f3b-6831-4857-a567-5791754ada41","state":"InvitePending","source_platform":"truecoach","source_person_id":"s00012","display_name":"Synthetic 12","created_at":"2026-09-20T18:52:46.086Z","updated_at":"2026-09-20T18:52:46.086Z"},{"id":"e3683289-1eaa-49b0-b14d-d9e0ae6fa745","state":"InvitePending","source_platform":"truecoach","source_person_id":"s00013","display_name":"Synthetic 13","created_at":"2026-09-20T18:52:46.087Z","updated_at":"2026-09-20T18:52:46.087Z"},{"id":"8d9aafc6-a93d-4a41-be3a-331e2efcce18","state":"InvitePending","source_platform":"truecoach","source_person_id":"s00014","display_name":"Synthetic 14","created_at":"2026-09-20T18:52:46.089Z","updated_at":"2026-09-20T18:52:46.089Z"},{"id":"c260bcdd-3355-4451-a54e-159a6f7cd8d7","state":"InvitePending","source_platform":"truecoach","source_person_id":"s00015","display_name":"Synthetic 15","created_at":"2026-09-20T18:52:46.090Z","updated_at":"2026-09-20T18:52:46.090Z"},{"id":"a638da56-b8a5-49c2-8b52-da40bf78a7d4","state":"InvitePending","source_platform":"truecoach","source_person_id":"s00016","display_name":"Synthetic 16","created_at":"2026-09-20T18:52:46.092Z","updated_at":"2026-09-20T18:52:46.092Z"},{"id":"f9dceb27-b989-4baa-8ae5-cceb0735c8c0","state":"InvitePending","source_platform":"truecoach","source_person_id":"s00017","display_name":"Synthetic 17","created_at":"2026-09-20T18:52:46.094Z","updated_at":"2026-09-20T18:52:46.094Z"},{"id":"7e544b9b-447c-4a29-a14a-5fe31746ae7c","state":"InvitePending","source_platform":"truecoach","source_person_id":"s00018","display_name":"Synthetic 18","created_at":"2026-09-20T18:52:46.095Z","updated_at":"2026-09-20T18:52:46.095Z"},{"id":"4fbfcce0-9a85-42aa-9cb3-128fd1f8a702","state":"InvitePending","source_platform":"truecoach","source_person_id":"s00019","display_name":"Synthetic 19","created_at":"2026-09-20T18:52:46.097Z","updated_at":"2026-09-20T18:52:46.097Z"},{"id":"effc3d3e-b3c6-4bae-95d1-b61c2931bafe","state":"InvitePending","source_platform":"truecoach","source_person_id":"s00020","display_name":"Synthetic 20","created_at":"2026-09-20T18:52:46.098Z","updated_at":"2026-09-20T18:52:46.098Z"},{"id":"3c5e2e4e-e674-4075-b9d5-c07bd362d93c","state":"InvitePending","source_platform":"truecoach","source_person_id":"s00021","display_name":"Synthetic 21","created_at":"2026-09-20T18:52:46.100Z","updated_at":"2026-09-20T18:52:46.100Z"},{"id":"3e0bae3d-3e0b-4e52-9bfb-8733a3d0454d","state":"InvitePending","source_platform":"truecoach","source_person_id":"s00022","display_name":"Synthetic 22","created_at":"2026-09-20T18:52:46.102Z","updated_at":"2026-09-20T18:52:46.102Z"},{"id":"185d567d-6f9a-46aa-ab87-13f42b883809","state":"InvitePending","source_platform":"truecoach","source_person_id":"s00023","display_name":"Synthetic 23","created_at":"2026-09-20T18:52:46.104Z","updated_at":"2026-09-20T18:52:46.104Z"},{"id":"871f72ab-18fa-49ba-9e5d-f2702d5513f2","state":"InvitePending","source_platform":"truecoach","source_person_id":"s00024","display_name":"Synthetic 24","created_at":"2026-09-20T18:52:46.105Z","updated_at":"2026-09-20T18:52:46.105Z"},{"id":"08dac55c-ac42-464d-bd5d-e12a71eb3004","state":"InvitePending","source_platform":"truecoach","source_person_id":"s00025","display_name":"Synthetic 25","created_at":"2026-09-20T18:52:46.107Z","updated_at":"2026-09-20T18:52:46.107Z"},{"id":"9339d243-85bb-4f7c-82af-f347c5644195","state":"InvitePending","source_platform":"truecoach","source_person_id":"s00026","display_name":"Synthetic 26","created_at":"2026-09-20T18:52:46.108Z","updated_at":"2026-09-20T18:52:46.108Z"},{"id":"3ee229c7-99e8-4f2c-8b21-5a7b05bc8e73","state":"InvitePending","source_platform":"truecoach","source_person_id":"s00027","display_name":"Synthetic 27","created_at":"2026-09-20T18:52:46.109Z","updated_at":"2026-09-20T18:52:46.109Z"},{"id":"c5d313cb-6d53-4020-93ff-7de46be8f9f5","state":"InvitePending","source_platform":"truecoach","source_person_id":"s00028","display_name":"Synthetic 28","created_at":"2026-09-20T18:52:46.111Z","updated_at":"2026-09-20T18:52:46.111Z"},{"id":"0804559d-6971-4a70-9f1b-9d39291c5648","state":"InvitePending","source_platform":"truecoach","source_person_id":"s00029","display_name":"Synthetic 29","created_at":"2026-09-20T18:52:46.112Z","updated_at":"2026-09-20T18:52:46.112Z"},{"id":"a18c86ab-7280-4e1b-8c15-36c252b2c750","state":"InvitePending","source_platform":"truecoach","source_person_id":"s00030","display_name":"Synthetic 30","created_at":"2026-09-20T18:52:46.114Z","updated_at":"2026-09-20T18:52:46.114Z"},{"id":"804f661e-5c32-47ac-9539-cc651bb72b9a","state":"InvitePending","source_platform":"truecoach","source_person_id":"s00031","display_name":"Synthetic 31","created_at":"2026-09-20T18:52:46.115Z","updated_at":"2026-09-20T18:52:46.115Z"},{"id":"4335f205-cfe1-4d34-b49e-feda17330d81","state":"InvitePending","source_platform":"truecoach","source_person_id":"s00032","display_name":"Synthetic 32","created_at":"2026-09-20T18:52:46.117Z","updated_at":"2026-09-20T18:52:46.117Z"},{"id":"3ae5d2e7-9d47-4347-aefc-8b7611ce103c","state":"InvitePending","source_platform":"truecoach","source_person_id":"s00033","display_name":"Synthetic 33","created_at":"2026-09-20T18:52:46.118Z","updated_at":"2026-09-20T18:52:46.118Z"},{"id":"6531541a-38b5-46ae-aa31-c54d313201ef","state":"InvitePending","source_platform":"truecoach","source_person_id":"s00034","display_name":"Synthetic 34","created_at":"2026-09-20T18:52:46.120Z","updated_at":"2026-09-20T18:52:46.120Z"},{"id":"80f495f4-b51c-4e40-8321-7004ec064ab9","state":"InvitePending","source_platform":"truecoach","source_person_id":"s00035","display_name":"Synthetic 35","created_at":"2026-09-20T18:52:46.130Z","updated_at":"2026-09-20T18:52:46.130Z"},{"id":"c56244fb-9d4d-4196-8128-201ac58406f1","state":"InvitePending","source_platform":"truecoach","source_person_id":"s00036","display_name":"Synthetic 36","created_at":"2026-09-20T18:52:46.132Z","updated_at":"2026-09-20T18:52:46.132Z"},{"id":"cbe15bb6-28e8-46a8-9739-7c59a6592011","state":"InvitePending","source_platform":"truecoach","source_person_id":"s00037","display_name":"Synthetic 37","created_at":"2026-09-20T18:52:46.133Z","updated_at":"2026-09-20T18:52:46.133Z"},{"id":"326ce2b4-4d8c-4f7d-97b9-e3ec2a81ed4b","state":"InvitePending","source_platform":"truecoach","source_person_id":"s00038","display_name":"Synthetic 38","created_at":"2026-09-20T18:52:46.135Z","updated_at":"2026-09-20T18:52:46.135Z"},{"id":"7beb0068-6907-46b3-a935-16fe1c72f892","state":"InvitePending","source_platform":"truecoach","source_person_id":"s00039","display_name":"Synthetic 39","created_at":"2026-09-20T18:52:46.137Z","updated_at":"2026-09-20T18:52:46.137Z"},{"id":"0e804ee6-43b4-41dc-833c-7636de1b9f2e","state":"InvitePending","source_platform":"truecoach","source_person_id":"s00040","display_name":"Synthetic 40","created_at":"2026-09-20T18:52:46.138Z","updated_at":"2026-09-20T18:52:46.138Z"},{"id":"74f71233-469a-4efe-bdab-075d40eebe85","state":"InvitePending","source_platform":"truecoach","source_person_id":"s00041","display_name":"Synthetic 41","created_at":"2026-09-20T18:52:46.140Z","updated_at":"2026-09-20T18:52:46.140Z"},{"id":"3f90d378-7125-4303-99d2-e196c756d856","state":"InvitePending","source_platform":"truecoach","source_person_id":"s00042","display_name":"Synthetic 42","created_at":"2026-09-20T18:52:46.141Z","updated_at":"2026-09-20T18:52:46.141Z"},{"id":"a9a00fd9-bc58-4703-bb7d-6036da099823","state":"InvitePending","source_platform":"truecoach","source_person_id":"s00043","display_name":"Synthetic 43","created_at":"2026-09-20T18:52:46.143Z","updated_at":"2026-09-20T18:52:46.143Z"},{"id":"17794a09-2a85-4260-a655-62986d0fe06d","state":"InvitePending","source_platform":"truecoach","source_person_id":"s00044","display_name":"Synthetic 44","created_at":"2026-09-20T18:52:46.144Z","updated_at":"2026-09-20T18:52:46.144Z"},{"id":"7973c993-5cbe-4052-847b-ed5ffb0bcb39","state":"InvitePending","source_platform":"truecoach","source_person_id":"s00045","display_name":"Synthetic 45","created_at":"2026-09-20T18:52:46.146Z","updated_at":"2026-09-20T18:52:46.146Z"},{"id":"1da25ce6-0bca-4873-a3d3-90ebbdbf7ae0","state":"InvitePending","source_platform":"truecoach","source_person_id":"s00046","display_name":"Synthetic 46","created_at":"2026-09-20T18:52:46.147Z","updated_at":"2026-09-20T18:52:46.147Z"},{"id":"e77c996a-3e49-4000-9508-a3bc2a588567","state":"InvitePending","source_platform":"truecoach","source_person_id":"s00047","display_name":"Synthetic 47","created_at":"2026-09-20T18:52:46.149Z","updated_at":"2026-09-20T18:52:46.149Z"},{"id":"4e505ce6-9553-4e78-8ac4-f2d9127e5d1c","state":"InvitePending","source_platform":"truecoach","source_person_id":"s00048","display_name":"Synthetic 48","created_at":"2026-09-20T18:52:46.150Z","updated_at":"2026-09-20T18:52:46.150Z"},{"id":"5dc574eb-195a-452b-a4fd-de031280808a","state":"InvitePending","source_platform":"truecoach","source_person_id":"s00049","display_name":"Synthetic 49","created_at":"2026-09-20T18:52:46.153Z","updated_at":"2026-09-20T18:52:46.153Z"},{"id":"fa4237af-7188-4102-bc03-58c465268ff1","state":"InvitePending","source_platform":"truecoach","source_person_id":"s00051","display_name":"Synthetic 51","created_at":"2026-09-20T18:52:46.165Z","updated_at":"2026-09-20T18:52:46.165Z"},{"id":"63b8602b-16de-43c5-9bd3-7ea76d2e6853","state":"InvitePending","source_platform":"truecoach","source_person_id":"s00052","display_name":"Synthetic 52","created_at":"2026-09-20T18:52:46.167Z","updated_at":"2026-09-20T18:52:46.167Z"},{"id":"a0acf410-efe5-4814-a43d-e317a6f7c8a8","state":"InvitePending","source_platform":"truecoach","source_person_id":"s00053","display_name":"Synthetic 53","created_at":"2026-09-20T18:52:46.168Z","updated_at":"2026-09-20T18:52:46.168Z"},{"id":"d2632cd3-7bdd-4c46-aa07-90d45e399f7c","state":"InvitePending","source_platform":"truecoach","source_person_id":"s00054","display_name":"Synthetic 54","created_at":"2026-09-20T18:52:46.170Z","updated_at":"2026-09-20T18:52:46.170Z"},{"id":"f0c6d356-95fc-46e0-bb46-774865650769","state":"InvitePending","source_platform":"truecoach","source_person_id":"s00055","display_name":"Synthetic 55","created_at":"2026-09-20T18:52:46.171Z","updated_at":"2026-09-20T18:52:46.171Z"},{"id":"a3cffedb-e8a8-4f13-86db-41ac899ffa65","state":"InvitePending","source_platform":"truecoach","source_person_id":"s00056","display_name":"Synthetic 56","created_at":"2026-09-20T18:52:46.173Z","updated_at":"2026-09-20T18:52:46.173Z"},{"id":"74abcc70-96c3-4855-bedd-0006fc825092","state":"InvitePending","source_platform":"truecoach","source_person_id":"s00057","display_name":"Synthetic 57","created_at":"2026-09-20T18:52:46.174Z","updated_at":"2026-09-20T18:52:46.174Z"},{"id":"19c7193c-11b2-471c-8bf6-9bdfecc00c47","state":"InvitePending","source_platform":"truecoach","source_person_id":"s00058","display_name":"Synthetic 58","created_at":"2026-09-20T18:52:46.176Z","updated_at":"2026-09-20T18:52:46.176Z"},{"id":"cb92cd78-fd7d-4d72-88ff-c8528819f288","state":"InvitePending","source_platform":"truecoach","source_person_id":"s00059","display_name":"Synthetic 59","created_at":"2026-09-20T18:52:46.177Z","updated_at":"2026-09-20T18:52:46.177Z"},{"id":"62795bb8-4d35-40db-a8ff-bd987fa344be","state":"InvitePending","source_platform":"truecoach","source_person_id":"s00060","display_name":"Synthetic 60","created_at":"2026-09-20T18:52:46.179Z","updated_at":"2026-09-20T18:52:46.179Z"},{"id":"89d41927-c6d4-4e21-b6fd-759398c63e23","state":"InvitePending","source_platform":"truecoach","source_person_id":"s00061","display_name":"Synthetic 61","created_at":"2026-09-20T18:52:46.180Z","updated_at":"2026-09-20T18:52:46.180Z"},{"id":"ca556f57-4120-4167-a496-af7a97ce14e8","state":"InvitePending","source_platform":"truecoach","source_person_id":"s00062","display_name":"Synthetic 62","created_at":"2026-09-20T18:52:46.182Z","updated_at":"2026-09-20T18:52:46.182Z"},{"id":"9129c3f9-e962-42d2-b061-93a84ef28508","state":"InvitePending","source_platform":"truecoach","source_person_id":"s00063","display_name":"Synthetic 63","created_at":"2026-09-20T18:52:46.183Z","updated_at":"2026-09-20T18:52:46.183Z"},{"id":"ba038645-a59b-4235-96f1-d2e1266c43c1","state":"InvitePending","source_platform":"truecoach","source_person_id":"s00064","display_name":"Synthetic 64","created_at":"2026-09-20T18:52:46.184Z","updated_at":"2026-09-20T18:52:46.184Z"},{"id":"cd4787e6-55b2-435f-aa26-5cffb53002fe","state":"InvitePending","source_platform":"truecoach","source_person_id":"s00065","display_name":"Synthetic 65","created_at":"2026-09-20T18:52:46.186Z","updated_at":"2026-09-20T18:52:46.186Z"},{"id":"d3cf169f-f3cc-4bb1-8567-031536a94242","state":"InvitePending","source_platform":"truecoach","source_person_id":"s00066","display_name":"Synthetic 66","created_at":"2026-09-20T18:52:46.187Z","updated_at":"2026-09-20T18:52:46.187Z"},{"id":"e1159982-054f-4c0a-b493-fcf4086f2f4e","state":"InvitePending","source_platform":"truecoach","source_person_id":"s00067","display_name":"Synthetic 67","created_at":"2026-09-20T18:52:46.189Z","updated_at":"2026-09-20T18:52:46.189Z"},{"id":"92f7b1e7-50c7-4117-8992-b10f103020ec","state":"InvitePending","source_platform":"truecoach","source_person_id":"s00068","display_name":"Synthetic 68","created_at":"2026-09-20T18:52:46.190Z","updated_at":"2026-09-20T18:52:46.190Z"},{"id":"5cd176be-27ba-4e87-9edc-bb8ed5f44de0","state":"InvitePending","source_platform":"truecoach","source_person_id":"s00069","display_name":"Synthetic 69","created_at":"2026-09-20T18:52:46.192Z","updated_at":"2026-09-20T18:52:46.192Z"},{"id":"a6c64635-fc19-4951-be11-8030a7f1d5e6","state":"InvitePending","source_platform":"truecoach","source_person_id":"s00070","display_name":"Synthetic 70","created_at":"2026-09-20T18:52:46.194Z","updated_at":"2026-09-20T18:52:46.194Z"},{"id":"bf64981d-98b6-4921-8c8e-8d75f7bf28dd","state":"InvitePending","source_platform":"truecoach","source_person_id":"s00071","display_name":"Synthetic 71","created_at":"2026-09-20T18:52:46.195Z","updated_at":"2026-09-20T18:52:46.195Z"},{"id":"7143a347-3e84-4577-bd3d-50addd2fb44a","state":"InvitePending","source_platform":"truecoach","source_person_id":"s00072","display_name":"Synthetic 72","created_at":"2026-09-20T18:52:46.197Z","updated_at":"2026-09-20T18:52:46.197Z"},{"id":"494f8a56-a881-4445-9b8f-1712270de652","state":"InvitePending","source_platform":"truecoach","source_person_id":"s00073","display_name":"Synthetic 73","created_at":"2026-09-20T18:52:46.199Z","updated_at":"2026-09-20T18:52:46.199Z"},{"id":"4466c4dc-10ce-4d36-8eb7-f7b6e1085e15","state":"InvitePending","source_platform":"truecoach","source_person_id":"s00074","display_name":"Synthetic 74","created_at":"2026-09-20T18:52:46.200Z","updated_at":"2026-09-20T18:52:46.200Z"},{"id":"3c79805a-f246-4dd7-b13c-7d0d4780943c","state":"InvitePending","source_platform":"truecoach","source_person_id":"s00075","display_name":"Synthetic 75","created_at":"2026-09-20T18:52:46.202Z","updated_at":"2026-09-20T18:52:46.202Z"},{"id":"1b343de7-599f-41c1-a4d7-5ed0e6b0f39d","state":"InvitePending","source_platform":"truecoach","source_person_id":"s00076","display_name":"Synthetic 76","created_at":"2026-09-20T18:52:46.203Z","updated_at":"2026-09-20T18:52:46.203Z"},{"id":"35074017-4190-47f1-b1d1-0a1dee348351","state":"InvitePending","source_platform":"truecoach","source_person_id":"s00077","display_name":"Synthetic 77","created_at":"2026-09-20T18:52:46.204Z","updated_at":"2026-09-20T18:52:46.204Z"},{"id":"b28a7c7c-55e2-4b81-81b3-dd9e2308c2a4","state":"InvitePending","source_platform":"truecoach","source_person_id":"s00078","display_name":"Synthetic 78","created_at":"2026-09-20T18:52:46.206Z","updated_at":"2026-09-20T18:52:46.206Z"},{"id":"961392e3-0865-4556-b0c8-219c50a63454","state":"InvitePending","source_platform":"truecoach","source_person_id":"s00079","display_name":"Synthetic 79","created_at":"2026-09-20T18:52:46.207Z","updated_at":"2026-09-20T18:52:46.207Z"},{"id":"c204b5b8-5060-4220-9f95-e1d370d9a935","state":"InvitePending","source_platform":"truecoach","source_person_id":"s00080","display_name":"Synthetic 80","created_at":"2026-09-20T18:52:46.209Z","updated_at":"2026-09-20T18:52:46.209Z"},{"id":"e1ce0c17-3888-4be1-9063-c156b7c37936","state":"InvitePending","source_platform":"truecoach","source_person_id":"s00081","display_name":"Synthetic 81","created_at":"2026-09-20T18:52:46.210Z","updated_at":"2026-09-20T18:52:46.210Z"},{"id":"94c6852e-80a1-4ab1-bf9a-64299a995765","state":"InvitePending","source_platform":"truecoach","source_person_id":"s00082","display_name":"Synthetic 82","created_at":"2026-09-20T18:52:46.212Z","updated_at":"2026-09-20T18:52:46.212Z"},{"id":"f2bc9d41-fc75-431b-ac75-9a037ad8b561","state":"InvitePending","source_platform":"truecoach","source_person_id":"s00083","display_name":"Synthetic 83","created_at":"2026-09-20T18:52:46.213Z","updated_at":"2026-09-20T18:52:46.213Z"},{"id":"06229372-640b-4c84-821d-d05ef0cd59c3","state":"InvitePending","source_platform":"truecoach","source_person_id":"s00084","display_name":"Synthetic 84","created_at":"2026-09-20T18:52:46.214Z","updated_at":"2026-09-20T18:52:46.214Z"},{"id":"f1dc4690-c8c1-477d-ae43-064dab43f136","state":"InvitePending","source_platform":"truecoach","source_person_id":"s00085","display_name":"Synthetic 85","created_at":"2026-09-20T18:52:46.216Z","updated_at":"2026-09-20T18:52:46.216Z"},{"id":"5e782256-0201-40cb-b711-33d1a4c5fefe","state":"InvitePending","source_platform":"truecoach","source_person_id":"s00086","display_name":"Synthetic 86","created_at":"2026-09-20T18:52:46.217Z","updated_at":"2026-09-20T18:52:46.217Z"},{"id":"443bac8a-4b72-4a9e-9dd6-43935d4e0c58","state":"InvitePending","source_platform":"truecoach","source_person_id":"s00087","display_name":"Synthetic 87","created_at":"2026-09-20T18:52:46.219Z","updated_at":"2026-09-20T18:52:46.219Z"},{"id":"40b040bf-7442-43b7-8dd2-93d43ca64e22","state":"InvitePending","source_platform":"truecoach","source_person_id":"s00088","display_name":"Synthetic 88","created_at":"2026-09-20T18:52:46.220Z","updated_at":"2026-09-20T18:52:46.220Z"},{"id":"ae1c169f-c801-4ff0-ab0f-deb3d65080a6","state":"InvitePending","source_platform":"truecoach","source_person_id":"s00089","display_name":"Synthetic 89","created_at":"2026-09-20T18:52:46.222Z","updated_at":"2026-09-20T18:52:46.222Z"},{"id":"0e7c98b1-3fd8-4f2a-83eb-a09333a92518","state":"InvitePending","source_platform":"truecoach","source_person_id":"s00090","display_name":"Synthetic 90","created_at":"2026-09-20T18:52:46.223Z","updated_at":"2026-09-20T18:52:46.223Z"},{"id":"25609c85-e84b-42cb-8126-7b4413dc66df","state":"InvitePending","source_platform":"truecoach","source_person_id":"s00091","display_name":"Synthetic 91","created_at":"2026-09-20T18:52:46.231Z","updated_at":"2026-09-20T18:52:46.231Z"},{"id":"c04b83d4-d4e2-495d-a4a3-e0fa70d198eb","state":"InvitePending","source_platform":"truecoach","source_person_id":"s00092","display_name":"Synthetic 92","created_at":"2026-09-20T18:52:46.233Z","updated_at":"2026-09-20T18:52:46.233Z"},{"id":"0cc18ca5-3fd1-46c7-bd94-4e550951bc01","state":"InvitePending","source_platform":"truecoach","source_person_id":"s00093","display_name":"Synthetic 93","created_at":"2026-09-20T18:52:46.234Z","updated_at":"2026-09-20T18:52:46.234Z"},{"id":"d0e19ebb-fbfb-48ee-858b-699e8d343b31","state":"InvitePending","source_platform":"truecoach","source_person_id":"s00094","display_name":"Synthetic 94","created_at":"2026-09-20T18:52:46.236Z","updated_at":"2026-09-20T18:52:46.236Z"},{"id":"b330176e-e8a4-4209-9435-5101468f9ed1","state":"InvitePending","source_platform":"truecoach","source_person_id":"s00095","display_name":"Synthetic 95","created_at":"2026-09-20T18:52:46.237Z","updated_at":"2026-09-20T18:52:46.237Z"},{"id":"a58aa263-28e6-445b-b794-59b4ed8400ea","state":"InvitePending","source_platform":"truecoach","source_person_id":"s00096","display_name":"Synthetic 96","created_at":"2026-09-20T18:52:46.239Z","updated_at":"2026-09-20T18:52:46.239Z"},{"id":"e02f5526-76b0-4502-8a4c-b05fffec8101","state":"InvitePending","source_platform":"truecoach","source_person_id":"s00097","display_name":"Synthetic 97","created_at":"2026-09-20T18:52:46.240Z","updated_at":"2026-09-20T18:52:46.240Z"},{"id":"12ab0463-a416-4746-8942-b7a16c36ee75","state":"InvitePending","source_platform":"truecoach","source_person_id":"s00098","display_name":"Synthetic 98","created_at":"2026-09-20T18:52:46.241Z","updated_at":"2026-09-20T18:52:46.241Z"},{"id":"2b29a9f4-d507-4e0a-a84d-0777b8137eb0","state":"InvitePending","source_platform":"truecoach","source_person_id":"s00099","display_name":"Synthetic 99","created_at":"2026-09-20T18:52:46.243Z","updated_at":"2026-09-20T18:52:46.243Z"},{"id":"41c77852-f9db-4662-b5b7-ff5aea443776","state":"InvitePending","source_platform":"truecoach","source_person_id":"s00101","display_name":"Synthetic 101","created_at":"2026-09-20T18:52:46.247Z","updated_at":"2026-09-20T18:52:46.247Z"},{"id":"db67a410-e09c-4331-a1e0-e00c726d48b3","state":"InvitePending","source_platform":"truecoach","source_person_id":"s00102","display_name":"Synthetic 102","created_at":"2026-09-20T18:52:46.248Z","updated_at":"2026-09-20T18:52:46.248Z"},{"id":"6b7dca24-ba1c-4f86-8931-6065a7030064","state":"InvitePending","source_platform":"truecoach","source_person_id":"s00103","display_name":"Synthetic 103","created_at":"2026-09-20T18:52:46.250Z","updated_at":"2026-09-20T18:52:46.250Z"},{"id":"3947201b-8730-4a31-8378-1697084c95fc","state":"InvitePending","source_platform":"truecoach","source_person_id":"s00104","display_name":"Synthetic 104","created_at":"2026-09-20T18:52:46.251Z","updated_at":"2026-09-20T18:52:46.251Z"},{"id":"a6b7c0fa-3e69-4067-934f-ec5f0510d746","state":"InvitePending","source_platform":"truecoach","source_person_id":"s00105","display_name":"Synthetic 105","created_at":"2026-09-20T18:52:46.252Z","updated_at":"2026-09-20T18:52:46.252Z"},{"id":"7ae62826-af02-4c7e-8a91-df04c5f5cfe0","state":"InvitePending","source_platform":"truecoach","source_person_id":"s00106","display_name":"Synthetic 106","created_at":"2026-09-20T18:52:46.254Z","updated_at":"2026-09-20T18:52:46.254Z"},{"id":"8e47ac53-e7b1-4e1b-8eea-65d9154c5420","state":"InvitePending","source_platform":"truecoach","source_person_id":"s00107","display_name":"Synthetic 107","created_at":"2026-09-20T18:52:46.255Z","updated_at":"2026-09-20T18:52:46.255Z"},{"id":"9a3a3b3c-07ae-45c8-9875-6abb76bd9e33","state":"InvitePending","source_platform":"truecoach","source_person_id":"s00108","display_name":"Synthetic 108","created_at":"2026-09-20T18:52:46.257Z","updated_at":"2026-09-20T18:52:46.257Z"},{"id":"7e31356f-88c9-4ad2-98f6-e2effd277964","state":"InvitePending","source_platform":"truecoach","source_person_id":"s00109","display_name":"Synthetic 109","created_at":"2026-09-20T18:52:46.258Z","updated_at":"2026-09-20T18:52:46.258Z"},{"id":"d4a6bf22-d770-47f6-8fc9-d019480e5efa","state":"InvitePending","source_platform":"truecoach","source_person_id":"s00110","display_name":"Synthetic 110","created_at":"2026-09-20T18:52:46.260Z","updated_at":"2026-09-20T18:52:46.260Z"},{"id":"b554ab09-6565-4d5a-a92e-7470b58f53ca","state":"InvitePending","source_platform":"truecoach","source_person_id":"s00111","display_name":"Synthetic 111","created_at":"2026-09-20T18:52:46.261Z","updated_at":"2026-09-20T18:52:46.261Z"},{"id":"4be396a0-551e-4369-997e-bbce33a17afb","state":"InvitePending","source_platform":"truecoach","source_person_id":"s00112","display_name":"Synthetic 112","created_at":"2026-09-20T18:52:46.265Z","updated_at":"2026-09-20T18:52:46.265Z"},{"id":"2ae5b8a9-3330-4c24-88a7-5e0238640048","state":"InvitePending","source_platform":"truecoach","source_person_id":"s00113","display_name":"Synthetic 113","created_at":"2026-09-20T18:52:46.266Z","updated_at":"2026-09-20T18:52:46.266Z"},{"id":"b50866c0-491f-47bf-9b9d-fc5b56c4bc8f","state":"InvitePending","source_platform":"truecoach","source_person_id":"s00114","display_name":"Synthetic 114","created_at":"2026-09-20T18:52:46.268Z","updated_at":"2026-09-20T18:52:46.268Z"},{"id":"2dd2b895-8845-4913-9c7a-69f1e1968e59","state":"InvitePending","source_platform":"truecoach","source_person_id":"s00115","display_name":"Synthetic 115","created_at":"2026-09-20T18:52:46.270Z","updated_at":"2026-09-20T18:52:46.270Z"},{"id":"565395f9-04a8-4ac8-9780-9b6fd42c13a5","state":"InvitePending","source_platform":"truecoach","source_person_id":"s00116","display_name":"Synthetic 116","created_at":"2026-09-20T18:52:46.271Z","updated_at":"2026-09-20T18:52:46.271Z"},{"id":"d48746a6-1466-475e-9d84-b86a0c5b71dd","state":"InvitePending","source_platform":"truecoach","source_person_id":"s00117","display_name":"Synthetic 117","created_at":"2026-09-20T18:52:46.273Z","updated_at":"2026-09-20T18:52:46.273Z"},{"id":"4bbed9f2-a015-4f74-9bf7-577c04be67ab","state":"InvitePending","source_platform":"truecoach","source_person_id":"s00118","display_name":"Synthetic 118","created_at":"2026-09-20T18:52:46.274Z","updated_at":"2026-09-20T18:52:46.274Z"},{"id":"cb528943-48ad-4d87-a40f-547b4e5b76ac","state":"InvitePending","source_platform":"truecoach","source_person_id":"s00119","display_name":"Synthetic 119","created_at":"2026-09-20T18:52:46.275Z","updated_at":"2026-09-20T18:52:46.275Z"},{"id":"35b1a608-3c73-417b-a19a-8baba5d6849d","state":"InvitePending","source_platform":"truecoach","source_person_id":"s00120","display_name":"Synthetic 120","created_at":"2026-09-20T18:52:46.278Z","updated_at":"2026-09-20T18:52:46.278Z"},{"id":"3e70a00c-6f6a-480e-9808-890db62f48bb","state":"InvitePending","source_platform":"truecoach","source_person_id":"s00121","display_name":"Synthetic 121","created_at":"2026-09-20T18:52:46.280Z","updated_at":"2026-09-20T18:52:46.280Z"},{"id":"273500f1-43fe-4281-9893-66c47a2f4986","state":"InvitePending","source_platform":"truecoach","source_person_id":"s00122","display_name":"Synthetic 122","created_at":"2026-09-20T18:52:46.281Z","updated_at":"2026-09-20T18:52:46.281Z"},{"id":"f96a7392-d75b-4457-8c79-4fd87705124c","state":"InvitePending","source_platform":"truecoach","source_person_id":"s00123","display_name":"Synthetic 123","created_at":"2026-09-20T18:52:46.283Z","updated_at":"2026-09-20T18:52:46.283Z"},{"id":"2d0cf890-aed0-4bf4-9311-45fd64d20068","state":"InvitePending","source_platform":"truecoach","source_person_id":"s00124","display_name":"Synthetic 124","created_at":"2026-09-20T18:52:46.284Z","updated_at":"2026-09-20T18:52:46.284Z"},{"id":"be12afa5-8835-43da-bdcc-4d075cfb347a","state":"InvitePending","source_platform":"truecoach","source_person_id":"s00125","display_name":"Synthetic 125","created_at":"2026-09-20T18:52:46.285Z","updated_at":"2026-09-20T18:52:46.285Z"},{"id":"f3e90ef7-9f2b-44e3-a243-c57588ec6b9e","state":"InvitePending","source_platform":"truecoach","source_person_id":"s00126","display_name":"Synthetic 126","created_at":"2026-09-20T18:52:46.287Z","updated_at":"2026-09-20T18:52:46.287Z"},{"id":"8b5de598-f097-4e38-a884-b46ae73c8bdd","state":"InvitePending","source_platform":"truecoach","source_person_id":"s00127","display_name":"Synthetic 127","created_at":"2026-09-20T18:52:46.288Z","updated_at":"2026-09-20T18:52:46.288Z"},{"id":"4546a2f3-9c19-413a-9c06-7f7bb311551b","state":"InvitePending","source_platform":"truecoach","source_person_id":"s00128","display_name":"Synthetic 128","created_at":"2026-09-20T18:52:46.290Z","updated_at":"2026-09-20T18:52:46.290Z"},{"id":"42eabdc5-63a7-49a6-941b-0953a51dd091","state":"InvitePending","source_platform":"truecoach","source_person_id":"s00129","display_name":"Synthetic 129","created_at":"2026-09-20T18:52:46.291Z","updated_at":"2026-09-20T18:52:46.291Z"},{"id":"5fb2334a-657a-4dcd-a060-c890bae1a091","state":"InvitePending","source_platform":"truecoach","source_person_id":"s00130","display_name":"Synthetic 130","created_at":"2026-09-20T18:52:46.293Z","updated_at":"2026-09-20T18:52:46.293Z"},{"id":"26b3e698-3eeb-4ce4-aa9c-5da8d02ffd17","state":"InvitePending","source_platform":"truecoach","source_person_id":"s00131","display_name":"Synthetic 131","created_at":"2026-09-20T18:52:46.294Z","updated_at":"2026-09-20T18:52:46.294Z"},{"id":"4ba0e029-d8ef-4e03-bf00-f386336faa30","state":"InvitePending","source_platform":"truecoach","source_person_id":"s00132","display_name":"Synthetic 132","created_at":"2026-09-20T18:52:46.296Z","updated_at":"2026-09-20T18:52:46.296Z"},{"id":"f520da60-cdfa-412d-82d0-f63fce40eab9","state":"InvitePending","source_platform":"truecoach","source_person_id":"s00133","display_name":"Synthetic 133","created_at":"2026-09-20T18:52:46.297Z","updated_at":"2026-09-20T18:52:46.297Z"},{"id":"e6676bef-69e6-47ee-b6b6-8f7f65ef5630","state":"InvitePending","source_platform":"truecoach","source_person_id":"s00134","display_name":"Synthetic 134","created_at":"2026-09-20T18:52:46.299Z","updated_at":"2026-09-20T18:52:46.299Z"},{"id":"b7757971-c5cb-46c0-92a8-ef7a1ca55583","state":"InvitePending","source_platform":"truecoach","source_person_id":"s00135","display_name":"Synthetic 135","created_at":"2026-09-20T18:52:46.300Z","updated_at":"2026-09-20T18:52:46.300Z"},{"id":"c8f89e7c-fddd-4e5a-917a-93d5a203c7aa","state":"InvitePending","source_platform":"truecoach","source_person_id":"s00136","display_name":"Synthetic 136","created_at":"2026-09-20T18:52:46.301Z","updated_at":"2026-09-20T18:52:46.301Z"},{"id":"710ff72c-618b-4af5-8c9f-bf5420689922","state":"InvitePending","source_platform":"truecoach","source_person_id":"s00137","display_name":"Synthetic 137","created_at":"2026-09-20T18:52:46.303Z","updated_at":"2026-09-20T18:52:46.303Z"},{"id":"77c38a74-0dc5-4a00-b067-d896949f1195","state":"InvitePending","source_platform":"truecoach","source_person_id":"s00138","display_name":"Synthetic 138","created_at":"2026-09-20T18:52:46.304Z","updated_at":"2026-09-20T18:52:46.304Z"},{"id":"4ad0201e-bcfb-40a9-93f9-6b75994db298","state":"InvitePending","source_platform":"truecoach","source_person_id":"s00139","display_name":"Synthetic 139","created_at":"2026-09-20T18:52:46.306Z","updated_at":"2026-09-20T18:52:46.306Z"},{"id":"d0383aea-d91b-458e-944e-7cdb16991e62","state":"InvitePending","source_platform":"truecoach","source_person_id":"s00140","display_name":"Synthetic 140","created_at":"2026-09-20T18:52:46.307Z","updated_at":"2026-09-20T18:52:46.307Z"},{"id":"e4005a7a-f9dd-49f6-9eca-0d58813a7105","state":"InvitePending","source_platform":"truecoach","source_person_id":"s00141","display_name":"Synthetic 141","created_at":"2026-09-20T18:52:46.309Z","updated_at":"2026-09-20T18:52:46.309Z"},{"id":"3cfe6a13-01c5-4cb2-a254-d5f298ee0aa8","state":"InvitePending","source_platform":"truecoach","source_person_id":"s00142","display_name":"Synthetic 142","created_at":"2026-09-20T18:52:46.311Z","updated_at":"2026-09-20T18:52:46.311Z"},{"id":"6a4a1004-bf31-41ce-ae03-baf3781e5dac","state":"InvitePending","source_platform":"truecoach","source_person_id":"s00143","display_name":"Synthetic 143","created_at":"2026-09-20T18:52:46.318Z","updated_at":"2026-09-20T18:52:46.318Z"},{"id":"43608d16-0383-404d-85c6-c2b132528d8c","state":"InvitePending","source_platform":"truecoach","source_person_id":"s00144","display_name":"Synthetic 144","created_at":"2026-09-20T18:52:46.319Z","updated_at":"2026-09-20T18:52:46.319Z"},{"id":"21de4edd-703d-43a5-ba8a-8fb9b28e2a3e","state":"InvitePending","source_platform":"truecoach","source_person_id":"s00145","display_name":"Synthetic 145","created_at":"2026-09-20T18:52:46.321Z","updated_at":"2026-09-20T18:52:46.321Z"},{"id":"10eb8cc0-bc59-4f86-b398-2d5db5721e34","state":"InvitePending","source_platform":"truecoach","source_person_id":"s00146","display_name":"Synthetic 146","created_at":"2026-09-20T18:52:46.322Z","updated_at":"2026-09-20T18:52:46.322Z"},{"id":"ee7d5da6-b071-403e-bcf3-977ed50bcd59","state":"InvitePending","source_platform":"truecoach","source_person_id":"s00147","display_name":"Synthetic 147","created_at":"2026-09-20T18:52:46.323Z","updated_at":"2026-09-20T18:52:46.323Z"},{"id":"a10eac82-1378-4c94-8f48-d5b933cd4a2d","state":"InvitePending","source_platform":"truecoach","source_person_id":"s00148","display_name":"Synthetic 148","created_at":"2026-09-20T18:52:46.325Z","updated_at":"2026-09-20T18:52:46.325Z"},{"id":"a07ca0a1-ccd3-4ffd-bcfb-7e26025cb92c","state":"InvitePending","source_platform":"truecoach","source_person_id":"s00149","display_name":"Synthetic 149","created_at":"2026-09-20T18:52:46.326Z","updated_at":"2026-09-20T18:52:46.326Z"},{"id":"f5983cb3-6c04-4e80-a465-a30ac2d39343","state":"InvitePending","source_platform":"truecoach","source_person_id":"s00151","display_name":"Synthetic 151","created_at":"2026-09-20T18:52:46.330Z","updated_at":"2026-09-20T18:52:46.330Z"},{"id":"383af374-32a3-46aa-aabd-a0bb6711dc26","state":"InvitePending","source_platform":"truecoach","source_person_id":"s00152","display_name":"Synthetic 152","created_at":"2026-09-20T18:52:46.331Z","updated_at":"2026-09-20T18:52:46.331Z"},{"id":"dc10fefa-25f3-4d2c-a1c4-780f47cb77eb","state":"InvitePending","source_platform":"truecoach","source_person_id":"s00153","display_name":"Synthetic 153","created_at":"2026-09-20T18:52:46.333Z","updated_at":"2026-09-20T18:52:46.333Z"},{"id":"8d826644-2a97-463c-beca-e4e30408c8be","state":"InvitePending","source_platform":"truecoach","source_person_id":"s00154","display_name":"Synthetic 154","created_at":"2026-09-20T18:52:46.334Z","updated_at":"2026-09-20T18:52:46.334Z"},{"id":"3719c2df-8f00-4738-988b-717acd4d2122","state":"InvitePending","source_platform":"truecoach","source_person_id":"s00155","display_name":"Synthetic 155","created_at":"2026-09-20T18:52:46.336Z","updated_at":"2026-09-20T18:52:46.336Z"},{"id":"0f47245a-5b95-4829-9d3a-a3a0723e2913","state":"InvitePending","source_platform":"truecoach","source_person_id":"s00156","display_name":"Synthetic 156","created_at":"2026-09-20T18:52:46.337Z","updated_at":"2026-09-20T18:52:46.337Z"},{"id":"e6112da4-0558-42b3-9854-d6760ced9a94","state":"InvitePending","source_platform":"truecoach","source_person_id":"s00157","display_name":"Synthetic 157","created_at":"2026-09-20T18:52:46.339Z","updated_at":"2026-09-20T18:52:46.339Z"},{"id":"47956028-3c7b-4061-87e5-a63847e52080","state":"InvitePending","source_platform":"truecoach","source_person_id":"s00158","display_name":"Synthetic 158","created_at":"2026-09-20T18:52:46.340Z","updated_at":"2026-09-20T18:52:46.340Z"},{"id":"fa7ec64b-d7c1-4ba8-9906-6a08d7954733","state":"InvitePending","source_platform":"truecoach","source_person_id":"s00159","display_name":"Synthetic 159","created_at":"2026-09-20T18:52:46.341Z","updated_at":"2026-09-20T18:52:46.341Z"},{"id":"56949e88-ebe9-49f4-ba2e-12d7b9ad4006","state":"InvitePending","source_platform":"truecoach","source_person_id":"s00160","display_name":"Synthetic 160","created_at":"2026-09-20T18:52:46.343Z","updated_at":"2026-09-20T18:52:46.343Z"},{"id":"aecc8020-2718-4f98-8d17-2a2846a85572","state":"InvitePending","source_platform":"truecoach","source_person_id":"s00161","display_name":"Synthetic 161","created_at":"2026-09-20T18:52:46.344Z","updated_at":"2026-09-20T18:52:46.344Z"},{"id":"4cda8d12-9689-4051-a15d-fba12fb448d8","state":"InvitePending","source_platform":"truecoach","source_person_id":"s00162","display_name":"Synthetic 162","created_at":"2026-09-20T18:52:46.346Z","updated_at":"2026-09-20T18:52:46.346Z"},{"id":"424bce92-4844-48ec-a644-4d99dec59fb0","state":"InvitePending","source_platform":"truecoach","source_person_id":"s00163","display_name":"Synthetic 163","created_at":"2026-09-20T18:52:46.351Z","updated_at":"2026-09-20T18:52:46.351Z"},{"id":"fa537724-203b-45f5-9150-5090c5e4c78e","state":"InvitePending","source_platform":"truecoach","source_person_id":"s00164","display_name":"Synthetic 164","created_at":"2026-09-20T18:52:46.353Z","updated_at":"2026-09-20T18:52:46.353Z"},{"id":"3fbb4abe-6965-4874-853c-3c5b781964d5","state":"InvitePending","source_platform":"truecoach","source_person_id":"s00165","display_name":"Synthetic 165","created_at":"2026-09-20T18:52:46.355Z","updated_at":"2026-09-20T18:52:46.355Z"},{"id":"c127f6bb-bf25-4245-bd15-a65b19601b5a","state":"InvitePending","source_platform":"truecoach","source_person_id":"s00166","display_name":"Synthetic 166","created_at":"2026-09-20T18:52:46.356Z","updated_at":"2026-09-20T18:52:46.356Z"},{"id":"1282bfb7-0def-45e1-af67-ff2b5c0c615b","state":"InvitePending","source_platform":"truecoach","source_person_id":"s00167","display_name":"Synthetic 167","created_at":"2026-09-20T18:52:46.358Z","updated_at":"2026-09-20T18:52:46.358Z"},{"id":"cd65e9d3-fb42-4254-b696-3022260dc651","state":"InvitePending","source_platform":"truecoach","source_person_id":"s00168","display_name":"Synthetic 168","created_at":"2026-09-20T18:52:46.359Z","updated_at":"2026-09-20T18:52:46.359Z"},{"id":"be75ed24-c162-4410-aa06-0a63d2b6ea9c","state":"InvitePending","source_platform":"truecoach","source_person_id":"s00169","display_name":"Synthetic 169","created_at":"2026-09-20T18:52:46.361Z","updated_at":"2026-09-20T18:52:46.361Z"},{"id":"81b33562-babf-4b04-bba3-800339a2482c","state":"InvitePending","source_platform":"truecoach","source_person_id":"s00170","display_name":"Synthetic 170","created_at":"2026-09-20T18:52:46.362Z","updated_at":"2026-09-20T18:52:46.362Z"},{"id":"086e4791-d784-465a-a41c-796558a850fc","state":"InvitePending","source_platform":"truecoach","source_person_id":"s00171","display_name":"Synthetic 171","created_at":"2026-09-20T18:52:46.363Z","updated_at":"2026-09-20T18:52:46.363Z"},{"id":"3eeff37f-5dc1-4ef9-9ba1-994010d14137","state":"InvitePending","source_platform":"truecoach","source_person_id":"s00172","display_name":"Synthetic 172","created_at":"2026-09-20T18:52:46.365Z","updated_at":"2026-09-20T18:52:46.365Z"},{"id":"39a5e47b-4724-47c1-ba0b-1585d95fc047","state":"InvitePending","source_platform":"truecoach","source_person_id":"s00173","display_name":"Synthetic 173","created_at":"2026-09-20T18:52:46.366Z","updated_at":"2026-09-20T18:52:46.366Z"},{"id":"2b93bc59-ac00-477b-a20a-60376b6d9069","state":"InvitePending","source_platform":"truecoach","source_person_id":"s00174","display_name":"Synthetic 174","created_at":"2026-09-20T18:52:46.368Z","updated_at":"2026-09-20T18:52:46.368Z"},{"id":"3be02938-6c3a-41ca-8b41-2691e978fe8e","state":"InvitePending","source_platform":"truecoach","source_person_id":"s00175","display_name":"Synthetic 175","created_at":"2026-09-20T18:52:46.369Z","updated_at":"2026-09-20T18:52:46.369Z"},{"id":"96db706a-8465-4548-b973-ce3bdbdfe74f","state":"InvitePending","source_platform":"truecoach","source_person_id":"s00176","display_name":"Synthetic 176","created_at":"2026-09-20T18:52:46.371Z","updated_at":"2026-09-20T18:52:46.371Z"},{"id":"17b0ae76-e3b1-4974-aede-21b395a51739","state":"InvitePending","source_platform":"truecoach","source_person_id":"s00177","display_name":"Synthetic 177","created_at":"2026-09-20T18:52:46.372Z","updated_at":"2026-09-20T18:52:46.372Z"},{"id":"ee2c7fa1-0893-4fb5-bb80-d18fd9be9028","state":"InvitePending","source_platform":"truecoach","source_person_id":"s00178","display_name":"Synthetic 178","created_at":"2026-09-20T18:52:46.374Z","updated_at":"2026-09-20T18:52:46.374Z"},{"id":"386f6094-996d-467e-a088-9efbacf5ad39","state":"InvitePending","source_platform":"truecoach","source_person_id":"s00179","display_name":"Synthetic 179","created_at":"2026-09-20T18:52:46.375Z","updated_at":"2026-09-20T18:52:46.375Z"},{"id":"e511910b-48ee-489c-a3a0-e2093e4675ac","state":"InvitePending","source_platform":"truecoach","source_person_id":"s00180","display_name":"Synthetic 180","created_at":"2026-09-20T18:52:46.377Z","updated_at":"2026-09-20T18:52:46.377Z"},{"id":"0a9d75bb-8a30-41d3-97b4-28e37a54cb22","state":"InvitePending","source_platform":"truecoach","source_person_id":"s00181","display_name":"Synthetic 181","created_at":"2026-09-20T18:52:46.378Z","updated_at":"2026-09-20T18:52:46.378Z"},{"id":"5df13004-ef9d-4db6-9f0c-ac11df2ddf2d","state":"InvitePending","source_platform":"truecoach","source_person_id":"s00182","display_name":"Synthetic 182","created_at":"2026-09-20T18:52:46.380Z","updated_at":"2026-09-20T18:52:46.380Z"},{"id":"58e97889-1ae6-43e5-9d25-91eef93f2b5d","state":"InvitePending","source_platform":"truecoach","source_person_id":"s00183","display_name":"Synthetic 183","created_at":"2026-09-20T18:52:46.381Z","updated_at":"2026-09-20T18:52:46.381Z"},{"id":"927ebfb0-0758-4489-84f8-5d4f5816a16e","state":"InvitePending","source_platform":"truecoach","source_person_id":"s00184","display_name":"Synthetic 184","created_at":"2026-09-20T18:52:46.382Z","updated_at":"2026-09-20T18:52:46.382Z"},{"id":"9c056370-1317-45e1-b226-b6ef7324caf3","state":"InvitePending","source_platform":"truecoach","source_person_id":"s00185","display_name":"Synthetic 185","created_at":"2026-09-20T18:52:46.384Z","updated_at":"2026-09-20T18:52:46.384Z"},{"id":"5846cb3e-ef4c-4ee8-8a09-8f1a9cfe6bd9","state":"InvitePending","source_platform":"truecoach","source_person_id":"s00186","display_name":"Synthetic 186","created_at":"2026-09-20T18:52:46.385Z","updated_at":"2026-09-20T18:52:46.385Z"},{"id":"082fd89f-955a-4de2-be75-ca0fdfc8afef","state":"InvitePending","source_platform":"truecoach","source_person_id":"s00187","display_name":"Synthetic 187","created_at":"2026-09-20T18:52:46.387Z","updated_at":"2026-09-20T18:52:46.387Z"},{"id":"58b710a0-70c3-47a3-9f45-b34347da7e2a","state":"InvitePending","source_platform":"truecoach","source_person_id":"s00188","display_name":"Synthetic 188","created_at":"2026-09-20T18:52:46.388Z","updated_at":"2026-09-20T18:52:46.388Z"},{"id":"4720c8c4-fe23-40d8-8764-3b0a6128bab0","state":"InvitePending","source_platform":"truecoach","source_person_id":"s00189","display_name":"Synthetic 189","created_at":"2026-09-20T18:52:46.389Z","updated_at":"2026-09-20T18:52:46.389Z"},{"id":"290045fe-f2ae-4794-88e5-ebd37a2d49f9","state":"InvitePending","source_platform":"truecoach","source_person_id":"s00190","display_name":"Synthetic 190","created_at":"2026-09-20T18:52:46.391Z","updated_at":"2026-09-20T18:52:46.391Z"},{"id":"da6dbc62-5369-44a3-8501-13bfc470c738","state":"InvitePending","source_platform":"truecoach","source_person_id":"s00191","display_name":"Synthetic 191","created_at":"2026-09-20T18:52:46.393Z","updated_at":"2026-09-20T18:52:46.393Z"},{"id":"3f244b56-179f-4e90-91d4-002c8af3162a","state":"InvitePending","source_platform":"truecoach","source_person_id":"s00192","display_name":"Synthetic 192","created_at":"2026-09-20T18:52:46.395Z","updated_at":"2026-09-20T18:52:46.395Z"},{"id":"6783bd46-deed-494f-af4e-3283711c5c5f","state":"InvitePending","source_platform":"truecoach","source_person_id":"s00193","display_name":"Synthetic 193","created_at":"2026-09-20T18:52:46.396Z","updated_at":"2026-09-20T18:52:46.396Z"},{"id":"6c46ddb4-010e-4639-bc95-7cb93fb106d8","state":"InvitePending","source_platform":"truecoach","source_person_id":"s00194","display_name":"Synthetic 194","created_at":"2026-09-20T18:52:46.397Z","updated_at":"2026-09-20T18:52:46.397Z"},{"id":"e793ae5d-dfae-4169-9b74-08a070a5ea4d","state":"InvitePending","source_platform":"truecoach","source_person_id":"s00195","display_name":"Synthetic 195","created_at":"2026-09-20T18:52:46.399Z","updated_at":"2026-09-20T18:52:46.399Z"}],"page":{"limit":200,"next_cursor":"czAwMTk1","has_more":true}},"queries":8,"pid":28918}

      158 |       if (code !== 0 || !result) { reject(new Error(`worker exited ${code}: ${output}`)); return; }
      159 |       // Query shapes, outcomes, fixture identifiers and process IDs only; never parameters.
    > 160 |       console.warn('PG17_PROCESS', JSON.stringify({ name, old, options: { ...options, cursor: options.cursor ? '<cursor>' : undefined },
          |               ^
      161 |         result: result.result, failure: result.failure, queries: result.queries.length, pid: result.pid }));
      162 |       resolveDone(result);
      163 |     };

      at settleWorker (test/utils/g2-pg17-harness.ts:160:15)
      at ChildProcess.<anonymous> (test/utils/g2-pg17-harness.ts:165:51)

  console.warn
    PG17_PROCESS {"name":"g2p17_13","old":true,"options":{"action":"roster","cursor":"<cursor>","limit":200},"result":{"intent_id":"intent","accounting":{"staged":600,"reconstructed":596,"skipped":8,"failed":21},"persons":[{"id":"05060690-75f8-453a-a72c-166c041b7858","state":"InvitePending","source_platform":"truecoach","source_person_id":"s00196","display_name":"Synthetic 196","created_at":"2026-09-20T18:52:46.400Z","updated_at":"2026-09-20T18:52:46.400Z"},{"id":"6ba2be49-0fd4-4f7d-ab0e-340f6af9d7cb","state":"InvitePending","source_platform":"truecoach","source_person_id":"s00197","display_name":"Synthetic 197","created_at":"2026-09-20T18:52:46.402Z","updated_at":"2026-09-20T18:52:46.402Z"},{"id":"0d685d7d-c01e-4f9a-bba7-63fb6c597bc1","state":"InvitePending","source_platform":"truecoach","source_person_id":"s00198","display_name":"Synthetic 198","created_at":"2026-09-20T18:52:46.403Z","updated_at":"2026-09-20T18:52:46.403Z"},{"id":"24c9fec1-40ea-4408-aa98-005c67ca0e87","state":"InvitePending","source_platform":"truecoach","source_person_id":"s00199","display_name":"Synthetic 199","created_at":"2026-09-20T18:52:46.405Z","updated_at":"2026-09-20T18:52:46.405Z"},{"id":"1a338710-4b9f-4199-92b8-864fa656de25","state":"InvitePending","source_platform":"truecoach","source_person_id":"s00201","display_name":"Synthetic 201","created_at":"2026-09-20T18:52:46.413Z","updated_at":"2026-09-20T18:52:46.413Z"},{"id":"58922e11-c352-4ff8-8909-40920b2ade53","state":"InvitePending","source_platform":"truecoach","source_person_id":"s00202","display_name":"Synthetic 202","created_at":"2026-09-20T18:52:46.414Z","updated_at":"2026-09-20T18:52:46.414Z"},{"id":"38e8e28f-d1fa-455b-8be2-6f0a183cc3d3","state":"InvitePending","source_platform":"truecoach","source_person_id":"s00203","display_name":"Synthetic 203","created_at":"2026-09-20T18:52:46.416Z","updated_at":"2026-09-20T18:52:46.416Z"},{"id":"8a32e3f3-ce0f-4410-9f82-023dd659645e","state":"InvitePending","source_platform":"truecoach","source_person_id":"s00204","display_name":"Synthetic 204","created_at":"2026-09-20T18:52:46.417Z","updated_at":"2026-09-20T18:52:46.417Z"},{"id":"2de7d8bc-cee0-4c08-9ae9-5ca9a9f9e530","state":"InvitePending","source_platform":"truecoach","source_person_id":"s00205","display_name":"Synthetic 205","created_at":"2026-09-20T18:52:46.419Z","updated_at":"2026-09-20T18:52:46.419Z"},{"id":"9a369a4d-feb2-458a-9143-e7080344a315","state":"InvitePending","source_platform":"truecoach","source_person_id":"s00206","display_name":"Synthetic 206","created_at":"2026-09-20T18:52:46.420Z","updated_at":"2026-09-20T18:52:46.420Z"},{"id":"e4bf51b4-3463-4eb9-8ddb-035708dc4bde","state":"InvitePending","source_platform":"truecoach","source_person_id":"s00207","display_name":"Synthetic 207","created_at":"2026-09-20T18:52:46.421Z","updated_at":"2026-09-20T18:52:46.421Z"},{"id":"02fd7f54-6962-460e-a56b-dc6f0f45ad7d","state":"InvitePending","source_platform":"truecoach","source_person_id":"s00208","display_name":"Synthetic 208","created_at":"2026-09-20T18:52:46.423Z","updated_at":"2026-09-20T18:52:46.423Z"},{"id":"91e37851-c2b9-4f1a-908d-e4e27ed82a04","state":"InvitePending","source_platform":"truecoach","source_person_id":"s00209","display_name":"Synthetic 209","created_at":"2026-09-20T18:52:46.424Z","updated_at":"2026-09-20T18:52:46.424Z"},{"id":"64ab9c29-e797-4a95-90d7-cf1c017c5eed","state":"InvitePending","source_platform":"truecoach","source_person_id":"s00210","display_name":"Synthetic 210","created_at":"2026-09-20T18:52:46.426Z","updated_at":"2026-09-20T18:52:46.426Z"},{"id":"4ab91e9d-5f25-4f46-9e70-b818d5898e4b","state":"InvitePending","source_platform":"truecoach","source_person_id":"s00211","display_name":"Synthetic 211","created_at":"2026-09-20T18:52:46.427Z","updated_at":"2026-09-20T18:52:46.427Z"},{"id":"8d190f2e-5d6a-4286-a29d-9ab2c57d47d8","state":"InvitePending","source_platform":"truecoach","source_person_id":"s00212","display_name":"Synthetic 212","created_at":"2026-09-20T18:52:46.429Z","updated_at":"2026-09-20T18:52:46.429Z"},{"id":"9b6f6cf4-6100-4127-aed1-0304b6298df9","state":"InvitePending","source_platform":"truecoach","source_person_id":"s00213","display_name":"Synthetic 213","created_at":"2026-09-20T18:52:46.430Z","updated_at":"2026-09-20T18:52:46.430Z"},{"id":"2cce73ca-4fcc-4219-a25b-e0928a614e21","state":"InvitePending","source_platform":"truecoach","source_person_id":"s00214","display_name":"Synthetic 214","created_at":"2026-09-20T18:52:46.433Z","updated_at":"2026-09-20T18:52:46.433Z"},{"id":"ca6a7f32-c4cd-4d7b-a1b7-151b52efc33b","state":"InvitePending","source_platform":"truecoach","source_person_id":"s00215","display_name":"Synthetic 215","created_at":"2026-09-20T18:52:46.435Z","updated_at":"2026-09-20T18:52:46.435Z"},{"id":"b2f218c3-2c51-421f-9f19-b047e7d4c79f","state":"InvitePending","source_platform":"truecoach","source_person_id":"s00216","display_name":"Synthetic 216","created_at":"2026-09-20T18:52:46.436Z","updated_at":"2026-09-20T18:52:46.436Z"},{"id":"3c2d07a0-0b63-4ff5-9736-57092f2aed11","state":"InvitePending","source_platform":"truecoach","source_person_id":"s00217","display_name":"Synthetic 217","created_at":"2026-09-20T18:52:46.438Z","updated_at":"2026-09-20T18:52:46.438Z"},{"id":"23ccc000-aee8-4928-9be1-e18479fc2ec5","state":"InvitePending","source_platform":"truecoach","source_person_id":"s00218","display_name":"Synthetic 218","created_at":"2026-09-20T18:52:46.440Z","updated_at":"2026-09-20T18:52:46.440Z"},{"id":"0af0c1e1-362a-4dc7-bed8-857cee9954e3","state":"InvitePending","source_platform":"truecoach","source_person_id":"s00219","display_name":"Synthetic 219","created_at":"2026-09-20T18:52:46.441Z","updated_at":"2026-09-20T18:52:46.441Z"},{"id":"e167425b-2d4c-4dbe-a14d-66c4005acef6","state":"InvitePending","source_platform":"truecoach","source_person_id":"s00220","display_name":"Synthetic 220","created_at":"2026-09-20T18:52:46.443Z","updated_at":"2026-09-20T18:52:46.443Z"},{"id":"47eff490-30d3-4c17-9812-335d03d29c0b","state":"InvitePending","source_platform":"truecoach","source_person_id":"s00221","display_name":"Synthetic 221","created_at":"2026-09-20T18:52:46.444Z","updated_at":"2026-09-20T18:52:46.444Z"},{"id":"375b6dd3-208e-4cdc-a14e-1e69085894cb","state":"InvitePending","source_platform":"truecoach","source_person_id":"s00222","display_name":"Synthetic 222","created_at":"2026-09-20T18:52:46.445Z","updated_at":"2026-09-20T18:52:46.445Z"},{"id":"1c7d738d-02d1-401b-82f8-c1f3afbe9fde","state":"InvitePending","source_platform":"truecoach","source_person_id":"s00223","display_name":"Synthetic 223","created_at":"2026-09-20T18:52:46.447Z","updated_at":"2026-09-20T18:52:46.447Z"},{"id":"9854fc45-b5b4-4171-9b7d-81298583df81","state":"InvitePending","source_platform":"truecoach","source_person_id":"s00224","display_name":"Synthetic 224","created_at":"2026-09-20T18:52:46.448Z","updated_at":"2026-09-20T18:52:46.448Z"},{"id":"00fdcc2d-ad7a-4391-947a-0c4adc066618","state":"InvitePending","source_platform":"truecoach","source_person_id":"s00225","display_name":"Synthetic 225","created_at":"2026-09-20T18:52:46.451Z","updated_at":"2026-09-20T18:52:46.451Z"},{"id":"4972ac91-a0f1-48f6-b6c2-d1bfe7f5bb1a","state":"InvitePending","source_platform":"truecoach","source_person_id":"s00226","display_name":"Synthetic 226","created_at":"2026-09-20T18:52:46.452Z","updated_at":"2026-09-20T18:52:46.452Z"},{"id":"824d4d47-1061-4375-bb8c-1549328c0372","state":"InvitePending","source_platform":"truecoach","source_person_id":"s00227","display_name":"Synthetic 227","created_at":"2026-09-20T18:52:46.454Z","updated_at":"2026-09-20T18:52:46.454Z"},{"id":"0edc9a32-6925-417f-a60a-a2e1a13c8b03","state":"InvitePending","source_platform":"truecoach","source_person_id":"s00228","display_name":"Synthetic 228","created_at":"2026-09-20T18:52:46.455Z","updated_at":"2026-09-20T18:52:46.455Z"},{"id":"b60a833c-18b4-449c-b645-7c06da7d8ef1","state":"InvitePending","source_platform":"truecoach","source_person_id":"s00229","display_name":"Synthetic 229","created_at":"2026-09-20T18:52:46.457Z","updated_at":"2026-09-20T18:52:46.457Z"},{"id":"a6e6f1d7-b74f-4fa2-99d5-58d3337227d7","state":"InvitePending","source_platform":"truecoach","source_person_id":"s00230","display_name":"Synthetic 230","created_at":"2026-09-20T18:52:46.458Z","updated_at":"2026-09-20T18:52:46.458Z"},{"id":"9c31ea56-4438-4f83-bb1f-9e9704d92c8d","state":"InvitePending","source_platform":"truecoach","source_person_id":"s00231","display_name":"Synthetic 231","created_at":"2026-09-20T18:52:46.459Z","updated_at":"2026-09-20T18:52:46.459Z"},{"id":"9c01fc66-0b5d-42ec-99dc-c4019f5bfd3a","state":"InvitePending","source_platform":"truecoach","source_person_id":"s00232","display_name":"Synthetic 232","created_at":"2026-09-20T18:52:46.461Z","updated_at":"2026-09-20T18:52:46.461Z"},{"id":"41f45a36-0bdc-4fc7-b422-516b04aa6e1e","state":"InvitePending","source_platform":"truecoach","source_person_id":"s00233","display_name":"Synthetic 233","created_at":"2026-09-20T18:52:46.462Z","updated_at":"2026-09-20T18:52:46.462Z"},{"id":"2a3c9dfe-b2c9-41ce-a03a-9f3f4c10b303","state":"InvitePending","source_platform":"truecoach","source_person_id":"s00234","display_name":"Synthetic 234","created_at":"2026-09-20T18:52:46.464Z","updated_at":"2026-09-20T18:52:46.464Z"},{"id":"d8da336d-cbd6-428a-a1e3-f326789188cb","state":"InvitePending","source_platform":"truecoach","source_person_id":"s00235","display_name":"Synthetic 235","created_at":"2026-09-20T18:52:46.465Z","updated_at":"2026-09-20T18:52:46.465Z"},{"id":"1b77edda-6d19-4a2b-8d85-f2c51a673850","state":"InvitePending","source_platform":"truecoach","source_person_id":"s00236","display_name":"Synthetic 236","created_at":"2026-09-20T18:52:46.467Z","updated_at":"2026-09-20T18:52:46.467Z"},{"id":"3916518c-376f-4df3-ba2e-b963b6cf15a2","state":"InvitePending","source_platform":"truecoach","source_person_id":"s00237","display_name":"Synthetic 237","created_at":"2026-09-20T18:52:46.468Z","updated_at":"2026-09-20T18:52:46.468Z"},{"id":"a4608883-f2fb-43d0-8471-e37580b43141","state":"InvitePending","source_platform":"truecoach","source_person_id":"s00238","display_name":"Synthetic 238","created_at":"2026-09-20T18:52:46.470Z","updated_at":"2026-09-20T18:52:46.470Z"},{"id":"6d1ccd95-0b19-4885-be52-ef60679bd675","state":"InvitePending","source_platform":"truecoach","source_person_id":"s00239","display_name":"Synthetic 239","created_at":"2026-09-20T18:52:46.471Z","updated_at":"2026-09-20T18:52:46.471Z"},{"id":"f63e0821-994f-4a1c-af69-279f83ccdbf0","state":"InvitePending","source_platform":"truecoach","source_person_id":"s00240","display_name":"Synthetic 240","created_at":"2026-09-20T18:52:46.472Z","updated_at":"2026-09-20T18:52:46.472Z"},{"id":"da59ec10-0b97-438a-96db-9b64fb250ca8","state":"InvitePending","source_platform":"truecoach","source_person_id":"s00241","display_name":"Synthetic 241","created_at":"2026-09-20T18:52:46.474Z","updated_at":"2026-09-20T18:52:46.474Z"},{"id":"eafdcfa1-0b1e-486f-afe4-39f454bf4df8","state":"InvitePending","source_platform":"truecoach","source_person_id":"s00242","display_name":"Synthetic 242","created_at":"2026-09-20T18:52:46.475Z","updated_at":"2026-09-20T18:52:46.475Z"},{"id":"5edeb27c-b542-4408-9036-fd2b22f1d3b6","state":"InvitePending","source_platform":"truecoach","source_person_id":"s00243","display_name":"Synthetic 243","created_at":"2026-09-20T18:52:46.477Z","updated_at":"2026-09-20T18:52:46.477Z"},{"id":"344753d5-1fb3-426e-9e2a-1cb568d55c64","state":"InvitePending","source_platform":"truecoach","source_person_id":"s00244","display_name":"Synthetic 244","created_at":"2026-09-20T18:52:46.478Z","updated_at":"2026-09-20T18:52:46.478Z"},{"id":"805b0ee8-f055-4bb6-9910-af01b2179caf","state":"InvitePending","source_platform":"truecoach","source_person_id":"s00245","display_name":"Synthetic 245","created_at":"2026-09-20T18:52:46.479Z","updated_at":"2026-09-20T18:52:46.479Z"},{"id":"29f6b264-5d27-4ca9-b7bf-b40820a41066","state":"InvitePending","source_platform":"truecoach","source_person_id":"s00246","display_name":"Synthetic 246","created_at":"2026-09-20T18:52:46.481Z","updated_at":"2026-09-20T18:52:46.481Z"},{"id":"c64bbebb-9a3a-4024-8b2c-4444b5e554c5","state":"InvitePending","source_platform":"truecoach","source_person_id":"s00247","display_name":"Synthetic 247","created_at":"2026-09-20T18:52:46.482Z","updated_at":"2026-09-20T18:52:46.482Z"},{"id":"4f57d6b8-baa4-4c4f-a003-8a04eb1707fc","state":"InvitePending","source_platform":"truecoach","source_person_id":"s00248","display_name":"Synthetic 248","created_at":"2026-09-20T18:52:46.484Z","updated_at":"2026-09-20T18:52:46.484Z"},{"id":"8b6e210e-6938-4af6-86c0-bec6b1a003c8","state":"InvitePending","source_platform":"truecoach","source_person_id":"s00249","display_name":"Synthetic 249","created_at":"2026-09-20T18:52:46.485Z","updated_at":"2026-09-20T18:52:46.485Z"},{"id":"5924818c-5083-4469-a614-9144bff3e91b","state":"InvitePending","source_platform":"truecoach","source_person_id":"s00251","display_name":"Synthetic 251","created_at":"2026-09-20T18:52:46.489Z","updated_at":"2026-09-20T18:52:46.489Z"},{"id":"1f0f0a33-a023-48c3-8889-07dfbcebbbb0","state":"InvitePending","source_platform":"truecoach","source_person_id":"s00252","display_name":"Synthetic 252","created_at":"2026-09-20T18:52:46.490Z","updated_at":"2026-09-20T18:52:46.490Z"},{"id":"2abc3f3a-3287-4b72-b6f2-39b3e7bb699c","state":"InvitePending","source_platform":"truecoach","source_person_id":"s00253","display_name":"Synthetic 253","created_at":"2026-09-20T18:52:46.492Z","updated_at":"2026-09-20T18:52:46.492Z"},{"id":"6d8b3c92-3f22-4107-8deb-2f4b9ad40ade","state":"InvitePending","source_platform":"truecoach","source_person_id":"s00254","display_name":"Synthetic 254","created_at":"2026-09-20T18:52:46.493Z","updated_at":"2026-09-20T18:52:46.493Z"},{"id":"797f1f6d-eaed-482a-8d0c-7535720c8ca5","state":"InvitePending","source_platform":"truecoach","source_person_id":"s00255","display_name":"Synthetic 255","created_at":"2026-09-20T18:52:46.499Z","updated_at":"2026-09-20T18:52:46.499Z"},{"id":"cc3b7012-c5cc-468a-a133-007026eece89","state":"InvitePending","source_platform":"truecoach","source_person_id":"s00256","display_name":"Synthetic 256","created_at":"2026-09-20T18:52:46.500Z","updated_at":"2026-09-20T18:52:46.500Z"},{"id":"cb9ddc2d-ecad-4eb4-9f0f-275fa23185ef","state":"InvitePending","source_platform":"truecoach","source_person_id":"s00257","display_name":"Synthetic 257","created_at":"2026-09-20T18:52:46.502Z","updated_at":"2026-09-20T18:52:46.502Z"},{"id":"3dea3538-7859-4e20-94cf-73491136b8e6","state":"InvitePending","source_platform":"truecoach","source_person_id":"s00258","display_name":"Synthetic 258","created_at":"2026-09-20T18:52:46.503Z","updated_at":"2026-09-20T18:52:46.503Z"},{"id":"02012c9b-62c8-4a4f-8a1b-5c997e2042f4","state":"InvitePending","source_platform":"truecoach","source_person_id":"s00259","display_name":"Synthetic 259","created_at":"2026-09-20T18:52:46.505Z","updated_at":"2026-09-20T18:52:46.505Z"},{"id":"976b0fed-4fe0-491f-9e3a-01397ed6e5c7","state":"InvitePending","source_platform":"truecoach","source_person_id":"s00260","display_name":"Synthetic 260","created_at":"2026-09-20T18:52:46.506Z","updated_at":"2026-09-20T18:52:46.506Z"},{"id":"a3fefa54-0819-4f19-bcde-510583ca34ac","state":"InvitePending","source_platform":"truecoach","source_person_id":"s00261","display_name":"Synthetic 261","created_at":"2026-09-20T18:52:46.507Z","updated_at":"2026-09-20T18:52:46.507Z"},{"id":"65db4af0-0e70-43e1-ab04-8c53bf636eb6","state":"InvitePending","source_platform":"truecoach","source_person_id":"s00262","display_name":"Synthetic 262","created_at":"2026-09-20T18:52:46.509Z","updated_at":"2026-09-20T18:52:46.509Z"},{"id":"06c5240c-a320-430b-b793-b92f97ce6c4b","state":"InvitePending","source_platform":"truecoach","source_person_id":"s00263","display_name":"Synthetic 263","created_at":"2026-09-20T18:52:46.510Z","updated_at":"2026-09-20T18:52:46.510Z"},{"id":"29722954-b8ab-44fc-9905-4799287423dd","state":"InvitePending","source_platform":"truecoach","source_person_id":"s00264","display_name":"Synthetic 264","created_at":"2026-09-20T18:52:46.512Z","updated_at":"2026-09-20T18:52:46.512Z"},{"id":"c7a1a52d-07bb-47b2-b614-e7b1436c2004","state":"InvitePending","source_platform":"truecoach","source_person_id":"s00265","display_name":"Synthetic 265","created_at":"2026-09-20T18:52:46.513Z","updated_at":"2026-09-20T18:52:46.513Z"},{"id":"a9797de7-d96f-4453-b8a8-21b546527de2","state":"InvitePending","source_platform":"truecoach","source_person_id":"s00266","display_name":"Synthetic 266","created_at":"2026-09-20T18:52:46.515Z","updated_at":"2026-09-20T18:52:46.515Z"},{"id":"662d19f2-5a59-4431-95c1-acedeaae8af3","state":"InvitePending","source_platform":"truecoach","source_person_id":"s00267","display_name":"Synthetic 267","created_at":"2026-09-20T18:52:46.516Z","updated_at":"2026-09-20T18:52:46.516Z"},{"id":"6979b94a-66f8-489d-8ed3-12601e646022","state":"InvitePending","source_platform":"truecoach","source_person_id":"s00268","display_name":"Synthetic 268","created_at":"2026-09-20T18:52:46.518Z","updated_at":"2026-09-20T18:52:46.518Z"},{"id":"6c7b2ad1-782b-4339-a3b4-128bc48943e0","state":"InvitePending","source_platform":"truecoach","source_person_id":"s00269","display_name":"Synthetic 269","created_at":"2026-09-20T18:52:46.519Z","updated_at":"2026-09-20T18:52:46.519Z"},{"id":"5a4774b9-fbec-47b7-9b7d-73f71a726d5c","state":"InvitePending","source_platform":"truecoach","source_person_id":"s00270","display_name":"Synthetic 270","created_at":"2026-09-20T18:52:46.521Z","updated_at":"2026-09-20T18:52:46.521Z"},{"id":"a8a9d395-5d7b-4b12-8340-175aa600a480","state":"InvitePending","source_platform":"truecoach","source_person_id":"s00271","display_name":"Synthetic 271","created_at":"2026-09-20T18:52:46.522Z","updated_at":"2026-09-20T18:52:46.522Z"},{"id":"853af0a4-9c74-4bd4-8b78-2ef5a8d76ec6","state":"InvitePending","source_platform":"truecoach","source_person_id":"s00272","display_name":"Synthetic 272","created_at":"2026-09-20T18:52:46.523Z","updated_at":"2026-09-20T18:52:46.523Z"},{"id":"4d8506bc-1ca9-4666-b879-be21b67036c7","state":"InvitePending","source_platform":"truecoach","source_person_id":"s00273","display_name":"Synthetic 273","created_at":"2026-09-20T18:52:46.525Z","updated_at":"2026-09-20T18:52:46.525Z"},{"id":"22ee367c-b8ca-47d7-bcb4-b7d15d166724","state":"InvitePending","source_platform":"truecoach","source_person_id":"s00274","display_name":"Synthetic 274","created_at":"2026-09-20T18:52:46.526Z","updated_at":"2026-09-20T18:52:46.526Z"},{"id":"9fad3bd0-15ca-4c9c-a9a3-6780ce8158a5","state":"InvitePending","source_platform":"truecoach","source_person_id":"s00275","display_name":"Synthetic 275","created_at":"2026-09-20T18:52:46.528Z","updated_at":"2026-09-20T18:52:46.528Z"},{"id":"1ee6dc05-dc66-45db-b9a0-8f469a1b534e","state":"InvitePending","source_platform":"truecoach","source_person_id":"s00276","display_name":"Synthetic 276","created_at":"2026-09-20T18:52:46.529Z","updated_at":"2026-09-20T18:52:46.529Z"},{"id":"ce603521-0851-4c6e-9dc6-3d37ba047af7","state":"InvitePending","source_platform":"truecoach","source_person_id":"s00277","display_name":"Synthetic 277","created_at":"2026-09-20T18:52:46.531Z","updated_at":"2026-09-20T18:52:46.531Z"},{"id":"49988b6d-b0c6-45d8-b773-594d9b948f5c","state":"InvitePending","source_platform":"truecoach","source_person_id":"s00278","display_name":"Synthetic 278","created_at":"2026-09-20T18:52:46.532Z","updated_at":"2026-09-20T18:52:46.532Z"},{"id":"5efa938d-70ca-4e0f-a7dd-4a6162091b26","state":"InvitePending","source_platform":"truecoach","source_person_id":"s00279","display_name":"Synthetic 279","created_at":"2026-09-20T18:52:46.533Z","updated_at":"2026-09-20T18:52:46.533Z"},{"id":"23b20057-429a-4178-984b-8c47669c8025","state":"InvitePending","source_platform":"truecoach","source_person_id":"s00280","display_name":"Synthetic 280","created_at":"2026-09-20T18:52:46.535Z","updated_at":"2026-09-20T18:52:46.535Z"},{"id":"b0164954-e4ec-4b42-9f2d-f6a2c6c58f22","state":"InvitePending","source_platform":"truecoach","source_person_id":"s00281","display_name":"Synthetic 281","created_at":"2026-09-20T18:52:46.536Z","updated_at":"2026-09-20T18:52:46.536Z"},{"id":"c57d64f7-2fcb-4bc3-91e2-f5c49ed7e37e","state":"InvitePending","source_platform":"truecoach","source_person_id":"s00282","display_name":"Synthetic 282","created_at":"2026-09-20T18:52:46.538Z","updated_at":"2026-09-20T18:52:46.538Z"},{"id":"ec8b10fb-21d3-4779-9be9-1895df8417e4","state":"InvitePending","source_platform":"truecoach","source_person_id":"s00283","display_name":"Synthetic 283","created_at":"2026-09-20T18:52:46.539Z","updated_at":"2026-09-20T18:52:46.539Z"},{"id":"b4b77f95-1c97-441d-b866-8f7f4471e967","state":"InvitePending","source_platform":"truecoach","source_person_id":"s00284","display_name":"Synthetic 284","created_at":"2026-09-20T18:52:46.541Z","updated_at":"2026-09-20T18:52:46.541Z"},{"id":"82940133-2e21-45a0-9b60-fceaf068089b","state":"InvitePending","source_platform":"truecoach","source_person_id":"s00285","display_name":"Synthetic 285","created_at":"2026-09-20T18:52:46.542Z","updated_at":"2026-09-20T18:52:46.542Z"},{"id":"21ce573f-b82a-4ef1-999c-24ed64463784","state":"InvitePending","source_platform":"truecoach","source_person_id":"s00286","display_name":"Synthetic 286","created_at":"2026-09-20T18:52:46.544Z","updated_at":"2026-09-20T18:52:46.544Z"},{"id":"1b84bf7b-051e-4144-a3f0-e59432dc1047","state":"InvitePending","source_platform":"truecoach","source_person_id":"s00287","display_name":"Synthetic 287","created_at":"2026-09-20T18:52:46.545Z","updated_at":"2026-09-20T18:52:46.545Z"},{"id":"b78a418e-945b-45e0-b01d-4d4c091503f0","state":"InvitePending","source_platform":"truecoach","source_person_id":"s00288","display_name":"Synthetic 288","created_at":"2026-09-20T18:52:46.546Z","updated_at":"2026-09-20T18:52:46.546Z"},{"id":"dd904f7c-d8e6-43d4-b80b-dd9d0632fdf4","state":"InvitePending","source_platform":"truecoach","source_person_id":"s00289","display_name":"Synthetic 289","created_at":"2026-09-20T18:52:46.548Z","updated_at":"2026-09-20T18:52:46.548Z"},{"id":"e3c62951-bdf3-4d1c-a515-1f9d59a713a5","state":"InvitePending","source_platform":"truecoach","source_person_id":"s00290","display_name":"Synthetic 290","created_at":"2026-09-20T18:52:46.549Z","updated_at":"2026-09-20T18:52:46.549Z"},{"id":"5bb038d8-9197-4108-9c71-ac8f84b03282","state":"InvitePending","source_platform":"truecoach","source_person_id":"s00291","display_name":"Synthetic 291","created_at":"2026-09-20T18:52:46.551Z","updated_at":"2026-09-20T18:52:46.551Z"},{"id":"f89047b0-cafe-46bd-823f-ceef01903f66","state":"InvitePending","source_platform":"truecoach","source_person_id":"s00292","display_name":"Synthetic 292","created_at":"2026-09-20T18:52:46.552Z","updated_at":"2026-09-20T18:52:46.552Z"},{"id":"82330792-6c15-42bf-94f1-349100687efd","state":"InvitePending","source_platform":"truecoach","source_person_id":"s00293","display_name":"Synthetic 293","created_at":"2026-09-20T18:52:46.554Z","updated_at":"2026-09-20T18:52:46.554Z"},{"id":"6f600060-890b-4a10-b9ce-cbd77415eb12","state":"InvitePending","source_platform":"truecoach","source_person_id":"s00294","display_name":"Synthetic 294","created_at":"2026-09-20T18:52:46.555Z","updated_at":"2026-09-20T18:52:46.555Z"},{"id":"a983f2e3-8d24-4138-ae0b-0fcff1e4efa4","state":"InvitePending","source_platform":"truecoach","source_person_id":"s00295","display_name":"Synthetic 295","created_at":"2026-09-20T18:52:46.556Z","updated_at":"2026-09-20T18:52:46.556Z"},{"id":"ad4e82b5-96ca-4307-8e98-1f542c0827e3","state":"InvitePending","source_platform":"truecoach","source_person_id":"s00296","display_name":"Synthetic 296","created_at":"2026-09-20T18:52:46.558Z","updated_at":"2026-09-20T18:52:46.558Z"},{"id":"20620504-b6ac-4411-bc7c-66801148fe38","state":"InvitePending","source_platform":"truecoach","source_person_id":"s00297","display_name":"Synthetic 297","created_at":"2026-09-20T18:52:46.559Z","updated_at":"2026-09-20T18:52:46.559Z"},{"id":"628bed8d-77ec-495b-a694-6fefb3afa7d7","state":"InvitePending","source_platform":"truecoach","source_person_id":"s00298","display_name":"Synthetic 298","created_at":"2026-09-20T18:52:46.561Z","updated_at":"2026-09-20T18:52:46.561Z"},{"id":"77aedc58-cfb4-41d9-b1ac-188d0996eb38","state":"InvitePending","source_platform":"truecoach","source_person_id":"s00299","display_name":"Synthetic 299","created_at":"2026-09-20T18:52:46.562Z","updated_at":"2026-09-20T18:52:46.562Z"},{"id":"57305885-5c90-460d-8015-8081b503f81b","state":"InvitePending","source_platform":"truecoach","source_person_id":"s00301","display_name":"Synthetic 301","created_at":"2026-09-20T18:52:46.566Z","updated_at":"2026-09-20T18:52:46.566Z"},{"id":"f9413d42-e024-49e3-b9bd-61591543ba38","state":"InvitePending","source_platform":"truecoach","source_person_id":"s00302","display_name":"Synthetic 302","created_at":"2026-09-20T18:52:46.568Z","updated_at":"2026-09-20T18:52:46.568Z"},{"id":"8d1f825e-1106-4df3-82c4-60a0f1cd00cc","state":"InvitePending","source_platform":"truecoach","source_person_id":"s00303","display_name":"Synthetic 303","created_at":"2026-09-20T18:52:46.569Z","updated_at":"2026-09-20T18:52:46.569Z"},{"id":"29d106dc-e9cd-4088-bcd3-5176503c0abc","state":"InvitePending","source_platform":"truecoach","source_person_id":"s00304","display_name":"Synthetic 304","created_at":"2026-09-20T18:52:46.575Z","updated_at":"2026-09-20T18:52:46.575Z"},{"id":"3be9e7e8-ca6e-4c9e-a665-7c992e6a8ce6","state":"InvitePending","source_platform":"truecoach","source_person_id":"s00305","display_name":"Synthetic 305","created_at":"2026-09-20T18:52:46.576Z","updated_at":"2026-09-20T18:52:46.576Z"},{"id":"4d45c948-3a9c-4bf7-98ae-bef922eb7be8","state":"InvitePending","source_platform":"truecoach","source_person_id":"s00306","display_name":"Synthetic 306","created_at":"2026-09-20T18:52:46.578Z","updated_at":"2026-09-20T18:52:46.578Z"},{"id":"b3d00da1-28dd-442f-ad4c-87d68907bcb8","state":"InvitePending","source_platform":"truecoach","source_person_id":"s00307","display_name":"Synthetic 307","created_at":"2026-09-20T18:52:46.580Z","updated_at":"2026-09-20T18:52:46.580Z"},{"id":"69167549-5bb5-4489-8350-62791d1ffa68","state":"InvitePending","source_platform":"truecoach","source_person_id":"s00308","display_name":"Synthetic 308","created_at":"2026-09-20T18:52:46.583Z","updated_at":"2026-09-20T18:52:46.583Z"},{"id":"4e83b34f-3798-4283-93f7-22d520cad27b","state":"InvitePending","source_platform":"truecoach","source_person_id":"s00309","display_name":"Synthetic 309","created_at":"2026-09-20T18:52:46.588Z","updated_at":"2026-09-20T18:52:46.588Z"},{"id":"d2e23136-5664-4008-87be-d226a3cbaa5f","state":"InvitePending","source_platform":"truecoach","source_person_id":"s00310","display_name":"Synthetic 310","created_at":"2026-09-20T18:52:46.590Z","updated_at":"2026-09-20T18:52:46.590Z"},{"id":"5a62d2f0-564b-44b2-826c-124943c95f68","state":"InvitePending","source_platform":"truecoach","source_person_id":"s00311","display_name":"Synthetic 311","created_at":"2026-09-20T18:52:46.596Z","updated_at":"2026-09-20T18:52:46.596Z"},{"id":"52cac0e3-bd8b-4ffd-b4fa-689300580721","state":"InvitePending","source_platform":"truecoach","source_person_id":"s00312","display_name":"Synthetic 312","created_at":"2026-09-20T18:52:46.597Z","updated_at":"2026-09-20T18:52:46.597Z"},{"id":"34c50e98-9193-42cb-b61f-275bd7ced703","state":"InvitePending","source_platform":"truecoach","source_person_id":"s00313","display_name":"Synthetic 313","created_at":"2026-09-20T18:52:46.599Z","updated_at":"2026-09-20T18:52:46.599Z"},{"id":"a8e56ec2-77e6-4822-9336-f255136ae157","state":"InvitePending","source_platform":"truecoach","source_person_id":"s00314","display_name":"Synthetic 314","created_at":"2026-09-20T18:52:46.600Z","updated_at":"2026-09-20T18:52:46.600Z"},{"id":"aaade511-d767-4881-beb8-91f74624d4df","state":"InvitePending","source_platform":"truecoach","source_person_id":"s00315","display_name":"Synthetic 315","created_at":"2026-09-20T18:52:46.602Z","updated_at":"2026-09-20T18:52:46.602Z"},{"id":"5000bdc8-4ed7-4b41-ab8c-dfe9a1866d0f","state":"InvitePending","source_platform":"truecoach","source_person_id":"s00316","display_name":"Synthetic 316","created_at":"2026-09-20T18:52:46.603Z","updated_at":"2026-09-20T18:52:46.603Z"},{"id":"3ac66201-ee78-433d-853d-d39418982f1c","state":"InvitePending","source_platform":"truecoach","source_person_id":"s00317","display_name":"Synthetic 317","created_at":"2026-09-20T18:52:46.604Z","updated_at":"2026-09-20T18:52:46.604Z"},{"id":"218be098-fbc4-4e18-8674-b093e55ce453","state":"InvitePending","source_platform":"truecoach","source_person_id":"s00318","display_name":"Synthetic 318","created_at":"2026-09-20T18:52:46.606Z","updated_at":"2026-09-20T18:52:46.606Z"},{"id":"8d9e179b-77cf-4458-942f-3a4e80e8beef","state":"InvitePending","source_platform":"truecoach","source_person_id":"s00319","display_name":"Synthetic 319","created_at":"2026-09-20T18:52:46.607Z","updated_at":"2026-09-20T18:52:46.607Z"},{"id":"05c8d95f-746c-4274-94ae-427fa9a53235","state":"InvitePending","source_platform":"truecoach","source_person_id":"s00320","display_name":"Synthetic 320","created_at":"2026-09-20T18:52:46.609Z","updated_at":"2026-09-20T18:52:46.609Z"},{"id":"af3f18e5-f78b-4010-8308-0cdb3edb35c2","state":"InvitePending","source_platform":"truecoach","source_person_id":"s00321","display_name":"Synthetic 321","created_at":"2026-09-20T18:52:46.610Z","updated_at":"2026-09-20T18:52:46.610Z"},{"id":"12480c5a-aa14-4072-b0bb-93ca324762e7","state":"InvitePending","source_platform":"truecoach","source_person_id":"s00322","display_name":"Synthetic 322","created_at":"2026-09-20T18:52:46.612Z","updated_at":"2026-09-20T18:52:46.612Z"},{"id":"fa87ee61-bc18-42f0-8e56-ba79858436fe","state":"InvitePending","source_platform":"truecoach","source_person_id":"s00323","display_name":"Synthetic 323","created_at":"2026-09-20T18:52:46.613Z","updated_at":"2026-09-20T18:52:46.613Z"},{"id":"54c2b4c1-a8f6-46d5-b6e6-d30395c5e1fa","state":"InvitePending","source_platform":"truecoach","source_person_id":"s00324","display_name":"Synthetic 324","created_at":"2026-09-20T18:52:46.614Z","updated_at":"2026-09-20T18:52:46.614Z"},{"id":"98ce19c9-fb40-41bd-b8e8-b009dbb9e7c6","state":"InvitePending","source_platform":"truecoach","source_person_id":"s00325","display_name":"Synthetic 325","created_at":"2026-09-20T18:52:46.616Z","updated_at":"2026-09-20T18:52:46.616Z"},{"id":"f3c6b41b-b0a2-4973-9faf-75a0a237991d","state":"InvitePending","source_platform":"truecoach","source_person_id":"s00326","display_name":"Synthetic 326","created_at":"2026-09-20T18:52:46.623Z","updated_at":"2026-09-20T18:52:46.623Z"},{"id":"aa9e0b80-ed50-41d0-9520-b0dd6c018e98","state":"InvitePending","source_platform":"truecoach","source_person_id":"s00327","display_name":"Synthetic 327","created_at":"2026-09-20T18:52:46.624Z","updated_at":"2026-09-20T18:52:46.624Z"},{"id":"63c67205-39f8-4dde-a943-1be6ca070e2e","state":"InvitePending","source_platform":"truecoach","source_person_id":"s00328","display_name":"Synthetic 328","created_at":"2026-09-20T18:52:46.626Z","updated_at":"2026-09-20T18:52:46.626Z"},{"id":"3bfb09a8-778e-4a5f-ac42-776b241b4f48","state":"InvitePending","source_platform":"truecoach","source_person_id":"s00329","display_name":"Synthetic 329","created_at":"2026-09-20T18:52:46.627Z","updated_at":"2026-09-20T18:52:46.627Z"},{"id":"815aae99-4e08-4fff-8d96-855093ea51e5","state":"InvitePending","source_platform":"truecoach","source_person_id":"s00330","display_name":"Synthetic 330","created_at":"2026-09-20T18:52:46.629Z","updated_at":"2026-09-20T18:52:46.629Z"},{"id":"8bea1b62-5b92-4387-a912-5768058862c2","state":"InvitePending","source_platform":"truecoach","source_person_id":"s00331","display_name":"Synthetic 331","created_at":"2026-09-20T18:52:46.630Z","updated_at":"2026-09-20T18:52:46.630Z"},{"id":"06559f78-ebb3-4658-baa0-b2d8e9ee117f","state":"InvitePending","source_platform":"truecoach","source_person_id":"s00332","display_name":"Synthetic 332","created_at":"2026-09-20T18:52:46.632Z","updated_at":"2026-09-20T18:52:46.632Z"},{"id":"76a99c2f-5739-4687-85cf-a9c4d2dcb12c","state":"InvitePending","source_platform":"truecoach","source_person_id":"s00333","display_name":"Synthetic 333","created_at":"2026-09-20T18:52:46.633Z","updated_at":"2026-09-20T18:52:46.633Z"},{"id":"cc4aed33-b199-4cd1-81b4-76da1c293f29","state":"InvitePending","source_platform":"truecoach","source_person_id":"s00334","display_name":"Synthetic 334","created_at":"2026-09-20T18:52:46.634Z","updated_at":"2026-09-20T18:52:46.634Z"},{"id":"1dc6d273-6a27-4aee-93b8-1cb9e14629f7","state":"InvitePending","source_platform":"truecoach","source_person_id":"s00335","display_name":"Synthetic 335","created_at":"2026-09-20T18:52:46.636Z","updated_at":"2026-09-20T18:52:46.636Z"},{"id":"839508bd-bdd4-4112-b583-6d6279f872c7","state":"InvitePending","source_platform":"truecoach","source_person_id":"s00336","display_name":"Synthetic 336","created_at":"2026-09-20T18:52:46.637Z","updated_at":"2026-09-20T18:52:46.637Z"},{"id":"c864e224-c977-4675-bbcd-79cdb0b63bc2","state":"InvitePending","source_platform":"truecoach","source_person_id":"s00337","display_name":"Synthetic 337","created_at":"2026-09-20T18:52:46.639Z","updated_at":"2026-09-20T18:52:46.639Z"},{"id":"7cdba72c-cdf7-47fb-85f1-26ab6e6a817f","state":"InvitePending","source_platform":"truecoach","source_person_id":"s00338","display_name":"Synthetic 338","created_at":"2026-09-20T18:52:46.647Z","updated_at":"2026-09-20T18:52:46.647Z"},{"id":"1c87477b-3a27-45bf-90f0-a0b4f211e4b5","state":"InvitePending","source_platform":"truecoach","source_person_id":"s00339","display_name":"Synthetic 339","created_at":"2026-09-20T18:52:46.649Z","updated_at":"2026-09-20T18:52:46.649Z"},{"id":"b5498ef0-6b7b-4c9e-b842-6bbf65515aae","state":"InvitePending","source_platform":"truecoach","source_person_id":"s00340","display_name":"Synthetic 340","created_at":"2026-09-20T18:52:46.651Z","updated_at":"2026-09-20T18:52:46.651Z"},{"id":"4290d796-3c12-493b-b276-b71bd7eb0fe5","state":"InvitePending","source_platform":"truecoach","source_person_id":"s00341","display_name":"Synthetic 341","created_at":"2026-09-20T18:52:46.653Z","updated_at":"2026-09-20T18:52:46.653Z"},{"id":"2b22002b-bf38-4f6a-aabb-c02a7b3a2081","state":"InvitePending","source_platform":"truecoach","source_person_id":"s00342","display_name":"Synthetic 342","created_at":"2026-09-20T18:52:46.654Z","updated_at":"2026-09-20T18:52:46.654Z"},{"id":"41e12bed-69a2-4678-a626-6f31ebe2f62a","state":"InvitePending","source_platform":"truecoach","source_person_id":"s00343","display_name":"Synthetic 343","created_at":"2026-09-20T18:52:46.656Z","updated_at":"2026-09-20T18:52:46.656Z"},{"id":"4aefb44e-5b16-45e1-ad07-a65ae9f162f7","state":"InvitePending","source_platform":"truecoach","source_person_id":"s00344","display_name":"Synthetic 344","created_at":"2026-09-20T18:52:46.666Z","updated_at":"2026-09-20T18:52:46.666Z"},{"id":"e2326915-e439-4750-a0a1-1a9d6d22d2b3","state":"InvitePending","source_platform":"truecoach","source_person_id":"s00345","display_name":"Synthetic 345","created_at":"2026-09-20T18:52:46.667Z","updated_at":"2026-09-20T18:52:46.667Z"},{"id":"7b79e0b3-bd4c-4af6-bf24-d5d77a8ff01a","state":"InvitePending","source_platform":"truecoach","source_person_id":"s00346","display_name":"Synthetic 346","created_at":"2026-09-20T18:52:46.669Z","updated_at":"2026-09-20T18:52:46.669Z"},{"id":"6d0bef2c-e9e2-4310-ab50-b8f1c3ce873a","state":"InvitePending","source_platform":"truecoach","source_person_id":"s00347","display_name":"Synthetic 347","created_at":"2026-09-20T18:52:46.670Z","updated_at":"2026-09-20T18:52:46.670Z"},{"id":"93595ed1-7ebe-4b48-ba44-10768a6d5805","state":"InvitePending","source_platform":"truecoach","source_person_id":"s00348","display_name":"Synthetic 348","created_at":"2026-09-20T18:52:46.672Z","updated_at":"2026-09-20T18:52:46.672Z"},{"id":"81e9e077-361d-47fa-ad6b-fbc8d64ffc62","state":"InvitePending","source_platform":"truecoach","source_person_id":"s00349","display_name":"Synthetic 349","created_at":"2026-09-20T18:52:46.673Z","updated_at":"2026-09-20T18:52:46.673Z"},{"id":"2e076196-3c0a-4d09-abf5-b045884c9388","state":"InvitePending","source_platform":"truecoach","source_person_id":"s00351","display_name":"Synthetic 351","created_at":"2026-09-20T18:52:46.682Z","updated_at":"2026-09-20T18:52:46.682Z"},{"id":"f5476a7b-4305-4b3b-adac-875715063625","state":"InvitePending","source_platform":"truecoach","source_person_id":"s00352","display_name":"Synthetic 352","created_at":"2026-09-20T18:52:46.684Z","updated_at":"2026-09-20T18:52:46.684Z"},{"id":"b151d1c1-88db-4cd2-bac1-97c7c6d17a38","state":"InvitePending","source_platform":"truecoach","source_person_id":"s00353","display_name":"Synthetic 353","created_at":"2026-09-20T18:52:46.685Z","updated_at":"2026-09-20T18:52:46.685Z"},{"id":"c13e4e46-a868-4617-9eed-a6cdc09033eb","state":"InvitePending","source_platform":"truecoach","source_person_id":"s00354","display_name":"Synthetic 354","created_at":"2026-09-20T18:52:46.687Z","updated_at":"2026-09-20T18:52:46.687Z"},{"id":"fa73f1d1-c3d3-4070-af65-64804fe8c6fa","state":"InvitePending","source_platform":"truecoach","source_person_id":"s00355","display_name":"Synthetic 355","created_at":"2026-09-20T18:52:46.688Z","updated_at":"2026-09-20T18:52:46.688Z"},{"id":"a6612606-965c-4c3f-8487-a88f1b943790","state":"InvitePending","source_platform":"truecoach","source_person_id":"s00356","display_name":"Synthetic 356","created_at":"2026-09-20T18:52:46.694Z","updated_at":"2026-09-20T18:52:46.694Z"},{"id":"7a6dba6b-9d78-4148-86bb-f6f272e020e8","state":"InvitePending","source_platform":"truecoach","source_person_id":"s00357","display_name":"Synthetic 357","created_at":"2026-09-20T18:52:46.695Z","updated_at":"2026-09-20T18:52:46.695Z"},{"id":"e3698895-b1e0-437c-9269-9cbc7eefb528","state":"InvitePending","source_platform":"truecoach","source_person_id":"s00358","display_name":"Synthetic 358","created_at":"2026-09-20T18:52:46.699Z","updated_at":"2026-09-20T18:52:46.699Z"},{"id":"3dbfc3a2-1377-4dc5-be18-baa35c81661c","state":"InvitePending","source_platform":"truecoach","source_person_id":"s00359","display_name":"Synthetic 359","created_at":"2026-09-20T18:52:46.701Z","updated_at":"2026-09-20T18:52:46.701Z"},{"id":"ae683e57-97e6-4f6d-8722-c548a0806ed7","state":"InvitePending","source_platform":"truecoach","source_person_id":"s00360","display_name":"Synthetic 360","created_at":"2026-09-20T18:52:46.703Z","updated_at":"2026-09-20T18:52:46.703Z"},{"id":"83ff45c2-11c7-4b14-9926-2d86f997f9df","state":"InvitePending","source_platform":"truecoach","source_person_id":"s00361","display_name":"Synthetic 361","created_at":"2026-09-20T18:52:46.704Z","updated_at":"2026-09-20T18:52:46.704Z"},{"id":"8cacbb9e-bd3d-4084-bf9d-1f85adc5afbd","state":"InvitePending","source_platform":"truecoach","source_person_id":"s00362","display_name":"Synthetic 362","created_at":"2026-09-20T18:52:46.706Z","updated_at":"2026-09-20T18:52:46.706Z"},{"id":"ec116935-1809-4db7-bf60-7acc9f896810","state":"InvitePending","source_platform":"truecoach","source_person_id":"s00363","display_name":"Synthetic 363","created_at":"2026-09-20T18:52:46.707Z","updated_at":"2026-09-20T18:52:46.707Z"},{"id":"34c0e72a-f0bf-4f57-b1c7-4e39186f5771","state":"InvitePending","source_platform":"truecoach","source_person_id":"s00364","display_name":"Synthetic 364","created_at":"2026-09-20T18:52:46.709Z","updated_at":"2026-09-20T18:52:46.709Z"},{"id":"1df94b06-63b1-44eb-9e2c-2b61582513d9","state":"InvitePending","source_platform":"truecoach","source_person_id":"s00365","display_name":"Synthetic 365","created_at":"2026-09-20T18:52:46.710Z","updated_at":"2026-09-20T18:52:46.710Z"},{"id":"78938282-ce94-4b29-9aee-65b68ea57895","state":"InvitePending","source_platform":"truecoach","source_person_id":"s00366","display_name":"Synthetic 366","created_at":"2026-09-20T18:52:46.712Z","updated_at":"2026-09-20T18:52:46.712Z"},{"id":"510b5e57-1df0-480d-95f8-1f939f738328","state":"InvitePending","source_platform":"truecoach","source_person_id":"s00367","display_name":"Synthetic 367","created_at":"2026-09-20T18:52:46.713Z","updated_at":"2026-09-20T18:52:46.713Z"},{"id":"1fc9cfd0-4f03-41f7-a3fb-8d1a213c867f","state":"InvitePending","source_platform":"truecoach","source_person_id":"s00368","display_name":"Synthetic 368","created_at":"2026-09-20T18:52:46.715Z","updated_at":"2026-09-20T18:52:46.715Z"},{"id":"7c236314-16f1-49f6-81f9-e856d3070a14","state":"InvitePending","source_platform":"truecoach","source_person_id":"s00369","display_name":"Synthetic 369","created_at":"2026-09-20T18:52:46.716Z","updated_at":"2026-09-20T18:52:46.716Z"},{"id":"c1be57e5-3710-4b9f-a2fa-79859f4f3950","state":"InvitePending","source_platform":"truecoach","source_person_id":"s00370","display_name":"Synthetic 370","created_at":"2026-09-20T18:52:46.718Z","updated_at":"2026-09-20T18:52:46.718Z"},{"id":"c7d85f7e-d7cd-4755-8116-c6c8f53d0f96","state":"InvitePending","source_platform":"truecoach","source_person_id":"s00371","display_name":"Synthetic 371","created_at":"2026-09-20T18:52:46.725Z","updated_at":"2026-09-20T18:52:46.725Z"},{"id":"68371364-d681-4620-8d19-ff9fb193c840","state":"InvitePending","source_platform":"truecoach","source_person_id":"s00372","display_name":"Synthetic 372","created_at":"2026-09-20T18:52:46.727Z","updated_at":"2026-09-20T18:52:46.727Z"},{"id":"3743dba1-3056-4206-be6d-abfbc48b1e9b","state":"InvitePending","source_platform":"truecoach","source_person_id":"s00373","display_name":"Synthetic 373","created_at":"2026-09-20T18:52:46.728Z","updated_at":"2026-09-20T18:52:46.728Z"},{"id":"e751a1b0-2f0f-447c-a917-293be2c3ef39","state":"InvitePending","source_platform":"truecoach","source_person_id":"s00374","display_name":"Synthetic 374","created_at":"2026-09-20T18:52:46.729Z","updated_at":"2026-09-20T18:52:46.729Z"},{"id":"9c4198e2-ef11-44d0-8c5a-b25f02773d23","state":"InvitePending","source_platform":"truecoach","source_person_id":"s00375","display_name":"Synthetic 375","created_at":"2026-09-20T18:52:46.731Z","updated_at":"2026-09-20T18:52:46.731Z"},{"id":"9162b9a2-7139-4345-942d-527b8edbcb62","state":"InvitePending","source_platform":"truecoach","source_person_id":"s00376","display_name":"Synthetic 376","created_at":"2026-09-20T18:52:46.732Z","updated_at":"2026-09-20T18:52:46.732Z"},{"id":"090ca26b-2435-4cce-98bc-ddb3a1cd274e","state":"InvitePending","source_platform":"truecoach","source_person_id":"s00377","display_name":"Synthetic 377","created_at":"2026-09-20T18:52:46.734Z","updated_at":"2026-09-20T18:52:46.734Z"},{"id":"ac1d71b3-bc90-417b-8640-c61cdf7e14c0","state":"InvitePending","source_platform":"truecoach","source_person_id":"s00378","display_name":"Synthetic 378","created_at":"2026-09-20T18:52:46.735Z","updated_at":"2026-09-20T18:52:46.735Z"},{"id":"cbdca93f-dc05-4b9a-9bef-fdd12050f2df","state":"InvitePending","source_platform":"truecoach","source_person_id":"s00379","display_name":"Synthetic 379","created_at":"2026-09-20T18:52:46.736Z","updated_at":"2026-09-20T18:52:46.736Z"},{"id":"ec307bb2-02ca-43e6-aa45-8adf9de67a29","state":"InvitePending","source_platform":"truecoach","source_person_id":"s00380","display_name":"Synthetic 380","created_at":"2026-09-20T18:52:46.738Z","updated_at":"2026-09-20T18:52:46.738Z"},{"id":"9d320929-8210-4235-a61a-549588d5d94a","state":"InvitePending","source_platform":"truecoach","source_person_id":"s00381","display_name":"Synthetic 381","created_at":"2026-09-20T18:52:46.739Z","updated_at":"2026-09-20T18:52:46.739Z"},{"id":"afdfa0e8-b2e7-4925-a291-a2cf54a40843","state":"InvitePending","source_platform":"truecoach","source_person_id":"s00382","display_name":"Synthetic 382","created_at":"2026-09-20T18:52:46.741Z","updated_at":"2026-09-20T18:52:46.741Z"},{"id":"b93b860e-4a99-46d1-8bb3-070e5d862a6f","state":"InvitePending","source_platform":"truecoach","source_person_id":"s00383","display_name":"Synthetic 383","created_at":"2026-09-20T18:52:46.742Z","updated_at":"2026-09-20T18:52:46.742Z"},{"id":"bb070962-eaa4-42b3-9d40-9c89b6ebd19a","state":"InvitePending","source_platform":"truecoach","source_person_id":"s00384","display_name":"Synthetic 384","created_at":"2026-09-20T18:52:46.743Z","updated_at":"2026-09-20T18:52:46.743Z"},{"id":"7e52c4b9-6925-4132-bd93-66b4ee9fb01f","state":"InvitePending","source_platform":"truecoach","source_person_id":"s00385","display_name":"Synthetic 385","created_at":"2026-09-20T18:52:46.745Z","updated_at":"2026-09-20T18:52:46.745Z"},{"id":"37a4c28d-27db-4b3d-bbef-b76c647372d4","state":"InvitePending","source_platform":"truecoach","source_person_id":"s00386","display_name":"Synthetic 386","created_at":"2026-09-20T18:52:46.746Z","updated_at":"2026-09-20T18:52:46.746Z"},{"id":"53f0ad99-931d-4080-be5b-cf02cba6445f","state":"InvitePending","source_platform":"truecoach","source_person_id":"s00387","display_name":"Synthetic 387","created_at":"2026-09-20T18:52:46.748Z","updated_at":"2026-09-20T18:52:46.748Z"},{"id":"06d23446-3f97-49a8-8653-d168c3ebb286","state":"InvitePending","source_platform":"truecoach","source_person_id":"s00388","display_name":"Synthetic 388","created_at":"2026-09-20T18:52:46.749Z","updated_at":"2026-09-20T18:52:46.749Z"},{"id":"59e795f6-700d-455f-aa76-ed5f1dcdece9","state":"InvitePending","source_platform":"truecoach","source_person_id":"s00389","display_name":"Synthetic 389","created_at":"2026-09-20T18:52:46.750Z","updated_at":"2026-09-20T18:52:46.750Z"},{"id":"0eeacbaf-77e5-4fc2-b27f-4102b30e2a4f","state":"InvitePending","source_platform":"truecoach","source_person_id":"s00390","display_name":"Synthetic 390","created_at":"2026-09-20T18:52:46.752Z","updated_at":"2026-09-20T18:52:46.752Z"},{"id":"2d5242f5-543e-4667-a9ba-d7fcdb5545f9","state":"InvitePending","source_platform":"truecoach","source_person_id":"s00391","display_name":"Synthetic 391","created_at":"2026-09-20T18:52:46.753Z","updated_at":"2026-09-20T18:52:46.753Z"},{"id":"d3a4615c-0db4-46e1-8172-3dcfd92dcb17","state":"InvitePending","source_platform":"truecoach","source_person_id":"s00392","display_name":"Synthetic 392","created_at":"2026-09-20T18:52:46.755Z","updated_at":"2026-09-20T18:52:46.755Z"},{"id":"03d2a5a6-cbcd-4095-bc39-4e4604b907ef","state":"InvitePending","source_platform":"truecoach","source_person_id":"s00393","display_name":"Synthetic 393","created_at":"2026-09-20T18:52:46.756Z","updated_at":"2026-09-20T18:52:46.756Z"},{"id":"33352ff9-dd3f-451b-b328-d34021e1dae1","state":"InvitePending","source_platform":"truecoach","source_person_id":"s00394","display_name":"Synthetic 394","created_at":"2026-09-20T18:52:46.758Z","updated_at":"2026-09-20T18:52:46.758Z"},{"id":"7b020279-b148-4b96-a8de-320053fe6bcd","state":"InvitePending","source_platform":"truecoach","source_person_id":"s00395","display_name":"Synthetic 395","created_at":"2026-09-20T18:52:46.759Z","updated_at":"2026-09-20T18:52:46.759Z"},{"id":"72f454ac-003c-4216-99a8-ee0cd084bd82","state":"InvitePending","source_platform":"truecoach","source_person_id":"s00396","display_name":"Synthetic 396","created_at":"2026-09-20T18:52:46.761Z","updated_at":"2026-09-20T18:52:46.761Z"},{"id":"74755dbd-78bb-4eec-9125-db4ebf2bff64","state":"InvitePending","source_platform":"truecoach","source_person_id":"s00397","display_name":"Synthetic 397","created_at":"2026-09-20T18:52:46.762Z","updated_at":"2026-09-20T18:52:46.762Z"},{"id":"fe258a91-0d77-40f3-8a38-dea4edcdf9ea","state":"InvitePending","source_platform":"truecoach","source_person_id":"s00398","display_name":"Synthetic 398","created_at":"2026-09-20T18:52:46.763Z","updated_at":"2026-09-20T18:52:46.763Z"},{"id":"a0daf8c5-15bf-4498-a7f4-ec744b84715c","state":"InvitePending","source_platform":"truecoach","source_person_id":"s00399","display_name":"Synthetic 399","created_at":"2026-09-20T18:52:46.765Z","updated_at":"2026-09-20T18:52:46.765Z"}],"page":{"limit":200,"next_cursor":"czAwMzk5","has_more":true}},"queries":8,"pid":28934}

      158 |       if (code !== 0 || !result) { reject(new Error(`worker exited ${code}: ${output}`)); return; }
      159 |       // Query shapes, outcomes, fixture identifiers and process IDs only; never parameters.
    > 160 |       console.warn('PG17_PROCESS', JSON.stringify({ name, old, options: { ...options, cursor: options.cursor ? '<cursor>' : undefined },
          |               ^
      161 |         result: result.result, failure: result.failure, queries: result.queries.length, pid: result.pid }));
      162 |       resolveDone(result);
      163 |     };

      at settleWorker (test/utils/g2-pg17-harness.ts:160:15)
      at ChildProcess.<anonymous> (test/utils/g2-pg17-harness.ts:165:51)

  console.warn
    PG17_PROCESS {"name":"g2p17_14","old":true,"options":{"action":"roster","cursor":"<cursor>","limit":200},"result":{"intent_id":"intent","accounting":{"staged":600,"reconstructed":596,"skipped":8,"failed":21},"persons":[{"id":"a309c826-a812-4772-ab9b-aacff0f7ec13","state":"InvitePending","source_platform":"truecoach","source_person_id":"s00401","display_name":"Synthetic 401","created_at":"2026-09-20T18:52:46.769Z","updated_at":"2026-09-20T18:52:46.769Z"},{"id":"80f5a001-9a0e-4038-8893-9043a0b59354","state":"InvitePending","source_platform":"truecoach","source_person_id":"s00402","display_name":"Synthetic 402","created_at":"2026-09-20T18:52:46.770Z","updated_at":"2026-09-20T18:52:46.770Z"},{"id":"0b178324-3c2b-4769-b967-4b4f1e4820f3","state":"InvitePending","source_platform":"truecoach","source_person_id":"s00403","display_name":"Synthetic 403","created_at":"2026-09-20T18:52:46.773Z","updated_at":"2026-09-20T18:52:46.773Z"},{"id":"7ca6a4d0-bcf5-4c2a-a5e0-249effb674e4","state":"InvitePending","source_platform":"truecoach","source_person_id":"s00404","display_name":"Synthetic 404","created_at":"2026-09-20T18:52:46.774Z","updated_at":"2026-09-20T18:52:46.774Z"},{"id":"dc9ba509-5138-4dc4-9892-c56f799b9913","state":"InvitePending","source_platform":"truecoach","source_person_id":"s00405","display_name":"Synthetic 405","created_at":"2026-09-20T18:52:46.776Z","updated_at":"2026-09-20T18:52:46.776Z"},{"id":"d7678db0-ac0b-4b1f-9a0d-80da9323bc14","state":"InvitePending","source_platform":"truecoach","source_person_id":"s00406","display_name":"Synthetic 406","created_at":"2026-09-20T18:52:46.777Z","updated_at":"2026-09-20T18:52:46.777Z"},{"id":"750a3bd6-de4d-43f7-8ac9-a1f250ebf4b3","state":"InvitePending","source_platform":"truecoach","source_person_id":"s00407","display_name":"Synthetic 407","created_at":"2026-09-20T18:52:46.779Z","updated_at":"2026-09-20T18:52:46.779Z"},{"id":"0cf02f78-0395-46ad-85ee-8042bf1d3f1f","state":"InvitePending","source_platform":"truecoach","source_person_id":"s00408","display_name":"Synthetic 408","created_at":"2026-09-20T18:52:46.781Z","updated_at":"2026-09-20T18:52:46.781Z"},{"id":"e49ea78e-f759-47fb-a255-060512786a3c","state":"InvitePending","source_platform":"truecoach","source_person_id":"s00409","display_name":"Synthetic 409","created_at":"2026-09-20T18:52:46.782Z","updated_at":"2026-09-20T18:52:46.782Z"},{"id":"1eab9f1e-5f14-45fe-9eb3-c3b3cc36ec37","state":"InvitePending","source_platform":"truecoach","source_person_id":"s00410","display_name":"Synthetic 410","created_at":"2026-09-20T18:52:46.784Z","updated_at":"2026-09-20T18:52:46.784Z"},{"id":"92cb6464-f4d8-40b4-947d-dc91475c60a7","state":"InvitePending","source_platform":"truecoach","source_person_id":"s00411","display_name":"Synthetic 411","created_at":"2026-09-20T18:52:46.785Z","updated_at":"2026-09-20T18:52:46.785Z"},{"id":"d9868b9e-85cc-45a3-bf50-90044f053b9c","state":"InvitePending","source_platform":"truecoach","source_person_id":"s00412","display_name":"Synthetic 412","created_at":"2026-09-20T18:52:46.787Z","updated_at":"2026-09-20T18:52:46.787Z"},{"id":"9b13b54e-fb8e-4920-ac4e-9b42360945ed","state":"InvitePending","source_platform":"truecoach","source_person_id":"s00413","display_name":"Synthetic 413","created_at":"2026-09-20T18:52:46.788Z","updated_at":"2026-09-20T18:52:46.788Z"},{"id":"3a58adc2-2db1-4ed4-ba91-07296ec13250","state":"InvitePending","source_platform":"truecoach","source_person_id":"s00414","display_name":"Synthetic 414","created_at":"2026-09-20T18:52:46.789Z","updated_at":"2026-09-20T18:52:46.789Z"},{"id":"90dd4481-8228-4743-8859-7315184144a9","state":"InvitePending","source_platform":"truecoach","source_person_id":"s00415","display_name":"Synthetic 415","created_at":"2026-09-20T18:52:46.791Z","updated_at":"2026-09-20T18:52:46.791Z"},{"id":"82cc390e-aa4e-4066-8963-c0215037f13a","state":"InvitePending","source_platform":"truecoach","source_person_id":"s00416","display_name":"Synthetic 416","created_at":"2026-09-20T18:52:46.792Z","updated_at":"2026-09-20T18:52:46.792Z"},{"id":"f0d40e90-cd81-4d0d-b931-0b50625c578b","state":"InvitePending","source_platform":"truecoach","source_person_id":"s00417","display_name":"Synthetic 417","created_at":"2026-09-20T18:52:46.794Z","updated_at":"2026-09-20T18:52:46.794Z"},{"id":"547ea934-f55b-4051-a886-e0cbd12b3dc0","state":"InvitePending","source_platform":"truecoach","source_person_id":"s00418","display_name":"Synthetic 418","created_at":"2026-09-20T18:52:46.795Z","updated_at":"2026-09-20T18:52:46.795Z"},{"id":"89ca0dec-7745-410b-9500-7afb714a72a2","state":"InvitePending","source_platform":"truecoach","source_person_id":"s00419","display_name":"Synthetic 419","created_at":"2026-09-20T18:52:46.796Z","updated_at":"2026-09-20T18:52:46.796Z"},{"id":"921241e2-c069-40b0-91be-83bcd585c79c","state":"InvitePending","source_platform":"truecoach","source_person_id":"s00420","display_name":"Synthetic 420","created_at":"2026-09-20T18:52:46.798Z","updated_at":"2026-09-20T18:52:46.798Z"},{"id":"7a03466b-94d1-418a-9f1e-e7d9547fd8ca","state":"InvitePending","source_platform":"truecoach","source_person_id":"s00421","display_name":"Synthetic 421","created_at":"2026-09-20T18:52:46.799Z","updated_at":"2026-09-20T18:52:46.799Z"},{"id":"a8fe51ff-7f0f-40f6-aacd-1bb2d5b85f2e","state":"InvitePending","source_platform":"truecoach","source_person_id":"s00422","display_name":"Synthetic 422","created_at":"2026-09-20T18:52:46.801Z","updated_at":"2026-09-20T18:52:46.801Z"},{"id":"22371a0a-a89e-4ff4-ab95-2c793bdf02ca","state":"InvitePending","source_platform":"truecoach","source_person_id":"s00423","display_name":"Synthetic 423","created_at":"2026-09-20T18:52:46.802Z","updated_at":"2026-09-20T18:52:46.802Z"},{"id":"0573a41f-1ddf-47b3-a9cf-8f391d45d558","state":"InvitePending","source_platform":"truecoach","source_person_id":"s00424","display_name":"Synthetic 424","created_at":"2026-09-20T18:52:46.804Z","updated_at":"2026-09-20T18:52:46.804Z"},{"id":"d08d865f-94c2-471a-81b9-30240ace5724","state":"InvitePending","source_platform":"truecoach","source_person_id":"s00425","display_name":"Synthetic 425","created_at":"2026-09-20T18:52:46.805Z","updated_at":"2026-09-20T18:52:46.805Z"},{"id":"d6cebdbf-85b6-403a-b0ed-0ede146ff747","state":"InvitePending","source_platform":"truecoach","source_person_id":"s00426","display_name":"Synthetic 426","created_at":"2026-09-20T18:52:46.806Z","updated_at":"2026-09-20T18:52:46.806Z"},{"id":"3a2b172c-1f54-45e4-9460-1aa10bc434aa","state":"InvitePending","source_platform":"truecoach","source_person_id":"s00427","display_name":"Synthetic 427","created_at":"2026-09-20T18:52:46.813Z","updated_at":"2026-09-20T18:52:46.813Z"},{"id":"b6e07f0d-fe08-47e4-a69b-af3eeba12d89","state":"InvitePending","source_platform":"truecoach","source_person_id":"s00428","display_name":"Synthetic 428","created_at":"2026-09-20T18:52:46.815Z","updated_at":"2026-09-20T18:52:46.815Z"},{"id":"f8e1fbf6-8f0e-441b-b453-47ab32948072","state":"InvitePending","source_platform":"truecoach","source_person_id":"s00429","display_name":"Synthetic 429","created_at":"2026-09-20T18:52:46.816Z","updated_at":"2026-09-20T18:52:46.816Z"},{"id":"fbe51a0f-692a-4b99-a4ee-676d0452a070","state":"InvitePending","source_platform":"truecoach","source_person_id":"s00430","display_name":"Synthetic 430","created_at":"2026-09-20T18:52:46.817Z","updated_at":"2026-09-20T18:52:46.817Z"},{"id":"2697087e-27e8-419a-976e-bb9331bb32bf","state":"InvitePending","source_platform":"truecoach","source_person_id":"s00431","display_name":"Synthetic 431","created_at":"2026-09-20T18:52:46.819Z","updated_at":"2026-09-20T18:52:46.819Z"},{"id":"d5961639-8bc0-4da9-9fb6-f97a2fb6f49f","state":"InvitePending","source_platform":"truecoach","source_person_id":"s00432","display_name":"Synthetic 432","created_at":"2026-09-20T18:52:46.820Z","updated_at":"2026-09-20T18:52:46.820Z"},{"id":"0af29454-e0a3-4a75-a6a9-829beffc48bb","state":"InvitePending","source_platform":"truecoach","source_person_id":"s00433","display_name":"Synthetic 433","created_at":"2026-09-20T18:52:46.821Z","updated_at":"2026-09-20T18:52:46.821Z"},{"id":"a1c88d63-1a2a-449e-942e-ae63c1c1c8d0","state":"InvitePending","source_platform":"truecoach","source_person_id":"s00434","display_name":"Synthetic 434","created_at":"2026-09-20T18:52:46.823Z","updated_at":"2026-09-20T18:52:46.823Z"},{"id":"fd0b577b-a5c2-49da-a201-6b66fa235630","state":"InvitePending","source_platform":"truecoach","source_person_id":"s00435","display_name":"Synthetic 435","created_at":"2026-09-20T18:52:46.824Z","updated_at":"2026-09-20T18:52:46.824Z"},{"id":"b00e9032-3d5d-4701-ab65-3f5220e8e983","state":"InvitePending","source_platform":"truecoach","source_person_id":"s00436","display_name":"Synthetic 436","created_at":"2026-09-20T18:52:46.826Z","updated_at":"2026-09-20T18:52:46.826Z"},{"id":"19d58e20-b584-4f03-bff5-c590a4dff88d","state":"InvitePending","source_platform":"truecoach","source_person_id":"s00437","display_name":"Synthetic 437","created_at":"2026-09-20T18:52:46.827Z","updated_at":"2026-09-20T18:52:46.827Z"},{"id":"46e76549-b947-4062-97f5-37b944a00978","state":"InvitePending","source_platform":"truecoach","source_person_id":"s00438","display_name":"Synthetic 438","created_at":"2026-09-20T18:52:46.828Z","updated_at":"2026-09-20T18:52:46.828Z"},{"id":"9ea7938d-96a3-4150-8769-eac6cbd2953a","state":"InvitePending","source_platform":"truecoach","source_person_id":"s00439","display_name":"Synthetic 439","created_at":"2026-09-20T18:52:46.830Z","updated_at":"2026-09-20T18:52:46.830Z"},{"id":"3aecbc01-f5c9-4b12-9cc6-54bc1150088f","state":"InvitePending","source_platform":"truecoach","source_person_id":"s00440","display_name":"Synthetic 440","created_at":"2026-09-20T18:52:46.832Z","updated_at":"2026-09-20T18:52:46.832Z"},{"id":"3d69a21d-4d20-495b-8c3b-f896f8524faf","state":"InvitePending","source_platform":"truecoach","source_person_id":"s00441","display_name":"Synthetic 441","created_at":"2026-09-20T18:52:46.834Z","updated_at":"2026-09-20T18:52:46.834Z"},{"id":"ce7e3e13-b18e-402f-bb05-fa94bd333a31","state":"InvitePending","source_platform":"truecoach","source_person_id":"s00442","display_name":"Synthetic 442","created_at":"2026-09-20T18:52:46.835Z","updated_at":"2026-09-20T18:52:46.835Z"},{"id":"a9cc5aa8-1f8a-400c-9995-9cc4ba1dfbf5","state":"InvitePending","source_platform":"truecoach","source_person_id":"s00443","display_name":"Synthetic 443","created_at":"2026-09-20T18:52:46.836Z","updated_at":"2026-09-20T18:52:46.836Z"},{"id":"562344b2-ed44-40aa-ae63-4ae9298dfaa5","state":"InvitePending","source_platform":"truecoach","source_person_id":"s00444","display_name":"Synthetic 444","created_at":"2026-09-20T18:52:46.838Z","updated_at":"2026-09-20T18:52:46.838Z"},{"id":"bbf7efdd-02c8-4b98-9fd5-aa4717de40ad","state":"InvitePending","source_platform":"truecoach","source_person_id":"s00445","display_name":"Synthetic 445","created_at":"2026-09-20T18:52:46.839Z","updated_at":"2026-09-20T18:52:46.839Z"},{"id":"114f0143-7683-4047-82f1-f3bfba3645b4","state":"InvitePending","source_platform":"truecoach","source_person_id":"s00446","display_name":"Synthetic 446","created_at":"2026-09-20T18:52:46.841Z","updated_at":"2026-09-20T18:52:46.841Z"},{"id":"849ea963-7492-4c2e-a227-fd3263acf689","state":"InvitePending","source_platform":"truecoach","source_person_id":"s00447","display_name":"Synthetic 447","created_at":"2026-09-20T18:52:46.842Z","updated_at":"2026-09-20T18:52:46.842Z"},{"id":"a40ba293-6b2e-492b-afed-72e8708a892e","state":"InvitePending","source_platform":"truecoach","source_person_id":"s00448","display_name":"Synthetic 448","created_at":"2026-09-20T18:52:46.843Z","updated_at":"2026-09-20T18:52:46.843Z"},{"id":"b7a755a5-0949-4dc7-9fa3-f129b9f3a44f","state":"InvitePending","source_platform":"truecoach","source_person_id":"s00449","display_name":"Synthetic 449","created_at":"2026-09-20T18:52:46.845Z","updated_at":"2026-09-20T18:52:46.845Z"},{"id":"5296d0bd-7833-4a19-aacf-e0cb835ecd60","state":"InvitePending","source_platform":"truecoach","source_person_id":"s00451","display_name":"Synthetic 451","created_at":"2026-09-20T18:52:46.849Z","updated_at":"2026-09-20T18:52:46.849Z"},{"id":"3366dcbc-4217-43dd-aeae-3371b5a7055b","state":"InvitePending","source_platform":"truecoach","source_person_id":"s00452","display_name":"Synthetic 452","created_at":"2026-09-20T18:52:46.850Z","updated_at":"2026-09-20T18:52:46.850Z"},{"id":"94685e68-1d75-4379-8f25-8666b03584fb","state":"InvitePending","source_platform":"truecoach","source_person_id":"s00453","display_name":"Synthetic 453","created_at":"2026-09-20T18:52:46.851Z","updated_at":"2026-09-20T18:52:46.851Z"},{"id":"6736dff4-a35c-4a28-a979-aeb89b87cbd8","state":"InvitePending","source_platform":"truecoach","source_person_id":"s00454","display_name":"Synthetic 454","created_at":"2026-09-20T18:52:46.853Z","updated_at":"2026-09-20T18:52:46.853Z"},{"id":"26547c4b-5af7-44e9-b2fb-7322fd49952b","state":"InvitePending","source_platform":"truecoach","source_person_id":"s00455","display_name":"Synthetic 455","created_at":"2026-09-20T18:52:46.854Z","updated_at":"2026-09-20T18:52:46.854Z"},{"id":"e3e264be-1015-4fad-bd66-436e0aa62b03","state":"InvitePending","source_platform":"truecoach","source_person_id":"s00456","display_name":"Synthetic 456","created_at":"2026-09-20T18:52:46.856Z","updated_at":"2026-09-20T18:52:46.856Z"},{"id":"461eb483-f101-4c88-a5e7-ee5453a0572b","state":"InvitePending","source_platform":"truecoach","source_person_id":"s00457","display_name":"Synthetic 457","created_at":"2026-09-20T18:52:46.857Z","updated_at":"2026-09-20T18:52:46.857Z"},{"id":"eadccbe8-b199-4bd4-b011-79a05a96c6e7","state":"InvitePending","source_platform":"truecoach","source_person_id":"s00458","display_name":"Synthetic 458","created_at":"2026-09-20T18:52:46.858Z","updated_at":"2026-09-20T18:52:46.858Z"},{"id":"72d342a5-bcbd-4fdf-abc3-cffc7949a74b","state":"InvitePending","source_platform":"truecoach","source_person_id":"s00459","display_name":"Synthetic 459","created_at":"2026-09-20T18:52:46.860Z","updated_at":"2026-09-20T18:52:46.860Z"},{"id":"f7867654-865b-4106-8a57-11960687e89e","state":"InvitePending","source_platform":"truecoach","source_person_id":"s00460","display_name":"Synthetic 460","created_at":"2026-09-20T18:52:46.861Z","updated_at":"2026-09-20T18:52:46.861Z"},{"id":"0edbb959-d223-4709-bcc2-55a08f4ab5de","state":"InvitePending","source_platform":"truecoach","source_person_id":"s00461","display_name":"Synthetic 461","created_at":"2026-09-20T18:52:46.863Z","updated_at":"2026-09-20T18:52:46.863Z"},{"id":"90de1179-cb94-46c6-9ba2-0ca67fb521f0","state":"InvitePending","source_platform":"truecoach","source_person_id":"s00462","display_name":"Synthetic 462","created_at":"2026-09-20T18:52:46.864Z","updated_at":"2026-09-20T18:52:46.864Z"},{"id":"1eb6804a-572c-47ad-8d48-92bb7bc2aac0","state":"InvitePending","source_platform":"truecoach","source_person_id":"s00463","display_name":"Synthetic 463","created_at":"2026-09-20T18:52:46.865Z","updated_at":"2026-09-20T18:52:46.865Z"},{"id":"26005969-225c-4078-8dca-e3a0a9ca768e","state":"InvitePending","source_platform":"truecoach","source_person_id":"s00464","display_name":"Synthetic 464","created_at":"2026-09-20T18:52:46.867Z","updated_at":"2026-09-20T18:52:46.867Z"},{"id":"16040fd0-9559-4fcd-b5ec-b707734cc33e","state":"InvitePending","source_platform":"truecoach","source_person_id":"s00465","display_name":"Synthetic 465","created_at":"2026-09-20T18:52:46.868Z","updated_at":"2026-09-20T18:52:46.868Z"},{"id":"726f9e06-2684-4b09-8c93-7ce3313916cc","state":"InvitePending","source_platform":"truecoach","source_person_id":"s00466","display_name":"Synthetic 466","created_at":"2026-09-20T18:52:46.870Z","updated_at":"2026-09-20T18:52:46.870Z"},{"id":"d62cbeee-8732-48fd-b95a-0efd589dc898","state":"InvitePending","source_platform":"truecoach","source_person_id":"s00467","display_name":"Synthetic 467","created_at":"2026-09-20T18:52:46.871Z","updated_at":"2026-09-20T18:52:46.871Z"},{"id":"8bd852ca-34f3-4c6d-9062-00c3d56b24ee","state":"InvitePending","source_platform":"truecoach","source_person_id":"s00468","display_name":"Synthetic 468","created_at":"2026-09-20T18:52:46.872Z","updated_at":"2026-09-20T18:52:46.872Z"},{"id":"3bae1534-1592-4249-990e-35253f98865c","state":"InvitePending","source_platform":"truecoach","source_person_id":"s00469","display_name":"Synthetic 469","created_at":"2026-09-20T18:52:46.874Z","updated_at":"2026-09-20T18:52:46.874Z"},{"id":"34cc2771-f718-49b4-92b7-234ea5f428ce","state":"InvitePending","source_platform":"truecoach","source_person_id":"s00470","display_name":"Synthetic 470","created_at":"2026-09-20T18:52:46.875Z","updated_at":"2026-09-20T18:52:46.875Z"},{"id":"528df8e7-807a-492c-8949-17415cf2b31c","state":"InvitePending","source_platform":"truecoach","source_person_id":"s00471","display_name":"Synthetic 471","created_at":"2026-09-20T18:52:46.877Z","updated_at":"2026-09-20T18:52:46.877Z"},{"id":"353ad1a7-1650-428d-a5ab-953da898ada4","state":"InvitePending","source_platform":"truecoach","source_person_id":"s00472","display_name":"Synthetic 472","created_at":"2026-09-20T18:52:46.878Z","updated_at":"2026-09-20T18:52:46.878Z"},{"id":"0e42085b-b16c-4338-a5e5-c343f87cefc7","state":"InvitePending","source_platform":"truecoach","source_person_id":"s00473","display_name":"Synthetic 473","created_at":"2026-09-20T18:52:46.879Z","updated_at":"2026-09-20T18:52:46.879Z"},{"id":"c1554585-6cbc-47f3-93eb-1497a7bdd23e","state":"InvitePending","source_platform":"truecoach","source_person_id":"s00474","display_name":"Synthetic 474","created_at":"2026-09-20T18:52:46.881Z","updated_at":"2026-09-20T18:52:46.881Z"},{"id":"aa01df3d-a7c5-4416-a54f-5ffd67653b3b","state":"InvitePending","source_platform":"truecoach","source_person_id":"s00475","display_name":"Synthetic 475","created_at":"2026-09-20T18:52:46.882Z","updated_at":"2026-09-20T18:52:46.882Z"},{"id":"45de21b8-1645-4ad2-b01d-766ef1bda5d4","state":"InvitePending","source_platform":"truecoach","source_person_id":"s00476","display_name":"Synthetic 476","created_at":"2026-09-20T18:52:46.884Z","updated_at":"2026-09-20T18:52:46.884Z"},{"id":"22118854-ec55-4f08-88eb-89477fc32ece","state":"InvitePending","source_platform":"truecoach","source_person_id":"s00477","display_name":"Synthetic 477","created_at":"2026-09-20T18:52:46.885Z","updated_at":"2026-09-20T18:52:46.885Z"},{"id":"df33ee75-3a98-48f4-a3bd-d888b31b8ac1","state":"InvitePending","source_platform":"truecoach","source_person_id":"s00478","display_name":"Synthetic 478","created_at":"2026-09-20T18:52:46.886Z","updated_at":"2026-09-20T18:52:46.886Z"},{"id":"eaef895f-9af0-491c-9784-4a22f8c83e68","state":"InvitePending","source_platform":"truecoach","source_person_id":"s00479","display_name":"Synthetic 479","created_at":"2026-09-20T18:52:46.888Z","updated_at":"2026-09-20T18:52:46.888Z"},{"id":"db5c7774-139c-4ebc-994e-9a596ae519b7","state":"InvitePending","source_platform":"truecoach","source_person_id":"s00480","display_name":"Synthetic 480","created_at":"2026-09-20T18:52:46.889Z","updated_at":"2026-09-20T18:52:46.889Z"},{"id":"1effbc8e-4244-46b6-8554-c2eb28d9816e","state":"InvitePending","source_platform":"truecoach","source_person_id":"s00481","display_name":"Synthetic 481","created_at":"2026-09-20T18:52:46.891Z","updated_at":"2026-09-20T18:52:46.891Z"},{"id":"205f9323-5e2e-4d75-b05d-adfeb59410dd","state":"InvitePending","source_platform":"truecoach","source_person_id":"s00482","display_name":"Synthetic 482","created_at":"2026-09-20T18:52:46.898Z","updated_at":"2026-09-20T18:52:46.898Z"},{"id":"469d315f-1a42-4d42-99a8-6b3c826872a3","state":"InvitePending","source_platform":"truecoach","source_person_id":"s00483","display_name":"Synthetic 483","created_at":"2026-09-20T18:52:46.899Z","updated_at":"2026-09-20T18:52:46.899Z"},{"id":"54fb20f3-8e00-4c6e-a032-055d90b3f180","state":"InvitePending","source_platform":"truecoach","source_person_id":"s00484","display_name":"Synthetic 484","created_at":"2026-09-20T18:52:46.901Z","updated_at":"2026-09-20T18:52:46.901Z"},{"id":"f83f1414-63b9-48bd-bef7-0421dc1cfc6b","state":"InvitePending","source_platform":"truecoach","source_person_id":"s00485","display_name":"Synthetic 485","created_at":"2026-09-20T18:52:46.902Z","updated_at":"2026-09-20T18:52:46.902Z"},{"id":"b45e95c8-dd9d-4314-87a1-90c6a552c319","state":"InvitePending","source_platform":"truecoach","source_person_id":"s00486","display_name":"Synthetic 486","created_at":"2026-09-20T18:52:46.904Z","updated_at":"2026-09-20T18:52:46.904Z"},{"id":"d44c4b18-c1bf-4e0e-9cce-35fe561e086f","state":"InvitePending","source_platform":"truecoach","source_person_id":"s00487","display_name":"Synthetic 487","created_at":"2026-09-20T18:52:46.905Z","updated_at":"2026-09-20T18:52:46.905Z"},{"id":"74ec3907-589e-4e33-a66a-dcdc33875de3","state":"InvitePending","source_platform":"truecoach","source_person_id":"s00488","display_name":"Synthetic 488","created_at":"2026-09-20T18:52:46.906Z","updated_at":"2026-09-20T18:52:46.906Z"},{"id":"46446aff-53a1-4317-b269-b35045cabbfe","state":"InvitePending","source_platform":"truecoach","source_person_id":"s00489","display_name":"Synthetic 489","created_at":"2026-09-20T18:52:46.908Z","updated_at":"2026-09-20T18:52:46.908Z"},{"id":"9f42fe79-5d33-4d06-827d-fd8694171db3","state":"InvitePending","source_platform":"truecoach","source_person_id":"s00490","display_name":"Synthetic 490","created_at":"2026-09-20T18:52:46.910Z","updated_at":"2026-09-20T18:52:46.910Z"},{"id":"376055f9-3a05-405b-8f14-10eb24f7a43e","state":"InvitePending","source_platform":"truecoach","source_person_id":"s00491","display_name":"Synthetic 491","created_at":"2026-09-20T18:52:46.911Z","updated_at":"2026-09-20T18:52:46.911Z"},{"id":"bf498782-b29d-4beb-b453-4ded39195f94","state":"InvitePending","source_platform":"truecoach","source_person_id":"s00492","display_name":"Synthetic 492","created_at":"2026-09-20T18:52:46.913Z","updated_at":"2026-09-20T18:52:46.913Z"},{"id":"4865b8e6-7326-47c7-9e0b-eed84d82a29a","state":"InvitePending","source_platform":"truecoach","source_person_id":"s00493","display_name":"Synthetic 493","created_at":"2026-09-20T18:52:46.914Z","updated_at":"2026-09-20T18:52:46.914Z"},{"id":"fb0139ec-1cb8-4f4d-8de0-9b954c09bb7b","state":"InvitePending","source_platform":"truecoach","source_person_id":"s00494","display_name":"Synthetic 494","created_at":"2026-09-20T18:52:46.916Z","updated_at":"2026-09-20T18:52:46.916Z"},{"id":"10fbc38b-650f-44f9-9d59-bc6b2793378e","state":"InvitePending","source_platform":"truecoach","source_person_id":"s00495","display_name":"Synthetic 495","created_at":"2026-09-20T18:52:46.918Z","updated_at":"2026-09-20T18:52:46.918Z"},{"id":"509ec197-6630-4a56-b4e2-43b1706dcd3f","state":"InvitePending","source_platform":"truecoach","source_person_id":"s00496","display_name":"Synthetic 496","created_at":"2026-09-20T18:52:46.919Z","updated_at":"2026-09-20T18:52:46.919Z"},{"id":"35d77c26-fee9-434d-b421-4b65aee7287c","state":"InvitePending","source_platform":"truecoach","source_person_id":"s00497","display_name":"Synthetic 497","created_at":"2026-09-20T18:52:46.921Z","updated_at":"2026-09-20T18:52:46.921Z"},{"id":"37660865-d36c-435c-b022-89e535f7b741","state":"InvitePending","source_platform":"truecoach","source_person_id":"s00498","display_name":"Synthetic 498","created_at":"2026-09-20T18:52:46.923Z","updated_at":"2026-09-20T18:52:46.923Z"},{"id":"13fa6269-3ac5-496d-95e4-6a9056543d0f","state":"InvitePending","source_platform":"truecoach","source_person_id":"s00499","display_name":"Synthetic 499","created_at":"2026-09-20T18:52:46.928Z","updated_at":"2026-09-20T18:52:46.928Z"},{"id":"577541b2-84b9-4d5c-bbf9-17cf85571886","state":"InvitePending","source_platform":"truecoach","source_person_id":"s00501","display_name":"Synthetic 501","created_at":"2026-09-20T18:52:46.933Z","updated_at":"2026-09-20T18:52:46.933Z"},{"id":"53b0848c-0ffb-479a-96c0-1d416b46b3dc","state":"InvitePending","source_platform":"truecoach","source_person_id":"s00502","display_name":"Synthetic 502","created_at":"2026-09-20T18:52:46.935Z","updated_at":"2026-09-20T18:52:46.935Z"},{"id":"b2cf29aa-95d7-4ec4-9cf4-bba4d1d2bad5","state":"InvitePending","source_platform":"truecoach","source_person_id":"s00503","display_name":"Synthetic 503","created_at":"2026-09-20T18:52:46.936Z","updated_at":"2026-09-20T18:52:46.936Z"},{"id":"f08c4181-ebb0-4acb-b61f-a1c74231a139","state":"InvitePending","source_platform":"truecoach","source_person_id":"s00504","display_name":"Synthetic 504","created_at":"2026-09-20T18:52:46.938Z","updated_at":"2026-09-20T18:52:46.938Z"},{"id":"1f710f13-7d7e-4b0d-ae50-cfd0f40cecd0","state":"InvitePending","source_platform":"truecoach","source_person_id":"s00505","display_name":"Synthetic 505","created_at":"2026-09-20T18:52:46.939Z","updated_at":"2026-09-20T18:52:46.939Z"},{"id":"84ac9db4-ffc3-4f48-ab17-a85eb1d1d238","state":"InvitePending","source_platform":"truecoach","source_person_id":"s00506","display_name":"Synthetic 506","created_at":"2026-09-20T18:52:46.941Z","updated_at":"2026-09-20T18:52:46.941Z"},{"id":"bd2a3b2c-5c52-4f9d-9018-1961a94cdeab","state":"InvitePending","source_platform":"truecoach","source_person_id":"s00507","display_name":"Synthetic 507","created_at":"2026-09-20T18:52:46.942Z","updated_at":"2026-09-20T18:52:46.942Z"},{"id":"0d843f2e-b935-4a40-af14-596f4c21899b","state":"InvitePending","source_platform":"truecoach","source_person_id":"s00508","display_name":"Synthetic 508","created_at":"2026-09-20T18:52:46.943Z","updated_at":"2026-09-20T18:52:46.943Z"},{"id":"e94e7d4a-93cb-4456-8c5d-223a58fbe006","state":"InvitePending","source_platform":"truecoach","source_person_id":"s00509","display_name":"Synthetic 509","created_at":"2026-09-20T18:52:46.945Z","updated_at":"2026-09-20T18:52:46.945Z"},{"id":"9027e588-7efb-4ee0-b87d-8c6b1f89656b","state":"InvitePending","source_platform":"truecoach","source_person_id":"s00510","display_name":"Synthetic 510","created_at":"2026-09-20T18:52:46.946Z","updated_at":"2026-09-20T18:52:46.946Z"},{"id":"b7cad956-36bb-470d-9d36-c13164fca521","state":"InvitePending","source_platform":"truecoach","source_person_id":"s00511","display_name":"Synthetic 511","created_at":"2026-09-20T18:52:46.948Z","updated_at":"2026-09-20T18:52:46.948Z"},{"id":"b220217c-ea37-4c1c-9dc2-eba6073d7b19","state":"InvitePending","source_platform":"truecoach","source_person_id":"s00512","display_name":"Synthetic 512","created_at":"2026-09-20T18:52:46.949Z","updated_at":"2026-09-20T18:52:46.949Z"},{"id":"f999c1df-99b4-48a9-95ac-068597f39c60","state":"InvitePending","source_platform":"truecoach","source_person_id":"s00513","display_name":"Synthetic 513","created_at":"2026-09-20T18:52:46.951Z","updated_at":"2026-09-20T18:52:46.951Z"},{"id":"d0c3151b-df3d-486b-a2da-19b3e4e48223","state":"InvitePending","source_platform":"truecoach","source_person_id":"s00514","display_name":"Synthetic 514","created_at":"2026-09-20T18:52:46.952Z","updated_at":"2026-09-20T18:52:46.952Z"},{"id":"b531e6eb-38cd-4b69-9fdd-91a8ac961a90","state":"InvitePending","source_platform":"truecoach","source_person_id":"s00515","display_name":"Synthetic 515","created_at":"2026-09-20T18:52:46.953Z","updated_at":"2026-09-20T18:52:46.953Z"},{"id":"c408e341-b53e-4120-8675-e5ffc15fc840","state":"InvitePending","source_platform":"truecoach","source_person_id":"s00516","display_name":"Synthetic 516","created_at":"2026-09-20T18:52:46.955Z","updated_at":"2026-09-20T18:52:46.955Z"},{"id":"cd87b67a-2382-42eb-a1e2-0b53c158105e","state":"InvitePending","source_platform":"truecoach","source_person_id":"s00517","display_name":"Synthetic 517","created_at":"2026-09-20T18:52:46.956Z","updated_at":"2026-09-20T18:52:46.956Z"},{"id":"99865da7-22a0-4fef-8b4e-cca83e3d3041","state":"InvitePending","source_platform":"truecoach","source_person_id":"s00518","display_name":"Synthetic 518","created_at":"2026-09-20T18:52:46.958Z","updated_at":"2026-09-20T18:52:46.958Z"},{"id":"fcec5497-f3cc-4759-8a17-f003a2ae9866","state":"InvitePending","source_platform":"truecoach","source_person_id":"s00519","display_name":"Synthetic 519","created_at":"2026-09-20T18:52:46.959Z","updated_at":"2026-09-20T18:52:46.959Z"},{"id":"fdb143e2-c2cf-4ac6-8935-803d3b68d56d","state":"InvitePending","source_platform":"truecoach","source_person_id":"s00520","display_name":"Synthetic 520","created_at":"2026-09-20T18:52:46.960Z","updated_at":"2026-09-20T18:52:46.960Z"},{"id":"ee61db9f-8d39-42f4-9ed8-2999a722bf52","state":"InvitePending","source_platform":"truecoach","source_person_id":"s00521","display_name":"Synthetic 521","created_at":"2026-09-20T18:52:46.962Z","updated_at":"2026-09-20T18:52:46.962Z"},{"id":"7e6f4322-7338-4ce2-9168-95574ac3471a","state":"InvitePending","source_platform":"truecoach","source_person_id":"s00522","display_name":"Synthetic 522","created_at":"2026-09-20T18:52:46.963Z","updated_at":"2026-09-20T18:52:46.963Z"},{"id":"aab6a78d-8c85-4e20-b0b0-80b5b6b1c6df","state":"InvitePending","source_platform":"truecoach","source_person_id":"s00523","display_name":"Synthetic 523","created_at":"2026-09-20T18:52:46.965Z","updated_at":"2026-09-20T18:52:46.965Z"},{"id":"ecd220b3-3093-455f-9581-59cc5bab1f0b","state":"InvitePending","source_platform":"truecoach","source_person_id":"s00524","display_name":"Synthetic 524","created_at":"2026-09-20T18:52:46.966Z","updated_at":"2026-09-20T18:52:46.966Z"},{"id":"e6f1135f-094f-4541-b4db-bf00d91be67b","state":"InvitePending","source_platform":"truecoach","source_person_id":"s00525","display_name":"Synthetic 525","created_at":"2026-09-20T18:52:46.967Z","updated_at":"2026-09-20T18:52:46.967Z"},{"id":"efa22b28-0186-45b5-a13c-5879064b5cae","state":"InvitePending","source_platform":"truecoach","source_person_id":"s00526","display_name":"Synthetic 526","created_at":"2026-09-20T18:52:46.969Z","updated_at":"2026-09-20T18:52:46.969Z"},{"id":"a491a004-be73-47b1-9e58-aedd9caf6237","state":"InvitePending","source_platform":"truecoach","source_person_id":"s00527","display_name":"Synthetic 527","created_at":"2026-09-20T18:52:46.970Z","updated_at":"2026-09-20T18:52:46.970Z"},{"id":"cc7ebcb7-8c83-4a91-a04c-a4c08a3635f6","state":"InvitePending","source_platform":"truecoach","source_person_id":"s00528","display_name":"Synthetic 528","created_at":"2026-09-20T18:52:46.972Z","updated_at":"2026-09-20T18:52:46.972Z"},{"id":"d8470db2-fab6-47e7-ab23-1756a18ab384","state":"InvitePending","source_platform":"truecoach","source_person_id":"s00529","display_name":"Synthetic 529","created_at":"2026-09-20T18:52:46.974Z","updated_at":"2026-09-20T18:52:46.974Z"},{"id":"b90bf9de-32b5-4ce2-a13a-cf32b5ea7fac","state":"InvitePending","source_platform":"truecoach","source_person_id":"s00530","display_name":"Synthetic 530","created_at":"2026-09-20T18:52:46.976Z","updated_at":"2026-09-20T18:52:46.976Z"},{"id":"ab62922f-43ca-49c9-8f3e-af3ef0991018","state":"InvitePending","source_platform":"truecoach","source_person_id":"s00531","display_name":"Synthetic 531","created_at":"2026-09-20T18:52:46.978Z","updated_at":"2026-09-20T18:52:46.978Z"},{"id":"bd912781-62b6-45a5-a137-545b73d2b21e","state":"InvitePending","source_platform":"truecoach","source_person_id":"s00532","display_name":"Synthetic 532","created_at":"2026-09-20T18:52:46.979Z","updated_at":"2026-09-20T18:52:46.979Z"},{"id":"61af52f4-6871-464d-8ef1-dc2e4a1b32c8","state":"InvitePending","source_platform":"truecoach","source_person_id":"s00533","display_name":"Synthetic 533","created_at":"2026-09-20T18:52:46.982Z","updated_at":"2026-09-20T18:52:46.982Z"},{"id":"2a1bc782-06b0-4be0-ab8a-38925ca84caf","state":"InvitePending","source_platform":"truecoach","source_person_id":"s00534","display_name":"Synthetic 534","created_at":"2026-09-20T18:52:46.983Z","updated_at":"2026-09-20T18:52:46.983Z"},{"id":"16b4ec43-59c8-487c-84be-9db46561b280","state":"InvitePending","source_platform":"truecoach","source_person_id":"s00535","display_name":"Synthetic 535","created_at":"2026-09-20T18:52:46.985Z","updated_at":"2026-09-20T18:52:46.985Z"},{"id":"b50260ca-30d5-49f8-aaba-e70a68491677","state":"InvitePending","source_platform":"truecoach","source_person_id":"s00536","display_name":"Synthetic 536","created_at":"2026-09-20T18:52:46.986Z","updated_at":"2026-09-20T18:52:46.986Z"},{"id":"1d9d1b65-10fa-412b-8a06-2465713c240e","state":"InvitePending","source_platform":"truecoach","source_person_id":"s00537","display_name":"Synthetic 537","created_at":"2026-09-20T18:52:46.988Z","updated_at":"2026-09-20T18:52:46.988Z"},{"id":"08d98321-4941-4133-a13c-af8b20b828f7","state":"InvitePending","source_platform":"truecoach","source_person_id":"s00538","display_name":"Synthetic 538","created_at":"2026-09-20T18:52:46.989Z","updated_at":"2026-09-20T18:52:46.989Z"},{"id":"c035bff7-def3-433e-9ad9-f1b82c9f4e80","state":"InvitePending","source_platform":"truecoach","source_person_id":"s00539","display_name":"Synthetic 539","created_at":"2026-09-20T18:52:46.990Z","updated_at":"2026-09-20T18:52:46.990Z"},{"id":"680cd40e-e695-4b0b-945a-5a9d88fcf963","state":"InvitePending","source_platform":"truecoach","source_person_id":"s00540","display_name":"Synthetic 540","created_at":"2026-09-20T18:52:46.992Z","updated_at":"2026-09-20T18:52:46.992Z"},{"id":"8ae90ebe-ed58-4439-bbb1-e5d6a491cbea","state":"InvitePending","source_platform":"truecoach","source_person_id":"s00541","display_name":"Synthetic 541","created_at":"2026-09-20T18:52:46.993Z","updated_at":"2026-09-20T18:52:46.993Z"},{"id":"8f99b4a3-3a12-47bd-8ff5-61b45cf70428","state":"InvitePending","source_platform":"truecoach","source_person_id":"s00542","display_name":"Synthetic 542","created_at":"2026-09-20T18:52:46.999Z","updated_at":"2026-09-20T18:52:46.999Z"},{"id":"8a085b78-205f-4ff7-89aa-794f648fa94c","state":"InvitePending","source_platform":"truecoach","source_person_id":"s00543","display_name":"Synthetic 543","created_at":"2026-09-20T18:52:47.000Z","updated_at":"2026-09-20T18:52:47.000Z"},{"id":"3183a71b-83ac-434d-88c6-0c44c55d5f9e","state":"InvitePending","source_platform":"truecoach","source_person_id":"s00544","display_name":"Synthetic 544","created_at":"2026-09-20T18:52:47.002Z","updated_at":"2026-09-20T18:52:47.002Z"},{"id":"b5869776-8079-4e1b-bfcd-98239277249e","state":"InvitePending","source_platform":"truecoach","source_person_id":"s00545","display_name":"Synthetic 545","created_at":"2026-09-20T18:52:47.003Z","updated_at":"2026-09-20T18:52:47.003Z"},{"id":"6625e9fc-91a1-48f9-a198-e088a773e8d8","state":"InvitePending","source_platform":"truecoach","source_person_id":"s00546","display_name":"Synthetic 546","created_at":"2026-09-20T18:52:47.005Z","updated_at":"2026-09-20T18:52:47.005Z"},{"id":"3da36996-5e8b-4ed5-85b0-32ea5f0fd35e","state":"InvitePending","source_platform":"truecoach","source_person_id":"s00547","display_name":"Synthetic 547","created_at":"2026-09-20T18:52:47.006Z","updated_at":"2026-09-20T18:52:47.006Z"},{"id":"243b76e9-9d01-4574-a35f-ff4c4a2e64d2","state":"InvitePending","source_platform":"truecoach","source_person_id":"s00548","display_name":"Synthetic 548","created_at":"2026-09-20T18:52:47.009Z","updated_at":"2026-09-20T18:52:47.009Z"},{"id":"9d7625d6-112d-4833-83fb-6b87e5c99a9c","state":"InvitePending","source_platform":"truecoach","source_person_id":"s00549","display_name":"Synthetic 549","created_at":"2026-09-20T18:52:47.011Z","updated_at":"2026-09-20T18:52:47.011Z"},{"id":"707f433c-214e-4fd4-8646-80179127df1e","state":"InvitePending","source_platform":"truecoach","source_person_id":"s00551","display_name":"Synthetic 551","created_at":"2026-09-20T18:52:47.014Z","updated_at":"2026-09-20T18:52:47.014Z"},{"id":"a1464d35-8846-4260-a317-7cd656d3a61d","state":"InvitePending","source_platform":"truecoach","source_person_id":"s00552","display_name":"Synthetic 552","created_at":"2026-09-20T18:52:47.016Z","updated_at":"2026-09-20T18:52:47.016Z"},{"id":"d6830dd8-54b9-40e5-ac9b-9028a47e49c5","state":"InvitePending","source_platform":"truecoach","source_person_id":"s00553","display_name":"Synthetic 553","created_at":"2026-09-20T18:52:47.017Z","updated_at":"2026-09-20T18:52:47.017Z"},{"id":"b4a64961-b826-4bbd-9fa8-9e81c8ee7292","state":"InvitePending","source_platform":"truecoach","source_person_id":"s00554","display_name":"Synthetic 554","created_at":"2026-09-20T18:52:47.018Z","updated_at":"2026-09-20T18:52:47.018Z"},{"id":"541c2bce-f004-40ab-a6dc-a2bd07858551","state":"InvitePending","source_platform":"truecoach","source_person_id":"s00555","display_name":"Synthetic 555","created_at":"2026-09-20T18:52:47.020Z","updated_at":"2026-09-20T18:52:47.020Z"},{"id":"00bd500a-8441-41b8-adc5-d410d9c2a9d4","state":"InvitePending","source_platform":"truecoach","source_person_id":"s00556","display_name":"Synthetic 556","created_at":"2026-09-20T18:52:47.021Z","updated_at":"2026-09-20T18:52:47.021Z"},{"id":"dad77f49-4f69-4ed4-8bef-8b96f7df9336","state":"InvitePending","source_platform":"truecoach","source_person_id":"s00557","display_name":"Synthetic 557","created_at":"2026-09-20T18:52:47.023Z","updated_at":"2026-09-20T18:52:47.023Z"},{"id":"6ae98d2a-93a3-494c-8192-f72c06ba2354","state":"InvitePending","source_platform":"truecoach","source_person_id":"s00558","display_name":"Synthetic 558","created_at":"2026-09-20T18:52:47.024Z","updated_at":"2026-09-20T18:52:47.024Z"},{"id":"9fa5b59e-319d-4ba3-91f0-9a577205a091","state":"InvitePending","source_platform":"truecoach","source_person_id":"s00559","display_name":"Synthetic 559","created_at":"2026-09-20T18:52:47.026Z","updated_at":"2026-09-20T18:52:47.026Z"},{"id":"6bde1dd9-2d3c-44b0-9fcb-bca512a15d3e","state":"InvitePending","source_platform":"truecoach","source_person_id":"s00560","display_name":"Synthetic 560","created_at":"2026-09-20T18:52:47.027Z","updated_at":"2026-09-20T18:52:47.027Z"},{"id":"4595e728-1914-441e-bcdc-5229cbdb7717","state":"InvitePending","source_platform":"truecoach","source_person_id":"s00561","display_name":"Synthetic 561","created_at":"2026-09-20T18:52:47.028Z","updated_at":"2026-09-20T18:52:47.028Z"},{"id":"96bed70a-4aee-4901-9f28-3cfcaecc8b45","state":"InvitePending","source_platform":"truecoach","source_person_id":"s00562","display_name":"Synthetic 562","created_at":"2026-09-20T18:52:47.030Z","updated_at":"2026-09-20T18:52:47.030Z"},{"id":"84a45064-0156-4ff6-a772-ffbefe7f7945","state":"InvitePending","source_platform":"truecoach","source_person_id":"s00563","display_name":"Synthetic 563","created_at":"2026-09-20T18:52:47.031Z","updated_at":"2026-09-20T18:52:47.031Z"},{"id":"d08e4481-e1cf-4f6a-8c59-52730a4a072a","state":"InvitePending","source_platform":"truecoach","source_person_id":"s00564","display_name":"Synthetic 564","created_at":"2026-09-20T18:52:47.033Z","updated_at":"2026-09-20T18:52:47.033Z"},{"id":"f4224c0f-d9f4-4178-9f6a-e9d8edf7d36b","state":"InvitePending","source_platform":"truecoach","source_person_id":"s00565","display_name":"Synthetic 565","created_at":"2026-09-20T18:52:47.034Z","updated_at":"2026-09-20T18:52:47.034Z"},{"id":"6f19caa2-b795-4267-ad74-7ddadda3283e","state":"InvitePending","source_platform":"truecoach","source_person_id":"s00566","display_name":"Synthetic 566","created_at":"2026-09-20T18:52:47.035Z","updated_at":"2026-09-20T18:52:47.035Z"},{"id":"520952d3-5f93-42b9-8dad-bda9dea7b241","state":"InvitePending","source_platform":"truecoach","source_person_id":"s00567","display_name":"Synthetic 567","created_at":"2026-09-20T18:52:47.037Z","updated_at":"2026-09-20T18:52:47.037Z"},{"id":"99bc2092-21f7-4895-ad72-04ec0ea01faa","state":"InvitePending","source_platform":"truecoach","source_person_id":"s00568","display_name":"Synthetic 568","created_at":"2026-09-20T18:52:47.038Z","updated_at":"2026-09-20T18:52:47.038Z"},{"id":"d5b8e436-adb4-4694-83d3-2c2fea62a82c","state":"InvitePending","source_platform":"truecoach","source_person_id":"s00569","display_name":"Synthetic 569","created_at":"2026-09-20T18:52:47.040Z","updated_at":"2026-09-20T18:52:47.040Z"},{"id":"83f04ffb-ffc1-4881-a2d3-b46c6a014201","state":"InvitePending","source_platform":"truecoach","source_person_id":"s00570","display_name":"Synthetic 570","created_at":"2026-09-20T18:52:47.041Z","updated_at":"2026-09-20T18:52:47.041Z"},{"id":"5217ed29-5ca4-499d-b239-47f75521a09b","state":"InvitePending","source_platform":"truecoach","source_person_id":"s00571","display_name":"Synthetic 571","created_at":"2026-09-20T18:52:47.043Z","updated_at":"2026-09-20T18:52:47.043Z"},{"id":"14f32d92-8eb3-4a7e-84f6-2a6f5ebb89f9","state":"InvitePending","source_platform":"truecoach","source_person_id":"s00572","display_name":"Synthetic 572","created_at":"2026-09-20T18:52:47.044Z","updated_at":"2026-09-20T18:52:47.044Z"},{"id":"103c3503-7b34-44a1-8c18-0722727603b5","state":"InvitePending","source_platform":"truecoach","source_person_id":"s00573","display_name":"Synthetic 573","created_at":"2026-09-20T18:52:47.047Z","updated_at":"2026-09-20T18:52:47.047Z"},{"id":"840d13e6-5464-441d-89e4-8e6f6bb9f521","state":"InvitePending","source_platform":"truecoach","source_person_id":"s00574","display_name":"Synthetic 574","created_at":"2026-09-20T18:52:47.056Z","updated_at":"2026-09-20T18:52:47.056Z"},{"id":"fdbb782c-cec2-47c9-9d67-eacedfea7643","state":"InvitePending","source_platform":"truecoach","source_person_id":"s00575","display_name":"Synthetic 575","created_at":"2026-09-20T18:52:47.058Z","updated_at":"2026-09-20T18:52:47.058Z"},{"id":"0c869897-2914-4329-9402-81cd13481a02","state":"InvitePending","source_platform":"truecoach","source_person_id":"s00576","display_name":"Synthetic 576","created_at":"2026-09-20T18:52:47.059Z","updated_at":"2026-09-20T18:52:47.059Z"},{"id":"61138758-30a2-48b1-810a-06aa9b54c5bc","state":"InvitePending","source_platform":"truecoach","source_person_id":"s00577","display_name":"Synthetic 577","created_at":"2026-09-20T18:52:47.061Z","updated_at":"2026-09-20T18:52:47.061Z"},{"id":"95953f59-f7f9-410c-b7e8-1087eb120c1c","state":"InvitePending","source_platform":"truecoach","source_person_id":"s00578","display_name":"Synthetic 578","created_at":"2026-09-20T18:52:47.063Z","updated_at":"2026-09-20T18:52:47.063Z"},{"id":"9ccfab3a-1bca-44fc-9e04-68c0a292517b","state":"InvitePending","source_platform":"truecoach","source_person_id":"s00579","display_name":"Synthetic 579","created_at":"2026-09-20T18:52:47.064Z","updated_at":"2026-09-20T18:52:47.064Z"},{"id":"85c99be2-54d8-4a4c-a38c-29e5a956fefe","state":"InvitePending","source_platform":"truecoach","source_person_id":"s00580","display_name":"Synthetic 580","created_at":"2026-09-20T18:52:47.066Z","updated_at":"2026-09-20T18:52:47.066Z"},{"id":"e2d902da-9f82-4974-991a-6cd6693017a5","state":"InvitePending","source_platform":"truecoach","source_person_id":"s00581","display_name":"Synthetic 581","created_at":"2026-09-20T18:52:47.067Z","updated_at":"2026-09-20T18:52:47.067Z"},{"id":"8deef880-e8ff-4c97-bebe-3bd2d2775fb6","state":"InvitePending","source_platform":"truecoach","source_person_id":"s00582","display_name":"Synthetic 582","created_at":"2026-09-20T18:52:47.069Z","updated_at":"2026-09-20T18:52:47.069Z"},{"id":"916a5d6a-f913-4a54-a09a-afa29ad761e6","state":"InvitePending","source_platform":"truecoach","source_person_id":"s00583","display_name":"Synthetic 583","created_at":"2026-09-20T18:52:47.070Z","updated_at":"2026-09-20T18:52:47.070Z"},{"id":"053eca66-0c36-4fb2-9e1f-b8faba26d78d","state":"InvitePending","source_platform":"truecoach","source_person_id":"s00584","display_name":"Synthetic 584","created_at":"2026-09-20T18:52:47.072Z","updated_at":"2026-09-20T18:52:47.072Z"},{"id":"1b5d02d9-20cf-4507-8064-328b7f58d89c","state":"InvitePending","source_platform":"truecoach","source_person_id":"s00585","display_name":"Synthetic 585","created_at":"2026-09-20T18:52:47.073Z","updated_at":"2026-09-20T18:52:47.073Z"},{"id":"69e0f223-cf71-4ae2-a668-904f5b39ec02","state":"InvitePending","source_platform":"truecoach","source_person_id":"s00586","display_name":"Synthetic 586","created_at":"2026-09-20T18:52:47.075Z","updated_at":"2026-09-20T18:52:47.075Z"},{"id":"5b48ee52-295a-44e1-aea5-2d4314dd1031","state":"InvitePending","source_platform":"truecoach","source_person_id":"s00587","display_name":"Synthetic 587","created_at":"2026-09-20T18:52:47.078Z","updated_at":"2026-09-20T18:52:47.078Z"},{"id":"71be5a9e-6e4c-4c91-9df0-8a537d7ab453","state":"InvitePending","source_platform":"truecoach","source_person_id":"s00588","display_name":"Synthetic 588","created_at":"2026-09-20T18:52:47.080Z","updated_at":"2026-09-20T18:52:47.080Z"},{"id":"81f9591a-4984-499e-882d-4a5a73cad5d1","state":"InvitePending","source_platform":"truecoach","source_person_id":"s00589","display_name":"Synthetic 589","created_at":"2026-09-20T18:52:47.082Z","updated_at":"2026-09-20T18:52:47.082Z"},{"id":"7238bb09-73c8-4195-81f0-18465596f627","state":"InvitePending","source_platform":"truecoach","source_person_id":"s00590","display_name":"Synthetic 590","created_at":"2026-09-20T18:52:47.083Z","updated_at":"2026-09-20T18:52:47.083Z"},{"id":"6886c509-5dd9-40f2-9db6-05c1293f5c1f","state":"InvitePending","source_platform":"truecoach","source_person_id":"s00591","display_name":"Synthetic 591","created_at":"2026-09-20T18:52:47.084Z","updated_at":"2026-09-20T18:52:47.084Z"},{"id":"2e3d840e-2ea7-4e1b-80ea-6e67e96ff8be","state":"InvitePending","source_platform":"truecoach","source_person_id":"s00592","display_name":"Synthetic 592","created_at":"2026-09-20T18:52:47.086Z","updated_at":"2026-09-20T18:52:47.086Z"},{"id":"db2d6f80-829f-4b28-ba93-ba054f9528fb","state":"InvitePending","source_platform":"truecoach","source_person_id":"s00593","display_name":"Synthetic 593","created_at":"2026-09-20T18:52:47.087Z","updated_at":"2026-09-20T18:52:47.087Z"},{"id":"cbb0765e-87e9-49dd-bad8-f353ed760431","state":"InvitePending","source_platform":"truecoach","source_person_id":"s00594","display_name":"Synthetic 594","created_at":"2026-09-20T18:52:47.089Z","updated_at":"2026-09-20T18:52:47.089Z"},{"id":"eede69cf-3a95-492c-aa54-44250df777a5","state":"InvitePending","source_platform":"truecoach","source_person_id":"s00595","display_name":"Synthetic 595","created_at":"2026-09-20T18:52:47.090Z","updated_at":"2026-09-20T18:52:47.090Z"},{"id":"f119f99c-a814-40e5-ab0b-fdb96db88d9b","state":"InvitePending","source_platform":"truecoach","source_person_id":"s00596","display_name":"Synthetic 596","created_at":"2026-09-20T18:52:47.092Z","updated_at":"2026-09-20T18:52:47.092Z"},{"id":"4a7a9eb1-8d7f-47f1-a992-c515d36438a8","state":"InvitePending","source_platform":"truecoach","source_person_id":"s00597","display_name":"Synthetic 597","created_at":"2026-09-20T18:52:47.093Z","updated_at":"2026-09-20T18:52:47.093Z"},{"id":"d536d6b3-fe3c-488b-a9c4-cfd0e002a552","state":"InvitePending","source_platform":"truecoach","source_person_id":"s00598","display_name":"Synthetic 598","created_at":"2026-09-20T18:52:47.094Z","updated_at":"2026-09-20T18:52:47.094Z"},{"id":"c297da8d-f0f9-4279-89e0-41a4cd05cae7","state":"InvitePending","source_platform":"truecoach","source_person_id":"s00599","display_name":"Synthetic 599","created_at":"2026-09-20T18:52:47.101Z","updated_at":"2026-09-20T18:52:47.101Z"}],"page":{"limit":200,"next_cursor":null,"has_more":false}},"queries":8,"pid":28950}

      158 |       if (code !== 0 || !result) { reject(new Error(`worker exited ${code}: ${output}`)); return; }
      159 |       // Query shapes, outcomes, fixture identifiers and process IDs only; never parameters.
    > 160 |       console.warn('PG17_PROCESS', JSON.stringify({ name, old, options: { ...options, cursor: options.cursor ? '<cursor>' : undefined },
          |               ^
      161 |         result: result.result, failure: result.failure, queries: result.queries.length, pid: result.pid }));
      162 |       resolveDone(result);
      163 |     };

      at settleWorker (test/utils/g2-pg17-harness.ts:160:15)
      at ChildProcess.<anonymous> (test/utils/g2-pg17-harness.ts:165:51)

  console.warn
    PG17_PROCESS {"name":"g2p17_15","old":true,"options":{"family":"workouts"},"result":{"intent_id":"intent","staged":30,"reconstructed":38,"skipped":8,"failed":9},"queries":124,"pid":28992}

      158 |       if (code !== 0 || !result) { reject(new Error(`worker exited ${code}: ${output}`)); return; }
      159 |       // Query shapes, outcomes, fixture identifiers and process IDs only; never parameters.
    > 160 |       console.warn('PG17_PROCESS', JSON.stringify({ name, old, options: { ...options, cursor: options.cursor ? '<cursor>' : undefined },
          |               ^
      161 |         result: result.result, failure: result.failure, queries: result.queries.length, pid: result.pid }));
      162 |       resolveDone(result);
      163 |     };

      at settleWorker (test/utils/g2-pg17-harness.ts:160:15)
      at ChildProcess.<anonymous> (test/utils/g2-pg17-harness.ts:165:51)

  console.warn
    PG17_PROCESS {"name":"g2p17_16","old":true,"options":{},"result":{"intent_id":"intent","staged":600,"reconstructed":596,"skipped":8,"failed":21},"queries":2405,"pid":29010}

      158 |       if (code !== 0 || !result) { reject(new Error(`worker exited ${code}: ${output}`)); return; }
      159 |       // Query shapes, outcomes, fixture identifiers and process IDs only; never parameters.
    > 160 |       console.warn('PG17_PROCESS', JSON.stringify({ name, old, options: { ...options, cursor: options.cursor ? '<cursor>' : undefined },
          |               ^
      161 |         result: result.result, failure: result.failure, queries: result.queries.length, pid: result.pid }));
      162 |       resolveDone(result);
      163 |     };

      at settleWorker (test/utils/g2-pg17-harness.ts:160:15)
      at ChildProcess.<anonymous> (test/utils/g2-pg17-harness.ts:165:51)

  console.warn
    PG17_PROCESS {"name":"g2p17_17","old":true,"options":{"action":"roster","family":"clients","limit":7},"result":{"intent_id":"intent","accounting":{"staged":600,"reconstructed":596,"skipped":8,"failed":21},"persons":[],"page":{"limit":7,"next_cursor":"aDAwMDIw","has_more":true}},"queries":8,"pid":29026}

      158 |       if (code !== 0 || !result) { reject(new Error(`worker exited ${code}: ${output}`)); return; }
      159 |       // Query shapes, outcomes, fixture identifiers and process IDs only; never parameters.
    > 160 |       console.warn('PG17_PROCESS', JSON.stringify({ name, old, options: { ...options, cursor: options.cursor ? '<cursor>' : undefined },
          |               ^
      161 |         result: result.result, failure: result.failure, queries: result.queries.length, pid: result.pid }));
      162 |       resolveDone(result);
      163 |     };

      at settleWorker (test/utils/g2-pg17-harness.ts:160:15)
      at ChildProcess.<anonymous> (test/utils/g2-pg17-harness.ts:165:51)

  console.warn
    PG17_PROCESS {"name":"g2p17_18","old":true,"options":{"action":"roster","family":"clients","cursor":"<cursor>","limit":7},"result":{"intent_id":"intent","accounting":{"staged":600,"reconstructed":596,"skipped":8,"failed":21},"persons":[{"id":"2c8cb484-0119-499f-b9e2-e7127b09f585","state":"InvitePending","source_platform":"truecoach","source_person_id":"s00001","display_name":"Synthetic 1","created_at":"2026-09-20T18:52:46.061Z","updated_at":"2026-09-20T18:53:00.489Z"},{"id":"162bfd1b-bc8b-47e1-a746-d287147ac5cf","state":"InvitePending","source_platform":"truecoach","source_person_id":"s00002","display_name":"Synthetic 2","created_at":"2026-09-20T18:52:46.065Z","updated_at":"2026-09-20T18:53:00.493Z"},{"id":"14dabaef-c6a9-45b8-b367-a4fc1aafbb15","state":"InvitePending","source_platform":"truecoach","source_person_id":"s00003","display_name":"Synthetic 3","created_at":"2026-09-20T18:52:46.067Z","updated_at":"2026-09-20T18:53:00.495Z"},{"id":"b15d3b3d-4f3c-46d0-bcec-efdbadc81892","state":"InvitePending","source_platform":"truecoach","source_person_id":"s00004","display_name":"Synthetic 4","created_at":"2026-09-20T18:52:46.069Z","updated_at":"2026-09-20T18:53:00.497Z"},{"id":"33dd94b1-6aa6-49a0-81c3-5e35031626f4","state":"InvitePending","source_platform":"truecoach","source_person_id":"s00005","display_name":"Synthetic 5","created_at":"2026-09-20T18:52:46.071Z","updated_at":"2026-09-20T18:53:00.499Z"},{"id":"2d4cad0d-6806-44c1-af00-62fc11cfb5f5","state":"InvitePending","source_platform":"truecoach","source_person_id":"s00006","display_name":"Synthetic 6","created_at":"2026-09-20T18:52:46.073Z","updated_at":"2026-09-20T18:53:00.501Z"}],"page":{"limit":7,"next_cursor":"czAwMDA2","has_more":true}},"queries":8,"pid":29042}

      158 |       if (code !== 0 || !result) { reject(new Error(`worker exited ${code}: ${output}`)); return; }
      159 |       // Query shapes, outcomes, fixture identifiers and process IDs only; never parameters.
    > 160 |       console.warn('PG17_PROCESS', JSON.stringify({ name, old, options: { ...options, cursor: options.cursor ? '<cursor>' : undefined },
          |               ^
      161 |         result: result.result, failure: result.failure, queries: result.queries.length, pid: result.pid }));
      162 |       resolveDone(result);
      163 |     };

      at settleWorker (test/utils/g2-pg17-harness.ts:160:15)
      at ChildProcess.<anonymous> (test/utils/g2-pg17-harness.ts:165:51)

  console.warn
    PG17_PROCESS {"name":"g2p17_19","old":true,"options":{"action":"roster","family":"clients","cursor":"<cursor>","limit":7},"result":{"intent_id":"intent","accounting":{"staged":600,"reconstructed":596,"skipped":8,"failed":21},"persons":[{"id":"10012c02-103a-490e-ac18-07ab71a069db","state":"InvitePending","source_platform":"truecoach","source_person_id":"s00007","display_name":"Synthetic 7","created_at":"2026-09-20T18:52:46.075Z","updated_at":"2026-09-20T18:53:00.502Z"},{"id":"6af520f1-b7df-4cd5-95ad-a2affeccbc2c","state":"InvitePending","source_platform":"truecoach","source_person_id":"s00008","display_name":"Synthetic 8","created_at":"2026-09-20T18:52:46.077Z","updated_at":"2026-09-20T18:53:00.504Z"},{"id":"a4c5e9ff-9271-4165-8d8b-24e0b6fc18c6","state":"InvitePending","source_platform":"truecoach","source_person_id":"s00009","display_name":"Synthetic 9","created_at":"2026-09-20T18:52:46.079Z","updated_at":"2026-09-20T18:53:00.506Z"},{"id":"88fd56fe-2a96-4c43-ac0a-06c03cc6af81","state":"InvitePending","source_platform":"truecoach","source_person_id":"s00010","display_name":"Synthetic 10","created_at":"2026-09-20T18:52:46.080Z","updated_at":"2026-09-20T18:53:00.508Z"},{"id":"9196bcc7-1aa9-45cb-9793-772b1e22fcdf","state":"InvitePending","source_platform":"truecoach","source_person_id":"s00011","display_name":"Synthetic 11","created_at":"2026-09-20T18:52:46.082Z","updated_at":"2026-09-20T18:53:00.509Z"},{"id":"5d823f3b-6831-4857-a567-5791754ada41","state":"InvitePending","source_platform":"truecoach","source_person_id":"s00012","display_name":"Synthetic 12","created_at":"2026-09-20T18:52:46.086Z","updated_at":"2026-09-20T18:53:00.513Z"},{"id":"e3683289-1eaa-49b0-b14d-d9e0ae6fa745","state":"InvitePending","source_platform":"truecoach","source_person_id":"s00013","display_name":"Synthetic 13","created_at":"2026-09-20T18:52:46.087Z","updated_at":"2026-09-20T18:53:00.514Z"}],"page":{"limit":7,"next_cursor":"czAwMDEz","has_more":true}},"queries":8,"pid":29058}

      158 |       if (code !== 0 || !result) { reject(new Error(`worker exited ${code}: ${output}`)); return; }
      159 |       // Query shapes, outcomes, fixture identifiers and process IDs only; never parameters.
    > 160 |       console.warn('PG17_PROCESS', JSON.stringify({ name, old, options: { ...options, cursor: options.cursor ? '<cursor>' : undefined },
          |               ^
      161 |         result: result.result, failure: result.failure, queries: result.queries.length, pid: result.pid }));
      162 |       resolveDone(result);
      163 |     };

      at settleWorker (test/utils/g2-pg17-harness.ts:160:15)
      at ChildProcess.<anonymous> (test/utils/g2-pg17-harness.ts:165:51)

  console.warn
    PG17_PROCESS {"name":"g2p17_20","old":true,"options":{"action":"roster","family":"clients","cursor":"<cursor>","limit":7},"result":{"intent_id":"intent","accounting":{"staged":600,"reconstructed":596,"skipped":8,"failed":21},"persons":[{"id":"8d9aafc6-a93d-4a41-be3a-331e2efcce18","state":"InvitePending","source_platform":"truecoach","source_person_id":"s00014","display_name":"Synthetic 14","created_at":"2026-09-20T18:52:46.089Z","updated_at":"2026-09-20T18:53:00.516Z"},{"id":"c260bcdd-3355-4451-a54e-159a6f7cd8d7","state":"InvitePending","source_platform":"truecoach","source_person_id":"s00015","display_name":"Synthetic 15","created_at":"2026-09-20T18:52:46.090Z","updated_at":"2026-09-20T18:53:00.517Z"},{"id":"a638da56-b8a5-49c2-8b52-da40bf78a7d4","state":"InvitePending","source_platform":"truecoach","source_person_id":"s00016","display_name":"Synthetic 16","created_at":"2026-09-20T18:52:46.092Z","updated_at":"2026-09-20T18:53:00.519Z"},{"id":"f9dceb27-b989-4baa-8ae5-cceb0735c8c0","state":"InvitePending","source_platform":"truecoach","source_person_id":"s00017","display_name":"Synthetic 17","created_at":"2026-09-20T18:52:46.094Z","updated_at":"2026-09-20T18:53:00.521Z"},{"id":"7e544b9b-447c-4a29-a14a-5fe31746ae7c","state":"InvitePending","source_platform":"truecoach","source_person_id":"s00018","display_name":"Synthetic 18","created_at":"2026-09-20T18:52:46.095Z","updated_at":"2026-09-20T18:53:00.522Z"},{"id":"4fbfcce0-9a85-42aa-9cb3-128fd1f8a702","state":"InvitePending","source_platform":"truecoach","source_person_id":"s00019","display_name":"Synthetic 19","created_at":"2026-09-20T18:52:46.097Z","updated_at":"2026-09-20T18:53:00.524Z"},{"id":"effc3d3e-b3c6-4bae-95d1-b61c2931bafe","state":"InvitePending","source_platform":"truecoach","source_person_id":"s00020","display_name":"Synthetic 20","created_at":"2026-09-20T18:52:46.098Z","updated_at":"2026-09-20T18:53:00.525Z"}],"page":{"limit":7,"next_cursor":"czAwMDIw","has_more":true}},"queries":8,"pid":29074}

      158 |       if (code !== 0 || !result) { reject(new Error(`worker exited ${code}: ${output}`)); return; }
      159 |       // Query shapes, outcomes, fixture identifiers and process IDs only; never parameters.
    > 160 |       console.warn('PG17_PROCESS', JSON.stringify({ name, old, options: { ...options, cursor: options.cursor ? '<cursor>' : undefined },
          |               ^
      161 |         result: result.result, failure: result.failure, queries: result.queries.length, pid: result.pid }));
      162 |       resolveDone(result);
      163 |     };

      at settleWorker (test/utils/g2-pg17-harness.ts:160:15)
      at ChildProcess.<anonymous> (test/utils/g2-pg17-harness.ts:165:51)

  console.warn
    PG17_PROCESS {"name":"g2p17_21","old":true,"options":{"action":"roster","family":"clients","cursor":"<cursor>","limit":7},"result":{"intent_id":"intent","accounting":{"staged":600,"reconstructed":596,"skipped":8,"failed":21},"persons":[{"id":"3c5e2e4e-e674-4075-b9d5-c07bd362d93c","state":"InvitePending","source_platform":"truecoach","source_person_id":"s00021","display_name":"Synthetic 21","created_at":"2026-09-20T18:52:46.100Z","updated_at":"2026-09-20T18:53:00.527Z"},{"id":"3e0bae3d-3e0b-4e52-9bfb-8733a3d0454d","state":"InvitePending","source_platform":"truecoach","source_person_id":"s00022","display_name":"Synthetic 22","created_at":"2026-09-20T18:52:46.102Z","updated_at":"2026-09-20T18:53:00.529Z"},{"id":"185d567d-6f9a-46aa-ab87-13f42b883809","state":"InvitePending","source_platform":"truecoach","source_person_id":"s00023","display_name":"Synthetic 23","created_at":"2026-09-20T18:52:46.104Z","updated_at":"2026-09-20T18:53:00.530Z"},{"id":"871f72ab-18fa-49ba-9e5d-f2702d5513f2","state":"InvitePending","source_platform":"truecoach","source_person_id":"s00024","display_name":"Synthetic 24","created_at":"2026-09-20T18:52:46.105Z","updated_at":"2026-09-20T18:53:00.532Z"},{"id":"08dac55c-ac42-464d-bd5d-e12a71eb3004","state":"InvitePending","source_platform":"truecoach","source_person_id":"s00025","display_name":"Synthetic 25","created_at":"2026-09-20T18:52:46.107Z","updated_at":"2026-09-20T18:53:00.533Z"},{"id":"9339d243-85bb-4f7c-82af-f347c5644195","state":"InvitePending","source_platform":"truecoach","source_person_id":"s00026","display_name":"Synthetic 26","created_at":"2026-09-20T18:52:46.108Z","updated_at":"2026-09-20T18:53:00.535Z"},{"id":"3ee229c7-99e8-4f2c-8b21-5a7b05bc8e73","state":"InvitePending","source_platform":"truecoach","source_person_id":"s00027","display_name":"Synthetic 27","created_at":"2026-09-20T18:52:46.109Z","updated_at":"2026-09-20T18:53:00.536Z"}],"page":{"limit":7,"next_cursor":"czAwMDI3","has_more":true}},"queries":8,"pid":29090}

      158 |       if (code !== 0 || !result) { reject(new Error(`worker exited ${code}: ${output}`)); return; }
      159 |       // Query shapes, outcomes, fixture identifiers and process IDs only; never parameters.
    > 160 |       console.warn('PG17_PROCESS', JSON.stringify({ name, old, options: { ...options, cursor: options.cursor ? '<cursor>' : undefined },
          |               ^
      161 |         result: result.result, failure: result.failure, queries: result.queries.length, pid: result.pid }));
      162 |       resolveDone(result);
      163 |     };

      at settleWorker (test/utils/g2-pg17-harness.ts:160:15)
      at ChildProcess.<anonymous> (test/utils/g2-pg17-harness.ts:165:51)

  console.warn
    PG17_PROCESS {"name":"g2p17_22","old":true,"options":{"action":"roster","family":"clients","cursor":"<cursor>","limit":7},"result":{"intent_id":"intent","accounting":{"staged":600,"reconstructed":596,"skipped":8,"failed":21},"persons":[{"id":"c5d313cb-6d53-4020-93ff-7de46be8f9f5","state":"InvitePending","source_platform":"truecoach","source_person_id":"s00028","display_name":"Synthetic 28","created_at":"2026-09-20T18:52:46.111Z","updated_at":"2026-09-20T18:53:00.538Z"},{"id":"0804559d-6971-4a70-9f1b-9d39291c5648","state":"InvitePending","source_platform":"truecoach","source_person_id":"s00029","display_name":"Synthetic 29","created_at":"2026-09-20T18:52:46.112Z","updated_at":"2026-09-20T18:53:00.539Z"},{"id":"a18c86ab-7280-4e1b-8c15-36c252b2c750","state":"InvitePending","source_platform":"truecoach","source_person_id":"s00030","display_name":"Synthetic 30","created_at":"2026-09-20T18:52:46.114Z","updated_at":"2026-09-20T18:53:00.541Z"},{"id":"804f661e-5c32-47ac-9539-cc651bb72b9a","state":"InvitePending","source_platform":"truecoach","source_person_id":"s00031","display_name":"Synthetic 31","created_at":"2026-09-20T18:52:46.115Z","updated_at":"2026-09-20T18:53:00.542Z"},{"id":"4335f205-cfe1-4d34-b49e-feda17330d81","state":"InvitePending","source_platform":"truecoach","source_person_id":"s00032","display_name":"Synthetic 32","created_at":"2026-09-20T18:52:46.117Z","updated_at":"2026-09-20T18:53:00.544Z"},{"id":"3ae5d2e7-9d47-4347-aefc-8b7611ce103c","state":"InvitePending","source_platform":"truecoach","source_person_id":"s00033","display_name":"Synthetic 33","created_at":"2026-09-20T18:52:46.118Z","updated_at":"2026-09-20T18:53:00.545Z"},{"id":"6531541a-38b5-46ae-aa31-c54d313201ef","state":"InvitePending","source_platform":"truecoach","source_person_id":"s00034","display_name":"Synthetic 34","created_at":"2026-09-20T18:52:46.120Z","updated_at":"2026-09-20T18:53:00.547Z"}],"page":{"limit":7,"next_cursor":"czAwMDM0","has_more":true}},"queries":8,"pid":29106}

      158 |       if (code !== 0 || !result) { reject(new Error(`worker exited ${code}: ${output}`)); return; }
      159 |       // Query shapes, outcomes, fixture identifiers and process IDs only; never parameters.
    > 160 |       console.warn('PG17_PROCESS', JSON.stringify({ name, old, options: { ...options, cursor: options.cursor ? '<cursor>' : undefined },
          |               ^
      161 |         result: result.result, failure: result.failure, queries: result.queries.length, pid: result.pid }));
      162 |       resolveDone(result);
      163 |     };

      at settleWorker (test/utils/g2-pg17-harness.ts:160:15)
      at ChildProcess.<anonymous> (test/utils/g2-pg17-harness.ts:165:51)

  console.warn
    PG17_PROCESS {"name":"g2p17_23","old":true,"options":{"action":"roster","family":"clients","cursor":"<cursor>","limit":7},"result":{"intent_id":"intent","accounting":{"staged":600,"reconstructed":596,"skipped":8,"failed":21},"persons":[{"id":"80f495f4-b51c-4e40-8321-7004ec064ab9","state":"InvitePending","source_platform":"truecoach","source_person_id":"s00035","display_name":"Synthetic 35","created_at":"2026-09-20T18:52:46.130Z","updated_at":"2026-09-20T18:53:00.548Z"},{"id":"c56244fb-9d4d-4196-8128-201ac58406f1","state":"InvitePending","source_platform":"truecoach","source_person_id":"s00036","display_name":"Synthetic 36","created_at":"2026-09-20T18:52:46.132Z","updated_at":"2026-09-20T18:53:00.558Z"},{"id":"cbe15bb6-28e8-46a8-9739-7c59a6592011","state":"InvitePending","source_platform":"truecoach","source_person_id":"s00037","display_name":"Synthetic 37","created_at":"2026-09-20T18:52:46.133Z","updated_at":"2026-09-20T18:53:00.560Z"},{"id":"326ce2b4-4d8c-4f7d-97b9-e3ec2a81ed4b","state":"InvitePending","source_platform":"truecoach","source_person_id":"s00038","display_name":"Synthetic 38","created_at":"2026-09-20T18:52:46.135Z","updated_at":"2026-09-20T18:53:00.561Z"},{"id":"7beb0068-6907-46b3-a935-16fe1c72f892","state":"InvitePending","source_platform":"truecoach","source_person_id":"s00039","display_name":"Synthetic 39","created_at":"2026-09-20T18:52:46.137Z","updated_at":"2026-09-20T18:53:00.563Z"},{"id":"0e804ee6-43b4-41dc-833c-7636de1b9f2e","state":"InvitePending","source_platform":"truecoach","source_person_id":"s00040","display_name":"Synthetic 40","created_at":"2026-09-20T18:52:46.138Z","updated_at":"2026-09-20T18:53:00.564Z"},{"id":"74f71233-469a-4efe-bdab-075d40eebe85","state":"InvitePending","source_platform":"truecoach","source_person_id":"s00041","display_name":"Synthetic 41","created_at":"2026-09-20T18:52:46.140Z","updated_at":"2026-09-20T18:53:00.566Z"}],"page":{"limit":7,"next_cursor":"czAwMDQx","has_more":true}},"queries":8,"pid":29123}

      158 |       if (code !== 0 || !result) { reject(new Error(`worker exited ${code}: ${output}`)); return; }
      159 |       // Query shapes, outcomes, fixture identifiers and process IDs only; never parameters.
    > 160 |       console.warn('PG17_PROCESS', JSON.stringify({ name, old, options: { ...options, cursor: options.cursor ? '<cursor>' : undefined },
          |               ^
      161 |         result: result.result, failure: result.failure, queries: result.queries.length, pid: result.pid }));
      162 |       resolveDone(result);
      163 |     };

      at settleWorker (test/utils/g2-pg17-harness.ts:160:15)
      at ChildProcess.<anonymous> (test/utils/g2-pg17-harness.ts:165:51)

  console.warn
    PG17_PROCESS {"name":"g2p17_24","old":true,"options":{"action":"roster","family":"clients","cursor":"<cursor>","limit":7},"result":{"intent_id":"intent","accounting":{"staged":600,"reconstructed":596,"skipped":8,"failed":21},"persons":[{"id":"3f90d378-7125-4303-99d2-e196c756d856","state":"InvitePending","source_platform":"truecoach","source_person_id":"s00042","display_name":"Synthetic 42","created_at":"2026-09-20T18:52:46.141Z","updated_at":"2026-09-20T18:53:00.567Z"},{"id":"a9a00fd9-bc58-4703-bb7d-6036da099823","state":"InvitePending","source_platform":"truecoach","source_person_id":"s00043","display_name":"Synthetic 43","created_at":"2026-09-20T18:52:46.143Z","updated_at":"2026-09-20T18:53:00.568Z"},{"id":"17794a09-2a85-4260-a655-62986d0fe06d","state":"InvitePending","source_platform":"truecoach","source_person_id":"s00044","display_name":"Synthetic 44","created_at":"2026-09-20T18:52:46.144Z","updated_at":"2026-09-20T18:53:00.570Z"},{"id":"7973c993-5cbe-4052-847b-ed5ffb0bcb39","state":"InvitePending","source_platform":"truecoach","source_person_id":"s00045","display_name":"Synthetic 45","created_at":"2026-09-20T18:52:46.146Z","updated_at":"2026-09-20T18:53:00.571Z"},{"id":"1da25ce6-0bca-4873-a3d3-90ebbdbf7ae0","state":"InvitePending","source_platform":"truecoach","source_person_id":"s00046","display_name":"Synthetic 46","created_at":"2026-09-20T18:52:46.147Z","updated_at":"2026-09-20T18:53:00.573Z"},{"id":"e77c996a-3e49-4000-9508-a3bc2a588567","state":"InvitePending","source_platform":"truecoach","source_person_id":"s00047","display_name":"Synthetic 47","created_at":"2026-09-20T18:52:46.149Z","updated_at":"2026-09-20T18:53:00.574Z"},{"id":"4e505ce6-9553-4e78-8ac4-f2d9127e5d1c","state":"InvitePending","source_platform":"truecoach","source_person_id":"s00048","display_name":"Synthetic 48","created_at":"2026-09-20T18:52:46.150Z","updated_at":"2026-09-20T18:53:00.575Z"}],"page":{"limit":7,"next_cursor":"czAwMDQ4","has_more":true}},"queries":8,"pid":29139}

      158 |       if (code !== 0 || !result) { reject(new Error(`worker exited ${code}: ${output}`)); return; }
      159 |       // Query shapes, outcomes, fixture identifiers and process IDs only; never parameters.
    > 160 |       console.warn('PG17_PROCESS', JSON.stringify({ name, old, options: { ...options, cursor: options.cursor ? '<cursor>' : undefined },
          |               ^
      161 |         result: result.result, failure: result.failure, queries: result.queries.length, pid: result.pid }));
      162 |       resolveDone(result);
      163 |     };

      at settleWorker (test/utils/g2-pg17-harness.ts:160:15)
      at ChildProcess.<anonymous> (test/utils/g2-pg17-harness.ts:165:51)

  console.warn
    PG17_PROCESS {"name":"g2p17_25","old":true,"options":{"action":"roster","family":"clients","cursor":"<cursor>","limit":7},"result":{"intent_id":"intent","accounting":{"staged":600,"reconstructed":596,"skipped":8,"failed":21},"persons":[{"id":"5dc574eb-195a-452b-a4fd-de031280808a","state":"InvitePending","source_platform":"truecoach","source_person_id":"s00049","display_name":"Synthetic 49","created_at":"2026-09-20T18:52:46.153Z","updated_at":"2026-09-20T18:53:00.578Z"},{"id":"fa4237af-7188-4102-bc03-58c465268ff1","state":"InvitePending","source_platform":"truecoach","source_person_id":"s00051","display_name":"Synthetic 51","created_at":"2026-09-20T18:52:46.165Z","updated_at":"2026-09-20T18:53:00.589Z"},{"id":"63b8602b-16de-43c5-9bd3-7ea76d2e6853","state":"InvitePending","source_platform":"truecoach","source_person_id":"s00052","display_name":"Synthetic 52","created_at":"2026-09-20T18:52:46.167Z","updated_at":"2026-09-20T18:53:00.591Z"},{"id":"a0acf410-efe5-4814-a43d-e317a6f7c8a8","state":"InvitePending","source_platform":"truecoach","source_person_id":"s00053","display_name":"Synthetic 53","created_at":"2026-09-20T18:52:46.168Z","updated_at":"2026-09-20T18:53:00.592Z"},{"id":"d2632cd3-7bdd-4c46-aa07-90d45e399f7c","state":"InvitePending","source_platform":"truecoach","source_person_id":"s00054","display_name":"Synthetic 54","created_at":"2026-09-20T18:52:46.170Z","updated_at":"2026-09-20T18:53:00.593Z"},{"id":"f0c6d356-95fc-46e0-bb46-774865650769","state":"InvitePending","source_platform":"truecoach","source_person_id":"s00055","display_name":"Synthetic 55","created_at":"2026-09-20T18:52:46.171Z","updated_at":"2026-09-20T18:53:00.595Z"},{"id":"a3cffedb-e8a8-4f13-86db-41ac899ffa65","state":"InvitePending","source_platform":"truecoach","source_person_id":"s00056","display_name":"Synthetic 56","created_at":"2026-09-20T18:52:46.173Z","updated_at":"2026-09-20T18:53:00.596Z"}],"page":{"limit":7,"next_cursor":"czAwMDU2","has_more":true}},"queries":8,"pid":29156}

      158 |       if (code !== 0 || !result) { reject(new Error(`worker exited ${code}: ${output}`)); return; }
      159 |       // Query shapes, outcomes, fixture identifiers and process IDs only; never parameters.
    > 160 |       console.warn('PG17_PROCESS', JSON.stringify({ name, old, options: { ...options, cursor: options.cursor ? '<cursor>' : undefined },
          |               ^
      161 |         result: result.result, failure: result.failure, queries: result.queries.length, pid: result.pid }));
      162 |       resolveDone(result);
      163 |     };

      at settleWorker (test/utils/g2-pg17-harness.ts:160:15)
      at ChildProcess.<anonymous> (test/utils/g2-pg17-harness.ts:165:51)

  console.warn
    PG17_PROCESS {"name":"g2p17_26","old":true,"options":{"action":"roster","family":"clients","cursor":"<cursor>","limit":7},"result":{"intent_id":"intent","accounting":{"staged":600,"reconstructed":596,"skipped":8,"failed":21},"persons":[{"id":"74abcc70-96c3-4855-bedd-0006fc825092","state":"InvitePending","source_platform":"truecoach","source_person_id":"s00057","display_name":"Synthetic 57","created_at":"2026-09-20T18:52:46.174Z","updated_at":"2026-09-20T18:53:00.598Z"},{"id":"19c7193c-11b2-471c-8bf6-9bdfecc00c47","state":"InvitePending","source_platform":"truecoach","source_person_id":"s00058","display_name":"Synthetic 58","created_at":"2026-09-20T18:52:46.176Z","updated_at":"2026-09-20T18:53:00.599Z"},{"id":"cb92cd78-fd7d-4d72-88ff-c8528819f288","state":"InvitePending","source_platform":"truecoach","source_person_id":"s00059","display_name":"Synthetic 59","created_at":"2026-09-20T18:52:46.177Z","updated_at":"2026-09-20T18:53:00.600Z"},{"id":"62795bb8-4d35-40db-a8ff-bd987fa344be","state":"InvitePending","source_platform":"truecoach","source_person_id":"s00060","display_name":"Synthetic 60","created_at":"2026-09-20T18:52:46.179Z","updated_at":"2026-09-20T18:53:00.602Z"},{"id":"89d41927-c6d4-4e21-b6fd-759398c63e23","state":"InvitePending","source_platform":"truecoach","source_person_id":"s00061","display_name":"Synthetic 61","created_at":"2026-09-20T18:52:46.180Z","updated_at":"2026-09-20T18:53:00.603Z"},{"id":"ca556f57-4120-4167-a496-af7a97ce14e8","state":"InvitePending","source_platform":"truecoach","source_person_id":"s00062","display_name":"Synthetic 62","created_at":"2026-09-20T18:52:46.182Z","updated_at":"2026-09-20T18:53:00.605Z"},{"id":"9129c3f9-e962-42d2-b061-93a84ef28508","state":"InvitePending","source_platform":"truecoach","source_person_id":"s00063","display_name":"Synthetic 63","created_at":"2026-09-20T18:52:46.183Z","updated_at":"2026-09-20T18:53:00.606Z"}],"page":{"limit":7,"next_cursor":"czAwMDYz","has_more":true}},"queries":8,"pid":29172}

      158 |       if (code !== 0 || !result) { reject(new Error(`worker exited ${code}: ${output}`)); return; }
      159 |       // Query shapes, outcomes, fixture identifiers and process IDs only; never parameters.
    > 160 |       console.warn('PG17_PROCESS', JSON.stringify({ name, old, options: { ...options, cursor: options.cursor ? '<cursor>' : undefined },
          |               ^
      161 |         result: result.result, failure: result.failure, queries: result.queries.length, pid: result.pid }));
      162 |       resolveDone(result);
      163 |     };

      at settleWorker (test/utils/g2-pg17-harness.ts:160:15)
      at ChildProcess.<anonymous> (test/utils/g2-pg17-harness.ts:165:51)

  console.warn
    PG17_PROCESS {"name":"g2p17_27","old":true,"options":{"action":"entities","family":"workouts","limit":7},"result":{"intent_id":"intent","family":"workouts","entities":[],"page_count":0,"next_cursor":"eyJjIjoiY29hY2giLCJpIjoiaW50ZW50IiwiZiI6IndvcmtvdXRzIiwibyI6InNvdXJjZV9pZDphc2MiLCJzIjoiaDAwMDIwIn0"},"queries":6,"pid":29188}

      158 |       if (code !== 0 || !result) { reject(new Error(`worker exited ${code}: ${output}`)); return; }
      159 |       // Query shapes, outcomes, fixture identifiers and process IDs only; never parameters.
    > 160 |       console.warn('PG17_PROCESS', JSON.stringify({ name, old, options: { ...options, cursor: options.cursor ? '<cursor>' : undefined },
          |               ^
      161 |         result: result.result, failure: result.failure, queries: result.queries.length, pid: result.pid }));
      162 |       resolveDone(result);
      163 |     };

      at settleWorker (test/utils/g2-pg17-harness.ts:160:15)
      at ChildProcess.<anonymous> (test/utils/g2-pg17-harness.ts:165:51)

  console.warn
    PG17_PROCESS {"name":"g2p17_28","old":true,"options":{"action":"entities","family":"workouts","cursor":"<cursor>","limit":7},"result":{"intent_id":"intent","family":"workouts","entities":[{"id":"7385a628-7643-4480-94ee-d2701b483e39","source_platform":"truecoach","entity_type":"workouts","source_id":"w00001","client_source_id":"client-1","label":"Synthetic 1","created_at":"2026-09-20T18:52:59.532Z","updated_at":"2026-09-20T18:52:59.532Z"},{"id":"bd4e93c8-5ee8-4c46-af94-2b54ce530f15","source_platform":"truecoach","entity_type":"workouts","source_id":"w00002","client_source_id":"client-2","label":"Synthetic 2","created_at":"2026-09-20T18:52:59.536Z","updated_at":"2026-09-20T18:52:59.536Z"},{"id":"8f36fec9-2414-4a08-b7ff-c87c27901984","source_platform":"truecoach","entity_type":"workouts","source_id":"w00003","client_source_id":"client-3","label":"Synthetic 3","created_at":"2026-09-20T18:52:59.538Z","updated_at":"2026-09-20T18:52:59.538Z"},{"id":"c913d9e7-e147-480d-88ec-fccb87e76bc8","source_platform":"truecoach","entity_type":"workouts","source_id":"w00004","client_source_id":"client-4","label":"Synthetic 4","created_at":"2026-09-20T18:52:59.540Z","updated_at":"2026-09-20T18:52:59.540Z"},{"id":"64869922-5932-4520-9c2c-5f87dea1eab5","source_platform":"truecoach","entity_type":"workouts","source_id":"w00005","client_source_id":"client-5","label":"Synthetic 5","created_at":"2026-09-20T18:52:59.542Z","updated_at":"2026-09-20T18:52:59.542Z"},{"id":"7cc52038-7fdb-4b62-9ab4-d01e6401ae56","source_platform":"truecoach","entity_type":"workouts","source_id":"w00006","client_source_id":"client-6","label":"Synthetic 6","created_at":"2026-09-20T18:52:59.544Z","updated_at":"2026-09-20T18:52:59.544Z"}],"page_count":6,"next_cursor":"eyJjIjoiY29hY2giLCJpIjoiaW50ZW50IiwiZiI6IndvcmtvdXRzIiwibyI6InNvdXJjZV9pZDphc2MiLCJzIjoidzAwMDA2In0"},"queries":6,"pid":29205}

      158 |       if (code !== 0 || !result) { reject(new Error(`worker exited ${code}: ${output}`)); return; }
      159 |       // Query shapes, outcomes, fixture identifiers and process IDs only; never parameters.
    > 160 |       console.warn('PG17_PROCESS', JSON.stringify({ name, old, options: { ...options, cursor: options.cursor ? '<cursor>' : undefined },
          |               ^
      161 |         result: result.result, failure: result.failure, queries: result.queries.length, pid: result.pid }));
      162 |       resolveDone(result);
      163 |     };

      at settleWorker (test/utils/g2-pg17-harness.ts:160:15)
      at ChildProcess.<anonymous> (test/utils/g2-pg17-harness.ts:165:51)

  console.warn
    PG17_PROCESS {"name":"g2p17_29","old":true,"options":{"action":"entities","family":"workouts","cursor":"<cursor>","limit":7},"result":{"intent_id":"intent","family":"workouts","entities":[{"id":"9dada664-12fa-44d0-b791-7a2e5cbc2ea0","source_platform":"truecoach","entity_type":"workouts","source_id":"w00007","client_source_id":"client-7","label":"Synthetic 7","created_at":"2026-09-20T18:52:59.546Z","updated_at":"2026-09-20T18:52:59.546Z"},{"id":"bfdbbce6-843a-40d9-9893-a3bb1bb1ef5e","source_platform":"truecoach","entity_type":"workouts","source_id":"w00008","client_source_id":"client-8","label":"Synthetic 8","created_at":"2026-09-20T18:52:59.548Z","updated_at":"2026-09-20T18:52:59.548Z"},{"id":"8b79bc01-abe6-4d0c-a98b-a6a40b048e00","source_platform":"truecoach","entity_type":"workouts","source_id":"w00009","client_source_id":"client-9","label":"Synthetic 9","created_at":"2026-09-20T18:52:59.552Z","updated_at":"2026-09-20T18:52:59.552Z"},{"id":"37e242f6-6390-4542-a625-aa1514741761","source_platform":"truecoach","entity_type":"workouts","source_id":"w00010","client_source_id":"client-10","label":"Synthetic 10","created_at":"2026-09-20T18:52:59.554Z","updated_at":"2026-09-20T18:52:59.554Z"},{"id":"f4a8b165-bbe7-4344-ac70-c7cae6842ae1","source_platform":"truecoach","entity_type":"workouts","source_id":"w00011","client_source_id":"client-11","label":"Synthetic 11","created_at":"2026-09-20T18:52:59.555Z","updated_at":"2026-09-20T18:52:59.555Z"},{"id":"aeebe808-d8b5-4c51-8b4c-7ead20cc2c20","source_platform":"truecoach","entity_type":"workouts","source_id":"w00012","client_source_id":"client-12","label":"Synthetic 12","created_at":"2026-09-20T18:52:59.559Z","updated_at":"2026-09-20T18:52:59.559Z"},{"id":"d2a5a981-ddc9-45b1-8eb2-013ae1e9e1e7","source_platform":"truecoach","entity_type":"workouts","source_id":"w00013","client_source_id":"client-13","label":"Synthetic 13","created_at":"2026-09-20T18:52:59.560Z","updated_at":"2026-09-20T18:52:59.560Z"}],"page_count":7,"next_cursor":"eyJjIjoiY29hY2giLCJpIjoiaW50ZW50IiwiZiI6IndvcmtvdXRzIiwibyI6InNvdXJjZV9pZDphc2MiLCJzIjoidzAwMDEzIn0"},"queries":6,"pid":29221}

      158 |       if (code !== 0 || !result) { reject(new Error(`worker exited ${code}: ${output}`)); return; }
      159 |       // Query shapes, outcomes, fixture identifiers and process IDs only; never parameters.
    > 160 |       console.warn('PG17_PROCESS', JSON.stringify({ name, old, options: { ...options, cursor: options.cursor ? '<cursor>' : undefined },
          |               ^
      161 |         result: result.result, failure: result.failure, queries: result.queries.length, pid: result.pid }));
      162 |       resolveDone(result);
      163 |     };

      at settleWorker (test/utils/g2-pg17-harness.ts:160:15)
      at ChildProcess.<anonymous> (test/utils/g2-pg17-harness.ts:165:51)

  console.warn
    PG17_PROCESS {"name":"g2p17_30","old":true,"options":{"action":"entities","family":"workouts","cursor":"<cursor>","limit":7},"result":{"intent_id":"intent","family":"workouts","entities":[{"id":"b418864d-4798-4c30-9e7a-4f9b426db815","source_platform":"truecoach","entity_type":"workouts","source_id":"w00014","client_source_id":"client-14","label":"Synthetic 14","created_at":"2026-09-20T18:52:59.562Z","updated_at":"2026-09-20T18:52:59.562Z"},{"id":"c9cc7706-c4b1-4044-b3d7-1b03e8c2b25e","source_platform":"truecoach","entity_type":"workouts","source_id":"w00015","client_source_id":"client-15","label":"Synthetic 15","created_at":"2026-09-20T18:52:59.564Z","updated_at":"2026-09-20T18:52:59.564Z"},{"id":"23c569e7-04fe-42d9-a8ce-4203fe6ca851","source_platform":"truecoach","entity_type":"workouts","source_id":"w00016","client_source_id":"client-16","label":"Synthetic 16","created_at":"2026-09-20T18:52:59.565Z","updated_at":"2026-09-20T18:52:59.565Z"},{"id":"21458894-bde8-4fa1-a673-ad6c68119378","source_platform":"truecoach","entity_type":"workouts","source_id":"w00017","client_source_id":"client-17","label":"Synthetic 17","created_at":"2026-09-20T18:52:59.567Z","updated_at":"2026-09-20T18:52:59.567Z"},{"id":"d1c1def7-3cc4-47d9-a8ea-acabbe4ddf03","source_platform":"truecoach","entity_type":"workouts","source_id":"w00018","client_source_id":"client-18","label":"Synthetic 18","created_at":"2026-09-20T18:52:59.568Z","updated_at":"2026-09-20T18:52:59.568Z"},{"id":"6471dde1-30ea-4ccf-97cb-06597573b7a9","source_platform":"truecoach","entity_type":"workouts","source_id":"w00019","client_source_id":"client-19","label":"Synthetic 19","created_at":"2026-09-20T18:52:59.570Z","updated_at":"2026-09-20T18:52:59.570Z"},{"id":"e628711c-57b3-4e36-9d9a-1933e11d9e0c","source_platform":"truecoach","entity_type":"workouts","source_id":"w00020","client_source_id":"client-20","label":"Synthetic 20","created_at":"2026-09-20T18:52:59.571Z","updated_at":"2026-09-20T18:52:59.571Z"}],"page_count":7,"next_cursor":"eyJjIjoiY29hY2giLCJpIjoiaW50ZW50IiwiZiI6IndvcmtvdXRzIiwibyI6InNvdXJjZV9pZDphc2MiLCJzIjoidzAwMDIwIn0"},"queries":6,"pid":29237}

      158 |       if (code !== 0 || !result) { reject(new Error(`worker exited ${code}: ${output}`)); return; }
      159 |       // Query shapes, outcomes, fixture identifiers and process IDs only; never parameters.
    > 160 |       console.warn('PG17_PROCESS', JSON.stringify({ name, old, options: { ...options, cursor: options.cursor ? '<cursor>' : undefined },
          |               ^
      161 |         result: result.result, failure: result.failure, queries: result.queries.length, pid: result.pid }));
      162 |       resolveDone(result);
      163 |     };

      at settleWorker (test/utils/g2-pg17-harness.ts:160:15)
      at ChildProcess.<anonymous> (test/utils/g2-pg17-harness.ts:165:51)

  console.warn
    PG17_PROCESS {"name":"g2p17_31","old":true,"options":{"action":"entities","family":"workouts","cursor":"<cursor>","limit":7},"result":{"intent_id":"intent","family":"workouts","entities":[{"id":"08d70e05-8add-4015-80df-8ef683a889a8","source_platform":"truecoach","entity_type":"workouts","source_id":"w00021","client_source_id":"client-21","label":"Synthetic 21","created_at":"2026-09-20T18:52:59.573Z","updated_at":"2026-09-20T18:52:59.573Z"},{"id":"9d13f2da-24d3-4791-9065-14eb0c8bfd79","source_platform":"truecoach","entity_type":"workouts","source_id":"w00022","client_source_id":"client-22","label":"Synthetic 22","created_at":"2026-09-20T18:52:59.575Z","updated_at":"2026-09-20T18:52:59.575Z"},{"id":"34d13120-bbf9-4bb9-b5da-a697409ef970","source_platform":"truecoach","entity_type":"workouts","source_id":"w00023","client_source_id":"client-23","label":"Synthetic 23","created_at":"2026-09-20T18:52:59.576Z","updated_at":"2026-09-20T18:52:59.576Z"},{"id":"8e7c7b9c-d3df-4858-99e3-bea5dd98eb24","source_platform":"truecoach","entity_type":"workouts","source_id":"w00024","client_source_id":"client-24","label":"Synthetic 24","created_at":"2026-09-20T18:52:59.578Z","updated_at":"2026-09-20T18:52:59.578Z"},{"id":"489c29fd-1522-45d3-b2c5-b975f4f0ea4c","source_platform":"truecoach","entity_type":"workouts","source_id":"w00025","client_source_id":"client-25","label":"Synthetic 25","created_at":"2026-09-20T18:52:59.579Z","updated_at":"2026-09-20T18:52:59.579Z"},{"id":"c2d1ac5d-faff-4db1-93ee-af26be72ad3a","source_platform":"truecoach","entity_type":"workouts","source_id":"w00026","client_source_id":"client-26","label":"Synthetic 26","created_at":"2026-09-20T18:52:59.581Z","updated_at":"2026-09-20T18:52:59.581Z"},{"id":"b940a1a0-5a93-4995-88a3-a25925527a66","source_platform":"truecoach","entity_type":"workouts","source_id":"w00027","client_source_id":"client-27","label":"Synthetic 27","created_at":"2026-09-20T18:52:59.582Z","updated_at":"2026-09-20T18:52:59.582Z"}],"page_count":7,"next_cursor":"eyJjIjoiY29hY2giLCJpIjoiaW50ZW50IiwiZiI6IndvcmtvdXRzIiwibyI6InNvdXJjZV9pZDphc2MiLCJzIjoidzAwMDI3In0"},"queries":6,"pid":29253}

      158 |       if (code !== 0 || !result) { reject(new Error(`worker exited ${code}: ${output}`)); return; }
      159 |       // Query shapes, outcomes, fixture identifiers and process IDs only; never parameters.
    > 160 |       console.warn('PG17_PROCESS', JSON.stringify({ name, old, options: { ...options, cursor: options.cursor ? '<cursor>' : undefined },
          |               ^
      161 |         result: result.result, failure: result.failure, queries: result.queries.length, pid: result.pid }));
      162 |       resolveDone(result);
      163 |     };

      at settleWorker (test/utils/g2-pg17-harness.ts:160:15)
      at ChildProcess.<anonymous> (test/utils/g2-pg17-harness.ts:165:51)

  console.warn
    PG17_PROCESS {"name":"g2p17_32","old":true,"options":{"action":"entities","family":"workouts","cursor":"<cursor>","limit":7},"result":{"intent_id":"intent","family":"workouts","entities":[{"id":"a71fd500-750b-4cdb-bbc4-ecca3248538e","source_platform":"truecoach","entity_type":"workouts","source_id":"w00028","client_source_id":"client-28","label":"Synthetic 28","created_at":"2026-09-20T18:52:59.584Z","updated_at":"2026-09-20T18:52:59.584Z"},{"id":"b74f683d-0467-4988-a1fc-56aa6c42daf0","source_platform":"truecoach","entity_type":"workouts","source_id":"w00029","client_source_id":"client-29","label":"Synthetic 29","created_at":"2026-09-20T18:52:59.585Z","updated_at":"2026-09-20T18:52:59.585Z"},{"id":"4d30584a-1778-4bbb-aa92-efc65ca3df32","source_platform":"truecoach","entity_type":"workouts","source_id":"w00030","client_source_id":"client-30","label":"Synthetic 30","created_at":"2026-09-20T18:52:59.587Z","updated_at":"2026-09-20T18:52:59.587Z"}],"page_count":3,"next_cursor":null},"queries":6,"pid":29269}

      158 |       if (code !== 0 || !result) { reject(new Error(`worker exited ${code}: ${output}`)); return; }
      159 |       // Query shapes, outcomes, fixture identifiers and process IDs only; never parameters.
    > 160 |       console.warn('PG17_PROCESS', JSON.stringify({ name, old, options: { ...options, cursor: options.cursor ? '<cursor>' : undefined },
          |               ^
      161 |         result: result.result, failure: result.failure, queries: result.queries.length, pid: result.pid }));
      162 |       resolveDone(result);
      163 |     };

      at settleWorker (test/utils/g2-pg17-harness.ts:160:15)
      at ChildProcess.<anonymous> (test/utils/g2-pg17-harness.ts:165:51)

  console.warn
    PG17_PROCESS {"name":"g2p17_33","old":false,"options":{},"result":{"intent_id":"intent","staged":1050,"reconstructed":1040,"skipped":0,"failed":10},"queries":8426,"pid":29566}

      158 |       if (code !== 0 || !result) { reject(new Error(`worker exited ${code}: ${output}`)); return; }
      159 |       // Query shapes, outcomes, fixture identifiers and process IDs only; never parameters.
    > 160 |       console.warn('PG17_PROCESS', JSON.stringify({ name, old, options: { ...options, cursor: options.cursor ? '<cursor>' : undefined },
          |               ^
      161 |         result: result.result, failure: result.failure, queries: result.queries.length, pid: result.pid }));
      162 |       resolveDone(result);
      163 |     };

      at settleWorker (test/utils/g2-pg17-harness.ts:160:15)
      at ChildProcess.<anonymous> (test/utils/g2-pg17-harness.ts:165:51)

  console.warn
    PG17_PROCESS {"name":"g2p17_34","old":false,"options":{},"result":{"intent_id":"intent","staged":1050,"reconstructed":1040,"skipped":0,"failed":10},"queries":8426,"pid":29592}

      158 |       if (code !== 0 || !result) { reject(new Error(`worker exited ${code}: ${output}`)); return; }
      159 |       // Query shapes, outcomes, fixture identifiers and process IDs only; never parameters.
    > 160 |       console.warn('PG17_PROCESS', JSON.stringify({ name, old, options: { ...options, cursor: options.cursor ? '<cursor>' : undefined },
          |               ^
      161 |         result: result.result, failure: result.failure, queries: result.queries.length, pid: result.pid }));
      162 |       resolveDone(result);
      163 |     };

      at settleWorker (test/utils/g2-pg17-harness.ts:160:15)
      at ChildProcess.<anonymous> (test/utils/g2-pg17-harness.ts:165:51)

  console.warn
    PG17_PROCESS {"name":"g2p17_35","old":false,"options":{},"result":{"intent_id":"intent","staged":1,"reconstructed":1,"skipped":0,"failed":0},"queries":12,"pid":29634}

      158 |       if (code !== 0 || !result) { reject(new Error(`worker exited ${code}: ${output}`)); return; }
      159 |       // Query shapes, outcomes, fixture identifiers and process IDs only; never parameters.
    > 160 |       console.warn('PG17_PROCESS', JSON.stringify({ name, old, options: { ...options, cursor: options.cursor ? '<cursor>' : undefined },
          |               ^
      161 |         result: result.result, failure: result.failure, queries: result.queries.length, pid: result.pid }));
      162 |       resolveDone(result);
      163 |     };

      at settleWorker (test/utils/g2-pg17-harness.ts:160:15)
      at ChildProcess.<anonymous> (test/utils/g2-pg17-harness.ts:165:51)

  console.warn
    PG17_PROCESS {"name":"g2p17_36","old":false,"options":{"coach":"other"},"result":{"intent_id":"intent","staged":0,"reconstructed":1,"skipped":0,"failed":0},"queries":3,"pid":29654}

      158 |       if (code !== 0 || !result) { reject(new Error(`worker exited ${code}: ${output}`)); return; }
      159 |       // Query shapes, outcomes, fixture identifiers and process IDs only; never parameters.
    > 160 |       console.warn('PG17_PROCESS', JSON.stringify({ name, old, options: { ...options, cursor: options.cursor ? '<cursor>' : undefined },
          |               ^
      161 |         result: result.result, failure: result.failure, queries: result.queries.length, pid: result.pid }));
      162 |       resolveDone(result);
      163 |     };

      at settleWorker (test/utils/g2-pg17-harness.ts:160:15)
      at ChildProcess.<anonymous> (test/utils/g2-pg17-harness.ts:165:51)

  console.warn
    PG17_PROCESS {"name":"g2p17_37","old":false,"options":{},"result":{"intent_id":"intent","staged":4,"reconstructed":2,"skipped":1,"failed":1},"queries":37,"pid":29684}

      158 |       if (code !== 0 || !result) { reject(new Error(`worker exited ${code}: ${output}`)); return; }
      159 |       // Query shapes, outcomes, fixture identifiers and process IDs only; never parameters.
    > 160 |       console.warn('PG17_PROCESS', JSON.stringify({ name, old, options: { ...options, cursor: options.cursor ? '<cursor>' : undefined },
          |               ^
      161 |         result: result.result, failure: result.failure, queries: result.queries.length, pid: result.pid }));
      162 |       resolveDone(result);
      163 |     };

      at settleWorker (test/utils/g2-pg17-harness.ts:160:15)
      at ChildProcess.<anonymous> (test/utils/g2-pg17-harness.ts:165:51)

  console.warn
    PG17_PROCESS {"name":"g2p17_38","old":false,"options":{},"result":{"intent_id":"intent","staged":4,"reconstructed":2,"skipped":1,"failed":1},"queries":37,"pid":29702}

      158 |       if (code !== 0 || !result) { reject(new Error(`worker exited ${code}: ${output}`)); return; }
      159 |       // Query shapes, outcomes, fixture identifiers and process IDs only; never parameters.
    > 160 |       console.warn('PG17_PROCESS', JSON.stringify({ name, old, options: { ...options, cursor: options.cursor ? '<cursor>' : undefined },
          |               ^
      161 |         result: result.result, failure: result.failure, queries: result.queries.length, pid: result.pid }));
      162 |       resolveDone(result);
      163 |     };

      at settleWorker (test/utils/g2-pg17-harness.ts:160:15)
      at ChildProcess.<anonymous> (test/utils/g2-pg17-harness.ts:165:51)

  console.warn
    PG17_PROCESS {"name":"g2p17_39","old":false,"options":{},"result":{"intent_id":"intent","staged":1,"reconstructed":1,"skipped":0,"failed":0},"queries":12,"pid":29728}

      158 |       if (code !== 0 || !result) { reject(new Error(`worker exited ${code}: ${output}`)); return; }
      159 |       // Query shapes, outcomes, fixture identifiers and process IDs only; never parameters.
    > 160 |       console.warn('PG17_PROCESS', JSON.stringify({ name, old, options: { ...options, cursor: options.cursor ? '<cursor>' : undefined },
          |               ^
      161 |         result: result.result, failure: result.failure, queries: result.queries.length, pid: result.pid }));
      162 |       resolveDone(result);
      163 |     };

      at settleWorker (test/utils/g2-pg17-harness.ts:160:15)
      at ChildProcess.<anonymous> (test/utils/g2-pg17-harness.ts:165:51)

  console.warn
    PG17_PROCESS {"name":"g2p17_40","old":false,"options":{"mapper":"skip"},"result":{"intent_id":"intent","staged":1,"reconstructed":0,"skipped":1,"failed":0},"queries":11,"pid":29755}

      158 |       if (code !== 0 || !result) { reject(new Error(`worker exited ${code}: ${output}`)); return; }
      159 |       // Query shapes, outcomes, fixture identifiers and process IDs only; never parameters.
    > 160 |       console.warn('PG17_PROCESS', JSON.stringify({ name, old, options: { ...options, cursor: options.cursor ? '<cursor>' : undefined },
          |               ^
      161 |         result: result.result, failure: result.failure, queries: result.queries.length, pid: result.pid }));
      162 |       resolveDone(result);
      163 |     };

      at settleWorker (test/utils/g2-pg17-harness.ts:160:15)
      at ChildProcess.<anonymous> (test/utils/g2-pg17-harness.ts:165:51)

  console.warn
    PG17_PROCESS {"name":"g2p17_41","old":false,"options":{},"result":{"intent_id":"intent","staged":1,"reconstructed":0,"skipped":0,"failed":1},"queries":14,"pid":29781}

      158 |       if (code !== 0 || !result) { reject(new Error(`worker exited ${code}: ${output}`)); return; }
      159 |       // Query shapes, outcomes, fixture identifiers and process IDs only; never parameters.
    > 160 |       console.warn('PG17_PROCESS', JSON.stringify({ name, old, options: { ...options, cursor: options.cursor ? '<cursor>' : undefined },
          |               ^
      161 |         result: result.result, failure: result.failure, queries: result.queries.length, pid: result.pid }));
      162 |       resolveDone(result);
      163 |     };

      at settleWorker (test/utils/g2-pg17-harness.ts:160:15)
      at ChildProcess.<anonymous> (test/utils/g2-pg17-harness.ts:165:51)

  console.warn
    PG17_PROCESS {"name":"g2p17_42","old":false,"options":{"family":"clients"},"failure":{"status":409,"message":"reconstruction provenance conflict"},"queries":10,"pid":29812}

      158 |       if (code !== 0 || !result) { reject(new Error(`worker exited ${code}: ${output}`)); return; }
      159 |       // Query shapes, outcomes, fixture identifiers and process IDs only; never parameters.
    > 160 |       console.warn('PG17_PROCESS', JSON.stringify({ name, old, options: { ...options, cursor: options.cursor ? '<cursor>' : undefined },
          |               ^
      161 |         result: result.result, failure: result.failure, queries: result.queries.length, pid: result.pid }));
      162 |       resolveDone(result);
      163 |     };

      at settleWorker (test/utils/g2-pg17-harness.ts:160:15)
      at ChildProcess.<anonymous> (test/utils/g2-pg17-harness.ts:165:51)

  console.warn
    PG17_PROCESS {"name":"g2p17_43","old":false,"options":{"family":"clients"},"result":{"intent_id":"intent","staged":1,"reconstructed":1,"skipped":0,"failed":0},"queries":12,"pid":29834}

      158 |       if (code !== 0 || !result) { reject(new Error(`worker exited ${code}: ${output}`)); return; }
      159 |       // Query shapes, outcomes, fixture identifiers and process IDs only; never parameters.
    > 160 |       console.warn('PG17_PROCESS', JSON.stringify({ name, old, options: { ...options, cursor: options.cursor ? '<cursor>' : undefined },
          |               ^
      161 |         result: result.result, failure: result.failure, queries: result.queries.length, pid: result.pid }));
      162 |       resolveDone(result);
      163 |     };

      at settleWorker (test/utils/g2-pg17-harness.ts:160:15)
      at ChildProcess.<anonymous> (test/utils/g2-pg17-harness.ts:165:51)

  console.warn
    PG17_PROCESS {"name":"g2p17_44","old":false,"options":{"family":"clients"},"failure":{"status":409,"message":"reconstruction provenance conflict"},"queries":10,"pid":29856}

      158 |       if (code !== 0 || !result) { reject(new Error(`worker exited ${code}: ${output}`)); return; }
      159 |       // Query shapes, outcomes, fixture identifiers and process IDs only; never parameters.
    > 160 |       console.warn('PG17_PROCESS', JSON.stringify({ name, old, options: { ...options, cursor: options.cursor ? '<cursor>' : undefined },
          |               ^
      161 |         result: result.result, failure: result.failure, queries: result.queries.length, pid: result.pid }));
      162 |       resolveDone(result);
      163 |     };

      at settleWorker (test/utils/g2-pg17-harness.ts:160:15)
      at ChildProcess.<anonymous> (test/utils/g2-pg17-harness.ts:165:51)

  console.warn
    PG17_PROCESS {"name":"g2p17_45","old":false,"options":{"family":"workouts"},"failure":{"status":409,"message":"reconstruction provenance conflict"},"queries":10,"pid":29888}

      158 |       if (code !== 0 || !result) { reject(new Error(`worker exited ${code}: ${output}`)); return; }
      159 |       // Query shapes, outcomes, fixture identifiers and process IDs only; never parameters.
    > 160 |       console.warn('PG17_PROCESS', JSON.stringify({ name, old, options: { ...options, cursor: options.cursor ? '<cursor>' : undefined },
          |               ^
      161 |         result: result.result, failure: result.failure, queries: result.queries.length, pid: result.pid }));
      162 |       resolveDone(result);
      163 |     };

      at settleWorker (test/utils/g2-pg17-harness.ts:160:15)
      at ChildProcess.<anonymous> (test/utils/g2-pg17-harness.ts:165:51)

  console.warn
    PG17_PROCESS {"name":"g2p17_46","old":false,"options":{"family":"workouts"},"result":{"intent_id":"intent","staged":1,"reconstructed":1,"skipped":0,"failed":0},"queries":12,"pid":29910}

      158 |       if (code !== 0 || !result) { reject(new Error(`worker exited ${code}: ${output}`)); return; }
      159 |       // Query shapes, outcomes, fixture identifiers and process IDs only; never parameters.
    > 160 |       console.warn('PG17_PROCESS', JSON.stringify({ name, old, options: { ...options, cursor: options.cursor ? '<cursor>' : undefined },
          |               ^
      161 |         result: result.result, failure: result.failure, queries: result.queries.length, pid: result.pid }));
      162 |       resolveDone(result);
      163 |     };

      at settleWorker (test/utils/g2-pg17-harness.ts:160:15)
      at ChildProcess.<anonymous> (test/utils/g2-pg17-harness.ts:165:51)

  console.warn
    PG17_PROCESS {"name":"g2p17_47","old":false,"options":{"family":"workouts"},"failure":{"status":409,"message":"reconstruction provenance conflict"},"queries":10,"pid":29932}

      158 |       if (code !== 0 || !result) { reject(new Error(`worker exited ${code}: ${output}`)); return; }
      159 |       // Query shapes, outcomes, fixture identifiers and process IDs only; never parameters.
    > 160 |       console.warn('PG17_PROCESS', JSON.stringify({ name, old, options: { ...options, cursor: options.cursor ? '<cursor>' : undefined },
          |               ^
      161 |         result: result.result, failure: result.failure, queries: result.queries.length, pid: result.pid }));
      162 |       resolveDone(result);
      163 |     };

      at settleWorker (test/utils/g2-pg17-harness.ts:160:15)
      at ChildProcess.<anonymous> (test/utils/g2-pg17-harness.ts:165:51)

  console.warn
    PG17_PROCESS {"name":"g2p17_48","old":false,"options":{},"failure":{"status":409,"message":"reconstruction provenance conflict"},"queries":26,"pid":29970}

      158 |       if (code !== 0 || !result) { reject(new Error(`worker exited ${code}: ${output}`)); return; }
      159 |       // Query shapes, outcomes, fixture identifiers and process IDs only; never parameters.
    > 160 |       console.warn('PG17_PROCESS', JSON.stringify({ name, old, options: { ...options, cursor: options.cursor ? '<cursor>' : undefined },
          |               ^
      161 |         result: result.result, failure: result.failure, queries: result.queries.length, pid: result.pid }));
      162 |       resolveDone(result);
      163 |     };

      at settleWorker (test/utils/g2-pg17-harness.ts:160:15)
      at ChildProcess.<anonymous> (test/utils/g2-pg17-harness.ts:165:51)

  console.warn
    PG17_PROCESS {"name":"g2p17_49","old":false,"options":{},"result":{"intent_id":"intent","staged":4,"reconstructed":4,"skipped":0,"failed":0},"queries":36,"pid":29992}

      158 |       if (code !== 0 || !result) { reject(new Error(`worker exited ${code}: ${output}`)); return; }
      159 |       // Query shapes, outcomes, fixture identifiers and process IDs only; never parameters.
    > 160 |       console.warn('PG17_PROCESS', JSON.stringify({ name, old, options: { ...options, cursor: options.cursor ? '<cursor>' : undefined },
          |               ^
      161 |         result: result.result, failure: result.failure, queries: result.queries.length, pid: result.pid }));
      162 |       resolveDone(result);
      163 |     };

      at settleWorker (test/utils/g2-pg17-harness.ts:160:15)
      at ChildProcess.<anonymous> (test/utils/g2-pg17-harness.ts:165:51)

  console.warn
    PG17_PROCESS {"name":"g2p17_50","old":false,"options":{},"result":{"intent_id":"intent","staged":1,"reconstructed":1,"skipped":0,"failed":0},"queries":12,"pid":30017}

      158 |       if (code !== 0 || !result) { reject(new Error(`worker exited ${code}: ${output}`)); return; }
      159 |       // Query shapes, outcomes, fixture identifiers and process IDs only; never parameters.
    > 160 |       console.warn('PG17_PROCESS', JSON.stringify({ name, old, options: { ...options, cursor: options.cursor ? '<cursor>' : undefined },
          |               ^
      161 |         result: result.result, failure: result.failure, queries: result.queries.length, pid: result.pid }));
      162 |       resolveDone(result);
      163 |     };

      at settleWorker (test/utils/g2-pg17-harness.ts:160:15)
      at ChildProcess.<anonymous> (test/utils/g2-pg17-harness.ts:165:51)

  console.warn
    PG17_PROCESS {"name":"g2p17_51","old":false,"options":{"mapper":"skip"},"result":{"intent_id":"intent","staged":1,"reconstructed":1,"skipped":0,"failed":0},"queries":11,"pid":30037}

      158 |       if (code !== 0 || !result) { reject(new Error(`worker exited ${code}: ${output}`)); return; }
      159 |       // Query shapes, outcomes, fixture identifiers and process IDs only; never parameters.
    > 160 |       console.warn('PG17_PROCESS', JSON.stringify({ name, old, options: { ...options, cursor: options.cursor ? '<cursor>' : undefined },
          |               ^
      161 |         result: result.result, failure: result.failure, queries: result.queries.length, pid: result.pid }));
      162 |       resolveDone(result);
      163 |     };

      at settleWorker (test/utils/g2-pg17-harness.ts:160:15)
      at ChildProcess.<anonymous> (test/utils/g2-pg17-harness.ts:165:51)

  console.warn
    PG17_PROCESS {"name":"g2p17_52","old":false,"options":{"mapper":"skip"},"failure":{"status":409,"message":"reconstruction provenance conflict"},"queries":9,"pid":30071}

      158 |       if (code !== 0 || !result) { reject(new Error(`worker exited ${code}: ${output}`)); return; }
      159 |       // Query shapes, outcomes, fixture identifiers and process IDs only; never parameters.
    > 160 |       console.warn('PG17_PROCESS', JSON.stringify({ name, old, options: { ...options, cursor: options.cursor ? '<cursor>' : undefined },
          |               ^
      161 |         result: result.result, failure: result.failure, queries: result.queries.length, pid: result.pid }));
      162 |       resolveDone(result);
      163 |     };

      at settleWorker (test/utils/g2-pg17-harness.ts:160:15)
      at ChildProcess.<anonymous> (test/utils/g2-pg17-harness.ts:165:51)

  console.warn
    PG17_PROCESS {"name":"g2p17_53","old":false,"options":{},"result":{"intent_id":"intent","staged":1,"reconstructed":1,"skipped":0,"failed":0},"queries":12,"pid":30095}

      158 |       if (code !== 0 || !result) { reject(new Error(`worker exited ${code}: ${output}`)); return; }
      159 |       // Query shapes, outcomes, fixture identifiers and process IDs only; never parameters.
    > 160 |       console.warn('PG17_PROCESS', JSON.stringify({ name, old, options: { ...options, cursor: options.cursor ? '<cursor>' : undefined },
          |               ^
      161 |         result: result.result, failure: result.failure, queries: result.queries.length, pid: result.pid }));
      162 |       resolveDone(result);
      163 |     };

      at settleWorker (test/utils/g2-pg17-harness.ts:160:15)
      at ChildProcess.<anonymous> (test/utils/g2-pg17-harness.ts:165:51)

  console.warn
    PG17_PROCESS {"name":"g2p17_54","old":false,"options":{"mapper":"throw"},"result":{"intent_id":"intent","staged":1,"reconstructed":1,"skipped":0,"failed":0},"queries":11,"pid":30115}

      158 |       if (code !== 0 || !result) { reject(new Error(`worker exited ${code}: ${output}`)); return; }
      159 |       // Query shapes, outcomes, fixture identifiers and process IDs only; never parameters.
    > 160 |       console.warn('PG17_PROCESS', JSON.stringify({ name, old, options: { ...options, cursor: options.cursor ? '<cursor>' : undefined },
          |               ^
      161 |         result: result.result, failure: result.failure, queries: result.queries.length, pid: result.pid }));
      162 |       resolveDone(result);
      163 |     };

      at settleWorker (test/utils/g2-pg17-harness.ts:160:15)
      at ChildProcess.<anonymous> (test/utils/g2-pg17-harness.ts:165:51)

  console.warn
    PG17_PROCESS {"name":"g2p17_55","old":false,"options":{"mapper":"throw"},"failure":{"status":409,"message":"reconstruction provenance conflict"},"queries":9,"pid":30138}

      158 |       if (code !== 0 || !result) { reject(new Error(`worker exited ${code}: ${output}`)); return; }
      159 |       // Query shapes, outcomes, fixture identifiers and process IDs only; never parameters.
    > 160 |       console.warn('PG17_PROCESS', JSON.stringify({ name, old, options: { ...options, cursor: options.cursor ? '<cursor>' : undefined },
          |               ^
      161 |         result: result.result, failure: result.failure, queries: result.queries.length, pid: result.pid }));
      162 |       resolveDone(result);
      163 |     };

      at settleWorker (test/utils/g2-pg17-harness.ts:160:15)
      at ChildProcess.<anonymous> (test/utils/g2-pg17-harness.ts:165:51)

  console.warn
    PG17_PROCESS {"name":"g2p17_56","old":false,"options":{},"result":{"intent_id":"intent","staged":1,"reconstructed":1,"skipped":0,"failed":0},"queries":12,"pid":30162}

      158 |       if (code !== 0 || !result) { reject(new Error(`worker exited ${code}: ${output}`)); return; }
      159 |       // Query shapes, outcomes, fixture identifiers and process IDs only; never parameters.
    > 160 |       console.warn('PG17_PROCESS', JSON.stringify({ name, old, options: { ...options, cursor: options.cursor ? '<cursor>' : undefined },
          |               ^
      161 |         result: result.result, failure: result.failure, queries: result.queries.length, pid: result.pid }));
      162 |       resolveDone(result);
      163 |     };

      at settleWorker (test/utils/g2-pg17-harness.ts:160:15)
      at ChildProcess.<anonymous> (test/utils/g2-pg17-harness.ts:165:51)

  console.warn
    PG17_PROCESS {"name":"g2p17_57","old":false,"options":{},"result":{"intent_id":"intent","staged":1,"reconstructed":1,"skipped":0,"failed":0},"queries":14,"pid":30184}

      158 |       if (code !== 0 || !result) { reject(new Error(`worker exited ${code}: ${output}`)); return; }
      159 |       // Query shapes, outcomes, fixture identifiers and process IDs only; never parameters.
    > 160 |       console.warn('PG17_PROCESS', JSON.stringify({ name, old, options: { ...options, cursor: options.cursor ? '<cursor>' : undefined },
          |               ^
      161 |         result: result.result, failure: result.failure, queries: result.queries.length, pid: result.pid }));
      162 |       resolveDone(result);
      163 |     };

      at settleWorker (test/utils/g2-pg17-harness.ts:160:15)
      at ChildProcess.<anonymous> (test/utils/g2-pg17-harness.ts:165:51)

  console.warn
    PG17_PROCESS {"name":"g2p17_58","old":false,"options":{},"failure":{"status":409,"message":"reconstruction provenance conflict"},"queries":12,"pid":30216}

      158 |       if (code !== 0 || !result) { reject(new Error(`worker exited ${code}: ${output}`)); return; }
      159 |       // Query shapes, outcomes, fixture identifiers and process IDs only; never parameters.
    > 160 |       console.warn('PG17_PROCESS', JSON.stringify({ name, old, options: { ...options, cursor: options.cursor ? '<cursor>' : undefined },
          |               ^
      161 |         result: result.result, failure: result.failure, queries: result.queries.length, pid: result.pid }));
      162 |       resolveDone(result);
      163 |     };

      at settleWorker (test/utils/g2-pg17-harness.ts:160:15)
      at ChildProcess.<anonymous> (test/utils/g2-pg17-harness.ts:165:51)

  console.warn
    PG17_PROCESS {"name":"g2p17_59","old":false,"options":{},"failure":{"status":409,"message":"reconstruction provenance conflict"},"queries":3,"pid":30240}

      158 |       if (code !== 0 || !result) { reject(new Error(`worker exited ${code}: ${output}`)); return; }
      159 |       // Query shapes, outcomes, fixture identifiers and process IDs only; never parameters.
    > 160 |       console.warn('PG17_PROCESS', JSON.stringify({ name, old, options: { ...options, cursor: options.cursor ? '<cursor>' : undefined },
          |               ^
      161 |         result: result.result, failure: result.failure, queries: result.queries.length, pid: result.pid }));
      162 |       resolveDone(result);
      163 |     };

      at settleWorker (test/utils/g2-pg17-harness.ts:160:15)
      at ChildProcess.<anonymous> (test/utils/g2-pg17-harness.ts:165:51)

  console.warn
    PG17_PROCESS {"name":"g2p17_60","old":false,"options":{},"result":{"intent_id":"intent","staged":1,"reconstructed":1,"skipped":0,"failed":0},"queries":12,"pid":30264}

      158 |       if (code !== 0 || !result) { reject(new Error(`worker exited ${code}: ${output}`)); return; }
      159 |       // Query shapes, outcomes, fixture identifiers and process IDs only; never parameters.
    > 160 |       console.warn('PG17_PROCESS', JSON.stringify({ name, old, options: { ...options, cursor: options.cursor ? '<cursor>' : undefined },
          |               ^
      161 |         result: result.result, failure: result.failure, queries: result.queries.length, pid: result.pid }));
      162 |       resolveDone(result);
      163 |     };

      at settleWorker (test/utils/g2-pg17-harness.ts:160:15)
      at ChildProcess.<anonymous> (test/utils/g2-pg17-harness.ts:165:51)

  console.warn
    PG17_PROCESS {"name":"g2p17_61","old":false,"options":{},"failure":{"status":409,"message":"reconstruction provenance conflict"},"queries":3,"pid":30286}

      158 |       if (code !== 0 || !result) { reject(new Error(`worker exited ${code}: ${output}`)); return; }
      159 |       // Query shapes, outcomes, fixture identifiers and process IDs only; never parameters.
    > 160 |       console.warn('PG17_PROCESS', JSON.stringify({ name, old, options: { ...options, cursor: options.cursor ? '<cursor>' : undefined },
          |               ^
      161 |         result: result.result, failure: result.failure, queries: result.queries.length, pid: result.pid }));
      162 |       resolveDone(result);
      163 |     };

      at settleWorker (test/utils/g2-pg17-harness.ts:160:15)
      at ChildProcess.<anonymous> (test/utils/g2-pg17-harness.ts:165:51)

  console.warn
    PG17_PROCESS {"name":"g2p17_62","old":false,"options":{},"failure":{"status":409,"message":"reconstruction provenance conflict"},"queries":3,"pid":30311}

      158 |       if (code !== 0 || !result) { reject(new Error(`worker exited ${code}: ${output}`)); return; }
      159 |       // Query shapes, outcomes, fixture identifiers and process IDs only; never parameters.
    > 160 |       console.warn('PG17_PROCESS', JSON.stringify({ name, old, options: { ...options, cursor: options.cursor ? '<cursor>' : undefined },
          |               ^
      161 |         result: result.result, failure: result.failure, queries: result.queries.length, pid: result.pid }));
      162 |       resolveDone(result);
      163 |     };

      at settleWorker (test/utils/g2-pg17-harness.ts:160:15)
      at ChildProcess.<anonymous> (test/utils/g2-pg17-harness.ts:165:51)

  console.warn
    PG17_PROCESS {"name":"g2p17_63","old":false,"options":{},"failure":{"status":409,"message":"reconstruction provenance conflict"},"queries":3,"pid":30333}

      158 |       if (code !== 0 || !result) { reject(new Error(`worker exited ${code}: ${output}`)); return; }
      159 |       // Query shapes, outcomes, fixture identifiers and process IDs only; never parameters.
    > 160 |       console.warn('PG17_PROCESS', JSON.stringify({ name, old, options: { ...options, cursor: options.cursor ? '<cursor>' : undefined },
          |               ^
      161 |         result: result.result, failure: result.failure, queries: result.queries.length, pid: result.pid }));
      162 |       resolveDone(result);
      163 |     };

      at settleWorker (test/utils/g2-pg17-harness.ts:160:15)
      at ChildProcess.<anonymous> (test/utils/g2-pg17-harness.ts:165:51)

  console.warn
    PG17_PROCESS {"name":"g2p17_64","old":false,"options":{},"failure":{"status":409,"message":"reconstruction provenance conflict"},"queries":3,"pid":30355}

      158 |       if (code !== 0 || !result) { reject(new Error(`worker exited ${code}: ${output}`)); return; }
      159 |       // Query shapes, outcomes, fixture identifiers and process IDs only; never parameters.
    > 160 |       console.warn('PG17_PROCESS', JSON.stringify({ name, old, options: { ...options, cursor: options.cursor ? '<cursor>' : undefined },
          |               ^
      161 |         result: result.result, failure: result.failure, queries: result.queries.length, pid: result.pid }));
      162 |       resolveDone(result);
      163 |     };

      at settleWorker (test/utils/g2-pg17-harness.ts:160:15)
      at ChildProcess.<anonymous> (test/utils/g2-pg17-harness.ts:165:51)

  console.warn
    PG17_PROCESS {"name":"g2p17_65","old":false,"options":{},"failure":{"status":409,"message":"reconstruction provenance conflict"},"queries":3,"pid":30377}

      158 |       if (code !== 0 || !result) { reject(new Error(`worker exited ${code}: ${output}`)); return; }
      159 |       // Query shapes, outcomes, fixture identifiers and process IDs only; never parameters.
    > 160 |       console.warn('PG17_PROCESS', JSON.stringify({ name, old, options: { ...options, cursor: options.cursor ? '<cursor>' : undefined },
          |               ^
      161 |         result: result.result, failure: result.failure, queries: result.queries.length, pid: result.pid }));
      162 |       resolveDone(result);
      163 |     };

      at settleWorker (test/utils/g2-pg17-harness.ts:160:15)
      at ChildProcess.<anonymous> (test/utils/g2-pg17-harness.ts:165:51)

  console.warn
    PG17_PROCESS {"name":"g2p17_66","old":false,"options":{},"result":{"intent_id":"intent","staged":1,"reconstructed":1,"skipped":0,"failed":0},"queries":12,"pid":30409}

      158 |       if (code !== 0 || !result) { reject(new Error(`worker exited ${code}: ${output}`)); return; }
      159 |       // Query shapes, outcomes, fixture identifiers and process IDs only; never parameters.
    > 160 |       console.warn('PG17_PROCESS', JSON.stringify({ name, old, options: { ...options, cursor: options.cursor ? '<cursor>' : undefined },
          |               ^
      161 |         result: result.result, failure: result.failure, queries: result.queries.length, pid: result.pid }));
      162 |       resolveDone(result);
      163 |     };

      at settleWorker (test/utils/g2-pg17-harness.ts:160:15)
      at ChildProcess.<anonymous> (test/utils/g2-pg17-harness.ts:165:51)

  console.warn
    PG17_PROCESS {"name":"g2p17_67","old":false,"options":{"intent":"i2"},"result":{"intent_id":"i2","staged":1,"reconstructed":1,"skipped":0,"failed":0},"queries":12,"pid":30438}

      158 |       if (code !== 0 || !result) { reject(new Error(`worker exited ${code}: ${output}`)); return; }
      159 |       // Query shapes, outcomes, fixture identifiers and process IDs only; never parameters.
    > 160 |       console.warn('PG17_PROCESS', JSON.stringify({ name, old, options: { ...options, cursor: options.cursor ? '<cursor>' : undefined },
          |               ^
      161 |         result: result.result, failure: result.failure, queries: result.queries.length, pid: result.pid }));
      162 |       resolveDone(result);
      163 |     };

      at settleWorker (test/utils/g2-pg17-harness.ts:160:15)
      at ChildProcess.<anonymous> (test/utils/g2-pg17-harness.ts:165:51)

  console.warn
    PG17_PROCESS {"name":"g2p17_68","old":false,"options":{"intent":"i3"},"result":{"intent_id":"i3","staged":1,"reconstructed":1,"skipped":0,"failed":0},"queries":12,"pid":30454}

      158 |       if (code !== 0 || !result) { reject(new Error(`worker exited ${code}: ${output}`)); return; }
      159 |       // Query shapes, outcomes, fixture identifiers and process IDs only; never parameters.
    > 160 |       console.warn('PG17_PROCESS', JSON.stringify({ name, old, options: { ...options, cursor: options.cursor ? '<cursor>' : undefined },
          |               ^
      161 |         result: result.result, failure: result.failure, queries: result.queries.length, pid: result.pid }));
      162 |       resolveDone(result);
      163 |     };

      at settleWorker (test/utils/g2-pg17-harness.ts:160:15)
      at ChildProcess.<anonymous> (test/utils/g2-pg17-harness.ts:165:51)

  console.warn
    PG17_PROCESS {"name":"g2p17_69","old":false,"options":{"coach":"other"},"result":{"intent_id":"intent","staged":1,"reconstructed":1,"skipped":0,"failed":0},"queries":12,"pid":30486}

      158 |       if (code !== 0 || !result) { reject(new Error(`worker exited ${code}: ${output}`)); return; }
      159 |       // Query shapes, outcomes, fixture identifiers and process IDs only; never parameters.
    > 160 |       console.warn('PG17_PROCESS', JSON.stringify({ name, old, options: { ...options, cursor: options.cursor ? '<cursor>' : undefined },
          |               ^
      161 |         result: result.result, failure: result.failure, queries: result.queries.length, pid: result.pid }));
      162 |       resolveDone(result);
      163 |     };

      at settleWorker (test/utils/g2-pg17-harness.ts:160:15)
      at ChildProcess.<anonymous> (test/utils/g2-pg17-harness.ts:165:51)

  console.warn
    PG17_PROCESS {"name":"g2p17_70","old":false,"options":{},"result":{"intent_id":"intent","staged":1,"reconstructed":1,"skipped":0,"failed":0},"queries":12,"pid":30514}

      158 |       if (code !== 0 || !result) { reject(new Error(`worker exited ${code}: ${output}`)); return; }
      159 |       // Query shapes, outcomes, fixture identifiers and process IDs only; never parameters.
    > 160 |       console.warn('PG17_PROCESS', JSON.stringify({ name, old, options: { ...options, cursor: options.cursor ? '<cursor>' : undefined },
          |               ^
      161 |         result: result.result, failure: result.failure, queries: result.queries.length, pid: result.pid }));
      162 |       resolveDone(result);
      163 |     };

      at settleWorker (test/utils/g2-pg17-harness.ts:160:15)
      at ChildProcess.<anonymous> (test/utils/g2-pg17-harness.ts:165:51)

  console.warn
    PG17_PROCESS {"name":"g2p17_71","old":false,"options":{},"result":{"intent_id":"intent","staged":1,"reconstructed":1,"skipped":0,"failed":0},"queries":12,"pid":30541}

      158 |       if (code !== 0 || !result) { reject(new Error(`worker exited ${code}: ${output}`)); return; }
      159 |       // Query shapes, outcomes, fixture identifiers and process IDs only; never parameters.
    > 160 |       console.warn('PG17_PROCESS', JSON.stringify({ name, old, options: { ...options, cursor: options.cursor ? '<cursor>' : undefined },
          |               ^
      161 |         result: result.result, failure: result.failure, queries: result.queries.length, pid: result.pid }));
      162 |       resolveDone(result);
      163 |     };

      at settleWorker (test/utils/g2-pg17-harness.ts:160:15)
      at ChildProcess.<anonymous> (test/utils/g2-pg17-harness.ts:165:51)

  console.warn
    PG17_PROCESS {"name":"g2p17_72","old":true,"options":{},"result":{"intent_id":"intent","staged":1,"reconstructed":0,"skipped":0,"failed":1},"queries":8,"pid":30562}

      158 |       if (code !== 0 || !result) { reject(new Error(`worker exited ${code}: ${output}`)); return; }
      159 |       // Query shapes, outcomes, fixture identifiers and process IDs only; never parameters.
    > 160 |       console.warn('PG17_PROCESS', JSON.stringify({ name, old, options: { ...options, cursor: options.cursor ? '<cursor>' : undefined },
          |               ^
      161 |         result: result.result, failure: result.failure, queries: result.queries.length, pid: result.pid }));
      162 |       resolveDone(result);
      163 |     };

      at settleWorker (test/utils/g2-pg17-harness.ts:160:15)
      at ChildProcess.<anonymous> (test/utils/g2-pg17-harness.ts:165:51)

  console.warn
    PG17_PROCESS {"name":"g2p17_73","old":true,"options":{},"result":{"intent_id":"intent","staged":2,"reconstructed":1,"skipped":0,"failed":1},"queries":12,"pid":30584}

      158 |       if (code !== 0 || !result) { reject(new Error(`worker exited ${code}: ${output}`)); return; }
      159 |       // Query shapes, outcomes, fixture identifiers and process IDs only; never parameters.
    > 160 |       console.warn('PG17_PROCESS', JSON.stringify({ name, old, options: { ...options, cursor: options.cursor ? '<cursor>' : undefined },
          |               ^
      161 |         result: result.result, failure: result.failure, queries: result.queries.length, pid: result.pid }));
      162 |       resolveDone(result);
      163 |     };

      at settleWorker (test/utils/g2-pg17-harness.ts:160:15)
      at ChildProcess.<anonymous> (test/utils/g2-pg17-harness.ts:165:51)

  console.warn
    PG17_PROCESS {"name":"g2p17_74","old":false,"options":{},"result":{"intent_id":"intent","staged":2,"reconstructed":2,"skipped":0,"failed":0},"queries":20,"pid":30604}

      158 |       if (code !== 0 || !result) { reject(new Error(`worker exited ${code}: ${output}`)); return; }
      159 |       // Query shapes, outcomes, fixture identifiers and process IDs only; never parameters.
    > 160 |       console.warn('PG17_PROCESS', JSON.stringify({ name, old, options: { ...options, cursor: options.cursor ? '<cursor>' : undefined },
          |               ^
      161 |         result: result.result, failure: result.failure, queries: result.queries.length, pid: result.pid }));
      162 |       resolveDone(result);
      163 |     };

      at settleWorker (test/utils/g2-pg17-harness.ts:160:15)
      at ChildProcess.<anonymous> (test/utils/g2-pg17-harness.ts:165:51)

  console.warn
    PG17_BLOCKED {"name":"g2p17_76","rows":[{"type":"Lock","wait":"transactionid"}]}

      179 |     const rows = jsonAdmin(`SELECT COALESCE(jsonb_agg(jsonb_build_object('wait',wait_event,'type',wait_event_type)),'[]')
      180 |       FROM pg_stat_activity WHERE application_name=${quote(name)} AND wait_event_type='Lock'`);
    > 181 |     if (rows.length > 0) { console.warn('PG17_BLOCKED', JSON.stringify({ name, rows })); return; }
          |                                    ^
      182 |     await new Promise((r) => setTimeout(r, 25));
      183 |   }
      184 |   throw new Error('expected observed PostgreSQL lock wait');

      at blocked (test/utils/g2-pg17-harness.ts:181:36)
      at test/rls-g2-pg17-etq0.spec.ts:493:7

  console.warn
    PG17_PROCESS {"name":"g2p17_75","old":false,"options":{"pause":"before-ledger"},"result":{"intent_id":"intent","staged":1,"reconstructed":1,"skipped":0,"failed":0},"queries":12,"pid":30697}

      158 |       if (code !== 0 || !result) { reject(new Error(`worker exited ${code}: ${output}`)); return; }
      159 |       // Query shapes, outcomes, fixture identifiers and process IDs only; never parameters.
    > 160 |       console.warn('PG17_PROCESS', JSON.stringify({ name, old, options: { ...options, cursor: options.cursor ? '<cursor>' : undefined },
          |               ^
      161 |         result: result.result, failure: result.failure, queries: result.queries.length, pid: result.pid }));
      162 |       resolveDone(result);
      163 |     };

      at settleWorker (test/utils/g2-pg17-harness.ts:160:15)
      at ChildProcess.<anonymous> (test/utils/g2-pg17-harness.ts:165:51)

  console.warn
    PG17_PROCESS {"name":"g2p17_76","old":false,"options":{},"result":{"intent_id":"intent","staged":1,"reconstructed":1,"skipped":0,"failed":0},"queries":12,"pid":30714}

      158 |       if (code !== 0 || !result) { reject(new Error(`worker exited ${code}: ${output}`)); return; }
      159 |       // Query shapes, outcomes, fixture identifiers and process IDs only; never parameters.
    > 160 |       console.warn('PG17_PROCESS', JSON.stringify({ name, old, options: { ...options, cursor: options.cursor ? '<cursor>' : undefined },
          |               ^
      161 |         result: result.result, failure: result.failure, queries: result.queries.length, pid: result.pid }));
      162 |       resolveDone(result);
      163 |     };

      at settleWorker (test/utils/g2-pg17-harness.ts:160:15)
      at ChildProcess.<anonymous> (test/utils/g2-pg17-harness.ts:165:51)

  console.warn
    PG17_BLOCKED {"name":"g2p17_78","rows":[{"type":"Lock","wait":"transactionid"}]}

      179 |     const rows = jsonAdmin(`SELECT COALESCE(jsonb_agg(jsonb_build_object('wait',wait_event,'type',wait_event_type)),'[]')
      180 |       FROM pg_stat_activity WHERE application_name=${quote(name)} AND wait_event_type='Lock'`);
    > 181 |     if (rows.length > 0) { console.warn('PG17_BLOCKED', JSON.stringify({ name, rows })); return; }
          |                                    ^
      182 |     await new Promise((r) => setTimeout(r, 25));
      183 |   }
      184 |   throw new Error('expected observed PostgreSQL lock wait');

      at blocked (test/utils/g2-pg17-harness.ts:181:36)
      at test/rls-g2-pg17-etq0.spec.ts:493:7

  console.warn
    PG17_PROCESS {"name":"g2p17_77","old":true,"options":{"pause":"before-ledger"},"result":{"intent_id":"intent","staged":1,"reconstructed":1,"skipped":0,"failed":0},"queries":8,"pid":30770}

      158 |       if (code !== 0 || !result) { reject(new Error(`worker exited ${code}: ${output}`)); return; }
      159 |       // Query shapes, outcomes, fixture identifiers and process IDs only; never parameters.
    > 160 |       console.warn('PG17_PROCESS', JSON.stringify({ name, old, options: { ...options, cursor: options.cursor ? '<cursor>' : undefined },
          |               ^
      161 |         result: result.result, failure: result.failure, queries: result.queries.length, pid: result.pid }));
      162 |       resolveDone(result);
      163 |     };

      at settleWorker (test/utils/g2-pg17-harness.ts:160:15)
      at ChildProcess.<anonymous> (test/utils/g2-pg17-harness.ts:165:51)

  console.warn
    PG17_PROCESS {"name":"g2p17_78","old":false,"options":{},"result":{"intent_id":"intent","staged":1,"reconstructed":1,"skipped":0,"failed":0},"queries":12,"pid":30786}

      158 |       if (code !== 0 || !result) { reject(new Error(`worker exited ${code}: ${output}`)); return; }
      159 |       // Query shapes, outcomes, fixture identifiers and process IDs only; never parameters.
    > 160 |       console.warn('PG17_PROCESS', JSON.stringify({ name, old, options: { ...options, cursor: options.cursor ? '<cursor>' : undefined },
          |               ^
      161 |         result: result.result, failure: result.failure, queries: result.queries.length, pid: result.pid }));
      162 |       resolveDone(result);
      163 |     };

      at settleWorker (test/utils/g2-pg17-harness.ts:160:15)
      at ChildProcess.<anonymous> (test/utils/g2-pg17-harness.ts:165:51)

  console.warn
    PG17_BLOCKED {"name":"g2p17_79","rows":[{"type":"Lock","wait":"advisory"}]}

      179 |     const rows = jsonAdmin(`SELECT COALESCE(jsonb_agg(jsonb_build_object('wait',wait_event,'type',wait_event_type)),'[]')
      180 |       FROM pg_stat_activity WHERE application_name=${quote(name)} AND wait_event_type='Lock'`);
    > 181 |     if (rows.length > 0) { console.warn('PG17_BLOCKED', JSON.stringify({ name, rows })); return; }
          |                                    ^
      182 |     await new Promise((r) => setTimeout(r, 25));
      183 |   }
      184 |   throw new Error('expected observed PostgreSQL lock wait');

      at blocked (test/utils/g2-pg17-harness.ts:181:36)
      at Object.<anonymous> (test/rls-g2-pg17-etq0.spec.ts:514:7)

  console.warn
    PG17_BLOCKED {"name":"g2p17_80","rows":[{"type":"Lock","wait":"advisory"}]}

      179 |     const rows = jsonAdmin(`SELECT COALESCE(jsonb_agg(jsonb_build_object('wait',wait_event,'type',wait_event_type)),'[]')
      180 |       FROM pg_stat_activity WHERE application_name=${quote(name)} AND wait_event_type='Lock'`);
    > 181 |     if (rows.length > 0) { console.warn('PG17_BLOCKED', JSON.stringify({ name, rows })); return; }
          |                                    ^
      182 |     await new Promise((r) => setTimeout(r, 25));
      183 |   }
      184 |   throw new Error('expected observed PostgreSQL lock wait');

      at blocked (test/utils/g2-pg17-harness.ts:181:36)
      at Object.<anonymous> (test/rls-g2-pg17-etq0.spec.ts:515:20)

  console.warn
    PG17_PROCESS {"name":"g2p17_79","old":false,"options":{},"result":{"intent_id":"intent","staged":1,"reconstructed":0,"skipped":1,"failed":0},"queries":11,"pid":30848}

      158 |       if (code !== 0 || !result) { reject(new Error(`worker exited ${code}: ${output}`)); return; }
      159 |       // Query shapes, outcomes, fixture identifiers and process IDs only; never parameters.
    > 160 |       console.warn('PG17_PROCESS', JSON.stringify({ name, old, options: { ...options, cursor: options.cursor ? '<cursor>' : undefined },
          |               ^
      161 |         result: result.result, failure: result.failure, queries: result.queries.length, pid: result.pid }));
      162 |       resolveDone(result);
      163 |     };

      at settleWorker (test/utils/g2-pg17-harness.ts:160:15)
      at ChildProcess.<anonymous> (test/utils/g2-pg17-harness.ts:165:51)

  console.warn
    PG17_PROCESS {"name":"g2p17_80","old":false,"options":{},"result":{"intent_id":"intent","staged":1,"reconstructed":0,"skipped":1,"failed":0},"queries":15,"pid":30849}

      158 |       if (code !== 0 || !result) { reject(new Error(`worker exited ${code}: ${output}`)); return; }
      159 |       // Query shapes, outcomes, fixture identifiers and process IDs only; never parameters.
    > 160 |       console.warn('PG17_PROCESS', JSON.stringify({ name, old, options: { ...options, cursor: options.cursor ? '<cursor>' : undefined },
          |               ^
      161 |         result: result.result, failure: result.failure, queries: result.queries.length, pid: result.pid }));
      162 |       resolveDone(result);
      163 |     };

      at settleWorker (test/utils/g2-pg17-harness.ts:160:15)
      at ChildProcess.<anonymous> (test/utils/g2-pg17-harness.ts:165:51)

  console.warn
    PG17_PROCESS {"name":"g2p17_81","old":false,"options":{"mapper":"skip"},"result":{"intent_id":"intent","staged":1,"reconstructed":0,"skipped":1,"failed":0},"queries":15,"pid":30922}

      158 |       if (code !== 0 || !result) { reject(new Error(`worker exited ${code}: ${output}`)); return; }
      159 |       // Query shapes, outcomes, fixture identifiers and process IDs only; never parameters.
    > 160 |       console.warn('PG17_PROCESS', JSON.stringify({ name, old, options: { ...options, cursor: options.cursor ? '<cursor>' : undefined },
          |               ^
      161 |         result: result.result, failure: result.failure, queries: result.queries.length, pid: result.pid }));
      162 |       resolveDone(result);
      163 |     };

      at settleWorker (test/utils/g2-pg17-harness.ts:160:15)
      at ChildProcess.<anonymous> (test/utils/g2-pg17-harness.ts:165:51)

  console.warn
    PG17_PROCESS {"name":"g2p17_82","old":false,"options":{"mapper":"throw"},"result":{"intent_id":"intent","staged":1,"reconstructed":0,"skipped":0,"failed":1},"queries":15,"pid":30954}

      158 |       if (code !== 0 || !result) { reject(new Error(`worker exited ${code}: ${output}`)); return; }
      159 |       // Query shapes, outcomes, fixture identifiers and process IDs only; never parameters.
    > 160 |       console.warn('PG17_PROCESS', JSON.stringify({ name, old, options: { ...options, cursor: options.cursor ? '<cursor>' : undefined },
          |               ^
      161 |         result: result.result, failure: result.failure, queries: result.queries.length, pid: result.pid }));
      162 |       resolveDone(result);
      163 |     };

      at settleWorker (test/utils/g2-pg17-harness.ts:160:15)
      at ChildProcess.<anonymous> (test/utils/g2-pg17-harness.ts:165:51)

  console.warn
    PG17_PROCESS {"name":"g2p17_83","old":false,"options":{},"result":{"intent_id":"intent","staged":1,"reconstructed":1,"skipped":0,"failed":0},"queries":17,"pid":30984}

      158 |       if (code !== 0 || !result) { reject(new Error(`worker exited ${code}: ${output}`)); return; }
      159 |       // Query shapes, outcomes, fixture identifiers and process IDs only; never parameters.
    > 160 |       console.warn('PG17_PROCESS', JSON.stringify({ name, old, options: { ...options, cursor: options.cursor ? '<cursor>' : undefined },
          |               ^
      161 |         result: result.result, failure: result.failure, queries: result.queries.length, pid: result.pid }));
      162 |       resolveDone(result);
      163 |     };

      at settleWorker (test/utils/g2-pg17-harness.ts:160:15)
      at ChildProcess.<anonymous> (test/utils/g2-pg17-harness.ts:165:51)

  console.warn
    PG17_PROCESS {"name":"g2p17_84","old":false,"options":{},"failure":{"status":500,"message":"Internal server error","code":"P2034"},"queries":11,"pid":31014}

      158 |       if (code !== 0 || !result) { reject(new Error(`worker exited ${code}: ${output}`)); return; }
      159 |       // Query shapes, outcomes, fixture identifiers and process IDs only; never parameters.
    > 160 |       console.warn('PG17_PROCESS', JSON.stringify({ name, old, options: { ...options, cursor: options.cursor ? '<cursor>' : undefined },
          |               ^
      161 |         result: result.result, failure: result.failure, queries: result.queries.length, pid: result.pid }));
      162 |       resolveDone(result);
      163 |     };

      at settleWorker (test/utils/g2-pg17-harness.ts:160:15)
      at ChildProcess.<anonymous> (test/utils/g2-pg17-harness.ts:165:51)

  console.warn
    PG17_BLOCKED {"name":"g2p17_86","rows":[{"type":"Lock","wait":"transactionid"}]}

      179 |     const rows = jsonAdmin(`SELECT COALESCE(jsonb_agg(jsonb_build_object('wait',wait_event,'type',wait_event_type)),'[]')
      180 |       FROM pg_stat_activity WHERE application_name=${quote(name)} AND wait_event_type='Lock'`);
    > 181 |     if (rows.length > 0) { console.warn('PG17_BLOCKED', JSON.stringify({ name, rows })); return; }
          |                                    ^
      182 |     await new Promise((r) => setTimeout(r, 25));
      183 |   }
      184 |   throw new Error('expected observed PostgreSQL lock wait');

      at blocked (test/utils/g2-pg17-harness.ts:181:36)
      at test/rls-g2-pg17-etq0.spec.ts:575:7

  console.warn
    PG17_PROCESS {"name":"g2p17_85","old":false,"options":{"pause":"claimed"},"result":{"intent_id":"intent","staged":1,"reconstructed":1,"skipped":0,"failed":0},"queries":12,"pid":31043}

      158 |       if (code !== 0 || !result) { reject(new Error(`worker exited ${code}: ${output}`)); return; }
      159 |       // Query shapes, outcomes, fixture identifiers and process IDs only; never parameters.
    > 160 |       console.warn('PG17_PROCESS', JSON.stringify({ name, old, options: { ...options, cursor: options.cursor ? '<cursor>' : undefined },
          |               ^
      161 |         result: result.result, failure: result.failure, queries: result.queries.length, pid: result.pid }));
      162 |       resolveDone(result);
      163 |     };

      at settleWorker (test/utils/g2-pg17-harness.ts:160:15)
      at ChildProcess.<anonymous> (test/utils/g2-pg17-harness.ts:165:51)

  console.warn
    PG17_PROCESS {"name":"g2p17_86","old":false,"options":{},"result":{"intent_id":"intent","staged":1,"reconstructed":1,"skipped":0,"failed":0},"queries":18,"pid":31081}

      158 |       if (code !== 0 || !result) { reject(new Error(`worker exited ${code}: ${output}`)); return; }
      159 |       // Query shapes, outcomes, fixture identifiers and process IDs only; never parameters.
    > 160 |       console.warn('PG17_PROCESS', JSON.stringify({ name, old, options: { ...options, cursor: options.cursor ? '<cursor>' : undefined },
          |               ^
      161 |         result: result.result, failure: result.failure, queries: result.queries.length, pid: result.pid }));
      162 |       resolveDone(result);
      163 |     };

      at settleWorker (test/utils/g2-pg17-harness.ts:160:15)
      at ChildProcess.<anonymous> (test/utils/g2-pg17-harness.ts:165:51)

  console.warn
    PG17_BLOCKED {"name":"g2p17_88","rows":[{"type":"Lock","wait":"transactionid"}]}

      179 |     const rows = jsonAdmin(`SELECT COALESCE(jsonb_agg(jsonb_build_object('wait',wait_event,'type',wait_event_type)),'[]')
      180 |       FROM pg_stat_activity WHERE application_name=${quote(name)} AND wait_event_type='Lock'`);
    > 181 |     if (rows.length > 0) { console.warn('PG17_BLOCKED', JSON.stringify({ name, rows })); return; }
          |                                    ^
      182 |     await new Promise((r) => setTimeout(r, 25));
      183 |   }
      184 |   throw new Error('expected observed PostgreSQL lock wait');

      at blocked (test/utils/g2-pg17-harness.ts:181:36)
      at test/rls-g2-pg17-etq0.spec.ts:575:7

  console.warn
    PG17_PROCESS {"name":"g2p17_87","old":false,"options":{"pause":"claimed"},"result":{"intent_id":"intent","staged":1,"reconstructed":1,"skipped":0,"failed":0},"queries":12,"pid":31141}

      158 |       if (code !== 0 || !result) { reject(new Error(`worker exited ${code}: ${output}`)); return; }
      159 |       // Query shapes, outcomes, fixture identifiers and process IDs only; never parameters.
    > 160 |       console.warn('PG17_PROCESS', JSON.stringify({ name, old, options: { ...options, cursor: options.cursor ? '<cursor>' : undefined },
          |               ^
      161 |         result: result.result, failure: result.failure, queries: result.queries.length, pid: result.pid }));
      162 |       resolveDone(result);
      163 |     };

      at settleWorker (test/utils/g2-pg17-harness.ts:160:15)
      at ChildProcess.<anonymous> (test/utils/g2-pg17-harness.ts:165:51)

  console.warn
    PG17_PROCESS {"name":"g2p17_88","old":true,"options":{},"result":{"intent_id":"intent","staged":1,"reconstructed":0,"skipped":0,"failed":1},"queries":8,"pid":31159}

      158 |       if (code !== 0 || !result) { reject(new Error(`worker exited ${code}: ${output}`)); return; }
      159 |       // Query shapes, outcomes, fixture identifiers and process IDs only; never parameters.
    > 160 |       console.warn('PG17_PROCESS', JSON.stringify({ name, old, options: { ...options, cursor: options.cursor ? '<cursor>' : undefined },
          |               ^
      161 |         result: result.result, failure: result.failure, queries: result.queries.length, pid: result.pid }));
      162 |       resolveDone(result);
      163 |     };

      at settleWorker (test/utils/g2-pg17-harness.ts:160:15)
      at ChildProcess.<anonymous> (test/utils/g2-pg17-harness.ts:165:51)

  console.warn
    PG17_BLOCKED {"name":"g2p17_90","rows":[{"type":"Lock","wait":"transactionid"}]}

      179 |     const rows = jsonAdmin(`SELECT COALESCE(jsonb_agg(jsonb_build_object('wait',wait_event,'type',wait_event_type)),'[]')
      180 |       FROM pg_stat_activity WHERE application_name=${quote(name)} AND wait_event_type='Lock'`);
    > 181 |     if (rows.length > 0) { console.warn('PG17_BLOCKED', JSON.stringify({ name, rows })); return; }
          |                                    ^
      182 |     await new Promise((r) => setTimeout(r, 25));
      183 |   }
      184 |   throw new Error('expected observed PostgreSQL lock wait');

      at blocked (test/utils/g2-pg17-harness.ts:181:36)
      at test/rls-g2-pg17-etq0.spec.ts:591:7

  console.warn
    PG17_PROCESS {"name":"g2p17_89","old":false,"options":{"pause":"claimed"},"result":{"intent_id":"intent","staged":1,"reconstructed":1,"skipped":0,"failed":0},"queries":12,"pid":31217}

      158 |       if (code !== 0 || !result) { reject(new Error(`worker exited ${code}: ${output}`)); return; }
      159 |       // Query shapes, outcomes, fixture identifiers and process IDs only; never parameters.
    > 160 |       console.warn('PG17_PROCESS', JSON.stringify({ name, old, options: { ...options, cursor: options.cursor ? '<cursor>' : undefined },
          |               ^
      161 |         result: result.result, failure: result.failure, queries: result.queries.length, pid: result.pid }));
      162 |       resolveDone(result);
      163 |     };

      at settleWorker (test/utils/g2-pg17-harness.ts:160:15)
      at ChildProcess.<anonymous> (test/utils/g2-pg17-harness.ts:165:51)

  console.warn
    PG17_PROCESS {"name":"g2p17_90","old":false,"options":{"mapper":"skip"},"result":{"intent_id":"intent","staged":1,"reconstructed":1,"skipped":0,"failed":0},"queries":15,"pid":31233}

      158 |       if (code !== 0 || !result) { reject(new Error(`worker exited ${code}: ${output}`)); return; }
      159 |       // Query shapes, outcomes, fixture identifiers and process IDs only; never parameters.
    > 160 |       console.warn('PG17_PROCESS', JSON.stringify({ name, old, options: { ...options, cursor: options.cursor ? '<cursor>' : undefined },
          |               ^
      161 |         result: result.result, failure: result.failure, queries: result.queries.length, pid: result.pid }));
      162 |       resolveDone(result);
      163 |     };

      at settleWorker (test/utils/g2-pg17-harness.ts:160:15)
      at ChildProcess.<anonymous> (test/utils/g2-pg17-harness.ts:165:51)

  console.warn
    PG17_BLOCKED {"name":"g2p17_92","rows":[{"type":"Lock","wait":"transactionid"}]}

      179 |     const rows = jsonAdmin(`SELECT COALESCE(jsonb_agg(jsonb_build_object('wait',wait_event,'type',wait_event_type)),'[]')
      180 |       FROM pg_stat_activity WHERE application_name=${quote(name)} AND wait_event_type='Lock'`);
    > 181 |     if (rows.length > 0) { console.warn('PG17_BLOCKED', JSON.stringify({ name, rows })); return; }
          |                                    ^
      182 |     await new Promise((r) => setTimeout(r, 25));
      183 |   }
      184 |   throw new Error('expected observed PostgreSQL lock wait');

      at blocked (test/utils/g2-pg17-harness.ts:181:36)
      at test/rls-g2-pg17-etq0.spec.ts:591:7

  console.warn
    PG17_PROCESS {"name":"g2p17_92","old":true,"options":{"mapper":"skip"},"result":{"intent_id":"intent","staged":1,"reconstructed":0,"skipped":1,"failed":0},"queries":5,"pid":31320}

      158 |       if (code !== 0 || !result) { reject(new Error(`worker exited ${code}: ${output}`)); return; }
      159 |       // Query shapes, outcomes, fixture identifiers and process IDs only; never parameters.
    > 160 |       console.warn('PG17_PROCESS', JSON.stringify({ name, old, options: { ...options, cursor: options.cursor ? '<cursor>' : undefined },
          |               ^
      161 |         result: result.result, failure: result.failure, queries: result.queries.length, pid: result.pid }));
      162 |       resolveDone(result);
      163 |     };

      at settleWorker (test/utils/g2-pg17-harness.ts:160:15)
      at ChildProcess.<anonymous> (test/utils/g2-pg17-harness.ts:165:51)

  console.warn
    PG17_PROCESS {"name":"g2p17_91","old":false,"options":{"pause":"claimed"},"result":{"intent_id":"intent","staged":1,"reconstructed":0,"skipped":1,"failed":0},"queries":12,"pid":31288}

      158 |       if (code !== 0 || !result) { reject(new Error(`worker exited ${code}: ${output}`)); return; }
      159 |       // Query shapes, outcomes, fixture identifiers and process IDs only; never parameters.
    > 160 |       console.warn('PG17_PROCESS', JSON.stringify({ name, old, options: { ...options, cursor: options.cursor ? '<cursor>' : undefined },
          |               ^
      161 |         result: result.result, failure: result.failure, queries: result.queries.length, pid: result.pid }));
      162 |       resolveDone(result);
      163 |     };

      at settleWorker (test/utils/g2-pg17-harness.ts:160:15)
      at ChildProcess.<anonymous> (test/utils/g2-pg17-harness.ts:165:51)

  console.warn
    PG17_PROCESS {"name":"g2p17_94","old":false,"options":{"mapper":"skip"},"result":{"intent_id":"intent","staged":1,"reconstructed":0,"skipped":1,"failed":0},"queries":11,"pid":31392}

      158 |       if (code !== 0 || !result) { reject(new Error(`worker exited ${code}: ${output}`)); return; }
      159 |       // Query shapes, outcomes, fixture identifiers and process IDs only; never parameters.
    > 160 |       console.warn('PG17_PROCESS', JSON.stringify({ name, old, options: { ...options, cursor: options.cursor ? '<cursor>' : undefined },
          |               ^
      161 |         result: result.result, failure: result.failure, queries: result.queries.length, pid: result.pid }));
      162 |       resolveDone(result);
      163 |     };

      at settleWorker (test/utils/g2-pg17-harness.ts:160:15)
      at ChildProcess.<anonymous> (test/utils/g2-pg17-harness.ts:165:51)

  console.warn
    PG17_PROCESS {"name":"g2p17_93","old":false,"options":{"pause":"before-ledger"},"result":{"intent_id":"intent","staged":1,"reconstructed":1,"skipped":0,"failed":0},"queries":12,"pid":31376}

      158 |       if (code !== 0 || !result) { reject(new Error(`worker exited ${code}: ${output}`)); return; }
      159 |       // Query shapes, outcomes, fixture identifiers and process IDs only; never parameters.
    > 160 |       console.warn('PG17_PROCESS', JSON.stringify({ name, old, options: { ...options, cursor: options.cursor ? '<cursor>' : undefined },
          |               ^
      161 |         result: result.result, failure: result.failure, queries: result.queries.length, pid: result.pid }));
      162 |       resolveDone(result);
      163 |     };

      at settleWorker (test/utils/g2-pg17-harness.ts:160:15)
      at ChildProcess.<anonymous> (test/utils/g2-pg17-harness.ts:165:51)

  console.warn
    PG17_PROCESS {"name":"g2p17_96","old":false,"options":{"mapper":"throw"},"result":{"intent_id":"intent","staged":1,"reconstructed":0,"skipped":0,"failed":1},"queries":11,"pid":31434}

      158 |       if (code !== 0 || !result) { reject(new Error(`worker exited ${code}: ${output}`)); return; }
      159 |       // Query shapes, outcomes, fixture identifiers and process IDs only; never parameters.
    > 160 |       console.warn('PG17_PROCESS', JSON.stringify({ name, old, options: { ...options, cursor: options.cursor ? '<cursor>' : undefined },
          |               ^
      161 |         result: result.result, failure: result.failure, queries: result.queries.length, pid: result.pid }));
      162 |       resolveDone(result);
      163 |     };

      at settleWorker (test/utils/g2-pg17-harness.ts:160:15)
      at ChildProcess.<anonymous> (test/utils/g2-pg17-harness.ts:165:51)

  console.warn
    PG17_PROCESS {"name":"g2p17_95","old":false,"options":{"pause":"before-ledger"},"result":{"intent_id":"intent","staged":1,"reconstructed":1,"skipped":0,"failed":0},"queries":12,"pid":31418}

      158 |       if (code !== 0 || !result) { reject(new Error(`worker exited ${code}: ${output}`)); return; }
      159 |       // Query shapes, outcomes, fixture identifiers and process IDs only; never parameters.
    > 160 |       console.warn('PG17_PROCESS', JSON.stringify({ name, old, options: { ...options, cursor: options.cursor ? '<cursor>' : undefined },
          |               ^
      161 |         result: result.result, failure: result.failure, queries: result.queries.length, pid: result.pid }));
      162 |       resolveDone(result);
      163 |     };

      at settleWorker (test/utils/g2-pg17-harness.ts:160:15)
      at ChildProcess.<anonymous> (test/utils/g2-pg17-harness.ts:165:51)

  console.warn
    PG17_BLOCKED {"name":"g2p17_98","rows":[{"type":"Lock","wait":"transactionid"}]}

      179 |     const rows = jsonAdmin(`SELECT COALESCE(jsonb_agg(jsonb_build_object('wait',wait_event,'type',wait_event_type)),'[]')
      180 |       FROM pg_stat_activity WHERE application_name=${quote(name)} AND wait_event_type='Lock'`);
    > 181 |     if (rows.length > 0) { console.warn('PG17_BLOCKED', JSON.stringify({ name, rows })); return; }
          |                                    ^
      182 |     await new Promise((r) => setTimeout(r, 25));
      183 |   }
      184 |   throw new Error('expected observed PostgreSQL lock wait');

      at blocked (test/utils/g2-pg17-harness.ts:181:36)
      at Object.<anonymous> (test/rls-g2-pg17-etq0.spec.ts:620:7)

  console.warn
    PG17_PROCESS {"name":"g2p17_97","old":false,"options":{"pause":"claimed"},"result":{"intent_id":"intent","staged":1,"reconstructed":1,"skipped":0,"failed":0},"queries":12,"pid":31462}

      158 |       if (code !== 0 || !result) { reject(new Error(`worker exited ${code}: ${output}`)); return; }
      159 |       // Query shapes, outcomes, fixture identifiers and process IDs only; never parameters.
    > 160 |       console.warn('PG17_PROCESS', JSON.stringify({ name, old, options: { ...options, cursor: options.cursor ? '<cursor>' : undefined },
          |               ^
      161 |         result: result.result, failure: result.failure, queries: result.queries.length, pid: result.pid }));
      162 |       resolveDone(result);
      163 |     };

      at settleWorker (test/utils/g2-pg17-harness.ts:160:15)
      at ChildProcess.<anonymous> (test/utils/g2-pg17-harness.ts:165:51)

  console.warn
    PG17_PROCESS {"name":"g2p17_98","old":false,"options":{},"failure":{"status":409,"message":"reconstruction provenance conflict"},"queries":10,"pid":31480}

      158 |       if (code !== 0 || !result) { reject(new Error(`worker exited ${code}: ${output}`)); return; }
      159 |       // Query shapes, outcomes, fixture identifiers and process IDs only; never parameters.
    > 160 |       console.warn('PG17_PROCESS', JSON.stringify({ name, old, options: { ...options, cursor: options.cursor ? '<cursor>' : undefined },
          |               ^
      161 |         result: result.result, failure: result.failure, queries: result.queries.length, pid: result.pid }));
      162 |       resolveDone(result);
      163 |     };

      at settleWorker (test/utils/g2-pg17-harness.ts:160:15)
      at ChildProcess.<anonymous> (test/utils/g2-pg17-harness.ts:165:51)

  console.warn
    PG17_PROCESS {"name":"g2p17_99","old":false,"options":{"family":"clients"},"result":{"intent_id":"intent","staged":3,"reconstructed":3,"skipped":0,"failed":0},"queries":28,"pid":31538}

      158 |       if (code !== 0 || !result) { reject(new Error(`worker exited ${code}: ${output}`)); return; }
      159 |       // Query shapes, outcomes, fixture identifiers and process IDs only; never parameters.
    > 160 |       console.warn('PG17_PROCESS', JSON.stringify({ name, old, options: { ...options, cursor: options.cursor ? '<cursor>' : undefined },
          |               ^
      161 |         result: result.result, failure: result.failure, queries: result.queries.length, pid: result.pid }));
      162 |       resolveDone(result);
      163 |     };

      at settleWorker (test/utils/g2-pg17-harness.ts:160:15)
      at ChildProcess.<anonymous> (test/utils/g2-pg17-harness.ts:165:51)

  console.warn
    PG17_PROCESS {"name":"g2p17_100","old":false,"options":{"action":"roster","family":"clients"},"result":{"intent_id":"intent","accounting":{"staged":3,"reconstructed":3,"skipped":0,"failed":0},"persons":[{"id":"e6f6f800-94f8-4b44-8e40-d3fa13e376fe","state":"InvitePending","source_platform":"truecoach","source_person_id":"a","display_name":"Synthetic A","created_at":"2026-09-20T18:54:36.970Z","updated_at":"2026-09-20T18:54:36.970Z"}],"page":{"limit":1,"next_cursor":"YQ","has_more":true}},"queries":8,"pid":31559}

      158 |       if (code !== 0 || !result) { reject(new Error(`worker exited ${code}: ${output}`)); return; }
      159 |       // Query shapes, outcomes, fixture identifiers and process IDs only; never parameters.
    > 160 |       console.warn('PG17_PROCESS', JSON.stringify({ name, old, options: { ...options, cursor: options.cursor ? '<cursor>' : undefined },
          |               ^
      161 |         result: result.result, failure: result.failure, queries: result.queries.length, pid: result.pid }));
      162 |       resolveDone(result);
      163 |     };

      at settleWorker (test/utils/g2-pg17-harness.ts:160:15)
      at ChildProcess.<anonymous> (test/utils/g2-pg17-harness.ts:165:51)

  console.warn
    PG17_PROCESS {"name":"g2p17_101","old":false,"options":{"action":"roster","family":"clients","cursor":"<cursor>"},"result":{"intent_id":"intent","accounting":{"staged":3,"reconstructed":3,"skipped":0,"failed":0},"persons":[{"id":"eb781af7-1bde-407c-a9b3-18c965fa86c4","state":"InvitePending","source_platform":"truecoach","source_person_id":"b","display_name":"Synthetic A","created_at":"2026-09-20T18:54:36.975Z","updated_at":"2026-09-20T18:54:36.975Z"}],"page":{"limit":1,"next_cursor":"Yg","has_more":true}},"queries":8,"pid":31589}

      158 |       if (code !== 0 || !result) { reject(new Error(`worker exited ${code}: ${output}`)); return; }
      159 |       // Query shapes, outcomes, fixture identifiers and process IDs only; never parameters.
    > 160 |       console.warn('PG17_PROCESS', JSON.stringify({ name, old, options: { ...options, cursor: options.cursor ? '<cursor>' : undefined },
          |               ^
      161 |         result: result.result, failure: result.failure, queries: result.queries.length, pid: result.pid }));
      162 |       resolveDone(result);
      163 |     };

      at settleWorker (test/utils/g2-pg17-harness.ts:160:15)
      at ChildProcess.<anonymous> (test/utils/g2-pg17-harness.ts:165:51)

  console.warn
    PG17_PROCESS {"name":"g2p17_102","old":false,"options":{"action":"roster","family":"clients","cursor":"<cursor>"},"result":{"intent_id":"intent","accounting":{"staged":3,"reconstructed":3,"skipped":0,"failed":0},"persons":[{"id":"e71e04f2-74d5-4de9-9d22-d099268d27ab","state":"InvitePending","source_platform":"truecoach","source_person_id":"c","display_name":"Synthetic A","created_at":"2026-09-20T18:54:36.979Z","updated_at":"2026-09-20T18:54:36.979Z"}],"page":{"limit":1,"next_cursor":null,"has_more":false}},"queries":8,"pid":31606}

      158 |       if (code !== 0 || !result) { reject(new Error(`worker exited ${code}: ${output}`)); return; }
      159 |       // Query shapes, outcomes, fixture identifiers and process IDs only; never parameters.
    > 160 |       console.warn('PG17_PROCESS', JSON.stringify({ name, old, options: { ...options, cursor: options.cursor ? '<cursor>' : undefined },
          |               ^
      161 |         result: result.result, failure: result.failure, queries: result.queries.length, pid: result.pid }));
      162 |       resolveDone(result);
      163 |     };

      at settleWorker (test/utils/g2-pg17-harness.ts:160:15)
      at ChildProcess.<anonymous> (test/utils/g2-pg17-harness.ts:165:51)

  console.warn
    PG17_PROCESS {"name":"g2p17_103","old":false,"options":{"action":"roster","family":"clients","cursor":"<cursor>"},"result":{"intent_id":"intent","accounting":{"staged":3,"reconstructed":3,"skipped":0,"failed":0},"persons":[{"id":"eb781af7-1bde-407c-a9b3-18c965fa86c4","state":"InvitePending","source_platform":"truecoach","source_person_id":"b","display_name":"Synthetic A","created_at":"2026-09-20T18:54:36.975Z","updated_at":"2026-09-20T18:54:36.975Z"}],"page":{"limit":1,"next_cursor":"Yg","has_more":true}},"queries":8,"pid":31622}

      158 |       if (code !== 0 || !result) { reject(new Error(`worker exited ${code}: ${output}`)); return; }
      159 |       // Query shapes, outcomes, fixture identifiers and process IDs only; never parameters.
    > 160 |       console.warn('PG17_PROCESS', JSON.stringify({ name, old, options: { ...options, cursor: options.cursor ? '<cursor>' : undefined },
          |               ^
      161 |         result: result.result, failure: result.failure, queries: result.queries.length, pid: result.pid }));
      162 |       resolveDone(result);
      163 |     };

      at settleWorker (test/utils/g2-pg17-harness.ts:160:15)
      at ChildProcess.<anonymous> (test/utils/g2-pg17-harness.ts:165:51)

  console.warn
    PG17_PROCESS {"name":"g2p17_104","old":false,"options":{"action":"roster","family":"clients","coach":"foreign"},"failure":{"status":404,"message":"Not Found"},"queries":4,"pid":31638}

      158 |       if (code !== 0 || !result) { reject(new Error(`worker exited ${code}: ${output}`)); return; }
      159 |       // Query shapes, outcomes, fixture identifiers and process IDs only; never parameters.
    > 160 |       console.warn('PG17_PROCESS', JSON.stringify({ name, old, options: { ...options, cursor: options.cursor ? '<cursor>' : undefined },
          |               ^
      161 |         result: result.result, failure: result.failure, queries: result.queries.length, pid: result.pid }));
      162 |       resolveDone(result);
      163 |     };

      at settleWorker (test/utils/g2-pg17-harness.ts:160:15)
      at ChildProcess.<anonymous> (test/utils/g2-pg17-harness.ts:165:51)

  console.warn
    PG17_PROCESS {"name":"g2p17_105","old":false,"options":{"action":"roster","family":"clients","cursor":"<cursor>"},"failure":{"status":400,"message":"malformed cursor"},"queries":0,"pid":31654}

      158 |       if (code !== 0 || !result) { reject(new Error(`worker exited ${code}: ${output}`)); return; }
      159 |       // Query shapes, outcomes, fixture identifiers and process IDs only; never parameters.
    > 160 |       console.warn('PG17_PROCESS', JSON.stringify({ name, old, options: { ...options, cursor: options.cursor ? '<cursor>' : undefined },
          |               ^
      161 |         result: result.result, failure: result.failure, queries: result.queries.length, pid: result.pid }));
      162 |       resolveDone(result);
      163 |     };

      at settleWorker (test/utils/g2-pg17-harness.ts:160:15)
      at ChildProcess.<anonymous> (test/utils/g2-pg17-harness.ts:165:51)

  console.warn
    PG17_PROCESS {"name":"g2p17_106","old":false,"options":{"action":"roster","family":"clients","cursor":"<cursor>","limit":200},"result":{"intent_id":"intent","accounting":{"staged":3,"reconstructed":3,"skipped":0,"failed":0},"persons":[{"id":"eb781af7-1bde-407c-a9b3-18c965fa86c4","state":"InvitePending","source_platform":"truecoach","source_person_id":"b","display_name":"Synthetic A","created_at":"2026-09-20T18:54:36.975Z","updated_at":"2026-09-20T18:54:36.975Z"},{"id":"e71e04f2-74d5-4de9-9d22-d099268d27ab","state":"InvitePending","source_platform":"truecoach","source_person_id":"c","display_name":"Synthetic A","created_at":"2026-09-20T18:54:36.979Z","updated_at":"2026-09-20T18:54:36.979Z"}],"page":{"limit":200,"next_cursor":null,"has_more":false}},"queries":8,"pid":31669}

      158 |       if (code !== 0 || !result) { reject(new Error(`worker exited ${code}: ${output}`)); return; }
      159 |       // Query shapes, outcomes, fixture identifiers and process IDs only; never parameters.
    > 160 |       console.warn('PG17_PROCESS', JSON.stringify({ name, old, options: { ...options, cursor: options.cursor ? '<cursor>' : undefined },
          |               ^
      161 |         result: result.result, failure: result.failure, queries: result.queries.length, pid: result.pid }));
      162 |       resolveDone(result);
      163 |     };

      at settleWorker (test/utils/g2-pg17-harness.ts:160:15)
      at ChildProcess.<anonymous> (test/utils/g2-pg17-harness.ts:165:51)

  console.warn
    PG17_PROCESS {"name":"g2p17_107","old":false,"options":{"action":"roster","family":"clients","cursor":"<cursor>","limit":2},"result":{"intent_id":"intent","accounting":{"staged":3,"reconstructed":3,"skipped":0,"failed":0},"persons":[],"page":{"limit":2,"next_cursor":null,"has_more":false}},"queries":8,"pid":31687}

      158 |       if (code !== 0 || !result) { reject(new Error(`worker exited ${code}: ${output}`)); return; }
      159 |       // Query shapes, outcomes, fixture identifiers and process IDs only; never parameters.
    > 160 |       console.warn('PG17_PROCESS', JSON.stringify({ name, old, options: { ...options, cursor: options.cursor ? '<cursor>' : undefined },
          |               ^
      161 |         result: result.result, failure: result.failure, queries: result.queries.length, pid: result.pid }));
      162 |       resolveDone(result);
      163 |     };

      at settleWorker (test/utils/g2-pg17-harness.ts:160:15)
      at ChildProcess.<anonymous> (test/utils/g2-pg17-harness.ts:165:51)

  console.warn
    PG17_PROCESS {"name":"g2p17_108","old":false,"options":{"action":"roster","family":"clients","limit":200},"result":{"intent_id":"intent","accounting":{"staged":3,"reconstructed":3,"skipped":0,"failed":0},"persons":[],"page":{"limit":200,"next_cursor":null,"has_more":false}},"queries":8,"pid":31705}

      158 |       if (code !== 0 || !result) { reject(new Error(`worker exited ${code}: ${output}`)); return; }
      159 |       // Query shapes, outcomes, fixture identifiers and process IDs only; never parameters.
    > 160 |       console.warn('PG17_PROCESS', JSON.stringify({ name, old, options: { ...options, cursor: options.cursor ? '<cursor>' : undefined },
          |               ^
      161 |         result: result.result, failure: result.failure, queries: result.queries.length, pid: result.pid }));
      162 |       resolveDone(result);
      163 |     };

      at settleWorker (test/utils/g2-pg17-harness.ts:160:15)
      at ChildProcess.<anonymous> (test/utils/g2-pg17-harness.ts:165:51)

  console.warn
    PG17_PROCESS {"name":"g2p17_109","old":false,"options":{"family":"workouts"},"result":{"intent_id":"intent","staged":3,"reconstructed":3,"skipped":0,"failed":0},"queries":28,"pid":31751}

      158 |       if (code !== 0 || !result) { reject(new Error(`worker exited ${code}: ${output}`)); return; }
      159 |       // Query shapes, outcomes, fixture identifiers and process IDs only; never parameters.
    > 160 |       console.warn('PG17_PROCESS', JSON.stringify({ name, old, options: { ...options, cursor: options.cursor ? '<cursor>' : undefined },
          |               ^
      161 |         result: result.result, failure: result.failure, queries: result.queries.length, pid: result.pid }));
      162 |       resolveDone(result);
      163 |     };

      at settleWorker (test/utils/g2-pg17-harness.ts:160:15)
      at ChildProcess.<anonymous> (test/utils/g2-pg17-harness.ts:165:51)

  console.warn
    PG17_PROCESS {"name":"g2p17_110","old":false,"options":{"action":"entities","family":"workouts"},"result":{"intent_id":"intent","family":"workouts","entities":[{"id":"7c8027c8-2ffb-4366-9bb5-34e0a9f7293f","source_platform":"truecoach","entity_type":"workouts","source_id":"a","client_source_id":"client-new","label":"Synthetic A","created_at":"2026-09-20T18:54:45.809Z","updated_at":"2026-09-20T18:54:45.809Z"}],"page_count":1,"next_cursor":"eyJjIjoiY29hY2giLCJpIjoiaW50ZW50IiwiZiI6IndvcmtvdXRzIiwibyI6InNvdXJjZV9pZDphc2MiLCJzIjoiYSJ9"},"queries":6,"pid":31771}

      158 |       if (code !== 0 || !result) { reject(new Error(`worker exited ${code}: ${output}`)); return; }
      159 |       // Query shapes, outcomes, fixture identifiers and process IDs only; never parameters.
    > 160 |       console.warn('PG17_PROCESS', JSON.stringify({ name, old, options: { ...options, cursor: options.cursor ? '<cursor>' : undefined },
          |               ^
      161 |         result: result.result, failure: result.failure, queries: result.queries.length, pid: result.pid }));
      162 |       resolveDone(result);
      163 |     };

      at settleWorker (test/utils/g2-pg17-harness.ts:160:15)
      at ChildProcess.<anonymous> (test/utils/g2-pg17-harness.ts:165:51)

  console.warn
    PG17_PROCESS {"name":"g2p17_111","old":false,"options":{"action":"entities","family":"workouts","cursor":"<cursor>"},"result":{"intent_id":"intent","family":"workouts","entities":[{"id":"9e3ae295-6e04-4c9c-b5a2-f4159abd516a","source_platform":"truecoach","entity_type":"workouts","source_id":"b","client_source_id":"client-new","label":"Synthetic A","created_at":"2026-09-20T18:54:45.816Z","updated_at":"2026-09-20T18:54:45.816Z"}],"page_count":1,"next_cursor":"eyJjIjoiY29hY2giLCJpIjoiaW50ZW50IiwiZiI6IndvcmtvdXRzIiwibyI6InNvdXJjZV9pZDphc2MiLCJzIjoiYiJ9"},"queries":6,"pid":31787}

      158 |       if (code !== 0 || !result) { reject(new Error(`worker exited ${code}: ${output}`)); return; }
      159 |       // Query shapes, outcomes, fixture identifiers and process IDs only; never parameters.
    > 160 |       console.warn('PG17_PROCESS', JSON.stringify({ name, old, options: { ...options, cursor: options.cursor ? '<cursor>' : undefined },
          |               ^
      161 |         result: result.result, failure: result.failure, queries: result.queries.length, pid: result.pid }));
      162 |       resolveDone(result);
      163 |     };

      at settleWorker (test/utils/g2-pg17-harness.ts:160:15)
      at ChildProcess.<anonymous> (test/utils/g2-pg17-harness.ts:165:51)

  console.warn
    PG17_PROCESS {"name":"g2p17_112","old":false,"options":{"action":"entities","family":"workouts","cursor":"<cursor>"},"result":{"intent_id":"intent","family":"workouts","entities":[{"id":"51ae3d00-6f58-44b6-95f2-54ce5acac340","source_platform":"truecoach","entity_type":"workouts","source_id":"c","client_source_id":"client-new","label":"Synthetic A","created_at":"2026-09-20T18:54:45.821Z","updated_at":"2026-09-20T18:54:45.821Z"}],"page_count":1,"next_cursor":null},"queries":6,"pid":31803}

      158 |       if (code !== 0 || !result) { reject(new Error(`worker exited ${code}: ${output}`)); return; }
      159 |       // Query shapes, outcomes, fixture identifiers and process IDs only; never parameters.
    > 160 |       console.warn('PG17_PROCESS', JSON.stringify({ name, old, options: { ...options, cursor: options.cursor ? '<cursor>' : undefined },
          |               ^
      161 |         result: result.result, failure: result.failure, queries: result.queries.length, pid: result.pid }));
      162 |       resolveDone(result);
      163 |     };

      at settleWorker (test/utils/g2-pg17-harness.ts:160:15)
      at ChildProcess.<anonymous> (test/utils/g2-pg17-harness.ts:165:51)

  console.warn
    PG17_PROCESS {"name":"g2p17_113","old":false,"options":{"action":"entities","family":"workouts","cursor":"<cursor>"},"result":{"intent_id":"intent","family":"workouts","entities":[{"id":"9e3ae295-6e04-4c9c-b5a2-f4159abd516a","source_platform":"truecoach","entity_type":"workouts","source_id":"b","client_source_id":"client-new","label":"Synthetic A","created_at":"2026-09-20T18:54:45.816Z","updated_at":"2026-09-20T18:54:45.816Z"}],"page_count":1,"next_cursor":"eyJjIjoiY29hY2giLCJpIjoiaW50ZW50IiwiZiI6IndvcmtvdXRzIiwibyI6InNvdXJjZV9pZDphc2MiLCJzIjoiYiJ9"},"queries":6,"pid":31820}

      158 |       if (code !== 0 || !result) { reject(new Error(`worker exited ${code}: ${output}`)); return; }
      159 |       // Query shapes, outcomes, fixture identifiers and process IDs only; never parameters.
    > 160 |       console.warn('PG17_PROCESS', JSON.stringify({ name, old, options: { ...options, cursor: options.cursor ? '<cursor>' : undefined },
          |               ^
      161 |         result: result.result, failure: result.failure, queries: result.queries.length, pid: result.pid }));
      162 |       resolveDone(result);
      163 |     };

      at settleWorker (test/utils/g2-pg17-harness.ts:160:15)
      at ChildProcess.<anonymous> (test/utils/g2-pg17-harness.ts:165:51)

  console.warn
    PG17_PROCESS {"name":"g2p17_114","old":false,"options":{"action":"entities","family":"workouts","coach":"foreign"},"failure":{"status":404,"message":"Not Found"},"queries":4,"pid":31836}

      158 |       if (code !== 0 || !result) { reject(new Error(`worker exited ${code}: ${output}`)); return; }
      159 |       // Query shapes, outcomes, fixture identifiers and process IDs only; never parameters.
    > 160 |       console.warn('PG17_PROCESS', JSON.stringify({ name, old, options: { ...options, cursor: options.cursor ? '<cursor>' : undefined },
          |               ^
      161 |         result: result.result, failure: result.failure, queries: result.queries.length, pid: result.pid }));
      162 |       resolveDone(result);
      163 |     };

      at settleWorker (test/utils/g2-pg17-harness.ts:160:15)
      at ChildProcess.<anonymous> (test/utils/g2-pg17-harness.ts:165:51)

  console.warn
    PG17_PROCESS {"name":"g2p17_115","old":false,"options":{"action":"entities","family":"workouts","cursor":"<cursor>"},"failure":{"status":400,"message":"malformed cursor"},"queries":0,"pid":31852}

      158 |       if (code !== 0 || !result) { reject(new Error(`worker exited ${code}: ${output}`)); return; }
      159 |       // Query shapes, outcomes, fixture identifiers and process IDs only; never parameters.
    > 160 |       console.warn('PG17_PROCESS', JSON.stringify({ name, old, options: { ...options, cursor: options.cursor ? '<cursor>' : undefined },
          |               ^
      161 |         result: result.result, failure: result.failure, queries: result.queries.length, pid: result.pid }));
      162 |       resolveDone(result);
      163 |     };

      at settleWorker (test/utils/g2-pg17-harness.ts:160:15)
      at ChildProcess.<anonymous> (test/utils/g2-pg17-harness.ts:165:51)

  console.warn
    PG17_PROCESS {"name":"g2p17_116","old":false,"options":{"action":"entities","family":"workouts","cursor":"<cursor>","limit":200},"result":{"intent_id":"intent","family":"workouts","entities":[{"id":"9e3ae295-6e04-4c9c-b5a2-f4159abd516a","source_platform":"truecoach","entity_type":"workouts","source_id":"b","client_source_id":"client-new","label":"Synthetic A","created_at":"2026-09-20T18:54:45.816Z","updated_at":"2026-09-20T18:54:45.816Z"},{"id":"51ae3d00-6f58-44b6-95f2-54ce5acac340","source_platform":"truecoach","entity_type":"workouts","source_id":"c","client_source_id":"client-new","label":"Synthetic A","created_at":"2026-09-20T18:54:45.821Z","updated_at":"2026-09-20T18:54:45.821Z"}],"page_count":2,"next_cursor":null},"queries":6,"pid":31867}

      158 |       if (code !== 0 || !result) { reject(new Error(`worker exited ${code}: ${output}`)); return; }
      159 |       // Query shapes, outcomes, fixture identifiers and process IDs only; never parameters.
    > 160 |       console.warn('PG17_PROCESS', JSON.stringify({ name, old, options: { ...options, cursor: options.cursor ? '<cursor>' : undefined },
          |               ^
      161 |         result: result.result, failure: result.failure, queries: result.queries.length, pid: result.pid }));
      162 |       resolveDone(result);
      163 |     };

      at settleWorker (test/utils/g2-pg17-harness.ts:160:15)
      at ChildProcess.<anonymous> (test/utils/g2-pg17-harness.ts:165:51)

  console.warn
    PG17_PROCESS {"name":"g2p17_117","old":false,"options":{"action":"entities","family":"workouts","cursor":"<cursor>","limit":2},"result":{"intent_id":"intent","family":"workouts","entities":[],"page_count":0,"next_cursor":null},"queries":6,"pid":31886}

      158 |       if (code !== 0 || !result) { reject(new Error(`worker exited ${code}: ${output}`)); return; }
      159 |       // Query shapes, outcomes, fixture identifiers and process IDs only; never parameters.
    > 160 |       console.warn('PG17_PROCESS', JSON.stringify({ name, old, options: { ...options, cursor: options.cursor ? '<cursor>' : undefined },
          |               ^
      161 |         result: result.result, failure: result.failure, queries: result.queries.length, pid: result.pid }));
      162 |       resolveDone(result);
      163 |     };

      at settleWorker (test/utils/g2-pg17-harness.ts:160:15)
      at ChildProcess.<anonymous> (test/utils/g2-pg17-harness.ts:165:51)

  console.warn
    PG17_PROCESS {"name":"g2p17_118","old":false,"options":{"action":"entities","family":"workouts","limit":200},"result":{"intent_id":"intent","family":"workouts","entities":[],"page_count":0,"next_cursor":null},"queries":6,"pid":31933}

      158 |       if (code !== 0 || !result) { reject(new Error(`worker exited ${code}: ${output}`)); return; }
      159 |       // Query shapes, outcomes, fixture identifiers and process IDs only; never parameters.
    > 160 |       console.warn('PG17_PROCESS', JSON.stringify({ name, old, options: { ...options, cursor: options.cursor ? '<cursor>' : undefined },
          |               ^
      161 |         result: result.result, failure: result.failure, queries: result.queries.length, pid: result.pid }));
      162 |       resolveDone(result);
      163 |     };

      at settleWorker (test/utils/g2-pg17-harness.ts:160:15)
      at ChildProcess.<anonymous> (test/utils/g2-pg17-harness.ts:165:51)

  console.warn
    PG17_PROCESS {"name":"g2p17_119","old":false,"options":{"family":"clients"},"result":{"intent_id":"intent","staged":4,"reconstructed":4,"skipped":0,"failed":0},"queries":36,"pid":31961}

      158 |       if (code !== 0 || !result) { reject(new Error(`worker exited ${code}: ${output}`)); return; }
      159 |       // Query shapes, outcomes, fixture identifiers and process IDs only; never parameters.
    > 160 |       console.warn('PG17_PROCESS', JSON.stringify({ name, old, options: { ...options, cursor: options.cursor ? '<cursor>' : undefined },
          |               ^
      161 |         result: result.result, failure: result.failure, queries: result.queries.length, pid: result.pid }));
      162 |       resolveDone(result);
      163 |     };

      at settleWorker (test/utils/g2-pg17-harness.ts:160:15)
      at ChildProcess.<anonymous> (test/utils/g2-pg17-harness.ts:165:51)

  console.warn
    PG17_PROCESS {"name":"g2p17_120","old":false,"options":{"action":"roster","family":"clients","cursor":"<cursor>"},"result":{"intent_id":"intent","accounting":{"staged":4,"reconstructed":4,"skipped":0,"failed":0},"persons":[{"id":"e833f2f4-e9fc-4f40-8aad-271b92f2c925","state":"InvitePending","source_platform":"truecoach","source_person_id":"b","display_name":"Synthetic A","created_at":"2026-09-20T18:54:54.700Z","updated_at":"2026-09-20T18:54:54.700Z"}],"page":{"limit":1,"next_cursor":"YQ","has_more":true}},"queries":8,"pid":31983}

      158 |       if (code !== 0 || !result) { reject(new Error(`worker exited ${code}: ${output}`)); return; }
      159 |       // Query shapes, outcomes, fixture identifiers and process IDs only; never parameters.
    > 160 |       console.warn('PG17_PROCESS', JSON.stringify({ name, old, options: { ...options, cursor: options.cursor ? '<cursor>' : undefined },
          |               ^
      161 |         result: result.result, failure: result.failure, queries: result.queries.length, pid: result.pid }));
      162 |       resolveDone(result);
      163 |     };

      at settleWorker (test/utils/g2-pg17-harness.ts:160:15)
      at ChildProcess.<anonymous> (test/utils/g2-pg17-harness.ts:165:51)

  console.warn
    PG17_PROCESS {"name":"g2p17_121","old":false,"options":{"action":"roster","family":"clients","cursor":"<cursor>"},"result":{"intent_id":"intent","accounting":{"staged":4,"reconstructed":4,"skipped":0,"failed":0},"persons":[{"id":"f9368f1b-f41c-4da0-9a05-4f574cb72dea","state":"InvitePending","source_platform":"truecoach","source_person_id":"d","display_name":"Synthetic A","created_at":"2026-09-20T18:54:54.707Z","updated_at":"2026-09-20T18:54:54.707Z"}],"page":{"limit":1,"next_cursor":null,"has_more":false}},"queries":8,"pid":31999}

      158 |       if (code !== 0 || !result) { reject(new Error(`worker exited ${code}: ${output}`)); return; }
      159 |       // Query shapes, outcomes, fixture identifiers and process IDs only; never parameters.
    > 160 |       console.warn('PG17_PROCESS', JSON.stringify({ name, old, options: { ...options, cursor: options.cursor ? '<cursor>' : undefined },
          |               ^
      161 |         result: result.result, failure: result.failure, queries: result.queries.length, pid: result.pid }));
      162 |       resolveDone(result);
      163 |     };

      at settleWorker (test/utils/g2-pg17-harness.ts:160:15)
      at ChildProcess.<anonymous> (test/utils/g2-pg17-harness.ts:165:51)

  console.warn
    PG17_PROCESS {"name":"g2p17_122","old":false,"options":{"action":"roster","family":"clients","cursor":"<cursor>"},"result":{"intent_id":"intent","accounting":{"staged":4,"reconstructed":4,"skipped":0,"failed":0},"persons":[{"id":"a20127b5-95c2-475b-acb6-f1b2540fa269","state":"InvitePending","source_platform":"truecoach","source_person_id":"c","display_name":"Synthetic A","created_at":"2026-09-20T18:54:54.703Z","updated_at":"2026-09-20T18:54:54.703Z"}],"page":{"limit":1,"next_cursor":"YQ","has_more":true}},"queries":8,"pid":32015}

      158 |       if (code !== 0 || !result) { reject(new Error(`worker exited ${code}: ${output}`)); return; }
      159 |       // Query shapes, outcomes, fixture identifiers and process IDs only; never parameters.
    > 160 |       console.warn('PG17_PROCESS', JSON.stringify({ name, old, options: { ...options, cursor: options.cursor ? '<cursor>' : undefined },
          |               ^
      161 |         result: result.result, failure: result.failure, queries: result.queries.length, pid: result.pid }));
      162 |       resolveDone(result);
      163 |     };

      at settleWorker (test/utils/g2-pg17-harness.ts:160:15)
      at ChildProcess.<anonymous> (test/utils/g2-pg17-harness.ts:165:51)

  console.warn
    PG17_PROCESS {"name":"g2p17_123","old":false,"options":{"family":"workouts"},"result":{"intent_id":"intent","staged":4,"reconstructed":4,"skipped":0,"failed":0},"queries":36,"pid":32047}

      158 |       if (code !== 0 || !result) { reject(new Error(`worker exited ${code}: ${output}`)); return; }
      159 |       // Query shapes, outcomes, fixture identifiers and process IDs only; never parameters.
    > 160 |       console.warn('PG17_PROCESS', JSON.stringify({ name, old, options: { ...options, cursor: options.cursor ? '<cursor>' : undefined },
          |               ^
      161 |         result: result.result, failure: result.failure, queries: result.queries.length, pid: result.pid }));
      162 |       resolveDone(result);
      163 |     };

      at settleWorker (test/utils/g2-pg17-harness.ts:160:15)
      at ChildProcess.<anonymous> (test/utils/g2-pg17-harness.ts:165:51)

  console.warn
    PG17_PROCESS {"name":"g2p17_124","old":false,"options":{"action":"entities","family":"workouts","cursor":"<cursor>"},"result":{"intent_id":"intent","family":"workouts","entities":[{"id":"6dc30bb7-8c39-42c3-bfd8-6f7e4ddf329e","source_platform":"truecoach","entity_type":"workouts","source_id":"b","client_source_id":"client-new","label":"Synthetic A","created_at":"2026-09-20T18:54:58.444Z","updated_at":"2026-09-20T18:54:58.444Z"}],"page_count":1,"next_cursor":"eyJjIjoiY29hY2giLCJpIjoiaW50ZW50IiwiZiI6IndvcmtvdXRzIiwibyI6InNvdXJjZV9pZDphc2MiLCJzIjoiYSJ9"},"queries":6,"pid":32070}

      158 |       if (code !== 0 || !result) { reject(new Error(`worker exited ${code}: ${output}`)); return; }
      159 |       // Query shapes, outcomes, fixture identifiers and process IDs only; never parameters.
    > 160 |       console.warn('PG17_PROCESS', JSON.stringify({ name, old, options: { ...options, cursor: options.cursor ? '<cursor>' : undefined },
          |               ^
      161 |         result: result.result, failure: result.failure, queries: result.queries.length, pid: result.pid }));
      162 |       resolveDone(result);
      163 |     };

      at settleWorker (test/utils/g2-pg17-harness.ts:160:15)
      at ChildProcess.<anonymous> (test/utils/g2-pg17-harness.ts:165:51)

  console.warn
    PG17_PROCESS {"name":"g2p17_125","old":false,"options":{"action":"entities","family":"workouts","cursor":"<cursor>"},"result":{"intent_id":"intent","family":"workouts","entities":[{"id":"1f355d43-dd72-481c-9925-73d51c91111a","source_platform":"truecoach","entity_type":"workouts","source_id":"d","client_source_id":"client-new","label":"Synthetic A","created_at":"2026-09-20T18:54:58.452Z","updated_at":"2026-09-20T18:54:58.452Z"}],"page_count":1,"next_cursor":null},"queries":6,"pid":32086}

      158 |       if (code !== 0 || !result) { reject(new Error(`worker exited ${code}: ${output}`)); return; }
      159 |       // Query shapes, outcomes, fixture identifiers and process IDs only; never parameters.
    > 160 |       console.warn('PG17_PROCESS', JSON.stringify({ name, old, options: { ...options, cursor: options.cursor ? '<cursor>' : undefined },
          |               ^
      161 |         result: result.result, failure: result.failure, queries: result.queries.length, pid: result.pid }));
      162 |       resolveDone(result);
      163 |     };

      at settleWorker (test/utils/g2-pg17-harness.ts:160:15)
      at ChildProcess.<anonymous> (test/utils/g2-pg17-harness.ts:165:51)

  console.warn
    PG17_PROCESS {"name":"g2p17_126","old":false,"options":{"action":"entities","family":"workouts","cursor":"<cursor>"},"result":{"intent_id":"intent","family":"workouts","entities":[{"id":"235856dd-6065-492e-83f1-2a23f507188d","source_platform":"truecoach","entity_type":"workouts","source_id":"c","client_source_id":"client-new","label":"Synthetic A","created_at":"2026-09-20T18:54:58.448Z","updated_at":"2026-09-20T18:54:58.448Z"}],"page_count":1,"next_cursor":"eyJjIjoiY29hY2giLCJpIjoiaW50ZW50IiwiZiI6IndvcmtvdXRzIiwibyI6InNvdXJjZV9pZDphc2MiLCJzIjoiYSJ9"},"queries":6,"pid":32102}

      158 |       if (code !== 0 || !result) { reject(new Error(`worker exited ${code}: ${output}`)); return; }
      159 |       // Query shapes, outcomes, fixture identifiers and process IDs only; never parameters.
    > 160 |       console.warn('PG17_PROCESS', JSON.stringify({ name, old, options: { ...options, cursor: options.cursor ? '<cursor>' : undefined },
          |               ^
      161 |         result: result.result, failure: result.failure, queries: result.queries.length, pid: result.pid }));
      162 |       resolveDone(result);
      163 |     };

      at settleWorker (test/utils/g2-pg17-harness.ts:160:15)
      at ChildProcess.<anonymous> (test/utils/g2-pg17-harness.ts:165:51)

  console.warn
    PG17_PROCESS {"name":"g2p17_127","old":false,"options":{"family":"clients"},"result":{"intent_id":"intent","staged":1,"reconstructed":1,"skipped":0,"failed":0},"queries":12,"pid":32126}

      158 |       if (code !== 0 || !result) { reject(new Error(`worker exited ${code}: ${output}`)); return; }
      159 |       // Query shapes, outcomes, fixture identifiers and process IDs only; never parameters.
    > 160 |       console.warn('PG17_PROCESS', JSON.stringify({ name, old, options: { ...options, cursor: options.cursor ? '<cursor>' : undefined },
          |               ^
      161 |         result: result.result, failure: result.failure, queries: result.queries.length, pid: result.pid }));
      162 |       resolveDone(result);
      163 |     };

      at settleWorker (test/utils/g2-pg17-harness.ts:160:15)
      at ChildProcess.<anonymous> (test/utils/g2-pg17-harness.ts:165:51)

  console.warn
    PG17_PROCESS {"name":"g2p17_128","old":false,"options":{"action":"roster","family":"clients","cursor":"<cursor>"},"failure":{"status":400,"message":"malformed cursor"},"queries":0,"pid":32142}

      158 |       if (code !== 0 || !result) { reject(new Error(`worker exited ${code}: ${output}`)); return; }
      159 |       // Query shapes, outcomes, fixture identifiers and process IDs only; never parameters.
    > 160 |       console.warn('PG17_PROCESS', JSON.stringify({ name, old, options: { ...options, cursor: options.cursor ? '<cursor>' : undefined },
          |               ^
      161 |         result: result.result, failure: result.failure, queries: result.queries.length, pid: result.pid }));
      162 |       resolveDone(result);
      163 |     };

      at settleWorker (test/utils/g2-pg17-harness.ts:160:15)
      at ChildProcess.<anonymous> (test/utils/g2-pg17-harness.ts:165:51)

  console.warn
    PG17_PROCESS {"name":"g2p17_129","old":false,"options":{"action":"roster","family":"clients","cursor":"<cursor>"},"result":{"intent_id":"intent","accounting":{"staged":1,"reconstructed":1,"skipped":0,"failed":0},"persons":[],"page":{"limit":1,"next_cursor":null,"has_more":false}},"queries":7,"pid":32155}

      158 |       if (code !== 0 || !result) { reject(new Error(`worker exited ${code}: ${output}`)); return; }
      159 |       // Query shapes, outcomes, fixture identifiers and process IDs only; never parameters.
    > 160 |       console.warn('PG17_PROCESS', JSON.stringify({ name, old, options: { ...options, cursor: options.cursor ? '<cursor>' : undefined },
          |               ^
      161 |         result: result.result, failure: result.failure, queries: result.queries.length, pid: result.pid }));
      162 |       resolveDone(result);
      163 |     };

      at settleWorker (test/utils/g2-pg17-harness.ts:160:15)
      at ChildProcess.<anonymous> (test/utils/g2-pg17-harness.ts:165:51)

  console.warn
    PG17_PROCESS {"name":"g2p17_130","old":false,"options":{"action":"roster","family":"clients","cursor":"<cursor>"},"failure":{"status":400,"message":"malformed cursor"},"queries":0,"pid":32173}

      158 |       if (code !== 0 || !result) { reject(new Error(`worker exited ${code}: ${output}`)); return; }
      159 |       // Query shapes, outcomes, fixture identifiers and process IDs only; never parameters.
    > 160 |       console.warn('PG17_PROCESS', JSON.stringify({ name, old, options: { ...options, cursor: options.cursor ? '<cursor>' : undefined },
          |               ^
      161 |         result: result.result, failure: result.failure, queries: result.queries.length, pid: result.pid }));
      162 |       resolveDone(result);
      163 |     };

      at settleWorker (test/utils/g2-pg17-harness.ts:160:15)
      at ChildProcess.<anonymous> (test/utils/g2-pg17-harness.ts:165:51)

  console.warn
    PG17_PROCESS {"name":"g2p17_131","old":false,"options":{"action":"roster","family":"clients","cursor":"<cursor>"},"failure":{"status":400,"message":"malformed cursor"},"queries":0,"pid":32217}

      158 |       if (code !== 0 || !result) { reject(new Error(`worker exited ${code}: ${output}`)); return; }
      159 |       // Query shapes, outcomes, fixture identifiers and process IDs only; never parameters.
    > 160 |       console.warn('PG17_PROCESS', JSON.stringify({ name, old, options: { ...options, cursor: options.cursor ? '<cursor>' : undefined },
          |               ^
      161 |         result: result.result, failure: result.failure, queries: result.queries.length, pid: result.pid }));
      162 |       resolveDone(result);
      163 |     };

      at settleWorker (test/utils/g2-pg17-harness.ts:160:15)
      at ChildProcess.<anonymous> (test/utils/g2-pg17-harness.ts:165:51)

  console.warn
    PG17_PROCESS {"name":"g2p17_132","old":false,"options":{"action":"roster","family":"clients","cursor":"<cursor>"},"failure":{"status":400,"message":"malformed cursor"},"queries":0,"pid":32230}

      158 |       if (code !== 0 || !result) { reject(new Error(`worker exited ${code}: ${output}`)); return; }
      159 |       // Query shapes, outcomes, fixture identifiers and process IDs only; never parameters.
    > 160 |       console.warn('PG17_PROCESS', JSON.stringify({ name, old, options: { ...options, cursor: options.cursor ? '<cursor>' : undefined },
          |               ^
      161 |         result: result.result, failure: result.failure, queries: result.queries.length, pid: result.pid }));
      162 |       resolveDone(result);
      163 |     };

      at settleWorker (test/utils/g2-pg17-harness.ts:160:15)
      at ChildProcess.<anonymous> (test/utils/g2-pg17-harness.ts:165:51)

  console.warn
    PG17_PROCESS {"name":"g2p17_133","old":false,"options":{"action":"roster","family":"clients","cursor":"<cursor>"},"failure":{"status":400,"message":"malformed cursor"},"queries":0,"pid":32243}

      158 |       if (code !== 0 || !result) { reject(new Error(`worker exited ${code}: ${output}`)); return; }
      159 |       // Query shapes, outcomes, fixture identifiers and process IDs only; never parameters.
    > 160 |       console.warn('PG17_PROCESS', JSON.stringify({ name, old, options: { ...options, cursor: options.cursor ? '<cursor>' : undefined },
          |               ^
      161 |         result: result.result, failure: result.failure, queries: result.queries.length, pid: result.pid }));
      162 |       resolveDone(result);
      163 |     };

      at settleWorker (test/utils/g2-pg17-harness.ts:160:15)
      at ChildProcess.<anonymous> (test/utils/g2-pg17-harness.ts:165:51)

  console.warn
    PG17_PROCESS {"name":"g2p17_134","old":false,"options":{"action":"roster","family":"clients","cursor":"<cursor>"},"failure":{"status":400,"message":"malformed cursor"},"queries":0,"pid":32257}

      158 |       if (code !== 0 || !result) { reject(new Error(`worker exited ${code}: ${output}`)); return; }
      159 |       // Query shapes, outcomes, fixture identifiers and process IDs only; never parameters.
    > 160 |       console.warn('PG17_PROCESS', JSON.stringify({ name, old, options: { ...options, cursor: options.cursor ? '<cursor>' : undefined },
          |               ^
      161 |         result: result.result, failure: result.failure, queries: result.queries.length, pid: result.pid }));
      162 |       resolveDone(result);
      163 |     };

      at settleWorker (test/utils/g2-pg17-harness.ts:160:15)
      at ChildProcess.<anonymous> (test/utils/g2-pg17-harness.ts:165:51)

  console.warn
    PG17_PROCESS {"name":"g2p17_135","old":false,"options":{"action":"roster","family":"clients","cursor":"<cursor>"},"failure":{"status":400,"message":"malformed cursor"},"queries":0,"pid":32270}

      158 |       if (code !== 0 || !result) { reject(new Error(`worker exited ${code}: ${output}`)); return; }
      159 |       // Query shapes, outcomes, fixture identifiers and process IDs only; never parameters.
    > 160 |       console.warn('PG17_PROCESS', JSON.stringify({ name, old, options: { ...options, cursor: options.cursor ? '<cursor>' : undefined },
          |               ^
      161 |         result: result.result, failure: result.failure, queries: result.queries.length, pid: result.pid }));
      162 |       resolveDone(result);
      163 |     };

      at settleWorker (test/utils/g2-pg17-harness.ts:160:15)
      at ChildProcess.<anonymous> (test/utils/g2-pg17-harness.ts:165:51)

  console.warn
    PG17_PROCESS {"name":"g2p17_136","old":false,"options":{"action":"roster","family":"clients","cursor":"<cursor>"},"failure":{"status":400,"message":"malformed cursor"},"queries":0,"pid":32284}

      158 |       if (code !== 0 || !result) { reject(new Error(`worker exited ${code}: ${output}`)); return; }
      159 |       // Query shapes, outcomes, fixture identifiers and process IDs only; never parameters.
    > 160 |       console.warn('PG17_PROCESS', JSON.stringify({ name, old, options: { ...options, cursor: options.cursor ? '<cursor>' : undefined },
          |               ^
      161 |         result: result.result, failure: result.failure, queries: result.queries.length, pid: result.pid }));
      162 |       resolveDone(result);
      163 |     };

      at settleWorker (test/utils/g2-pg17-harness.ts:160:15)
      at ChildProcess.<anonymous> (test/utils/g2-pg17-harness.ts:165:51)

  console.warn
    PG17_PROCESS {"name":"g2p17_137","old":false,"options":{"action":"roster","family":"clients","cursor":"<cursor>"},"failure":{"status":400,"message":"malformed cursor"},"queries":0,"pid":32297}

      158 |       if (code !== 0 || !result) { reject(new Error(`worker exited ${code}: ${output}`)); return; }
      159 |       // Query shapes, outcomes, fixture identifiers and process IDs only; never parameters.
    > 160 |       console.warn('PG17_PROCESS', JSON.stringify({ name, old, options: { ...options, cursor: options.cursor ? '<cursor>' : undefined },
          |               ^
      161 |         result: result.result, failure: result.failure, queries: result.queries.length, pid: result.pid }));
      162 |       resolveDone(result);
      163 |     };

      at settleWorker (test/utils/g2-pg17-harness.ts:160:15)
      at ChildProcess.<anonymous> (test/utils/g2-pg17-harness.ts:165:51)

  console.warn
    PG17_PROCESS {"name":"g2p17_138","old":false,"options":{"action":"roster","family":"clients","cursor":"<cursor>"},"failure":{"status":400,"message":"malformed cursor"},"queries":0,"pid":32310}

      158 |       if (code !== 0 || !result) { reject(new Error(`worker exited ${code}: ${output}`)); return; }
      159 |       // Query shapes, outcomes, fixture identifiers and process IDs only; never parameters.
    > 160 |       console.warn('PG17_PROCESS', JSON.stringify({ name, old, options: { ...options, cursor: options.cursor ? '<cursor>' : undefined },
          |               ^
      161 |         result: result.result, failure: result.failure, queries: result.queries.length, pid: result.pid }));
      162 |       resolveDone(result);
      163 |     };

      at settleWorker (test/utils/g2-pg17-harness.ts:160:15)
      at ChildProcess.<anonymous> (test/utils/g2-pg17-harness.ts:165:51)

  console.warn
    PG17_PROCESS {"name":"g2p17_139","old":false,"options":{"action":"roster","family":"clients","cursor":"<cursor>"},"failure":{"status":400,"message":"malformed cursor"},"queries":0,"pid":32323}

      158 |       if (code !== 0 || !result) { reject(new Error(`worker exited ${code}: ${output}`)); return; }
      159 |       // Query shapes, outcomes, fixture identifiers and process IDs only; never parameters.
    > 160 |       console.warn('PG17_PROCESS', JSON.stringify({ name, old, options: { ...options, cursor: options.cursor ? '<cursor>' : undefined },
          |               ^
      161 |         result: result.result, failure: result.failure, queries: result.queries.length, pid: result.pid }));
      162 |       resolveDone(result);
      163 |     };

      at settleWorker (test/utils/g2-pg17-harness.ts:160:15)
      at ChildProcess.<anonymous> (test/utils/g2-pg17-harness.ts:165:51)

  console.warn
    PG17_PROCESS {"name":"g2p17_140","old":false,"options":{"action":"roster","family":"clients","cursor":"<cursor>"},"failure":{"status":400,"message":"malformed cursor"},"queries":0,"pid":32337}

      158 |       if (code !== 0 || !result) { reject(new Error(`worker exited ${code}: ${output}`)); return; }
      159 |       // Query shapes, outcomes, fixture identifiers and process IDs only; never parameters.
    > 160 |       console.warn('PG17_PROCESS', JSON.stringify({ name, old, options: { ...options, cursor: options.cursor ? '<cursor>' : undefined },
          |               ^
      161 |         result: result.result, failure: result.failure, queries: result.queries.length, pid: result.pid }));
      162 |       resolveDone(result);
      163 |     };

      at settleWorker (test/utils/g2-pg17-harness.ts:160:15)
      at ChildProcess.<anonymous> (test/utils/g2-pg17-harness.ts:165:51)

  console.warn
    PG17_PROCESS {"name":"g2p17_141","old":false,"options":{"action":"roster","family":"clients","cursor":"<cursor>"},"failure":{"status":400,"message":"malformed cursor"},"queries":0,"pid":32350}

      158 |       if (code !== 0 || !result) { reject(new Error(`worker exited ${code}: ${output}`)); return; }
      159 |       // Query shapes, outcomes, fixture identifiers and process IDs only; never parameters.
    > 160 |       console.warn('PG17_PROCESS', JSON.stringify({ name, old, options: { ...options, cursor: options.cursor ? '<cursor>' : undefined },
          |               ^
      161 |         result: result.result, failure: result.failure, queries: result.queries.length, pid: result.pid }));
      162 |       resolveDone(result);
      163 |     };

      at settleWorker (test/utils/g2-pg17-harness.ts:160:15)
      at ChildProcess.<anonymous> (test/utils/g2-pg17-harness.ts:165:51)

  console.warn
    PG17_PROCESS {"name":"g2p17_142","old":false,"options":{"action":"roster","family":"clients","cursor":"<cursor>"},"failure":{"status":400,"message":"malformed cursor"},"queries":0,"pid":32363}

      158 |       if (code !== 0 || !result) { reject(new Error(`worker exited ${code}: ${output}`)); return; }
      159 |       // Query shapes, outcomes, fixture identifiers and process IDs only; never parameters.
    > 160 |       console.warn('PG17_PROCESS', JSON.stringify({ name, old, options: { ...options, cursor: options.cursor ? '<cursor>' : undefined },
          |               ^
      161 |         result: result.result, failure: result.failure, queries: result.queries.length, pid: result.pid }));
      162 |       resolveDone(result);
      163 |     };

      at settleWorker (test/utils/g2-pg17-harness.ts:160:15)
      at ChildProcess.<anonymous> (test/utils/g2-pg17-harness.ts:165:51)

  console.warn
    PG17_PROCESS {"name":"g2p17_143","old":false,"options":{"action":"roster","family":"clients","cursor":"<cursor>"},"failure":{"status":400,"message":"malformed cursor"},"queries":0,"pid":32376}

      158 |       if (code !== 0 || !result) { reject(new Error(`worker exited ${code}: ${output}`)); return; }
      159 |       // Query shapes, outcomes, fixture identifiers and process IDs only; never parameters.
    > 160 |       console.warn('PG17_PROCESS', JSON.stringify({ name, old, options: { ...options, cursor: options.cursor ? '<cursor>' : undefined },
          |               ^
      161 |         result: result.result, failure: result.failure, queries: result.queries.length, pid: result.pid }));
      162 |       resolveDone(result);
      163 |     };

      at settleWorker (test/utils/g2-pg17-harness.ts:160:15)
      at ChildProcess.<anonymous> (test/utils/g2-pg17-harness.ts:165:51)

  console.warn
    PG17_PROCESS {"name":"g2p17_144","old":false,"options":{"action":"roster","family":"clients","cursor":"<cursor>"},"result":{"intent_id":"intent","accounting":{"staged":1,"reconstructed":1,"skipped":0,"failed":0},"persons":[{"id":"d05b0c13-fd13-4bcd-a823-3d46b22af049","state":"InvitePending","source_platform":"truecoach","source_person_id":"a","display_name":"Synthetic A","created_at":"2026-09-20T18:55:02.086Z","updated_at":"2026-09-20T18:55:02.086Z"}],"page":{"limit":1,"next_cursor":null,"has_more":false}},"queries":8,"pid":32389}

      158 |       if (code !== 0 || !result) { reject(new Error(`worker exited ${code}: ${output}`)); return; }
      159 |       // Query shapes, outcomes, fixture identifiers and process IDs only; never parameters.
    > 160 |       console.warn('PG17_PROCESS', JSON.stringify({ name, old, options: { ...options, cursor: options.cursor ? '<cursor>' : undefined },
          |               ^
      161 |         result: result.result, failure: result.failure, queries: result.queries.length, pid: result.pid }));
      162 |       resolveDone(result);
      163 |     };

      at settleWorker (test/utils/g2-pg17-harness.ts:160:15)
      at ChildProcess.<anonymous> (test/utils/g2-pg17-harness.ts:165:51)

  console.warn
    PG17_PROCESS {"name":"g2p17_145","old":false,"options":{"family":"workouts"},"result":{"intent_id":"intent","staged":1,"reconstructed":1,"skipped":0,"failed":0},"queries":12,"pid":32422}

      158 |       if (code !== 0 || !result) { reject(new Error(`worker exited ${code}: ${output}`)); return; }
      159 |       // Query shapes, outcomes, fixture identifiers and process IDs only; never parameters.
    > 160 |       console.warn('PG17_PROCESS', JSON.stringify({ name, old, options: { ...options, cursor: options.cursor ? '<cursor>' : undefined },
          |               ^
      161 |         result: result.result, failure: result.failure, queries: result.queries.length, pid: result.pid }));
      162 |       resolveDone(result);
      163 |     };

      at settleWorker (test/utils/g2-pg17-harness.ts:160:15)
      at ChildProcess.<anonymous> (test/utils/g2-pg17-harness.ts:165:51)

  console.warn
    PG17_PROCESS {"name":"g2p17_146","old":false,"options":{"action":"entities","family":"workouts","cursor":"<cursor>"},"failure":{"status":400,"message":"malformed cursor"},"queries":0,"pid":32438}

      158 |       if (code !== 0 || !result) { reject(new Error(`worker exited ${code}: ${output}`)); return; }
      159 |       // Query shapes, outcomes, fixture identifiers and process IDs only; never parameters.
    > 160 |       console.warn('PG17_PROCESS', JSON.stringify({ name, old, options: { ...options, cursor: options.cursor ? '<cursor>' : undefined },
          |               ^
      161 |         result: result.result, failure: result.failure, queries: result.queries.length, pid: result.pid }));
      162 |       resolveDone(result);
      163 |     };

      at settleWorker (test/utils/g2-pg17-harness.ts:160:15)
      at ChildProcess.<anonymous> (test/utils/g2-pg17-harness.ts:165:51)

  console.warn
    PG17_PROCESS {"name":"g2p17_147","old":false,"options":{"action":"entities","family":"workouts","cursor":"<cursor>"},"result":{"intent_id":"intent","family":"workouts","entities":[],"page_count":0,"next_cursor":null},"queries":5,"pid":32451}

      158 |       if (code !== 0 || !result) { reject(new Error(`worker exited ${code}: ${output}`)); return; }
      159 |       // Query shapes, outcomes, fixture identifiers and process IDs only; never parameters.
    > 160 |       console.warn('PG17_PROCESS', JSON.stringify({ name, old, options: { ...options, cursor: options.cursor ? '<cursor>' : undefined },
          |               ^
      161 |         result: result.result, failure: result.failure, queries: result.queries.length, pid: result.pid }));
      162 |       resolveDone(result);
      163 |     };

      at settleWorker (test/utils/g2-pg17-harness.ts:160:15)
      at ChildProcess.<anonymous> (test/utils/g2-pg17-harness.ts:165:51)

  console.warn
    PG17_PROCESS {"name":"g2p17_148","old":false,"options":{"action":"entities","family":"workouts","cursor":"<cursor>"},"failure":{"status":400,"message":"malformed cursor"},"queries":0,"pid":32468}

      158 |       if (code !== 0 || !result) { reject(new Error(`worker exited ${code}: ${output}`)); return; }
      159 |       // Query shapes, outcomes, fixture identifiers and process IDs only; never parameters.
    > 160 |       console.warn('PG17_PROCESS', JSON.stringify({ name, old, options: { ...options, cursor: options.cursor ? '<cursor>' : undefined },
          |               ^
      161 |         result: result.result, failure: result.failure, queries: result.queries.length, pid: result.pid }));
      162 |       resolveDone(result);
      163 |     };

      at settleWorker (test/utils/g2-pg17-harness.ts:160:15)
      at ChildProcess.<anonymous> (test/utils/g2-pg17-harness.ts:165:51)

  console.warn
    PG17_PROCESS {"name":"g2p17_149","old":false,"options":{"action":"entities","family":"workouts","cursor":"<cursor>"},"failure":{"status":400,"message":"malformed cursor"},"queries":0,"pid":32481}

      158 |       if (code !== 0 || !result) { reject(new Error(`worker exited ${code}: ${output}`)); return; }
      159 |       // Query shapes, outcomes, fixture identifiers and process IDs only; never parameters.
    > 160 |       console.warn('PG17_PROCESS', JSON.stringify({ name, old, options: { ...options, cursor: options.cursor ? '<cursor>' : undefined },
          |               ^
      161 |         result: result.result, failure: result.failure, queries: result.queries.length, pid: result.pid }));
      162 |       resolveDone(result);
      163 |     };

      at settleWorker (test/utils/g2-pg17-harness.ts:160:15)
      at ChildProcess.<anonymous> (test/utils/g2-pg17-harness.ts:165:51)

  console.warn
    PG17_PROCESS {"name":"g2p17_150","old":false,"options":{"action":"entities","family":"workouts","cursor":"<cursor>"},"failure":{"status":400,"message":"malformed cursor"},"queries":0,"pid":32494}

      158 |       if (code !== 0 || !result) { reject(new Error(`worker exited ${code}: ${output}`)); return; }
      159 |       // Query shapes, outcomes, fixture identifiers and process IDs only; never parameters.
    > 160 |       console.warn('PG17_PROCESS', JSON.stringify({ name, old, options: { ...options, cursor: options.cursor ? '<cursor>' : undefined },
          |               ^
      161 |         result: result.result, failure: result.failure, queries: result.queries.length, pid: result.pid }));
      162 |       resolveDone(result);
      163 |     };

      at settleWorker (test/utils/g2-pg17-harness.ts:160:15)
      at ChildProcess.<anonymous> (test/utils/g2-pg17-harness.ts:165:51)

  console.warn
    PG17_PROCESS {"name":"g2p17_151","old":false,"options":{"action":"entities","family":"workouts","cursor":"<cursor>"},"failure":{"status":400,"message":"malformed cursor"},"queries":0,"pid":32507}

      158 |       if (code !== 0 || !result) { reject(new Error(`worker exited ${code}: ${output}`)); return; }
      159 |       // Query shapes, outcomes, fixture identifiers and process IDs only; never parameters.
    > 160 |       console.warn('PG17_PROCESS', JSON.stringify({ name, old, options: { ...options, cursor: options.cursor ? '<cursor>' : undefined },
          |               ^
      161 |         result: result.result, failure: result.failure, queries: result.queries.length, pid: result.pid }));
      162 |       resolveDone(result);
      163 |     };

      at settleWorker (test/utils/g2-pg17-harness.ts:160:15)
      at ChildProcess.<anonymous> (test/utils/g2-pg17-harness.ts:165:51)

  console.warn
    PG17_PROCESS {"name":"g2p17_152","old":false,"options":{"action":"entities","family":"workouts","cursor":"<cursor>"},"failure":{"status":400,"message":"malformed cursor"},"queries":0,"pid":32521}

      158 |       if (code !== 0 || !result) { reject(new Error(`worker exited ${code}: ${output}`)); return; }
      159 |       // Query shapes, outcomes, fixture identifiers and process IDs only; never parameters.
    > 160 |       console.warn('PG17_PROCESS', JSON.stringify({ name, old, options: { ...options, cursor: options.cursor ? '<cursor>' : undefined },
          |               ^
      161 |         result: result.result, failure: result.failure, queries: result.queries.length, pid: result.pid }));
      162 |       resolveDone(result);
      163 |     };

      at settleWorker (test/utils/g2-pg17-harness.ts:160:15)
      at ChildProcess.<anonymous> (test/utils/g2-pg17-harness.ts:165:51)

  console.warn
    PG17_PROCESS {"name":"g2p17_153","old":false,"options":{"action":"entities","family":"workouts","cursor":"<cursor>"},"failure":{"status":400,"message":"malformed cursor"},"queries":0,"pid":32534}

      158 |       if (code !== 0 || !result) { reject(new Error(`worker exited ${code}: ${output}`)); return; }
      159 |       // Query shapes, outcomes, fixture identifiers and process IDs only; never parameters.
    > 160 |       console.warn('PG17_PROCESS', JSON.stringify({ name, old, options: { ...options, cursor: options.cursor ? '<cursor>' : undefined },
          |               ^
      161 |         result: result.result, failure: result.failure, queries: result.queries.length, pid: result.pid }));
      162 |       resolveDone(result);
      163 |     };

      at settleWorker (test/utils/g2-pg17-harness.ts:160:15)
      at ChildProcess.<anonymous> (test/utils/g2-pg17-harness.ts:165:51)

  console.warn
    PG17_PROCESS {"name":"g2p17_154","old":false,"options":{"action":"entities","family":"workouts","cursor":"<cursor>"},"failure":{"status":400,"message":"malformed cursor"},"queries":0,"pid":32547}

      158 |       if (code !== 0 || !result) { reject(new Error(`worker exited ${code}: ${output}`)); return; }
      159 |       // Query shapes, outcomes, fixture identifiers and process IDs only; never parameters.
    > 160 |       console.warn('PG17_PROCESS', JSON.stringify({ name, old, options: { ...options, cursor: options.cursor ? '<cursor>' : undefined },
          |               ^
      161 |         result: result.result, failure: result.failure, queries: result.queries.length, pid: result.pid }));
      162 |       resolveDone(result);
      163 |     };

      at settleWorker (test/utils/g2-pg17-harness.ts:160:15)
      at ChildProcess.<anonymous> (test/utils/g2-pg17-harness.ts:165:51)

  console.warn
    PG17_PROCESS {"name":"g2p17_155","old":false,"options":{"action":"entities","family":"workouts","cursor":"<cursor>"},"failure":{"status":400,"message":"malformed cursor"},"queries":0,"pid":32560}

      158 |       if (code !== 0 || !result) { reject(new Error(`worker exited ${code}: ${output}`)); return; }
      159 |       // Query shapes, outcomes, fixture identifiers and process IDs only; never parameters.
    > 160 |       console.warn('PG17_PROCESS', JSON.stringify({ name, old, options: { ...options, cursor: options.cursor ? '<cursor>' : undefined },
          |               ^
      161 |         result: result.result, failure: result.failure, queries: result.queries.length, pid: result.pid }));
      162 |       resolveDone(result);
      163 |     };

      at settleWorker (test/utils/g2-pg17-harness.ts:160:15)
      at ChildProcess.<anonymous> (test/utils/g2-pg17-harness.ts:165:51)

  console.warn
    PG17_PROCESS {"name":"g2p17_156","old":false,"options":{"action":"entities","family":"workouts","cursor":"<cursor>"},"failure":{"status":400,"message":"malformed cursor"},"queries":0,"pid":32573}

      158 |       if (code !== 0 || !result) { reject(new Error(`worker exited ${code}: ${output}`)); return; }
      159 |       // Query shapes, outcomes, fixture identifiers and process IDs only; never parameters.
    > 160 |       console.warn('PG17_PROCESS', JSON.stringify({ name, old, options: { ...options, cursor: options.cursor ? '<cursor>' : undefined },
          |               ^
      161 |         result: result.result, failure: result.failure, queries: result.queries.length, pid: result.pid }));
      162 |       resolveDone(result);
      163 |     };

      at settleWorker (test/utils/g2-pg17-harness.ts:160:15)
      at ChildProcess.<anonymous> (test/utils/g2-pg17-harness.ts:165:51)

  console.warn
    PG17_PROCESS {"name":"g2p17_157","old":false,"options":{"action":"entities","family":"workouts","cursor":"<cursor>"},"failure":{"status":400,"message":"malformed cursor"},"queries":0,"pid":32586}

      158 |       if (code !== 0 || !result) { reject(new Error(`worker exited ${code}: ${output}`)); return; }
      159 |       // Query shapes, outcomes, fixture identifiers and process IDs only; never parameters.
    > 160 |       console.warn('PG17_PROCESS', JSON.stringify({ name, old, options: { ...options, cursor: options.cursor ? '<cursor>' : undefined },
          |               ^
      161 |         result: result.result, failure: result.failure, queries: result.queries.length, pid: result.pid }));
      162 |       resolveDone(result);
      163 |     };

      at settleWorker (test/utils/g2-pg17-harness.ts:160:15)
      at ChildProcess.<anonymous> (test/utils/g2-pg17-harness.ts:165:51)

  console.warn
    PG17_PROCESS {"name":"g2p17_158","old":false,"options":{"action":"entities","family":"workouts","cursor":"<cursor>"},"failure":{"status":400,"message":"malformed cursor"},"queries":0,"pid":32599}

      158 |       if (code !== 0 || !result) { reject(new Error(`worker exited ${code}: ${output}`)); return; }
      159 |       // Query shapes, outcomes, fixture identifiers and process IDs only; never parameters.
    > 160 |       console.warn('PG17_PROCESS', JSON.stringify({ name, old, options: { ...options, cursor: options.cursor ? '<cursor>' : undefined },
          |               ^
      161 |         result: result.result, failure: result.failure, queries: result.queries.length, pid: result.pid }));
      162 |       resolveDone(result);
      163 |     };

      at settleWorker (test/utils/g2-pg17-harness.ts:160:15)
      at ChildProcess.<anonymous> (test/utils/g2-pg17-harness.ts:165:51)

  console.warn
    PG17_PROCESS {"name":"g2p17_159","old":false,"options":{"action":"entities","family":"workouts","cursor":"<cursor>"},"failure":{"status":400,"message":"malformed cursor"},"queries":0,"pid":32612}

      158 |       if (code !== 0 || !result) { reject(new Error(`worker exited ${code}: ${output}`)); return; }
      159 |       // Query shapes, outcomes, fixture identifiers and process IDs only; never parameters.
    > 160 |       console.warn('PG17_PROCESS', JSON.stringify({ name, old, options: { ...options, cursor: options.cursor ? '<cursor>' : undefined },
          |               ^
      161 |         result: result.result, failure: result.failure, queries: result.queries.length, pid: result.pid }));
      162 |       resolveDone(result);
      163 |     };

      at settleWorker (test/utils/g2-pg17-harness.ts:160:15)
      at ChildProcess.<anonymous> (test/utils/g2-pg17-harness.ts:165:51)

  console.warn
    PG17_PROCESS {"name":"g2p17_160","old":false,"options":{"action":"entities","family":"workouts","cursor":"<cursor>"},"failure":{"status":400,"message":"malformed cursor"},"queries":0,"pid":32626}

      158 |       if (code !== 0 || !result) { reject(new Error(`worker exited ${code}: ${output}`)); return; }
      159 |       // Query shapes, outcomes, fixture identifiers and process IDs only; never parameters.
    > 160 |       console.warn('PG17_PROCESS', JSON.stringify({ name, old, options: { ...options, cursor: options.cursor ? '<cursor>' : undefined },
          |               ^
      161 |         result: result.result, failure: result.failure, queries: result.queries.length, pid: result.pid }));
      162 |       resolveDone(result);
      163 |     };

      at settleWorker (test/utils/g2-pg17-harness.ts:160:15)
      at ChildProcess.<anonymous> (test/utils/g2-pg17-harness.ts:165:51)

  console.warn
    PG17_PROCESS {"name":"g2p17_161","old":false,"options":{"action":"entities","family":"workouts","cursor":"<cursor>"},"failure":{"status":400,"message":"malformed cursor"},"queries":0,"pid":32639}

      158 |       if (code !== 0 || !result) { reject(new Error(`worker exited ${code}: ${output}`)); return; }
      159 |       // Query shapes, outcomes, fixture identifiers and process IDs only; never parameters.
    > 160 |       console.warn('PG17_PROCESS', JSON.stringify({ name, old, options: { ...options, cursor: options.cursor ? '<cursor>' : undefined },
          |               ^
      161 |         result: result.result, failure: result.failure, queries: result.queries.length, pid: result.pid }));
      162 |       resolveDone(result);
      163 |     };

      at settleWorker (test/utils/g2-pg17-harness.ts:160:15)
      at ChildProcess.<anonymous> (test/utils/g2-pg17-harness.ts:165:51)

  console.warn
    PG17_PROCESS {"name":"g2p17_162","old":false,"options":{"action":"entities","family":"workouts","cursor":"<cursor>"},"result":{"intent_id":"intent","family":"workouts","entities":[{"id":"9bdd6bea-cfda-4151-8877-41815dace1c2","source_platform":"truecoach","entity_type":"workouts","source_id":"a","client_source_id":"client-new","label":"Synthetic A","created_at":"2026-09-20T18:55:17.195Z","updated_at":"2026-09-20T18:55:17.195Z"}],"page_count":1,"next_cursor":null},"queries":6,"pid":32652}

      158 |       if (code !== 0 || !result) { reject(new Error(`worker exited ${code}: ${output}`)); return; }
      159 |       // Query shapes, outcomes, fixture identifiers and process IDs only; never parameters.
    > 160 |       console.warn('PG17_PROCESS', JSON.stringify({ name, old, options: { ...options, cursor: options.cursor ? '<cursor>' : undefined },
          |               ^
      161 |         result: result.result, failure: result.failure, queries: result.queries.length, pid: result.pid }));
      162 |       resolveDone(result);
      163 |     };

      at settleWorker (test/utils/g2-pg17-harness.ts:160:15)
      at ChildProcess.<anonymous> (test/utils/g2-pg17-harness.ts:165:51)

  console.warn
    PG17_PROCESS {"name":"g2p17_163","old":false,"options":{},"result":{"intent_id":"intent","staged":2,"reconstructed":2,"skipped":0,"failed":0},"queries":20,"pid":32676}

      158 |       if (code !== 0 || !result) { reject(new Error(`worker exited ${code}: ${output}`)); return; }
      159 |       // Query shapes, outcomes, fixture identifiers and process IDs only; never parameters.
    > 160 |       console.warn('PG17_PROCESS', JSON.stringify({ name, old, options: { ...options, cursor: options.cursor ? '<cursor>' : undefined },
          |               ^
      161 |         result: result.result, failure: result.failure, queries: result.queries.length, pid: result.pid }));
      162 |       resolveDone(result);
      163 |     };

      at settleWorker (test/utils/g2-pg17-harness.ts:160:15)
      at ChildProcess.<anonymous> (test/utils/g2-pg17-harness.ts:165:51)

  console.warn
    PG17_RESOLVE_ROLLED_BACK {"ok":false,"output":"Prisma schema loaded from prisma/schema.prisma\nDatasource \"db\": PostgreSQL database \"g2_s5_etq0_disposable\", schema \"public\" at \"127.0.0.1:54325\"\n\nError: P3012\n\nMigration `20270118000000_scout_ledger_platform_expand` cannot be rolled back because it is not in a failed state.\n\n"}

      769 |     // is refused (P3012) and history is untouched. It is NOT a recovery step for this state.
      770 |     const resolveAttempt = prisma(root, ['migrate', 'resolve', '--rolled-back', E]);
    > 771 |     console.warn('PG17_RESOLVE_ROLLED_BACK', JSON.stringify(resolveAttempt));
          |             ^
      772 |     expect(resolveAttempt.ok).toBe(false);
      773 |     expect(resolveAttempt.output).toMatch(/P3012/);
      774 |     expect(appliedMigrations()).toBe('165');

      at Object.<anonymous> (test/rls-g2-pg17-etq0.spec.ts:771:13)

  console.warn
    PG17_PROCESS {"name":"g2p17_164","old":true,"options":{},"result":{"intent_id":"intent","staged":3,"reconstructed":3,"skipped":0,"failed":0},"queries":16,"pid":354}

      158 |       if (code !== 0 || !result) { reject(new Error(`worker exited ${code}: ${output}`)); return; }
      159 |       // Query shapes, outcomes, fixture identifiers and process IDs only; never parameters.
    > 160 |       console.warn('PG17_PROCESS', JSON.stringify({ name, old, options: { ...options, cursor: options.cursor ? '<cursor>' : undefined },
          |               ^
      161 |         result: result.result, failure: result.failure, queries: result.queries.length, pid: result.pid }));
      162 |       resolveDone(result);
      163 |     };

      at settleWorker (test/utils/g2-pg17-harness.ts:160:15)
      at ChildProcess.<anonymous> (test/utils/g2-pg17-harness.ts:165:51)

  console.warn
    PG17_PROCESS {"name":"g2p17_165","old":false,"options":{},"failure":{"status":500,"message":"Internal server error","code":"P2022"},"queries":12,"pid":374}

      158 |       if (code !== 0 || !result) { reject(new Error(`worker exited ${code}: ${output}`)); return; }
      159 |       // Query shapes, outcomes, fixture identifiers and process IDs only; never parameters.
    > 160 |       console.warn('PG17_PROCESS', JSON.stringify({ name, old, options: { ...options, cursor: options.cursor ? '<cursor>' : undefined },
          |               ^
      161 |         result: result.result, failure: result.failure, queries: result.queries.length, pid: result.pid }));
      162 |       resolveDone(result);
      163 |     };

      at settleWorker (test/utils/g2-pg17-harness.ts:160:15)
      at ChildProcess.<anonymous> (test/utils/g2-pg17-harness.ts:165:51)

  console.warn
    PG17_PROCESS {"name":"g2p17_166","old":false,"options":{},"result":{"intent_id":"intent","staged":3,"reconstructed":3,"skipped":0,"failed":0},"queries":28,"pid":431}

      158 |       if (code !== 0 || !result) { reject(new Error(`worker exited ${code}: ${output}`)); return; }
      159 |       // Query shapes, outcomes, fixture identifiers and process IDs only; never parameters.
    > 160 |       console.warn('PG17_PROCESS', JSON.stringify({ name, old, options: { ...options, cursor: options.cursor ? '<cursor>' : undefined },
          |               ^
      161 |         result: result.result, failure: result.failure, queries: result.queries.length, pid: result.pid }));
      162 |       resolveDone(result);
      163 |     };

      at settleWorker (test/utils/g2-pg17-harness.ts:160:15)
      at ChildProcess.<anonymous> (test/utils/g2-pg17-harness.ts:165:51)

  console.warn
    PG17_PROCESS {"name":"g2p17_167","old":false,"options":{},"result":{"intent_id":"intent","staged":1,"reconstructed":1,"skipped":0,"failed":0},"queries":12,"pid":460}

      158 |       if (code !== 0 || !result) { reject(new Error(`worker exited ${code}: ${output}`)); return; }
      159 |       // Query shapes, outcomes, fixture identifiers and process IDs only; never parameters.
    > 160 |       console.warn('PG17_PROCESS', JSON.stringify({ name, old, options: { ...options, cursor: options.cursor ? '<cursor>' : undefined },
          |               ^
      161 |         result: result.result, failure: result.failure, queries: result.queries.length, pid: result.pid }));
      162 |       resolveDone(result);
      163 |     };

      at settleWorker (test/utils/g2-pg17-harness.ts:160:15)
      at ChildProcess.<anonymous> (test/utils/g2-pg17-harness.ts:165:51)

  console.warn
    PG17_CLAIM_RACE {"branch":"down-applied","message":""}

      827 |     try {
      828 |       try { sql(down); branch = 'down-applied'; } catch (e) { message = String(e); }
    > 829 |       console.warn('PG17_CLAIM_RACE', JSON.stringify({ branch, message: message.split('\n').find((l) => l.includes('ERROR')) ?? '' }));
          |               ^
      830 |       if (branch === 'down-refused') {
      831 |         // Either the lock budget fired or the claim was visible and refused; the column survives.
      832 |         expect(message).toMatch(/lock timeout|refuses removal of assigned provenance/);

      at Object.<anonymous> (test/rls-g2-pg17-etq0.spec.ts:829:15)

  console.warn
    PG17_PROCESS {"name":"g2p17_168","old":false,"options":{"pause":"claimed"},"failure":{"status":500,"message":"Internal server error","code":"P2022"},"queries":14,"pid":503}

      158 |       if (code !== 0 || !result) { reject(new Error(`worker exited ${code}: ${output}`)); return; }
      159 |       // Query shapes, outcomes, fixture identifiers and process IDs only; never parameters.
    > 160 |       console.warn('PG17_PROCESS', JSON.stringify({ name, old, options: { ...options, cursor: options.cursor ? '<cursor>' : undefined },
          |               ^
      161 |         result: result.result, failure: result.failure, queries: result.queries.length, pid: result.pid }));
      162 |       resolveDone(result);
      163 |     };

      at settleWorker (test/utils/g2-pg17-harness.ts:160:15)
      at ChildProcess.<anonymous> (test/utils/g2-pg17-harness.ts:165:51)

  console.warn
    PG17_CLAIM_RACE_WORKER {"failure":{"status":500,"message":"Internal server error","code":"P2022"}}

      842 |       paused.release();
      843 |       const outcome = await paused.done;
    > 844 |       console.warn('PG17_CLAIM_RACE_WORKER', JSON.stringify({ result: outcome.result, failure: outcome.failure }));
          |               ^
      845 |     } finally { paused.stop(); }
      846 |     if (branch === 'down-applied') { sqlFile(upFile); }
      847 |     expect(hasColumn()).toBe('1');

      at Object.<anonymous> (test/rls-g2-pg17-etq0.spec.ts:844:15)

PASS rls-live test/rls-g2-pg17-etq0.spec.ts (201.071 s)
  stage 1: E on a populated narrow base with the actual O binary
    ✓ populates synthetic legacy history without a provenance column and O reconstructs 600 staged rows (13669 ms)
    ✓ applies E: rows, OIDs, keys, RLS and policies preserved; column nullable without default (434 ms)
    ✓ keeps the actual O writer and readers working on E, creating NULL provenance (18487 ms)
    ✓ retains forced RLS denial for anon/authenticated on every touched table, even with a hostile claim (940 ms)
    ✓ refuses a wrong public index owner in up on the populated base (394 ms)
    ✓ refuses a wrong public index owner in down on the populated base (292 ms)
    ✓ schema-qualifies both directions despite search_path decoys, leaving 1230 populated rows intact (429 ms)
    ✓ forced-RLS non-bypass owning role cannot drop hidden provenance (populated=true) (307 ms)
    ✓ forced-RLS non-bypass owning role cannot drop hidden provenance (populated=false) (267 ms)
    ✓ rolls E back only while every provenance is NULL, preserving rows, then re-applies (548 ms)
  stage 2: E recorded through the real release mechanism
    ✓ prisma migrate deploy applies exactly E on the populated database and records history (2370 ms)
  stage 3: T provenance, atomicity, accounting and collisions on PostgreSQL 17
    ✓ claims historical NULL history at volume with honest multi-page accounting and identical replay (8765 ms)
    ✓ claims only the exact coach/intent/family identity and leaves adjacent tenants untouched (2108 ms)
    ✓ creates every outcome with actual provenance, isolates failures and replays honestly (2099 ms)
    ✓ claims historical NULL on reconstructed attempts (965 ms)
    ✓ claims historical NULL on skipped attempts (1043 ms)
    ✓ claims historical NULL on failed attempts (1025 ms)
    ✓ rolls back new and pre-existing clients target changes on late mismatch (2952 ms)
    ✓ rolls back new and pre-existing workouts target changes on late mismatch (3043 ms)
    ✓ fail-stops mid-batch on a legacy provenance contradiction, keeping earlier committed rows and honest durable counts (2131 ms)
    ✓ preserves success and reason on skip failure/skip, but still checks mismatch (2897 ms)
    ✓ preserves success and reason on throw failure/skip, but still checks mismatch (2849 ms)
    ✓ preserves success and reason on database failure/skip, but still checks mismatch (2951 ms)
    ✓ rejects invalid staging before writes and preserves narrow staging/ledger identities (6650 ms)
    ✓ cross-intent same source: same platform converges on one Person, different platform mints a second (3978 ms)
    ✓ characterizes the retained narrow ledger collision: one intent cannot carry two platforms for one source (1072 ms)
    ✓ characterizes actual O after T: provenance stays but O can downgrade success (4175 ms)
  stage 3b: deterministically coordinated T/T and O/T processes on PostgreSQL 17
    ✓ concurrent success replays with false old winner converge on one target (2006 ms)
    ✓ concurrent success replays with true old winner converge on one target (1988 ms)
    ✓ two absent skip inserts observe real P2002 contention and bounded full-transaction retry (1727 ms)
    ✓ retries real PostgreSQL serialization failure once for skip (1195 ms)
    ✓ retries real PostgreSQL serialization failure once for throw (1120 ms)
    ✓ retries real PostgreSQL serialization failure once for success (1252 ms)
    ✓ exhausted real ledger serialization conflicts stop after two transactions with no invented tally (1132 ms)
    ✓ success holds claim while a failing false old writer waits (2253 ms)
    ✓ success holds claim while a failing true old writer waits (2170 ms)
    ✓ success holds claim while a skipped false old writer waits (2031 ms)
    ✓ success holds claim while a skipped true old writer waits (2028 ms)
    ✓ T success upgrades serialized skip while target write is open (1829 ms)
    ✓ T success upgrades serialized throw while target write is open (1842 ms)
    ✓ concurrent different-platform NULL claims serialize and the loser rolls back target changes (2019 ms)
  stage 4: Q0 real scoped reads, cursor boundaries and unchanged emission
    ✓ enumerates exact narrow-schema clients page union and retains NULL legacy history (8755 ms)
    ✓ enumerates exact narrow-schema workouts page union and retains NULL legacy history (8899 ms)
    ✓ characterizes clients ties ONLY in a temporary future-schema fixture (3777 ms)
    ✓ characterizes workouts ties ONLY in a temporary future-schema fixture (3693 ms)
    ✓ bounds clients cursor tokens at 8,192 characters and rejects every malformed shape without reflection (15112 ms)
    ✓ bounds workouts cursor tokens at 8,192 characters and rejects every malformed shape without reflection (14971 ms)
  stage 5: rollout recovery boundaries after T has claimed provenance
    ✓ refuses destructive E rollback while any claim exists, keeps history, and only a drained ledger can roll back (7573 ms)
    ✓ E/down lock budgets fail atomically against a live writer transaction instead of queueing behind it (11254 ms)
    ✓ characterizes down against an actual T claim transaction paused inside its interactive transaction (6197 ms)

Test Suites: 1 passed, 1 total
Tests:       50 passed, 50 total
Snapshots:   0 total
Time:        201.356 s, estimated 212 s
Ran all test suites matching test/rls-g2-pg17-etq0.spec.ts.
