CMD: npx jest --config jest.rls.config.js test/rls-g2-pg17-etq0.spec.ts --runInBand --testTimeout=180000
  console.warn
    PG17_DATABASE {"port":54325,"user":"postgres","owner":"postgres","super":false,"address":"127.0.0.1","version":"170006","database":"g2_s5_etq0_disposable","bypassrls":true,"directory":"/home/user/pg17/clusters/s5"}

      41 |   expect(Number(identity.version)).toBeLessThan(180000);
      42 |   expect(directory).toMatch(/\/pg17\/clusters\/s5$/);
    > 43 |   console.warn('PG17_DATABASE', JSON.stringify(identity));
         |           ^
      44 |   // Bootstrap leaves the full 164-migration O history and NO E column/history.
      45 |   expect(appliedMigrations()).toBe('164');
      46 |   expect(sql(`SELECT count(*) FROM "_prisma_migrations" WHERE migration_name=${quote(E)}`)).toBe('0');

      at Object.<anonymous> (test/rls-g2-pg17-etq0.spec.ts:43:11)

  console.warn
    PG17_API_ROLE_TABLE_PRIVILEGES Person=DELETE,INSERT,REFERENCES,SELECT,TRIGGER,TRUNCATE,UPDATE ScoutIngestEntity=DELETE,INSERT,REFERENCES,SELECT,TRIGGER,TRUNCATE,UPDATE ScoutReconstructedEntity=DELETE,INSERT,REFERENCES,SELECT,TRIGGER,TRUNCATE,UPDATE ScoutReconstructionLedger=DELETE,INSERT,REFERENCES,SELECT,TRIGGER,TRUNCATE,UPDATE

      62 |     GRANT ALL ON public."ScoutIngestEntity",public."ScoutReconstructionLedger",
      63 |       public."Person",public."ScoutReconstructedEntity",public."ScoutImport" TO service_role,anon,authenticated;`);
    > 64 |   console.warn('PG17_API_ROLE_TABLE_PRIVILEGES', sql(`SELECT string_agg(table_name||'='||privileges,' ' ORDER BY table_name) FROM (
         |           ^
      65 |     SELECT table_name, string_agg(privilege_type,',' ORDER BY privilege_type) privileges
      66 |     FROM information_schema.role_table_grants WHERE grantee='anon' AND table_schema='public'
      67 |     AND table_name IN ('ScoutIngestEntity','ScoutReconstructionLedger','Person','ScoutReconstructedEntity') GROUP BY 1) g`));

      at Object.<anonymous> (test/rls-g2-pg17-etq0.spec.ts:64:11)

  console.warn
    PG17_PROCESS {"name":"g2p17_2","old":true,"options":{"family":"workouts"},"result":{"intent_id":"intent","staged":30,"reconstructed":38,"skipped":8,"failed":9},"queries":124,"pid":10789}

      158 |       if (code !== 0 || !result) { reject(new Error(`worker exited ${code}: ${output}`)); return; }
      159 |       // Query shapes, outcomes, fixture identifiers and process IDs only; never parameters.
    > 160 |       console.warn('PG17_PROCESS', JSON.stringify({ name, old, options: { ...options, cursor: options.cursor ? '<cursor>' : undefined },
          |               ^
      161 |         result: result.result, failure: result.failure, queries: result.queries.length, pid: result.pid }));
      162 |       resolveDone(result);
      163 |     };

      at settleWorker (test/utils/g2-pg17-harness.ts:160:15)
      at ChildProcess.<anonymous> (test/utils/g2-pg17-harness.ts:165:51)

  console.warn
    PG17_PROCESS {"name":"g2p17_5","old":false,"options":{},"result":{"intent_id":"intent","staged":1,"reconstructed":1,"skipped":0,"failed":0},"queries":12,"pid":11048}

      158 |       if (code !== 0 || !result) { reject(new Error(`worker exited ${code}: ${output}`)); return; }
      159 |       // Query shapes, outcomes, fixture identifiers and process IDs only; never parameters.
    > 160 |       console.warn('PG17_PROCESS', JSON.stringify({ name, old, options: { ...options, cursor: options.cursor ? '<cursor>' : undefined },
          |               ^
      161 |         result: result.result, failure: result.failure, queries: result.queries.length, pid: result.pid }));
      162 |       resolveDone(result);
      163 |     };

      at settleWorker (test/utils/g2-pg17-harness.ts:160:15)
      at ChildProcess.<anonymous> (test/utils/g2-pg17-harness.ts:165:51)

  console.warn
    PG17_PROCESS {"name":"g2p17_6","old":false,"options":{"coach":"other"},"result":{"intent_id":"intent","staged":0,"reconstructed":1,"skipped":0,"failed":0},"queries":3,"pid":11069}

      158 |       if (code !== 0 || !result) { reject(new Error(`worker exited ${code}: ${output}`)); return; }
      159 |       // Query shapes, outcomes, fixture identifiers and process IDs only; never parameters.
    > 160 |       console.warn('PG17_PROCESS', JSON.stringify({ name, old, options: { ...options, cursor: options.cursor ? '<cursor>' : undefined },
          |               ^
      161 |         result: result.result, failure: result.failure, queries: result.queries.length, pid: result.pid }));
      162 |       resolveDone(result);
      163 |     };

      at settleWorker (test/utils/g2-pg17-harness.ts:160:15)
      at ChildProcess.<anonymous> (test/utils/g2-pg17-harness.ts:165:51)

  console.warn
    PG17_PROCESS {"name":"g2p17_7","old":false,"options":{},"result":{"intent_id":"intent","staged":4,"reconstructed":2,"skipped":1,"failed":1},"queries":37,"pid":11099}

      158 |       if (code !== 0 || !result) { reject(new Error(`worker exited ${code}: ${output}`)); return; }
      159 |       // Query shapes, outcomes, fixture identifiers and process IDs only; never parameters.
    > 160 |       console.warn('PG17_PROCESS', JSON.stringify({ name, old, options: { ...options, cursor: options.cursor ? '<cursor>' : undefined },
          |               ^
      161 |         result: result.result, failure: result.failure, queries: result.queries.length, pid: result.pid }));
      162 |       resolveDone(result);
      163 |     };

      at settleWorker (test/utils/g2-pg17-harness.ts:160:15)
      at ChildProcess.<anonymous> (test/utils/g2-pg17-harness.ts:165:51)

  console.warn
    PG17_PROCESS {"name":"g2p17_8","old":false,"options":{},"result":{"intent_id":"intent","staged":4,"reconstructed":2,"skipped":1,"failed":1},"queries":37,"pid":11118}

      158 |       if (code !== 0 || !result) { reject(new Error(`worker exited ${code}: ${output}`)); return; }
      159 |       // Query shapes, outcomes, fixture identifiers and process IDs only; never parameters.
    > 160 |       console.warn('PG17_PROCESS', JSON.stringify({ name, old, options: { ...options, cursor: options.cursor ? '<cursor>' : undefined },
          |               ^
      161 |         result: result.result, failure: result.failure, queries: result.queries.length, pid: result.pid }));
      162 |       resolveDone(result);
      163 |     };

      at settleWorker (test/utils/g2-pg17-harness.ts:160:15)
      at ChildProcess.<anonymous> (test/utils/g2-pg17-harness.ts:165:51)

  console.warn
    PG17_PROCESS {"name":"g2p17_9","old":false,"options":{},"result":{"intent_id":"intent","staged":1,"reconstructed":1,"skipped":0,"failed":0},"queries":12,"pid":11144}

      158 |       if (code !== 0 || !result) { reject(new Error(`worker exited ${code}: ${output}`)); return; }
      159 |       // Query shapes, outcomes, fixture identifiers and process IDs only; never parameters.
    > 160 |       console.warn('PG17_PROCESS', JSON.stringify({ name, old, options: { ...options, cursor: options.cursor ? '<cursor>' : undefined },
          |               ^
      161 |         result: result.result, failure: result.failure, queries: result.queries.length, pid: result.pid }));
      162 |       resolveDone(result);
      163 |     };

      at settleWorker (test/utils/g2-pg17-harness.ts:160:15)
      at ChildProcess.<anonymous> (test/utils/g2-pg17-harness.ts:165:51)

  console.warn
    PG17_PROCESS {"name":"g2p17_10","old":false,"options":{"mapper":"skip"},"result":{"intent_id":"intent","staged":1,"reconstructed":0,"skipped":1,"failed":0},"queries":11,"pid":11170}

      158 |       if (code !== 0 || !result) { reject(new Error(`worker exited ${code}: ${output}`)); return; }
      159 |       // Query shapes, outcomes, fixture identifiers and process IDs only; never parameters.
    > 160 |       console.warn('PG17_PROCESS', JSON.stringify({ name, old, options: { ...options, cursor: options.cursor ? '<cursor>' : undefined },
          |               ^
      161 |         result: result.result, failure: result.failure, queries: result.queries.length, pid: result.pid }));
      162 |       resolveDone(result);
      163 |     };

      at settleWorker (test/utils/g2-pg17-harness.ts:160:15)
      at ChildProcess.<anonymous> (test/utils/g2-pg17-harness.ts:165:51)

  console.warn
    PG17_PROCESS {"name":"g2p17_11","old":false,"options":{},"result":{"intent_id":"intent","staged":1,"reconstructed":0,"skipped":0,"failed":1},"queries":14,"pid":11196}

      158 |       if (code !== 0 || !result) { reject(new Error(`worker exited ${code}: ${output}`)); return; }
      159 |       // Query shapes, outcomes, fixture identifiers and process IDs only; never parameters.
    > 160 |       console.warn('PG17_PROCESS', JSON.stringify({ name, old, options: { ...options, cursor: options.cursor ? '<cursor>' : undefined },
          |               ^
      161 |         result: result.result, failure: result.failure, queries: result.queries.length, pid: result.pid }));
      162 |       resolveDone(result);
      163 |     };

      at settleWorker (test/utils/g2-pg17-harness.ts:160:15)
      at ChildProcess.<anonymous> (test/utils/g2-pg17-harness.ts:165:51)

  console.warn
    PG17_PROCESS {"name":"g2p17_12","old":false,"options":{"family":"clients"},"failure":{"status":409,"message":"reconstruction provenance conflict"},"queries":10,"pid":11226}

      158 |       if (code !== 0 || !result) { reject(new Error(`worker exited ${code}: ${output}`)); return; }
      159 |       // Query shapes, outcomes, fixture identifiers and process IDs only; never parameters.
    > 160 |       console.warn('PG17_PROCESS', JSON.stringify({ name, old, options: { ...options, cursor: options.cursor ? '<cursor>' : undefined },
          |               ^
      161 |         result: result.result, failure: result.failure, queries: result.queries.length, pid: result.pid }));
      162 |       resolveDone(result);
      163 |     };

      at settleWorker (test/utils/g2-pg17-harness.ts:160:15)
      at ChildProcess.<anonymous> (test/utils/g2-pg17-harness.ts:165:51)

  console.warn
    PG17_PROCESS {"name":"g2p17_13","old":false,"options":{"family":"clients"},"result":{"intent_id":"intent","staged":1,"reconstructed":1,"skipped":0,"failed":0},"queries":12,"pid":11248}

      158 |       if (code !== 0 || !result) { reject(new Error(`worker exited ${code}: ${output}`)); return; }
      159 |       // Query shapes, outcomes, fixture identifiers and process IDs only; never parameters.
    > 160 |       console.warn('PG17_PROCESS', JSON.stringify({ name, old, options: { ...options, cursor: options.cursor ? '<cursor>' : undefined },
          |               ^
      161 |         result: result.result, failure: result.failure, queries: result.queries.length, pid: result.pid }));
      162 |       resolveDone(result);
      163 |     };

      at settleWorker (test/utils/g2-pg17-harness.ts:160:15)
      at ChildProcess.<anonymous> (test/utils/g2-pg17-harness.ts:165:51)

  console.warn
    PG17_PROCESS {"name":"g2p17_14","old":false,"options":{"family":"clients"},"failure":{"status":409,"message":"reconstruction provenance conflict"},"queries":10,"pid":11270}

      158 |       if (code !== 0 || !result) { reject(new Error(`worker exited ${code}: ${output}`)); return; }
      159 |       // Query shapes, outcomes, fixture identifiers and process IDs only; never parameters.
    > 160 |       console.warn('PG17_PROCESS', JSON.stringify({ name, old, options: { ...options, cursor: options.cursor ? '<cursor>' : undefined },
          |               ^
      161 |         result: result.result, failure: result.failure, queries: result.queries.length, pid: result.pid }));
      162 |       resolveDone(result);
      163 |     };

      at settleWorker (test/utils/g2-pg17-harness.ts:160:15)
      at ChildProcess.<anonymous> (test/utils/g2-pg17-harness.ts:165:51)

  console.warn
    PG17_PROCESS {"name":"g2p17_15","old":false,"options":{"family":"workouts"},"failure":{"status":409,"message":"reconstruction provenance conflict"},"queries":10,"pid":11302}

      158 |       if (code !== 0 || !result) { reject(new Error(`worker exited ${code}: ${output}`)); return; }
      159 |       // Query shapes, outcomes, fixture identifiers and process IDs only; never parameters.
    > 160 |       console.warn('PG17_PROCESS', JSON.stringify({ name, old, options: { ...options, cursor: options.cursor ? '<cursor>' : undefined },
          |               ^
      161 |         result: result.result, failure: result.failure, queries: result.queries.length, pid: result.pid }));
      162 |       resolveDone(result);
      163 |     };

      at settleWorker (test/utils/g2-pg17-harness.ts:160:15)
      at ChildProcess.<anonymous> (test/utils/g2-pg17-harness.ts:165:51)

  console.warn
    PG17_PROCESS {"name":"g2p17_16","old":false,"options":{"family":"workouts"},"result":{"intent_id":"intent","staged":1,"reconstructed":1,"skipped":0,"failed":0},"queries":12,"pid":11324}

      158 |       if (code !== 0 || !result) { reject(new Error(`worker exited ${code}: ${output}`)); return; }
      159 |       // Query shapes, outcomes, fixture identifiers and process IDs only; never parameters.
    > 160 |       console.warn('PG17_PROCESS', JSON.stringify({ name, old, options: { ...options, cursor: options.cursor ? '<cursor>' : undefined },
          |               ^
      161 |         result: result.result, failure: result.failure, queries: result.queries.length, pid: result.pid }));
      162 |       resolveDone(result);
      163 |     };

      at settleWorker (test/utils/g2-pg17-harness.ts:160:15)
      at ChildProcess.<anonymous> (test/utils/g2-pg17-harness.ts:165:51)

  console.warn
    PG17_PROCESS {"name":"g2p17_17","old":false,"options":{"family":"workouts"},"failure":{"status":409,"message":"reconstruction provenance conflict"},"queries":10,"pid":11346}

      158 |       if (code !== 0 || !result) { reject(new Error(`worker exited ${code}: ${output}`)); return; }
      159 |       // Query shapes, outcomes, fixture identifiers and process IDs only; never parameters.
    > 160 |       console.warn('PG17_PROCESS', JSON.stringify({ name, old, options: { ...options, cursor: options.cursor ? '<cursor>' : undefined },
          |               ^
      161 |         result: result.result, failure: result.failure, queries: result.queries.length, pid: result.pid }));
      162 |       resolveDone(result);
      163 |     };

      at settleWorker (test/utils/g2-pg17-harness.ts:160:15)
      at ChildProcess.<anonymous> (test/utils/g2-pg17-harness.ts:165:51)

  console.warn
    PG17_PROCESS {"name":"g2p17_18","old":false,"options":{},"failure":{"status":409,"message":"reconstruction provenance conflict"},"queries":26,"pid":11381}

      158 |       if (code !== 0 || !result) { reject(new Error(`worker exited ${code}: ${output}`)); return; }
      159 |       // Query shapes, outcomes, fixture identifiers and process IDs only; never parameters.
    > 160 |       console.warn('PG17_PROCESS', JSON.stringify({ name, old, options: { ...options, cursor: options.cursor ? '<cursor>' : undefined },
          |               ^
      161 |         result: result.result, failure: result.failure, queries: result.queries.length, pid: result.pid }));
      162 |       resolveDone(result);
      163 |     };

      at settleWorker (test/utils/g2-pg17-harness.ts:160:15)
      at ChildProcess.<anonymous> (test/utils/g2-pg17-harness.ts:165:51)

  console.warn
    PG17_PROCESS {"name":"g2p17_19","old":false,"options":{},"result":{"intent_id":"intent","staged":4,"reconstructed":4,"skipped":0,"failed":0},"queries":36,"pid":11403}

      158 |       if (code !== 0 || !result) { reject(new Error(`worker exited ${code}: ${output}`)); return; }
      159 |       // Query shapes, outcomes, fixture identifiers and process IDs only; never parameters.
    > 160 |       console.warn('PG17_PROCESS', JSON.stringify({ name, old, options: { ...options, cursor: options.cursor ? '<cursor>' : undefined },
          |               ^
      161 |         result: result.result, failure: result.failure, queries: result.queries.length, pid: result.pid }));
      162 |       resolveDone(result);
      163 |     };

      at settleWorker (test/utils/g2-pg17-harness.ts:160:15)
      at ChildProcess.<anonymous> (test/utils/g2-pg17-harness.ts:165:51)

  console.warn
    PG17_PROCESS {"name":"g2p17_20","old":false,"options":{},"result":{"intent_id":"intent","staged":1,"reconstructed":1,"skipped":0,"failed":0},"queries":12,"pid":11427}

      158 |       if (code !== 0 || !result) { reject(new Error(`worker exited ${code}: ${output}`)); return; }
      159 |       // Query shapes, outcomes, fixture identifiers and process IDs only; never parameters.
    > 160 |       console.warn('PG17_PROCESS', JSON.stringify({ name, old, options: { ...options, cursor: options.cursor ? '<cursor>' : undefined },
          |               ^
      161 |         result: result.result, failure: result.failure, queries: result.queries.length, pid: result.pid }));
      162 |       resolveDone(result);
      163 |     };

      at settleWorker (test/utils/g2-pg17-harness.ts:160:15)
      at ChildProcess.<anonymous> (test/utils/g2-pg17-harness.ts:165:51)

  console.warn
    PG17_PROCESS {"name":"g2p17_21","old":false,"options":{"mapper":"skip"},"result":{"intent_id":"intent","staged":1,"reconstructed":1,"skipped":0,"failed":0},"queries":11,"pid":11448}

      158 |       if (code !== 0 || !result) { reject(new Error(`worker exited ${code}: ${output}`)); return; }
      159 |       // Query shapes, outcomes, fixture identifiers and process IDs only; never parameters.
    > 160 |       console.warn('PG17_PROCESS', JSON.stringify({ name, old, options: { ...options, cursor: options.cursor ? '<cursor>' : undefined },
          |               ^
      161 |         result: result.result, failure: result.failure, queries: result.queries.length, pid: result.pid }));
      162 |       resolveDone(result);
      163 |     };

      at settleWorker (test/utils/g2-pg17-harness.ts:160:15)
      at ChildProcess.<anonymous> (test/utils/g2-pg17-harness.ts:165:51)

  console.warn
    PG17_PROCESS {"name":"g2p17_22","old":false,"options":{"mapper":"skip"},"failure":{"status":409,"message":"reconstruction provenance conflict"},"queries":9,"pid":11470}

      158 |       if (code !== 0 || !result) { reject(new Error(`worker exited ${code}: ${output}`)); return; }
      159 |       // Query shapes, outcomes, fixture identifiers and process IDs only; never parameters.
    > 160 |       console.warn('PG17_PROCESS', JSON.stringify({ name, old, options: { ...options, cursor: options.cursor ? '<cursor>' : undefined },
          |               ^
      161 |         result: result.result, failure: result.failure, queries: result.queries.length, pid: result.pid }));
      162 |       resolveDone(result);
      163 |     };

      at settleWorker (test/utils/g2-pg17-harness.ts:160:15)
      at ChildProcess.<anonymous> (test/utils/g2-pg17-harness.ts:165:51)

  console.warn
    PG17_PROCESS {"name":"g2p17_23","old":false,"options":{},"result":{"intent_id":"intent","staged":1,"reconstructed":1,"skipped":0,"failed":0},"queries":12,"pid":11494}

      158 |       if (code !== 0 || !result) { reject(new Error(`worker exited ${code}: ${output}`)); return; }
      159 |       // Query shapes, outcomes, fixture identifiers and process IDs only; never parameters.
    > 160 |       console.warn('PG17_PROCESS', JSON.stringify({ name, old, options: { ...options, cursor: options.cursor ? '<cursor>' : undefined },
          |               ^
      161 |         result: result.result, failure: result.failure, queries: result.queries.length, pid: result.pid }));
      162 |       resolveDone(result);
      163 |     };

      at settleWorker (test/utils/g2-pg17-harness.ts:160:15)
      at ChildProcess.<anonymous> (test/utils/g2-pg17-harness.ts:165:51)

  console.warn
    PG17_PROCESS {"name":"g2p17_24","old":false,"options":{"mapper":"throw"},"result":{"intent_id":"intent","staged":1,"reconstructed":1,"skipped":0,"failed":0},"queries":11,"pid":11515}

      158 |       if (code !== 0 || !result) { reject(new Error(`worker exited ${code}: ${output}`)); return; }
      159 |       // Query shapes, outcomes, fixture identifiers and process IDs only; never parameters.
    > 160 |       console.warn('PG17_PROCESS', JSON.stringify({ name, old, options: { ...options, cursor: options.cursor ? '<cursor>' : undefined },
          |               ^
      161 |         result: result.result, failure: result.failure, queries: result.queries.length, pid: result.pid }));
      162 |       resolveDone(result);
      163 |     };

      at settleWorker (test/utils/g2-pg17-harness.ts:160:15)
      at ChildProcess.<anonymous> (test/utils/g2-pg17-harness.ts:165:51)

  console.warn
    PG17_PROCESS {"name":"g2p17_25","old":false,"options":{"mapper":"throw"},"failure":{"status":409,"message":"reconstruction provenance conflict"},"queries":9,"pid":11537}

      158 |       if (code !== 0 || !result) { reject(new Error(`worker exited ${code}: ${output}`)); return; }
      159 |       // Query shapes, outcomes, fixture identifiers and process IDs only; never parameters.
    > 160 |       console.warn('PG17_PROCESS', JSON.stringify({ name, old, options: { ...options, cursor: options.cursor ? '<cursor>' : undefined },
          |               ^
      161 |         result: result.result, failure: result.failure, queries: result.queries.length, pid: result.pid }));
      162 |       resolveDone(result);
      163 |     };

      at settleWorker (test/utils/g2-pg17-harness.ts:160:15)
      at ChildProcess.<anonymous> (test/utils/g2-pg17-harness.ts:165:51)

  console.warn
    PG17_PROCESS {"name":"g2p17_26","old":false,"options":{},"result":{"intent_id":"intent","staged":1,"reconstructed":1,"skipped":0,"failed":0},"queries":12,"pid":11561}

      158 |       if (code !== 0 || !result) { reject(new Error(`worker exited ${code}: ${output}`)); return; }
      159 |       // Query shapes, outcomes, fixture identifiers and process IDs only; never parameters.
    > 160 |       console.warn('PG17_PROCESS', JSON.stringify({ name, old, options: { ...options, cursor: options.cursor ? '<cursor>' : undefined },
          |               ^
      161 |         result: result.result, failure: result.failure, queries: result.queries.length, pid: result.pid }));
      162 |       resolveDone(result);
      163 |     };

      at settleWorker (test/utils/g2-pg17-harness.ts:160:15)
      at ChildProcess.<anonymous> (test/utils/g2-pg17-harness.ts:165:51)

  console.warn
    PG17_PROCESS {"name":"g2p17_27","old":false,"options":{},"result":{"intent_id":"intent","staged":1,"reconstructed":1,"skipped":0,"failed":0},"queries":14,"pid":11583}

      158 |       if (code !== 0 || !result) { reject(new Error(`worker exited ${code}: ${output}`)); return; }
      159 |       // Query shapes, outcomes, fixture identifiers and process IDs only; never parameters.
    > 160 |       console.warn('PG17_PROCESS', JSON.stringify({ name, old, options: { ...options, cursor: options.cursor ? '<cursor>' : undefined },
          |               ^
      161 |         result: result.result, failure: result.failure, queries: result.queries.length, pid: result.pid }));
      162 |       resolveDone(result);
      163 |     };

      at settleWorker (test/utils/g2-pg17-harness.ts:160:15)
      at ChildProcess.<anonymous> (test/utils/g2-pg17-harness.ts:165:51)

  console.warn
    PG17_PROCESS {"name":"g2p17_28","old":false,"options":{},"failure":{"status":409,"message":"reconstruction provenance conflict"},"queries":12,"pid":11606}

      158 |       if (code !== 0 || !result) { reject(new Error(`worker exited ${code}: ${output}`)); return; }
      159 |       // Query shapes, outcomes, fixture identifiers and process IDs only; never parameters.
    > 160 |       console.warn('PG17_PROCESS', JSON.stringify({ name, old, options: { ...options, cursor: options.cursor ? '<cursor>' : undefined },
          |               ^
      161 |         result: result.result, failure: result.failure, queries: result.queries.length, pid: result.pid }));
      162 |       resolveDone(result);
      163 |     };

      at settleWorker (test/utils/g2-pg17-harness.ts:160:15)
      at ChildProcess.<anonymous> (test/utils/g2-pg17-harness.ts:165:51)

  console.warn
    PG17_PROCESS {"name":"g2p17_29","old":false,"options":{},"failure":{"status":409,"message":"reconstruction provenance conflict"},"queries":3,"pid":11631}

      158 |       if (code !== 0 || !result) { reject(new Error(`worker exited ${code}: ${output}`)); return; }
      159 |       // Query shapes, outcomes, fixture identifiers and process IDs only; never parameters.
    > 160 |       console.warn('PG17_PROCESS', JSON.stringify({ name, old, options: { ...options, cursor: options.cursor ? '<cursor>' : undefined },
          |               ^
      161 |         result: result.result, failure: result.failure, queries: result.queries.length, pid: result.pid }));
      162 |       resolveDone(result);
      163 |     };

      at settleWorker (test/utils/g2-pg17-harness.ts:160:15)
      at ChildProcess.<anonymous> (test/utils/g2-pg17-harness.ts:165:51)

  console.warn
    PG17_PROCESS {"name":"g2p17_30","old":false,"options":{},"result":{"intent_id":"intent","staged":1,"reconstructed":1,"skipped":0,"failed":0},"queries":12,"pid":11655}

      158 |       if (code !== 0 || !result) { reject(new Error(`worker exited ${code}: ${output}`)); return; }
      159 |       // Query shapes, outcomes, fixture identifiers and process IDs only; never parameters.
    > 160 |       console.warn('PG17_PROCESS', JSON.stringify({ name, old, options: { ...options, cursor: options.cursor ? '<cursor>' : undefined },
          |               ^
      161 |         result: result.result, failure: result.failure, queries: result.queries.length, pid: result.pid }));
      162 |       resolveDone(result);
      163 |     };

      at settleWorker (test/utils/g2-pg17-harness.ts:160:15)
      at ChildProcess.<anonymous> (test/utils/g2-pg17-harness.ts:165:51)

  console.warn
    PG17_PROCESS {"name":"g2p17_31","old":false,"options":{},"failure":{"status":409,"message":"reconstruction provenance conflict"},"queries":3,"pid":11677}

      158 |       if (code !== 0 || !result) { reject(new Error(`worker exited ${code}: ${output}`)); return; }
      159 |       // Query shapes, outcomes, fixture identifiers and process IDs only; never parameters.
    > 160 |       console.warn('PG17_PROCESS', JSON.stringify({ name, old, options: { ...options, cursor: options.cursor ? '<cursor>' : undefined },
          |               ^
      161 |         result: result.result, failure: result.failure, queries: result.queries.length, pid: result.pid }));
      162 |       resolveDone(result);
      163 |     };

      at settleWorker (test/utils/g2-pg17-harness.ts:160:15)
      at ChildProcess.<anonymous> (test/utils/g2-pg17-harness.ts:165:51)

  console.warn
    PG17_PROCESS {"name":"g2p17_32","old":false,"options":{},"failure":{"status":409,"message":"reconstruction provenance conflict"},"queries":3,"pid":11699}

      158 |       if (code !== 0 || !result) { reject(new Error(`worker exited ${code}: ${output}`)); return; }
      159 |       // Query shapes, outcomes, fixture identifiers and process IDs only; never parameters.
    > 160 |       console.warn('PG17_PROCESS', JSON.stringify({ name, old, options: { ...options, cursor: options.cursor ? '<cursor>' : undefined },
          |               ^
      161 |         result: result.result, failure: result.failure, queries: result.queries.length, pid: result.pid }));
      162 |       resolveDone(result);
      163 |     };

      at settleWorker (test/utils/g2-pg17-harness.ts:160:15)
      at ChildProcess.<anonymous> (test/utils/g2-pg17-harness.ts:165:51)

  console.warn
    PG17_PROCESS {"name":"g2p17_33","old":false,"options":{},"failure":{"status":409,"message":"reconstruction provenance conflict"},"queries":3,"pid":11721}

      158 |       if (code !== 0 || !result) { reject(new Error(`worker exited ${code}: ${output}`)); return; }
      159 |       // Query shapes, outcomes, fixture identifiers and process IDs only; never parameters.
    > 160 |       console.warn('PG17_PROCESS', JSON.stringify({ name, old, options: { ...options, cursor: options.cursor ? '<cursor>' : undefined },
          |               ^
      161 |         result: result.result, failure: result.failure, queries: result.queries.length, pid: result.pid }));
      162 |       resolveDone(result);
      163 |     };

      at settleWorker (test/utils/g2-pg17-harness.ts:160:15)
      at ChildProcess.<anonymous> (test/utils/g2-pg17-harness.ts:165:51)

  console.warn
    PG17_PROCESS {"name":"g2p17_34","old":false,"options":{},"failure":{"status":409,"message":"reconstruction provenance conflict"},"queries":3,"pid":11743}

      158 |       if (code !== 0 || !result) { reject(new Error(`worker exited ${code}: ${output}`)); return; }
      159 |       // Query shapes, outcomes, fixture identifiers and process IDs only; never parameters.
    > 160 |       console.warn('PG17_PROCESS', JSON.stringify({ name, old, options: { ...options, cursor: options.cursor ? '<cursor>' : undefined },
          |               ^
      161 |         result: result.result, failure: result.failure, queries: result.queries.length, pid: result.pid }));
      162 |       resolveDone(result);
      163 |     };

      at settleWorker (test/utils/g2-pg17-harness.ts:160:15)
      at ChildProcess.<anonymous> (test/utils/g2-pg17-harness.ts:165:51)

  console.warn
    PG17_PROCESS {"name":"g2p17_35","old":false,"options":{},"failure":{"status":409,"message":"reconstruction provenance conflict"},"queries":3,"pid":11765}

      158 |       if (code !== 0 || !result) { reject(new Error(`worker exited ${code}: ${output}`)); return; }
      159 |       // Query shapes, outcomes, fixture identifiers and process IDs only; never parameters.
    > 160 |       console.warn('PG17_PROCESS', JSON.stringify({ name, old, options: { ...options, cursor: options.cursor ? '<cursor>' : undefined },
          |               ^
      161 |         result: result.result, failure: result.failure, queries: result.queries.length, pid: result.pid }));
      162 |       resolveDone(result);
      163 |     };

      at settleWorker (test/utils/g2-pg17-harness.ts:160:15)
      at ChildProcess.<anonymous> (test/utils/g2-pg17-harness.ts:165:51)

  console.warn
    PG17_PROCESS {"name":"g2p17_36","old":false,"options":{},"result":{"intent_id":"intent","staged":1,"reconstructed":1,"skipped":0,"failed":0},"queries":12,"pid":11798}

      158 |       if (code !== 0 || !result) { reject(new Error(`worker exited ${code}: ${output}`)); return; }
      159 |       // Query shapes, outcomes, fixture identifiers and process IDs only; never parameters.
    > 160 |       console.warn('PG17_PROCESS', JSON.stringify({ name, old, options: { ...options, cursor: options.cursor ? '<cursor>' : undefined },
          |               ^
      161 |         result: result.result, failure: result.failure, queries: result.queries.length, pid: result.pid }));
      162 |       resolveDone(result);
      163 |     };

      at settleWorker (test/utils/g2-pg17-harness.ts:160:15)
      at ChildProcess.<anonymous> (test/utils/g2-pg17-harness.ts:165:51)

  console.warn
    PG17_PROCESS {"name":"g2p17_37","old":false,"options":{"intent":"i2"},"result":{"intent_id":"i2","staged":1,"reconstructed":1,"skipped":0,"failed":0},"queries":12,"pid":11814}

      158 |       if (code !== 0 || !result) { reject(new Error(`worker exited ${code}: ${output}`)); return; }
      159 |       // Query shapes, outcomes, fixture identifiers and process IDs only; never parameters.
    > 160 |       console.warn('PG17_PROCESS', JSON.stringify({ name, old, options: { ...options, cursor: options.cursor ? '<cursor>' : undefined },
          |               ^
      161 |         result: result.result, failure: result.failure, queries: result.queries.length, pid: result.pid }));
      162 |       resolveDone(result);
      163 |     };

      at settleWorker (test/utils/g2-pg17-harness.ts:160:15)
      at ChildProcess.<anonymous> (test/utils/g2-pg17-harness.ts:165:51)

  console.warn
    PG17_PROCESS {"name":"g2p17_38","old":false,"options":{"intent":"i3"},"result":{"intent_id":"i3","staged":1,"reconstructed":1,"skipped":0,"failed":0},"queries":12,"pid":11831}

      158 |       if (code !== 0 || !result) { reject(new Error(`worker exited ${code}: ${output}`)); return; }
      159 |       // Query shapes, outcomes, fixture identifiers and process IDs only; never parameters.
    > 160 |       console.warn('PG17_PROCESS', JSON.stringify({ name, old, options: { ...options, cursor: options.cursor ? '<cursor>' : undefined },
          |               ^
      161 |         result: result.result, failure: result.failure, queries: result.queries.length, pid: result.pid }));
      162 |       resolveDone(result);
      163 |     };

      at settleWorker (test/utils/g2-pg17-harness.ts:160:15)
      at ChildProcess.<anonymous> (test/utils/g2-pg17-harness.ts:165:51)

  console.warn
    PG17_PROCESS {"name":"g2p17_39","old":false,"options":{"coach":"other"},"result":{"intent_id":"intent","staged":1,"reconstructed":1,"skipped":0,"failed":0},"queries":12,"pid":11863}

      158 |       if (code !== 0 || !result) { reject(new Error(`worker exited ${code}: ${output}`)); return; }
      159 |       // Query shapes, outcomes, fixture identifiers and process IDs only; never parameters.
    > 160 |       console.warn('PG17_PROCESS', JSON.stringify({ name, old, options: { ...options, cursor: options.cursor ? '<cursor>' : undefined },
          |               ^
      161 |         result: result.result, failure: result.failure, queries: result.queries.length, pid: result.pid }));
      162 |       resolveDone(result);
      163 |     };

      at settleWorker (test/utils/g2-pg17-harness.ts:160:15)
      at ChildProcess.<anonymous> (test/utils/g2-pg17-harness.ts:165:51)

  console.warn
    PG17_PROCESS {"name":"g2p17_40","old":false,"options":{},"result":{"intent_id":"intent","staged":1,"reconstructed":1,"skipped":0,"failed":0},"queries":12,"pid":11891}

      158 |       if (code !== 0 || !result) { reject(new Error(`worker exited ${code}: ${output}`)); return; }
      159 |       // Query shapes, outcomes, fixture identifiers and process IDs only; never parameters.
    > 160 |       console.warn('PG17_PROCESS', JSON.stringify({ name, old, options: { ...options, cursor: options.cursor ? '<cursor>' : undefined },
          |               ^
      161 |         result: result.result, failure: result.failure, queries: result.queries.length, pid: result.pid }));
      162 |       resolveDone(result);
      163 |     };

      at settleWorker (test/utils/g2-pg17-harness.ts:160:15)
      at ChildProcess.<anonymous> (test/utils/g2-pg17-harness.ts:165:51)

  console.warn
    PG17_PROCESS {"name":"g2p17_41","old":false,"options":{},"result":{"intent_id":"intent","staged":1,"reconstructed":1,"skipped":0,"failed":0},"queries":12,"pid":11917}

      158 |       if (code !== 0 || !result) { reject(new Error(`worker exited ${code}: ${output}`)); return; }
      159 |       // Query shapes, outcomes, fixture identifiers and process IDs only; never parameters.
    > 160 |       console.warn('PG17_PROCESS', JSON.stringify({ name, old, options: { ...options, cursor: options.cursor ? '<cursor>' : undefined },
          |               ^
      161 |         result: result.result, failure: result.failure, queries: result.queries.length, pid: result.pid }));
      162 |       resolveDone(result);
      163 |     };

      at settleWorker (test/utils/g2-pg17-harness.ts:160:15)
      at ChildProcess.<anonymous> (test/utils/g2-pg17-harness.ts:165:51)

  console.warn
    PG17_PROCESS {"name":"g2p17_42","old":true,"options":{},"result":{"intent_id":"intent","staged":1,"reconstructed":0,"skipped":0,"failed":1},"queries":8,"pid":11937}

      158 |       if (code !== 0 || !result) { reject(new Error(`worker exited ${code}: ${output}`)); return; }
      159 |       // Query shapes, outcomes, fixture identifiers and process IDs only; never parameters.
    > 160 |       console.warn('PG17_PROCESS', JSON.stringify({ name, old, options: { ...options, cursor: options.cursor ? '<cursor>' : undefined },
          |               ^
      161 |         result: result.result, failure: result.failure, queries: result.queries.length, pid: result.pid }));
      162 |       resolveDone(result);
      163 |     };

      at settleWorker (test/utils/g2-pg17-harness.ts:160:15)
      at ChildProcess.<anonymous> (test/utils/g2-pg17-harness.ts:165:51)

  console.warn
    PG17_PROCESS {"name":"g2p17_43","old":true,"options":{},"result":{"intent_id":"intent","staged":2,"reconstructed":1,"skipped":0,"failed":1},"queries":12,"pid":11959}

      158 |       if (code !== 0 || !result) { reject(new Error(`worker exited ${code}: ${output}`)); return; }
      159 |       // Query shapes, outcomes, fixture identifiers and process IDs only; never parameters.
    > 160 |       console.warn('PG17_PROCESS', JSON.stringify({ name, old, options: { ...options, cursor: options.cursor ? '<cursor>' : undefined },
          |               ^
      161 |         result: result.result, failure: result.failure, queries: result.queries.length, pid: result.pid }));
      162 |       resolveDone(result);
      163 |     };

      at settleWorker (test/utils/g2-pg17-harness.ts:160:15)
      at ChildProcess.<anonymous> (test/utils/g2-pg17-harness.ts:165:51)

  console.warn
    PG17_PROCESS {"name":"g2p17_44","old":false,"options":{},"result":{"intent_id":"intent","staged":2,"reconstructed":2,"skipped":0,"failed":0},"queries":20,"pid":11980}

      158 |       if (code !== 0 || !result) { reject(new Error(`worker exited ${code}: ${output}`)); return; }
      159 |       // Query shapes, outcomes, fixture identifiers and process IDs only; never parameters.
    > 160 |       console.warn('PG17_PROCESS', JSON.stringify({ name, old, options: { ...options, cursor: options.cursor ? '<cursor>' : undefined },
          |               ^
      161 |         result: result.result, failure: result.failure, queries: result.queries.length, pid: result.pid }));
      162 |       resolveDone(result);
      163 |     };

      at settleWorker (test/utils/g2-pg17-harness.ts:160:15)
      at ChildProcess.<anonymous> (test/utils/g2-pg17-harness.ts:165:51)

  console.warn
    PG17_BLOCKED {"name":"g2p17_46","rows":[{"type":"Lock","wait":"transactionid"}]}

      179 |     const rows = jsonAdmin(`SELECT COALESCE(jsonb_agg(jsonb_build_object('wait',wait_event,'type',wait_event_type)),'[]')
      180 |       FROM pg_stat_activity WHERE application_name=${quote(name)} AND wait_event_type='Lock'`);
    > 181 |     if (rows.length > 0) { console.warn('PG17_BLOCKED', JSON.stringify({ name, rows })); return; }
          |                                    ^
      182 |     await new Promise((r) => setTimeout(r, 25));
      183 |   }
      184 |   throw new Error('expected observed PostgreSQL lock wait');

      at blocked (test/utils/g2-pg17-harness.ts:181:36)
      at test/rls-g2-pg17-etq0.spec.ts:484:7

  console.warn
    PG17_PROCESS {"name":"g2p17_46","old":false,"options":{},"result":{"intent_id":"intent","staged":1,"reconstructed":1,"skipped":0,"failed":0},"queries":12,"pid":12022}

      158 |       if (code !== 0 || !result) { reject(new Error(`worker exited ${code}: ${output}`)); return; }
      159 |       // Query shapes, outcomes, fixture identifiers and process IDs only; never parameters.
    > 160 |       console.warn('PG17_PROCESS', JSON.stringify({ name, old, options: { ...options, cursor: options.cursor ? '<cursor>' : undefined },
          |               ^
      161 |         result: result.result, failure: result.failure, queries: result.queries.length, pid: result.pid }));
      162 |       resolveDone(result);
      163 |     };

      at settleWorker (test/utils/g2-pg17-harness.ts:160:15)
      at ChildProcess.<anonymous> (test/utils/g2-pg17-harness.ts:165:51)

  console.warn
    PG17_PROCESS {"name":"g2p17_45","old":false,"options":{"pause":"before-ledger"},"result":{"intent_id":"intent","staged":1,"reconstructed":1,"skipped":0,"failed":0},"queries":12,"pid":12006}

      158 |       if (code !== 0 || !result) { reject(new Error(`worker exited ${code}: ${output}`)); return; }
      159 |       // Query shapes, outcomes, fixture identifiers and process IDs only; never parameters.
    > 160 |       console.warn('PG17_PROCESS', JSON.stringify({ name, old, options: { ...options, cursor: options.cursor ? '<cursor>' : undefined },
          |               ^
      161 |         result: result.result, failure: result.failure, queries: result.queries.length, pid: result.pid }));
      162 |       resolveDone(result);
      163 |     };

      at settleWorker (test/utils/g2-pg17-harness.ts:160:15)
      at ChildProcess.<anonymous> (test/utils/g2-pg17-harness.ts:165:51)

  console.warn
    PG17_BLOCKED {"name":"g2p17_48","rows":[{"type":"Lock","wait":"transactionid"}]}

      179 |     const rows = jsonAdmin(`SELECT COALESCE(jsonb_agg(jsonb_build_object('wait',wait_event,'type',wait_event_type)),'[]')
      180 |       FROM pg_stat_activity WHERE application_name=${quote(name)} AND wait_event_type='Lock'`);
    > 181 |     if (rows.length > 0) { console.warn('PG17_BLOCKED', JSON.stringify({ name, rows })); return; }
          |                                    ^
      182 |     await new Promise((r) => setTimeout(r, 25));
      183 |   }
      184 |   throw new Error('expected observed PostgreSQL lock wait');

      at blocked (test/utils/g2-pg17-harness.ts:181:36)
      at test/rls-g2-pg17-etq0.spec.ts:484:7

  console.warn
    PG17_PROCESS {"name":"g2p17_47","old":true,"options":{"pause":"before-ledger"},"result":{"intent_id":"intent","staged":1,"reconstructed":1,"skipped":0,"failed":0},"queries":8,"pid":12078}

      158 |       if (code !== 0 || !result) { reject(new Error(`worker exited ${code}: ${output}`)); return; }
      159 |       // Query shapes, outcomes, fixture identifiers and process IDs only; never parameters.
    > 160 |       console.warn('PG17_PROCESS', JSON.stringify({ name, old, options: { ...options, cursor: options.cursor ? '<cursor>' : undefined },
          |               ^
      161 |         result: result.result, failure: result.failure, queries: result.queries.length, pid: result.pid }));
      162 |       resolveDone(result);
      163 |     };

      at settleWorker (test/utils/g2-pg17-harness.ts:160:15)
      at ChildProcess.<anonymous> (test/utils/g2-pg17-harness.ts:165:51)

  console.warn
    PG17_PROCESS {"name":"g2p17_48","old":false,"options":{},"result":{"intent_id":"intent","staged":1,"reconstructed":1,"skipped":0,"failed":0},"queries":12,"pid":12096}

      158 |       if (code !== 0 || !result) { reject(new Error(`worker exited ${code}: ${output}`)); return; }
      159 |       // Query shapes, outcomes, fixture identifiers and process IDs only; never parameters.
    > 160 |       console.warn('PG17_PROCESS', JSON.stringify({ name, old, options: { ...options, cursor: options.cursor ? '<cursor>' : undefined },
          |               ^
      161 |         result: result.result, failure: result.failure, queries: result.queries.length, pid: result.pid }));
      162 |       resolveDone(result);
      163 |     };

      at settleWorker (test/utils/g2-pg17-harness.ts:160:15)
      at ChildProcess.<anonymous> (test/utils/g2-pg17-harness.ts:165:51)

  console.warn
    PG17_BLOCKED {"name":"g2p17_49","rows":[{"type":"Lock","wait":"advisory"}]}

      179 |     const rows = jsonAdmin(`SELECT COALESCE(jsonb_agg(jsonb_build_object('wait',wait_event,'type',wait_event_type)),'[]')
      180 |       FROM pg_stat_activity WHERE application_name=${quote(name)} AND wait_event_type='Lock'`);
    > 181 |     if (rows.length > 0) { console.warn('PG17_BLOCKED', JSON.stringify({ name, rows })); return; }
          |                                    ^
      182 |     await new Promise((r) => setTimeout(r, 25));
      183 |   }
      184 |   throw new Error('expected observed PostgreSQL lock wait');

      at blocked (test/utils/g2-pg17-harness.ts:181:36)
      at Object.<anonymous> (test/rls-g2-pg17-etq0.spec.ts:505:7)

  console.warn
    PG17_BLOCKED {"name":"g2p17_50","rows":[{"type":"Lock","wait":"advisory"}]}

      179 |     const rows = jsonAdmin(`SELECT COALESCE(jsonb_agg(jsonb_build_object('wait',wait_event,'type',wait_event_type)),'[]')
      180 |       FROM pg_stat_activity WHERE application_name=${quote(name)} AND wait_event_type='Lock'`);
    > 181 |     if (rows.length > 0) { console.warn('PG17_BLOCKED', JSON.stringify({ name, rows })); return; }
          |                                    ^
      182 |     await new Promise((r) => setTimeout(r, 25));
      183 |   }
      184 |   throw new Error('expected observed PostgreSQL lock wait');

      at blocked (test/utils/g2-pg17-harness.ts:181:36)
      at Object.<anonymous> (test/rls-g2-pg17-etq0.spec.ts:506:20)

  console.warn
    PG17_PROCESS {"name":"g2p17_50","old":false,"options":{},"result":{"intent_id":"intent","staged":1,"reconstructed":0,"skipped":1,"failed":0},"queries":11,"pid":12158}

      158 |       if (code !== 0 || !result) { reject(new Error(`worker exited ${code}: ${output}`)); return; }
      159 |       // Query shapes, outcomes, fixture identifiers and process IDs only; never parameters.
    > 160 |       console.warn('PG17_PROCESS', JSON.stringify({ name, old, options: { ...options, cursor: options.cursor ? '<cursor>' : undefined },
          |               ^
      161 |         result: result.result, failure: result.failure, queries: result.queries.length, pid: result.pid }));
      162 |       resolveDone(result);
      163 |     };

      at settleWorker (test/utils/g2-pg17-harness.ts:160:15)
      at ChildProcess.<anonymous> (test/utils/g2-pg17-harness.ts:165:51)

  console.warn
    PG17_PROCESS {"name":"g2p17_49","old":false,"options":{},"result":{"intent_id":"intent","staged":1,"reconstructed":0,"skipped":1,"failed":0},"queries":15,"pid":12157}

      158 |       if (code !== 0 || !result) { reject(new Error(`worker exited ${code}: ${output}`)); return; }
      159 |       // Query shapes, outcomes, fixture identifiers and process IDs only; never parameters.
    > 160 |       console.warn('PG17_PROCESS', JSON.stringify({ name, old, options: { ...options, cursor: options.cursor ? '<cursor>' : undefined },
          |               ^
      161 |         result: result.result, failure: result.failure, queries: result.queries.length, pid: result.pid }));
      162 |       resolveDone(result);
      163 |     };

      at settleWorker (test/utils/g2-pg17-harness.ts:160:15)
      at ChildProcess.<anonymous> (test/utils/g2-pg17-harness.ts:165:51)

  console.warn
    PG17_PROCESS {"name":"g2p17_51","old":false,"options":{"mapper":"skip"},"result":{"intent_id":"intent","staged":1,"reconstructed":0,"skipped":1,"failed":0},"queries":15,"pid":12231}

      158 |       if (code !== 0 || !result) { reject(new Error(`worker exited ${code}: ${output}`)); return; }
      159 |       // Query shapes, outcomes, fixture identifiers and process IDs only; never parameters.
    > 160 |       console.warn('PG17_PROCESS', JSON.stringify({ name, old, options: { ...options, cursor: options.cursor ? '<cursor>' : undefined },
          |               ^
      161 |         result: result.result, failure: result.failure, queries: result.queries.length, pid: result.pid }));
      162 |       resolveDone(result);
      163 |     };

      at settleWorker (test/utils/g2-pg17-harness.ts:160:15)
      at ChildProcess.<anonymous> (test/utils/g2-pg17-harness.ts:165:51)

  console.warn
    PG17_PROCESS {"name":"g2p17_52","old":false,"options":{"mapper":"throw"},"result":{"intent_id":"intent","staged":1,"reconstructed":0,"skipped":0,"failed":1},"queries":15,"pid":12262}

      158 |       if (code !== 0 || !result) { reject(new Error(`worker exited ${code}: ${output}`)); return; }
      159 |       // Query shapes, outcomes, fixture identifiers and process IDs only; never parameters.
    > 160 |       console.warn('PG17_PROCESS', JSON.stringify({ name, old, options: { ...options, cursor: options.cursor ? '<cursor>' : undefined },
          |               ^
      161 |         result: result.result, failure: result.failure, queries: result.queries.length, pid: result.pid }));
      162 |       resolveDone(result);
      163 |     };

      at settleWorker (test/utils/g2-pg17-harness.ts:160:15)
      at ChildProcess.<anonymous> (test/utils/g2-pg17-harness.ts:165:51)

  console.warn
    PG17_PROCESS {"name":"g2p17_53","old":false,"options":{},"result":{"intent_id":"intent","staged":1,"reconstructed":1,"skipped":0,"failed":0},"queries":17,"pid":12297}

      158 |       if (code !== 0 || !result) { reject(new Error(`worker exited ${code}: ${output}`)); return; }
      159 |       // Query shapes, outcomes, fixture identifiers and process IDs only; never parameters.
    > 160 |       console.warn('PG17_PROCESS', JSON.stringify({ name, old, options: { ...options, cursor: options.cursor ? '<cursor>' : undefined },
          |               ^
      161 |         result: result.result, failure: result.failure, queries: result.queries.length, pid: result.pid }));
      162 |       resolveDone(result);
      163 |     };

      at settleWorker (test/utils/g2-pg17-harness.ts:160:15)
      at ChildProcess.<anonymous> (test/utils/g2-pg17-harness.ts:165:51)

  console.warn
    PG17_PROCESS {"name":"g2p17_54","old":false,"options":{},"failure":{"status":500,"message":"Internal server error","code":"P2034"},"queries":11,"pid":12327}

      158 |       if (code !== 0 || !result) { reject(new Error(`worker exited ${code}: ${output}`)); return; }
      159 |       // Query shapes, outcomes, fixture identifiers and process IDs only; never parameters.
    > 160 |       console.warn('PG17_PROCESS', JSON.stringify({ name, old, options: { ...options, cursor: options.cursor ? '<cursor>' : undefined },
          |               ^
      161 |         result: result.result, failure: result.failure, queries: result.queries.length, pid: result.pid }));
      162 |       resolveDone(result);
      163 |     };

      at settleWorker (test/utils/g2-pg17-harness.ts:160:15)
      at ChildProcess.<anonymous> (test/utils/g2-pg17-harness.ts:165:51)

  console.warn
    PG17_BLOCKED {"name":"g2p17_56","rows":[{"type":"Lock","wait":"transactionid"}]}

      179 |     const rows = jsonAdmin(`SELECT COALESCE(jsonb_agg(jsonb_build_object('wait',wait_event,'type',wait_event_type)),'[]')
      180 |       FROM pg_stat_activity WHERE application_name=${quote(name)} AND wait_event_type='Lock'`);
    > 181 |     if (rows.length > 0) { console.warn('PG17_BLOCKED', JSON.stringify({ name, rows })); return; }
          |                                    ^
      182 |     await new Promise((r) => setTimeout(r, 25));
      183 |   }
      184 |   throw new Error('expected observed PostgreSQL lock wait');

      at blocked (test/utils/g2-pg17-harness.ts:181:36)
      at test/rls-g2-pg17-etq0.spec.ts:566:7

  console.warn
    PG17_PROCESS {"name":"g2p17_55","old":false,"options":{"pause":"claimed"},"result":{"intent_id":"intent","staged":1,"reconstructed":1,"skipped":0,"failed":0},"queries":12,"pid":12355}

      158 |       if (code !== 0 || !result) { reject(new Error(`worker exited ${code}: ${output}`)); return; }
      159 |       // Query shapes, outcomes, fixture identifiers and process IDs only; never parameters.
    > 160 |       console.warn('PG17_PROCESS', JSON.stringify({ name, old, options: { ...options, cursor: options.cursor ? '<cursor>' : undefined },
          |               ^
      161 |         result: result.result, failure: result.failure, queries: result.queries.length, pid: result.pid }));
      162 |       resolveDone(result);
      163 |     };

      at settleWorker (test/utils/g2-pg17-harness.ts:160:15)
      at ChildProcess.<anonymous> (test/utils/g2-pg17-harness.ts:165:51)

  console.warn
    PG17_PROCESS {"name":"g2p17_56","old":false,"options":{},"result":{"intent_id":"intent","staged":1,"reconstructed":1,"skipped":0,"failed":0},"queries":18,"pid":12373}

      158 |       if (code !== 0 || !result) { reject(new Error(`worker exited ${code}: ${output}`)); return; }
      159 |       // Query shapes, outcomes, fixture identifiers and process IDs only; never parameters.
    > 160 |       console.warn('PG17_PROCESS', JSON.stringify({ name, old, options: { ...options, cursor: options.cursor ? '<cursor>' : undefined },
          |               ^
      161 |         result: result.result, failure: result.failure, queries: result.queries.length, pid: result.pid }));
      162 |       resolveDone(result);
      163 |     };

      at settleWorker (test/utils/g2-pg17-harness.ts:160:15)
      at ChildProcess.<anonymous> (test/utils/g2-pg17-harness.ts:165:51)

  console.warn
    PG17_BLOCKED {"name":"g2p17_58","rows":[{"type":"Lock","wait":"transactionid"}]}

      179 |     const rows = jsonAdmin(`SELECT COALESCE(jsonb_agg(jsonb_build_object('wait',wait_event,'type',wait_event_type)),'[]')
      180 |       FROM pg_stat_activity WHERE application_name=${quote(name)} AND wait_event_type='Lock'`);
    > 181 |     if (rows.length > 0) { console.warn('PG17_BLOCKED', JSON.stringify({ name, rows })); return; }
          |                                    ^
      182 |     await new Promise((r) => setTimeout(r, 25));
      183 |   }
      184 |   throw new Error('expected observed PostgreSQL lock wait');

      at blocked (test/utils/g2-pg17-harness.ts:181:36)
      at test/rls-g2-pg17-etq0.spec.ts:566:7

  console.warn
    PG17_PROCESS {"name":"g2p17_58","old":true,"options":{},"result":{"intent_id":"intent","staged":1,"reconstructed":0,"skipped":0,"failed":1},"queries":8,"pid":12450}

      158 |       if (code !== 0 || !result) { reject(new Error(`worker exited ${code}: ${output}`)); return; }
      159 |       // Query shapes, outcomes, fixture identifiers and process IDs only; never parameters.
    > 160 |       console.warn('PG17_PROCESS', JSON.stringify({ name, old, options: { ...options, cursor: options.cursor ? '<cursor>' : undefined },
          |               ^
      161 |         result: result.result, failure: result.failure, queries: result.queries.length, pid: result.pid }));
      162 |       resolveDone(result);
      163 |     };

      at settleWorker (test/utils/g2-pg17-harness.ts:160:15)
      at ChildProcess.<anonymous> (test/utils/g2-pg17-harness.ts:165:51)

  console.warn
    PG17_PROCESS {"name":"g2p17_57","old":false,"options":{"pause":"claimed"},"result":{"intent_id":"intent","staged":1,"reconstructed":0,"skipped":0,"failed":1},"queries":12,"pid":12431}

      158 |       if (code !== 0 || !result) { reject(new Error(`worker exited ${code}: ${output}`)); return; }
      159 |       // Query shapes, outcomes, fixture identifiers and process IDs only; never parameters.
    > 160 |       console.warn('PG17_PROCESS', JSON.stringify({ name, old, options: { ...options, cursor: options.cursor ? '<cursor>' : undefined },
          |               ^
      161 |         result: result.result, failure: result.failure, queries: result.queries.length, pid: result.pid }));
      162 |       resolveDone(result);
      163 |     };

      at settleWorker (test/utils/g2-pg17-harness.ts:160:15)
      at ChildProcess.<anonymous> (test/utils/g2-pg17-harness.ts:165:51)

  console.warn
    PG17_BLOCKED {"name":"g2p17_60","rows":[{"type":"Lock","wait":"transactionid"}]}

      179 |     const rows = jsonAdmin(`SELECT COALESCE(jsonb_agg(jsonb_build_object('wait',wait_event,'type',wait_event_type)),'[]')
      180 |       FROM pg_stat_activity WHERE application_name=${quote(name)} AND wait_event_type='Lock'`);
    > 181 |     if (rows.length > 0) { console.warn('PG17_BLOCKED', JSON.stringify({ name, rows })); return; }
          |                                    ^
      182 |     await new Promise((r) => setTimeout(r, 25));
      183 |   }
      184 |   throw new Error('expected observed PostgreSQL lock wait');

      at blocked (test/utils/g2-pg17-harness.ts:181:36)
      at test/rls-g2-pg17-etq0.spec.ts:582:7

  console.warn
    PG17_PROCESS {"name":"g2p17_59","old":false,"options":{"pause":"claimed"},"result":{"intent_id":"intent","staged":1,"reconstructed":1,"skipped":0,"failed":0},"queries":12,"pid":12506}

      158 |       if (code !== 0 || !result) { reject(new Error(`worker exited ${code}: ${output}`)); return; }
      159 |       // Query shapes, outcomes, fixture identifiers and process IDs only; never parameters.
    > 160 |       console.warn('PG17_PROCESS', JSON.stringify({ name, old, options: { ...options, cursor: options.cursor ? '<cursor>' : undefined },
          |               ^
      161 |         result: result.result, failure: result.failure, queries: result.queries.length, pid: result.pid }));
      162 |       resolveDone(result);
      163 |     };

      at settleWorker (test/utils/g2-pg17-harness.ts:160:15)
      at ChildProcess.<anonymous> (test/utils/g2-pg17-harness.ts:165:51)

  console.warn
    PG17_PROCESS {"name":"g2p17_60","old":false,"options":{"mapper":"skip"},"result":{"intent_id":"intent","staged":1,"reconstructed":1,"skipped":0,"failed":0},"queries":15,"pid":12522}

      158 |       if (code !== 0 || !result) { reject(new Error(`worker exited ${code}: ${output}`)); return; }
      159 |       // Query shapes, outcomes, fixture identifiers and process IDs only; never parameters.
    > 160 |       console.warn('PG17_PROCESS', JSON.stringify({ name, old, options: { ...options, cursor: options.cursor ? '<cursor>' : undefined },
          |               ^
      161 |         result: result.result, failure: result.failure, queries: result.queries.length, pid: result.pid }));
      162 |       resolveDone(result);
      163 |     };

      at settleWorker (test/utils/g2-pg17-harness.ts:160:15)
      at ChildProcess.<anonymous> (test/utils/g2-pg17-harness.ts:165:51)

  console.warn
    PG17_BLOCKED {"name":"g2p17_62","rows":[{"type":"Lock","wait":"transactionid"}]}

      179 |     const rows = jsonAdmin(`SELECT COALESCE(jsonb_agg(jsonb_build_object('wait',wait_event,'type',wait_event_type)),'[]')
      180 |       FROM pg_stat_activity WHERE application_name=${quote(name)} AND wait_event_type='Lock'`);
    > 181 |     if (rows.length > 0) { console.warn('PG17_BLOCKED', JSON.stringify({ name, rows })); return; }
          |                                    ^
      182 |     await new Promise((r) => setTimeout(r, 25));
      183 |   }
      184 |   throw new Error('expected observed PostgreSQL lock wait');

      at blocked (test/utils/g2-pg17-harness.ts:181:36)
      at test/rls-g2-pg17-etq0.spec.ts:582:7

  console.warn
    PG17_PROCESS {"name":"g2p17_61","old":false,"options":{"pause":"claimed"},"result":{"intent_id":"intent","staged":1,"reconstructed":0,"skipped":1,"failed":0},"queries":12,"pid":12580}

      158 |       if (code !== 0 || !result) { reject(new Error(`worker exited ${code}: ${output}`)); return; }
      159 |       // Query shapes, outcomes, fixture identifiers and process IDs only; never parameters.
    > 160 |       console.warn('PG17_PROCESS', JSON.stringify({ name, old, options: { ...options, cursor: options.cursor ? '<cursor>' : undefined },
          |               ^
      161 |         result: result.result, failure: result.failure, queries: result.queries.length, pid: result.pid }));
      162 |       resolveDone(result);
      163 |     };

      at settleWorker (test/utils/g2-pg17-harness.ts:160:15)
      at ChildProcess.<anonymous> (test/utils/g2-pg17-harness.ts:165:51)

  console.warn
    PG17_PROCESS {"name":"g2p17_62","old":true,"options":{"mapper":"skip"},"result":{"intent_id":"intent","staged":1,"reconstructed":0,"skipped":1,"failed":0},"queries":5,"pid":12596}

      158 |       if (code !== 0 || !result) { reject(new Error(`worker exited ${code}: ${output}`)); return; }
      159 |       // Query shapes, outcomes, fixture identifiers and process IDs only; never parameters.
    > 160 |       console.warn('PG17_PROCESS', JSON.stringify({ name, old, options: { ...options, cursor: options.cursor ? '<cursor>' : undefined },
          |               ^
      161 |         result: result.result, failure: result.failure, queries: result.queries.length, pid: result.pid }));
      162 |       resolveDone(result);
      163 |     };

      at settleWorker (test/utils/g2-pg17-harness.ts:160:15)
      at ChildProcess.<anonymous> (test/utils/g2-pg17-harness.ts:165:51)

  console.warn
    PG17_PROCESS {"name":"g2p17_64","old":false,"options":{"mapper":"skip"},"result":{"intent_id":"intent","staged":1,"reconstructed":0,"skipped":1,"failed":0},"queries":11,"pid":12676}

      158 |       if (code !== 0 || !result) { reject(new Error(`worker exited ${code}: ${output}`)); return; }
      159 |       // Query shapes, outcomes, fixture identifiers and process IDs only; never parameters.
    > 160 |       console.warn('PG17_PROCESS', JSON.stringify({ name, old, options: { ...options, cursor: options.cursor ? '<cursor>' : undefined },
          |               ^
      161 |         result: result.result, failure: result.failure, queries: result.queries.length, pid: result.pid }));
      162 |       resolveDone(result);
      163 |     };

      at settleWorker (test/utils/g2-pg17-harness.ts:160:15)
      at ChildProcess.<anonymous> (test/utils/g2-pg17-harness.ts:165:51)

  console.warn
    PG17_PROCESS {"name":"g2p17_63","old":false,"options":{"pause":"before-ledger"},"result":{"intent_id":"intent","staged":1,"reconstructed":1,"skipped":0,"failed":0},"queries":12,"pid":12650}

      158 |       if (code !== 0 || !result) { reject(new Error(`worker exited ${code}: ${output}`)); return; }
      159 |       // Query shapes, outcomes, fixture identifiers and process IDs only; never parameters.
    > 160 |       console.warn('PG17_PROCESS', JSON.stringify({ name, old, options: { ...options, cursor: options.cursor ? '<cursor>' : undefined },
          |               ^
      161 |         result: result.result, failure: result.failure, queries: result.queries.length, pid: result.pid }));
      162 |       resolveDone(result);
      163 |     };

      at settleWorker (test/utils/g2-pg17-harness.ts:160:15)
      at ChildProcess.<anonymous> (test/utils/g2-pg17-harness.ts:165:51)

  console.warn
    PG17_PROCESS {"name":"g2p17_66","old":false,"options":{"mapper":"throw"},"result":{"intent_id":"intent","staged":1,"reconstructed":0,"skipped":0,"failed":1},"queries":11,"pid":12719}

      158 |       if (code !== 0 || !result) { reject(new Error(`worker exited ${code}: ${output}`)); return; }
      159 |       // Query shapes, outcomes, fixture identifiers and process IDs only; never parameters.
    > 160 |       console.warn('PG17_PROCESS', JSON.stringify({ name, old, options: { ...options, cursor: options.cursor ? '<cursor>' : undefined },
          |               ^
      161 |         result: result.result, failure: result.failure, queries: result.queries.length, pid: result.pid }));
      162 |       resolveDone(result);
      163 |     };

      at settleWorker (test/utils/g2-pg17-harness.ts:160:15)
      at ChildProcess.<anonymous> (test/utils/g2-pg17-harness.ts:165:51)

  console.warn
    PG17_PROCESS {"name":"g2p17_65","old":false,"options":{"pause":"before-ledger"},"result":{"intent_id":"intent","staged":1,"reconstructed":1,"skipped":0,"failed":0},"queries":12,"pid":12702}

      158 |       if (code !== 0 || !result) { reject(new Error(`worker exited ${code}: ${output}`)); return; }
      159 |       // Query shapes, outcomes, fixture identifiers and process IDs only; never parameters.
    > 160 |       console.warn('PG17_PROCESS', JSON.stringify({ name, old, options: { ...options, cursor: options.cursor ? '<cursor>' : undefined },
          |               ^
      161 |         result: result.result, failure: result.failure, queries: result.queries.length, pid: result.pid }));
      162 |       resolveDone(result);
      163 |     };

      at settleWorker (test/utils/g2-pg17-harness.ts:160:15)
      at ChildProcess.<anonymous> (test/utils/g2-pg17-harness.ts:165:51)

  console.warn
    PG17_BLOCKED {"name":"g2p17_68","rows":[{"type":"Lock","wait":"transactionid"}]}

      179 |     const rows = jsonAdmin(`SELECT COALESCE(jsonb_agg(jsonb_build_object('wait',wait_event,'type',wait_event_type)),'[]')
      180 |       FROM pg_stat_activity WHERE application_name=${quote(name)} AND wait_event_type='Lock'`);
    > 181 |     if (rows.length > 0) { console.warn('PG17_BLOCKED', JSON.stringify({ name, rows })); return; }
          |                                    ^
      182 |     await new Promise((r) => setTimeout(r, 25));
      183 |   }
      184 |   throw new Error('expected observed PostgreSQL lock wait');

      at blocked (test/utils/g2-pg17-harness.ts:181:36)
      at Object.<anonymous> (test/rls-g2-pg17-etq0.spec.ts:611:7)

  console.warn
    PG17_PROCESS {"name":"g2p17_68","old":false,"options":{},"failure":{"status":409,"message":"reconstruction provenance conflict"},"queries":10,"pid":12766}

      158 |       if (code !== 0 || !result) { reject(new Error(`worker exited ${code}: ${output}`)); return; }
      159 |       // Query shapes, outcomes, fixture identifiers and process IDs only; never parameters.
    > 160 |       console.warn('PG17_PROCESS', JSON.stringify({ name, old, options: { ...options, cursor: options.cursor ? '<cursor>' : undefined },
          |               ^
      161 |         result: result.result, failure: result.failure, queries: result.queries.length, pid: result.pid }));
      162 |       resolveDone(result);
      163 |     };

      at settleWorker (test/utils/g2-pg17-harness.ts:160:15)
      at ChildProcess.<anonymous> (test/utils/g2-pg17-harness.ts:165:51)

  console.warn
    PG17_PROCESS {"name":"g2p17_67","old":false,"options":{"pause":"claimed"},"result":{"intent_id":"intent","staged":1,"reconstructed":1,"skipped":0,"failed":0},"queries":12,"pid":12747}

      158 |       if (code !== 0 || !result) { reject(new Error(`worker exited ${code}: ${output}`)); return; }
      159 |       // Query shapes, outcomes, fixture identifiers and process IDs only; never parameters.
    > 160 |       console.warn('PG17_PROCESS', JSON.stringify({ name, old, options: { ...options, cursor: options.cursor ? '<cursor>' : undefined },
          |               ^
      161 |         result: result.result, failure: result.failure, queries: result.queries.length, pid: result.pid }));
      162 |       resolveDone(result);
      163 |     };

      at settleWorker (test/utils/g2-pg17-harness.ts:160:15)
      at ChildProcess.<anonymous> (test/utils/g2-pg17-harness.ts:165:51)

  console.warn
    PG17_PROCESS {"name":"g2p17_69","old":false,"options":{"family":"clients"},"result":{"intent_id":"intent","staged":3,"reconstructed":3,"skipped":0,"failed":0},"queries":28,"pid":12822}

      158 |       if (code !== 0 || !result) { reject(new Error(`worker exited ${code}: ${output}`)); return; }
      159 |       // Query shapes, outcomes, fixture identifiers and process IDs only; never parameters.
    > 160 |       console.warn('PG17_PROCESS', JSON.stringify({ name, old, options: { ...options, cursor: options.cursor ? '<cursor>' : undefined },
          |               ^
      161 |         result: result.result, failure: result.failure, queries: result.queries.length, pid: result.pid }));
      162 |       resolveDone(result);
      163 |     };

      at settleWorker (test/utils/g2-pg17-harness.ts:160:15)
      at ChildProcess.<anonymous> (test/utils/g2-pg17-harness.ts:165:51)

  console.warn
    PG17_PROCESS {"name":"g2p17_70","old":false,"options":{"action":"roster","family":"clients"},"result":{"intent_id":"intent","accounting":{"staged":3,"reconstructed":3,"skipped":0,"failed":0},"persons":[{"id":"442883e0-c473-473f-82cf-a3e015f14b52","state":"InvitePending","source_platform":"truecoach","source_person_id":"a","display_name":"Synthetic A","created_at":"2026-09-20T18:30:20.738Z","updated_at":"2026-09-20T18:30:20.738Z"}],"page":{"limit":1,"next_cursor":"YQ","has_more":true}},"queries":8,"pid":12842}

      158 |       if (code !== 0 || !result) { reject(new Error(`worker exited ${code}: ${output}`)); return; }
      159 |       // Query shapes, outcomes, fixture identifiers and process IDs only; never parameters.
    > 160 |       console.warn('PG17_PROCESS', JSON.stringify({ name, old, options: { ...options, cursor: options.cursor ? '<cursor>' : undefined },
          |               ^
      161 |         result: result.result, failure: result.failure, queries: result.queries.length, pid: result.pid }));
      162 |       resolveDone(result);
      163 |     };

      at settleWorker (test/utils/g2-pg17-harness.ts:160:15)
      at ChildProcess.<anonymous> (test/utils/g2-pg17-harness.ts:165:51)

  console.warn
    PG17_PROCESS {"name":"g2p17_71","old":false,"options":{"action":"roster","family":"clients","cursor":"<cursor>"},"result":{"intent_id":"intent","accounting":{"staged":3,"reconstructed":3,"skipped":0,"failed":0},"persons":[{"id":"c956d243-693e-4da4-b61c-3f3dc26b2165","state":"InvitePending","source_platform":"truecoach","source_person_id":"b","display_name":"Synthetic A","created_at":"2026-09-20T18:30:20.744Z","updated_at":"2026-09-20T18:30:20.744Z"}],"page":{"limit":1,"next_cursor":"Yg","has_more":true}},"queries":8,"pid":12858}

      158 |       if (code !== 0 || !result) { reject(new Error(`worker exited ${code}: ${output}`)); return; }
      159 |       // Query shapes, outcomes, fixture identifiers and process IDs only; never parameters.
    > 160 |       console.warn('PG17_PROCESS', JSON.stringify({ name, old, options: { ...options, cursor: options.cursor ? '<cursor>' : undefined },
          |               ^
      161 |         result: result.result, failure: result.failure, queries: result.queries.length, pid: result.pid }));
      162 |       resolveDone(result);
      163 |     };

      at settleWorker (test/utils/g2-pg17-harness.ts:160:15)
      at ChildProcess.<anonymous> (test/utils/g2-pg17-harness.ts:165:51)

  console.warn
    PG17_PROCESS {"name":"g2p17_72","old":false,"options":{"action":"roster","family":"clients","cursor":"<cursor>"},"result":{"intent_id":"intent","accounting":{"staged":3,"reconstructed":3,"skipped":0,"failed":0},"persons":[{"id":"b8aaa436-4071-4e8b-be06-dc326f46cd4e","state":"InvitePending","source_platform":"truecoach","source_person_id":"c","display_name":"Synthetic A","created_at":"2026-09-20T18:30:20.748Z","updated_at":"2026-09-20T18:30:20.748Z"}],"page":{"limit":1,"next_cursor":null,"has_more":false}},"queries":8,"pid":12874}

      158 |       if (code !== 0 || !result) { reject(new Error(`worker exited ${code}: ${output}`)); return; }
      159 |       // Query shapes, outcomes, fixture identifiers and process IDs only; never parameters.
    > 160 |       console.warn('PG17_PROCESS', JSON.stringify({ name, old, options: { ...options, cursor: options.cursor ? '<cursor>' : undefined },
          |               ^
      161 |         result: result.result, failure: result.failure, queries: result.queries.length, pid: result.pid }));
      162 |       resolveDone(result);
      163 |     };

      at settleWorker (test/utils/g2-pg17-harness.ts:160:15)
      at ChildProcess.<anonymous> (test/utils/g2-pg17-harness.ts:165:51)

  console.warn
    PG17_PROCESS {"name":"g2p17_73","old":false,"options":{"action":"roster","family":"clients","cursor":"<cursor>"},"result":{"intent_id":"intent","accounting":{"staged":3,"reconstructed":3,"skipped":0,"failed":0},"persons":[{"id":"c956d243-693e-4da4-b61c-3f3dc26b2165","state":"InvitePending","source_platform":"truecoach","source_person_id":"b","display_name":"Synthetic A","created_at":"2026-09-20T18:30:20.744Z","updated_at":"2026-09-20T18:30:20.744Z"}],"page":{"limit":1,"next_cursor":"Yg","has_more":true}},"queries":8,"pid":12891}

      158 |       if (code !== 0 || !result) { reject(new Error(`worker exited ${code}: ${output}`)); return; }
      159 |       // Query shapes, outcomes, fixture identifiers and process IDs only; never parameters.
    > 160 |       console.warn('PG17_PROCESS', JSON.stringify({ name, old, options: { ...options, cursor: options.cursor ? '<cursor>' : undefined },
          |               ^
      161 |         result: result.result, failure: result.failure, queries: result.queries.length, pid: result.pid }));
      162 |       resolveDone(result);
      163 |     };

      at settleWorker (test/utils/g2-pg17-harness.ts:160:15)
      at ChildProcess.<anonymous> (test/utils/g2-pg17-harness.ts:165:51)

  console.warn
    PG17_PROCESS {"name":"g2p17_74","old":false,"options":{"action":"roster","family":"clients","coach":"foreign"},"failure":{"status":404,"message":"Not Found"},"queries":4,"pid":12907}

      158 |       if (code !== 0 || !result) { reject(new Error(`worker exited ${code}: ${output}`)); return; }
      159 |       // Query shapes, outcomes, fixture identifiers and process IDs only; never parameters.
    > 160 |       console.warn('PG17_PROCESS', JSON.stringify({ name, old, options: { ...options, cursor: options.cursor ? '<cursor>' : undefined },
          |               ^
      161 |         result: result.result, failure: result.failure, queries: result.queries.length, pid: result.pid }));
      162 |       resolveDone(result);
      163 |     };

      at settleWorker (test/utils/g2-pg17-harness.ts:160:15)
      at ChildProcess.<anonymous> (test/utils/g2-pg17-harness.ts:165:51)

  console.warn
    PG17_PROCESS {"name":"g2p17_75","old":false,"options":{"action":"roster","family":"clients","cursor":"<cursor>"},"failure":{"status":400,"message":"malformed cursor"},"queries":0,"pid":12923}

      158 |       if (code !== 0 || !result) { reject(new Error(`worker exited ${code}: ${output}`)); return; }
      159 |       // Query shapes, outcomes, fixture identifiers and process IDs only; never parameters.
    > 160 |       console.warn('PG17_PROCESS', JSON.stringify({ name, old, options: { ...options, cursor: options.cursor ? '<cursor>' : undefined },
          |               ^
      161 |         result: result.result, failure: result.failure, queries: result.queries.length, pid: result.pid }));
      162 |       resolveDone(result);
      163 |     };

      at settleWorker (test/utils/g2-pg17-harness.ts:160:15)
      at ChildProcess.<anonymous> (test/utils/g2-pg17-harness.ts:165:51)

  console.warn
    PG17_PROCESS {"name":"g2p17_76","old":false,"options":{"action":"roster","family":"clients","cursor":"<cursor>","limit":200},"result":{"intent_id":"intent","accounting":{"staged":3,"reconstructed":3,"skipped":0,"failed":0},"persons":[{"id":"c956d243-693e-4da4-b61c-3f3dc26b2165","state":"InvitePending","source_platform":"truecoach","source_person_id":"b","display_name":"Synthetic A","created_at":"2026-09-20T18:30:20.744Z","updated_at":"2026-09-20T18:30:20.744Z"},{"id":"b8aaa436-4071-4e8b-be06-dc326f46cd4e","state":"InvitePending","source_platform":"truecoach","source_person_id":"c","display_name":"Synthetic A","created_at":"2026-09-20T18:30:20.748Z","updated_at":"2026-09-20T18:30:20.748Z"}],"page":{"limit":200,"next_cursor":null,"has_more":false}},"queries":8,"pid":12938}

      158 |       if (code !== 0 || !result) { reject(new Error(`worker exited ${code}: ${output}`)); return; }
      159 |       // Query shapes, outcomes, fixture identifiers and process IDs only; never parameters.
    > 160 |       console.warn('PG17_PROCESS', JSON.stringify({ name, old, options: { ...options, cursor: options.cursor ? '<cursor>' : undefined },
          |               ^
      161 |         result: result.result, failure: result.failure, queries: result.queries.length, pid: result.pid }));
      162 |       resolveDone(result);
      163 |     };

      at settleWorker (test/utils/g2-pg17-harness.ts:160:15)
      at ChildProcess.<anonymous> (test/utils/g2-pg17-harness.ts:165:51)

  console.warn
    PG17_PROCESS {"name":"g2p17_77","old":false,"options":{"action":"roster","family":"clients","cursor":"<cursor>","limit":2},"result":{"intent_id":"intent","accounting":{"staged":3,"reconstructed":3,"skipped":0,"failed":0},"persons":[],"page":{"limit":2,"next_cursor":null,"has_more":false}},"queries":8,"pid":12956}

      158 |       if (code !== 0 || !result) { reject(new Error(`worker exited ${code}: ${output}`)); return; }
      159 |       // Query shapes, outcomes, fixture identifiers and process IDs only; never parameters.
    > 160 |       console.warn('PG17_PROCESS', JSON.stringify({ name, old, options: { ...options, cursor: options.cursor ? '<cursor>' : undefined },
          |               ^
      161 |         result: result.result, failure: result.failure, queries: result.queries.length, pid: result.pid }));
      162 |       resolveDone(result);
      163 |     };

      at settleWorker (test/utils/g2-pg17-harness.ts:160:15)
      at ChildProcess.<anonymous> (test/utils/g2-pg17-harness.ts:165:51)

  console.warn
    PG17_PROCESS {"name":"g2p17_78","old":false,"options":{"action":"roster","family":"clients","limit":200},"result":{"intent_id":"intent","accounting":{"staged":3,"reconstructed":3,"skipped":0,"failed":0},"persons":[],"page":{"limit":200,"next_cursor":null,"has_more":false}},"queries":8,"pid":12974}

      158 |       if (code !== 0 || !result) { reject(new Error(`worker exited ${code}: ${output}`)); return; }
      159 |       // Query shapes, outcomes, fixture identifiers and process IDs only; never parameters.
    > 160 |       console.warn('PG17_PROCESS', JSON.stringify({ name, old, options: { ...options, cursor: options.cursor ? '<cursor>' : undefined },
          |               ^
      161 |         result: result.result, failure: result.failure, queries: result.queries.length, pid: result.pid }));
      162 |       resolveDone(result);
      163 |     };

      at settleWorker (test/utils/g2-pg17-harness.ts:160:15)
      at ChildProcess.<anonymous> (test/utils/g2-pg17-harness.ts:165:51)

  console.warn
    PG17_PROCESS {"name":"g2p17_79","old":false,"options":{"family":"workouts"},"result":{"intent_id":"intent","staged":3,"reconstructed":3,"skipped":0,"failed":0},"queries":28,"pid":13001}

      158 |       if (code !== 0 || !result) { reject(new Error(`worker exited ${code}: ${output}`)); return; }
      159 |       // Query shapes, outcomes, fixture identifiers and process IDs only; never parameters.
    > 160 |       console.warn('PG17_PROCESS', JSON.stringify({ name, old, options: { ...options, cursor: options.cursor ? '<cursor>' : undefined },
          |               ^
      161 |         result: result.result, failure: result.failure, queries: result.queries.length, pid: result.pid }));
      162 |       resolveDone(result);
      163 |     };

      at settleWorker (test/utils/g2-pg17-harness.ts:160:15)
      at ChildProcess.<anonymous> (test/utils/g2-pg17-harness.ts:165:51)

  console.warn
    PG17_PROCESS {"name":"g2p17_80","old":false,"options":{"action":"entities","family":"workouts"},"result":{"intent_id":"intent","family":"workouts","entities":[{"id":"4a6cd9af-71e0-4ed6-b6d9-a93655005f04","source_platform":"truecoach","entity_type":"workouts","source_id":"a","client_source_id":"client-new","label":"Synthetic A","created_at":"2026-09-20T18:30:29.456Z","updated_at":"2026-09-20T18:30:29.456Z"}],"page_count":1,"next_cursor":"eyJjIjoiY29hY2giLCJpIjoiaW50ZW50IiwiZiI6IndvcmtvdXRzIiwibyI6InNvdXJjZV9pZDphc2MiLCJzIjoiYSJ9"},"queries":6,"pid":13021}

      158 |       if (code !== 0 || !result) { reject(new Error(`worker exited ${code}: ${output}`)); return; }
      159 |       // Query shapes, outcomes, fixture identifiers and process IDs only; never parameters.
    > 160 |       console.warn('PG17_PROCESS', JSON.stringify({ name, old, options: { ...options, cursor: options.cursor ? '<cursor>' : undefined },
          |               ^
      161 |         result: result.result, failure: result.failure, queries: result.queries.length, pid: result.pid }));
      162 |       resolveDone(result);
      163 |     };

      at settleWorker (test/utils/g2-pg17-harness.ts:160:15)
      at ChildProcess.<anonymous> (test/utils/g2-pg17-harness.ts:165:51)

  console.warn
    PG17_PROCESS {"name":"g2p17_81","old":false,"options":{"action":"entities","family":"workouts","cursor":"<cursor>"},"result":{"intent_id":"intent","family":"workouts","entities":[{"id":"d0233c3e-37aa-4bf3-b017-f23782c4d4e7","source_platform":"truecoach","entity_type":"workouts","source_id":"b","client_source_id":"client-new","label":"Synthetic A","created_at":"2026-09-20T18:30:29.462Z","updated_at":"2026-09-20T18:30:29.462Z"}],"page_count":1,"next_cursor":"eyJjIjoiY29hY2giLCJpIjoiaW50ZW50IiwiZiI6IndvcmtvdXRzIiwibyI6InNvdXJjZV9pZDphc2MiLCJzIjoiYiJ9"},"queries":6,"pid":13037}

      158 |       if (code !== 0 || !result) { reject(new Error(`worker exited ${code}: ${output}`)); return; }
      159 |       // Query shapes, outcomes, fixture identifiers and process IDs only; never parameters.
    > 160 |       console.warn('PG17_PROCESS', JSON.stringify({ name, old, options: { ...options, cursor: options.cursor ? '<cursor>' : undefined },
          |               ^
      161 |         result: result.result, failure: result.failure, queries: result.queries.length, pid: result.pid }));
      162 |       resolveDone(result);
      163 |     };

      at settleWorker (test/utils/g2-pg17-harness.ts:160:15)
      at ChildProcess.<anonymous> (test/utils/g2-pg17-harness.ts:165:51)

  console.warn
    PG17_PROCESS {"name":"g2p17_82","old":false,"options":{"action":"entities","family":"workouts","cursor":"<cursor>"},"result":{"intent_id":"intent","family":"workouts","entities":[{"id":"dd19dfd9-c9e3-43d6-bed8-83aedb6e6adf","source_platform":"truecoach","entity_type":"workouts","source_id":"c","client_source_id":"client-new","label":"Synthetic A","created_at":"2026-09-20T18:30:29.466Z","updated_at":"2026-09-20T18:30:29.466Z"}],"page_count":1,"next_cursor":null},"queries":6,"pid":13054}

      158 |       if (code !== 0 || !result) { reject(new Error(`worker exited ${code}: ${output}`)); return; }
      159 |       // Query shapes, outcomes, fixture identifiers and process IDs only; never parameters.
    > 160 |       console.warn('PG17_PROCESS', JSON.stringify({ name, old, options: { ...options, cursor: options.cursor ? '<cursor>' : undefined },
          |               ^
      161 |         result: result.result, failure: result.failure, queries: result.queries.length, pid: result.pid }));
      162 |       resolveDone(result);
      163 |     };

      at settleWorker (test/utils/g2-pg17-harness.ts:160:15)
      at ChildProcess.<anonymous> (test/utils/g2-pg17-harness.ts:165:51)

  console.warn
    PG17_PROCESS {"name":"g2p17_83","old":false,"options":{"action":"entities","family":"workouts","cursor":"<cursor>"},"result":{"intent_id":"intent","family":"workouts","entities":[{"id":"d0233c3e-37aa-4bf3-b017-f23782c4d4e7","source_platform":"truecoach","entity_type":"workouts","source_id":"b","client_source_id":"client-new","label":"Synthetic A","created_at":"2026-09-20T18:30:29.462Z","updated_at":"2026-09-20T18:30:29.462Z"}],"page_count":1,"next_cursor":"eyJjIjoiY29hY2giLCJpIjoiaW50ZW50IiwiZiI6IndvcmtvdXRzIiwibyI6InNvdXJjZV9pZDphc2MiLCJzIjoiYiJ9"},"queries":6,"pid":13070}

      158 |       if (code !== 0 || !result) { reject(new Error(`worker exited ${code}: ${output}`)); return; }
      159 |       // Query shapes, outcomes, fixture identifiers and process IDs only; never parameters.
    > 160 |       console.warn('PG17_PROCESS', JSON.stringify({ name, old, options: { ...options, cursor: options.cursor ? '<cursor>' : undefined },
          |               ^
      161 |         result: result.result, failure: result.failure, queries: result.queries.length, pid: result.pid }));
      162 |       resolveDone(result);
      163 |     };

      at settleWorker (test/utils/g2-pg17-harness.ts:160:15)
      at ChildProcess.<anonymous> (test/utils/g2-pg17-harness.ts:165:51)

  console.warn
    PG17_PROCESS {"name":"g2p17_84","old":false,"options":{"action":"entities","family":"workouts","coach":"foreign"},"failure":{"status":404,"message":"Not Found"},"queries":4,"pid":13086}

      158 |       if (code !== 0 || !result) { reject(new Error(`worker exited ${code}: ${output}`)); return; }
      159 |       // Query shapes, outcomes, fixture identifiers and process IDs only; never parameters.
    > 160 |       console.warn('PG17_PROCESS', JSON.stringify({ name, old, options: { ...options, cursor: options.cursor ? '<cursor>' : undefined },
          |               ^
      161 |         result: result.result, failure: result.failure, queries: result.queries.length, pid: result.pid }));
      162 |       resolveDone(result);
      163 |     };

      at settleWorker (test/utils/g2-pg17-harness.ts:160:15)
      at ChildProcess.<anonymous> (test/utils/g2-pg17-harness.ts:165:51)

  console.warn
    PG17_PROCESS {"name":"g2p17_85","old":false,"options":{"action":"entities","family":"workouts","cursor":"<cursor>"},"failure":{"status":400,"message":"malformed cursor"},"queries":0,"pid":13102}

      158 |       if (code !== 0 || !result) { reject(new Error(`worker exited ${code}: ${output}`)); return; }
      159 |       // Query shapes, outcomes, fixture identifiers and process IDs only; never parameters.
    > 160 |       console.warn('PG17_PROCESS', JSON.stringify({ name, old, options: { ...options, cursor: options.cursor ? '<cursor>' : undefined },
          |               ^
      161 |         result: result.result, failure: result.failure, queries: result.queries.length, pid: result.pid }));
      162 |       resolveDone(result);
      163 |     };

      at settleWorker (test/utils/g2-pg17-harness.ts:160:15)
      at ChildProcess.<anonymous> (test/utils/g2-pg17-harness.ts:165:51)

  console.warn
    PG17_PROCESS {"name":"g2p17_86","old":false,"options":{"action":"entities","family":"workouts","cursor":"<cursor>","limit":200},"result":{"intent_id":"intent","family":"workouts","entities":[{"id":"d0233c3e-37aa-4bf3-b017-f23782c4d4e7","source_platform":"truecoach","entity_type":"workouts","source_id":"b","client_source_id":"client-new","label":"Synthetic A","created_at":"2026-09-20T18:30:29.462Z","updated_at":"2026-09-20T18:30:29.462Z"},{"id":"dd19dfd9-c9e3-43d6-bed8-83aedb6e6adf","source_platform":"truecoach","entity_type":"workouts","source_id":"c","client_source_id":"client-new","label":"Synthetic A","created_at":"2026-09-20T18:30:29.466Z","updated_at":"2026-09-20T18:30:29.466Z"}],"page_count":2,"next_cursor":null},"queries":6,"pid":13117}

      158 |       if (code !== 0 || !result) { reject(new Error(`worker exited ${code}: ${output}`)); return; }
      159 |       // Query shapes, outcomes, fixture identifiers and process IDs only; never parameters.
    > 160 |       console.warn('PG17_PROCESS', JSON.stringify({ name, old, options: { ...options, cursor: options.cursor ? '<cursor>' : undefined },
          |               ^
      161 |         result: result.result, failure: result.failure, queries: result.queries.length, pid: result.pid }));
      162 |       resolveDone(result);
      163 |     };

      at settleWorker (test/utils/g2-pg17-harness.ts:160:15)
      at ChildProcess.<anonymous> (test/utils/g2-pg17-harness.ts:165:51)

  console.warn
    PG17_PROCESS {"name":"g2p17_87","old":false,"options":{"action":"entities","family":"workouts","cursor":"<cursor>","limit":2},"result":{"intent_id":"intent","family":"workouts","entities":[],"page_count":0,"next_cursor":null},"queries":6,"pid":13135}

      158 |       if (code !== 0 || !result) { reject(new Error(`worker exited ${code}: ${output}`)); return; }
      159 |       // Query shapes, outcomes, fixture identifiers and process IDs only; never parameters.
    > 160 |       console.warn('PG17_PROCESS', JSON.stringify({ name, old, options: { ...options, cursor: options.cursor ? '<cursor>' : undefined },
          |               ^
      161 |         result: result.result, failure: result.failure, queries: result.queries.length, pid: result.pid }));
      162 |       resolveDone(result);
      163 |     };

      at settleWorker (test/utils/g2-pg17-harness.ts:160:15)
      at ChildProcess.<anonymous> (test/utils/g2-pg17-harness.ts:165:51)

  console.warn
    PG17_PROCESS {"name":"g2p17_88","old":false,"options":{"action":"entities","family":"workouts","limit":200},"result":{"intent_id":"intent","family":"workouts","entities":[],"page_count":0,"next_cursor":null},"queries":6,"pid":13153}

      158 |       if (code !== 0 || !result) { reject(new Error(`worker exited ${code}: ${output}`)); return; }
      159 |       // Query shapes, outcomes, fixture identifiers and process IDs only; never parameters.
    > 160 |       console.warn('PG17_PROCESS', JSON.stringify({ name, old, options: { ...options, cursor: options.cursor ? '<cursor>' : undefined },
          |               ^
      161 |         result: result.result, failure: result.failure, queries: result.queries.length, pid: result.pid }));
      162 |       resolveDone(result);
      163 |     };

      at settleWorker (test/utils/g2-pg17-harness.ts:160:15)
      at ChildProcess.<anonymous> (test/utils/g2-pg17-harness.ts:165:51)

  console.warn
    PG17_PROCESS {"name":"g2p17_89","old":false,"options":{"family":"clients"},"result":{"intent_id":"intent","staged":4,"reconstructed":4,"skipped":0,"failed":0},"queries":36,"pid":13181}

      158 |       if (code !== 0 || !result) { reject(new Error(`worker exited ${code}: ${output}`)); return; }
      159 |       // Query shapes, outcomes, fixture identifiers and process IDs only; never parameters.
    > 160 |       console.warn('PG17_PROCESS', JSON.stringify({ name, old, options: { ...options, cursor: options.cursor ? '<cursor>' : undefined },
          |               ^
      161 |         result: result.result, failure: result.failure, queries: result.queries.length, pid: result.pid }));
      162 |       resolveDone(result);
      163 |     };

      at settleWorker (test/utils/g2-pg17-harness.ts:160:15)
      at ChildProcess.<anonymous> (test/utils/g2-pg17-harness.ts:165:51)

  console.warn
    PG17_PROCESS {"name":"g2p17_90","old":false,"options":{"action":"roster","family":"clients","cursor":"<cursor>"},"result":{"intent_id":"intent","accounting":{"staged":4,"reconstructed":4,"skipped":0,"failed":0},"persons":[{"id":"9e8cf577-6b77-47e6-ab41-e8d14af888d2","state":"InvitePending","source_platform":"truecoach","source_person_id":"b","display_name":"Synthetic A","created_at":"2026-09-20T18:30:38.540Z","updated_at":"2026-09-20T18:30:38.540Z"}],"page":{"limit":1,"next_cursor":"YQ","has_more":true}},"queries":8,"pid":13204}

      158 |       if (code !== 0 || !result) { reject(new Error(`worker exited ${code}: ${output}`)); return; }
      159 |       // Query shapes, outcomes, fixture identifiers and process IDs only; never parameters.
    > 160 |       console.warn('PG17_PROCESS', JSON.stringify({ name, old, options: { ...options, cursor: options.cursor ? '<cursor>' : undefined },
          |               ^
      161 |         result: result.result, failure: result.failure, queries: result.queries.length, pid: result.pid }));
      162 |       resolveDone(result);
      163 |     };

      at settleWorker (test/utils/g2-pg17-harness.ts:160:15)
      at ChildProcess.<anonymous> (test/utils/g2-pg17-harness.ts:165:51)

  console.warn
    PG17_PROCESS {"name":"g2p17_91","old":false,"options":{"action":"roster","family":"clients","cursor":"<cursor>"},"result":{"intent_id":"intent","accounting":{"staged":4,"reconstructed":4,"skipped":0,"failed":0},"persons":[{"id":"68014326-7da6-4190-836c-c87b9dbf7a1d","state":"InvitePending","source_platform":"truecoach","source_person_id":"d","display_name":"Synthetic A","created_at":"2026-09-20T18:30:38.547Z","updated_at":"2026-09-20T18:30:38.547Z"}],"page":{"limit":1,"next_cursor":null,"has_more":false}},"queries":8,"pid":13220}

      158 |       if (code !== 0 || !result) { reject(new Error(`worker exited ${code}: ${output}`)); return; }
      159 |       // Query shapes, outcomes, fixture identifiers and process IDs only; never parameters.
    > 160 |       console.warn('PG17_PROCESS', JSON.stringify({ name, old, options: { ...options, cursor: options.cursor ? '<cursor>' : undefined },
          |               ^
      161 |         result: result.result, failure: result.failure, queries: result.queries.length, pid: result.pid }));
      162 |       resolveDone(result);
      163 |     };

      at settleWorker (test/utils/g2-pg17-harness.ts:160:15)
      at ChildProcess.<anonymous> (test/utils/g2-pg17-harness.ts:165:51)

  console.warn
    PG17_PROCESS {"name":"g2p17_92","old":false,"options":{"action":"roster","family":"clients","cursor":"<cursor>"},"result":{"intent_id":"intent","accounting":{"staged":4,"reconstructed":4,"skipped":0,"failed":0},"persons":[{"id":"d6ad5349-7e39-4195-8243-e01a51cbb563","state":"InvitePending","source_platform":"truecoach","source_person_id":"c","display_name":"Synthetic A","created_at":"2026-09-20T18:30:38.543Z","updated_at":"2026-09-20T18:30:38.543Z"}],"page":{"limit":1,"next_cursor":"YQ","has_more":true}},"queries":8,"pid":13236}

      158 |       if (code !== 0 || !result) { reject(new Error(`worker exited ${code}: ${output}`)); return; }
      159 |       // Query shapes, outcomes, fixture identifiers and process IDs only; never parameters.
    > 160 |       console.warn('PG17_PROCESS', JSON.stringify({ name, old, options: { ...options, cursor: options.cursor ? '<cursor>' : undefined },
          |               ^
      161 |         result: result.result, failure: result.failure, queries: result.queries.length, pid: result.pid }));
      162 |       resolveDone(result);
      163 |     };

      at settleWorker (test/utils/g2-pg17-harness.ts:160:15)
      at ChildProcess.<anonymous> (test/utils/g2-pg17-harness.ts:165:51)

  console.warn
    PG17_PROCESS {"name":"g2p17_93","old":false,"options":{"family":"workouts"},"result":{"intent_id":"intent","staged":4,"reconstructed":4,"skipped":0,"failed":0},"queries":36,"pid":13266}

      158 |       if (code !== 0 || !result) { reject(new Error(`worker exited ${code}: ${output}`)); return; }
      159 |       // Query shapes, outcomes, fixture identifiers and process IDs only; never parameters.
    > 160 |       console.warn('PG17_PROCESS', JSON.stringify({ name, old, options: { ...options, cursor: options.cursor ? '<cursor>' : undefined },
          |               ^
      161 |         result: result.result, failure: result.failure, queries: result.queries.length, pid: result.pid }));
      162 |       resolveDone(result);
      163 |     };

      at settleWorker (test/utils/g2-pg17-harness.ts:160:15)
      at ChildProcess.<anonymous> (test/utils/g2-pg17-harness.ts:165:51)

  console.warn
    PG17_PROCESS {"name":"g2p17_94","old":false,"options":{"action":"entities","family":"workouts","cursor":"<cursor>"},"result":{"intent_id":"intent","family":"workouts","entities":[{"id":"9dc5e51f-aeff-4bff-b385-5b9db4e91a2e","source_platform":"truecoach","entity_type":"workouts","source_id":"b","client_source_id":"client-new","label":"Synthetic A","created_at":"2026-09-20T18:30:43.881Z","updated_at":"2026-09-20T18:30:43.881Z"}],"page_count":1,"next_cursor":"eyJjIjoiY29hY2giLCJpIjoiaW50ZW50IiwiZiI6IndvcmtvdXRzIiwibyI6InNvdXJjZV9pZDphc2MiLCJzIjoiYSJ9"},"queries":6,"pid":13290}

      158 |       if (code !== 0 || !result) { reject(new Error(`worker exited ${code}: ${output}`)); return; }
      159 |       // Query shapes, outcomes, fixture identifiers and process IDs only; never parameters.
    > 160 |       console.warn('PG17_PROCESS', JSON.stringify({ name, old, options: { ...options, cursor: options.cursor ? '<cursor>' : undefined },
          |               ^
      161 |         result: result.result, failure: result.failure, queries: result.queries.length, pid: result.pid }));
      162 |       resolveDone(result);
      163 |     };

      at settleWorker (test/utils/g2-pg17-harness.ts:160:15)
      at ChildProcess.<anonymous> (test/utils/g2-pg17-harness.ts:165:51)

  console.warn
    PG17_PROCESS {"name":"g2p17_95","old":false,"options":{"action":"entities","family":"workouts","cursor":"<cursor>"},"result":{"intent_id":"intent","family":"workouts","entities":[{"id":"a313e1b7-771e-4393-8b20-9377cdf22fb1","source_platform":"truecoach","entity_type":"workouts","source_id":"d","client_source_id":"client-new","label":"Synthetic A","created_at":"2026-09-20T18:30:43.889Z","updated_at":"2026-09-20T18:30:43.889Z"}],"page_count":1,"next_cursor":null},"queries":6,"pid":13306}

      158 |       if (code !== 0 || !result) { reject(new Error(`worker exited ${code}: ${output}`)); return; }
      159 |       // Query shapes, outcomes, fixture identifiers and process IDs only; never parameters.
    > 160 |       console.warn('PG17_PROCESS', JSON.stringify({ name, old, options: { ...options, cursor: options.cursor ? '<cursor>' : undefined },
          |               ^
      161 |         result: result.result, failure: result.failure, queries: result.queries.length, pid: result.pid }));
      162 |       resolveDone(result);
      163 |     };

      at settleWorker (test/utils/g2-pg17-harness.ts:160:15)
      at ChildProcess.<anonymous> (test/utils/g2-pg17-harness.ts:165:51)

  console.warn
    PG17_PROCESS {"name":"g2p17_96","old":false,"options":{"action":"entities","family":"workouts","cursor":"<cursor>"},"result":{"intent_id":"intent","family":"workouts","entities":[{"id":"96c1fec4-d775-481d-ae15-a44d242fcbbb","source_platform":"truecoach","entity_type":"workouts","source_id":"c","client_source_id":"client-new","label":"Synthetic A","created_at":"2026-09-20T18:30:43.886Z","updated_at":"2026-09-20T18:30:43.886Z"}],"page_count":1,"next_cursor":"eyJjIjoiY29hY2giLCJpIjoiaW50ZW50IiwiZiI6IndvcmtvdXRzIiwibyI6InNvdXJjZV9pZDphc2MiLCJzIjoiYSJ9"},"queries":6,"pid":13322}

      158 |       if (code !== 0 || !result) { reject(new Error(`worker exited ${code}: ${output}`)); return; }
      159 |       // Query shapes, outcomes, fixture identifiers and process IDs only; never parameters.
    > 160 |       console.warn('PG17_PROCESS', JSON.stringify({ name, old, options: { ...options, cursor: options.cursor ? '<cursor>' : undefined },
          |               ^
      161 |         result: result.result, failure: result.failure, queries: result.queries.length, pid: result.pid }));
      162 |       resolveDone(result);
      163 |     };

      at settleWorker (test/utils/g2-pg17-harness.ts:160:15)
      at ChildProcess.<anonymous> (test/utils/g2-pg17-harness.ts:165:51)

  console.warn
    PG17_PROCESS {"name":"g2p17_97","old":false,"options":{"family":"clients"},"result":{"intent_id":"intent","staged":1,"reconstructed":1,"skipped":0,"failed":0},"queries":12,"pid":13347}

      158 |       if (code !== 0 || !result) { reject(new Error(`worker exited ${code}: ${output}`)); return; }
      159 |       // Query shapes, outcomes, fixture identifiers and process IDs only; never parameters.
    > 160 |       console.warn('PG17_PROCESS', JSON.stringify({ name, old, options: { ...options, cursor: options.cursor ? '<cursor>' : undefined },
          |               ^
      161 |         result: result.result, failure: result.failure, queries: result.queries.length, pid: result.pid }));
      162 |       resolveDone(result);
      163 |     };

      at settleWorker (test/utils/g2-pg17-harness.ts:160:15)
      at ChildProcess.<anonymous> (test/utils/g2-pg17-harness.ts:165:51)

  console.warn
    PG17_PROCESS {"name":"g2p17_98","old":false,"options":{"action":"roster","family":"clients","cursor":"<cursor>"},"failure":{"status":400,"message":"malformed cursor"},"queries":0,"pid":13363}

      158 |       if (code !== 0 || !result) { reject(new Error(`worker exited ${code}: ${output}`)); return; }
      159 |       // Query shapes, outcomes, fixture identifiers and process IDs only; never parameters.
    > 160 |       console.warn('PG17_PROCESS', JSON.stringify({ name, old, options: { ...options, cursor: options.cursor ? '<cursor>' : undefined },
          |               ^
      161 |         result: result.result, failure: result.failure, queries: result.queries.length, pid: result.pid }));
      162 |       resolveDone(result);
      163 |     };

      at settleWorker (test/utils/g2-pg17-harness.ts:160:15)
      at ChildProcess.<anonymous> (test/utils/g2-pg17-harness.ts:165:51)

  console.warn
    PG17_PROCESS {"name":"g2p17_99","old":false,"options":{"action":"roster","family":"clients","cursor":"<cursor>"},"result":{"intent_id":"intent","accounting":{"staged":1,"reconstructed":1,"skipped":0,"failed":0},"persons":[],"page":{"limit":1,"next_cursor":null,"has_more":false}},"queries":7,"pid":13377}

      158 |       if (code !== 0 || !result) { reject(new Error(`worker exited ${code}: ${output}`)); return; }
      159 |       // Query shapes, outcomes, fixture identifiers and process IDs only; never parameters.
    > 160 |       console.warn('PG17_PROCESS', JSON.stringify({ name, old, options: { ...options, cursor: options.cursor ? '<cursor>' : undefined },
          |               ^
      161 |         result: result.result, failure: result.failure, queries: result.queries.length, pid: result.pid }));
      162 |       resolveDone(result);
      163 |     };

      at settleWorker (test/utils/g2-pg17-harness.ts:160:15)
      at ChildProcess.<anonymous> (test/utils/g2-pg17-harness.ts:165:51)

  console.warn
    PG17_PROCESS {"name":"g2p17_100","old":false,"options":{"action":"roster","family":"clients","cursor":"<cursor>"},"failure":{"status":400,"message":"malformed cursor"},"queries":0,"pid":13393}

      158 |       if (code !== 0 || !result) { reject(new Error(`worker exited ${code}: ${output}`)); return; }
      159 |       // Query shapes, outcomes, fixture identifiers and process IDs only; never parameters.
    > 160 |       console.warn('PG17_PROCESS', JSON.stringify({ name, old, options: { ...options, cursor: options.cursor ? '<cursor>' : undefined },
          |               ^
      161 |         result: result.result, failure: result.failure, queries: result.queries.length, pid: result.pid }));
      162 |       resolveDone(result);
      163 |     };

      at settleWorker (test/utils/g2-pg17-harness.ts:160:15)
      at ChildProcess.<anonymous> (test/utils/g2-pg17-harness.ts:165:51)

  console.warn
    PG17_PROCESS {"name":"g2p17_101","old":false,"options":{"action":"roster","family":"clients","cursor":"<cursor>"},"failure":{"status":400,"message":"malformed cursor"},"queries":0,"pid":13406}

      158 |       if (code !== 0 || !result) { reject(new Error(`worker exited ${code}: ${output}`)); return; }
      159 |       // Query shapes, outcomes, fixture identifiers and process IDs only; never parameters.
    > 160 |       console.warn('PG17_PROCESS', JSON.stringify({ name, old, options: { ...options, cursor: options.cursor ? '<cursor>' : undefined },
          |               ^
      161 |         result: result.result, failure: result.failure, queries: result.queries.length, pid: result.pid }));
      162 |       resolveDone(result);
      163 |     };

      at settleWorker (test/utils/g2-pg17-harness.ts:160:15)
      at ChildProcess.<anonymous> (test/utils/g2-pg17-harness.ts:165:51)

  console.warn
    PG17_PROCESS {"name":"g2p17_102","old":false,"options":{"action":"roster","family":"clients","cursor":"<cursor>"},"failure":{"status":400,"message":"malformed cursor"},"queries":0,"pid":13419}

      158 |       if (code !== 0 || !result) { reject(new Error(`worker exited ${code}: ${output}`)); return; }
      159 |       // Query shapes, outcomes, fixture identifiers and process IDs only; never parameters.
    > 160 |       console.warn('PG17_PROCESS', JSON.stringify({ name, old, options: { ...options, cursor: options.cursor ? '<cursor>' : undefined },
          |               ^
      161 |         result: result.result, failure: result.failure, queries: result.queries.length, pid: result.pid }));
      162 |       resolveDone(result);
      163 |     };

      at settleWorker (test/utils/g2-pg17-harness.ts:160:15)
      at ChildProcess.<anonymous> (test/utils/g2-pg17-harness.ts:165:51)

  console.warn
    PG17_PROCESS {"name":"g2p17_103","old":false,"options":{"action":"roster","family":"clients","cursor":"<cursor>"},"failure":{"status":400,"message":"malformed cursor"},"queries":0,"pid":13432}

      158 |       if (code !== 0 || !result) { reject(new Error(`worker exited ${code}: ${output}`)); return; }
      159 |       // Query shapes, outcomes, fixture identifiers and process IDs only; never parameters.
    > 160 |       console.warn('PG17_PROCESS', JSON.stringify({ name, old, options: { ...options, cursor: options.cursor ? '<cursor>' : undefined },
          |               ^
      161 |         result: result.result, failure: result.failure, queries: result.queries.length, pid: result.pid }));
      162 |       resolveDone(result);
      163 |     };

      at settleWorker (test/utils/g2-pg17-harness.ts:160:15)
      at ChildProcess.<anonymous> (test/utils/g2-pg17-harness.ts:165:51)

  console.warn
    PG17_PROCESS {"name":"g2p17_104","old":false,"options":{"action":"roster","family":"clients","cursor":"<cursor>"},"failure":{"status":400,"message":"malformed cursor"},"queries":0,"pid":13445}

      158 |       if (code !== 0 || !result) { reject(new Error(`worker exited ${code}: ${output}`)); return; }
      159 |       // Query shapes, outcomes, fixture identifiers and process IDs only; never parameters.
    > 160 |       console.warn('PG17_PROCESS', JSON.stringify({ name, old, options: { ...options, cursor: options.cursor ? '<cursor>' : undefined },
          |               ^
      161 |         result: result.result, failure: result.failure, queries: result.queries.length, pid: result.pid }));
      162 |       resolveDone(result);
      163 |     };

      at settleWorker (test/utils/g2-pg17-harness.ts:160:15)
      at ChildProcess.<anonymous> (test/utils/g2-pg17-harness.ts:165:51)

  console.warn
    PG17_PROCESS {"name":"g2p17_105","old":false,"options":{"action":"roster","family":"clients","cursor":"<cursor>"},"failure":{"status":400,"message":"malformed cursor"},"queries":0,"pid":13458}

      158 |       if (code !== 0 || !result) { reject(new Error(`worker exited ${code}: ${output}`)); return; }
      159 |       // Query shapes, outcomes, fixture identifiers and process IDs only; never parameters.
    > 160 |       console.warn('PG17_PROCESS', JSON.stringify({ name, old, options: { ...options, cursor: options.cursor ? '<cursor>' : undefined },
          |               ^
      161 |         result: result.result, failure: result.failure, queries: result.queries.length, pid: result.pid }));
      162 |       resolveDone(result);
      163 |     };

      at settleWorker (test/utils/g2-pg17-harness.ts:160:15)
      at ChildProcess.<anonymous> (test/utils/g2-pg17-harness.ts:165:51)

  console.warn
    PG17_PROCESS {"name":"g2p17_106","old":false,"options":{"action":"roster","family":"clients","cursor":"<cursor>"},"failure":{"status":400,"message":"malformed cursor"},"queries":0,"pid":13471}

      158 |       if (code !== 0 || !result) { reject(new Error(`worker exited ${code}: ${output}`)); return; }
      159 |       // Query shapes, outcomes, fixture identifiers and process IDs only; never parameters.
    > 160 |       console.warn('PG17_PROCESS', JSON.stringify({ name, old, options: { ...options, cursor: options.cursor ? '<cursor>' : undefined },
          |               ^
      161 |         result: result.result, failure: result.failure, queries: result.queries.length, pid: result.pid }));
      162 |       resolveDone(result);
      163 |     };

      at settleWorker (test/utils/g2-pg17-harness.ts:160:15)
      at ChildProcess.<anonymous> (test/utils/g2-pg17-harness.ts:165:51)

  console.warn
    PG17_PROCESS {"name":"g2p17_107","old":false,"options":{"action":"roster","family":"clients","cursor":"<cursor>"},"failure":{"status":400,"message":"malformed cursor"},"queries":0,"pid":13484}

      158 |       if (code !== 0 || !result) { reject(new Error(`worker exited ${code}: ${output}`)); return; }
      159 |       // Query shapes, outcomes, fixture identifiers and process IDs only; never parameters.
    > 160 |       console.warn('PG17_PROCESS', JSON.stringify({ name, old, options: { ...options, cursor: options.cursor ? '<cursor>' : undefined },
          |               ^
      161 |         result: result.result, failure: result.failure, queries: result.queries.length, pid: result.pid }));
      162 |       resolveDone(result);
      163 |     };

      at settleWorker (test/utils/g2-pg17-harness.ts:160:15)
      at ChildProcess.<anonymous> (test/utils/g2-pg17-harness.ts:165:51)

  console.warn
    PG17_PROCESS {"name":"g2p17_108","old":false,"options":{"action":"roster","family":"clients","cursor":"<cursor>"},"failure":{"status":400,"message":"malformed cursor"},"queries":0,"pid":13497}

      158 |       if (code !== 0 || !result) { reject(new Error(`worker exited ${code}: ${output}`)); return; }
      159 |       // Query shapes, outcomes, fixture identifiers and process IDs only; never parameters.
    > 160 |       console.warn('PG17_PROCESS', JSON.stringify({ name, old, options: { ...options, cursor: options.cursor ? '<cursor>' : undefined },
          |               ^
      161 |         result: result.result, failure: result.failure, queries: result.queries.length, pid: result.pid }));
      162 |       resolveDone(result);
      163 |     };

      at settleWorker (test/utils/g2-pg17-harness.ts:160:15)
      at ChildProcess.<anonymous> (test/utils/g2-pg17-harness.ts:165:51)

  console.warn
    PG17_PROCESS {"name":"g2p17_109","old":false,"options":{"action":"roster","family":"clients","cursor":"<cursor>"},"failure":{"status":400,"message":"malformed cursor"},"queries":0,"pid":13510}

      158 |       if (code !== 0 || !result) { reject(new Error(`worker exited ${code}: ${output}`)); return; }
      159 |       // Query shapes, outcomes, fixture identifiers and process IDs only; never parameters.
    > 160 |       console.warn('PG17_PROCESS', JSON.stringify({ name, old, options: { ...options, cursor: options.cursor ? '<cursor>' : undefined },
          |               ^
      161 |         result: result.result, failure: result.failure, queries: result.queries.length, pid: result.pid }));
      162 |       resolveDone(result);
      163 |     };

      at settleWorker (test/utils/g2-pg17-harness.ts:160:15)
      at ChildProcess.<anonymous> (test/utils/g2-pg17-harness.ts:165:51)

  console.warn
    PG17_PROCESS {"name":"g2p17_110","old":false,"options":{"action":"roster","family":"clients","cursor":"<cursor>"},"failure":{"status":400,"message":"malformed cursor"},"queries":0,"pid":13523}

      158 |       if (code !== 0 || !result) { reject(new Error(`worker exited ${code}: ${output}`)); return; }
      159 |       // Query shapes, outcomes, fixture identifiers and process IDs only; never parameters.
    > 160 |       console.warn('PG17_PROCESS', JSON.stringify({ name, old, options: { ...options, cursor: options.cursor ? '<cursor>' : undefined },
          |               ^
      161 |         result: result.result, failure: result.failure, queries: result.queries.length, pid: result.pid }));
      162 |       resolveDone(result);
      163 |     };

      at settleWorker (test/utils/g2-pg17-harness.ts:160:15)
      at ChildProcess.<anonymous> (test/utils/g2-pg17-harness.ts:165:51)

  console.warn
    PG17_PROCESS {"name":"g2p17_111","old":false,"options":{"action":"roster","family":"clients","cursor":"<cursor>"},"failure":{"status":400,"message":"malformed cursor"},"queries":0,"pid":13539}

      158 |       if (code !== 0 || !result) { reject(new Error(`worker exited ${code}: ${output}`)); return; }
      159 |       // Query shapes, outcomes, fixture identifiers and process IDs only; never parameters.
    > 160 |       console.warn('PG17_PROCESS', JSON.stringify({ name, old, options: { ...options, cursor: options.cursor ? '<cursor>' : undefined },
          |               ^
      161 |         result: result.result, failure: result.failure, queries: result.queries.length, pid: result.pid }));
      162 |       resolveDone(result);
      163 |     };

      at settleWorker (test/utils/g2-pg17-harness.ts:160:15)
      at ChildProcess.<anonymous> (test/utils/g2-pg17-harness.ts:165:51)

  console.warn
    PG17_PROCESS {"name":"g2p17_112","old":false,"options":{"action":"roster","family":"clients","cursor":"<cursor>"},"failure":{"status":400,"message":"malformed cursor"},"queries":0,"pid":13552}

      158 |       if (code !== 0 || !result) { reject(new Error(`worker exited ${code}: ${output}`)); return; }
      159 |       // Query shapes, outcomes, fixture identifiers and process IDs only; never parameters.
    > 160 |       console.warn('PG17_PROCESS', JSON.stringify({ name, old, options: { ...options, cursor: options.cursor ? '<cursor>' : undefined },
          |               ^
      161 |         result: result.result, failure: result.failure, queries: result.queries.length, pid: result.pid }));
      162 |       resolveDone(result);
      163 |     };

      at settleWorker (test/utils/g2-pg17-harness.ts:160:15)
      at ChildProcess.<anonymous> (test/utils/g2-pg17-harness.ts:165:51)

  console.warn
    PG17_PROCESS {"name":"g2p17_113","old":false,"options":{"action":"roster","family":"clients","cursor":"<cursor>"},"failure":{"status":400,"message":"malformed cursor"},"queries":0,"pid":13565}

      158 |       if (code !== 0 || !result) { reject(new Error(`worker exited ${code}: ${output}`)); return; }
      159 |       // Query shapes, outcomes, fixture identifiers and process IDs only; never parameters.
    > 160 |       console.warn('PG17_PROCESS', JSON.stringify({ name, old, options: { ...options, cursor: options.cursor ? '<cursor>' : undefined },
          |               ^
      161 |         result: result.result, failure: result.failure, queries: result.queries.length, pid: result.pid }));
      162 |       resolveDone(result);
      163 |     };

      at settleWorker (test/utils/g2-pg17-harness.ts:160:15)
      at ChildProcess.<anonymous> (test/utils/g2-pg17-harness.ts:165:51)

  console.warn
    PG17_PROCESS {"name":"g2p17_114","old":false,"options":{"action":"roster","family":"clients","cursor":"<cursor>"},"result":{"intent_id":"intent","accounting":{"staged":1,"reconstructed":1,"skipped":0,"failed":0},"persons":[{"id":"cdb53ce6-375b-4a82-9d7b-3732bc82163f","state":"InvitePending","source_platform":"truecoach","source_person_id":"a","display_name":"Synthetic A","created_at":"2026-09-20T18:30:47.446Z","updated_at":"2026-09-20T18:30:47.446Z"}],"page":{"limit":1,"next_cursor":null,"has_more":false}},"queries":8,"pid":13578}

      158 |       if (code !== 0 || !result) { reject(new Error(`worker exited ${code}: ${output}`)); return; }
      159 |       // Query shapes, outcomes, fixture identifiers and process IDs only; never parameters.
    > 160 |       console.warn('PG17_PROCESS', JSON.stringify({ name, old, options: { ...options, cursor: options.cursor ? '<cursor>' : undefined },
          |               ^
      161 |         result: result.result, failure: result.failure, queries: result.queries.length, pid: result.pid }));
      162 |       resolveDone(result);
      163 |     };

      at settleWorker (test/utils/g2-pg17-harness.ts:160:15)
      at ChildProcess.<anonymous> (test/utils/g2-pg17-harness.ts:165:51)

  console.warn
    PG17_PROCESS {"name":"g2p17_115","old":false,"options":{"family":"workouts"},"result":{"intent_id":"intent","staged":1,"reconstructed":1,"skipped":0,"failed":0},"queries":12,"pid":13601}

      158 |       if (code !== 0 || !result) { reject(new Error(`worker exited ${code}: ${output}`)); return; }
      159 |       // Query shapes, outcomes, fixture identifiers and process IDs only; never parameters.
    > 160 |       console.warn('PG17_PROCESS', JSON.stringify({ name, old, options: { ...options, cursor: options.cursor ? '<cursor>' : undefined },
          |               ^
      161 |         result: result.result, failure: result.failure, queries: result.queries.length, pid: result.pid }));
      162 |       resolveDone(result);
      163 |     };

      at settleWorker (test/utils/g2-pg17-harness.ts:160:15)
      at ChildProcess.<anonymous> (test/utils/g2-pg17-harness.ts:165:51)

  console.warn
    PG17_PROCESS {"name":"g2p17_116","old":false,"options":{"action":"entities","family":"workouts","cursor":"<cursor>"},"failure":{"status":400,"message":"malformed cursor"},"queries":0,"pid":13617}

      158 |       if (code !== 0 || !result) { reject(new Error(`worker exited ${code}: ${output}`)); return; }
      159 |       // Query shapes, outcomes, fixture identifiers and process IDs only; never parameters.
    > 160 |       console.warn('PG17_PROCESS', JSON.stringify({ name, old, options: { ...options, cursor: options.cursor ? '<cursor>' : undefined },
          |               ^
      161 |         result: result.result, failure: result.failure, queries: result.queries.length, pid: result.pid }));
      162 |       resolveDone(result);
      163 |     };

      at settleWorker (test/utils/g2-pg17-harness.ts:160:15)
      at ChildProcess.<anonymous> (test/utils/g2-pg17-harness.ts:165:51)

  console.warn
    PG17_PROCESS {"name":"g2p17_117","old":false,"options":{"action":"entities","family":"workouts","cursor":"<cursor>"},"result":{"intent_id":"intent","family":"workouts","entities":[],"page_count":0,"next_cursor":null},"queries":5,"pid":13630}

      158 |       if (code !== 0 || !result) { reject(new Error(`worker exited ${code}: ${output}`)); return; }
      159 |       // Query shapes, outcomes, fixture identifiers and process IDs only; never parameters.
    > 160 |       console.warn('PG17_PROCESS', JSON.stringify({ name, old, options: { ...options, cursor: options.cursor ? '<cursor>' : undefined },
          |               ^
      161 |         result: result.result, failure: result.failure, queries: result.queries.length, pid: result.pid }));
      162 |       resolveDone(result);
      163 |     };

      at settleWorker (test/utils/g2-pg17-harness.ts:160:15)
      at ChildProcess.<anonymous> (test/utils/g2-pg17-harness.ts:165:51)

  console.warn
    PG17_PROCESS {"name":"g2p17_118","old":false,"options":{"action":"entities","family":"workouts","cursor":"<cursor>"},"failure":{"status":400,"message":"malformed cursor"},"queries":0,"pid":13646}

      158 |       if (code !== 0 || !result) { reject(new Error(`worker exited ${code}: ${output}`)); return; }
      159 |       // Query shapes, outcomes, fixture identifiers and process IDs only; never parameters.
    > 160 |       console.warn('PG17_PROCESS', JSON.stringify({ name, old, options: { ...options, cursor: options.cursor ? '<cursor>' : undefined },
          |               ^
      161 |         result: result.result, failure: result.failure, queries: result.queries.length, pid: result.pid }));
      162 |       resolveDone(result);
      163 |     };

      at settleWorker (test/utils/g2-pg17-harness.ts:160:15)
      at ChildProcess.<anonymous> (test/utils/g2-pg17-harness.ts:165:51)

  console.warn
    PG17_PROCESS {"name":"g2p17_119","old":false,"options":{"action":"entities","family":"workouts","cursor":"<cursor>"},"failure":{"status":400,"message":"malformed cursor"},"queries":0,"pid":13659}

      158 |       if (code !== 0 || !result) { reject(new Error(`worker exited ${code}: ${output}`)); return; }
      159 |       // Query shapes, outcomes, fixture identifiers and process IDs only; never parameters.
    > 160 |       console.warn('PG17_PROCESS', JSON.stringify({ name, old, options: { ...options, cursor: options.cursor ? '<cursor>' : undefined },
          |               ^
      161 |         result: result.result, failure: result.failure, queries: result.queries.length, pid: result.pid }));
      162 |       resolveDone(result);
      163 |     };

      at settleWorker (test/utils/g2-pg17-harness.ts:160:15)
      at ChildProcess.<anonymous> (test/utils/g2-pg17-harness.ts:165:51)

  console.warn
    PG17_PROCESS {"name":"g2p17_120","old":false,"options":{"action":"entities","family":"workouts","cursor":"<cursor>"},"failure":{"status":400,"message":"malformed cursor"},"queries":0,"pid":13672}

      158 |       if (code !== 0 || !result) { reject(new Error(`worker exited ${code}: ${output}`)); return; }
      159 |       // Query shapes, outcomes, fixture identifiers and process IDs only; never parameters.
    > 160 |       console.warn('PG17_PROCESS', JSON.stringify({ name, old, options: { ...options, cursor: options.cursor ? '<cursor>' : undefined },
          |               ^
      161 |         result: result.result, failure: result.failure, queries: result.queries.length, pid: result.pid }));
      162 |       resolveDone(result);
      163 |     };

      at settleWorker (test/utils/g2-pg17-harness.ts:160:15)
      at ChildProcess.<anonymous> (test/utils/g2-pg17-harness.ts:165:51)

  console.warn
    PG17_PROCESS {"name":"g2p17_121","old":false,"options":{"action":"entities","family":"workouts","cursor":"<cursor>"},"failure":{"status":400,"message":"malformed cursor"},"queries":0,"pid":13685}

      158 |       if (code !== 0 || !result) { reject(new Error(`worker exited ${code}: ${output}`)); return; }
      159 |       // Query shapes, outcomes, fixture identifiers and process IDs only; never parameters.
    > 160 |       console.warn('PG17_PROCESS', JSON.stringify({ name, old, options: { ...options, cursor: options.cursor ? '<cursor>' : undefined },
          |               ^
      161 |         result: result.result, failure: result.failure, queries: result.queries.length, pid: result.pid }));
      162 |       resolveDone(result);
      163 |     };

      at settleWorker (test/utils/g2-pg17-harness.ts:160:15)
      at ChildProcess.<anonymous> (test/utils/g2-pg17-harness.ts:165:51)

  console.warn
    PG17_PROCESS {"name":"g2p17_122","old":false,"options":{"action":"entities","family":"workouts","cursor":"<cursor>"},"failure":{"status":400,"message":"malformed cursor"},"queries":0,"pid":13698}

      158 |       if (code !== 0 || !result) { reject(new Error(`worker exited ${code}: ${output}`)); return; }
      159 |       // Query shapes, outcomes, fixture identifiers and process IDs only; never parameters.
    > 160 |       console.warn('PG17_PROCESS', JSON.stringify({ name, old, options: { ...options, cursor: options.cursor ? '<cursor>' : undefined },
          |               ^
      161 |         result: result.result, failure: result.failure, queries: result.queries.length, pid: result.pid }));
      162 |       resolveDone(result);
      163 |     };

      at settleWorker (test/utils/g2-pg17-harness.ts:160:15)
      at ChildProcess.<anonymous> (test/utils/g2-pg17-harness.ts:165:51)

  console.warn
    PG17_PROCESS {"name":"g2p17_123","old":false,"options":{"action":"entities","family":"workouts","cursor":"<cursor>"},"failure":{"status":400,"message":"malformed cursor"},"queries":0,"pid":13712}

      158 |       if (code !== 0 || !result) { reject(new Error(`worker exited ${code}: ${output}`)); return; }
      159 |       // Query shapes, outcomes, fixture identifiers and process IDs only; never parameters.
    > 160 |       console.warn('PG17_PROCESS', JSON.stringify({ name, old, options: { ...options, cursor: options.cursor ? '<cursor>' : undefined },
          |               ^
      161 |         result: result.result, failure: result.failure, queries: result.queries.length, pid: result.pid }));
      162 |       resolveDone(result);
      163 |     };

      at settleWorker (test/utils/g2-pg17-harness.ts:160:15)
      at ChildProcess.<anonymous> (test/utils/g2-pg17-harness.ts:165:51)

  console.warn
    PG17_PROCESS {"name":"g2p17_124","old":false,"options":{"action":"entities","family":"workouts","cursor":"<cursor>"},"failure":{"status":400,"message":"malformed cursor"},"queries":0,"pid":13725}

      158 |       if (code !== 0 || !result) { reject(new Error(`worker exited ${code}: ${output}`)); return; }
      159 |       // Query shapes, outcomes, fixture identifiers and process IDs only; never parameters.
    > 160 |       console.warn('PG17_PROCESS', JSON.stringify({ name, old, options: { ...options, cursor: options.cursor ? '<cursor>' : undefined },
          |               ^
      161 |         result: result.result, failure: result.failure, queries: result.queries.length, pid: result.pid }));
      162 |       resolveDone(result);
      163 |     };

      at settleWorker (test/utils/g2-pg17-harness.ts:160:15)
      at ChildProcess.<anonymous> (test/utils/g2-pg17-harness.ts:165:51)

  console.warn
    PG17_PROCESS {"name":"g2p17_125","old":false,"options":{"action":"entities","family":"workouts","cursor":"<cursor>"},"failure":{"status":400,"message":"malformed cursor"},"queries":0,"pid":13738}

      158 |       if (code !== 0 || !result) { reject(new Error(`worker exited ${code}: ${output}`)); return; }
      159 |       // Query shapes, outcomes, fixture identifiers and process IDs only; never parameters.
    > 160 |       console.warn('PG17_PROCESS', JSON.stringify({ name, old, options: { ...options, cursor: options.cursor ? '<cursor>' : undefined },
          |               ^
      161 |         result: result.result, failure: result.failure, queries: result.queries.length, pid: result.pid }));
      162 |       resolveDone(result);
      163 |     };

      at settleWorker (test/utils/g2-pg17-harness.ts:160:15)
      at ChildProcess.<anonymous> (test/utils/g2-pg17-harness.ts:165:51)

  console.warn
    PG17_PROCESS {"name":"g2p17_126","old":false,"options":{"action":"entities","family":"workouts","cursor":"<cursor>"},"failure":{"status":400,"message":"malformed cursor"},"queries":0,"pid":13751}

      158 |       if (code !== 0 || !result) { reject(new Error(`worker exited ${code}: ${output}`)); return; }
      159 |       // Query shapes, outcomes, fixture identifiers and process IDs only; never parameters.
    > 160 |       console.warn('PG17_PROCESS', JSON.stringify({ name, old, options: { ...options, cursor: options.cursor ? '<cursor>' : undefined },
          |               ^
      161 |         result: result.result, failure: result.failure, queries: result.queries.length, pid: result.pid }));
      162 |       resolveDone(result);
      163 |     };

      at settleWorker (test/utils/g2-pg17-harness.ts:160:15)
      at ChildProcess.<anonymous> (test/utils/g2-pg17-harness.ts:165:51)

  console.warn
    PG17_PROCESS {"name":"g2p17_127","old":false,"options":{"action":"entities","family":"workouts","cursor":"<cursor>"},"failure":{"status":400,"message":"malformed cursor"},"queries":0,"pid":13764}

      158 |       if (code !== 0 || !result) { reject(new Error(`worker exited ${code}: ${output}`)); return; }
      159 |       // Query shapes, outcomes, fixture identifiers and process IDs only; never parameters.
    > 160 |       console.warn('PG17_PROCESS', JSON.stringify({ name, old, options: { ...options, cursor: options.cursor ? '<cursor>' : undefined },
          |               ^
      161 |         result: result.result, failure: result.failure, queries: result.queries.length, pid: result.pid }));
      162 |       resolveDone(result);
      163 |     };

      at settleWorker (test/utils/g2-pg17-harness.ts:160:15)
      at ChildProcess.<anonymous> (test/utils/g2-pg17-harness.ts:165:51)

  console.warn
    PG17_PROCESS {"name":"g2p17_128","old":false,"options":{"action":"entities","family":"workouts","cursor":"<cursor>"},"failure":{"status":400,"message":"malformed cursor"},"queries":0,"pid":13778}

      158 |       if (code !== 0 || !result) { reject(new Error(`worker exited ${code}: ${output}`)); return; }
      159 |       // Query shapes, outcomes, fixture identifiers and process IDs only; never parameters.
    > 160 |       console.warn('PG17_PROCESS', JSON.stringify({ name, old, options: { ...options, cursor: options.cursor ? '<cursor>' : undefined },
          |               ^
      161 |         result: result.result, failure: result.failure, queries: result.queries.length, pid: result.pid }));
      162 |       resolveDone(result);
      163 |     };

      at settleWorker (test/utils/g2-pg17-harness.ts:160:15)
      at ChildProcess.<anonymous> (test/utils/g2-pg17-harness.ts:165:51)

  console.warn
    PG17_PROCESS {"name":"g2p17_129","old":false,"options":{"action":"entities","family":"workouts","cursor":"<cursor>"},"failure":{"status":400,"message":"malformed cursor"},"queries":0,"pid":13793}

      158 |       if (code !== 0 || !result) { reject(new Error(`worker exited ${code}: ${output}`)); return; }
      159 |       // Query shapes, outcomes, fixture identifiers and process IDs only; never parameters.
    > 160 |       console.warn('PG17_PROCESS', JSON.stringify({ name, old, options: { ...options, cursor: options.cursor ? '<cursor>' : undefined },
          |               ^
      161 |         result: result.result, failure: result.failure, queries: result.queries.length, pid: result.pid }));
      162 |       resolveDone(result);
      163 |     };

      at settleWorker (test/utils/g2-pg17-harness.ts:160:15)
      at ChildProcess.<anonymous> (test/utils/g2-pg17-harness.ts:165:51)

  console.warn
    PG17_PROCESS {"name":"g2p17_130","old":false,"options":{"action":"entities","family":"workouts","cursor":"<cursor>"},"failure":{"status":400,"message":"malformed cursor"},"queries":0,"pid":13806}

      158 |       if (code !== 0 || !result) { reject(new Error(`worker exited ${code}: ${output}`)); return; }
      159 |       // Query shapes, outcomes, fixture identifiers and process IDs only; never parameters.
    > 160 |       console.warn('PG17_PROCESS', JSON.stringify({ name, old, options: { ...options, cursor: options.cursor ? '<cursor>' : undefined },
          |               ^
      161 |         result: result.result, failure: result.failure, queries: result.queries.length, pid: result.pid }));
      162 |       resolveDone(result);
      163 |     };

      at settleWorker (test/utils/g2-pg17-harness.ts:160:15)
      at ChildProcess.<anonymous> (test/utils/g2-pg17-harness.ts:165:51)

  console.warn
    PG17_PROCESS {"name":"g2p17_131","old":false,"options":{"action":"entities","family":"workouts","cursor":"<cursor>"},"failure":{"status":400,"message":"malformed cursor"},"queries":0,"pid":13819}

      158 |       if (code !== 0 || !result) { reject(new Error(`worker exited ${code}: ${output}`)); return; }
      159 |       // Query shapes, outcomes, fixture identifiers and process IDs only; never parameters.
    > 160 |       console.warn('PG17_PROCESS', JSON.stringify({ name, old, options: { ...options, cursor: options.cursor ? '<cursor>' : undefined },
          |               ^
      161 |         result: result.result, failure: result.failure, queries: result.queries.length, pid: result.pid }));
      162 |       resolveDone(result);
      163 |     };

      at settleWorker (test/utils/g2-pg17-harness.ts:160:15)
      at ChildProcess.<anonymous> (test/utils/g2-pg17-harness.ts:165:51)

  console.warn
    PG17_PROCESS {"name":"g2p17_132","old":false,"options":{"action":"entities","family":"workouts","cursor":"<cursor>"},"result":{"intent_id":"intent","family":"workouts","entities":[{"id":"073afbd1-f2e3-466b-a609-654d5cd666bc","source_platform":"truecoach","entity_type":"workouts","source_id":"a","client_source_id":"client-new","label":"Synthetic A","created_at":"2026-09-20T18:31:02.369Z","updated_at":"2026-09-20T18:31:02.369Z"}],"page_count":1,"next_cursor":null},"queries":6,"pid":13832}

      158 |       if (code !== 0 || !result) { reject(new Error(`worker exited ${code}: ${output}`)); return; }
      159 |       // Query shapes, outcomes, fixture identifiers and process IDs only; never parameters.
    > 160 |       console.warn('PG17_PROCESS', JSON.stringify({ name, old, options: { ...options, cursor: options.cursor ? '<cursor>' : undefined },
          |               ^
      161 |         result: result.result, failure: result.failure, queries: result.queries.length, pid: result.pid }));
      162 |       resolveDone(result);
      163 |     };

      at settleWorker (test/utils/g2-pg17-harness.ts:160:15)
      at ChildProcess.<anonymous> (test/utils/g2-pg17-harness.ts:165:51)

  console.warn
    PG17_PROCESS {"name":"g2p17_133","old":false,"options":{},"result":{"intent_id":"intent","staged":2,"reconstructed":2,"skipped":0,"failed":0},"queries":20,"pid":13857}

      158 |       if (code !== 0 || !result) { reject(new Error(`worker exited ${code}: ${output}`)); return; }
      159 |       // Query shapes, outcomes, fixture identifiers and process IDs only; never parameters.
    > 160 |       console.warn('PG17_PROCESS', JSON.stringify({ name, old, options: { ...options, cursor: options.cursor ? '<cursor>' : undefined },
          |               ^
      161 |         result: result.result, failure: result.failure, queries: result.queries.length, pid: result.pid }));
      162 |       resolveDone(result);
      163 |     };

      at settleWorker (test/utils/g2-pg17-harness.ts:160:15)
      at ChildProcess.<anonymous> (test/utils/g2-pg17-harness.ts:165:51)

FAIL rls-live test/rls-g2-pg17-etq0.spec.ts (160.335 s)
  stage 1: E on a populated narrow base with the actual O binary
    ✕ populates synthetic legacy history without a provenance column and O reconstructs 600 staged rows (3108 ms)
    ✕ applies E: rows, OIDs, keys, RLS and policies preserved; column nullable without default (123 ms)
    ✕ keeps the actual O writer and readers working on E, creating NULL provenance (2752 ms)
    ✓ retains forced RLS denial for anon/authenticated on every touched table, even with a hostile claim (967 ms)
    ✓ refuses a wrong public index owner in up on the populated base (388 ms)
    ✓ refuses a wrong public index owner in down on the populated base (276 ms)
    ✓ schema-qualifies both directions despite search_path decoys, leaving 1230 populated rows intact (364 ms)
    ✕ forced-RLS non-bypass owning role cannot drop hidden provenance (populated=true) (158 ms)
    ✕ forced-RLS non-bypass owning role cannot drop hidden provenance (populated=false) (31 ms)
    ✕ rolls E back only while every provenance is NULL, preserving rows, then re-applies (83 ms)
  stage 2: E recorded through the real release mechanism
    ✕ prisma migrate deploy applies exactly E on the populated database and records history (1114 ms)
  stage 3: T provenance, atomicity, accounting and collisions on PostgreSQL 17
    ✕ claims historical NULL history at volume with honest multi-page accounting and identical replay (4773 ms)
    ✓ claims only the exact coach/intent/family identity and leaves adjacent tenants untouched (2109 ms)
    ✓ creates every outcome with actual provenance, isolates failures and replays honestly (2112 ms)
    ✓ claims historical NULL on reconstructed attempts (1005 ms)
    ✓ claims historical NULL on skipped attempts (977 ms)
    ✓ claims historical NULL on failed attempts (1084 ms)
    ✓ rolls back new and pre-existing clients target changes on late mismatch (3093 ms)
    ✓ rolls back new and pre-existing workouts target changes on late mismatch (3281 ms)
    ✓ fail-stops mid-batch on a legacy provenance contradiction, keeping earlier committed rows and honest durable counts (2080 ms)
    ✓ preserves success and reason on skip failure/skip, but still checks mismatch (2799 ms)
    ✓ preserves success and reason on throw failure/skip, but still checks mismatch (2805 ms)
    ✓ preserves success and reason on database failure/skip, but still checks mismatch (3031 ms)
    ✓ rejects invalid staging before writes and preserves narrow staging/ledger identities (6658 ms)
    ✓ cross-intent same source: same platform converges on one Person, different platform mints a second (4022 ms)
    ✓ characterizes the retained narrow ledger collision: one intent cannot carry two platforms for one source (997 ms)
    ✓ characterizes actual O after T: provenance stays but O can downgrade success (3828 ms)
  stage 3b: deterministically coordinated T/T and O/T processes on PostgreSQL 17
    ✓ concurrent success replays with false old winner converge on one target (2052 ms)
    ✓ concurrent success replays with true old winner converge on one target (2023 ms)
    ✓ two absent skip inserts observe real P2002 contention and bounded full-transaction retry (1737 ms)
    ✓ retries real PostgreSQL serialization failure once for skip (1151 ms)
    ✓ retries real PostgreSQL serialization failure once for throw (1171 ms)
    ✓ retries real PostgreSQL serialization failure once for success (1225 ms)
    ✓ exhausted real ledger serialization conflicts stop after two transactions with no invented tally (1169 ms)
    ✓ success holds claim while a failing false old writer waits (2169 ms)
    ✓ success holds claim while a failing true old writer waits (2133 ms)
    ✓ success holds claim while a skipped false old writer waits (2060 ms)
    ✓ success holds claim while a skipped true old writer waits (1955 ms)
    ✓ T success upgrades serialized skip while target write is open (1940 ms)
    ✓ T success upgrades serialized throw while target write is open (1900 ms)
    ✓ concurrent different-platform NULL claims serialize and the loser rolls back target changes (2014 ms)
  stage 4: Q0 real scoped reads, cursor boundaries and unchanged emission
    ✓ enumerates exact narrow-schema clients page union and retains NULL legacy history (8712 ms)
    ✓ enumerates exact narrow-schema workouts page union and retains NULL legacy history (9054 ms)
    ✓ characterizes clients ties ONLY in a temporary future-schema fixture (5346 ms)
    ✓ characterizes workouts ties ONLY in a temporary future-schema fixture (3704 ms)
    ✓ bounds clients cursor tokens at 8,192 characters and rejects every malformed shape without reflection (14943 ms)
    ✓ bounds workouts cursor tokens at 8,192 characters and rejects every malformed shape without reflection (14861 ms)
  stage 5: rollout recovery boundaries after T has claimed provenance
    ✕ refuses destructive E rollback while any claim exists, keeps history, and only a drained ledger can roll back (1262 ms)
    ✕ E/down lock budgets fail atomically against a live writer transaction instead of queueing behind it (5919 ms)

  ● stage 1: E on a populated narrow base with the actual O binary › populates synthetic legacy history without a provenance column and O reconstructs 600 staged rows

    worker exited 0: [33m[Nest] 10765  - [39m09/20/2026, 6:29:04 PM [33m   WARN[39m [38;5;3m[ScoutReconstructService] [39m[33mscout.reconstruct completed with failures {"intent_id":"intent","coach_id":"coach","staged":600,"reconstructed":596,"skipped":8,"failed":21}[39m

      156 |       const code = exitCode;
      157 |       clearTimeout(timer);
    > 158 |       if (code !== 0 || !result) { reject(new Error(`worker exited ${code}: ${output}`)); return; }
          |                                           ^
      159 |       // Query shapes, outcomes, fixture identifiers and process IDs only; never parameters.
      160 |       console.warn('PG17_PROCESS', JSON.stringify({ name, old, options: { ...options, cursor: options.cursor ? '<cursor>' : undefined },
      161 |         result: result.result, failure: result.failure, queries: result.queries.length, pid: result.pid }));

      at settleWorker (test/utils/g2-pg17-harness.ts:158:43)
      at ChildProcess.<anonymous> (test/utils/g2-pg17-harness.ts:165:51)

  ● stage 1: E on a populated narrow base with the actual O binary › applies E: rows, OIDs, keys, RLS and policies preserved; column nullable without default

    expect(received).toEqual(expected) // deep equality

    Expected: undefined
    Received: [{"coach_id": "c2", "created_at": "2026-09-20T18:29:01.166", "entity_type": "client_history", "id": "c2-i2-client_history-00001", "intent_id": "i2", "reason": "legacy-reason", "source_id": "h00001", "status": "failed", "target_id": "legacy-target"}, {"coach_id": "c2", "created_at": "2026-09-20T18:29:01.166", "entity_type": "client_history", "id": "c2-i2-client_history-00002", "intent_id": "i2", "reason": "legacy-reason", "source_id": "h00002", "status": "reconstructed", "target_id": "legacy-target"}, {"coach_id": "c2", "created_at": "2026-09-20T18:29:01.166", "entity_type": "client_history", "id": "c2-i2-client_history-00003", "intent_id": "i2", "reason": "legacy-reason", "source_id": "h00003", "status": "skipped", "target_id": "legacy-target"}, {"coach_id": "c2", "created_at": "2026-09-20T18:29:01.166", "entity_type": "client_history", "id": "c2-i2-client_history-00004", "intent_id": "i2", "reason": "legacy-reason", "source_id": "h00004", "status": "failed", "target_id": "legacy-target"}, {"coach_id": "c2", "created_at": "2026-09-20T18:29:01.166", "entity_type": "client_history", "id": "c2-i2-client_history-00005", "intent_id": "i2", "reason": "legacy-reason", "source_id": "h00005", "status": "reconstructed", "target_id": "legacy-target"}, {"coach_id": "c2", "created_at": "2026-09-20T18:29:01.166", "entity_type": "client_history", "id": "c2-i2-client_history-00006", "intent_id": "i2", "reason": "legacy-reason", "source_id": "h00006", "status": "skipped", "target_id": "legacy-target"}, {"coach_id": "c2", "created_at": "2026-09-20T18:29:01.166", "entity_type": "client_history", "id": "c2-i2-client_history-00007", "intent_id": "i2", "reason": "legacy-reason", "source_id": "h00007", "status": "failed", "target_id": "legacy-target"}, {"coach_id": "c2", "created_at": "2026-09-20T18:29:01.166", "entity_type": "client_history", "id": "c2-i2-client_history-00008", "intent_id": "i2", "reason": "legacy-reason", "source_id": "h00008", "status": "reconstructed", "target_id": "legacy-target"}, {"coach_id": "c2", "created_at": "2026-09-20T18:29:01.166", "entity_type": "client_history", "id": "c2-i2-client_history-00009", "intent_id": "i2", "reason": "legacy-reason", "source_id": "h00009", "status": "skipped", "target_id": "legacy-target"}, {"coach_id": "c2", "created_at": "2026-09-20T18:29:01.166", "entity_type": "client_history", "id": "c2-i2-client_history-00010", "intent_id": "i2", "reason": "legacy-reason", "source_id": "h00010", "status": "failed", "target_id": "legacy-target"}, …]

      142 |     sql(up);
      143 |     expect(hasColumn()).toBe('1');
    > 144 |     expect(allLedger().map((r: any) => { const { source_platform, ...rest } = r; return rest; })).toEqual(before);
          |                                                                                                   ^
      145 |     expect(sql('SELECT count(*) FROM "ScoutReconstructionLedger" WHERE source_platform IS NOT NULL')).toBe('0');
      146 |     expect(catalog()).toBe(beforeCatalog);
      147 |     expect(sql(`SELECT is_nullable||':'||data_type||':'||COALESCE(column_default,'NONE')

      at Object.<anonymous> (test/rls-g2-pg17-etq0.spec.ts:144:99)

  ● stage 1: E on a populated narrow base with the actual O binary › keeps the actual O writer and readers working on E, creating NULL provenance

    worker exited 0: [33m[Nest] 10817  - [39m09/20/2026, 6:29:06 PM [33m   WARN[39m [38;5;3m[ScoutReconstructService] [39m[33mscout.reconstruct completed with failures {"intent_id":"intent","coach_id":"coach","staged":600,"reconstructed":596,"skipped":8,"failed":21}[39m

      156 |       const code = exitCode;
      157 |       clearTimeout(timer);
    > 158 |       if (code !== 0 || !result) { reject(new Error(`worker exited ${code}: ${output}`)); return; }
          |                                           ^
      159 |       // Query shapes, outcomes, fixture identifiers and process IDs only; never parameters.
      160 |       console.warn('PG17_PROCESS', JSON.stringify({ name, old, options: { ...options, cursor: options.cursor ? '<cursor>' : undefined },
      161 |         result: result.result, failure: result.failure, queries: result.queries.length, pid: result.pid }));

      at settleWorker (test/utils/g2-pg17-harness.ts:158:43)
      at ChildProcess.<anonymous> (test/utils/g2-pg17-harness.ts:165:51)

  ● stage 1: E on a populated narrow base with the actual O binary › forced-RLS non-bypass owning role cannot drop hidden provenance (populated=true)

    Command failed: /usr/bin/psql -X -w -qAt -v ON_ERROR_STOP=1 postgresql://postgres@127.0.0.1:54325/g2_s5_etq0_disposable?connect_timeout=5
    ERROR:  role "g2p_ledger_owner" cannot be dropped because some objects depend on it
    DETAIL:  privileges for schema public

      33 | const adminUrl = asRole(G2_PG17_ADMIN_ROLE);
      34 |
    > 35 | const psqlRun = (url: string, args: string[], input?: string) => execFileSync(
         |                                                                              ^
      36 |   psql!, ['-X', '-w', '-qAt', '-v', 'ON_ERROR_STOP=1', ...args, url],
      37 |   { input, encoding: 'utf8', timeout: 60000, env: psqlEnv, stdio: [input === undefined ? 'ignore' : 'pipe', 'pipe', 'pipe'] },
      38 | ).trim();

      at psqlRun (test/utils/g2-pg17-harness.ts:35:78)
      at sql (test/utils/g2-pg17-harness.ts:39:46)
      at test/rls-g2-pg17-etq0.spec.ts:245:10

  ● stage 1: E on a populated narrow base with the actual O binary › forced-RLS non-bypass owning role cannot drop hidden provenance (populated=false)

    Command failed: /usr/bin/psql -X -w -qAt -v ON_ERROR_STOP=1 postgresql://postgres@127.0.0.1:54325/g2_s5_etq0_disposable?connect_timeout=5
    ERROR:  role "g2p_ledger_owner" already exists

      33 | const adminUrl = asRole(G2_PG17_ADMIN_ROLE);
      34 |
    > 35 | const psqlRun = (url: string, args: string[], input?: string) => execFileSync(
         |                                                                              ^
      36 |   psql!, ['-X', '-w', '-qAt', '-v', 'ON_ERROR_STOP=1', ...args, url],
      37 |   { input, encoding: 'utf8', timeout: 60000, env: psqlEnv, stdio: [input === undefined ? 'ignore' : 'pipe', 'pipe', 'pipe'] },
      38 | ).trim();

      at psqlRun (test/utils/g2-pg17-harness.ts:35:78)
      at sql (test/utils/g2-pg17-harness.ts:39:46)
      at test/rls-g2-pg17-etq0.spec.ts:234:8

  ● stage 1: E on a populated narrow base with the actual O binary › rolls E back only while every provenance is NULL, preserving rows, then re-applies

    Command failed: /usr/bin/psql -X -w -qAt -v ON_ERROR_STOP=1 postgresql://postgres@127.0.0.1:54325/g2_s5_etq0_disposable?connect_timeout=5
    ERROR:  G2-E refuses removal of assigned provenance
    CONTEXT:  PL/pgSQL function inline_code_block line 41 at RAISE

      33 | const adminUrl = asRole(G2_PG17_ADMIN_ROLE);
      34 |
    > 35 | const psqlRun = (url: string, args: string[], input?: string) => execFileSync(
         |                                                                              ^
      36 |   psql!, ['-X', '-w', '-qAt', '-v', 'ON_ERROR_STOP=1', ...args, url],
      37 |   { input, encoding: 'utf8', timeout: 60000, env: psqlEnv, stdio: [input === undefined ? 'ignore' : 'pipe', 'pipe', 'pipe'] },
      38 | ).trim();

      at psqlRun (test/utils/g2-pg17-harness.ts:35:78)
      at sql (test/utils/g2-pg17-harness.ts:39:46)
      at Object.<anonymous> (test/rls-g2-pg17-etq0.spec.ts:254:8)

  ● stage 2: E recorded through the real release mechanism › prisma migrate deploy applies exactly E on the populated database and records history

    prisma migrate deploy failed: Prisma schema loaded from prisma/schema.prisma
    Datasource "db": PostgreSQL database "g2_s5_etq0_disposable", schema "public" at "127.0.0.1:54325"

    165 migrations found in prisma/migrations

    Applying migration `20270118000000_scout_ledger_platform_expand`

    Error: ERROR: current transaction is aborted, commands ignored until end of transaction block
       0: schema_commands::commands::apply_migrations::Applying migration
               with migration_name="20270118000000_scout_ledger_platform_expand"
                 at schema-engine/commands/src/commands/apply_migrations.rs:95
       1: schema_core::state::ApplyMigrations
                 at schema-engine/core/src/state.rs:260

      215 | export function prismaMigrateDeploy(schemaRoot: string): string {
      216 |   const result = prisma(schemaRoot, ['migrate', 'deploy']);
    > 217 |   if (!result.ok) throw new Error(`prisma migrate deploy failed: ${result.output}`);
          |                         ^
      218 |   return result.output;
      219 | }
      220 |

      at prismaMigrateDeploy (test/utils/g2-pg17-harness.ts:217:25)
      at Object.<anonymous> (test/rls-g2-pg17-etq0.spec.ts:272:39)

  ● stage 3: T provenance, atomicity, accounting and collisions on PostgreSQL 17 › claims historical NULL history at volume with honest multi-page accounting and identical replay

    worker exited 0: [33m[Nest] 11010  - [39m09/20/2026, 6:29:15 PM [33m   WARN[39m [38;5;3m[ScoutReconstructService] [39m[33mscout.reconstruct completed with failures {"intent_id":"intent","coach_id":"coach","staged":1050,"reconstructed":1040,"skipped":0,"failed":10}[39m

      156 |       const code = exitCode;
      157 |       clearTimeout(timer);
    > 158 |       if (code !== 0 || !result) { reject(new Error(`worker exited ${code}: ${output}`)); return; }
          |                                           ^
      159 |       // Query shapes, outcomes, fixture identifiers and process IDs only; never parameters.
      160 |       console.warn('PG17_PROCESS', JSON.stringify({ name, old, options: { ...options, cursor: options.cursor ? '<cursor>' : undefined },
      161 |         result: result.result, failure: result.failure, queries: result.queries.length, pid: result.pid }));

      at settleWorker (test/utils/g2-pg17-harness.ts:158:43)
      at ChildProcess.<anonymous> (test/utils/g2-pg17-harness.ts:165:51)

  ● stage 5: rollout recovery boundaries after T has claimed provenance › refuses destructive E rollback while any claim exists, keeps history, and only a drained ledger can roll back

    expect(received).toBe(expected) // Object.is equality

    Expected: "165"
    Received: "164"

      744 |     expect(hasColumn()).toBe('1');
      745 |     expect(catalog()).toBe(before);
    > 746 |     expect(appliedMigrations()).toBe('165');
          |                                 ^
      747 |     // Simulated operator drain (SQL cannot prove an actual writer drain): every claim removed.
      748 |     sql(`UPDATE "ScoutReconstructionLedger" SET source_platform=NULL`);
      749 |     const narrowRows = allLedger().map((r: any) => { const { source_platform, ...rest } = r; return rest; });

      at Object.<anonymous> (test/rls-g2-pg17-etq0.spec.ts:746:33)

  ● stage 5: rollout recovery boundaries after T has claimed provenance › E/down lock budgets fail atomically against a live writer transaction instead of queueing behind it

    expect(received).toContain(expected) // indexOf

    Expected substring: "lock timeout"
    Received string:    "Error: Command failed: /usr/bin/psql -X -w -qAt -v ON_ERROR_STOP=1 postgresql://postgres@127.0.0.1:54325/g2_s5_etq0_disposable?connect_timeout=5
    ERROR:  G2-E platform column already exists
    CONTEXT:  PL/pgSQL function inline_code_block line 33 at RAISE
    "

      49 |   try { sql(statement); } catch (e) { error = e; }
      50 |   if (error === undefined) throw new Error('SQL unexpectedly succeeded');
    > 51 |   expect(String(error)).toContain(message);
         |                         ^
      52 | }
      53 |
      54 | export const stageSql = resolve(root, 'prisma/migrations', E_MIGRATION);

      at refused (test/utils/g2-pg17-harness.ts:51:25)
      at Object.<anonymous> (test/rls-g2-pg17-etq0.spec.ts:793:14)

Test Suites: 1 failed, 1 total
Tests:       10 failed, 39 passed, 49 total
Snapshots:   0 total
Time:        160.582 s
Ran all test suites matching test/rls-g2-pg17-etq0.spec.ts.
