pg_ctl: server is running (PID: 29556)
/home/user/pg17/dist/bin/postgres "-D" "/home/user/pg17/clusters/s5"
TS=20260920T184148Z STAGE=all
HEAD=5270e103cd5d051405e74dbb0e32796ac07b4964 TREE=1c06cdfa03365d396ab1055dabb491d2efd8ec25
 M test/rls-g2-pg17-etq0.spec.ts
 M test/utils/g2-pg17-harness.ts
 M test/utils/g2-tq0-worker.cjs
node v20.20.1 npm 10.8.2 psql: psql (PostgreSQL) 18.6 (Ubuntu 18.6-0ubuntu0.26.04.1)
G2_PG17_CONFIRM=g2_s5_etq0_disposable:54325
G2_PG17_DATABASE_URL=postgresql://s5_super@127.0.0.1:54325/g2_s5_etq0_disposable?schema=public&connection_limit=2
G2_PG17_DATA_DIRECTORY=/home/user/pg17/clusters/s5
G2_PG17_OLD_CLIENT=/home/user/workspace/execution/s5-g2/old-client-925780e0
G2_PG17_OLD_ROOT=/home/user/workspace/execution/s5-g2/old-root-925780e0
G2_PG17_PSQL=/usr/bin/psql
G2_PG17_SERVER_VERSION=170006
NODE_OPTIONS=--max-old-space-size=4096
G2_PG17_PASSWORD=<from environment, not logged>
2
               total        used        free      shared  buff/cache   available
Mem:            7966         479        3149         139        4607        7486
CMD: npx jest test/scout/g2-pg17-db-guard.spec.ts
PASS test/scout/g2-pg17-db-guard.spec.ts (7.947 s)
  S5 G2 PG17 disposable target guard
    ✓ accepts a confirmed loopback target and strips only Prisma options for psql (4 ms)
    ✓ refuses unsafe or ambiguous target postgresql://s5_super@localhost:55417/g2_s5_etq0_disposable (8 ms)
    ✓ refuses unsafe or ambiguous target postgresql://s5_super@db.supabase.co:55417/g2_s5_etq0_disposable (1 ms)
    ✓ refuses unsafe or ambiguous target postgresql://s5_super@127.0.0.1:5432/g2_s5_etq0_disposable (1 ms)
    ✓ refuses unsafe or ambiguous target postgresql://s5_super@127.0.0.1:6543/g2_s5_etq0_disposable (1 ms)
    ✓ refuses unsafe or ambiguous target postgresql://s5_super@127.0.0.1:55439/g2_s5_etq0_disposable (1 ms)
    ✓ refuses unsafe or ambiguous target postgresql://s5_super@127.0.0.1:70000/g2_s5_etq0_disposable (6 ms)
    ✓ refuses unsafe or ambiguous target postgresql://s5_super@127.0.0.1:55417/g2_tq0_disposable (1 ms)
    ✓ refuses unsafe or ambiguous target postgresql://s5_super@127.0.0.1:55417/g2_ledger_expand_disposable (9 ms)
    ✓ refuses unsafe or ambiguous target postgresql://s5_super@127.0.0.1:55417/postgres (1 ms)
    ✓ refuses unsafe or ambiguous target postgresql://service_role@127.0.0.1:55417/g2_s5_etq0_disposable (1 ms)
    ✓ refuses unsafe or ambiguous target postgresql://s5_super:secret@127.0.0.1:55417/g2_s5_etq0_disposable
    ✓ refuses unsafe or ambiguous target postgresql://postgres@127.0.0.1:55417/g2_s5_etq0_disposable
    ✓ refuses unsafe or ambiguous target postgresql://s5_super@127.0.0.1:54321/g2_s5_etq0_disposable (1 ms)
    ✓ refuses unsafe or ambiguous target postgres://s5_super@127.0.0.1:55417/g2_s5_etq0_disposable (1 ms)
    ✓ refuses unsafe or ambiguous target postgresql://s5_super@127.0.0.1:55417/g2_s5_etq0_disposable?host=remote
    ✓ refuses unsafe or ambiguous target postgresql://s5_super@127.0.0.1:55417/g2_s5_etq0_disposable?sslmode=disable
    ✓ refuses unsafe or ambiguous target postgresql://s5_super@127.0.0.1:55417/g2_s5_etq0_disposable?options=-csearch_path%3Dprivate (1 ms)
    ✓ refuses unsafe or ambiguous target postgresql://s5_super@127.0.0.1:55417/g2_s5_etq0_disposable?schema=private (1 ms)
    ✓ refuses unsafe or ambiguous target postgresql://s5_super@127.0.0.1:55417/g2_s5_etq0_disposable?connection_limit=0
    ✓ refuses unsafe or ambiguous target postgresql://s5_super@127.0.0.1:55417/g2_s5_etq0_disposable?connection_limit=01 (1 ms)
    ✓ refuses unsafe or ambiguous target postgresql://s5_super@127.0.0.1:55417/g2_s5_etq0_disposable?connect_timeout=11 (1 ms)
    ✓ refuses unsafe or ambiguous target postgresql://s5_super@127.0.0.1:55417/g2_s5_etq0_disposable?schema=public&schema=public
    ✓ refuses unsafe or ambiguous target postgresql://s5_super@127.0.0.1:55417/g2_s5_etq0_disposable#fragment (1 ms)
    ✓ refuses absent, mistaken or port-mismatched confirmation (1 ms)
    ✓ attaches the fixture password only from the environment and only in plain form (3 ms)

Test Suites: 1 passed, 1 total
Tests:       26 passed, 26 total
Snapshots:   0 total
Time:        8.244 s
Ran all test suites matching test/scout/g2-pg17-db-guard.spec.ts.
CMD: bash test/utils/g2-pg17-bootstrap.sh
NOTICE:  role "postgres" has already been granted membership in role "anon" by role "s5_super"
NOTICE:  role "postgres" has already been granted membership in role "authenticated" by role "s5_super"
NOTICE:  role "postgres" has already been granted membership in role "service_role" by role "s5_super"
psql:/home/user/workspace/worktrees/s5-g2/scripts/ci/supabase-shim.sql:37: NOTICE:  role "postgres" has already been granted membership in role "anon" by role "s5_super"
psql:/home/user/workspace/worktrees/s5-g2/scripts/ci/supabase-shim.sql:37: NOTICE:  role "postgres" has already been granted membership in role "authenticated" by role "s5_super"
psql:/home/user/workspace/worktrees/s5-g2/scripts/ci/supabase-shim.sql:37: NOTICE:  role "postgres" has already been granted membership in role "service_role" by role "s5_super"
Prisma schema loaded from prisma/schema.prisma
Datasource "db": PostgreSQL database "g2_s5_etq0_disposable", schema "public" at "127.0.0.1:54325"

164 migrations found in prisma/migrations

Applying migration `00000000000000_baseline`
Applying migration `20260423190000_add_indexes_and_orphan_fks`
Applying migration `20260424000000_add_invite_codes`
Applying migration `20260424120000_add_coach_messages`
Applying migration `20260424180000_add_coach_nudges`
Applying migration `20260424200000_add_meal_plans_and_extend_checkins`
Applying migration `20260425030000_add_community_win_and_coach_guideline`
Applying migration `20260425030001_add_community_win_visibility`
Applying migration `20260427000000_add_owner_role_and_coach_profile`
Applying migration `20260427000100_add_saas_billing_and_drafts`
Applying migration `20260427120000_add_audit_log_and_gdpr_lifecycle`
Applying migration `20260428000000_add_client_coach_consent`
Applying migration `20260429210000_add_diet_and_workout_cadence_to_user_profile`
Applying migration `20260430000000_drop_doctrine_drift_remnants`
Applying migration `20260430120000_add_equipment_access_to_user_profile`
Applying migration `20260506000000_add_ptm_phase_1`
Applying migration `20260506010000_add_diagnostic_engine`
Applying migration `20260506020000_add_build_week`
Applying migration `20260506030000_add_coach_signals`
Applying migration `20260506040000_add_voice_notes_and_coach_onboarding`
Applying migration `20260506050000_add_first_win`
Applying migration `20260506060000_add_leaderboard`
Applying migration `20260507000000_add_notification_center`
Applying migration `20260507100000_add_gdpr_deletion_flow`
Applying migration `20260508000000_add_data_export`
Applying migration `20260508000000_add_workout_builder`
Applying migration `20260508000001_rls_workout_builder`
Applying migration `20260508000002_workout_exercise_soft_delete`
Applying migration `20260508000003_workout_builder_idempotency_and_completion`
Applying migration `20260509000000_add_sprint_b_macros_meals_insights`
Applying migration `20260509120000_coach_practice_type_stage3`
Applying migration `20260510000000_add_ai_gateway_audit_and_drafts`
Applying migration `20260510000000_add_team_mode`
Applying migration `20260510000001_team_audit_revenue_sharing_changed`
Applying migration `20260511000000_add_bloodwork`
Applying migration `20260512000000_concierge_scheduling`
Applying migration `20260513000000_food_logger_trainerize_floor`
Applying migration `20260515100000_add_secret_rotation_log`
Applying migration `20260516000000_kms_wrap_bloodwork_and_calendar`
Applying migration `20260517000000_booking_notifications`
Applying migration `20260520000000_setnull_owner_rels`
Applying migration `20260520000001_add_gcal_channel_tracking_to_calendar_connection`
Applying migration `20260521000000_add_connect_account`
Applying migration `20260524000000_add_sub_coach_assignment_and_idempotency`
Applying migration `20260525000000_sub_coach_rls_and_fks`
Applying migration `20260525120000_add_coach_brief_tables`
Applying migration `20260525130000_add_coach_brief_last_push_date`
Applying migration `20260525170000_data_export_one_active_per_user`
Applying migration `20260525180000_recent_auth_nonce`
Applying migration `20260528000000_stream1_coach_ai_credits`
Applying migration `20260528120000_stream1_round1_fixes`
Applying migration `20260530000000_coach_ai_engine_v1`
Applying migration `20260531000000_wearables_foundation`
Applying migration `20260601000000_add_connect_packages_purchases_customers`
Applying migration `20260601000000_add_email_send_log`
Applying migration `20260601000000_add_exercise_catalog_video`
Applying migration `20260602000000_add_connect_fee_split_and_dunning`
Applying migration `20260602000000_add_exercise_video_provider_fields`
Applying migration `20260603000000_add_connect_payout_reconciliation_refund_dispute`
Applying migration `20260604000000_add_team_profile_and_sub_coach_invite`
Applying migration `20260604000001_subcoach_invite_token_hash`
Applying migration `20260605000000_add_meal_plan_days_json`
Applying migration `20260606000000_add_expo_push_token`
Applying migration `20260606000001_payment_failure_event_unique`
Applying migration `20260606000002_food_entry_client_uuid`
Applying migration `20260606000003_rls_financial_tables`
Applying migration `20260607000000_rls_remaining_gaps`
Applying migration `20260607000001_workout_assignment_completion_payload`
Applying migration `20260608000000_rls_team_tables`
Applying migration `20260609000000_add_coach_direct_enabled`
Applying migration `20260610000000_fasting_unique_active`
Applying migration `20260611000000_invite_intended_email`
Applying migration `20260611000001_messagedraft_rls`
Applying migration `20260612000000_add_message_model_and_checkin_reviewed`
Applying migration `20260612000001_message_rls`
Applying migration `20260613000000_message_rls_split_update`
Applying migration `20260613000001_message_fk_cascade`
Applying migration `20260613000002_message_thread_reverse_index`
Applying migration `20260614000000_coach_subscription_tier`
Applying migration `20260614065425_add_coach_first_payment_notification`
Applying migration `20260615000000_drop_coach_direct_enabled`
Applying migration `20260616000000_add_message_reports_and_user_blocks`
Applying migration `20260617000000_fix_message_report_rls_participation_check`
Applying migration `20260618000000_add_rls_payment_revenue_tables`
Applying migration `20260619000000_add_churn_intervention`
Applying migration `20260620000000_workout_builder_p1_fixes`
Applying migration `20260621000000_fix_workout_rls_policies`
Applying migration `20260701235900_add_sub_coach_role_value`
Applying migration `20260702000000_fix_workout_rls_coach_role`
Applying migration `20260703000000_add_coach_brief_generation_lease`
Applying migration `20260703000001_add_coach_brief_push_ledger`
Applying migration `20260703000002_add_coach_brief_check_constraints`
Applying migration `20260704000000_coach_brief_push_ledger_bounded_retry`
Applying migration `20260704000000_rls01_helper_searchpath_hibp`
Applying migration `20260704000001_coach_brief_cwa_index_concurrent`
Applying migration `20260801000000_r43_storefront_phase1`
Applying migration `20260803000000_share_token_21char_invalidate_legacy`
Applying migration `20260804000000_guest_checkout_retryable_conversion`
Applying migration `20260805000000_guest_checkout_pii_retention`
Applying migration `20260806000000_share_link_expiry_revoke`
Applying migration `20260901000000_r46_landing_page_builder_phase1`
Applying migration `20260902000000_r47_landing_pages_phase3_crm_sync`
Applying migration `20260903000000_r47_lead_sync_persistent_state`
Applying migration `20260903000000_r52_landing_pages_renderer_v2`
Applying migration `20260920000000_r48_checkout_hardening`
Applying migration `20260921000000_add_refunded_disputed_to_guest_checkout_status`
Applying migration `20261001000000_dunning_v1`
Applying migration `20261002000000_dunning_v1_send_retry_cas`
Applying migration `20261002000000_nudge_v1`
Applying migration `20261110000000_ai_action_draft_materialised`
Applying migration `20261201000000_stream2_ai_execution_draft_links`
Applying migration `20261202000000_pr3_drip_schema_foundation`
Applying migration `20261203000000_pr7_meal_plan_drip_drop_unique`
Applying migration `20261203100000_pr6_packages_publish_pricing`
Applying migration `20261204000000_pr9_drip_resolver_marker`
Applying migration `20261205000000_pr10_scheduled_drop_retry_lock`
Applying migration `20261206000000_pr12_coach_media_upload_status`
Applying migration `20261207000000_pr14_client_purchase_landing_page_id_and_guest_subscription`
Applying migration `20261207000001_pr14_client_purchase_landing_page_idx_concurrent`
Applying migration `20261208000000_pr15_coach_new_purchase_prefs`
Applying migration `20261209000000_pr17_scheduled_drop_push_seq`
Applying migration `20261210000000_pr_wave0_ai_quota_ltv_peak`
Applying migration `20261211000000_add_sleep_consistency_metrics`
Applying migration `20261211000001_seed_sleep_consistency_metric_defs`
Applying migration `20261212000000_community_v1_1_schema`
Applying migration `20261212000000_rls_helper_search_path`
Applying migration `20261212010000_rls_tier2_coach_team`
Applying migration `20261213000000_rls_tier1_phi_financial_privacy`
Applying migration `20261213000000_rls_tier2_sessions`
Applying migration `20261213000000_rls_tier3_nutrition`
Applying migration `20261213000000_rls_tier3_workouts`
Applying migration `20261213000000_rls_tier4_learning_analytics`
Applying migration `20261213000000_rls_tier5_notifications_community`
Applying migration `20261214000000_dunning_v2_lockout_recovery`
Applying migration `20261215000000_b5_digital_contracts`
Applying migration `20261215000000_mwb_1_data_model`
Applying migration `20261215000000_payouts_v2_bank_payout_methods`
Applying migration `20261215000100_seed_b5_contract_templates`
Applying migration `20261215000200_contracts_rls`
Applying migration `20261215000300_named_regimes_and_partial_refund_decision`
Applying migration `20261216000000_add_roman_chat`
Applying migration `20261216000100_add_plan_context_payload`
Applying migration `20261216000200_community_classroom_posts`
Applying migration `20261217000000_community_voice_notes`
Applying migration `20261217000100_community_search_index`
Applying migration `20261217000200_community_wearable_prompts`
Applying migration `20261218000000_add_coach_reviewed_at`
Applying migration `20261218000100_rls_partial_refund_decision`
Applying migration `20261218000200_rename_decided_by_coach_user_id`
Applying migration `20261219000000_community_wearable_prompts_uuid_id`
Applying migration `20261219000000_conv_review_coach_reviewed_at_idx`
Applying migration `20261220000000_talent_marketplace_rls`
Applying migration `20261220000010_marketplace_idempotency_claim_nonce`
Applying migration `20261220000020_marketplace_abuse_signal_rls`
Applying migration `20261220000030_marketplace_connect_event`
Applying migration `20261220000031_application_applicant_listing_unique`
Applying migration `20261221000000_enable_pg_stat_statements`
Applying migration `20261221010000_add_signup_ref_to_user`
Applying migration `20261222000000_add_extension_pair_codes`
Applying migration `20261222000000_scout_ingest_entity`
Applying migration `20261222000000_scout_progress_and_completion`
Applying migration `20261223000100_scout_import_state`
Applying migration `20261223000200_scout_reconstruction`
Applying migration `20261223000300_scout_reconstructed_entity`

The following migration(s) have been applied:

migrations/
  └─ 00000000000000_baseline/
    └─ migration.sql
  └─ 20260423190000_add_indexes_and_orphan_fks/
    └─ migration.sql
  └─ 20260424000000_add_invite_codes/
    └─ migration.sql
  └─ 20260424120000_add_coach_messages/
    └─ migration.sql
  └─ 20260424180000_add_coach_nudges/
    └─ migration.sql
  └─ 20260424200000_add_meal_plans_and_extend_checkins/
    └─ migration.sql
  └─ 20260425030000_add_community_win_and_coach_guideline/
    └─ migration.sql
  └─ 20260425030001_add_community_win_visibility/
    └─ migration.sql
  └─ 20260427000000_add_owner_role_and_coach_profile/
    └─ migration.sql
  └─ 20260427000100_add_saas_billing_and_drafts/
    └─ migration.sql
  └─ 20260427120000_add_audit_log_and_gdpr_lifecycle/
    └─ migration.sql
  └─ 20260428000000_add_client_coach_consent/
    └─ migration.sql
  └─ 20260429210000_add_diet_and_workout_cadence_to_user_profile/
    └─ migration.sql
  └─ 20260430000000_drop_doctrine_drift_remnants/
    └─ migration.sql
  └─ 20260430120000_add_equipment_access_to_user_profile/
    └─ migration.sql
  └─ 20260506000000_add_ptm_phase_1/
    └─ migration.sql
  └─ 20260506010000_add_diagnostic_engine/
    └─ migration.sql
  └─ 20260506020000_add_build_week/
    └─ migration.sql
  └─ 20260506030000_add_coach_signals/
    └─ migration.sql
  └─ 20260506040000_add_voice_notes_and_coach_onboarding/
    └─ migration.sql
  └─ 20260506050000_add_first_win/
    └─ migration.sql
  └─ 20260506060000_add_leaderboard/
    └─ migration.sql
  └─ 20260507000000_add_notification_center/
    └─ migration.sql
  └─ 20260507100000_add_gdpr_deletion_flow/
    └─ migration.sql
  └─ 20260508000000_add_data_export/
    └─ migration.sql
  └─ 20260508000000_add_workout_builder/
    └─ migration.sql
  └─ 20260508000001_rls_workout_builder/
    └─ migration.sql
  └─ 20260508000002_workout_exercise_soft_delete/
    └─ migration.sql
  └─ 20260508000003_workout_builder_idempotency_and_completion/
    └─ migration.sql
  └─ 20260509000000_add_sprint_b_macros_meals_insights/
    └─ migration.sql
  └─ 20260509120000_coach_practice_type_stage3/
    └─ migration.sql
  └─ 20260510000000_add_ai_gateway_audit_and_drafts/
    └─ migration.sql
  └─ 20260510000000_add_team_mode/
    └─ migration.sql
  └─ 20260510000001_team_audit_revenue_sharing_changed/
    └─ migration.sql
  └─ 20260511000000_add_bloodwork/
    └─ migration.sql
  └─ 20260512000000_concierge_scheduling/
    └─ migration.sql
  └─ 20260513000000_food_logger_trainerize_floor/
    └─ migration.sql
  └─ 20260515100000_add_secret_rotation_log/
    └─ migration.sql
  └─ 20260516000000_kms_wrap_bloodwork_and_calendar/
    └─ migration.sql
  └─ 20260517000000_booking_notifications/
    └─ migration.sql
  └─ 20260520000000_setnull_owner_rels/
    └─ migration.sql
  └─ 20260520000001_add_gcal_channel_tracking_to_calendar_connection/
    └─ migration.sql
  └─ 20260521000000_add_connect_account/
    └─ migration.sql
  └─ 20260524000000_add_sub_coach_assignment_and_idempotency/
    └─ migration.sql
  └─ 20260525000000_sub_coach_rls_and_fks/
    └─ migration.sql
  └─ 20260525120000_add_coach_brief_tables/
    └─ migration.sql
  └─ 20260525130000_add_coach_brief_last_push_date/
    └─ migration.sql
  └─ 20260525170000_data_export_one_active_per_user/
    └─ migration.sql
  └─ 20260525180000_recent_auth_nonce/
    └─ migration.sql
  └─ 20260528000000_stream1_coach_ai_credits/
    └─ migration.sql
  └─ 20260528120000_stream1_round1_fixes/
    └─ migration.sql
  └─ 20260530000000_coach_ai_engine_v1/
    └─ migration.sql
  └─ 20260531000000_wearables_foundation/
    └─ migration.sql
  └─ 20260601000000_add_connect_packages_purchases_customers/
    └─ migration.sql
  └─ 20260601000000_add_email_send_log/
    └─ migration.sql
  └─ 20260601000000_add_exercise_catalog_video/
    └─ migration.sql
  └─ 20260602000000_add_connect_fee_split_and_dunning/
    └─ migration.sql
  └─ 20260602000000_add_exercise_video_provider_fields/
    └─ migration.sql
  └─ 20260603000000_add_connect_payout_reconciliation_refund_dispute/
    └─ migration.sql
  └─ 20260604000000_add_team_profile_and_sub_coach_invite/
    └─ migration.sql
  └─ 20260604000001_subcoach_invite_token_hash/
    └─ migration.sql
  └─ 20260605000000_add_meal_plan_days_json/
    └─ migration.sql
  └─ 20260606000000_add_expo_push_token/
    └─ migration.sql
  └─ 20260606000001_payment_failure_event_unique/
    └─ migration.sql
  └─ 20260606000002_food_entry_client_uuid/
    └─ migration.sql
  └─ 20260606000003_rls_financial_tables/
    └─ migration.sql
  └─ 20260607000000_rls_remaining_gaps/
    └─ migration.sql
  └─ 20260607000001_workout_assignment_completion_payload/
    └─ migration.sql
  └─ 20260608000000_rls_team_tables/
    └─ migration.sql
  └─ 20260609000000_add_coach_direct_enabled/
    └─ migration.sql
  └─ 20260610000000_fasting_unique_active/
    └─ migration.sql
  └─ 20260611000000_invite_intended_email/
    └─ migration.sql
  └─ 20260611000001_messagedraft_rls/
    └─ migration.sql
  └─ 20260612000000_add_message_model_and_checkin_reviewed/
    └─ migration.sql
  └─ 20260612000001_message_rls/
    └─ migration.sql
  └─ 20260613000000_message_rls_split_update/
    └─ migration.sql
  └─ 20260613000001_message_fk_cascade/
    └─ migration.sql
  └─ 20260613000002_message_thread_reverse_index/
    └─ migration.sql
  └─ 20260614000000_coach_subscription_tier/
    └─ migration.sql
  └─ 20260614065425_add_coach_first_payment_notification/
    └─ migration.sql
  └─ 20260615000000_drop_coach_direct_enabled/
    └─ migration.sql
  └─ 20260616000000_add_message_reports_and_user_blocks/
    └─ migration.sql
  └─ 20260617000000_fix_message_report_rls_participation_check/
    └─ migration.sql
  └─ 20260618000000_add_rls_payment_revenue_tables/
    └─ migration.sql
  └─ 20260619000000_add_churn_intervention/
    └─ migration.sql
  └─ 20260620000000_workout_builder_p1_fixes/
    └─ migration.sql
  └─ 20260621000000_fix_workout_rls_policies/
    └─ migration.sql
  └─ 20260701235900_add_sub_coach_role_value/
    └─ migration.sql
  └─ 20260702000000_fix_workout_rls_coach_role/
    └─ migration.sql
  └─ 20260703000000_add_coach_brief_generation_lease/
    └─ migration.sql
  └─ 20260703000001_add_coach_brief_push_ledger/
    └─ migration.sql
  └─ 20260703000002_add_coach_brief_check_constraints/
    └─ migration.sql
  └─ 20260704000000_coach_brief_push_ledger_bounded_retry/
    └─ migration.sql
  └─ 20260704000000_rls01_helper_searchpath_hibp/
    └─ migration.sql
  └─ 20260704000001_coach_brief_cwa_index_concurrent/
    └─ migration.sql
  └─ 20260801000000_r43_storefront_phase1/
    └─ migration.sql
  └─ 20260803000000_share_token_21char_invalidate_legacy/
    └─ migration.sql
  └─ 20260804000000_guest_checkout_retryable_conversion/
    └─ migration.sql
  └─ 20260805000000_guest_checkout_pii_retention/
    └─ migration.sql
  └─ 20260806000000_share_link_expiry_revoke/
    └─ migration.sql
  └─ 20260901000000_r46_landing_page_builder_phase1/
    └─ migration.sql
  └─ 20260902000000_r47_landing_pages_phase3_crm_sync/
    └─ migration.sql
  └─ 20260903000000_r47_lead_sync_persistent_state/
    └─ migration.sql
  └─ 20260903000000_r52_landing_pages_renderer_v2/
    └─ migration.sql
  └─ 20260920000000_r48_checkout_hardening/
    └─ migration.sql
  └─ 20260921000000_add_refunded_disputed_to_guest_checkout_status/
    └─ migration.sql
  └─ 20261001000000_dunning_v1/
    └─ migration.sql
  └─ 20261002000000_dunning_v1_send_retry_cas/
    └─ migration.sql
  └─ 20261002000000_nudge_v1/
    └─ migration.sql
  └─ 20261110000000_ai_action_draft_materialised/
    └─ migration.sql
  └─ 20261201000000_stream2_ai_execution_draft_links/
    └─ migration.sql
  └─ 20261202000000_pr3_drip_schema_foundation/
    └─ migration.sql
  └─ 20261203000000_pr7_meal_plan_drip_drop_unique/
    └─ migration.sql
  └─ 20261203100000_pr6_packages_publish_pricing/
    └─ migration.sql
  └─ 20261204000000_pr9_drip_resolver_marker/
    └─ migration.sql
  └─ 20261205000000_pr10_scheduled_drop_retry_lock/
    └─ migration.sql
  └─ 20261206000000_pr12_coach_media_upload_status/
    └─ migration.sql
  └─ 20261207000000_pr14_client_purchase_landing_page_id_and_guest_subscription/
    └─ migration.sql
  └─ 20261207000001_pr14_client_purchase_landing_page_idx_concurrent/
    └─ migration.sql
  └─ 20261208000000_pr15_coach_new_purchase_prefs/
    └─ migration.sql
  └─ 20261209000000_pr17_scheduled_drop_push_seq/
    └─ migration.sql
  └─ 20261210000000_pr_wave0_ai_quota_ltv_peak/
    └─ migration.sql
  └─ 20261211000000_add_sleep_consistency_metrics/
    └─ migration.sql
  └─ 20261211000001_seed_sleep_consistency_metric_defs/
    └─ migration.sql
  └─ 20261212000000_community_v1_1_schema/
    └─ migration.sql
  └─ 20261212000000_rls_helper_search_path/
    └─ migration.sql
  └─ 20261212010000_rls_tier2_coach_team/
    └─ migration.sql
  └─ 20261213000000_rls_tier1_phi_financial_privacy/
    └─ migration.sql
  └─ 20261213000000_rls_tier2_sessions/
    └─ migration.sql
  └─ 20261213000000_rls_tier3_nutrition/
    └─ migration.sql
  └─ 20261213000000_rls_tier3_workouts/
    └─ migration.sql
  └─ 20261213000000_rls_tier4_learning_analytics/
    └─ migration.sql
  └─ 20261213000000_rls_tier5_notifications_community/
    └─ migration.sql
  └─ 20261214000000_dunning_v2_lockout_recovery/
    └─ migration.sql
  └─ 20261215000000_b5_digital_contracts/
    └─ migration.sql
  └─ 20261215000000_mwb_1_data_model/
    └─ migration.sql
  └─ 20261215000000_payouts_v2_bank_payout_methods/
    └─ migration.sql
  └─ 20261215000100_seed_b5_contract_templates/
    └─ migration.sql
  └─ 20261215000200_contracts_rls/
    └─ migration.sql
  └─ 20261215000300_named_regimes_and_partial_refund_decision/
    └─ migration.sql
  └─ 20261216000000_add_roman_chat/
    └─ migration.sql
  └─ 20261216000100_add_plan_context_payload/
    └─ migration.sql
  └─ 20261216000200_community_classroom_posts/
    └─ migration.sql
  └─ 20261217000000_community_voice_notes/
    └─ migration.sql
  └─ 20261217000100_community_search_index/
    └─ migration.sql
  └─ 20261217000200_community_wearable_prompts/
    └─ migration.sql
  └─ 20261218000000_add_coach_reviewed_at/
    └─ migration.sql
  └─ 20261218000100_rls_partial_refund_decision/
    └─ migration.sql
  └─ 20261218000200_rename_decided_by_coach_user_id/
    └─ migration.sql
  └─ 20261219000000_community_wearable_prompts_uuid_id/
    └─ migration.sql
  └─ 20261219000000_conv_review_coach_reviewed_at_idx/
    └─ migration.sql
  └─ 20261220000000_talent_marketplace_rls/
    └─ migration.sql
  └─ 20261220000010_marketplace_idempotency_claim_nonce/
    └─ migration.sql
  └─ 20261220000020_marketplace_abuse_signal_rls/
    └─ migration.sql
  └─ 20261220000030_marketplace_connect_event/
    └─ migration.sql
  └─ 20261220000031_application_applicant_listing_unique/
    └─ migration.sql
  └─ 20261221000000_enable_pg_stat_statements/
    └─ migration.sql
  └─ 20261221010000_add_signup_ref_to_user/
    └─ migration.sql
  └─ 20261222000000_add_extension_pair_codes/
    └─ migration.sql
  └─ 20261222000000_scout_ingest_entity/
    └─ migration.sql
  └─ 20261222000000_scout_progress_and_completion/
    └─ migration.sql
  └─ 20261223000100_scout_import_state/
    └─ migration.sql
  └─ 20261223000200_scout_reconstruction/
    └─ migration.sql
  └─ 20261223000300_scout_reconstructed_entity/
    └─ migration.sql
      
All migrations have been successfully applied.
{"database" : "g2_s5_etq0_disposable", "version" : "170006", "directory" : "/home/user/pg17/clusters/s5", "address" : "127.0.0.1", "port" : 54325, "applied" : 164}
G2_PG17_BOOTSTRAP_OK
CMD: npx jest --config jest.rls.config.js test/rls-g2-pg17-etq0.spec.ts --runInBand --testTimeout=180000
  console.warn
    PG17_DATABASE {"port":54325,"user":"postgres","owner":"postgres","super":false,"address":"127.0.0.1","version":"170006","database":"g2_s5_etq0_disposable","bypassrls":true,"directory":"/home/user/pg17/clusters/s5"}

      41 |   expect(Number(identity.version)).toBeLessThan(180000);
      42 |   expect(directory).toMatch(/\/pg17\/clusters\/s5$/);
    > 43 |   console.warn('PG17_DATABASE', JSON.stringify(identity));
         |           ^
      44 |   // Bootstrap leaves the full 164-migration O history and NO E column/history.
      45 |   expect(appliedMigrations()).toBe('164');
      46 |   expect(sql(`SELECT count(*) FROM "_prisma_migrations" WHERE migration_name=${quote(E)}`)).toBe('0');

      at Object.<anonymous> (test/rls-g2-pg17-etq0.spec.ts:43:11)

  console.warn
    PG17_API_ROLE_TABLE_PRIVILEGES Person=DELETE,INSERT,REFERENCES,SELECT,TRIGGER,TRUNCATE,UPDATE ScoutIngestEntity=DELETE,INSERT,REFERENCES,SELECT,TRIGGER,TRUNCATE,UPDATE ScoutReconstructedEntity=DELETE,INSERT,REFERENCES,SELECT,TRIGGER,TRUNCATE,UPDATE ScoutReconstructionLedger=DELETE,INSERT,REFERENCES,SELECT,TRIGGER,TRUNCATE,UPDATE

      62 |     GRANT ALL ON public."ScoutIngestEntity",public."ScoutReconstructionLedger",
      63 |       public."Person",public."ScoutReconstructedEntity",public."ScoutImport" TO service_role,anon,authenticated;`);
    > 64 |   console.warn('PG17_API_ROLE_TABLE_PRIVILEGES', sql(`SELECT string_agg(table_name||'='||privileges,' ' ORDER BY table_name) FROM (
         |           ^
      65 |     SELECT table_name, string_agg(privilege_type,',' ORDER BY privilege_type) privileges
      66 |     FROM information_schema.role_table_grants WHERE grantee='anon' AND table_schema='public'
      67 |     AND table_name IN ('ScoutIngestEntity','ScoutReconstructionLedger','Person','ScoutReconstructedEntity') GROUP BY 1) g`));

      at Object.<anonymous> (test/rls-g2-pg17-etq0.spec.ts:64:11)

  console.warn
    PG17_PROCESS {"name":"g2p17_1","old":true,"options":{},"result":{"intent_id":"intent","staged":600,"reconstructed":596,"skipped":8,"failed":21},"queries":2405,"pid":19308}

      158 |       if (code !== 0 || !result) { reject(new Error(`worker exited ${code}: ${output}`)); return; }
      159 |       // Query shapes, outcomes, fixture identifiers and process IDs only; never parameters.
    > 160 |       console.warn('PG17_PROCESS', JSON.stringify({ name, old, options: { ...options, cursor: options.cursor ? '<cursor>' : undefined },
          |               ^
      161 |         result: result.result, failure: result.failure, queries: result.queries.length, pid: result.pid }));
      162 |       resolveDone(result);
      163 |     };

      at settleWorker (test/utils/g2-pg17-harness.ts:160:15)
      at ChildProcess.<anonymous> (test/utils/g2-pg17-harness.ts:165:51)

  console.warn
    PG17_PROCESS {"name":"g2p17_2","old":true,"options":{"action":"roster","family":"clients","limit":7},"result":{"intent_id":"intent","accounting":{"staged":600,"reconstructed":596,"skipped":8,"failed":21},"persons":[],"page":{"limit":7,"next_cursor":"aDAwMDIw","has_more":true}},"queries":8,"pid":19331}

      158 |       if (code !== 0 || !result) { reject(new Error(`worker exited ${code}: ${output}`)); return; }
      159 |       // Query shapes, outcomes, fixture identifiers and process IDs only; never parameters.
    > 160 |       console.warn('PG17_PROCESS', JSON.stringify({ name, old, options: { ...options, cursor: options.cursor ? '<cursor>' : undefined },
          |               ^
      161 |         result: result.result, failure: result.failure, queries: result.queries.length, pid: result.pid }));
      162 |       resolveDone(result);
      163 |     };

      at settleWorker (test/utils/g2-pg17-harness.ts:160:15)
      at ChildProcess.<anonymous> (test/utils/g2-pg17-harness.ts:165:51)

  console.warn
    PG17_PROCESS {"name":"g2p17_3","old":true,"options":{"action":"roster","family":"clients","cursor":"<cursor>","limit":7},"result":{"intent_id":"intent","accounting":{"staged":600,"reconstructed":596,"skipped":8,"failed":21},"persons":[{"id":"4ee521f3-0278-4317-adb4-ac751a6305ca","state":"InvitePending","source_platform":"truecoach","source_person_id":"s00001","display_name":"Synthetic 1","created_at":"2026-09-20T18:42:28.783Z","updated_at":"2026-09-20T18:42:28.783Z"},{"id":"1b77f293-06a9-4816-b2c0-cdec059bb8a0","state":"InvitePending","source_platform":"truecoach","source_person_id":"s00002","display_name":"Synthetic 2","created_at":"2026-09-20T18:42:28.787Z","updated_at":"2026-09-20T18:42:28.787Z"},{"id":"b8a5b170-eadd-4218-ac12-c0bdc7cacfa5","state":"InvitePending","source_platform":"truecoach","source_person_id":"s00003","display_name":"Synthetic 3","created_at":"2026-09-20T18:42:28.789Z","updated_at":"2026-09-20T18:42:28.789Z"},{"id":"e000c891-866f-42d6-b000-4e7b32cbdfd8","state":"InvitePending","source_platform":"truecoach","source_person_id":"s00004","display_name":"Synthetic 4","created_at":"2026-09-20T18:42:28.792Z","updated_at":"2026-09-20T18:42:28.792Z"},{"id":"8baab3ed-82a5-4a9c-a808-d43d47298047","state":"InvitePending","source_platform":"truecoach","source_person_id":"s00005","display_name":"Synthetic 5","created_at":"2026-09-20T18:42:28.794Z","updated_at":"2026-09-20T18:42:28.794Z"},{"id":"d6b4c32c-acbd-4446-938a-341f5e11d3cd","state":"InvitePending","source_platform":"truecoach","source_person_id":"s00006","display_name":"Synthetic 6","created_at":"2026-09-20T18:42:28.795Z","updated_at":"2026-09-20T18:42:28.795Z"}],"page":{"limit":7,"next_cursor":"czAwMDA2","has_more":true}},"queries":8,"pid":19347}

      158 |       if (code !== 0 || !result) { reject(new Error(`worker exited ${code}: ${output}`)); return; }
      159 |       // Query shapes, outcomes, fixture identifiers and process IDs only; never parameters.
    > 160 |       console.warn('PG17_PROCESS', JSON.stringify({ name, old, options: { ...options, cursor: options.cursor ? '<cursor>' : undefined },
          |               ^
      161 |         result: result.result, failure: result.failure, queries: result.queries.length, pid: result.pid }));
      162 |       resolveDone(result);
      163 |     };

      at settleWorker (test/utils/g2-pg17-harness.ts:160:15)
      at ChildProcess.<anonymous> (test/utils/g2-pg17-harness.ts:165:51)

  console.warn
    PG17_PROCESS {"name":"g2p17_4","old":true,"options":{"action":"roster","family":"clients","cursor":"<cursor>","limit":7},"result":{"intent_id":"intent","accounting":{"staged":600,"reconstructed":596,"skipped":8,"failed":21},"persons":[{"id":"4754a6f8-59f0-48d7-b44f-442d4a701468","state":"InvitePending","source_platform":"truecoach","source_person_id":"s00007","display_name":"Synthetic 7","created_at":"2026-09-20T18:42:28.797Z","updated_at":"2026-09-20T18:42:28.797Z"},{"id":"912a8127-4ace-4777-ab5c-e8ee8d291fc2","state":"InvitePending","source_platform":"truecoach","source_person_id":"s00008","display_name":"Synthetic 8","created_at":"2026-09-20T18:42:28.799Z","updated_at":"2026-09-20T18:42:28.799Z"},{"id":"34785827-2af6-4f38-b95b-6f0f20180f5a","state":"InvitePending","source_platform":"truecoach","source_person_id":"s00009","display_name":"Synthetic 9","created_at":"2026-09-20T18:42:28.801Z","updated_at":"2026-09-20T18:42:28.801Z"},{"id":"ad711542-420c-416e-80c8-aba37d5053f5","state":"InvitePending","source_platform":"truecoach","source_person_id":"s00010","display_name":"Synthetic 10","created_at":"2026-09-20T18:42:28.802Z","updated_at":"2026-09-20T18:42:28.802Z"},{"id":"3daf8ed6-032d-4ccb-84e0-b270956ef9df","state":"InvitePending","source_platform":"truecoach","source_person_id":"s00011","display_name":"Synthetic 11","created_at":"2026-09-20T18:42:28.804Z","updated_at":"2026-09-20T18:42:28.804Z"},{"id":"09e99ffc-48b8-4fc1-b222-3dcd4648bc1f","state":"InvitePending","source_platform":"truecoach","source_person_id":"s00012","display_name":"Synthetic 12","created_at":"2026-09-20T18:42:28.807Z","updated_at":"2026-09-20T18:42:28.807Z"},{"id":"d53a4072-6a78-4d9e-a94f-3ebbfdd4e008","state":"InvitePending","source_platform":"truecoach","source_person_id":"s00013","display_name":"Synthetic 13","created_at":"2026-09-20T18:42:28.809Z","updated_at":"2026-09-20T18:42:28.809Z"}],"page":{"limit":7,"next_cursor":"czAwMDEz","has_more":true}},"queries":8,"pid":19365}

      158 |       if (code !== 0 || !result) { reject(new Error(`worker exited ${code}: ${output}`)); return; }
      159 |       // Query shapes, outcomes, fixture identifiers and process IDs only; never parameters.
    > 160 |       console.warn('PG17_PROCESS', JSON.stringify({ name, old, options: { ...options, cursor: options.cursor ? '<cursor>' : undefined },
          |               ^
      161 |         result: result.result, failure: result.failure, queries: result.queries.length, pid: result.pid }));
      162 |       resolveDone(result);
      163 |     };

      at settleWorker (test/utils/g2-pg17-harness.ts:160:15)
      at ChildProcess.<anonymous> (test/utils/g2-pg17-harness.ts:165:51)

  console.warn
    PG17_PROCESS {"name":"g2p17_5","old":true,"options":{"action":"roster","family":"clients","cursor":"<cursor>","limit":7},"result":{"intent_id":"intent","accounting":{"staged":600,"reconstructed":596,"skipped":8,"failed":21},"persons":[{"id":"bc1af52f-c4ab-4ef3-a771-6362d49024a2","state":"InvitePending","source_platform":"truecoach","source_person_id":"s00014","display_name":"Synthetic 14","created_at":"2026-09-20T18:42:28.810Z","updated_at":"2026-09-20T18:42:28.810Z"},{"id":"a6d12b94-3217-4d80-b7a8-b70e1169f760","state":"InvitePending","source_platform":"truecoach","source_person_id":"s00015","display_name":"Synthetic 15","created_at":"2026-09-20T18:42:28.812Z","updated_at":"2026-09-20T18:42:28.812Z"},{"id":"edc92d0d-5a0a-48dd-b42e-5ee27a4ba387","state":"InvitePending","source_platform":"truecoach","source_person_id":"s00016","display_name":"Synthetic 16","created_at":"2026-09-20T18:42:28.813Z","updated_at":"2026-09-20T18:42:28.813Z"},{"id":"40111938-1747-4dc9-9a63-b73332ad08a0","state":"InvitePending","source_platform":"truecoach","source_person_id":"s00017","display_name":"Synthetic 17","created_at":"2026-09-20T18:42:28.815Z","updated_at":"2026-09-20T18:42:28.815Z"},{"id":"919ea428-974b-45d7-b9dc-df5c43a8382a","state":"InvitePending","source_platform":"truecoach","source_person_id":"s00018","display_name":"Synthetic 18","created_at":"2026-09-20T18:42:28.817Z","updated_at":"2026-09-20T18:42:28.817Z"},{"id":"b01009f5-1b6f-4ab0-81d6-8cefa25313eb","state":"InvitePending","source_platform":"truecoach","source_person_id":"s00019","display_name":"Synthetic 19","created_at":"2026-09-20T18:42:28.818Z","updated_at":"2026-09-20T18:42:28.818Z"},{"id":"bfaffc1a-8809-4989-af69-42d5749dcbcc","state":"InvitePending","source_platform":"truecoach","source_person_id":"s00020","display_name":"Synthetic 20","created_at":"2026-09-20T18:42:28.820Z","updated_at":"2026-09-20T18:42:28.820Z"}],"page":{"limit":7,"next_cursor":"czAwMDIw","has_more":true}},"queries":8,"pid":19381}

      158 |       if (code !== 0 || !result) { reject(new Error(`worker exited ${code}: ${output}`)); return; }
      159 |       // Query shapes, outcomes, fixture identifiers and process IDs only; never parameters.
    > 160 |       console.warn('PG17_PROCESS', JSON.stringify({ name, old, options: { ...options, cursor: options.cursor ? '<cursor>' : undefined },
          |               ^
      161 |         result: result.result, failure: result.failure, queries: result.queries.length, pid: result.pid }));
      162 |       resolveDone(result);
      163 |     };

      at settleWorker (test/utils/g2-pg17-harness.ts:160:15)
      at ChildProcess.<anonymous> (test/utils/g2-pg17-harness.ts:165:51)

  console.warn
    PG17_PROCESS {"name":"g2p17_6","old":true,"options":{"action":"roster","family":"clients","cursor":"<cursor>","limit":7},"result":{"intent_id":"intent","accounting":{"staged":600,"reconstructed":596,"skipped":8,"failed":21},"persons":[{"id":"8c0d5ab0-56fd-4ba4-86ac-fba5d52d18fb","state":"InvitePending","source_platform":"truecoach","source_person_id":"s00021","display_name":"Synthetic 21","created_at":"2026-09-20T18:42:28.821Z","updated_at":"2026-09-20T18:42:28.821Z"},{"id":"371833d1-5e47-4b00-89c3-3e399a09db8e","state":"InvitePending","source_platform":"truecoach","source_person_id":"s00022","display_name":"Synthetic 22","created_at":"2026-09-20T18:42:28.823Z","updated_at":"2026-09-20T18:42:28.823Z"},{"id":"2f253cf0-a377-4083-9532-9771aa09c811","state":"InvitePending","source_platform":"truecoach","source_person_id":"s00023","display_name":"Synthetic 23","created_at":"2026-09-20T18:42:28.824Z","updated_at":"2026-09-20T18:42:28.824Z"},{"id":"ce209bef-2fa7-4c08-80f5-08b91e7335ad","state":"InvitePending","source_platform":"truecoach","source_person_id":"s00024","display_name":"Synthetic 24","created_at":"2026-09-20T18:42:28.826Z","updated_at":"2026-09-20T18:42:28.826Z"},{"id":"4b36f0d6-4fdf-4f35-ad55-40b1d3ce6fca","state":"InvitePending","source_platform":"truecoach","source_person_id":"s00025","display_name":"Synthetic 25","created_at":"2026-09-20T18:42:28.827Z","updated_at":"2026-09-20T18:42:28.827Z"},{"id":"590fb4c2-5602-430c-b02e-879e3c1170d1","state":"InvitePending","source_platform":"truecoach","source_person_id":"s00026","display_name":"Synthetic 26","created_at":"2026-09-20T18:42:28.829Z","updated_at":"2026-09-20T18:42:28.829Z"},{"id":"46140bae-fa42-48bf-973b-28460d2cd3e6","state":"InvitePending","source_platform":"truecoach","source_person_id":"s00027","display_name":"Synthetic 27","created_at":"2026-09-20T18:42:28.831Z","updated_at":"2026-09-20T18:42:28.831Z"}],"page":{"limit":7,"next_cursor":"czAwMDI3","has_more":true}},"queries":8,"pid":19397}

      158 |       if (code !== 0 || !result) { reject(new Error(`worker exited ${code}: ${output}`)); return; }
      159 |       // Query shapes, outcomes, fixture identifiers and process IDs only; never parameters.
    > 160 |       console.warn('PG17_PROCESS', JSON.stringify({ name, old, options: { ...options, cursor: options.cursor ? '<cursor>' : undefined },
          |               ^
      161 |         result: result.result, failure: result.failure, queries: result.queries.length, pid: result.pid }));
      162 |       resolveDone(result);
      163 |     };

      at settleWorker (test/utils/g2-pg17-harness.ts:160:15)
      at ChildProcess.<anonymous> (test/utils/g2-pg17-harness.ts:165:51)

  console.warn
    PG17_PROCESS {"name":"g2p17_7","old":true,"options":{"action":"roster","family":"clients","cursor":"<cursor>","limit":7},"result":{"intent_id":"intent","accounting":{"staged":600,"reconstructed":596,"skipped":8,"failed":21},"persons":[{"id":"b8166ada-53f8-4c1f-a523-bb61f9c6981b","state":"InvitePending","source_platform":"truecoach","source_person_id":"s00028","display_name":"Synthetic 28","created_at":"2026-09-20T18:42:28.832Z","updated_at":"2026-09-20T18:42:28.832Z"},{"id":"4c9bdf60-f2b0-4f49-85ef-b0dbc6d1327a","state":"InvitePending","source_platform":"truecoach","source_person_id":"s00029","display_name":"Synthetic 29","created_at":"2026-09-20T18:42:28.833Z","updated_at":"2026-09-20T18:42:28.833Z"},{"id":"17365d3d-24c1-4605-89af-4f631ea0086b","state":"InvitePending","source_platform":"truecoach","source_person_id":"s00030","display_name":"Synthetic 30","created_at":"2026-09-20T18:42:28.835Z","updated_at":"2026-09-20T18:42:28.835Z"},{"id":"8be27d92-e3f9-4a45-91c9-fa453463981b","state":"InvitePending","source_platform":"truecoach","source_person_id":"s00031","display_name":"Synthetic 31","created_at":"2026-09-20T18:42:28.836Z","updated_at":"2026-09-20T18:42:28.836Z"},{"id":"5250f4fe-4808-4a76-a722-ae313883d14b","state":"InvitePending","source_platform":"truecoach","source_person_id":"s00032","display_name":"Synthetic 32","created_at":"2026-09-20T18:42:28.838Z","updated_at":"2026-09-20T18:42:28.838Z"},{"id":"7c313c75-a529-4eb4-8058-492b2a962d74","state":"InvitePending","source_platform":"truecoach","source_person_id":"s00033","display_name":"Synthetic 33","created_at":"2026-09-20T18:42:28.839Z","updated_at":"2026-09-20T18:42:28.839Z"},{"id":"1eea5165-1dc5-489f-bd87-1cf7c0a35fd8","state":"InvitePending","source_platform":"truecoach","source_person_id":"s00034","display_name":"Synthetic 34","created_at":"2026-09-20T18:42:28.841Z","updated_at":"2026-09-20T18:42:28.841Z"}],"page":{"limit":7,"next_cursor":"czAwMDM0","has_more":true}},"queries":8,"pid":19413}

      158 |       if (code !== 0 || !result) { reject(new Error(`worker exited ${code}: ${output}`)); return; }
      159 |       // Query shapes, outcomes, fixture identifiers and process IDs only; never parameters.
    > 160 |       console.warn('PG17_PROCESS', JSON.stringify({ name, old, options: { ...options, cursor: options.cursor ? '<cursor>' : undefined },
          |               ^
      161 |         result: result.result, failure: result.failure, queries: result.queries.length, pid: result.pid }));
      162 |       resolveDone(result);
      163 |     };

      at settleWorker (test/utils/g2-pg17-harness.ts:160:15)
      at ChildProcess.<anonymous> (test/utils/g2-pg17-harness.ts:165:51)

  console.warn
    PG17_PROCESS {"name":"g2p17_8","old":true,"options":{"action":"roster","family":"clients","cursor":"<cursor>","limit":7},"result":{"intent_id":"intent","accounting":{"staged":600,"reconstructed":596,"skipped":8,"failed":21},"persons":[{"id":"ec9f72a5-1471-4487-8939-1aeecc695803","state":"InvitePending","source_platform":"truecoach","source_person_id":"s00035","display_name":"Synthetic 35","created_at":"2026-09-20T18:42:28.849Z","updated_at":"2026-09-20T18:42:28.849Z"},{"id":"0199612c-9635-49c8-af7a-353bbac268c6","state":"InvitePending","source_platform":"truecoach","source_person_id":"s00036","display_name":"Synthetic 36","created_at":"2026-09-20T18:42:28.851Z","updated_at":"2026-09-20T18:42:28.851Z"},{"id":"98a7d83b-d889-4669-b664-a0e50c358ccd","state":"InvitePending","source_platform":"truecoach","source_person_id":"s00037","display_name":"Synthetic 37","created_at":"2026-09-20T18:42:28.853Z","updated_at":"2026-09-20T18:42:28.853Z"},{"id":"fb003a27-950d-4c8c-bba1-57f797d3c56f","state":"InvitePending","source_platform":"truecoach","source_person_id":"s00038","display_name":"Synthetic 38","created_at":"2026-09-20T18:42:28.854Z","updated_at":"2026-09-20T18:42:28.854Z"},{"id":"3cbb4cb8-113f-4c4f-b9ec-19376d0a5278","state":"InvitePending","source_platform":"truecoach","source_person_id":"s00039","display_name":"Synthetic 39","created_at":"2026-09-20T18:42:28.856Z","updated_at":"2026-09-20T18:42:28.856Z"},{"id":"840510b1-6076-4e53-8ca8-a6d8edd73c13","state":"InvitePending","source_platform":"truecoach","source_person_id":"s00040","display_name":"Synthetic 40","created_at":"2026-09-20T18:42:28.857Z","updated_at":"2026-09-20T18:42:28.857Z"},{"id":"678fd109-538e-4c66-8c16-d405e7ff3c77","state":"InvitePending","source_platform":"truecoach","source_person_id":"s00041","display_name":"Synthetic 41","created_at":"2026-09-20T18:42:28.858Z","updated_at":"2026-09-20T18:42:28.858Z"}],"page":{"limit":7,"next_cursor":"czAwMDQx","has_more":true}},"queries":8,"pid":19429}

      158 |       if (code !== 0 || !result) { reject(new Error(`worker exited ${code}: ${output}`)); return; }
      159 |       // Query shapes, outcomes, fixture identifiers and process IDs only; never parameters.
    > 160 |       console.warn('PG17_PROCESS', JSON.stringify({ name, old, options: { ...options, cursor: options.cursor ? '<cursor>' : undefined },
          |               ^
      161 |         result: result.result, failure: result.failure, queries: result.queries.length, pid: result.pid }));
      162 |       resolveDone(result);
      163 |     };

      at settleWorker (test/utils/g2-pg17-harness.ts:160:15)
      at ChildProcess.<anonymous> (test/utils/g2-pg17-harness.ts:165:51)

  console.warn
    PG17_PROCESS {"name":"g2p17_9","old":true,"options":{"action":"roster","family":"clients","cursor":"<cursor>","limit":7},"result":{"intent_id":"intent","accounting":{"staged":600,"reconstructed":596,"skipped":8,"failed":21},"persons":[{"id":"fcc854a7-c3a1-424b-a911-c39cfb6cdc6d","state":"InvitePending","source_platform":"truecoach","source_person_id":"s00042","display_name":"Synthetic 42","created_at":"2026-09-20T18:42:28.860Z","updated_at":"2026-09-20T18:42:28.860Z"},{"id":"8adb0fe4-9b01-4e86-8554-3eb97e007473","state":"InvitePending","source_platform":"truecoach","source_person_id":"s00043","display_name":"Synthetic 43","created_at":"2026-09-20T18:42:28.861Z","updated_at":"2026-09-20T18:42:28.861Z"},{"id":"19d0eeba-b73b-427a-9309-751722b4aae9","state":"InvitePending","source_platform":"truecoach","source_person_id":"s00044","display_name":"Synthetic 44","created_at":"2026-09-20T18:42:28.863Z","updated_at":"2026-09-20T18:42:28.863Z"},{"id":"292cf52b-963a-438d-816d-6fea70c0228e","state":"InvitePending","source_platform":"truecoach","source_person_id":"s00045","display_name":"Synthetic 45","created_at":"2026-09-20T18:42:28.864Z","updated_at":"2026-09-20T18:42:28.864Z"},{"id":"833d1082-70bc-4615-b6b9-7c45b9a12e20","state":"InvitePending","source_platform":"truecoach","source_person_id":"s00046","display_name":"Synthetic 46","created_at":"2026-09-20T18:42:28.866Z","updated_at":"2026-09-20T18:42:28.866Z"},{"id":"e74cbcf3-adb2-4c20-9a28-6c086aa9621e","state":"InvitePending","source_platform":"truecoach","source_person_id":"s00047","display_name":"Synthetic 47","created_at":"2026-09-20T18:42:28.867Z","updated_at":"2026-09-20T18:42:28.867Z"},{"id":"1bbc072c-def4-4c7c-bb2f-47ab43e2e473","state":"InvitePending","source_platform":"truecoach","source_person_id":"s00048","display_name":"Synthetic 48","created_at":"2026-09-20T18:42:28.869Z","updated_at":"2026-09-20T18:42:28.869Z"}],"page":{"limit":7,"next_cursor":"czAwMDQ4","has_more":true}},"queries":8,"pid":19445}

      158 |       if (code !== 0 || !result) { reject(new Error(`worker exited ${code}: ${output}`)); return; }
      159 |       // Query shapes, outcomes, fixture identifiers and process IDs only; never parameters.
    > 160 |       console.warn('PG17_PROCESS', JSON.stringify({ name, old, options: { ...options, cursor: options.cursor ? '<cursor>' : undefined },
          |               ^
      161 |         result: result.result, failure: result.failure, queries: result.queries.length, pid: result.pid }));
      162 |       resolveDone(result);
      163 |     };

      at settleWorker (test/utils/g2-pg17-harness.ts:160:15)
      at ChildProcess.<anonymous> (test/utils/g2-pg17-harness.ts:165:51)

  console.warn
    PG17_PROCESS {"name":"g2p17_10","old":true,"options":{"action":"roster","family":"clients","cursor":"<cursor>","limit":7},"result":{"intent_id":"intent","accounting":{"staged":600,"reconstructed":596,"skipped":8,"failed":21},"persons":[{"id":"45e36438-4d3d-466a-8597-6b5f95671452","state":"InvitePending","source_platform":"truecoach","source_person_id":"s00049","display_name":"Synthetic 49","created_at":"2026-09-20T18:42:28.871Z","updated_at":"2026-09-20T18:42:28.871Z"},{"id":"48d58bc2-b2bb-488a-ba1b-142919f72f1d","state":"InvitePending","source_platform":"truecoach","source_person_id":"s00051","display_name":"Synthetic 51","created_at":"2026-09-20T18:42:28.882Z","updated_at":"2026-09-20T18:42:28.882Z"},{"id":"8a153845-fccd-4e82-9367-0b83e69000af","state":"InvitePending","source_platform":"truecoach","source_person_id":"s00052","display_name":"Synthetic 52","created_at":"2026-09-20T18:42:28.884Z","updated_at":"2026-09-20T18:42:28.884Z"},{"id":"dacb7917-d185-4e7f-a3e3-be96ab97f2b7","state":"InvitePending","source_platform":"truecoach","source_person_id":"s00053","display_name":"Synthetic 53","created_at":"2026-09-20T18:42:28.885Z","updated_at":"2026-09-20T18:42:28.885Z"},{"id":"2167b56a-42bb-438f-b340-17189fb5d4d7","state":"InvitePending","source_platform":"truecoach","source_person_id":"s00054","display_name":"Synthetic 54","created_at":"2026-09-20T18:42:28.887Z","updated_at":"2026-09-20T18:42:28.887Z"},{"id":"92f313f7-4f58-41bd-863f-efe567219898","state":"InvitePending","source_platform":"truecoach","source_person_id":"s00055","display_name":"Synthetic 55","created_at":"2026-09-20T18:42:28.888Z","updated_at":"2026-09-20T18:42:28.888Z"},{"id":"f404ebf9-6fb6-450e-a51d-f263190e2fdf","state":"InvitePending","source_platform":"truecoach","source_person_id":"s00056","display_name":"Synthetic 56","created_at":"2026-09-20T18:42:28.890Z","updated_at":"2026-09-20T18:42:28.890Z"}],"page":{"limit":7,"next_cursor":"czAwMDU2","has_more":true}},"queries":8,"pid":19461}

      158 |       if (code !== 0 || !result) { reject(new Error(`worker exited ${code}: ${output}`)); return; }
      159 |       // Query shapes, outcomes, fixture identifiers and process IDs only; never parameters.
    > 160 |       console.warn('PG17_PROCESS', JSON.stringify({ name, old, options: { ...options, cursor: options.cursor ? '<cursor>' : undefined },
          |               ^
      161 |         result: result.result, failure: result.failure, queries: result.queries.length, pid: result.pid }));
      162 |       resolveDone(result);
      163 |     };

      at settleWorker (test/utils/g2-pg17-harness.ts:160:15)
      at ChildProcess.<anonymous> (test/utils/g2-pg17-harness.ts:165:51)

  console.warn
    PG17_PROCESS {"name":"g2p17_11","old":true,"options":{"action":"roster","family":"clients","cursor":"<cursor>","limit":7},"result":{"intent_id":"intent","accounting":{"staged":600,"reconstructed":596,"skipped":8,"failed":21},"persons":[{"id":"0b6002a2-51b7-4072-949b-790532c8676f","state":"InvitePending","source_platform":"truecoach","source_person_id":"s00057","display_name":"Synthetic 57","created_at":"2026-09-20T18:42:28.891Z","updated_at":"2026-09-20T18:42:28.891Z"},{"id":"37806101-eec7-402d-9c96-a87882dd7674","state":"InvitePending","source_platform":"truecoach","source_person_id":"s00058","display_name":"Synthetic 58","created_at":"2026-09-20T18:42:28.892Z","updated_at":"2026-09-20T18:42:28.892Z"},{"id":"f2640c72-cf02-4c7a-9c9d-e8c55600b94d","state":"InvitePending","source_platform":"truecoach","source_person_id":"s00059","display_name":"Synthetic 59","created_at":"2026-09-20T18:42:28.894Z","updated_at":"2026-09-20T18:42:28.894Z"},{"id":"c64f0063-3e04-4885-af81-c37c9261fa66","state":"InvitePending","source_platform":"truecoach","source_person_id":"s00060","display_name":"Synthetic 60","created_at":"2026-09-20T18:42:28.895Z","updated_at":"2026-09-20T18:42:28.895Z"},{"id":"c4af663b-dd74-43c6-bee2-c7ae7089bfe8","state":"InvitePending","source_platform":"truecoach","source_person_id":"s00061","display_name":"Synthetic 61","created_at":"2026-09-20T18:42:28.897Z","updated_at":"2026-09-20T18:42:28.897Z"},{"id":"d5aca512-5414-4e9c-b887-351e53b3e229","state":"InvitePending","source_platform":"truecoach","source_person_id":"s00062","display_name":"Synthetic 62","created_at":"2026-09-20T18:42:28.898Z","updated_at":"2026-09-20T18:42:28.898Z"},{"id":"a94f3c4f-c914-441e-8782-022fe45142f3","state":"InvitePending","source_platform":"truecoach","source_person_id":"s00063","display_name":"Synthetic 63","created_at":"2026-09-20T18:42:28.900Z","updated_at":"2026-09-20T18:42:28.900Z"}],"page":{"limit":7,"next_cursor":"czAwMDYz","has_more":true}},"queries":8,"pid":19478}

      158 |       if (code !== 0 || !result) { reject(new Error(`worker exited ${code}: ${output}`)); return; }
      159 |       // Query shapes, outcomes, fixture identifiers and process IDs only; never parameters.
    > 160 |       console.warn('PG17_PROCESS', JSON.stringify({ name, old, options: { ...options, cursor: options.cursor ? '<cursor>' : undefined },
          |               ^
      161 |         result: result.result, failure: result.failure, queries: result.queries.length, pid: result.pid }));
      162 |       resolveDone(result);
      163 |     };

      at settleWorker (test/utils/g2-pg17-harness.ts:160:15)
      at ChildProcess.<anonymous> (test/utils/g2-pg17-harness.ts:165:51)

  console.warn
    PG17_PROCESS {"name":"g2p17_12","old":true,"options":{"action":"roster","limit":200},"result":{"intent_id":"intent","accounting":{"staged":600,"reconstructed":596,"skipped":8,"failed":21},"persons":[{"id":"4ee521f3-0278-4317-adb4-ac751a6305ca","state":"InvitePending","source_platform":"truecoach","source_person_id":"s00001","display_name":"Synthetic 1","created_at":"2026-09-20T18:42:28.783Z","updated_at":"2026-09-20T18:42:28.783Z"},{"id":"1b77f293-06a9-4816-b2c0-cdec059bb8a0","state":"InvitePending","source_platform":"truecoach","source_person_id":"s00002","display_name":"Synthetic 2","created_at":"2026-09-20T18:42:28.787Z","updated_at":"2026-09-20T18:42:28.787Z"},{"id":"b8a5b170-eadd-4218-ac12-c0bdc7cacfa5","state":"InvitePending","source_platform":"truecoach","source_person_id":"s00003","display_name":"Synthetic 3","created_at":"2026-09-20T18:42:28.789Z","updated_at":"2026-09-20T18:42:28.789Z"},{"id":"e000c891-866f-42d6-b000-4e7b32cbdfd8","state":"InvitePending","source_platform":"truecoach","source_person_id":"s00004","display_name":"Synthetic 4","created_at":"2026-09-20T18:42:28.792Z","updated_at":"2026-09-20T18:42:28.792Z"},{"id":"8baab3ed-82a5-4a9c-a808-d43d47298047","state":"InvitePending","source_platform":"truecoach","source_person_id":"s00005","display_name":"Synthetic 5","created_at":"2026-09-20T18:42:28.794Z","updated_at":"2026-09-20T18:42:28.794Z"},{"id":"d6b4c32c-acbd-4446-938a-341f5e11d3cd","state":"InvitePending","source_platform":"truecoach","source_person_id":"s00006","display_name":"Synthetic 6","created_at":"2026-09-20T18:42:28.795Z","updated_at":"2026-09-20T18:42:28.795Z"},{"id":"4754a6f8-59f0-48d7-b44f-442d4a701468","state":"InvitePending","source_platform":"truecoach","source_person_id":"s00007","display_name":"Synthetic 7","created_at":"2026-09-20T18:42:28.797Z","updated_at":"2026-09-20T18:42:28.797Z"},{"id":"912a8127-4ace-4777-ab5c-e8ee8d291fc2","state":"InvitePending","source_platform":"truecoach","source_person_id":"s00008","display_name":"Synthetic 8","created_at":"2026-09-20T18:42:28.799Z","updated_at":"2026-09-20T18:42:28.799Z"},{"id":"34785827-2af6-4f38-b95b-6f0f20180f5a","state":"InvitePending","source_platform":"truecoach","source_person_id":"s00009","display_name":"Synthetic 9","created_at":"2026-09-20T18:42:28.801Z","updated_at":"2026-09-20T18:42:28.801Z"},{"id":"ad711542-420c-416e-80c8-aba37d5053f5","state":"InvitePending","source_platform":"truecoach","source_person_id":"s00010","display_name":"Synthetic 10","created_at":"2026-09-20T18:42:28.802Z","updated_at":"2026-09-20T18:42:28.802Z"},{"id":"3daf8ed6-032d-4ccb-84e0-b270956ef9df","state":"InvitePending","source_platform":"truecoach","source_person_id":"s00011","display_name":"Synthetic 11","created_at":"2026-09-20T18:42:28.804Z","updated_at":"2026-09-20T18:42:28.804Z"},{"id":"09e99ffc-48b8-4fc1-b222-3dcd4648bc1f","state":"InvitePending","source_platform":"truecoach","source_person_id":"s00012","display_name":"Synthetic 12","created_at":"2026-09-20T18:42:28.807Z","updated_at":"2026-09-20T18:42:28.807Z"},{"id":"d53a4072-6a78-4d9e-a94f-3ebbfdd4e008","state":"InvitePending","source_platform":"truecoach","source_person_id":"s00013","display_name":"Synthetic 13","created_at":"2026-09-20T18:42:28.809Z","updated_at":"2026-09-20T18:42:28.809Z"},{"id":"bc1af52f-c4ab-4ef3-a771-6362d49024a2","state":"InvitePending","source_platform":"truecoach","source_person_id":"s00014","display_name":"Synthetic 14","created_at":"2026-09-20T18:42:28.810Z","updated_at":"2026-09-20T18:42:28.810Z"},{"id":"a6d12b94-3217-4d80-b7a8-b70e1169f760","state":"InvitePending","source_platform":"truecoach","source_person_id":"s00015","display_name":"Synthetic 15","created_at":"2026-09-20T18:42:28.812Z","updated_at":"2026-09-20T18:42:28.812Z"},{"id":"edc92d0d-5a0a-48dd-b42e-5ee27a4ba387","state":"InvitePending","source_platform":"truecoach","source_person_id":"s00016","display_name":"Synthetic 16","created_at":"2026-09-20T18:42:28.813Z","updated_at":"2026-09-20T18:42:28.813Z"},{"id":"40111938-1747-4dc9-9a63-b73332ad08a0","state":"InvitePending","source_platform":"truecoach","source_person_id":"s00017","display_name":"Synthetic 17","created_at":"2026-09-20T18:42:28.815Z","updated_at":"2026-09-20T18:42:28.815Z"},{"id":"919ea428-974b-45d7-b9dc-df5c43a8382a","state":"InvitePending","source_platform":"truecoach","source_person_id":"s00018","display_name":"Synthetic 18","created_at":"2026-09-20T18:42:28.817Z","updated_at":"2026-09-20T18:42:28.817Z"},{"id":"b01009f5-1b6f-4ab0-81d6-8cefa25313eb","state":"InvitePending","source_platform":"truecoach","source_person_id":"s00019","display_name":"Synthetic 19","created_at":"2026-09-20T18:42:28.818Z","updated_at":"2026-09-20T18:42:28.818Z"},{"id":"bfaffc1a-8809-4989-af69-42d5749dcbcc","state":"InvitePending","source_platform":"truecoach","source_person_id":"s00020","display_name":"Synthetic 20","created_at":"2026-09-20T18:42:28.820Z","updated_at":"2026-09-20T18:42:28.820Z"},{"id":"8c0d5ab0-56fd-4ba4-86ac-fba5d52d18fb","state":"InvitePending","source_platform":"truecoach","source_person_id":"s00021","display_name":"Synthetic 21","created_at":"2026-09-20T18:42:28.821Z","updated_at":"2026-09-20T18:42:28.821Z"},{"id":"371833d1-5e47-4b00-89c3-3e399a09db8e","state":"InvitePending","source_platform":"truecoach","source_person_id":"s00022","display_name":"Synthetic 22","created_at":"2026-09-20T18:42:28.823Z","updated_at":"2026-09-20T18:42:28.823Z"},{"id":"2f253cf0-a377-4083-9532-9771aa09c811","state":"InvitePending","source_platform":"truecoach","source_person_id":"s00023","display_name":"Synthetic 23","created_at":"2026-09-20T18:42:28.824Z","updated_at":"2026-09-20T18:42:28.824Z"},{"id":"ce209bef-2fa7-4c08-80f5-08b91e7335ad","state":"InvitePending","source_platform":"truecoach","source_person_id":"s00024","display_name":"Synthetic 24","created_at":"2026-09-20T18:42:28.826Z","updated_at":"2026-09-20T18:42:28.826Z"},{"id":"4b36f0d6-4fdf-4f35-ad55-40b1d3ce6fca","state":"InvitePending","source_platform":"truecoach","source_person_id":"s00025","display_name":"Synthetic 25","created_at":"2026-09-20T18:42:28.827Z","updated_at":"2026-09-20T18:42:28.827Z"},{"id":"590fb4c2-5602-430c-b02e-879e3c1170d1","state":"InvitePending","source_platform":"truecoach","source_person_id":"s00026","display_name":"Synthetic 26","created_at":"2026-09-20T18:42:28.829Z","updated_at":"2026-09-20T18:42:28.829Z"},{"id":"46140bae-fa42-48bf-973b-28460d2cd3e6","state":"InvitePending","source_platform":"truecoach","source_person_id":"s00027","display_name":"Synthetic 27","created_at":"2026-09-20T18:42:28.831Z","updated_at":"2026-09-20T18:42:28.831Z"},{"id":"b8166ada-53f8-4c1f-a523-bb61f9c6981b","state":"InvitePending","source_platform":"truecoach","source_person_id":"s00028","display_name":"Synthetic 28","created_at":"2026-09-20T18:42:28.832Z","updated_at":"2026-09-20T18:42:28.832Z"},{"id":"4c9bdf60-f2b0-4f49-85ef-b0dbc6d1327a","state":"InvitePending","source_platform":"truecoach","source_person_id":"s00029","display_name":"Synthetic 29","created_at":"2026-09-20T18:42:28.833Z","updated_at":"2026-09-20T18:42:28.833Z"},{"id":"17365d3d-24c1-4605-89af-4f631ea0086b","state":"InvitePending","source_platform":"truecoach","source_person_id":"s00030","display_name":"Synthetic 30","created_at":"2026-09-20T18:42:28.835Z","updated_at":"2026-09-20T18:42:28.835Z"},{"id":"8be27d92-e3f9-4a45-91c9-fa453463981b","state":"InvitePending","source_platform":"truecoach","source_person_id":"s00031","display_name":"Synthetic 31","created_at":"2026-09-20T18:42:28.836Z","updated_at":"2026-09-20T18:42:28.836Z"},{"id":"5250f4fe-4808-4a76-a722-ae313883d14b","state":"InvitePending","source_platform":"truecoach","source_person_id":"s00032","display_name":"Synthetic 32","created_at":"2026-09-20T18:42:28.838Z","updated_at":"2026-09-20T18:42:28.838Z"},{"id":"7c313c75-a529-4eb4-8058-492b2a962d74","state":"InvitePending","source_platform":"truecoach","source_person_id":"s00033","display_name":"Synthetic 33","created_at":"2026-09-20T18:42:28.839Z","updated_at":"2026-09-20T18:42:28.839Z"},{"id":"1eea5165-1dc5-489f-bd87-1cf7c0a35fd8","state":"InvitePending","source_platform":"truecoach","source_person_id":"s00034","display_name":"Synthetic 34","created_at":"2026-09-20T18:42:28.841Z","updated_at":"2026-09-20T18:42:28.841Z"},{"id":"ec9f72a5-1471-4487-8939-1aeecc695803","state":"InvitePending","source_platform":"truecoach","source_person_id":"s00035","display_name":"Synthetic 35","created_at":"2026-09-20T18:42:28.849Z","updated_at":"2026-09-20T18:42:28.849Z"},{"id":"0199612c-9635-49c8-af7a-353bbac268c6","state":"InvitePending","source_platform":"truecoach","source_person_id":"s00036","display_name":"Synthetic 36","created_at":"2026-09-20T18:42:28.851Z","updated_at":"2026-09-20T18:42:28.851Z"},{"id":"98a7d83b-d889-4669-b664-a0e50c358ccd","state":"InvitePending","source_platform":"truecoach","source_person_id":"s00037","display_name":"Synthetic 37","created_at":"2026-09-20T18:42:28.853Z","updated_at":"2026-09-20T18:42:28.853Z"},{"id":"fb003a27-950d-4c8c-bba1-57f797d3c56f","state":"InvitePending","source_platform":"truecoach","source_person_id":"s00038","display_name":"Synthetic 38","created_at":"2026-09-20T18:42:28.854Z","updated_at":"2026-09-20T18:42:28.854Z"},{"id":"3cbb4cb8-113f-4c4f-b9ec-19376d0a5278","state":"InvitePending","source_platform":"truecoach","source_person_id":"s00039","display_name":"Synthetic 39","created_at":"2026-09-20T18:42:28.856Z","updated_at":"2026-09-20T18:42:28.856Z"},{"id":"840510b1-6076-4e53-8ca8-a6d8edd73c13","state":"InvitePending","source_platform":"truecoach","source_person_id":"s00040","display_name":"Synthetic 40","created_at":"2026-09-20T18:42:28.857Z","updated_at":"2026-09-20T18:42:28.857Z"},{"id":"678fd109-538e-4c66-8c16-d405e7ff3c77","state":"InvitePending","source_platform":"truecoach","source_person_id":"s00041","display_name":"Synthetic 41","created_at":"2026-09-20T18:42:28.858Z","updated_at":"2026-09-20T18:42:28.858Z"},{"id":"fcc854a7-c3a1-424b-a911-c39cfb6cdc6d","state":"InvitePending","source_platform":"truecoach","source_person_id":"s00042","display_name":"Synthetic 42","created_at":"2026-09-20T18:42:28.860Z","updated_at":"2026-09-20T18:42:28.860Z"},{"id":"8adb0fe4-9b01-4e86-8554-3eb97e007473","state":"InvitePending","source_platform":"truecoach","source_person_id":"s00043","display_name":"Synthetic 43","created_at":"2026-09-20T18:42:28.861Z","updated_at":"2026-09-20T18:42:28.861Z"},{"id":"19d0eeba-b73b-427a-9309-751722b4aae9","state":"InvitePending","source_platform":"truecoach","source_person_id":"s00044","display_name":"Synthetic 44","created_at":"2026-09-20T18:42:28.863Z","updated_at":"2026-09-20T18:42:28.863Z"},{"id":"292cf52b-963a-438d-816d-6fea70c0228e","state":"InvitePending","source_platform":"truecoach","source_person_id":"s00045","display_name":"Synthetic 45","created_at":"2026-09-20T18:42:28.864Z","updated_at":"2026-09-20T18:42:28.864Z"},{"id":"833d1082-70bc-4615-b6b9-7c45b9a12e20","state":"InvitePending","source_platform":"truecoach","source_person_id":"s00046","display_name":"Synthetic 46","created_at":"2026-09-20T18:42:28.866Z","updated_at":"2026-09-20T18:42:28.866Z"},{"id":"e74cbcf3-adb2-4c20-9a28-6c086aa9621e","state":"InvitePending","source_platform":"truecoach","source_person_id":"s00047","display_name":"Synthetic 47","created_at":"2026-09-20T18:42:28.867Z","updated_at":"2026-09-20T18:42:28.867Z"},{"id":"1bbc072c-def4-4c7c-bb2f-47ab43e2e473","state":"InvitePending","source_platform":"truecoach","source_person_id":"s00048","display_name":"Synthetic 48","created_at":"2026-09-20T18:42:28.869Z","updated_at":"2026-09-20T18:42:28.869Z"},{"id":"45e36438-4d3d-466a-8597-6b5f95671452","state":"InvitePending","source_platform":"truecoach","source_person_id":"s00049","display_name":"Synthetic 49","created_at":"2026-09-20T18:42:28.871Z","updated_at":"2026-09-20T18:42:28.871Z"},{"id":"48d58bc2-b2bb-488a-ba1b-142919f72f1d","state":"InvitePending","source_platform":"truecoach","source_person_id":"s00051","display_name":"Synthetic 51","created_at":"2026-09-20T18:42:28.882Z","updated_at":"2026-09-20T18:42:28.882Z"},{"id":"8a153845-fccd-4e82-9367-0b83e69000af","state":"InvitePending","source_platform":"truecoach","source_person_id":"s00052","display_name":"Synthetic 52","created_at":"2026-09-20T18:42:28.884Z","updated_at":"2026-09-20T18:42:28.884Z"},{"id":"dacb7917-d185-4e7f-a3e3-be96ab97f2b7","state":"InvitePending","source_platform":"truecoach","source_person_id":"s00053","display_name":"Synthetic 53","created_at":"2026-09-20T18:42:28.885Z","updated_at":"2026-09-20T18:42:28.885Z"},{"id":"2167b56a-42bb-438f-b340-17189fb5d4d7","state":"InvitePending","source_platform":"truecoach","source_person_id":"s00054","display_name":"Synthetic 54","created_at":"2026-09-20T18:42:28.887Z","updated_at":"2026-09-20T18:42:28.887Z"},{"id":"92f313f7-4f58-41bd-863f-efe567219898","state":"InvitePending","source_platform":"truecoach","source_person_id":"s00055","display_name":"Synthetic 55","created_at":"2026-09-20T18:42:28.888Z","updated_at":"2026-09-20T18:42:28.888Z"},{"id":"f404ebf9-6fb6-450e-a51d-f263190e2fdf","state":"InvitePending","source_platform":"truecoach","source_person_id":"s00056","display_name":"Synthetic 56","created_at":"2026-09-20T18:42:28.890Z","updated_at":"2026-09-20T18:42:28.890Z"},{"id":"0b6002a2-51b7-4072-949b-790532c8676f","state":"InvitePending","source_platform":"truecoach","source_person_id":"s00057","display_name":"Synthetic 57","created_at":"2026-09-20T18:42:28.891Z","updated_at":"2026-09-20T18:42:28.891Z"},{"id":"37806101-eec7-402d-9c96-a87882dd7674","state":"InvitePending","source_platform":"truecoach","source_person_id":"s00058","display_name":"Synthetic 58","created_at":"2026-09-20T18:42:28.892Z","updated_at":"2026-09-20T18:42:28.892Z"},{"id":"f2640c72-cf02-4c7a-9c9d-e8c55600b94d","state":"InvitePending","source_platform":"truecoach","source_person_id":"s00059","display_name":"Synthetic 59","created_at":"2026-09-20T18:42:28.894Z","updated_at":"2026-09-20T18:42:28.894Z"},{"id":"c64f0063-3e04-4885-af81-c37c9261fa66","state":"InvitePending","source_platform":"truecoach","source_person_id":"s00060","display_name":"Synthetic 60","created_at":"2026-09-20T18:42:28.895Z","updated_at":"2026-09-20T18:42:28.895Z"},{"id":"c4af663b-dd74-43c6-bee2-c7ae7089bfe8","state":"InvitePending","source_platform":"truecoach","source_person_id":"s00061","display_name":"Synthetic 61","created_at":"2026-09-20T18:42:28.897Z","updated_at":"2026-09-20T18:42:28.897Z"},{"id":"d5aca512-5414-4e9c-b887-351e53b3e229","state":"InvitePending","source_platform":"truecoach","source_person_id":"s00062","display_name":"Synthetic 62","created_at":"2026-09-20T18:42:28.898Z","updated_at":"2026-09-20T18:42:28.898Z"},{"id":"a94f3c4f-c914-441e-8782-022fe45142f3","state":"InvitePending","source_platform":"truecoach","source_person_id":"s00063","display_name":"Synthetic 63","created_at":"2026-09-20T18:42:28.900Z","updated_at":"2026-09-20T18:42:28.900Z"},{"id":"e0e7334a-1275-44d6-bbc3-e5ab9d964248","state":"InvitePending","source_platform":"truecoach","source_person_id":"s00064","display_name":"Synthetic 64","created_at":"2026-09-20T18:42:28.901Z","updated_at":"2026-09-20T18:42:28.901Z"},{"id":"4668e4f6-2d8b-42ec-b404-4e1397e790eb","state":"InvitePending","source_platform":"truecoach","source_person_id":"s00065","display_name":"Synthetic 65","created_at":"2026-09-20T18:42:28.902Z","updated_at":"2026-09-20T18:42:28.902Z"},{"id":"c8c6a252-d115-4c0c-bb6a-5e5ec248cefb","state":"InvitePending","source_platform":"truecoach","source_person_id":"s00066","display_name":"Synthetic 66","created_at":"2026-09-20T18:42:28.904Z","updated_at":"2026-09-20T18:42:28.904Z"},{"id":"8b4e7fb9-1098-4541-bce6-a86904900778","state":"InvitePending","source_platform":"truecoach","source_person_id":"s00067","display_name":"Synthetic 67","created_at":"2026-09-20T18:42:28.905Z","updated_at":"2026-09-20T18:42:28.905Z"},{"id":"9be5eabe-239e-41c9-8869-9cc9f41a7934","state":"InvitePending","source_platform":"truecoach","source_person_id":"s00068","display_name":"Synthetic 68","created_at":"2026-09-20T18:42:28.907Z","updated_at":"2026-09-20T18:42:28.907Z"},{"id":"e5fa846d-58d6-4818-96b9-324910f440fb","state":"InvitePending","source_platform":"truecoach","source_person_id":"s00069","display_name":"Synthetic 69","created_at":"2026-09-20T18:42:28.908Z","updated_at":"2026-09-20T18:42:28.908Z"},{"id":"ea804923-3359-49e2-baee-a2805c64df3a","state":"InvitePending","source_platform":"truecoach","source_person_id":"s00070","display_name":"Synthetic 70","created_at":"2026-09-20T18:42:28.910Z","updated_at":"2026-09-20T18:42:28.910Z"},{"id":"4e7641e1-0725-4f17-bcb7-9c4e2f45f2f1","state":"InvitePending","source_platform":"truecoach","source_person_id":"s00071","display_name":"Synthetic 71","created_at":"2026-09-20T18:42:28.911Z","updated_at":"2026-09-20T18:42:28.911Z"},{"id":"fde895fa-ed2c-4f2c-955f-ec824ab59234","state":"InvitePending","source_platform":"truecoach","source_person_id":"s00072","display_name":"Synthetic 72","created_at":"2026-09-20T18:42:28.913Z","updated_at":"2026-09-20T18:42:28.913Z"},{"id":"72237c12-a6ec-4835-9f1b-52d971d82bde","state":"InvitePending","source_platform":"truecoach","source_person_id":"s00073","display_name":"Synthetic 73","created_at":"2026-09-20T18:42:28.915Z","updated_at":"2026-09-20T18:42:28.915Z"},{"id":"a49cc46a-75f5-4342-b729-2a0fc028aa1b","state":"InvitePending","source_platform":"truecoach","source_person_id":"s00074","display_name":"Synthetic 74","created_at":"2026-09-20T18:42:28.916Z","updated_at":"2026-09-20T18:42:28.916Z"},{"id":"79462daf-f519-471f-9308-f51e9dc90e2a","state":"InvitePending","source_platform":"truecoach","source_person_id":"s00075","display_name":"Synthetic 75","created_at":"2026-09-20T18:42:28.918Z","updated_at":"2026-09-20T18:42:28.918Z"},{"id":"6984f597-cfd7-4c1a-8e12-e6407cacee09","state":"InvitePending","source_platform":"truecoach","source_person_id":"s00076","display_name":"Synthetic 76","created_at":"2026-09-20T18:42:28.919Z","updated_at":"2026-09-20T18:42:28.919Z"},{"id":"3ac73890-f519-4647-b6c2-5ebef7161442","state":"InvitePending","source_platform":"truecoach","source_person_id":"s00077","display_name":"Synthetic 77","created_at":"2026-09-20T18:42:28.920Z","updated_at":"2026-09-20T18:42:28.920Z"},{"id":"16326329-7096-47b7-ba47-bf061b5e59b0","state":"InvitePending","source_platform":"truecoach","source_person_id":"s00078","display_name":"Synthetic 78","created_at":"2026-09-20T18:42:28.922Z","updated_at":"2026-09-20T18:42:28.922Z"},{"id":"c58839e7-c351-4938-8ba9-96eee6ac9ea9","state":"InvitePending","source_platform":"truecoach","source_person_id":"s00079","display_name":"Synthetic 79","created_at":"2026-09-20T18:42:28.923Z","updated_at":"2026-09-20T18:42:28.923Z"},{"id":"4fe88474-9abb-4e24-8624-841d73355edc","state":"InvitePending","source_platform":"truecoach","source_person_id":"s00080","display_name":"Synthetic 80","created_at":"2026-09-20T18:42:28.924Z","updated_at":"2026-09-20T18:42:28.924Z"},{"id":"5704f15d-10c4-4014-993d-91f1736c6799","state":"InvitePending","source_platform":"truecoach","source_person_id":"s00081","display_name":"Synthetic 81","created_at":"2026-09-20T18:42:28.926Z","updated_at":"2026-09-20T18:42:28.926Z"},{"id":"a151c3b2-b0a3-49a1-8c67-d9023836982f","state":"InvitePending","source_platform":"truecoach","source_person_id":"s00082","display_name":"Synthetic 82","created_at":"2026-09-20T18:42:28.927Z","updated_at":"2026-09-20T18:42:28.927Z"},{"id":"daa963a2-f03f-46b8-b2fb-f273c97093d2","state":"InvitePending","source_platform":"truecoach","source_person_id":"s00083","display_name":"Synthetic 83","created_at":"2026-09-20T18:42:28.929Z","updated_at":"2026-09-20T18:42:28.929Z"},{"id":"996b68db-fc43-40b5-bd84-9fd4aa417ae5","state":"InvitePending","source_platform":"truecoach","source_person_id":"s00084","display_name":"Synthetic 84","created_at":"2026-09-20T18:42:28.930Z","updated_at":"2026-09-20T18:42:28.930Z"},{"id":"15d26cf2-c3be-4b6c-959c-cb5c61a5a4dd","state":"InvitePending","source_platform":"truecoach","source_person_id":"s00085","display_name":"Synthetic 85","created_at":"2026-09-20T18:42:28.931Z","updated_at":"2026-09-20T18:42:28.931Z"},{"id":"a3dc72d4-d5f4-4ada-9ae4-9994fc23c7b6","state":"InvitePending","source_platform":"truecoach","source_person_id":"s00086","display_name":"Synthetic 86","created_at":"2026-09-20T18:42:28.933Z","updated_at":"2026-09-20T18:42:28.933Z"},{"id":"d8f5dae9-fef4-467f-872e-7f0c4ee76263","state":"InvitePending","source_platform":"truecoach","source_person_id":"s00087","display_name":"Synthetic 87","created_at":"2026-09-20T18:42:28.934Z","updated_at":"2026-09-20T18:42:28.934Z"},{"id":"4f18e1fa-159e-454e-a88f-ff5310e66663","state":"InvitePending","source_platform":"truecoach","source_person_id":"s00088","display_name":"Synthetic 88","created_at":"2026-09-20T18:42:28.940Z","updated_at":"2026-09-20T18:42:28.940Z"},{"id":"af4feacd-5b67-44b4-8846-281f1595635d","state":"InvitePending","source_platform":"truecoach","source_person_id":"s00089","display_name":"Synthetic 89","created_at":"2026-09-20T18:42:28.942Z","updated_at":"2026-09-20T18:42:28.942Z"},{"id":"d419b294-b35e-48c8-b19a-240ff5ead724","state":"InvitePending","source_platform":"truecoach","source_person_id":"s00090","display_name":"Synthetic 90","created_at":"2026-09-20T18:42:28.944Z","updated_at":"2026-09-20T18:42:28.944Z"},{"id":"f7b6da04-d191-4363-9238-1cdc77830130","state":"InvitePending","source_platform":"truecoach","source_person_id":"s00091","display_name":"Synthetic 91","created_at":"2026-09-20T18:42:28.945Z","updated_at":"2026-09-20T18:42:28.945Z"},{"id":"2ffce4ed-bff8-4111-b532-29453b77fda9","state":"InvitePending","source_platform":"truecoach","source_person_id":"s00092","display_name":"Synthetic 92","created_at":"2026-09-20T18:42:28.947Z","updated_at":"2026-09-20T18:42:28.947Z"},{"id":"78019ac8-a2fe-48b6-a1d5-8b210426d50b","state":"InvitePending","source_platform":"truecoach","source_person_id":"s00093","display_name":"Synthetic 93","created_at":"2026-09-20T18:42:28.948Z","updated_at":"2026-09-20T18:42:28.948Z"},{"id":"a38e7a59-65fa-4761-b137-602ecc4f3578","state":"InvitePending","source_platform":"truecoach","source_person_id":"s00094","display_name":"Synthetic 94","created_at":"2026-09-20T18:42:28.949Z","updated_at":"2026-09-20T18:42:28.949Z"},{"id":"d01af21d-3f71-45b8-a1dd-f815915a469f","state":"InvitePending","source_platform":"truecoach","source_person_id":"s00095","display_name":"Synthetic 95","created_at":"2026-09-20T18:42:28.951Z","updated_at":"2026-09-20T18:42:28.951Z"},{"id":"d2cc0796-e52d-4cd0-9cbe-545e0d50ae0b","state":"InvitePending","source_platform":"truecoach","source_person_id":"s00096","display_name":"Synthetic 96","created_at":"2026-09-20T18:42:28.952Z","updated_at":"2026-09-20T18:42:28.952Z"},{"id":"de2ab3e4-df11-4a61-9b94-7ce9eaeb3f5a","state":"InvitePending","source_platform":"truecoach","source_person_id":"s00097","display_name":"Synthetic 97","created_at":"2026-09-20T18:42:28.954Z","updated_at":"2026-09-20T18:42:28.954Z"},{"id":"6e4e9755-b55a-4a4e-9d9b-9adf94453450","state":"InvitePending","source_platform":"truecoach","source_person_id":"s00098","display_name":"Synthetic 98","created_at":"2026-09-20T18:42:28.955Z","updated_at":"2026-09-20T18:42:28.955Z"},{"id":"a6feb2d9-30e5-419f-b672-ac9e241f40a3","state":"InvitePending","source_platform":"truecoach","source_person_id":"s00099","display_name":"Synthetic 99","created_at":"2026-09-20T18:42:28.956Z","updated_at":"2026-09-20T18:42:28.956Z"},{"id":"053b37e3-1ae4-4c4e-a0ca-e2e7fae298d4","state":"InvitePending","source_platform":"truecoach","source_person_id":"s00101","display_name":"Synthetic 101","created_at":"2026-09-20T18:42:28.960Z","updated_at":"2026-09-20T18:42:28.960Z"},{"id":"741c3091-88ba-4044-a857-5f341fb2501f","state":"InvitePending","source_platform":"truecoach","source_person_id":"s00102","display_name":"Synthetic 102","created_at":"2026-09-20T18:42:28.962Z","updated_at":"2026-09-20T18:42:28.962Z"},{"id":"8e1560e4-4e47-4315-b2ef-2bacc7081091","state":"InvitePending","source_platform":"truecoach","source_person_id":"s00103","display_name":"Synthetic 103","created_at":"2026-09-20T18:42:28.963Z","updated_at":"2026-09-20T18:42:28.963Z"},{"id":"ec5baacd-afad-43ef-97c3-933ce7170434","state":"InvitePending","source_platform":"truecoach","source_person_id":"s00104","display_name":"Synthetic 104","created_at":"2026-09-20T18:42:28.965Z","updated_at":"2026-09-20T18:42:28.965Z"},{"id":"2ab700f6-7a23-4001-b5ef-c2fb5ea776dd","state":"InvitePending","source_platform":"truecoach","source_person_id":"s00105","display_name":"Synthetic 105","created_at":"2026-09-20T18:42:28.966Z","updated_at":"2026-09-20T18:42:28.966Z"},{"id":"81e4db52-0fd2-4b53-9cc5-6090c5593b0b","state":"InvitePending","source_platform":"truecoach","source_person_id":"s00106","display_name":"Synthetic 106","created_at":"2026-09-20T18:42:28.967Z","updated_at":"2026-09-20T18:42:28.967Z"},{"id":"e2637b1b-3a29-48d6-8773-d7e66971d5c9","state":"InvitePending","source_platform":"truecoach","source_person_id":"s00107","display_name":"Synthetic 107","created_at":"2026-09-20T18:42:28.969Z","updated_at":"2026-09-20T18:42:28.969Z"},{"id":"10e3bcb9-a3d5-45e6-85a5-ecf377fa9697","state":"InvitePending","source_platform":"truecoach","source_person_id":"s00108","display_name":"Synthetic 108","created_at":"2026-09-20T18:42:28.970Z","updated_at":"2026-09-20T18:42:28.970Z"},{"id":"4ca4fbc5-e7cd-42f6-898b-5a559b1a4625","state":"InvitePending","source_platform":"truecoach","source_person_id":"s00109","display_name":"Synthetic 109","created_at":"2026-09-20T18:42:28.972Z","updated_at":"2026-09-20T18:42:28.972Z"},{"id":"65a896c5-eec4-4779-9e15-450b5cabe0b6","state":"InvitePending","source_platform":"truecoach","source_person_id":"s00110","display_name":"Synthetic 110","created_at":"2026-09-20T18:42:28.974Z","updated_at":"2026-09-20T18:42:28.974Z"},{"id":"c0a3135c-ee8a-42c9-a28b-a902e791d383","state":"InvitePending","source_platform":"truecoach","source_person_id":"s00111","display_name":"Synthetic 111","created_at":"2026-09-20T18:42:28.975Z","updated_at":"2026-09-20T18:42:28.975Z"},{"id":"d4c15aaf-1e97-4f87-a1d6-96bea0b78b38","state":"InvitePending","source_platform":"truecoach","source_person_id":"s00112","display_name":"Synthetic 112","created_at":"2026-09-20T18:42:28.980Z","updated_at":"2026-09-20T18:42:28.980Z"},{"id":"8381d02e-f342-4424-8dd3-062003c07b6c","state":"InvitePending","source_platform":"truecoach","source_person_id":"s00113","display_name":"Synthetic 113","created_at":"2026-09-20T18:42:28.981Z","updated_at":"2026-09-20T18:42:28.981Z"},{"id":"6d65b352-d341-4cf7-92f3-5f211cd5be17","state":"InvitePending","source_platform":"truecoach","source_person_id":"s00114","display_name":"Synthetic 114","created_at":"2026-09-20T18:42:28.983Z","updated_at":"2026-09-20T18:42:28.983Z"},{"id":"bfe0bbab-0fa2-43e3-9f0f-c2aad2ac8113","state":"InvitePending","source_platform":"truecoach","source_person_id":"s00115","display_name":"Synthetic 115","created_at":"2026-09-20T18:42:28.984Z","updated_at":"2026-09-20T18:42:28.984Z"},{"id":"61b9860d-f21e-4f67-b14f-f3711ed4f015","state":"InvitePending","source_platform":"truecoach","source_person_id":"s00116","display_name":"Synthetic 116","created_at":"2026-09-20T18:42:28.986Z","updated_at":"2026-09-20T18:42:28.986Z"},{"id":"801abbcb-9558-466d-9fd3-badab43fa5a4","state":"InvitePending","source_platform":"truecoach","source_person_id":"s00117","display_name":"Synthetic 117","created_at":"2026-09-20T18:42:28.987Z","updated_at":"2026-09-20T18:42:28.987Z"},{"id":"b6ba3835-1885-4621-9de9-7008230a69d6","state":"InvitePending","source_platform":"truecoach","source_person_id":"s00118","display_name":"Synthetic 118","created_at":"2026-09-20T18:42:28.989Z","updated_at":"2026-09-20T18:42:28.989Z"},{"id":"c7de7aa6-427b-4142-97e5-99a0116b6c34","state":"InvitePending","source_platform":"truecoach","source_person_id":"s00119","display_name":"Synthetic 119","created_at":"2026-09-20T18:42:28.990Z","updated_at":"2026-09-20T18:42:28.990Z"},{"id":"19f340a9-62ea-4c97-a38c-2a60c09bed58","state":"InvitePending","source_platform":"truecoach","source_person_id":"s00120","display_name":"Synthetic 120","created_at":"2026-09-20T18:42:28.993Z","updated_at":"2026-09-20T18:42:28.993Z"},{"id":"e772823e-aebf-4191-ab37-d7431cde58b0","state":"InvitePending","source_platform":"truecoach","source_person_id":"s00121","display_name":"Synthetic 121","created_at":"2026-09-20T18:42:28.994Z","updated_at":"2026-09-20T18:42:28.994Z"},{"id":"7cb8a9dd-efc2-4729-99d8-458e621c2da5","state":"InvitePending","source_platform":"truecoach","source_person_id":"s00122","display_name":"Synthetic 122","created_at":"2026-09-20T18:42:28.996Z","updated_at":"2026-09-20T18:42:28.996Z"},{"id":"99d98856-f55b-4e56-9192-4606d1e8e331","state":"InvitePending","source_platform":"truecoach","source_person_id":"s00123","display_name":"Synthetic 123","created_at":"2026-09-20T18:42:28.997Z","updated_at":"2026-09-20T18:42:28.997Z"},{"id":"46e0d2d6-0294-4a07-ab29-6802ee4006b9","state":"InvitePending","source_platform":"truecoach","source_person_id":"s00124","display_name":"Synthetic 124","created_at":"2026-09-20T18:42:28.999Z","updated_at":"2026-09-20T18:42:28.999Z"},{"id":"36757446-57db-40a1-99a3-9df9ed0d64a2","state":"InvitePending","source_platform":"truecoach","source_person_id":"s00125","display_name":"Synthetic 125","created_at":"2026-09-20T18:42:29.000Z","updated_at":"2026-09-20T18:42:29.000Z"},{"id":"18125897-664a-4024-8b3f-5ba7ada428e0","state":"InvitePending","source_platform":"truecoach","source_person_id":"s00126","display_name":"Synthetic 126","created_at":"2026-09-20T18:42:29.001Z","updated_at":"2026-09-20T18:42:29.001Z"},{"id":"037bd589-656e-43d2-afce-8701389baac8","state":"InvitePending","source_platform":"truecoach","source_person_id":"s00127","display_name":"Synthetic 127","created_at":"2026-09-20T18:42:29.003Z","updated_at":"2026-09-20T18:42:29.003Z"},{"id":"a9672bcf-3e53-494d-9479-74ba7cc1d09a","state":"InvitePending","source_platform":"truecoach","source_person_id":"s00128","display_name":"Synthetic 128","created_at":"2026-09-20T18:42:29.004Z","updated_at":"2026-09-20T18:42:29.004Z"},{"id":"4c435ee0-468b-4ddd-8c8e-08587a8c08f7","state":"InvitePending","source_platform":"truecoach","source_person_id":"s00129","display_name":"Synthetic 129","created_at":"2026-09-20T18:42:29.005Z","updated_at":"2026-09-20T18:42:29.005Z"},{"id":"dba0b1dd-810d-4146-bb75-63b8d3d55bba","state":"InvitePending","source_platform":"truecoach","source_person_id":"s00130","display_name":"Synthetic 130","created_at":"2026-09-20T18:42:29.007Z","updated_at":"2026-09-20T18:42:29.007Z"},{"id":"6f4dde4f-d5d6-4cc6-9842-47664f02dc1c","state":"InvitePending","source_platform":"truecoach","source_person_id":"s00131","display_name":"Synthetic 131","created_at":"2026-09-20T18:42:29.008Z","updated_at":"2026-09-20T18:42:29.008Z"},{"id":"777c5c28-9095-4378-af34-17d0e127390e","state":"InvitePending","source_platform":"truecoach","source_person_id":"s00132","display_name":"Synthetic 132","created_at":"2026-09-20T18:42:29.010Z","updated_at":"2026-09-20T18:42:29.010Z"},{"id":"bd68dd91-2eae-46b0-b60f-3e933740a542","state":"InvitePending","source_platform":"truecoach","source_person_id":"s00133","display_name":"Synthetic 133","created_at":"2026-09-20T18:42:29.011Z","updated_at":"2026-09-20T18:42:29.011Z"},{"id":"4cfe2b8b-22db-4e98-a25a-0b3e37d158a6","state":"InvitePending","source_platform":"truecoach","source_person_id":"s00134","display_name":"Synthetic 134","created_at":"2026-09-20T18:42:29.012Z","updated_at":"2026-09-20T18:42:29.012Z"},{"id":"72d5d684-0bae-4cb2-ae89-7fbe7fabfdba","state":"InvitePending","source_platform":"truecoach","source_person_id":"s00135","display_name":"Synthetic 135","created_at":"2026-09-20T18:42:29.014Z","updated_at":"2026-09-20T18:42:29.014Z"},{"id":"9eddfbc0-a897-4b51-8b0a-9b57407a5c28","state":"InvitePending","source_platform":"truecoach","source_person_id":"s00136","display_name":"Synthetic 136","created_at":"2026-09-20T18:42:29.015Z","updated_at":"2026-09-20T18:42:29.015Z"},{"id":"067c81a3-96bf-4a2f-a00c-22923c3023bb","state":"InvitePending","source_platform":"truecoach","source_person_id":"s00137","display_name":"Synthetic 137","created_at":"2026-09-20T18:42:29.017Z","updated_at":"2026-09-20T18:42:29.017Z"},{"id":"ff267397-6b35-494c-a3c1-870beca8c8fe","state":"InvitePending","source_platform":"truecoach","source_person_id":"s00138","display_name":"Synthetic 138","created_at":"2026-09-20T18:42:29.018Z","updated_at":"2026-09-20T18:42:29.018Z"},{"id":"914518a4-34e1-48e6-8508-de84fe145261","state":"InvitePending","source_platform":"truecoach","source_person_id":"s00139","display_name":"Synthetic 139","created_at":"2026-09-20T18:42:29.019Z","updated_at":"2026-09-20T18:42:29.019Z"},{"id":"d682d685-e401-4a91-97da-9b75eeeefbc7","state":"InvitePending","source_platform":"truecoach","source_person_id":"s00140","display_name":"Synthetic 140","created_at":"2026-09-20T18:42:29.021Z","updated_at":"2026-09-20T18:42:29.021Z"},{"id":"9c93f7a2-9e41-4088-912f-8ad3c2b15621","state":"InvitePending","source_platform":"truecoach","source_person_id":"s00141","display_name":"Synthetic 141","created_at":"2026-09-20T18:42:29.022Z","updated_at":"2026-09-20T18:42:29.022Z"},{"id":"1b9de1e6-a3af-42c1-bcf9-c68de52dbdad","state":"InvitePending","source_platform":"truecoach","source_person_id":"s00142","display_name":"Synthetic 142","created_at":"2026-09-20T18:42:29.028Z","updated_at":"2026-09-20T18:42:29.028Z"},{"id":"187bfe22-5836-4473-aed6-a050149b0a80","state":"InvitePending","source_platform":"truecoach","source_person_id":"s00143","display_name":"Synthetic 143","created_at":"2026-09-20T18:42:29.030Z","updated_at":"2026-09-20T18:42:29.030Z"},{"id":"16a09777-9ff9-45bc-8105-cc7bd5e618f0","state":"InvitePending","source_platform":"truecoach","source_person_id":"s00144","display_name":"Synthetic 144","created_at":"2026-09-20T18:42:29.031Z","updated_at":"2026-09-20T18:42:29.031Z"},{"id":"d71f04d9-15aa-4501-b1fe-848adfb63b9b","state":"InvitePending","source_platform":"truecoach","source_person_id":"s00145","display_name":"Synthetic 145","created_at":"2026-09-20T18:42:29.033Z","updated_at":"2026-09-20T18:42:29.033Z"},{"id":"c5638de6-f5ca-4919-ba56-a4e84ec05868","state":"InvitePending","source_platform":"truecoach","source_person_id":"s00146","display_name":"Synthetic 146","created_at":"2026-09-20T18:42:29.034Z","updated_at":"2026-09-20T18:42:29.034Z"},{"id":"2e054747-cb81-44cc-9ccf-d23b89ef9ee9","state":"InvitePending","source_platform":"truecoach","source_person_id":"s00147","display_name":"Synthetic 147","created_at":"2026-09-20T18:42:29.036Z","updated_at":"2026-09-20T18:42:29.036Z"},{"id":"5da6ebe8-6d44-4d4f-817f-57d7511b16d1","state":"InvitePending","source_platform":"truecoach","source_person_id":"s00148","display_name":"Synthetic 148","created_at":"2026-09-20T18:42:29.037Z","updated_at":"2026-09-20T18:42:29.037Z"},{"id":"94f00e47-d542-44c1-9c97-3b9c0e057013","state":"InvitePending","source_platform":"truecoach","source_person_id":"s00149","display_name":"Synthetic 149","created_at":"2026-09-20T18:42:29.039Z","updated_at":"2026-09-20T18:42:29.039Z"},{"id":"bbb89da3-ce5a-487f-adf3-a9732e67df80","state":"InvitePending","source_platform":"truecoach","source_person_id":"s00151","display_name":"Synthetic 151","created_at":"2026-09-20T18:42:29.043Z","updated_at":"2026-09-20T18:42:29.043Z"},{"id":"8bc97dbc-71fe-4820-a8d1-e542e8af338a","state":"InvitePending","source_platform":"truecoach","source_person_id":"s00152","display_name":"Synthetic 152","created_at":"2026-09-20T18:42:29.045Z","updated_at":"2026-09-20T18:42:29.045Z"},{"id":"23584c36-7599-4a2f-877c-616ea634b7a1","state":"InvitePending","source_platform":"truecoach","source_person_id":"s00153","display_name":"Synthetic 153","created_at":"2026-09-20T18:42:29.046Z","updated_at":"2026-09-20T18:42:29.046Z"},{"id":"68ffce45-b23a-4639-a992-91aa5da00ce6","state":"InvitePending","source_platform":"truecoach","source_person_id":"s00154","display_name":"Synthetic 154","created_at":"2026-09-20T18:42:29.048Z","updated_at":"2026-09-20T18:42:29.048Z"},{"id":"32afbad1-a931-4610-a691-1169c200df3a","state":"InvitePending","source_platform":"truecoach","source_person_id":"s00155","display_name":"Synthetic 155","created_at":"2026-09-20T18:42:29.049Z","updated_at":"2026-09-20T18:42:29.049Z"},{"id":"2385b391-718f-4539-831d-b27452a03fbe","state":"InvitePending","source_platform":"truecoach","source_person_id":"s00156","display_name":"Synthetic 156","created_at":"2026-09-20T18:42:29.051Z","updated_at":"2026-09-20T18:42:29.051Z"},{"id":"4f83b21f-c6e1-4976-af73-1c76fea6614b","state":"InvitePending","source_platform":"truecoach","source_person_id":"s00157","display_name":"Synthetic 157","created_at":"2026-09-20T18:42:29.052Z","updated_at":"2026-09-20T18:42:29.052Z"},{"id":"b4da8433-8946-4300-9423-9ffd6ffbe57d","state":"InvitePending","source_platform":"truecoach","source_person_id":"s00158","display_name":"Synthetic 158","created_at":"2026-09-20T18:42:29.053Z","updated_at":"2026-09-20T18:42:29.053Z"},{"id":"b574a7f1-4bf6-4a1a-aefa-3456e9ba07dd","state":"InvitePending","source_platform":"truecoach","source_person_id":"s00159","display_name":"Synthetic 159","created_at":"2026-09-20T18:42:29.055Z","updated_at":"2026-09-20T18:42:29.055Z"},{"id":"a18a2aa0-0aa5-40ac-989d-8883fd6103e0","state":"InvitePending","source_platform":"truecoach","source_person_id":"s00160","display_name":"Synthetic 160","created_at":"2026-09-20T18:42:29.056Z","updated_at":"2026-09-20T18:42:29.056Z"},{"id":"9935d7a8-8dac-4c8f-8abb-bb012e405ef7","state":"InvitePending","source_platform":"truecoach","source_person_id":"s00161","display_name":"Synthetic 161","created_at":"2026-09-20T18:42:29.058Z","updated_at":"2026-09-20T18:42:29.058Z"},{"id":"ac287425-4d0b-4973-9c43-705de2515197","state":"InvitePending","source_platform":"truecoach","source_person_id":"s00162","display_name":"Synthetic 162","created_at":"2026-09-20T18:42:29.059Z","updated_at":"2026-09-20T18:42:29.059Z"},{"id":"29fdcbf0-d02e-4611-81e3-eeca2fc00dbb","state":"InvitePending","source_platform":"truecoach","source_person_id":"s00163","display_name":"Synthetic 163","created_at":"2026-09-20T18:42:29.067Z","updated_at":"2026-09-20T18:42:29.067Z"},{"id":"9b068b55-7147-4621-b2ca-91dc070d0676","state":"InvitePending","source_platform":"truecoach","source_person_id":"s00164","display_name":"Synthetic 164","created_at":"2026-09-20T18:42:29.069Z","updated_at":"2026-09-20T18:42:29.069Z"},{"id":"2a3e7b20-fce5-4ccb-869f-5e9e42ebcb97","state":"InvitePending","source_platform":"truecoach","source_person_id":"s00165","display_name":"Synthetic 165","created_at":"2026-09-20T18:42:29.070Z","updated_at":"2026-09-20T18:42:29.070Z"},{"id":"fa14fe26-5da8-453f-b949-8632a694d864","state":"InvitePending","source_platform":"truecoach","source_person_id":"s00166","display_name":"Synthetic 166","created_at":"2026-09-20T18:42:29.072Z","updated_at":"2026-09-20T18:42:29.072Z"},{"id":"4663d48f-8a65-474c-a4a0-0b6f587c682b","state":"InvitePending","source_platform":"truecoach","source_person_id":"s00167","display_name":"Synthetic 167","created_at":"2026-09-20T18:42:29.073Z","updated_at":"2026-09-20T18:42:29.073Z"},{"id":"9f9ae6bd-4e77-49c3-9acd-47a40d5435f1","state":"InvitePending","source_platform":"truecoach","source_person_id":"s00168","display_name":"Synthetic 168","created_at":"2026-09-20T18:42:29.075Z","updated_at":"2026-09-20T18:42:29.075Z"},{"id":"02c083bf-1846-42f8-9f5d-9b0536b249ab","state":"InvitePending","source_platform":"truecoach","source_person_id":"s00169","display_name":"Synthetic 169","created_at":"2026-09-20T18:42:29.076Z","updated_at":"2026-09-20T18:42:29.076Z"},{"id":"4fb6c71c-f1a1-4310-97bc-4d81a5909c3c","state":"InvitePending","source_platform":"truecoach","source_person_id":"s00170","display_name":"Synthetic 170","created_at":"2026-09-20T18:42:29.078Z","updated_at":"2026-09-20T18:42:29.078Z"},{"id":"beca0ac7-4886-46bb-9ae6-a0ce41ec08d9","state":"InvitePending","source_platform":"truecoach","source_person_id":"s00171","display_name":"Synthetic 171","created_at":"2026-09-20T18:42:29.079Z","updated_at":"2026-09-20T18:42:29.079Z"},{"id":"5536ad62-ef4e-413a-a551-acf60aa597bf","state":"InvitePending","source_platform":"truecoach","source_person_id":"s00172","display_name":"Synthetic 172","created_at":"2026-09-20T18:42:29.081Z","updated_at":"2026-09-20T18:42:29.081Z"},{"id":"c5b1e5ee-e8fd-43dd-9616-0c75bc34f620","state":"InvitePending","source_platform":"truecoach","source_person_id":"s00173","display_name":"Synthetic 173","created_at":"2026-09-20T18:42:29.082Z","updated_at":"2026-09-20T18:42:29.082Z"},{"id":"7e5e01ac-6d3d-4621-92c1-f3872ac4e5f0","state":"InvitePending","source_platform":"truecoach","source_person_id":"s00174","display_name":"Synthetic 174","created_at":"2026-09-20T18:42:29.083Z","updated_at":"2026-09-20T18:42:29.083Z"},{"id":"5c35b780-53ab-4724-8f73-adb3f651d08a","state":"InvitePending","source_platform":"truecoach","source_person_id":"s00175","display_name":"Synthetic 175","created_at":"2026-09-20T18:42:29.085Z","updated_at":"2026-09-20T18:42:29.085Z"},{"id":"e1f3220d-8a87-476a-870f-23edbc3580ce","state":"InvitePending","source_platform":"truecoach","source_person_id":"s00176","display_name":"Synthetic 176","created_at":"2026-09-20T18:42:29.086Z","updated_at":"2026-09-20T18:42:29.086Z"},{"id":"a9c47605-a0f1-4d26-9e97-12314faa6c1c","state":"InvitePending","source_platform":"truecoach","source_person_id":"s00177","display_name":"Synthetic 177","created_at":"2026-09-20T18:42:29.088Z","updated_at":"2026-09-20T18:42:29.088Z"},{"id":"ab19452d-6888-4846-9de3-9dc70fbd86fd","state":"InvitePending","source_platform":"truecoach","source_person_id":"s00178","display_name":"Synthetic 178","created_at":"2026-09-20T18:42:29.089Z","updated_at":"2026-09-20T18:42:29.089Z"},{"id":"4c92bc59-2607-46e1-b583-a5614cc550b3","state":"InvitePending","source_platform":"truecoach","source_person_id":"s00179","display_name":"Synthetic 179","created_at":"2026-09-20T18:42:29.091Z","updated_at":"2026-09-20T18:42:29.091Z"},{"id":"5eca3a46-4cdf-4453-98db-564d8cf83f97","state":"InvitePending","source_platform":"truecoach","source_person_id":"s00180","display_name":"Synthetic 180","created_at":"2026-09-20T18:42:29.092Z","updated_at":"2026-09-20T18:42:29.092Z"},{"id":"071493aa-0218-41bd-8d0e-35d57371721d","state":"InvitePending","source_platform":"truecoach","source_person_id":"s00181","display_name":"Synthetic 181","created_at":"2026-09-20T18:42:29.094Z","updated_at":"2026-09-20T18:42:29.094Z"},{"id":"210a7a55-1f90-4f0e-948d-587df52d461a","state":"InvitePending","source_platform":"truecoach","source_person_id":"s00182","display_name":"Synthetic 182","created_at":"2026-09-20T18:42:29.095Z","updated_at":"2026-09-20T18:42:29.095Z"},{"id":"c0cf952b-3e1f-4624-8b0a-c0fbbe212335","state":"InvitePending","source_platform":"truecoach","source_person_id":"s00183","display_name":"Synthetic 183","created_at":"2026-09-20T18:42:29.097Z","updated_at":"2026-09-20T18:42:29.097Z"},{"id":"4a83f9e8-dcd1-4eab-92c7-c7401b7ab6fb","state":"InvitePending","source_platform":"truecoach","source_person_id":"s00184","display_name":"Synthetic 184","created_at":"2026-09-20T18:42:29.098Z","updated_at":"2026-09-20T18:42:29.098Z"},{"id":"e71e7f00-3395-483f-9a00-0bbb2183ad2b","state":"InvitePending","source_platform":"truecoach","source_person_id":"s00185","display_name":"Synthetic 185","created_at":"2026-09-20T18:42:29.100Z","updated_at":"2026-09-20T18:42:29.100Z"},{"id":"a4f62872-0122-42f0-b658-114030c16afd","state":"InvitePending","source_platform":"truecoach","source_person_id":"s00186","display_name":"Synthetic 186","created_at":"2026-09-20T18:42:29.101Z","updated_at":"2026-09-20T18:42:29.101Z"},{"id":"a42a1489-cebf-453b-bcad-591f09842bc4","state":"InvitePending","source_platform":"truecoach","source_person_id":"s00187","display_name":"Synthetic 187","created_at":"2026-09-20T18:42:29.103Z","updated_at":"2026-09-20T18:42:29.103Z"},{"id":"6dc851a1-d112-43b0-b2b5-efc3b695cbd4","state":"InvitePending","source_platform":"truecoach","source_person_id":"s00188","display_name":"Synthetic 188","created_at":"2026-09-20T18:42:29.104Z","updated_at":"2026-09-20T18:42:29.104Z"},{"id":"04aa8691-68f4-49b4-bf06-618d3f8ff0b8","state":"InvitePending","source_platform":"truecoach","source_person_id":"s00189","display_name":"Synthetic 189","created_at":"2026-09-20T18:42:29.106Z","updated_at":"2026-09-20T18:42:29.106Z"},{"id":"405b9148-960f-4140-b8c3-1938bdda8e64","state":"InvitePending","source_platform":"truecoach","source_person_id":"s00190","display_name":"Synthetic 190","created_at":"2026-09-20T18:42:29.107Z","updated_at":"2026-09-20T18:42:29.107Z"},{"id":"ad3f40ee-0339-43d4-ba8a-01c3c4d108e6","state":"InvitePending","source_platform":"truecoach","source_person_id":"s00191","display_name":"Synthetic 191","created_at":"2026-09-20T18:42:29.109Z","updated_at":"2026-09-20T18:42:29.109Z"},{"id":"07f5920c-734d-4c9e-abaa-486984bb88c9","state":"InvitePending","source_platform":"truecoach","source_person_id":"s00192","display_name":"Synthetic 192","created_at":"2026-09-20T18:42:29.111Z","updated_at":"2026-09-20T18:42:29.111Z"},{"id":"24db24eb-a83b-46e6-b454-83ab4f374431","state":"InvitePending","source_platform":"truecoach","source_person_id":"s00193","display_name":"Synthetic 193","created_at":"2026-09-20T18:42:29.112Z","updated_at":"2026-09-20T18:42:29.112Z"},{"id":"7c6b863d-bd47-4ada-bbbd-0abc8f233d25","state":"InvitePending","source_platform":"truecoach","source_person_id":"s00194","display_name":"Synthetic 194","created_at":"2026-09-20T18:42:29.114Z","updated_at":"2026-09-20T18:42:29.114Z"},{"id":"9ddefe77-f498-4d23-a833-4d7f6790ff1e","state":"InvitePending","source_platform":"truecoach","source_person_id":"s00195","display_name":"Synthetic 195","created_at":"2026-09-20T18:42:29.115Z","updated_at":"2026-09-20T18:42:29.115Z"}],"page":{"limit":200,"next_cursor":"czAwMTk1","has_more":true}},"queries":8,"pid":19494}

      158 |       if (code !== 0 || !result) { reject(new Error(`worker exited ${code}: ${output}`)); return; }
      159 |       // Query shapes, outcomes, fixture identifiers and process IDs only; never parameters.
    > 160 |       console.warn('PG17_PROCESS', JSON.stringify({ name, old, options: { ...options, cursor: options.cursor ? '<cursor>' : undefined },
          |               ^
      161 |         result: result.result, failure: result.failure, queries: result.queries.length, pid: result.pid }));
      162 |       resolveDone(result);
      163 |     };

      at settleWorker (test/utils/g2-pg17-harness.ts:160:15)
      at ChildProcess.<anonymous> (test/utils/g2-pg17-harness.ts:165:51)

  console.warn
    PG17_PROCESS {"name":"g2p17_13","old":true,"options":{"action":"roster","cursor":"<cursor>","limit":200},"result":{"intent_id":"intent","accounting":{"staged":600,"reconstructed":596,"skipped":8,"failed":21},"persons":[{"id":"01667035-720d-492e-8241-9fcdaba3dda3","state":"InvitePending","source_platform":"truecoach","source_person_id":"s00196","display_name":"Synthetic 196","created_at":"2026-09-20T18:42:29.117Z","updated_at":"2026-09-20T18:42:29.117Z"},{"id":"d7b52dc0-f455-484e-bbc5-90391997fba5","state":"InvitePending","source_platform":"truecoach","source_person_id":"s00197","display_name":"Synthetic 197","created_at":"2026-09-20T18:42:29.118Z","updated_at":"2026-09-20T18:42:29.118Z"},{"id":"2d764044-a43a-4e53-8390-d2a1b4aabd1b","state":"InvitePending","source_platform":"truecoach","source_person_id":"s00198","display_name":"Synthetic 198","created_at":"2026-09-20T18:42:29.120Z","updated_at":"2026-09-20T18:42:29.120Z"},{"id":"e4959428-aa4a-4934-a5e3-01ba24b780e1","state":"InvitePending","source_platform":"truecoach","source_person_id":"s00199","display_name":"Synthetic 199","created_at":"2026-09-20T18:42:29.127Z","updated_at":"2026-09-20T18:42:29.127Z"},{"id":"54b55068-6cd9-4c52-acf3-cbf22ee0341b","state":"InvitePending","source_platform":"truecoach","source_person_id":"s00201","display_name":"Synthetic 201","created_at":"2026-09-20T18:42:29.131Z","updated_at":"2026-09-20T18:42:29.131Z"},{"id":"c33e8392-2365-48be-aa8c-44bab0458430","state":"InvitePending","source_platform":"truecoach","source_person_id":"s00202","display_name":"Synthetic 202","created_at":"2026-09-20T18:42:29.132Z","updated_at":"2026-09-20T18:42:29.132Z"},{"id":"3ac0ded3-72a2-4640-b177-f533a80c98ab","state":"InvitePending","source_platform":"truecoach","source_person_id":"s00203","display_name":"Synthetic 203","created_at":"2026-09-20T18:42:29.134Z","updated_at":"2026-09-20T18:42:29.134Z"},{"id":"edd6cd79-bdfc-43ee-902e-c3aec5eeb9db","state":"InvitePending","source_platform":"truecoach","source_person_id":"s00204","display_name":"Synthetic 204","created_at":"2026-09-20T18:42:29.135Z","updated_at":"2026-09-20T18:42:29.135Z"},{"id":"d8fb57b0-a297-4615-893b-9bf70fd2f585","state":"InvitePending","source_platform":"truecoach","source_person_id":"s00205","display_name":"Synthetic 205","created_at":"2026-09-20T18:42:29.137Z","updated_at":"2026-09-20T18:42:29.137Z"},{"id":"16257322-e024-4f01-87ac-9259e8fd74c8","state":"InvitePending","source_platform":"truecoach","source_person_id":"s00206","display_name":"Synthetic 206","created_at":"2026-09-20T18:42:29.139Z","updated_at":"2026-09-20T18:42:29.139Z"},{"id":"ba7d0f00-329f-4bfe-8660-bc745255aced","state":"InvitePending","source_platform":"truecoach","source_person_id":"s00207","display_name":"Synthetic 207","created_at":"2026-09-20T18:42:29.140Z","updated_at":"2026-09-20T18:42:29.140Z"},{"id":"b5dbfaf4-fa7e-4da6-b9a0-db19e72a273e","state":"InvitePending","source_platform":"truecoach","source_person_id":"s00208","display_name":"Synthetic 208","created_at":"2026-09-20T18:42:29.142Z","updated_at":"2026-09-20T18:42:29.142Z"},{"id":"61eafdb6-6c1b-4ec1-a72f-f67fbaf264ef","state":"InvitePending","source_platform":"truecoach","source_person_id":"s00209","display_name":"Synthetic 209","created_at":"2026-09-20T18:42:29.144Z","updated_at":"2026-09-20T18:42:29.144Z"},{"id":"b580b54d-69c6-474a-906b-a988057e6e35","state":"InvitePending","source_platform":"truecoach","source_person_id":"s00210","display_name":"Synthetic 210","created_at":"2026-09-20T18:42:29.146Z","updated_at":"2026-09-20T18:42:29.146Z"},{"id":"305a196e-4cda-46dc-9963-8ec9ec2c4a33","state":"InvitePending","source_platform":"truecoach","source_person_id":"s00211","display_name":"Synthetic 211","created_at":"2026-09-20T18:42:29.148Z","updated_at":"2026-09-20T18:42:29.148Z"},{"id":"7c5e2043-b373-4944-9c36-2e223bb5bffa","state":"InvitePending","source_platform":"truecoach","source_person_id":"s00212","display_name":"Synthetic 212","created_at":"2026-09-20T18:42:29.149Z","updated_at":"2026-09-20T18:42:29.149Z"},{"id":"c24c0ec8-e198-413e-8022-3e82393ce0f0","state":"InvitePending","source_platform":"truecoach","source_person_id":"s00213","display_name":"Synthetic 213","created_at":"2026-09-20T18:42:29.151Z","updated_at":"2026-09-20T18:42:29.151Z"},{"id":"00d42e7c-789f-4d93-a43f-5e1e92c3bb89","state":"InvitePending","source_platform":"truecoach","source_person_id":"s00214","display_name":"Synthetic 214","created_at":"2026-09-20T18:42:29.155Z","updated_at":"2026-09-20T18:42:29.155Z"},{"id":"fdb7b0a5-a1fa-4ee1-a592-83d353b167e1","state":"InvitePending","source_platform":"truecoach","source_person_id":"s00215","display_name":"Synthetic 215","created_at":"2026-09-20T18:42:29.157Z","updated_at":"2026-09-20T18:42:29.157Z"},{"id":"fcfb3644-b081-4705-91b7-db9eef47df64","state":"InvitePending","source_platform":"truecoach","source_person_id":"s00216","display_name":"Synthetic 216","created_at":"2026-09-20T18:42:29.159Z","updated_at":"2026-09-20T18:42:29.159Z"},{"id":"9552524d-c102-4915-91f5-8d450fc87169","state":"InvitePending","source_platform":"truecoach","source_person_id":"s00217","display_name":"Synthetic 217","created_at":"2026-09-20T18:42:29.160Z","updated_at":"2026-09-20T18:42:29.160Z"},{"id":"39e49ad3-03eb-4288-8284-cc8cd475a24c","state":"InvitePending","source_platform":"truecoach","source_person_id":"s00218","display_name":"Synthetic 218","created_at":"2026-09-20T18:42:29.163Z","updated_at":"2026-09-20T18:42:29.163Z"},{"id":"97613f98-39b7-43ea-aac2-207da661cc87","state":"InvitePending","source_platform":"truecoach","source_person_id":"s00219","display_name":"Synthetic 219","created_at":"2026-09-20T18:42:29.165Z","updated_at":"2026-09-20T18:42:29.165Z"},{"id":"50eb633e-feb1-4336-a9e3-3bdd4d7bf897","state":"InvitePending","source_platform":"truecoach","source_person_id":"s00220","display_name":"Synthetic 220","created_at":"2026-09-20T18:42:29.167Z","updated_at":"2026-09-20T18:42:29.167Z"},{"id":"c14f37dd-0029-4135-bbe0-14075eb9dfda","state":"InvitePending","source_platform":"truecoach","source_person_id":"s00221","display_name":"Synthetic 221","created_at":"2026-09-20T18:42:29.169Z","updated_at":"2026-09-20T18:42:29.169Z"},{"id":"c06cdd70-0171-4480-ac44-5ae0013ada5f","state":"InvitePending","source_platform":"truecoach","source_person_id":"s00222","display_name":"Synthetic 222","created_at":"2026-09-20T18:42:29.171Z","updated_at":"2026-09-20T18:42:29.171Z"},{"id":"1412101e-1826-4b93-98f5-26040e414145","state":"InvitePending","source_platform":"truecoach","source_person_id":"s00223","display_name":"Synthetic 223","created_at":"2026-09-20T18:42:29.172Z","updated_at":"2026-09-20T18:42:29.172Z"},{"id":"6b1bb394-579f-46e6-a45b-66d8bd5f3580","state":"InvitePending","source_platform":"truecoach","source_person_id":"s00224","display_name":"Synthetic 224","created_at":"2026-09-20T18:42:29.174Z","updated_at":"2026-09-20T18:42:29.174Z"},{"id":"afe79aae-e1b3-47df-9631-ff41a8cbd945","state":"InvitePending","source_platform":"truecoach","source_person_id":"s00225","display_name":"Synthetic 225","created_at":"2026-09-20T18:42:29.177Z","updated_at":"2026-09-20T18:42:29.177Z"},{"id":"81e6ad3f-3bc1-4833-9c13-ed7634e35c04","state":"InvitePending","source_platform":"truecoach","source_person_id":"s00226","display_name":"Synthetic 226","created_at":"2026-09-20T18:42:29.179Z","updated_at":"2026-09-20T18:42:29.179Z"},{"id":"e1a1bef2-c420-4ef5-ae3a-061ab5470766","state":"InvitePending","source_platform":"truecoach","source_person_id":"s00227","display_name":"Synthetic 227","created_at":"2026-09-20T18:42:29.181Z","updated_at":"2026-09-20T18:42:29.181Z"},{"id":"dcf168dd-9c4d-4183-abc6-9b4aa09c30b2","state":"InvitePending","source_platform":"truecoach","source_person_id":"s00228","display_name":"Synthetic 228","created_at":"2026-09-20T18:42:29.183Z","updated_at":"2026-09-20T18:42:29.183Z"},{"id":"5fb256ea-7237-4352-8eba-73486dc544d0","state":"InvitePending","source_platform":"truecoach","source_person_id":"s00229","display_name":"Synthetic 229","created_at":"2026-09-20T18:42:29.185Z","updated_at":"2026-09-20T18:42:29.185Z"},{"id":"1d6cf1fd-e38c-43cb-92fc-279c6a659b80","state":"InvitePending","source_platform":"truecoach","source_person_id":"s00230","display_name":"Synthetic 230","created_at":"2026-09-20T18:42:29.187Z","updated_at":"2026-09-20T18:42:29.187Z"},{"id":"0325c7f6-b72b-43e5-b0e3-e292a57aa1b7","state":"InvitePending","source_platform":"truecoach","source_person_id":"s00231","display_name":"Synthetic 231","created_at":"2026-09-20T18:42:29.188Z","updated_at":"2026-09-20T18:42:29.188Z"},{"id":"cb62b95a-e0ca-4684-b2c2-e9336b39deed","state":"InvitePending","source_platform":"truecoach","source_person_id":"s00232","display_name":"Synthetic 232","created_at":"2026-09-20T18:42:29.190Z","updated_at":"2026-09-20T18:42:29.190Z"},{"id":"8cb771ae-4d6f-4e6b-801e-de5444dce043","state":"InvitePending","source_platform":"truecoach","source_person_id":"s00233","display_name":"Synthetic 233","created_at":"2026-09-20T18:42:29.192Z","updated_at":"2026-09-20T18:42:29.192Z"},{"id":"a0ae42d6-17cb-4e51-9e2b-a3f7823c35c0","state":"InvitePending","source_platform":"truecoach","source_person_id":"s00234","display_name":"Synthetic 234","created_at":"2026-09-20T18:42:29.194Z","updated_at":"2026-09-20T18:42:29.194Z"},{"id":"d25b0c36-29f7-4e1c-ba18-727756e6c293","state":"InvitePending","source_platform":"truecoach","source_person_id":"s00235","display_name":"Synthetic 235","created_at":"2026-09-20T18:42:29.196Z","updated_at":"2026-09-20T18:42:29.196Z"},{"id":"22342553-1925-4ded-86ac-711963848531","state":"InvitePending","source_platform":"truecoach","source_person_id":"s00236","display_name":"Synthetic 236","created_at":"2026-09-20T18:42:29.198Z","updated_at":"2026-09-20T18:42:29.198Z"},{"id":"4d1d1197-b5e5-4e3f-abb7-806dfc8709d3","state":"InvitePending","source_platform":"truecoach","source_person_id":"s00237","display_name":"Synthetic 237","created_at":"2026-09-20T18:42:29.200Z","updated_at":"2026-09-20T18:42:29.200Z"},{"id":"4b6cd709-4f82-4a9e-9870-4774a298aabb","state":"InvitePending","source_platform":"truecoach","source_person_id":"s00238","display_name":"Synthetic 238","created_at":"2026-09-20T18:42:29.201Z","updated_at":"2026-09-20T18:42:29.201Z"},{"id":"f4d3c315-ab3e-4a38-b2e2-681b722277ec","state":"InvitePending","source_platform":"truecoach","source_person_id":"s00239","display_name":"Synthetic 239","created_at":"2026-09-20T18:42:29.203Z","updated_at":"2026-09-20T18:42:29.203Z"},{"id":"23001bff-7bec-4416-b1f6-c3e39f62db33","state":"InvitePending","source_platform":"truecoach","source_person_id":"s00240","display_name":"Synthetic 240","created_at":"2026-09-20T18:42:29.205Z","updated_at":"2026-09-20T18:42:29.205Z"},{"id":"9cebbb17-2a08-44fe-9c0e-88ab173a898c","state":"InvitePending","source_platform":"truecoach","source_person_id":"s00241","display_name":"Synthetic 241","created_at":"2026-09-20T18:42:29.207Z","updated_at":"2026-09-20T18:42:29.207Z"},{"id":"ef903d6a-21f3-47e1-b6e1-e44710edbc7d","state":"InvitePending","source_platform":"truecoach","source_person_id":"s00242","display_name":"Synthetic 242","created_at":"2026-09-20T18:42:29.208Z","updated_at":"2026-09-20T18:42:29.208Z"},{"id":"0c63d807-17ef-40d9-8def-9f0808a59b9c","state":"InvitePending","source_platform":"truecoach","source_person_id":"s00243","display_name":"Synthetic 243","created_at":"2026-09-20T18:42:29.210Z","updated_at":"2026-09-20T18:42:29.210Z"},{"id":"36e0d553-aaa6-4a35-947c-3a5ecce1eda5","state":"InvitePending","source_platform":"truecoach","source_person_id":"s00244","display_name":"Synthetic 244","created_at":"2026-09-20T18:42:29.211Z","updated_at":"2026-09-20T18:42:29.211Z"},{"id":"e6f0592e-bce5-4cdf-b32f-adf3241b677e","state":"InvitePending","source_platform":"truecoach","source_person_id":"s00245","display_name":"Synthetic 245","created_at":"2026-09-20T18:42:29.213Z","updated_at":"2026-09-20T18:42:29.213Z"},{"id":"75215f35-7136-4151-a8c3-de5ab9277525","state":"InvitePending","source_platform":"truecoach","source_person_id":"s00246","display_name":"Synthetic 246","created_at":"2026-09-20T18:42:29.214Z","updated_at":"2026-09-20T18:42:29.214Z"},{"id":"b30fdebf-c40d-48f6-8ad3-6de2c0d4a278","state":"InvitePending","source_platform":"truecoach","source_person_id":"s00247","display_name":"Synthetic 247","created_at":"2026-09-20T18:42:29.215Z","updated_at":"2026-09-20T18:42:29.215Z"},{"id":"9383cb2c-7dd6-4ef2-95f6-805b1a62bd67","state":"InvitePending","source_platform":"truecoach","source_person_id":"s00248","display_name":"Synthetic 248","created_at":"2026-09-20T18:42:29.217Z","updated_at":"2026-09-20T18:42:29.217Z"},{"id":"739e2ea5-ad57-49df-8032-8d7d92a4bbc0","state":"InvitePending","source_platform":"truecoach","source_person_id":"s00249","display_name":"Synthetic 249","created_at":"2026-09-20T18:42:29.218Z","updated_at":"2026-09-20T18:42:29.218Z"},{"id":"2f3251a0-ad98-4859-8ac2-e9b3948bed13","state":"InvitePending","source_platform":"truecoach","source_person_id":"s00251","display_name":"Synthetic 251","created_at":"2026-09-20T18:42:29.222Z","updated_at":"2026-09-20T18:42:29.222Z"},{"id":"3e694dc7-23fd-4a5c-aaf6-0dc31a631570","state":"InvitePending","source_platform":"truecoach","source_person_id":"s00252","display_name":"Synthetic 252","created_at":"2026-09-20T18:42:29.224Z","updated_at":"2026-09-20T18:42:29.224Z"},{"id":"8b384fd5-3938-4e82-8f97-873653d49732","state":"InvitePending","source_platform":"truecoach","source_person_id":"s00253","display_name":"Synthetic 253","created_at":"2026-09-20T18:42:29.226Z","updated_at":"2026-09-20T18:42:29.226Z"},{"id":"e14a78ea-ae20-48d0-aa43-088444d3b527","state":"InvitePending","source_platform":"truecoach","source_person_id":"s00254","display_name":"Synthetic 254","created_at":"2026-09-20T18:42:29.232Z","updated_at":"2026-09-20T18:42:29.232Z"},{"id":"bd3263f2-5a0f-49a8-bba9-3232f254e9ab","state":"InvitePending","source_platform":"truecoach","source_person_id":"s00255","display_name":"Synthetic 255","created_at":"2026-09-20T18:42:29.233Z","updated_at":"2026-09-20T18:42:29.233Z"},{"id":"c18eec17-7ad2-4d5c-9baf-4c02e66b7842","state":"InvitePending","source_platform":"truecoach","source_person_id":"s00256","display_name":"Synthetic 256","created_at":"2026-09-20T18:42:29.235Z","updated_at":"2026-09-20T18:42:29.235Z"},{"id":"7393a0ce-022d-46ab-bae0-ec6db08566ea","state":"InvitePending","source_platform":"truecoach","source_person_id":"s00257","display_name":"Synthetic 257","created_at":"2026-09-20T18:42:29.236Z","updated_at":"2026-09-20T18:42:29.236Z"},{"id":"34559120-8bf1-462c-a655-bdc57afcf569","state":"InvitePending","source_platform":"truecoach","source_person_id":"s00258","display_name":"Synthetic 258","created_at":"2026-09-20T18:42:29.238Z","updated_at":"2026-09-20T18:42:29.238Z"},{"id":"acd29f68-26c0-4ef2-88c0-ab20072f76de","state":"InvitePending","source_platform":"truecoach","source_person_id":"s00259","display_name":"Synthetic 259","created_at":"2026-09-20T18:42:29.239Z","updated_at":"2026-09-20T18:42:29.239Z"},{"id":"f7310c64-6f89-4ee6-a92a-ac8429d46f83","state":"InvitePending","source_platform":"truecoach","source_person_id":"s00260","display_name":"Synthetic 260","created_at":"2026-09-20T18:42:29.241Z","updated_at":"2026-09-20T18:42:29.241Z"},{"id":"3c293f5b-4f03-45a2-83ce-c0174c26f067","state":"InvitePending","source_platform":"truecoach","source_person_id":"s00261","display_name":"Synthetic 261","created_at":"2026-09-20T18:42:29.242Z","updated_at":"2026-09-20T18:42:29.242Z"},{"id":"26473b4a-87da-4508-ab12-2f7c1f90f9cf","state":"InvitePending","source_platform":"truecoach","source_person_id":"s00262","display_name":"Synthetic 262","created_at":"2026-09-20T18:42:29.244Z","updated_at":"2026-09-20T18:42:29.244Z"},{"id":"442a95c1-e00c-4398-879f-20159adb257e","state":"InvitePending","source_platform":"truecoach","source_person_id":"s00263","display_name":"Synthetic 263","created_at":"2026-09-20T18:42:29.245Z","updated_at":"2026-09-20T18:42:29.245Z"},{"id":"6f99d315-c6b7-4004-9ee8-050606a0acc1","state":"InvitePending","source_platform":"truecoach","source_person_id":"s00264","display_name":"Synthetic 264","created_at":"2026-09-20T18:42:29.247Z","updated_at":"2026-09-20T18:42:29.247Z"},{"id":"a0cc3933-2b22-4873-a935-b9df455e1923","state":"InvitePending","source_platform":"truecoach","source_person_id":"s00265","display_name":"Synthetic 265","created_at":"2026-09-20T18:42:29.248Z","updated_at":"2026-09-20T18:42:29.248Z"},{"id":"608dfce4-b25c-4e62-9729-b2c94ff6d911","state":"InvitePending","source_platform":"truecoach","source_person_id":"s00266","display_name":"Synthetic 266","created_at":"2026-09-20T18:42:29.249Z","updated_at":"2026-09-20T18:42:29.249Z"},{"id":"daa8a0ab-9bdb-4f78-bd63-7e06fae78b7b","state":"InvitePending","source_platform":"truecoach","source_person_id":"s00267","display_name":"Synthetic 267","created_at":"2026-09-20T18:42:29.251Z","updated_at":"2026-09-20T18:42:29.251Z"},{"id":"2ccade47-c798-4f84-abc5-fb945bb5825d","state":"InvitePending","source_platform":"truecoach","source_person_id":"s00268","display_name":"Synthetic 268","created_at":"2026-09-20T18:42:29.252Z","updated_at":"2026-09-20T18:42:29.252Z"},{"id":"d4e0bac9-331d-46ad-bace-7518bab06602","state":"InvitePending","source_platform":"truecoach","source_person_id":"s00269","display_name":"Synthetic 269","created_at":"2026-09-20T18:42:29.254Z","updated_at":"2026-09-20T18:42:29.254Z"},{"id":"a26e9108-f10c-49af-8b9c-8dde9490b6ee","state":"InvitePending","source_platform":"truecoach","source_person_id":"s00270","display_name":"Synthetic 270","created_at":"2026-09-20T18:42:29.255Z","updated_at":"2026-09-20T18:42:29.255Z"},{"id":"b3c1c9d9-fc5b-4eb4-99a0-5d750087acdd","state":"InvitePending","source_platform":"truecoach","source_person_id":"s00271","display_name":"Synthetic 271","created_at":"2026-09-20T18:42:29.257Z","updated_at":"2026-09-20T18:42:29.257Z"},{"id":"5f8455d9-7757-41bd-9f2e-c3e3764403b0","state":"InvitePending","source_platform":"truecoach","source_person_id":"s00272","display_name":"Synthetic 272","created_at":"2026-09-20T18:42:29.258Z","updated_at":"2026-09-20T18:42:29.258Z"},{"id":"f9aeb145-99c7-4ab5-aff5-d309c0752824","state":"InvitePending","source_platform":"truecoach","source_person_id":"s00273","display_name":"Synthetic 273","created_at":"2026-09-20T18:42:29.259Z","updated_at":"2026-09-20T18:42:29.259Z"},{"id":"6e8c4184-e3d9-4317-bffb-48c33fcfd0e0","state":"InvitePending","source_platform":"truecoach","source_person_id":"s00274","display_name":"Synthetic 274","created_at":"2026-09-20T18:42:29.261Z","updated_at":"2026-09-20T18:42:29.261Z"},{"id":"22d54f0a-9b91-43b2-9904-a09a3261d087","state":"InvitePending","source_platform":"truecoach","source_person_id":"s00275","display_name":"Synthetic 275","created_at":"2026-09-20T18:42:29.262Z","updated_at":"2026-09-20T18:42:29.262Z"},{"id":"e7200670-f99f-4f91-ac2c-98ff2c0ee9b9","state":"InvitePending","source_platform":"truecoach","source_person_id":"s00276","display_name":"Synthetic 276","created_at":"2026-09-20T18:42:29.264Z","updated_at":"2026-09-20T18:42:29.264Z"},{"id":"3e75cda2-ffc3-4d87-a459-8872a61f5eaa","state":"InvitePending","source_platform":"truecoach","source_person_id":"s00277","display_name":"Synthetic 277","created_at":"2026-09-20T18:42:29.265Z","updated_at":"2026-09-20T18:42:29.265Z"},{"id":"38893482-1003-471a-89c5-5174bc91a7b0","state":"InvitePending","source_platform":"truecoach","source_person_id":"s00278","display_name":"Synthetic 278","created_at":"2026-09-20T18:42:29.266Z","updated_at":"2026-09-20T18:42:29.266Z"},{"id":"e4cedf3f-b102-46ea-897c-ff0cebdcdcee","state":"InvitePending","source_platform":"truecoach","source_person_id":"s00279","display_name":"Synthetic 279","created_at":"2026-09-20T18:42:29.268Z","updated_at":"2026-09-20T18:42:29.268Z"},{"id":"aaa07975-b3f6-4363-b816-9abd19686fc2","state":"InvitePending","source_platform":"truecoach","source_person_id":"s00280","display_name":"Synthetic 280","created_at":"2026-09-20T18:42:29.269Z","updated_at":"2026-09-20T18:42:29.269Z"},{"id":"50da8406-f9ad-4061-a364-98a090dd04c7","state":"InvitePending","source_platform":"truecoach","source_person_id":"s00281","display_name":"Synthetic 281","created_at":"2026-09-20T18:42:29.271Z","updated_at":"2026-09-20T18:42:29.271Z"},{"id":"f37d35ea-e2f8-4d83-9daa-21652fc118c5","state":"InvitePending","source_platform":"truecoach","source_person_id":"s00282","display_name":"Synthetic 282","created_at":"2026-09-20T18:42:29.272Z","updated_at":"2026-09-20T18:42:29.272Z"},{"id":"4d92237a-8b12-4dad-9611-d5ff6c432881","state":"InvitePending","source_platform":"truecoach","source_person_id":"s00283","display_name":"Synthetic 283","created_at":"2026-09-20T18:42:29.273Z","updated_at":"2026-09-20T18:42:29.273Z"},{"id":"f9e390dc-fdfc-4003-a0b3-a7f1a438fdfc","state":"InvitePending","source_platform":"truecoach","source_person_id":"s00284","display_name":"Synthetic 284","created_at":"2026-09-20T18:42:29.275Z","updated_at":"2026-09-20T18:42:29.275Z"},{"id":"39513f4e-3ebd-4ac8-8159-4165783c9e25","state":"InvitePending","source_platform":"truecoach","source_person_id":"s00285","display_name":"Synthetic 285","created_at":"2026-09-20T18:42:29.276Z","updated_at":"2026-09-20T18:42:29.276Z"},{"id":"9509bb4a-efcb-47fe-b94e-94b14d15ec66","state":"InvitePending","source_platform":"truecoach","source_person_id":"s00286","display_name":"Synthetic 286","created_at":"2026-09-20T18:42:29.278Z","updated_at":"2026-09-20T18:42:29.278Z"},{"id":"cf215d52-5e61-473d-aea8-8970540f2b7b","state":"InvitePending","source_platform":"truecoach","source_person_id":"s00287","display_name":"Synthetic 287","created_at":"2026-09-20T18:42:29.279Z","updated_at":"2026-09-20T18:42:29.279Z"},{"id":"05752989-70df-404d-acfe-e5b0a9328e62","state":"InvitePending","source_platform":"truecoach","source_person_id":"s00288","display_name":"Synthetic 288","created_at":"2026-09-20T18:42:29.281Z","updated_at":"2026-09-20T18:42:29.281Z"},{"id":"6f5b1241-d43e-4715-b433-7f3e77ff2007","state":"InvitePending","source_platform":"truecoach","source_person_id":"s00289","display_name":"Synthetic 289","created_at":"2026-09-20T18:42:29.282Z","updated_at":"2026-09-20T18:42:29.282Z"},{"id":"6eab412d-7852-4de8-b803-56a2ca5746a6","state":"InvitePending","source_platform":"truecoach","source_person_id":"s00290","display_name":"Synthetic 290","created_at":"2026-09-20T18:42:29.283Z","updated_at":"2026-09-20T18:42:29.283Z"},{"id":"c8a0bf21-153d-4be7-9ee9-a6705825f2e3","state":"InvitePending","source_platform":"truecoach","source_person_id":"s00291","display_name":"Synthetic 291","created_at":"2026-09-20T18:42:29.285Z","updated_at":"2026-09-20T18:42:29.285Z"},{"id":"6f63333d-31be-4b55-8cf5-eeabf60ec251","state":"InvitePending","source_platform":"truecoach","source_person_id":"s00292","display_name":"Synthetic 292","created_at":"2026-09-20T18:42:29.286Z","updated_at":"2026-09-20T18:42:29.286Z"},{"id":"33453d16-871b-47ce-95a2-bbaf162d590f","state":"InvitePending","source_platform":"truecoach","source_person_id":"s00293","display_name":"Synthetic 293","created_at":"2026-09-20T18:42:29.288Z","updated_at":"2026-09-20T18:42:29.288Z"},{"id":"85eb85e9-2db8-429d-b4e1-be0428482748","state":"InvitePending","source_platform":"truecoach","source_person_id":"s00294","display_name":"Synthetic 294","created_at":"2026-09-20T18:42:29.289Z","updated_at":"2026-09-20T18:42:29.289Z"},{"id":"b10af110-db5c-4952-9f83-823e43aeb5ba","state":"InvitePending","source_platform":"truecoach","source_person_id":"s00295","display_name":"Synthetic 295","created_at":"2026-09-20T18:42:29.290Z","updated_at":"2026-09-20T18:42:29.290Z"},{"id":"c85bd9c9-f560-4e1d-8384-559614386e2a","state":"InvitePending","source_platform":"truecoach","source_person_id":"s00296","display_name":"Synthetic 296","created_at":"2026-09-20T18:42:29.292Z","updated_at":"2026-09-20T18:42:29.292Z"},{"id":"9b9febfc-7c61-4618-94b7-85cbd133aed5","state":"InvitePending","source_platform":"truecoach","source_person_id":"s00297","display_name":"Synthetic 297","created_at":"2026-09-20T18:42:29.293Z","updated_at":"2026-09-20T18:42:29.293Z"},{"id":"714008d0-afb0-481f-8b34-98b562aa25db","state":"InvitePending","source_platform":"truecoach","source_person_id":"s00298","display_name":"Synthetic 298","created_at":"2026-09-20T18:42:29.295Z","updated_at":"2026-09-20T18:42:29.295Z"},{"id":"850f4143-5dd4-4746-98c9-bde1364f8e5e","state":"InvitePending","source_platform":"truecoach","source_person_id":"s00299","display_name":"Synthetic 299","created_at":"2026-09-20T18:42:29.296Z","updated_at":"2026-09-20T18:42:29.296Z"},{"id":"f5284e92-bb3c-4044-b2f6-747a94df568d","state":"InvitePending","source_platform":"truecoach","source_person_id":"s00301","display_name":"Synthetic 301","created_at":"2026-09-20T18:42:29.300Z","updated_at":"2026-09-20T18:42:29.300Z"},{"id":"401c1a23-d84a-4f56-8e83-64630bd67fbc","state":"InvitePending","source_platform":"truecoach","source_person_id":"s00302","display_name":"Synthetic 302","created_at":"2026-09-20T18:42:29.302Z","updated_at":"2026-09-20T18:42:29.302Z"},{"id":"f159a484-3507-41e2-b654-531e38a6c5c7","state":"InvitePending","source_platform":"truecoach","source_person_id":"s00303","display_name":"Synthetic 303","created_at":"2026-09-20T18:42:29.303Z","updated_at":"2026-09-20T18:42:29.303Z"},{"id":"7ec87f75-dec5-4c2d-8852-80188f93fd74","state":"InvitePending","source_platform":"truecoach","source_person_id":"s00304","display_name":"Synthetic 304","created_at":"2026-09-20T18:42:29.310Z","updated_at":"2026-09-20T18:42:29.310Z"},{"id":"fbff1b2b-f4d8-41e8-ba02-3c7c8ebf2e4a","state":"InvitePending","source_platform":"truecoach","source_person_id":"s00305","display_name":"Synthetic 305","created_at":"2026-09-20T18:42:29.311Z","updated_at":"2026-09-20T18:42:29.311Z"},{"id":"da83d110-eef3-4387-a167-97fb39975ebc","state":"InvitePending","source_platform":"truecoach","source_person_id":"s00306","display_name":"Synthetic 306","created_at":"2026-09-20T18:42:29.313Z","updated_at":"2026-09-20T18:42:29.313Z"},{"id":"9f4f0735-80f9-4432-b2fe-0a501334af95","state":"InvitePending","source_platform":"truecoach","source_person_id":"s00307","display_name":"Synthetic 307","created_at":"2026-09-20T18:42:29.315Z","updated_at":"2026-09-20T18:42:29.315Z"},{"id":"fcfa9da7-53ea-44e4-8ba4-f693f9b50d6c","state":"InvitePending","source_platform":"truecoach","source_person_id":"s00308","display_name":"Synthetic 308","created_at":"2026-09-20T18:42:29.319Z","updated_at":"2026-09-20T18:42:29.319Z"},{"id":"6f8a643a-75ab-48dd-acd8-0a71a5eccb7a","state":"InvitePending","source_platform":"truecoach","source_person_id":"s00309","display_name":"Synthetic 309","created_at":"2026-09-20T18:42:29.324Z","updated_at":"2026-09-20T18:42:29.324Z"},{"id":"fb4283e2-cf0d-491e-ad5e-f2ca40644fad","state":"InvitePending","source_platform":"truecoach","source_person_id":"s00310","display_name":"Synthetic 310","created_at":"2026-09-20T18:42:29.330Z","updated_at":"2026-09-20T18:42:29.330Z"},{"id":"208873c4-9c88-4eb2-a414-dd6d686d7ee5","state":"InvitePending","source_platform":"truecoach","source_person_id":"s00311","display_name":"Synthetic 311","created_at":"2026-09-20T18:42:29.332Z","updated_at":"2026-09-20T18:42:29.332Z"},{"id":"149f2b5a-226f-45d2-88bb-3b3da84f9f91","state":"InvitePending","source_platform":"truecoach","source_person_id":"s00312","display_name":"Synthetic 312","created_at":"2026-09-20T18:42:29.333Z","updated_at":"2026-09-20T18:42:29.333Z"},{"id":"3dfff9f0-7fe7-4dd5-9aff-d77956dd8ba0","state":"InvitePending","source_platform":"truecoach","source_person_id":"s00313","display_name":"Synthetic 313","created_at":"2026-09-20T18:42:29.335Z","updated_at":"2026-09-20T18:42:29.335Z"},{"id":"21957072-2105-4cb5-bc68-9c55d118aa19","state":"InvitePending","source_platform":"truecoach","source_person_id":"s00314","display_name":"Synthetic 314","created_at":"2026-09-20T18:42:29.336Z","updated_at":"2026-09-20T18:42:29.336Z"},{"id":"17c9fc60-ecfd-46cf-abf9-5042b36b4d16","state":"InvitePending","source_platform":"truecoach","source_person_id":"s00315","display_name":"Synthetic 315","created_at":"2026-09-20T18:42:29.337Z","updated_at":"2026-09-20T18:42:29.337Z"},{"id":"9709aa7b-3f32-4804-a3c7-6ff08e80a29d","state":"InvitePending","source_platform":"truecoach","source_person_id":"s00316","display_name":"Synthetic 316","created_at":"2026-09-20T18:42:29.339Z","updated_at":"2026-09-20T18:42:29.339Z"},{"id":"a74f3728-2c47-4b92-838e-bd670ca2701f","state":"InvitePending","source_platform":"truecoach","source_person_id":"s00317","display_name":"Synthetic 317","created_at":"2026-09-20T18:42:29.340Z","updated_at":"2026-09-20T18:42:29.340Z"},{"id":"e88b654d-3910-4b2c-b28b-876e4498fded","state":"InvitePending","source_platform":"truecoach","source_person_id":"s00318","display_name":"Synthetic 318","created_at":"2026-09-20T18:42:29.342Z","updated_at":"2026-09-20T18:42:29.342Z"},{"id":"ce8d132d-0c27-4420-ba47-66a21fd04e0d","state":"InvitePending","source_platform":"truecoach","source_person_id":"s00319","display_name":"Synthetic 319","created_at":"2026-09-20T18:42:29.343Z","updated_at":"2026-09-20T18:42:29.343Z"},{"id":"47791f14-475e-4ae2-9b70-3369d0a638cd","state":"InvitePending","source_platform":"truecoach","source_person_id":"s00320","display_name":"Synthetic 320","created_at":"2026-09-20T18:42:29.344Z","updated_at":"2026-09-20T18:42:29.344Z"},{"id":"6d44d1b3-c34c-477a-ac02-af114c7c9983","state":"InvitePending","source_platform":"truecoach","source_person_id":"s00321","display_name":"Synthetic 321","created_at":"2026-09-20T18:42:29.346Z","updated_at":"2026-09-20T18:42:29.346Z"},{"id":"728fc33b-f68e-4fad-b430-a1ac8c4ca8e0","state":"InvitePending","source_platform":"truecoach","source_person_id":"s00322","display_name":"Synthetic 322","created_at":"2026-09-20T18:42:29.347Z","updated_at":"2026-09-20T18:42:29.347Z"},{"id":"73a845c4-6fa8-43b4-9615-4e37aff66f04","state":"InvitePending","source_platform":"truecoach","source_person_id":"s00323","display_name":"Synthetic 323","created_at":"2026-09-20T18:42:29.349Z","updated_at":"2026-09-20T18:42:29.349Z"},{"id":"62faceea-4ac7-430b-a783-c22f1816bf4f","state":"InvitePending","source_platform":"truecoach","source_person_id":"s00324","display_name":"Synthetic 324","created_at":"2026-09-20T18:42:29.350Z","updated_at":"2026-09-20T18:42:29.350Z"},{"id":"6f5a7648-b7ce-45f3-859a-b7271a86b166","state":"InvitePending","source_platform":"truecoach","source_person_id":"s00325","display_name":"Synthetic 325","created_at":"2026-09-20T18:42:29.352Z","updated_at":"2026-09-20T18:42:29.352Z"},{"id":"2cae403c-3571-45ad-b5b6-20b305a714f5","state":"InvitePending","source_platform":"truecoach","source_person_id":"s00326","display_name":"Synthetic 326","created_at":"2026-09-20T18:42:29.358Z","updated_at":"2026-09-20T18:42:29.358Z"},{"id":"6132a669-ea9b-47f6-a739-6d114e2479b0","state":"InvitePending","source_platform":"truecoach","source_person_id":"s00327","display_name":"Synthetic 327","created_at":"2026-09-20T18:42:29.360Z","updated_at":"2026-09-20T18:42:29.360Z"},{"id":"ce479ccc-54f4-4b12-b603-c349c2b0090d","state":"InvitePending","source_platform":"truecoach","source_person_id":"s00328","display_name":"Synthetic 328","created_at":"2026-09-20T18:42:29.362Z","updated_at":"2026-09-20T18:42:29.362Z"},{"id":"e9185a49-9597-48d8-9e91-f0b3d00b6130","state":"InvitePending","source_platform":"truecoach","source_person_id":"s00329","display_name":"Synthetic 329","created_at":"2026-09-20T18:42:29.363Z","updated_at":"2026-09-20T18:42:29.363Z"},{"id":"7bbe6b70-6262-4c75-8e95-e3f8ac43e616","state":"InvitePending","source_platform":"truecoach","source_person_id":"s00330","display_name":"Synthetic 330","created_at":"2026-09-20T18:42:29.364Z","updated_at":"2026-09-20T18:42:29.364Z"},{"id":"8c2e5f96-0cb2-459f-9fad-27ff87ea25fa","state":"InvitePending","source_platform":"truecoach","source_person_id":"s00331","display_name":"Synthetic 331","created_at":"2026-09-20T18:42:29.366Z","updated_at":"2026-09-20T18:42:29.366Z"},{"id":"3bdd2f13-ed60-4377-8c9b-e60ebd459e4f","state":"InvitePending","source_platform":"truecoach","source_person_id":"s00332","display_name":"Synthetic 332","created_at":"2026-09-20T18:42:29.367Z","updated_at":"2026-09-20T18:42:29.367Z"},{"id":"e6351980-f24f-452f-bfed-f4c6fdea7b70","state":"InvitePending","source_platform":"truecoach","source_person_id":"s00333","display_name":"Synthetic 333","created_at":"2026-09-20T18:42:29.369Z","updated_at":"2026-09-20T18:42:29.369Z"},{"id":"faeeeff0-d5cf-41d2-9442-358c0eda0ee1","state":"InvitePending","source_platform":"truecoach","source_person_id":"s00334","display_name":"Synthetic 334","created_at":"2026-09-20T18:42:29.370Z","updated_at":"2026-09-20T18:42:29.370Z"},{"id":"7402c3a6-7d1b-4f5d-95b4-b288f287862f","state":"InvitePending","source_platform":"truecoach","source_person_id":"s00335","display_name":"Synthetic 335","created_at":"2026-09-20T18:42:29.371Z","updated_at":"2026-09-20T18:42:29.371Z"},{"id":"9047fc22-05bd-4944-9127-e6473e45fb73","state":"InvitePending","source_platform":"truecoach","source_person_id":"s00336","display_name":"Synthetic 336","created_at":"2026-09-20T18:42:29.373Z","updated_at":"2026-09-20T18:42:29.373Z"},{"id":"5480a203-720b-4309-bc0a-7d8e824fd316","state":"InvitePending","source_platform":"truecoach","source_person_id":"s00337","display_name":"Synthetic 337","created_at":"2026-09-20T18:42:29.374Z","updated_at":"2026-09-20T18:42:29.374Z"},{"id":"265cde76-fedd-4deb-817e-d74dbdf9f932","state":"InvitePending","source_platform":"truecoach","source_person_id":"s00338","display_name":"Synthetic 338","created_at":"2026-09-20T18:42:29.381Z","updated_at":"2026-09-20T18:42:29.381Z"},{"id":"97c907fa-d42e-4c9d-9810-21e8713e0c2f","state":"InvitePending","source_platform":"truecoach","source_person_id":"s00339","display_name":"Synthetic 339","created_at":"2026-09-20T18:42:29.383Z","updated_at":"2026-09-20T18:42:29.383Z"},{"id":"e5422558-eb55-4284-900e-99478169c1f5","state":"InvitePending","source_platform":"truecoach","source_person_id":"s00340","display_name":"Synthetic 340","created_at":"2026-09-20T18:42:29.384Z","updated_at":"2026-09-20T18:42:29.384Z"},{"id":"c5dce269-87f0-48a9-8540-a6076f27ecd7","state":"InvitePending","source_platform":"truecoach","source_person_id":"s00341","display_name":"Synthetic 341","created_at":"2026-09-20T18:42:29.386Z","updated_at":"2026-09-20T18:42:29.386Z"},{"id":"a277e118-c921-4cb8-99f4-5e86580d31eb","state":"InvitePending","source_platform":"truecoach","source_person_id":"s00342","display_name":"Synthetic 342","created_at":"2026-09-20T18:42:29.388Z","updated_at":"2026-09-20T18:42:29.388Z"},{"id":"726598df-f92e-4956-ad98-c82356aea219","state":"InvitePending","source_platform":"truecoach","source_person_id":"s00343","display_name":"Synthetic 343","created_at":"2026-09-20T18:42:29.389Z","updated_at":"2026-09-20T18:42:29.389Z"},{"id":"7f81a4ae-36e2-48ae-97bd-3873350a2836","state":"InvitePending","source_platform":"truecoach","source_person_id":"s00344","display_name":"Synthetic 344","created_at":"2026-09-20T18:42:29.396Z","updated_at":"2026-09-20T18:42:29.396Z"},{"id":"02842fb9-e8b3-450e-a116-b9fa6409b12c","state":"InvitePending","source_platform":"truecoach","source_person_id":"s00345","display_name":"Synthetic 345","created_at":"2026-09-20T18:42:29.398Z","updated_at":"2026-09-20T18:42:29.398Z"},{"id":"66aafcb2-c12b-42b0-b60a-16c75279e111","state":"InvitePending","source_platform":"truecoach","source_person_id":"s00346","display_name":"Synthetic 346","created_at":"2026-09-20T18:42:29.400Z","updated_at":"2026-09-20T18:42:29.400Z"},{"id":"69beda6f-147f-4716-a080-8d0ae1257be5","state":"InvitePending","source_platform":"truecoach","source_person_id":"s00347","display_name":"Synthetic 347","created_at":"2026-09-20T18:42:29.402Z","updated_at":"2026-09-20T18:42:29.402Z"},{"id":"9957c854-2f7f-4ca3-9008-b73465a27e5d","state":"InvitePending","source_platform":"truecoach","source_person_id":"s00348","display_name":"Synthetic 348","created_at":"2026-09-20T18:42:29.403Z","updated_at":"2026-09-20T18:42:29.403Z"},{"id":"9daaab82-e4a0-488d-8d8e-7900956b2ed9","state":"InvitePending","source_platform":"truecoach","source_person_id":"s00349","display_name":"Synthetic 349","created_at":"2026-09-20T18:42:29.405Z","updated_at":"2026-09-20T18:42:29.405Z"},{"id":"de90960f-7536-4bd1-96b5-08c24d1ab2aa","state":"InvitePending","source_platform":"truecoach","source_person_id":"s00351","display_name":"Synthetic 351","created_at":"2026-09-20T18:42:29.414Z","updated_at":"2026-09-20T18:42:29.414Z"},{"id":"fbb3ed44-1880-42e5-8e7b-9062ff659bd9","state":"InvitePending","source_platform":"truecoach","source_person_id":"s00352","display_name":"Synthetic 352","created_at":"2026-09-20T18:42:29.415Z","updated_at":"2026-09-20T18:42:29.415Z"},{"id":"d1eb99ba-2f16-440e-9788-d37f0130f26f","state":"InvitePending","source_platform":"truecoach","source_person_id":"s00353","display_name":"Synthetic 353","created_at":"2026-09-20T18:42:29.417Z","updated_at":"2026-09-20T18:42:29.417Z"},{"id":"d26c5b0b-e7ea-4c78-86ce-9e7f799f05d9","state":"InvitePending","source_platform":"truecoach","source_person_id":"s00354","display_name":"Synthetic 354","created_at":"2026-09-20T18:42:29.418Z","updated_at":"2026-09-20T18:42:29.418Z"},{"id":"06044de6-ce0b-4b02-83b9-d746fd0b8d7c","state":"InvitePending","source_platform":"truecoach","source_person_id":"s00355","display_name":"Synthetic 355","created_at":"2026-09-20T18:42:29.419Z","updated_at":"2026-09-20T18:42:29.419Z"},{"id":"76b773e4-9019-4288-8ab7-f0ad5b455659","state":"InvitePending","source_platform":"truecoach","source_person_id":"s00356","display_name":"Synthetic 356","created_at":"2026-09-20T18:42:29.425Z","updated_at":"2026-09-20T18:42:29.425Z"},{"id":"5b8fcfe2-3693-427c-b494-b72f6492817a","state":"InvitePending","source_platform":"truecoach","source_person_id":"s00357","display_name":"Synthetic 357","created_at":"2026-09-20T18:42:29.427Z","updated_at":"2026-09-20T18:42:29.427Z"},{"id":"a2c000cd-c0a4-4814-8eab-4a01ea3e3b36","state":"InvitePending","source_platform":"truecoach","source_person_id":"s00358","display_name":"Synthetic 358","created_at":"2026-09-20T18:42:29.431Z","updated_at":"2026-09-20T18:42:29.431Z"},{"id":"634e5a86-f56d-4ad5-939d-cddfd637d8f6","state":"InvitePending","source_platform":"truecoach","source_person_id":"s00359","display_name":"Synthetic 359","created_at":"2026-09-20T18:42:29.432Z","updated_at":"2026-09-20T18:42:29.432Z"},{"id":"2c4a982c-de21-48bb-b8b8-6d1608f41415","state":"InvitePending","source_platform":"truecoach","source_person_id":"s00360","display_name":"Synthetic 360","created_at":"2026-09-20T18:42:29.434Z","updated_at":"2026-09-20T18:42:29.434Z"},{"id":"81c230ed-ee89-48b1-884b-6cd4a657e631","state":"InvitePending","source_platform":"truecoach","source_person_id":"s00361","display_name":"Synthetic 361","created_at":"2026-09-20T18:42:29.435Z","updated_at":"2026-09-20T18:42:29.435Z"},{"id":"22a056b0-bbe2-40c3-9abf-1fe6331c2798","state":"InvitePending","source_platform":"truecoach","source_person_id":"s00362","display_name":"Synthetic 362","created_at":"2026-09-20T18:42:29.437Z","updated_at":"2026-09-20T18:42:29.437Z"},{"id":"e0f52797-6755-467e-b817-2516c54d5c30","state":"InvitePending","source_platform":"truecoach","source_person_id":"s00363","display_name":"Synthetic 363","created_at":"2026-09-20T18:42:29.438Z","updated_at":"2026-09-20T18:42:29.438Z"},{"id":"4bb3d7d7-e415-47ef-a58a-54220c7f1da4","state":"InvitePending","source_platform":"truecoach","source_person_id":"s00364","display_name":"Synthetic 364","created_at":"2026-09-20T18:42:29.440Z","updated_at":"2026-09-20T18:42:29.440Z"},{"id":"71bcd994-7275-4e5e-9598-cea79e866039","state":"InvitePending","source_platform":"truecoach","source_person_id":"s00365","display_name":"Synthetic 365","created_at":"2026-09-20T18:42:29.441Z","updated_at":"2026-09-20T18:42:29.441Z"},{"id":"e34a301b-e60e-4f1f-b5fd-e3f876abd39b","state":"InvitePending","source_platform":"truecoach","source_person_id":"s00366","display_name":"Synthetic 366","created_at":"2026-09-20T18:42:29.443Z","updated_at":"2026-09-20T18:42:29.443Z"},{"id":"e1610052-1694-47ff-93c5-365a339a3ce2","state":"InvitePending","source_platform":"truecoach","source_person_id":"s00367","display_name":"Synthetic 367","created_at":"2026-09-20T18:42:29.444Z","updated_at":"2026-09-20T18:42:29.444Z"},{"id":"8a97a576-c8f8-4dad-bb17-c6d2c0bbc6a1","state":"InvitePending","source_platform":"truecoach","source_person_id":"s00368","display_name":"Synthetic 368","created_at":"2026-09-20T18:42:29.445Z","updated_at":"2026-09-20T18:42:29.445Z"},{"id":"c9d9d37a-2d02-4d9a-849a-d6b0913f2a26","state":"InvitePending","source_platform":"truecoach","source_person_id":"s00369","display_name":"Synthetic 369","created_at":"2026-09-20T18:42:29.447Z","updated_at":"2026-09-20T18:42:29.447Z"},{"id":"46dc437b-e8b1-431c-b652-583f6c3585d3","state":"InvitePending","source_platform":"truecoach","source_person_id":"s00370","display_name":"Synthetic 370","created_at":"2026-09-20T18:42:29.453Z","updated_at":"2026-09-20T18:42:29.453Z"},{"id":"443c7abc-c5dc-4602-8bc5-54b89aa9cf59","state":"InvitePending","source_platform":"truecoach","source_person_id":"s00371","display_name":"Synthetic 371","created_at":"2026-09-20T18:42:29.454Z","updated_at":"2026-09-20T18:42:29.454Z"},{"id":"233f9f0d-6db7-4baf-ac44-27b0a7b96f7f","state":"InvitePending","source_platform":"truecoach","source_person_id":"s00372","display_name":"Synthetic 372","created_at":"2026-09-20T18:42:29.456Z","updated_at":"2026-09-20T18:42:29.456Z"},{"id":"a18b2f5d-5a51-428c-a949-284f5f938981","state":"InvitePending","source_platform":"truecoach","source_person_id":"s00373","display_name":"Synthetic 373","created_at":"2026-09-20T18:42:29.457Z","updated_at":"2026-09-20T18:42:29.457Z"},{"id":"4cf834f5-dd5b-4ab6-b275-780656258ee7","state":"InvitePending","source_platform":"truecoach","source_person_id":"s00374","display_name":"Synthetic 374","created_at":"2026-09-20T18:42:29.459Z","updated_at":"2026-09-20T18:42:29.459Z"},{"id":"00c48ad0-02c0-4426-a896-2980fac18872","state":"InvitePending","source_platform":"truecoach","source_person_id":"s00375","display_name":"Synthetic 375","created_at":"2026-09-20T18:42:29.460Z","updated_at":"2026-09-20T18:42:29.460Z"},{"id":"be5e7fa1-c8b5-4a5a-963d-f38656702f06","state":"InvitePending","source_platform":"truecoach","source_person_id":"s00376","display_name":"Synthetic 376","created_at":"2026-09-20T18:42:29.462Z","updated_at":"2026-09-20T18:42:29.462Z"},{"id":"c6608502-0b42-44cf-8b27-1608a5088a64","state":"InvitePending","source_platform":"truecoach","source_person_id":"s00377","display_name":"Synthetic 377","created_at":"2026-09-20T18:42:29.463Z","updated_at":"2026-09-20T18:42:29.463Z"},{"id":"a8e97575-8b07-4fbf-8435-18b981a12478","state":"InvitePending","source_platform":"truecoach","source_person_id":"s00378","display_name":"Synthetic 378","created_at":"2026-09-20T18:42:29.464Z","updated_at":"2026-09-20T18:42:29.464Z"},{"id":"77d071f5-cc23-4bda-b399-8b0b0a076271","state":"InvitePending","source_platform":"truecoach","source_person_id":"s00379","display_name":"Synthetic 379","created_at":"2026-09-20T18:42:29.466Z","updated_at":"2026-09-20T18:42:29.466Z"},{"id":"f039cf52-26dc-450b-be90-3d4d10a7bbbd","state":"InvitePending","source_platform":"truecoach","source_person_id":"s00380","display_name":"Synthetic 380","created_at":"2026-09-20T18:42:29.467Z","updated_at":"2026-09-20T18:42:29.467Z"},{"id":"cdeb14e8-020b-408a-8360-0c7796ea5488","state":"InvitePending","source_platform":"truecoach","source_person_id":"s00381","display_name":"Synthetic 381","created_at":"2026-09-20T18:42:29.468Z","updated_at":"2026-09-20T18:42:29.468Z"},{"id":"5b97a492-612f-4434-b934-cbc9438529c9","state":"InvitePending","source_platform":"truecoach","source_person_id":"s00382","display_name":"Synthetic 382","created_at":"2026-09-20T18:42:29.470Z","updated_at":"2026-09-20T18:42:29.470Z"},{"id":"7336d4b2-78ea-475d-b7be-3ac9bfd24e5c","state":"InvitePending","source_platform":"truecoach","source_person_id":"s00383","display_name":"Synthetic 383","created_at":"2026-09-20T18:42:29.471Z","updated_at":"2026-09-20T18:42:29.471Z"},{"id":"cdbfad60-ba6f-4182-b7f5-1226e221d389","state":"InvitePending","source_platform":"truecoach","source_person_id":"s00384","display_name":"Synthetic 384","created_at":"2026-09-20T18:42:29.473Z","updated_at":"2026-09-20T18:42:29.473Z"},{"id":"687f2c40-5651-45fe-9c7b-95406c08bb73","state":"InvitePending","source_platform":"truecoach","source_person_id":"s00385","display_name":"Synthetic 385","created_at":"2026-09-20T18:42:29.474Z","updated_at":"2026-09-20T18:42:29.474Z"},{"id":"376df801-6930-465e-89e6-01f678506f47","state":"InvitePending","source_platform":"truecoach","source_person_id":"s00386","display_name":"Synthetic 386","created_at":"2026-09-20T18:42:29.475Z","updated_at":"2026-09-20T18:42:29.475Z"},{"id":"86091e03-23a5-4ec4-b794-0936431c9145","state":"InvitePending","source_platform":"truecoach","source_person_id":"s00387","display_name":"Synthetic 387","created_at":"2026-09-20T18:42:29.477Z","updated_at":"2026-09-20T18:42:29.477Z"},{"id":"f83e2b18-f093-46e2-a0a8-e5a7179e781a","state":"InvitePending","source_platform":"truecoach","source_person_id":"s00388","display_name":"Synthetic 388","created_at":"2026-09-20T18:42:29.478Z","updated_at":"2026-09-20T18:42:29.478Z"},{"id":"9d6139be-13bb-45d7-ba5a-b808dd1c5aa2","state":"InvitePending","source_platform":"truecoach","source_person_id":"s00389","display_name":"Synthetic 389","created_at":"2026-09-20T18:42:29.480Z","updated_at":"2026-09-20T18:42:29.480Z"},{"id":"29f94d85-e127-4d2a-8eea-7b5772e70113","state":"InvitePending","source_platform":"truecoach","source_person_id":"s00390","display_name":"Synthetic 390","created_at":"2026-09-20T18:42:29.481Z","updated_at":"2026-09-20T18:42:29.481Z"},{"id":"cb5e46bf-045c-42d1-870e-e153a371903e","state":"InvitePending","source_platform":"truecoach","source_person_id":"s00391","display_name":"Synthetic 391","created_at":"2026-09-20T18:42:29.482Z","updated_at":"2026-09-20T18:42:29.482Z"},{"id":"6885dce6-df38-4bec-ae1f-609837d13270","state":"InvitePending","source_platform":"truecoach","source_person_id":"s00392","display_name":"Synthetic 392","created_at":"2026-09-20T18:42:29.484Z","updated_at":"2026-09-20T18:42:29.484Z"},{"id":"336503e5-e094-4fdd-9fe5-255a04bf88f0","state":"InvitePending","source_platform":"truecoach","source_person_id":"s00393","display_name":"Synthetic 393","created_at":"2026-09-20T18:42:29.485Z","updated_at":"2026-09-20T18:42:29.485Z"},{"id":"7e3995d8-a83d-4dd5-a1e7-0a728d687a50","state":"InvitePending","source_platform":"truecoach","source_person_id":"s00394","display_name":"Synthetic 394","created_at":"2026-09-20T18:42:29.486Z","updated_at":"2026-09-20T18:42:29.486Z"},{"id":"b6fcfb14-16d2-408d-bb88-4a789a5cc68b","state":"InvitePending","source_platform":"truecoach","source_person_id":"s00395","display_name":"Synthetic 395","created_at":"2026-09-20T18:42:29.488Z","updated_at":"2026-09-20T18:42:29.488Z"},{"id":"167dbb56-fef5-45f2-997a-56e396516302","state":"InvitePending","source_platform":"truecoach","source_person_id":"s00396","display_name":"Synthetic 396","created_at":"2026-09-20T18:42:29.489Z","updated_at":"2026-09-20T18:42:29.489Z"},{"id":"c5e82801-30e2-46aa-a121-66666e7ff94f","state":"InvitePending","source_platform":"truecoach","source_person_id":"s00397","display_name":"Synthetic 397","created_at":"2026-09-20T18:42:29.491Z","updated_at":"2026-09-20T18:42:29.491Z"},{"id":"f664639a-468f-409f-8320-1920f4783f17","state":"InvitePending","source_platform":"truecoach","source_person_id":"s00398","display_name":"Synthetic 398","created_at":"2026-09-20T18:42:29.492Z","updated_at":"2026-09-20T18:42:29.492Z"},{"id":"8a821130-b9d7-422e-ab56-d9bb1078c751","state":"InvitePending","source_platform":"truecoach","source_person_id":"s00399","display_name":"Synthetic 399","created_at":"2026-09-20T18:42:29.494Z","updated_at":"2026-09-20T18:42:29.494Z"}],"page":{"limit":200,"next_cursor":"czAwMzk5","has_more":true}},"queries":8,"pid":19510}

      158 |       if (code !== 0 || !result) { reject(new Error(`worker exited ${code}: ${output}`)); return; }
      159 |       // Query shapes, outcomes, fixture identifiers and process IDs only; never parameters.
    > 160 |       console.warn('PG17_PROCESS', JSON.stringify({ name, old, options: { ...options, cursor: options.cursor ? '<cursor>' : undefined },
          |               ^
      161 |         result: result.result, failure: result.failure, queries: result.queries.length, pid: result.pid }));
      162 |       resolveDone(result);
      163 |     };

      at settleWorker (test/utils/g2-pg17-harness.ts:160:15)
      at ChildProcess.<anonymous> (test/utils/g2-pg17-harness.ts:165:51)

  console.warn
    PG17_PROCESS {"name":"g2p17_14","old":true,"options":{"action":"roster","cursor":"<cursor>","limit":200},"result":{"intent_id":"intent","accounting":{"staged":600,"reconstructed":596,"skipped":8,"failed":21},"persons":[{"id":"4ca1435b-9f42-4c9a-9ac0-aa18f0930c01","state":"InvitePending","source_platform":"truecoach","source_person_id":"s00401","display_name":"Synthetic 401","created_at":"2026-09-20T18:42:29.498Z","updated_at":"2026-09-20T18:42:29.498Z"},{"id":"f1d944ac-14f4-48ee-a3c8-d1e5859c22ae","state":"InvitePending","source_platform":"truecoach","source_person_id":"s00402","display_name":"Synthetic 402","created_at":"2026-09-20T18:42:29.499Z","updated_at":"2026-09-20T18:42:29.499Z"},{"id":"25abf7cd-eaff-417e-8310-c12f96ccfea7","state":"InvitePending","source_platform":"truecoach","source_person_id":"s00403","display_name":"Synthetic 403","created_at":"2026-09-20T18:42:29.501Z","updated_at":"2026-09-20T18:42:29.501Z"},{"id":"d36c3fa7-d1f9-433f-9404-ae92933d3642","state":"InvitePending","source_platform":"truecoach","source_person_id":"s00404","display_name":"Synthetic 404","created_at":"2026-09-20T18:42:29.503Z","updated_at":"2026-09-20T18:42:29.503Z"},{"id":"02e3dcec-a58e-4423-9f26-b668d44f7e04","state":"InvitePending","source_platform":"truecoach","source_person_id":"s00405","display_name":"Synthetic 405","created_at":"2026-09-20T18:42:29.504Z","updated_at":"2026-09-20T18:42:29.504Z"},{"id":"6bcfe561-fc9c-4c5b-a338-636d89fda235","state":"InvitePending","source_platform":"truecoach","source_person_id":"s00406","display_name":"Synthetic 406","created_at":"2026-09-20T18:42:29.506Z","updated_at":"2026-09-20T18:42:29.506Z"},{"id":"c34dcb5d-05e3-4e37-9532-cdbfa98f35b4","state":"InvitePending","source_platform":"truecoach","source_person_id":"s00407","display_name":"Synthetic 407","created_at":"2026-09-20T18:42:29.507Z","updated_at":"2026-09-20T18:42:29.507Z"},{"id":"eb2058e7-45c4-464b-b0da-ff56e8c46dee","state":"InvitePending","source_platform":"truecoach","source_person_id":"s00408","display_name":"Synthetic 408","created_at":"2026-09-20T18:42:29.509Z","updated_at":"2026-09-20T18:42:29.509Z"},{"id":"8cd8a906-95ed-4a91-a633-66c866231b63","state":"InvitePending","source_platform":"truecoach","source_person_id":"s00409","display_name":"Synthetic 409","created_at":"2026-09-20T18:42:29.511Z","updated_at":"2026-09-20T18:42:29.511Z"},{"id":"3aac5e53-e600-4188-b1bc-b03bae0adf62","state":"InvitePending","source_platform":"truecoach","source_person_id":"s00410","display_name":"Synthetic 410","created_at":"2026-09-20T18:42:29.512Z","updated_at":"2026-09-20T18:42:29.512Z"},{"id":"4167f114-6ed9-4c0e-b305-9e868a96d5cd","state":"InvitePending","source_platform":"truecoach","source_person_id":"s00411","display_name":"Synthetic 411","created_at":"2026-09-20T18:42:29.514Z","updated_at":"2026-09-20T18:42:29.514Z"},{"id":"bd0381e9-6d9b-493e-93ca-135b998920da","state":"InvitePending","source_platform":"truecoach","source_person_id":"s00412","display_name":"Synthetic 412","created_at":"2026-09-20T18:42:29.515Z","updated_at":"2026-09-20T18:42:29.515Z"},{"id":"5e8aa047-e71e-400c-a42a-11e02d934382","state":"InvitePending","source_platform":"truecoach","source_person_id":"s00413","display_name":"Synthetic 413","created_at":"2026-09-20T18:42:29.516Z","updated_at":"2026-09-20T18:42:29.516Z"},{"id":"52e03a34-2a26-4023-b6dc-8bdab12fdfa8","state":"InvitePending","source_platform":"truecoach","source_person_id":"s00414","display_name":"Synthetic 414","created_at":"2026-09-20T18:42:29.518Z","updated_at":"2026-09-20T18:42:29.518Z"},{"id":"2c9c3efa-5d8d-431f-a8ee-097617c9bdfb","state":"InvitePending","source_platform":"truecoach","source_person_id":"s00415","display_name":"Synthetic 415","created_at":"2026-09-20T18:42:29.519Z","updated_at":"2026-09-20T18:42:29.519Z"},{"id":"7afe6ef6-2ecf-44d4-96ad-52b11cc7e3e5","state":"InvitePending","source_platform":"truecoach","source_person_id":"s00416","display_name":"Synthetic 416","created_at":"2026-09-20T18:42:29.521Z","updated_at":"2026-09-20T18:42:29.521Z"},{"id":"a72ba541-4419-4ce8-9663-12f1ee2868f9","state":"InvitePending","source_platform":"truecoach","source_person_id":"s00417","display_name":"Synthetic 417","created_at":"2026-09-20T18:42:29.522Z","updated_at":"2026-09-20T18:42:29.522Z"},{"id":"2d8d8a5a-8737-4a75-975f-ab26aa46b0cc","state":"InvitePending","source_platform":"truecoach","source_person_id":"s00418","display_name":"Synthetic 418","created_at":"2026-09-20T18:42:29.523Z","updated_at":"2026-09-20T18:42:29.523Z"},{"id":"9301ca78-1a8e-4f2f-83a7-e6f9cdfd5a7c","state":"InvitePending","source_platform":"truecoach","source_person_id":"s00419","display_name":"Synthetic 419","created_at":"2026-09-20T18:42:29.525Z","updated_at":"2026-09-20T18:42:29.525Z"},{"id":"9dabac4e-2e7f-44f3-b7cf-ac64e0df4697","state":"InvitePending","source_platform":"truecoach","source_person_id":"s00420","display_name":"Synthetic 420","created_at":"2026-09-20T18:42:29.526Z","updated_at":"2026-09-20T18:42:29.526Z"},{"id":"0cf51e0a-1790-4b21-860d-7058ed98b7e8","state":"InvitePending","source_platform":"truecoach","source_person_id":"s00421","display_name":"Synthetic 421","created_at":"2026-09-20T18:42:29.527Z","updated_at":"2026-09-20T18:42:29.527Z"},{"id":"c3f45f2d-997a-44aa-ab1c-53bc9c9b03d4","state":"InvitePending","source_platform":"truecoach","source_person_id":"s00422","display_name":"Synthetic 422","created_at":"2026-09-20T18:42:29.529Z","updated_at":"2026-09-20T18:42:29.529Z"},{"id":"e61bc710-74a8-444f-8642-7d61a96abe98","state":"InvitePending","source_platform":"truecoach","source_person_id":"s00423","display_name":"Synthetic 423","created_at":"2026-09-20T18:42:29.530Z","updated_at":"2026-09-20T18:42:29.530Z"},{"id":"69e6b191-2961-48db-bd42-7bd0b95c4aaa","state":"InvitePending","source_platform":"truecoach","source_person_id":"s00424","display_name":"Synthetic 424","created_at":"2026-09-20T18:42:29.532Z","updated_at":"2026-09-20T18:42:29.532Z"},{"id":"d6ef817b-5b30-427c-a3b0-91446fff11d0","state":"InvitePending","source_platform":"truecoach","source_person_id":"s00425","display_name":"Synthetic 425","created_at":"2026-09-20T18:42:29.537Z","updated_at":"2026-09-20T18:42:29.537Z"},{"id":"3cc77987-57d3-4cc4-9faf-5cb40875fa57","state":"InvitePending","source_platform":"truecoach","source_person_id":"s00426","display_name":"Synthetic 426","created_at":"2026-09-20T18:42:29.539Z","updated_at":"2026-09-20T18:42:29.539Z"},{"id":"393d4b52-7a38-49e1-80f9-195d630687ab","state":"InvitePending","source_platform":"truecoach","source_person_id":"s00427","display_name":"Synthetic 427","created_at":"2026-09-20T18:42:29.540Z","updated_at":"2026-09-20T18:42:29.540Z"},{"id":"af806edc-90c9-4a91-940f-4045ad00340a","state":"InvitePending","source_platform":"truecoach","source_person_id":"s00428","display_name":"Synthetic 428","created_at":"2026-09-20T18:42:29.542Z","updated_at":"2026-09-20T18:42:29.542Z"},{"id":"f0258a3e-81bd-4dcd-88bf-78398ad8aff9","state":"InvitePending","source_platform":"truecoach","source_person_id":"s00429","display_name":"Synthetic 429","created_at":"2026-09-20T18:42:29.543Z","updated_at":"2026-09-20T18:42:29.543Z"},{"id":"6ea415d5-536f-46c8-a9d4-197dcb401fe7","state":"InvitePending","source_platform":"truecoach","source_person_id":"s00430","display_name":"Synthetic 430","created_at":"2026-09-20T18:42:29.544Z","updated_at":"2026-09-20T18:42:29.544Z"},{"id":"7ad053a0-d1d4-45f0-84e1-28c0365d4913","state":"InvitePending","source_platform":"truecoach","source_person_id":"s00431","display_name":"Synthetic 431","created_at":"2026-09-20T18:42:29.546Z","updated_at":"2026-09-20T18:42:29.546Z"},{"id":"fea1ace2-c3c3-41ee-9108-729e0e7335c8","state":"InvitePending","source_platform":"truecoach","source_person_id":"s00432","display_name":"Synthetic 432","created_at":"2026-09-20T18:42:29.547Z","updated_at":"2026-09-20T18:42:29.547Z"},{"id":"e2a9b813-d708-449a-ad83-6c0d959f21d6","state":"InvitePending","source_platform":"truecoach","source_person_id":"s00433","display_name":"Synthetic 433","created_at":"2026-09-20T18:42:29.549Z","updated_at":"2026-09-20T18:42:29.549Z"},{"id":"876e7fb0-42a4-4257-9cb7-bf1ce65d0e07","state":"InvitePending","source_platform":"truecoach","source_person_id":"s00434","display_name":"Synthetic 434","created_at":"2026-09-20T18:42:29.550Z","updated_at":"2026-09-20T18:42:29.550Z"},{"id":"1a85fc94-74ac-477f-94a6-510e2f02070a","state":"InvitePending","source_platform":"truecoach","source_person_id":"s00435","display_name":"Synthetic 435","created_at":"2026-09-20T18:42:29.551Z","updated_at":"2026-09-20T18:42:29.551Z"},{"id":"7ef5ba44-6b8a-4343-8417-0aa3739535a3","state":"InvitePending","source_platform":"truecoach","source_person_id":"s00436","display_name":"Synthetic 436","created_at":"2026-09-20T18:42:29.553Z","updated_at":"2026-09-20T18:42:29.553Z"},{"id":"d604596e-af6a-454f-9293-82fd70ac61cb","state":"InvitePending","source_platform":"truecoach","source_person_id":"s00437","display_name":"Synthetic 437","created_at":"2026-09-20T18:42:29.554Z","updated_at":"2026-09-20T18:42:29.554Z"},{"id":"630b4510-6a25-4c84-aa76-34898678e7f5","state":"InvitePending","source_platform":"truecoach","source_person_id":"s00438","display_name":"Synthetic 438","created_at":"2026-09-20T18:42:29.555Z","updated_at":"2026-09-20T18:42:29.555Z"},{"id":"b9b04359-ddef-4f12-b850-95dff6e58672","state":"InvitePending","source_platform":"truecoach","source_person_id":"s00439","display_name":"Synthetic 439","created_at":"2026-09-20T18:42:29.557Z","updated_at":"2026-09-20T18:42:29.557Z"},{"id":"c74153cc-8ebb-4cf7-bc59-ab04af463cb6","state":"InvitePending","source_platform":"truecoach","source_person_id":"s00440","display_name":"Synthetic 440","created_at":"2026-09-20T18:42:29.559Z","updated_at":"2026-09-20T18:42:29.559Z"},{"id":"8f6f07a5-6dfa-4450-a9c5-8a64a0eccc55","state":"InvitePending","source_platform":"truecoach","source_person_id":"s00441","display_name":"Synthetic 441","created_at":"2026-09-20T18:42:29.561Z","updated_at":"2026-09-20T18:42:29.561Z"},{"id":"34e4e99f-2b77-4455-865f-57bc59c6466b","state":"InvitePending","source_platform":"truecoach","source_person_id":"s00442","display_name":"Synthetic 442","created_at":"2026-09-20T18:42:29.562Z","updated_at":"2026-09-20T18:42:29.562Z"},{"id":"017a4809-6dd5-4de4-aacf-834e2a8857d4","state":"InvitePending","source_platform":"truecoach","source_person_id":"s00443","display_name":"Synthetic 443","created_at":"2026-09-20T18:42:29.564Z","updated_at":"2026-09-20T18:42:29.564Z"},{"id":"04126851-bfda-4511-bf6e-55cdfe14e2e2","state":"InvitePending","source_platform":"truecoach","source_person_id":"s00444","display_name":"Synthetic 444","created_at":"2026-09-20T18:42:29.565Z","updated_at":"2026-09-20T18:42:29.565Z"},{"id":"3e044244-1b05-43d0-aa95-998ecf4f0263","state":"InvitePending","source_platform":"truecoach","source_person_id":"s00445","display_name":"Synthetic 445","created_at":"2026-09-20T18:42:29.566Z","updated_at":"2026-09-20T18:42:29.566Z"},{"id":"11c99b0c-2292-4b60-ae70-f1eac64f2a51","state":"InvitePending","source_platform":"truecoach","source_person_id":"s00446","display_name":"Synthetic 446","created_at":"2026-09-20T18:42:29.568Z","updated_at":"2026-09-20T18:42:29.568Z"},{"id":"4b3a0c83-ed95-421b-abf4-b954d7c85ea0","state":"InvitePending","source_platform":"truecoach","source_person_id":"s00447","display_name":"Synthetic 447","created_at":"2026-09-20T18:42:29.569Z","updated_at":"2026-09-20T18:42:29.569Z"},{"id":"cb3ab360-784f-4613-a4dc-72169c96eb1f","state":"InvitePending","source_platform":"truecoach","source_person_id":"s00448","display_name":"Synthetic 448","created_at":"2026-09-20T18:42:29.570Z","updated_at":"2026-09-20T18:42:29.570Z"},{"id":"651f3f13-4a04-496c-8716-ea7ac210c959","state":"InvitePending","source_platform":"truecoach","source_person_id":"s00449","display_name":"Synthetic 449","created_at":"2026-09-20T18:42:29.572Z","updated_at":"2026-09-20T18:42:29.572Z"},{"id":"0934ff82-9980-452a-9540-ef59f13473ed","state":"InvitePending","source_platform":"truecoach","source_person_id":"s00451","display_name":"Synthetic 451","created_at":"2026-09-20T18:42:29.575Z","updated_at":"2026-09-20T18:42:29.575Z"},{"id":"1da28a31-8ffa-4870-8ae8-8c132cfb193c","state":"InvitePending","source_platform":"truecoach","source_person_id":"s00452","display_name":"Synthetic 452","created_at":"2026-09-20T18:42:29.577Z","updated_at":"2026-09-20T18:42:29.577Z"},{"id":"62217f0d-00fb-4a78-8b07-45fd2c008ff5","state":"InvitePending","source_platform":"truecoach","source_person_id":"s00453","display_name":"Synthetic 453","created_at":"2026-09-20T18:42:29.578Z","updated_at":"2026-09-20T18:42:29.578Z"},{"id":"b9fcfad7-4062-425b-8f24-2225fc71b4b4","state":"InvitePending","source_platform":"truecoach","source_person_id":"s00454","display_name":"Synthetic 454","created_at":"2026-09-20T18:42:29.580Z","updated_at":"2026-09-20T18:42:29.580Z"},{"id":"5fd64cba-cd92-415a-ae31-feb87359c56d","state":"InvitePending","source_platform":"truecoach","source_person_id":"s00455","display_name":"Synthetic 455","created_at":"2026-09-20T18:42:29.581Z","updated_at":"2026-09-20T18:42:29.581Z"},{"id":"1a537a75-a1a0-4e85-867e-29882b03e744","state":"InvitePending","source_platform":"truecoach","source_person_id":"s00456","display_name":"Synthetic 456","created_at":"2026-09-20T18:42:29.582Z","updated_at":"2026-09-20T18:42:29.582Z"},{"id":"bf7ea8c0-bf23-4e8b-88ac-1a4f313ec0da","state":"InvitePending","source_platform":"truecoach","source_person_id":"s00457","display_name":"Synthetic 457","created_at":"2026-09-20T18:42:29.584Z","updated_at":"2026-09-20T18:42:29.584Z"},{"id":"d1097137-0f23-41df-a9b9-43b1352ac152","state":"InvitePending","source_platform":"truecoach","source_person_id":"s00458","display_name":"Synthetic 458","created_at":"2026-09-20T18:42:29.585Z","updated_at":"2026-09-20T18:42:29.585Z"},{"id":"57692544-dedf-483f-b899-6c7d49de43b1","state":"InvitePending","source_platform":"truecoach","source_person_id":"s00459","display_name":"Synthetic 459","created_at":"2026-09-20T18:42:29.586Z","updated_at":"2026-09-20T18:42:29.586Z"},{"id":"05515e2f-6964-46d6-ac02-eeafe84b0f13","state":"InvitePending","source_platform":"truecoach","source_person_id":"s00460","display_name":"Synthetic 460","created_at":"2026-09-20T18:42:29.588Z","updated_at":"2026-09-20T18:42:29.588Z"},{"id":"33d7e0e4-bf69-4a45-85fd-9ea315141599","state":"InvitePending","source_platform":"truecoach","source_person_id":"s00461","display_name":"Synthetic 461","created_at":"2026-09-20T18:42:29.589Z","updated_at":"2026-09-20T18:42:29.589Z"},{"id":"551a7aca-ae7c-4b0d-b000-8611be856282","state":"InvitePending","source_platform":"truecoach","source_person_id":"s00462","display_name":"Synthetic 462","created_at":"2026-09-20T18:42:29.590Z","updated_at":"2026-09-20T18:42:29.590Z"},{"id":"9d789765-0d6f-4816-abf3-46e61206ab1a","state":"InvitePending","source_platform":"truecoach","source_person_id":"s00463","display_name":"Synthetic 463","created_at":"2026-09-20T18:42:29.592Z","updated_at":"2026-09-20T18:42:29.592Z"},{"id":"46dd9a9b-b2a5-46d8-b49f-c7f4ea3b9a35","state":"InvitePending","source_platform":"truecoach","source_person_id":"s00464","display_name":"Synthetic 464","created_at":"2026-09-20T18:42:29.593Z","updated_at":"2026-09-20T18:42:29.593Z"},{"id":"8a8f1277-5a59-46b0-acef-ace0b701f045","state":"InvitePending","source_platform":"truecoach","source_person_id":"s00465","display_name":"Synthetic 465","created_at":"2026-09-20T18:42:29.594Z","updated_at":"2026-09-20T18:42:29.594Z"},{"id":"b610165a-9c66-46a3-bf4e-e8be152ceb4a","state":"InvitePending","source_platform":"truecoach","source_person_id":"s00466","display_name":"Synthetic 466","created_at":"2026-09-20T18:42:29.596Z","updated_at":"2026-09-20T18:42:29.596Z"},{"id":"9e925821-7f21-4925-806e-815c242ec0e4","state":"InvitePending","source_platform":"truecoach","source_person_id":"s00467","display_name":"Synthetic 467","created_at":"2026-09-20T18:42:29.597Z","updated_at":"2026-09-20T18:42:29.597Z"},{"id":"4ef9dc3b-ea54-42c9-8829-4b7b2ee34512","state":"InvitePending","source_platform":"truecoach","source_person_id":"s00468","display_name":"Synthetic 468","created_at":"2026-09-20T18:42:29.599Z","updated_at":"2026-09-20T18:42:29.599Z"},{"id":"ee4bc858-c53d-48b4-b66b-cf9bf83d4176","state":"InvitePending","source_platform":"truecoach","source_person_id":"s00469","display_name":"Synthetic 469","created_at":"2026-09-20T18:42:29.600Z","updated_at":"2026-09-20T18:42:29.600Z"},{"id":"faab95ad-e8f0-47fe-b466-ed2a4cddfd33","state":"InvitePending","source_platform":"truecoach","source_person_id":"s00470","display_name":"Synthetic 470","created_at":"2026-09-20T18:42:29.601Z","updated_at":"2026-09-20T18:42:29.601Z"},{"id":"d2ede578-acf0-4652-8d64-d3fa9b620999","state":"InvitePending","source_platform":"truecoach","source_person_id":"s00471","display_name":"Synthetic 471","created_at":"2026-09-20T18:42:29.603Z","updated_at":"2026-09-20T18:42:29.603Z"},{"id":"e64eac6a-2a64-44b2-8c8d-ac9741a12dd5","state":"InvitePending","source_platform":"truecoach","source_person_id":"s00472","display_name":"Synthetic 472","created_at":"2026-09-20T18:42:29.604Z","updated_at":"2026-09-20T18:42:29.604Z"},{"id":"5f22ef60-62bc-4145-a9b2-bd9e92ea8e68","state":"InvitePending","source_platform":"truecoach","source_person_id":"s00473","display_name":"Synthetic 473","created_at":"2026-09-20T18:42:29.605Z","updated_at":"2026-09-20T18:42:29.605Z"},{"id":"2f1c3cc7-fc64-43a2-a280-dd6376fbd263","state":"InvitePending","source_platform":"truecoach","source_person_id":"s00474","display_name":"Synthetic 474","created_at":"2026-09-20T18:42:29.607Z","updated_at":"2026-09-20T18:42:29.607Z"},{"id":"15c31519-39df-4b3d-a0db-43727e695cc0","state":"InvitePending","source_platform":"truecoach","source_person_id":"s00475","display_name":"Synthetic 475","created_at":"2026-09-20T18:42:29.608Z","updated_at":"2026-09-20T18:42:29.608Z"},{"id":"01c32400-e25c-4d79-8b94-a5bec00d0e17","state":"InvitePending","source_platform":"truecoach","source_person_id":"s00476","display_name":"Synthetic 476","created_at":"2026-09-20T18:42:29.609Z","updated_at":"2026-09-20T18:42:29.609Z"},{"id":"6c85d5d7-60e6-4184-b9c8-52d8835b1a0e","state":"InvitePending","source_platform":"truecoach","source_person_id":"s00477","display_name":"Synthetic 477","created_at":"2026-09-20T18:42:29.611Z","updated_at":"2026-09-20T18:42:29.611Z"},{"id":"151f1f69-efbe-49ed-bbeb-a37394311e90","state":"InvitePending","source_platform":"truecoach","source_person_id":"s00478","display_name":"Synthetic 478","created_at":"2026-09-20T18:42:29.612Z","updated_at":"2026-09-20T18:42:29.612Z"},{"id":"4ad46255-1ab7-46e9-adda-a2be4e48ed60","state":"InvitePending","source_platform":"truecoach","source_person_id":"s00479","display_name":"Synthetic 479","created_at":"2026-09-20T18:42:29.613Z","updated_at":"2026-09-20T18:42:29.613Z"},{"id":"fd29e8db-d2fa-4c00-8746-ac847f70b844","state":"InvitePending","source_platform":"truecoach","source_person_id":"s00480","display_name":"Synthetic 480","created_at":"2026-09-20T18:42:29.620Z","updated_at":"2026-09-20T18:42:29.620Z"},{"id":"e0df6bfc-30da-46cf-a0e1-11216dcdb57d","state":"InvitePending","source_platform":"truecoach","source_person_id":"s00481","display_name":"Synthetic 481","created_at":"2026-09-20T18:42:29.621Z","updated_at":"2026-09-20T18:42:29.621Z"},{"id":"3ab8d825-59f2-4ee8-8482-8fee35600a9d","state":"InvitePending","source_platform":"truecoach","source_person_id":"s00482","display_name":"Synthetic 482","created_at":"2026-09-20T18:42:29.623Z","updated_at":"2026-09-20T18:42:29.623Z"},{"id":"3655af76-0fca-48b4-9d41-735ab8af9ae8","state":"InvitePending","source_platform":"truecoach","source_person_id":"s00483","display_name":"Synthetic 483","created_at":"2026-09-20T18:42:29.624Z","updated_at":"2026-09-20T18:42:29.624Z"},{"id":"8bf080c7-2b1d-4b5b-ac2f-7f3318582f10","state":"InvitePending","source_platform":"truecoach","source_person_id":"s00484","display_name":"Synthetic 484","created_at":"2026-09-20T18:42:29.626Z","updated_at":"2026-09-20T18:42:29.626Z"},{"id":"1006c5c6-6943-4b39-9fce-e2df6046a543","state":"InvitePending","source_platform":"truecoach","source_person_id":"s00485","display_name":"Synthetic 485","created_at":"2026-09-20T18:42:29.627Z","updated_at":"2026-09-20T18:42:29.627Z"},{"id":"6efcb332-1006-41ec-a066-138fb7d138a9","state":"InvitePending","source_platform":"truecoach","source_person_id":"s00486","display_name":"Synthetic 486","created_at":"2026-09-20T18:42:29.628Z","updated_at":"2026-09-20T18:42:29.628Z"},{"id":"d9c9490b-d523-486b-8780-68adabeada7e","state":"InvitePending","source_platform":"truecoach","source_person_id":"s00487","display_name":"Synthetic 487","created_at":"2026-09-20T18:42:29.630Z","updated_at":"2026-09-20T18:42:29.630Z"},{"id":"8a602cc4-ac60-4a96-b858-f5b4c5f7dfca","state":"InvitePending","source_platform":"truecoach","source_person_id":"s00488","display_name":"Synthetic 488","created_at":"2026-09-20T18:42:29.631Z","updated_at":"2026-09-20T18:42:29.631Z"},{"id":"056dc597-14ae-4531-8065-8f242c3a0842","state":"InvitePending","source_platform":"truecoach","source_person_id":"s00489","display_name":"Synthetic 489","created_at":"2026-09-20T18:42:29.633Z","updated_at":"2026-09-20T18:42:29.633Z"},{"id":"f6e9e4d3-dd94-4826-abc3-58d8488ad396","state":"InvitePending","source_platform":"truecoach","source_person_id":"s00490","display_name":"Synthetic 490","created_at":"2026-09-20T18:42:29.635Z","updated_at":"2026-09-20T18:42:29.635Z"},{"id":"a8170c3b-883d-4bc8-9ad2-9e4f410b41d5","state":"InvitePending","source_platform":"truecoach","source_person_id":"s00491","display_name":"Synthetic 491","created_at":"2026-09-20T18:42:29.636Z","updated_at":"2026-09-20T18:42:29.636Z"},{"id":"13e73cb6-7526-4a03-99a4-e97e9fe3859c","state":"InvitePending","source_platform":"truecoach","source_person_id":"s00492","display_name":"Synthetic 492","created_at":"2026-09-20T18:42:29.637Z","updated_at":"2026-09-20T18:42:29.637Z"},{"id":"1cb51e61-9a39-4c13-b73a-90f1507fed73","state":"InvitePending","source_platform":"truecoach","source_person_id":"s00493","display_name":"Synthetic 493","created_at":"2026-09-20T18:42:29.639Z","updated_at":"2026-09-20T18:42:29.639Z"},{"id":"773d0eef-eefb-4c6f-a6b3-1aab435929ce","state":"InvitePending","source_platform":"truecoach","source_person_id":"s00494","display_name":"Synthetic 494","created_at":"2026-09-20T18:42:29.640Z","updated_at":"2026-09-20T18:42:29.640Z"},{"id":"749e6273-a412-4404-8be5-e7df22254e0d","state":"InvitePending","source_platform":"truecoach","source_person_id":"s00495","display_name":"Synthetic 495","created_at":"2026-09-20T18:42:29.642Z","updated_at":"2026-09-20T18:42:29.642Z"},{"id":"9c0e8351-51bc-4aee-9cde-26a1cdb56ad9","state":"InvitePending","source_platform":"truecoach","source_person_id":"s00496","display_name":"Synthetic 496","created_at":"2026-09-20T18:42:29.644Z","updated_at":"2026-09-20T18:42:29.644Z"},{"id":"638021f4-c53c-4124-9a92-799dfe971266","state":"InvitePending","source_platform":"truecoach","source_person_id":"s00497","display_name":"Synthetic 497","created_at":"2026-09-20T18:42:29.645Z","updated_at":"2026-09-20T18:42:29.645Z"},{"id":"6fd47902-1f5b-4e12-93e8-7c415e8e39d8","state":"InvitePending","source_platform":"truecoach","source_person_id":"s00498","display_name":"Synthetic 498","created_at":"2026-09-20T18:42:29.651Z","updated_at":"2026-09-20T18:42:29.651Z"},{"id":"08d6df8a-cdc1-4a18-b21d-9f0a079a3def","state":"InvitePending","source_platform":"truecoach","source_person_id":"s00499","display_name":"Synthetic 499","created_at":"2026-09-20T18:42:29.652Z","updated_at":"2026-09-20T18:42:29.652Z"},{"id":"3dfbfd16-7c0e-4840-8601-6c407f32407c","state":"InvitePending","source_platform":"truecoach","source_person_id":"s00501","display_name":"Synthetic 501","created_at":"2026-09-20T18:42:29.658Z","updated_at":"2026-09-20T18:42:29.658Z"},{"id":"c4b85076-fb04-4f35-aadb-7a0a1787d5f6","state":"InvitePending","source_platform":"truecoach","source_person_id":"s00502","display_name":"Synthetic 502","created_at":"2026-09-20T18:42:29.659Z","updated_at":"2026-09-20T18:42:29.659Z"},{"id":"9eea1f0d-04fc-4fcf-95b1-67a4d143281d","state":"InvitePending","source_platform":"truecoach","source_person_id":"s00503","display_name":"Synthetic 503","created_at":"2026-09-20T18:42:29.661Z","updated_at":"2026-09-20T18:42:29.661Z"},{"id":"6841611b-fc0d-49ee-acff-b81600292637","state":"InvitePending","source_platform":"truecoach","source_person_id":"s00504","display_name":"Synthetic 504","created_at":"2026-09-20T18:42:29.662Z","updated_at":"2026-09-20T18:42:29.662Z"},{"id":"d6917ccc-c693-47a6-8d2f-15c09cd4a57d","state":"InvitePending","source_platform":"truecoach","source_person_id":"s00505","display_name":"Synthetic 505","created_at":"2026-09-20T18:42:29.663Z","updated_at":"2026-09-20T18:42:29.663Z"},{"id":"a30efd14-a0cd-402c-a304-08365e0c4207","state":"InvitePending","source_platform":"truecoach","source_person_id":"s00506","display_name":"Synthetic 506","created_at":"2026-09-20T18:42:29.665Z","updated_at":"2026-09-20T18:42:29.665Z"},{"id":"cf24bd13-6b62-4b42-82dd-7a21a195868e","state":"InvitePending","source_platform":"truecoach","source_person_id":"s00507","display_name":"Synthetic 507","created_at":"2026-09-20T18:42:29.666Z","updated_at":"2026-09-20T18:42:29.666Z"},{"id":"6ac33c80-8f22-4307-bd98-55b6e184b4f6","state":"InvitePending","source_platform":"truecoach","source_person_id":"s00508","display_name":"Synthetic 508","created_at":"2026-09-20T18:42:29.667Z","updated_at":"2026-09-20T18:42:29.667Z"},{"id":"25d1876c-02a7-4bcb-b50a-28d2e2d9c5e7","state":"InvitePending","source_platform":"truecoach","source_person_id":"s00509","display_name":"Synthetic 509","created_at":"2026-09-20T18:42:29.669Z","updated_at":"2026-09-20T18:42:29.669Z"},{"id":"2bd3f227-ae08-4475-9865-92f80ee91fd4","state":"InvitePending","source_platform":"truecoach","source_person_id":"s00510","display_name":"Synthetic 510","created_at":"2026-09-20T18:42:29.670Z","updated_at":"2026-09-20T18:42:29.670Z"},{"id":"683de3a7-7f97-4df2-b8d7-d1218696e5e8","state":"InvitePending","source_platform":"truecoach","source_person_id":"s00511","display_name":"Synthetic 511","created_at":"2026-09-20T18:42:29.672Z","updated_at":"2026-09-20T18:42:29.672Z"},{"id":"2d0b5040-9d8d-4e23-9577-9a7cad3c462f","state":"InvitePending","source_platform":"truecoach","source_person_id":"s00512","display_name":"Synthetic 512","created_at":"2026-09-20T18:42:29.673Z","updated_at":"2026-09-20T18:42:29.673Z"},{"id":"de2ad2a7-a379-4830-b873-dd139884174c","state":"InvitePending","source_platform":"truecoach","source_person_id":"s00513","display_name":"Synthetic 513","created_at":"2026-09-20T18:42:29.674Z","updated_at":"2026-09-20T18:42:29.674Z"},{"id":"47cf2aca-5e9b-4f6e-b611-bea912e33412","state":"InvitePending","source_platform":"truecoach","source_person_id":"s00514","display_name":"Synthetic 514","created_at":"2026-09-20T18:42:29.676Z","updated_at":"2026-09-20T18:42:29.676Z"},{"id":"8c635ec4-f58a-4eab-a4cd-bdde966483b5","state":"InvitePending","source_platform":"truecoach","source_person_id":"s00515","display_name":"Synthetic 515","created_at":"2026-09-20T18:42:29.677Z","updated_at":"2026-09-20T18:42:29.677Z"},{"id":"08f82e96-5a99-4fe5-84a6-fd885432a850","state":"InvitePending","source_platform":"truecoach","source_person_id":"s00516","display_name":"Synthetic 516","created_at":"2026-09-20T18:42:29.678Z","updated_at":"2026-09-20T18:42:29.678Z"},{"id":"ee05f9b6-fc79-488a-81e4-673c474554a8","state":"InvitePending","source_platform":"truecoach","source_person_id":"s00517","display_name":"Synthetic 517","created_at":"2026-09-20T18:42:29.680Z","updated_at":"2026-09-20T18:42:29.680Z"},{"id":"d68399b6-1533-4738-b62f-83de8b1aa0e6","state":"InvitePending","source_platform":"truecoach","source_person_id":"s00518","display_name":"Synthetic 518","created_at":"2026-09-20T18:42:29.681Z","updated_at":"2026-09-20T18:42:29.681Z"},{"id":"f9192b68-0f14-48f2-a9d9-4cfaf358e690","state":"InvitePending","source_platform":"truecoach","source_person_id":"s00519","display_name":"Synthetic 519","created_at":"2026-09-20T18:42:29.683Z","updated_at":"2026-09-20T18:42:29.683Z"},{"id":"1a73a365-c4a4-4d20-89e6-4af4af799de0","state":"InvitePending","source_platform":"truecoach","source_person_id":"s00520","display_name":"Synthetic 520","created_at":"2026-09-20T18:42:29.684Z","updated_at":"2026-09-20T18:42:29.684Z"},{"id":"541b4e0c-170a-42b3-8176-91aaeebb6a65","state":"InvitePending","source_platform":"truecoach","source_person_id":"s00521","display_name":"Synthetic 521","created_at":"2026-09-20T18:42:29.685Z","updated_at":"2026-09-20T18:42:29.685Z"},{"id":"76c416bb-bd50-4d0c-a87a-b9d6e182d82d","state":"InvitePending","source_platform":"truecoach","source_person_id":"s00522","display_name":"Synthetic 522","created_at":"2026-09-20T18:42:29.687Z","updated_at":"2026-09-20T18:42:29.687Z"},{"id":"4f666a6e-ed23-4e7c-aab6-4a0cc676a33a","state":"InvitePending","source_platform":"truecoach","source_person_id":"s00523","display_name":"Synthetic 523","created_at":"2026-09-20T18:42:29.688Z","updated_at":"2026-09-20T18:42:29.688Z"},{"id":"ab5d8103-34e5-4c93-9535-a31c458ccc61","state":"InvitePending","source_platform":"truecoach","source_person_id":"s00524","display_name":"Synthetic 524","created_at":"2026-09-20T18:42:29.690Z","updated_at":"2026-09-20T18:42:29.690Z"},{"id":"b35f0235-fd12-447d-8b37-79bec051a2f1","state":"InvitePending","source_platform":"truecoach","source_person_id":"s00525","display_name":"Synthetic 525","created_at":"2026-09-20T18:42:29.691Z","updated_at":"2026-09-20T18:42:29.691Z"},{"id":"246e53c2-10ac-48a8-a2f3-7ddeac366bf8","state":"InvitePending","source_platform":"truecoach","source_person_id":"s00526","display_name":"Synthetic 526","created_at":"2026-09-20T18:42:29.692Z","updated_at":"2026-09-20T18:42:29.692Z"},{"id":"e72149d7-c892-4b2f-b573-b8dd2081f09d","state":"InvitePending","source_platform":"truecoach","source_person_id":"s00527","display_name":"Synthetic 527","created_at":"2026-09-20T18:42:29.694Z","updated_at":"2026-09-20T18:42:29.694Z"},{"id":"cfa928a7-cf7d-4141-a4cd-b4ce87a46a8d","state":"InvitePending","source_platform":"truecoach","source_person_id":"s00528","display_name":"Synthetic 528","created_at":"2026-09-20T18:42:29.696Z","updated_at":"2026-09-20T18:42:29.696Z"},{"id":"2fa65f9c-2223-46b4-9ba0-c67321eceaee","state":"InvitePending","source_platform":"truecoach","source_person_id":"s00529","display_name":"Synthetic 529","created_at":"2026-09-20T18:42:29.697Z","updated_at":"2026-09-20T18:42:29.697Z"},{"id":"7e62e61e-62cc-4bf9-ad41-5ee11d6fb830","state":"InvitePending","source_platform":"truecoach","source_person_id":"s00530","display_name":"Synthetic 530","created_at":"2026-09-20T18:42:29.699Z","updated_at":"2026-09-20T18:42:29.699Z"},{"id":"c766c1ce-2191-483a-8cfb-69d8cc3bddce","state":"InvitePending","source_platform":"truecoach","source_person_id":"s00531","display_name":"Synthetic 531","created_at":"2026-09-20T18:42:29.701Z","updated_at":"2026-09-20T18:42:29.701Z"},{"id":"8331c6d6-b930-45ae-92da-9d22f76a24aa","state":"InvitePending","source_platform":"truecoach","source_person_id":"s00532","display_name":"Synthetic 532","created_at":"2026-09-20T18:42:29.702Z","updated_at":"2026-09-20T18:42:29.702Z"},{"id":"d2cd250f-8f5c-4f1a-8902-025839d652b6","state":"InvitePending","source_platform":"truecoach","source_person_id":"s00533","display_name":"Synthetic 533","created_at":"2026-09-20T18:42:29.705Z","updated_at":"2026-09-20T18:42:29.705Z"},{"id":"ad866abb-d070-4925-90a9-851e5d82c281","state":"InvitePending","source_platform":"truecoach","source_person_id":"s00534","display_name":"Synthetic 534","created_at":"2026-09-20T18:42:29.706Z","updated_at":"2026-09-20T18:42:29.706Z"},{"id":"522f1209-1cdc-4335-bb0a-edbdde9e7cd2","state":"InvitePending","source_platform":"truecoach","source_person_id":"s00535","display_name":"Synthetic 535","created_at":"2026-09-20T18:42:29.707Z","updated_at":"2026-09-20T18:42:29.707Z"},{"id":"6ed5a852-b0a9-4e4c-9006-cc56df1a1401","state":"InvitePending","source_platform":"truecoach","source_person_id":"s00536","display_name":"Synthetic 536","created_at":"2026-09-20T18:42:29.709Z","updated_at":"2026-09-20T18:42:29.709Z"},{"id":"c6c8b7f5-524c-406c-a014-7d6f8fa5ffca","state":"InvitePending","source_platform":"truecoach","source_person_id":"s00537","display_name":"Synthetic 537","created_at":"2026-09-20T18:42:29.710Z","updated_at":"2026-09-20T18:42:29.710Z"},{"id":"1026e1c7-dacd-4fcf-b526-f0f9febcf1d1","state":"InvitePending","source_platform":"truecoach","source_person_id":"s00538","display_name":"Synthetic 538","created_at":"2026-09-20T18:42:29.716Z","updated_at":"2026-09-20T18:42:29.716Z"},{"id":"492d34ee-9cb6-45f1-8de6-404fbb368d4b","state":"InvitePending","source_platform":"truecoach","source_person_id":"s00539","display_name":"Synthetic 539","created_at":"2026-09-20T18:42:29.718Z","updated_at":"2026-09-20T18:42:29.718Z"},{"id":"56aea6ba-815a-4b2a-9cc2-13dda5ee14ee","state":"InvitePending","source_platform":"truecoach","source_person_id":"s00540","display_name":"Synthetic 540","created_at":"2026-09-20T18:42:29.719Z","updated_at":"2026-09-20T18:42:29.719Z"},{"id":"1be60f0f-e69c-4f22-9092-5f527521d3ad","state":"InvitePending","source_platform":"truecoach","source_person_id":"s00541","display_name":"Synthetic 541","created_at":"2026-09-20T18:42:29.720Z","updated_at":"2026-09-20T18:42:29.720Z"},{"id":"737240f7-b231-497a-a158-0edaaecc9750","state":"InvitePending","source_platform":"truecoach","source_person_id":"s00542","display_name":"Synthetic 542","created_at":"2026-09-20T18:42:29.722Z","updated_at":"2026-09-20T18:42:29.722Z"},{"id":"398f5431-ff8a-4edf-8cd7-ec6d7d1001ab","state":"InvitePending","source_platform":"truecoach","source_person_id":"s00543","display_name":"Synthetic 543","created_at":"2026-09-20T18:42:29.723Z","updated_at":"2026-09-20T18:42:29.723Z"},{"id":"ae4e3496-d7ca-4095-8152-f44606d2507f","state":"InvitePending","source_platform":"truecoach","source_person_id":"s00544","display_name":"Synthetic 544","created_at":"2026-09-20T18:42:29.725Z","updated_at":"2026-09-20T18:42:29.725Z"},{"id":"8fe281ff-4275-4ca8-83c6-fcef678f47ff","state":"InvitePending","source_platform":"truecoach","source_person_id":"s00545","display_name":"Synthetic 545","created_at":"2026-09-20T18:42:29.726Z","updated_at":"2026-09-20T18:42:29.726Z"},{"id":"fa1b120d-031d-44bd-8608-19f1070d5936","state":"InvitePending","source_platform":"truecoach","source_person_id":"s00546","display_name":"Synthetic 546","created_at":"2026-09-20T18:42:29.728Z","updated_at":"2026-09-20T18:42:29.728Z"},{"id":"c9698a7f-6352-4b79-a92f-601f8399c9e5","state":"InvitePending","source_platform":"truecoach","source_person_id":"s00547","display_name":"Synthetic 547","created_at":"2026-09-20T18:42:29.729Z","updated_at":"2026-09-20T18:42:29.729Z"},{"id":"735353ba-c85d-4f9b-9ce7-49970ded62d0","state":"InvitePending","source_platform":"truecoach","source_person_id":"s00548","display_name":"Synthetic 548","created_at":"2026-09-20T18:42:29.733Z","updated_at":"2026-09-20T18:42:29.733Z"},{"id":"51dc20be-4371-4be0-b056-eaf559588930","state":"InvitePending","source_platform":"truecoach","source_person_id":"s00549","display_name":"Synthetic 549","created_at":"2026-09-20T18:42:29.734Z","updated_at":"2026-09-20T18:42:29.734Z"},{"id":"e33a4bb5-11b3-4a61-856d-5e8a2cd4d8e8","state":"InvitePending","source_platform":"truecoach","source_person_id":"s00551","display_name":"Synthetic 551","created_at":"2026-09-20T18:42:29.737Z","updated_at":"2026-09-20T18:42:29.737Z"},{"id":"a4f68ea4-fcbb-459d-8081-8ccda5b8822b","state":"InvitePending","source_platform":"truecoach","source_person_id":"s00552","display_name":"Synthetic 552","created_at":"2026-09-20T18:42:29.739Z","updated_at":"2026-09-20T18:42:29.739Z"},{"id":"8e861581-cfc2-472b-a632-4b6ac15e6c6a","state":"InvitePending","source_platform":"truecoach","source_person_id":"s00553","display_name":"Synthetic 553","created_at":"2026-09-20T18:42:29.740Z","updated_at":"2026-09-20T18:42:29.740Z"},{"id":"dae515cb-867f-40cd-a205-c150b683b86f","state":"InvitePending","source_platform":"truecoach","source_person_id":"s00554","display_name":"Synthetic 554","created_at":"2026-09-20T18:42:29.742Z","updated_at":"2026-09-20T18:42:29.742Z"},{"id":"c21ce987-a152-42b0-ae7d-b7f0bac147a7","state":"InvitePending","source_platform":"truecoach","source_person_id":"s00555","display_name":"Synthetic 555","created_at":"2026-09-20T18:42:29.743Z","updated_at":"2026-09-20T18:42:29.743Z"},{"id":"3f5945fe-ce67-48ce-8faf-eb70275ae35c","state":"InvitePending","source_platform":"truecoach","source_person_id":"s00556","display_name":"Synthetic 556","created_at":"2026-09-20T18:42:29.744Z","updated_at":"2026-09-20T18:42:29.744Z"},{"id":"08450a58-e315-43a6-80be-db79a7f0296a","state":"InvitePending","source_platform":"truecoach","source_person_id":"s00557","display_name":"Synthetic 557","created_at":"2026-09-20T18:42:29.746Z","updated_at":"2026-09-20T18:42:29.746Z"},{"id":"f9482f0a-2993-4491-8185-93e1855b3670","state":"InvitePending","source_platform":"truecoach","source_person_id":"s00558","display_name":"Synthetic 558","created_at":"2026-09-20T18:42:29.747Z","updated_at":"2026-09-20T18:42:29.747Z"},{"id":"897412fb-0440-4da2-83ec-d2f233de0bc5","state":"InvitePending","source_platform":"truecoach","source_person_id":"s00559","display_name":"Synthetic 559","created_at":"2026-09-20T18:42:29.749Z","updated_at":"2026-09-20T18:42:29.749Z"},{"id":"15c00157-40c0-4cb6-9d8f-c9c7e93f7fca","state":"InvitePending","source_platform":"truecoach","source_person_id":"s00560","display_name":"Synthetic 560","created_at":"2026-09-20T18:42:29.750Z","updated_at":"2026-09-20T18:42:29.750Z"},{"id":"6a5aee0b-3607-4906-82a4-786ca7c90c97","state":"InvitePending","source_platform":"truecoach","source_person_id":"s00561","display_name":"Synthetic 561","created_at":"2026-09-20T18:42:29.751Z","updated_at":"2026-09-20T18:42:29.751Z"},{"id":"47d53ebc-3e0c-4263-ae14-d62c1263b294","state":"InvitePending","source_platform":"truecoach","source_person_id":"s00562","display_name":"Synthetic 562","created_at":"2026-09-20T18:42:29.753Z","updated_at":"2026-09-20T18:42:29.753Z"},{"id":"f76275f6-944d-47e9-9b7c-4554ad0d6eaa","state":"InvitePending","source_platform":"truecoach","source_person_id":"s00563","display_name":"Synthetic 563","created_at":"2026-09-20T18:42:29.754Z","updated_at":"2026-09-20T18:42:29.754Z"},{"id":"d8140cb8-11ed-482e-933b-8ea48d7b5ad5","state":"InvitePending","source_platform":"truecoach","source_person_id":"s00564","display_name":"Synthetic 564","created_at":"2026-09-20T18:42:29.755Z","updated_at":"2026-09-20T18:42:29.755Z"},{"id":"e5f3149b-6e9f-469f-8735-5c6eb31421e0","state":"InvitePending","source_platform":"truecoach","source_person_id":"s00565","display_name":"Synthetic 565","created_at":"2026-09-20T18:42:29.757Z","updated_at":"2026-09-20T18:42:29.757Z"},{"id":"67a7d78e-792c-4e3c-8ae8-677fb2b1abfe","state":"InvitePending","source_platform":"truecoach","source_person_id":"s00566","display_name":"Synthetic 566","created_at":"2026-09-20T18:42:29.758Z","updated_at":"2026-09-20T18:42:29.758Z"},{"id":"239b7281-3e19-47dd-8528-64c5971a3f32","state":"InvitePending","source_platform":"truecoach","source_person_id":"s00567","display_name":"Synthetic 567","created_at":"2026-09-20T18:42:29.760Z","updated_at":"2026-09-20T18:42:29.760Z"},{"id":"f3b99de2-6897-4dd9-9f11-b0d530c888ff","state":"InvitePending","source_platform":"truecoach","source_person_id":"s00568","display_name":"Synthetic 568","created_at":"2026-09-20T18:42:29.761Z","updated_at":"2026-09-20T18:42:29.761Z"},{"id":"21ec513c-5ea3-4c5c-944b-1f0ee434257a","state":"InvitePending","source_platform":"truecoach","source_person_id":"s00569","display_name":"Synthetic 569","created_at":"2026-09-20T18:42:29.762Z","updated_at":"2026-09-20T18:42:29.762Z"},{"id":"b40faf9b-a3b3-4a95-84e6-37e60825edfb","state":"InvitePending","source_platform":"truecoach","source_person_id":"s00570","display_name":"Synthetic 570","created_at":"2026-09-20T18:42:29.764Z","updated_at":"2026-09-20T18:42:29.764Z"},{"id":"f011e04d-231d-45f4-aef9-1c1c766be3c1","state":"InvitePending","source_platform":"truecoach","source_person_id":"s00571","display_name":"Synthetic 571","created_at":"2026-09-20T18:42:29.765Z","updated_at":"2026-09-20T18:42:29.765Z"},{"id":"063749c5-20f0-4178-8a7c-7973a9750f1d","state":"InvitePending","source_platform":"truecoach","source_person_id":"s00572","display_name":"Synthetic 572","created_at":"2026-09-20T18:42:29.766Z","updated_at":"2026-09-20T18:42:29.766Z"},{"id":"a34dc201-bdc1-4bcc-af78-d409774ebaf6","state":"InvitePending","source_platform":"truecoach","source_person_id":"s00573","display_name":"Synthetic 573","created_at":"2026-09-20T18:42:29.771Z","updated_at":"2026-09-20T18:42:29.771Z"},{"id":"98c1104f-4fe6-4dad-8444-47e89e8f601d","state":"InvitePending","source_platform":"truecoach","source_person_id":"s00574","display_name":"Synthetic 574","created_at":"2026-09-20T18:42:29.776Z","updated_at":"2026-09-20T18:42:29.776Z"},{"id":"09392e76-0fd2-4bbb-9c9e-5e44e635f28a","state":"InvitePending","source_platform":"truecoach","source_person_id":"s00575","display_name":"Synthetic 575","created_at":"2026-09-20T18:42:29.778Z","updated_at":"2026-09-20T18:42:29.778Z"},{"id":"d8985130-0092-4d2a-ac74-edea10ea9bb4","state":"InvitePending","source_platform":"truecoach","source_person_id":"s00576","display_name":"Synthetic 576","created_at":"2026-09-20T18:42:29.779Z","updated_at":"2026-09-20T18:42:29.779Z"},{"id":"131cdb76-5a5b-48ea-ba71-3b4fc845e317","state":"InvitePending","source_platform":"truecoach","source_person_id":"s00577","display_name":"Synthetic 577","created_at":"2026-09-20T18:42:29.781Z","updated_at":"2026-09-20T18:42:29.781Z"},{"id":"eac4ce00-907a-4d85-b8c0-cc12177e52d7","state":"InvitePending","source_platform":"truecoach","source_person_id":"s00578","display_name":"Synthetic 578","created_at":"2026-09-20T18:42:29.783Z","updated_at":"2026-09-20T18:42:29.783Z"},{"id":"32c2448c-f4c5-4ebb-8f1a-036f6bb57689","state":"InvitePending","source_platform":"truecoach","source_person_id":"s00579","display_name":"Synthetic 579","created_at":"2026-09-20T18:42:29.784Z","updated_at":"2026-09-20T18:42:29.784Z"},{"id":"c03a2126-6eb3-46ea-8822-7f22d377e7f2","state":"InvitePending","source_platform":"truecoach","source_person_id":"s00580","display_name":"Synthetic 580","created_at":"2026-09-20T18:42:29.786Z","updated_at":"2026-09-20T18:42:29.786Z"},{"id":"222fb5c1-83b7-40f2-a225-1b19a31f3a11","state":"InvitePending","source_platform":"truecoach","source_person_id":"s00581","display_name":"Synthetic 581","created_at":"2026-09-20T18:42:29.788Z","updated_at":"2026-09-20T18:42:29.788Z"},{"id":"093fc52f-2b87-47b7-9b02-4673933b8244","state":"InvitePending","source_platform":"truecoach","source_person_id":"s00582","display_name":"Synthetic 582","created_at":"2026-09-20T18:42:29.789Z","updated_at":"2026-09-20T18:42:29.789Z"},{"id":"fa847346-f53d-454a-a542-e9acfb43ce19","state":"InvitePending","source_platform":"truecoach","source_person_id":"s00583","display_name":"Synthetic 583","created_at":"2026-09-20T18:42:29.791Z","updated_at":"2026-09-20T18:42:29.791Z"},{"id":"76cf8c9c-0166-4f47-a18e-b5de44921ddd","state":"InvitePending","source_platform":"truecoach","source_person_id":"s00584","display_name":"Synthetic 584","created_at":"2026-09-20T18:42:29.792Z","updated_at":"2026-09-20T18:42:29.792Z"},{"id":"ebc75820-4cf3-44bd-979a-78b265e22549","state":"InvitePending","source_platform":"truecoach","source_person_id":"s00585","display_name":"Synthetic 585","created_at":"2026-09-20T18:42:29.794Z","updated_at":"2026-09-20T18:42:29.794Z"},{"id":"7f7c2f7e-0f82-4c4f-b865-fbcd1b4b1e0a","state":"InvitePending","source_platform":"truecoach","source_person_id":"s00586","display_name":"Synthetic 586","created_at":"2026-09-20T18:42:29.795Z","updated_at":"2026-09-20T18:42:29.795Z"},{"id":"0db6e56e-2ca7-43de-ae96-7e90e7b18756","state":"InvitePending","source_platform":"truecoach","source_person_id":"s00587","display_name":"Synthetic 587","created_at":"2026-09-20T18:42:29.799Z","updated_at":"2026-09-20T18:42:29.799Z"},{"id":"8f14c07c-b0c2-450f-a97d-cd03897dd6bb","state":"InvitePending","source_platform":"truecoach","source_person_id":"s00588","display_name":"Synthetic 588","created_at":"2026-09-20T18:42:29.800Z","updated_at":"2026-09-20T18:42:29.800Z"},{"id":"90dc5496-48c0-452e-a4a8-d9122a85834a","state":"InvitePending","source_platform":"truecoach","source_person_id":"s00589","display_name":"Synthetic 589","created_at":"2026-09-20T18:42:29.802Z","updated_at":"2026-09-20T18:42:29.802Z"},{"id":"d7d98bb1-fe26-464f-999e-e32a96b52251","state":"InvitePending","source_platform":"truecoach","source_person_id":"s00590","display_name":"Synthetic 590","created_at":"2026-09-20T18:42:29.803Z","updated_at":"2026-09-20T18:42:29.803Z"},{"id":"32f81a3e-09a4-4479-8349-c894a786ba2b","state":"InvitePending","source_platform":"truecoach","source_person_id":"s00591","display_name":"Synthetic 591","created_at":"2026-09-20T18:42:29.805Z","updated_at":"2026-09-20T18:42:29.805Z"},{"id":"4976baa6-c675-43e7-b91c-9ed4d5fc335b","state":"InvitePending","source_platform":"truecoach","source_person_id":"s00592","display_name":"Synthetic 592","created_at":"2026-09-20T18:42:29.806Z","updated_at":"2026-09-20T18:42:29.806Z"},{"id":"e93b99e7-7b61-498a-bdf8-7fe6740d66a6","state":"InvitePending","source_platform":"truecoach","source_person_id":"s00593","display_name":"Synthetic 593","created_at":"2026-09-20T18:42:29.808Z","updated_at":"2026-09-20T18:42:29.808Z"},{"id":"e8f78771-5207-4105-8cfd-4588adb1f425","state":"InvitePending","source_platform":"truecoach","source_person_id":"s00594","display_name":"Synthetic 594","created_at":"2026-09-20T18:42:29.809Z","updated_at":"2026-09-20T18:42:29.809Z"},{"id":"e28fbfd4-3322-4bbc-b4fa-f5a26dada631","state":"InvitePending","source_platform":"truecoach","source_person_id":"s00595","display_name":"Synthetic 595","created_at":"2026-09-20T18:42:29.815Z","updated_at":"2026-09-20T18:42:29.815Z"},{"id":"aab83e7c-c582-496d-9059-2363a69ff35a","state":"InvitePending","source_platform":"truecoach","source_person_id":"s00596","display_name":"Synthetic 596","created_at":"2026-09-20T18:42:29.816Z","updated_at":"2026-09-20T18:42:29.816Z"},{"id":"7d401b59-1936-4c4c-84b9-88709f0d80b6","state":"InvitePending","source_platform":"truecoach","source_person_id":"s00597","display_name":"Synthetic 597","created_at":"2026-09-20T18:42:29.818Z","updated_at":"2026-09-20T18:42:29.818Z"},{"id":"0fbae1ce-5612-41d6-8206-be28da5d13af","state":"InvitePending","source_platform":"truecoach","source_person_id":"s00598","display_name":"Synthetic 598","created_at":"2026-09-20T18:42:29.819Z","updated_at":"2026-09-20T18:42:29.819Z"},{"id":"ed06116b-c643-41dc-ae73-8ef5316d37e0","state":"InvitePending","source_platform":"truecoach","source_person_id":"s00599","display_name":"Synthetic 599","created_at":"2026-09-20T18:42:29.821Z","updated_at":"2026-09-20T18:42:29.821Z"}],"page":{"limit":200,"next_cursor":null,"has_more":false}},"queries":8,"pid":19526}

      158 |       if (code !== 0 || !result) { reject(new Error(`worker exited ${code}: ${output}`)); return; }
      159 |       // Query shapes, outcomes, fixture identifiers and process IDs only; never parameters.
    > 160 |       console.warn('PG17_PROCESS', JSON.stringify({ name, old, options: { ...options, cursor: options.cursor ? '<cursor>' : undefined },
          |               ^
      161 |         result: result.result, failure: result.failure, queries: result.queries.length, pid: result.pid }));
      162 |       resolveDone(result);
      163 |     };

      at settleWorker (test/utils/g2-pg17-harness.ts:160:15)
      at ChildProcess.<anonymous> (test/utils/g2-pg17-harness.ts:165:51)

  console.warn
    PG17_PROCESS {"name":"g2p17_15","old":true,"options":{"family":"workouts"},"result":{"intent_id":"intent","staged":30,"reconstructed":38,"skipped":8,"failed":9},"queries":124,"pid":19566}

      158 |       if (code !== 0 || !result) { reject(new Error(`worker exited ${code}: ${output}`)); return; }
      159 |       // Query shapes, outcomes, fixture identifiers and process IDs only; never parameters.
    > 160 |       console.warn('PG17_PROCESS', JSON.stringify({ name, old, options: { ...options, cursor: options.cursor ? '<cursor>' : undefined },
          |               ^
      161 |         result: result.result, failure: result.failure, queries: result.queries.length, pid: result.pid }));
      162 |       resolveDone(result);
      163 |     };

      at settleWorker (test/utils/g2-pg17-harness.ts:160:15)
      at ChildProcess.<anonymous> (test/utils/g2-pg17-harness.ts:165:51)

  console.warn
    PG17_PROCESS {"name":"g2p17_16","old":true,"options":{},"result":{"intent_id":"intent","staged":600,"reconstructed":596,"skipped":8,"failed":21},"queries":2405,"pid":19584}

      158 |       if (code !== 0 || !result) { reject(new Error(`worker exited ${code}: ${output}`)); return; }
      159 |       // Query shapes, outcomes, fixture identifiers and process IDs only; never parameters.
    > 160 |       console.warn('PG17_PROCESS', JSON.stringify({ name, old, options: { ...options, cursor: options.cursor ? '<cursor>' : undefined },
          |               ^
      161 |         result: result.result, failure: result.failure, queries: result.queries.length, pid: result.pid }));
      162 |       resolveDone(result);
      163 |     };

      at settleWorker (test/utils/g2-pg17-harness.ts:160:15)
      at ChildProcess.<anonymous> (test/utils/g2-pg17-harness.ts:165:51)

  console.warn
    PG17_PROCESS {"name":"g2p17_17","old":true,"options":{"action":"roster","family":"clients","limit":7},"result":{"intent_id":"intent","accounting":{"staged":600,"reconstructed":596,"skipped":8,"failed":21},"persons":[],"page":{"limit":7,"next_cursor":"aDAwMDIw","has_more":true}},"queries":8,"pid":19600}

      158 |       if (code !== 0 || !result) { reject(new Error(`worker exited ${code}: ${output}`)); return; }
      159 |       // Query shapes, outcomes, fixture identifiers and process IDs only; never parameters.
    > 160 |       console.warn('PG17_PROCESS', JSON.stringify({ name, old, options: { ...options, cursor: options.cursor ? '<cursor>' : undefined },
          |               ^
      161 |         result: result.result, failure: result.failure, queries: result.queries.length, pid: result.pid }));
      162 |       resolveDone(result);
      163 |     };

      at settleWorker (test/utils/g2-pg17-harness.ts:160:15)
      at ChildProcess.<anonymous> (test/utils/g2-pg17-harness.ts:165:51)

  console.warn
    PG17_PROCESS {"name":"g2p17_18","old":true,"options":{"action":"roster","family":"clients","cursor":"<cursor>","limit":7},"result":{"intent_id":"intent","accounting":{"staged":600,"reconstructed":596,"skipped":8,"failed":21},"persons":[{"id":"4ee521f3-0278-4317-adb4-ac751a6305ca","state":"InvitePending","source_platform":"truecoach","source_person_id":"s00001","display_name":"Synthetic 1","created_at":"2026-09-20T18:42:28.783Z","updated_at":"2026-09-20T18:42:44.083Z"},{"id":"1b77f293-06a9-4816-b2c0-cdec059bb8a0","state":"InvitePending","source_platform":"truecoach","source_person_id":"s00002","display_name":"Synthetic 2","created_at":"2026-09-20T18:42:28.787Z","updated_at":"2026-09-20T18:42:44.087Z"},{"id":"b8a5b170-eadd-4218-ac12-c0bdc7cacfa5","state":"InvitePending","source_platform":"truecoach","source_person_id":"s00003","display_name":"Synthetic 3","created_at":"2026-09-20T18:42:28.789Z","updated_at":"2026-09-20T18:42:44.089Z"},{"id":"e000c891-866f-42d6-b000-4e7b32cbdfd8","state":"InvitePending","source_platform":"truecoach","source_person_id":"s00004","display_name":"Synthetic 4","created_at":"2026-09-20T18:42:28.792Z","updated_at":"2026-09-20T18:42:44.091Z"},{"id":"8baab3ed-82a5-4a9c-a808-d43d47298047","state":"InvitePending","source_platform":"truecoach","source_person_id":"s00005","display_name":"Synthetic 5","created_at":"2026-09-20T18:42:28.794Z","updated_at":"2026-09-20T18:42:44.093Z"},{"id":"d6b4c32c-acbd-4446-938a-341f5e11d3cd","state":"InvitePending","source_platform":"truecoach","source_person_id":"s00006","display_name":"Synthetic 6","created_at":"2026-09-20T18:42:28.795Z","updated_at":"2026-09-20T18:42:44.095Z"}],"page":{"limit":7,"next_cursor":"czAwMDA2","has_more":true}},"queries":8,"pid":19616}

      158 |       if (code !== 0 || !result) { reject(new Error(`worker exited ${code}: ${output}`)); return; }
      159 |       // Query shapes, outcomes, fixture identifiers and process IDs only; never parameters.
    > 160 |       console.warn('PG17_PROCESS', JSON.stringify({ name, old, options: { ...options, cursor: options.cursor ? '<cursor>' : undefined },
          |               ^
      161 |         result: result.result, failure: result.failure, queries: result.queries.length, pid: result.pid }));
      162 |       resolveDone(result);
      163 |     };

      at settleWorker (test/utils/g2-pg17-harness.ts:160:15)
      at ChildProcess.<anonymous> (test/utils/g2-pg17-harness.ts:165:51)

  console.warn
    PG17_PROCESS {"name":"g2p17_19","old":true,"options":{"action":"roster","family":"clients","cursor":"<cursor>","limit":7},"result":{"intent_id":"intent","accounting":{"staged":600,"reconstructed":596,"skipped":8,"failed":21},"persons":[{"id":"4754a6f8-59f0-48d7-b44f-442d4a701468","state":"InvitePending","source_platform":"truecoach","source_person_id":"s00007","display_name":"Synthetic 7","created_at":"2026-09-20T18:42:28.797Z","updated_at":"2026-09-20T18:42:44.097Z"},{"id":"912a8127-4ace-4777-ab5c-e8ee8d291fc2","state":"InvitePending","source_platform":"truecoach","source_person_id":"s00008","display_name":"Synthetic 8","created_at":"2026-09-20T18:42:28.799Z","updated_at":"2026-09-20T18:42:44.099Z"},{"id":"34785827-2af6-4f38-b95b-6f0f20180f5a","state":"InvitePending","source_platform":"truecoach","source_person_id":"s00009","display_name":"Synthetic 9","created_at":"2026-09-20T18:42:28.801Z","updated_at":"2026-09-20T18:42:44.100Z"},{"id":"ad711542-420c-416e-80c8-aba37d5053f5","state":"InvitePending","source_platform":"truecoach","source_person_id":"s00010","display_name":"Synthetic 10","created_at":"2026-09-20T18:42:28.802Z","updated_at":"2026-09-20T18:42:44.102Z"},{"id":"3daf8ed6-032d-4ccb-84e0-b270956ef9df","state":"InvitePending","source_platform":"truecoach","source_person_id":"s00011","display_name":"Synthetic 11","created_at":"2026-09-20T18:42:28.804Z","updated_at":"2026-09-20T18:42:44.104Z"},{"id":"09e99ffc-48b8-4fc1-b222-3dcd4648bc1f","state":"InvitePending","source_platform":"truecoach","source_person_id":"s00012","display_name":"Synthetic 12","created_at":"2026-09-20T18:42:28.807Z","updated_at":"2026-09-20T18:42:44.108Z"},{"id":"d53a4072-6a78-4d9e-a94f-3ebbfdd4e008","state":"InvitePending","source_platform":"truecoach","source_person_id":"s00013","display_name":"Synthetic 13","created_at":"2026-09-20T18:42:28.809Z","updated_at":"2026-09-20T18:42:44.109Z"}],"page":{"limit":7,"next_cursor":"czAwMDEz","has_more":true}},"queries":8,"pid":19633}

      158 |       if (code !== 0 || !result) { reject(new Error(`worker exited ${code}: ${output}`)); return; }
      159 |       // Query shapes, outcomes, fixture identifiers and process IDs only; never parameters.
    > 160 |       console.warn('PG17_PROCESS', JSON.stringify({ name, old, options: { ...options, cursor: options.cursor ? '<cursor>' : undefined },
          |               ^
      161 |         result: result.result, failure: result.failure, queries: result.queries.length, pid: result.pid }));
      162 |       resolveDone(result);
      163 |     };

      at settleWorker (test/utils/g2-pg17-harness.ts:160:15)
      at ChildProcess.<anonymous> (test/utils/g2-pg17-harness.ts:165:51)

  console.warn
    PG17_PROCESS {"name":"g2p17_20","old":true,"options":{"action":"roster","family":"clients","cursor":"<cursor>","limit":7},"result":{"intent_id":"intent","accounting":{"staged":600,"reconstructed":596,"skipped":8,"failed":21},"persons":[{"id":"bc1af52f-c4ab-4ef3-a771-6362d49024a2","state":"InvitePending","source_platform":"truecoach","source_person_id":"s00014","display_name":"Synthetic 14","created_at":"2026-09-20T18:42:28.810Z","updated_at":"2026-09-20T18:42:44.111Z"},{"id":"a6d12b94-3217-4d80-b7a8-b70e1169f760","state":"InvitePending","source_platform":"truecoach","source_person_id":"s00015","display_name":"Synthetic 15","created_at":"2026-09-20T18:42:28.812Z","updated_at":"2026-09-20T18:42:44.113Z"},{"id":"edc92d0d-5a0a-48dd-b42e-5ee27a4ba387","state":"InvitePending","source_platform":"truecoach","source_person_id":"s00016","display_name":"Synthetic 16","created_at":"2026-09-20T18:42:28.813Z","updated_at":"2026-09-20T18:42:44.115Z"},{"id":"40111938-1747-4dc9-9a63-b73332ad08a0","state":"InvitePending","source_platform":"truecoach","source_person_id":"s00017","display_name":"Synthetic 17","created_at":"2026-09-20T18:42:28.815Z","updated_at":"2026-09-20T18:42:44.116Z"},{"id":"919ea428-974b-45d7-b9dc-df5c43a8382a","state":"InvitePending","source_platform":"truecoach","source_person_id":"s00018","display_name":"Synthetic 18","created_at":"2026-09-20T18:42:28.817Z","updated_at":"2026-09-20T18:42:44.118Z"},{"id":"b01009f5-1b6f-4ab0-81d6-8cefa25313eb","state":"InvitePending","source_platform":"truecoach","source_person_id":"s00019","display_name":"Synthetic 19","created_at":"2026-09-20T18:42:28.818Z","updated_at":"2026-09-20T18:42:44.119Z"},{"id":"bfaffc1a-8809-4989-af69-42d5749dcbcc","state":"InvitePending","source_platform":"truecoach","source_person_id":"s00020","display_name":"Synthetic 20","created_at":"2026-09-20T18:42:28.820Z","updated_at":"2026-09-20T18:42:44.121Z"}],"page":{"limit":7,"next_cursor":"czAwMDIw","has_more":true}},"queries":8,"pid":19649}

      158 |       if (code !== 0 || !result) { reject(new Error(`worker exited ${code}: ${output}`)); return; }
      159 |       // Query shapes, outcomes, fixture identifiers and process IDs only; never parameters.
    > 160 |       console.warn('PG17_PROCESS', JSON.stringify({ name, old, options: { ...options, cursor: options.cursor ? '<cursor>' : undefined },
          |               ^
      161 |         result: result.result, failure: result.failure, queries: result.queries.length, pid: result.pid }));
      162 |       resolveDone(result);
      163 |     };

      at settleWorker (test/utils/g2-pg17-harness.ts:160:15)
      at ChildProcess.<anonymous> (test/utils/g2-pg17-harness.ts:165:51)

  console.warn
    PG17_PROCESS {"name":"g2p17_21","old":true,"options":{"action":"roster","family":"clients","cursor":"<cursor>","limit":7},"result":{"intent_id":"intent","accounting":{"staged":600,"reconstructed":596,"skipped":8,"failed":21},"persons":[{"id":"8c0d5ab0-56fd-4ba4-86ac-fba5d52d18fb","state":"InvitePending","source_platform":"truecoach","source_person_id":"s00021","display_name":"Synthetic 21","created_at":"2026-09-20T18:42:28.821Z","updated_at":"2026-09-20T18:42:44.123Z"},{"id":"371833d1-5e47-4b00-89c3-3e399a09db8e","state":"InvitePending","source_platform":"truecoach","source_person_id":"s00022","display_name":"Synthetic 22","created_at":"2026-09-20T18:42:28.823Z","updated_at":"2026-09-20T18:42:44.125Z"},{"id":"2f253cf0-a377-4083-9532-9771aa09c811","state":"InvitePending","source_platform":"truecoach","source_person_id":"s00023","display_name":"Synthetic 23","created_at":"2026-09-20T18:42:28.824Z","updated_at":"2026-09-20T18:42:44.126Z"},{"id":"ce209bef-2fa7-4c08-80f5-08b91e7335ad","state":"InvitePending","source_platform":"truecoach","source_person_id":"s00024","display_name":"Synthetic 24","created_at":"2026-09-20T18:42:28.826Z","updated_at":"2026-09-20T18:42:44.128Z"},{"id":"4b36f0d6-4fdf-4f35-ad55-40b1d3ce6fca","state":"InvitePending","source_platform":"truecoach","source_person_id":"s00025","display_name":"Synthetic 25","created_at":"2026-09-20T18:42:28.827Z","updated_at":"2026-09-20T18:42:44.129Z"},{"id":"590fb4c2-5602-430c-b02e-879e3c1170d1","state":"InvitePending","source_platform":"truecoach","source_person_id":"s00026","display_name":"Synthetic 26","created_at":"2026-09-20T18:42:28.829Z","updated_at":"2026-09-20T18:42:44.131Z"},{"id":"46140bae-fa42-48bf-973b-28460d2cd3e6","state":"InvitePending","source_platform":"truecoach","source_person_id":"s00027","display_name":"Synthetic 27","created_at":"2026-09-20T18:42:28.831Z","updated_at":"2026-09-20T18:42:44.132Z"}],"page":{"limit":7,"next_cursor":"czAwMDI3","has_more":true}},"queries":8,"pid":19666}

      158 |       if (code !== 0 || !result) { reject(new Error(`worker exited ${code}: ${output}`)); return; }
      159 |       // Query shapes, outcomes, fixture identifiers and process IDs only; never parameters.
    > 160 |       console.warn('PG17_PROCESS', JSON.stringify({ name, old, options: { ...options, cursor: options.cursor ? '<cursor>' : undefined },
          |               ^
      161 |         result: result.result, failure: result.failure, queries: result.queries.length, pid: result.pid }));
      162 |       resolveDone(result);
      163 |     };

      at settleWorker (test/utils/g2-pg17-harness.ts:160:15)
      at ChildProcess.<anonymous> (test/utils/g2-pg17-harness.ts:165:51)

  console.warn
    PG17_PROCESS {"name":"g2p17_22","old":true,"options":{"action":"roster","family":"clients","cursor":"<cursor>","limit":7},"result":{"intent_id":"intent","accounting":{"staged":600,"reconstructed":596,"skipped":8,"failed":21},"persons":[{"id":"b8166ada-53f8-4c1f-a523-bb61f9c6981b","state":"InvitePending","source_platform":"truecoach","source_person_id":"s00028","display_name":"Synthetic 28","created_at":"2026-09-20T18:42:28.832Z","updated_at":"2026-09-20T18:42:44.134Z"},{"id":"4c9bdf60-f2b0-4f49-85ef-b0dbc6d1327a","state":"InvitePending","source_platform":"truecoach","source_person_id":"s00029","display_name":"Synthetic 29","created_at":"2026-09-20T18:42:28.833Z","updated_at":"2026-09-20T18:42:44.135Z"},{"id":"17365d3d-24c1-4605-89af-4f631ea0086b","state":"InvitePending","source_platform":"truecoach","source_person_id":"s00030","display_name":"Synthetic 30","created_at":"2026-09-20T18:42:28.835Z","updated_at":"2026-09-20T18:42:44.137Z"},{"id":"8be27d92-e3f9-4a45-91c9-fa453463981b","state":"InvitePending","source_platform":"truecoach","source_person_id":"s00031","display_name":"Synthetic 31","created_at":"2026-09-20T18:42:28.836Z","updated_at":"2026-09-20T18:42:44.138Z"},{"id":"5250f4fe-4808-4a76-a722-ae313883d14b","state":"InvitePending","source_platform":"truecoach","source_person_id":"s00032","display_name":"Synthetic 32","created_at":"2026-09-20T18:42:28.838Z","updated_at":"2026-09-20T18:42:44.140Z"},{"id":"7c313c75-a529-4eb4-8058-492b2a962d74","state":"InvitePending","source_platform":"truecoach","source_person_id":"s00033","display_name":"Synthetic 33","created_at":"2026-09-20T18:42:28.839Z","updated_at":"2026-09-20T18:42:44.141Z"},{"id":"1eea5165-1dc5-489f-bd87-1cf7c0a35fd8","state":"InvitePending","source_platform":"truecoach","source_person_id":"s00034","display_name":"Synthetic 34","created_at":"2026-09-20T18:42:28.841Z","updated_at":"2026-09-20T18:42:44.143Z"}],"page":{"limit":7,"next_cursor":"czAwMDM0","has_more":true}},"queries":8,"pid":19682}

      158 |       if (code !== 0 || !result) { reject(new Error(`worker exited ${code}: ${output}`)); return; }
      159 |       // Query shapes, outcomes, fixture identifiers and process IDs only; never parameters.
    > 160 |       console.warn('PG17_PROCESS', JSON.stringify({ name, old, options: { ...options, cursor: options.cursor ? '<cursor>' : undefined },
          |               ^
      161 |         result: result.result, failure: result.failure, queries: result.queries.length, pid: result.pid }));
      162 |       resolveDone(result);
      163 |     };

      at settleWorker (test/utils/g2-pg17-harness.ts:160:15)
      at ChildProcess.<anonymous> (test/utils/g2-pg17-harness.ts:165:51)

  console.warn
    PG17_PROCESS {"name":"g2p17_23","old":true,"options":{"action":"roster","family":"clients","cursor":"<cursor>","limit":7},"result":{"intent_id":"intent","accounting":{"staged":600,"reconstructed":596,"skipped":8,"failed":21},"persons":[{"id":"ec9f72a5-1471-4487-8939-1aeecc695803","state":"InvitePending","source_platform":"truecoach","source_person_id":"s00035","display_name":"Synthetic 35","created_at":"2026-09-20T18:42:28.849Z","updated_at":"2026-09-20T18:42:44.144Z"},{"id":"0199612c-9635-49c8-af7a-353bbac268c6","state":"InvitePending","source_platform":"truecoach","source_person_id":"s00036","display_name":"Synthetic 36","created_at":"2026-09-20T18:42:28.851Z","updated_at":"2026-09-20T18:42:44.146Z"},{"id":"98a7d83b-d889-4669-b664-a0e50c358ccd","state":"InvitePending","source_platform":"truecoach","source_person_id":"s00037","display_name":"Synthetic 37","created_at":"2026-09-20T18:42:28.853Z","updated_at":"2026-09-20T18:42:44.147Z"},{"id":"fb003a27-950d-4c8c-bba1-57f797d3c56f","state":"InvitePending","source_platform":"truecoach","source_person_id":"s00038","display_name":"Synthetic 38","created_at":"2026-09-20T18:42:28.854Z","updated_at":"2026-09-20T18:42:44.157Z"},{"id":"3cbb4cb8-113f-4c4f-b9ec-19376d0a5278","state":"InvitePending","source_platform":"truecoach","source_person_id":"s00039","display_name":"Synthetic 39","created_at":"2026-09-20T18:42:28.856Z","updated_at":"2026-09-20T18:42:44.158Z"},{"id":"840510b1-6076-4e53-8ca8-a6d8edd73c13","state":"InvitePending","source_platform":"truecoach","source_person_id":"s00040","display_name":"Synthetic 40","created_at":"2026-09-20T18:42:28.857Z","updated_at":"2026-09-20T18:42:44.160Z"},{"id":"678fd109-538e-4c66-8c16-d405e7ff3c77","state":"InvitePending","source_platform":"truecoach","source_person_id":"s00041","display_name":"Synthetic 41","created_at":"2026-09-20T18:42:28.858Z","updated_at":"2026-09-20T18:42:44.161Z"}],"page":{"limit":7,"next_cursor":"czAwMDQx","has_more":true}},"queries":8,"pid":19698}

      158 |       if (code !== 0 || !result) { reject(new Error(`worker exited ${code}: ${output}`)); return; }
      159 |       // Query shapes, outcomes, fixture identifiers and process IDs only; never parameters.
    > 160 |       console.warn('PG17_PROCESS', JSON.stringify({ name, old, options: { ...options, cursor: options.cursor ? '<cursor>' : undefined },
          |               ^
      161 |         result: result.result, failure: result.failure, queries: result.queries.length, pid: result.pid }));
      162 |       resolveDone(result);
      163 |     };

      at settleWorker (test/utils/g2-pg17-harness.ts:160:15)
      at ChildProcess.<anonymous> (test/utils/g2-pg17-harness.ts:165:51)

  console.warn
    PG17_PROCESS {"name":"g2p17_24","old":true,"options":{"action":"roster","family":"clients","cursor":"<cursor>","limit":7},"result":{"intent_id":"intent","accounting":{"staged":600,"reconstructed":596,"skipped":8,"failed":21},"persons":[{"id":"fcc854a7-c3a1-424b-a911-c39cfb6cdc6d","state":"InvitePending","source_platform":"truecoach","source_person_id":"s00042","display_name":"Synthetic 42","created_at":"2026-09-20T18:42:28.860Z","updated_at":"2026-09-20T18:42:44.163Z"},{"id":"8adb0fe4-9b01-4e86-8554-3eb97e007473","state":"InvitePending","source_platform":"truecoach","source_person_id":"s00043","display_name":"Synthetic 43","created_at":"2026-09-20T18:42:28.861Z","updated_at":"2026-09-20T18:42:44.164Z"},{"id":"19d0eeba-b73b-427a-9309-751722b4aae9","state":"InvitePending","source_platform":"truecoach","source_person_id":"s00044","display_name":"Synthetic 44","created_at":"2026-09-20T18:42:28.863Z","updated_at":"2026-09-20T18:42:44.165Z"},{"id":"292cf52b-963a-438d-816d-6fea70c0228e","state":"InvitePending","source_platform":"truecoach","source_person_id":"s00045","display_name":"Synthetic 45","created_at":"2026-09-20T18:42:28.864Z","updated_at":"2026-09-20T18:42:44.167Z"},{"id":"833d1082-70bc-4615-b6b9-7c45b9a12e20","state":"InvitePending","source_platform":"truecoach","source_person_id":"s00046","display_name":"Synthetic 46","created_at":"2026-09-20T18:42:28.866Z","updated_at":"2026-09-20T18:42:44.168Z"},{"id":"e74cbcf3-adb2-4c20-9a28-6c086aa9621e","state":"InvitePending","source_platform":"truecoach","source_person_id":"s00047","display_name":"Synthetic 47","created_at":"2026-09-20T18:42:28.867Z","updated_at":"2026-09-20T18:42:44.170Z"},{"id":"1bbc072c-def4-4c7c-bb2f-47ab43e2e473","state":"InvitePending","source_platform":"truecoach","source_person_id":"s00048","display_name":"Synthetic 48","created_at":"2026-09-20T18:42:28.869Z","updated_at":"2026-09-20T18:42:44.172Z"}],"page":{"limit":7,"next_cursor":"czAwMDQ4","has_more":true}},"queries":8,"pid":19714}

      158 |       if (code !== 0 || !result) { reject(new Error(`worker exited ${code}: ${output}`)); return; }
      159 |       // Query shapes, outcomes, fixture identifiers and process IDs only; never parameters.
    > 160 |       console.warn('PG17_PROCESS', JSON.stringify({ name, old, options: { ...options, cursor: options.cursor ? '<cursor>' : undefined },
          |               ^
      161 |         result: result.result, failure: result.failure, queries: result.queries.length, pid: result.pid }));
      162 |       resolveDone(result);
      163 |     };

      at settleWorker (test/utils/g2-pg17-harness.ts:160:15)
      at ChildProcess.<anonymous> (test/utils/g2-pg17-harness.ts:165:51)

  console.warn
    PG17_PROCESS {"name":"g2p17_25","old":true,"options":{"action":"roster","family":"clients","cursor":"<cursor>","limit":7},"result":{"intent_id":"intent","accounting":{"staged":600,"reconstructed":596,"skipped":8,"failed":21},"persons":[{"id":"45e36438-4d3d-466a-8597-6b5f95671452","state":"InvitePending","source_platform":"truecoach","source_person_id":"s00049","display_name":"Synthetic 49","created_at":"2026-09-20T18:42:28.871Z","updated_at":"2026-09-20T18:42:44.175Z"},{"id":"48d58bc2-b2bb-488a-ba1b-142919f72f1d","state":"InvitePending","source_platform":"truecoach","source_person_id":"s00051","display_name":"Synthetic 51","created_at":"2026-09-20T18:42:28.882Z","updated_at":"2026-09-20T18:42:44.187Z"},{"id":"8a153845-fccd-4e82-9367-0b83e69000af","state":"InvitePending","source_platform":"truecoach","source_person_id":"s00052","display_name":"Synthetic 52","created_at":"2026-09-20T18:42:28.884Z","updated_at":"2026-09-20T18:42:44.189Z"},{"id":"dacb7917-d185-4e7f-a3e3-be96ab97f2b7","state":"InvitePending","source_platform":"truecoach","source_person_id":"s00053","display_name":"Synthetic 53","created_at":"2026-09-20T18:42:28.885Z","updated_at":"2026-09-20T18:42:44.190Z"},{"id":"2167b56a-42bb-438f-b340-17189fb5d4d7","state":"InvitePending","source_platform":"truecoach","source_person_id":"s00054","display_name":"Synthetic 54","created_at":"2026-09-20T18:42:28.887Z","updated_at":"2026-09-20T18:42:44.192Z"},{"id":"92f313f7-4f58-41bd-863f-efe567219898","state":"InvitePending","source_platform":"truecoach","source_person_id":"s00055","display_name":"Synthetic 55","created_at":"2026-09-20T18:42:28.888Z","updated_at":"2026-09-20T18:42:44.193Z"},{"id":"f404ebf9-6fb6-450e-a51d-f263190e2fdf","state":"InvitePending","source_platform":"truecoach","source_person_id":"s00056","display_name":"Synthetic 56","created_at":"2026-09-20T18:42:28.890Z","updated_at":"2026-09-20T18:42:44.195Z"}],"page":{"limit":7,"next_cursor":"czAwMDU2","has_more":true}},"queries":8,"pid":19730}

      158 |       if (code !== 0 || !result) { reject(new Error(`worker exited ${code}: ${output}`)); return; }
      159 |       // Query shapes, outcomes, fixture identifiers and process IDs only; never parameters.
    > 160 |       console.warn('PG17_PROCESS', JSON.stringify({ name, old, options: { ...options, cursor: options.cursor ? '<cursor>' : undefined },
          |               ^
      161 |         result: result.result, failure: result.failure, queries: result.queries.length, pid: result.pid }));
      162 |       resolveDone(result);
      163 |     };

      at settleWorker (test/utils/g2-pg17-harness.ts:160:15)
      at ChildProcess.<anonymous> (test/utils/g2-pg17-harness.ts:165:51)

  console.warn
    PG17_PROCESS {"name":"g2p17_26","old":true,"options":{"action":"roster","family":"clients","cursor":"<cursor>","limit":7},"result":{"intent_id":"intent","accounting":{"staged":600,"reconstructed":596,"skipped":8,"failed":21},"persons":[{"id":"0b6002a2-51b7-4072-949b-790532c8676f","state":"InvitePending","source_platform":"truecoach","source_person_id":"s00057","display_name":"Synthetic 57","created_at":"2026-09-20T18:42:28.891Z","updated_at":"2026-09-20T18:42:44.196Z"},{"id":"37806101-eec7-402d-9c96-a87882dd7674","state":"InvitePending","source_platform":"truecoach","source_person_id":"s00058","display_name":"Synthetic 58","created_at":"2026-09-20T18:42:28.892Z","updated_at":"2026-09-20T18:42:44.198Z"},{"id":"f2640c72-cf02-4c7a-9c9d-e8c55600b94d","state":"InvitePending","source_platform":"truecoach","source_person_id":"s00059","display_name":"Synthetic 59","created_at":"2026-09-20T18:42:28.894Z","updated_at":"2026-09-20T18:42:44.199Z"},{"id":"c64f0063-3e04-4885-af81-c37c9261fa66","state":"InvitePending","source_platform":"truecoach","source_person_id":"s00060","display_name":"Synthetic 60","created_at":"2026-09-20T18:42:28.895Z","updated_at":"2026-09-20T18:42:44.201Z"},{"id":"c4af663b-dd74-43c6-bee2-c7ae7089bfe8","state":"InvitePending","source_platform":"truecoach","source_person_id":"s00061","display_name":"Synthetic 61","created_at":"2026-09-20T18:42:28.897Z","updated_at":"2026-09-20T18:42:44.203Z"},{"id":"d5aca512-5414-4e9c-b887-351e53b3e229","state":"InvitePending","source_platform":"truecoach","source_person_id":"s00062","display_name":"Synthetic 62","created_at":"2026-09-20T18:42:28.898Z","updated_at":"2026-09-20T18:42:44.205Z"},{"id":"a94f3c4f-c914-441e-8782-022fe45142f3","state":"InvitePending","source_platform":"truecoach","source_person_id":"s00063","display_name":"Synthetic 63","created_at":"2026-09-20T18:42:28.900Z","updated_at":"2026-09-20T18:42:44.207Z"}],"page":{"limit":7,"next_cursor":"czAwMDYz","has_more":true}},"queries":8,"pid":19746}

      158 |       if (code !== 0 || !result) { reject(new Error(`worker exited ${code}: ${output}`)); return; }
      159 |       // Query shapes, outcomes, fixture identifiers and process IDs only; never parameters.
    > 160 |       console.warn('PG17_PROCESS', JSON.stringify({ name, old, options: { ...options, cursor: options.cursor ? '<cursor>' : undefined },
          |               ^
      161 |         result: result.result, failure: result.failure, queries: result.queries.length, pid: result.pid }));
      162 |       resolveDone(result);
      163 |     };

      at settleWorker (test/utils/g2-pg17-harness.ts:160:15)
      at ChildProcess.<anonymous> (test/utils/g2-pg17-harness.ts:165:51)

  console.warn
    PG17_PROCESS {"name":"g2p17_27","old":true,"options":{"action":"entities","family":"workouts","limit":7},"result":{"intent_id":"intent","family":"workouts","entities":[],"page_count":0,"next_cursor":"eyJjIjoiY29hY2giLCJpIjoiaW50ZW50IiwiZiI6IndvcmtvdXRzIiwibyI6InNvdXJjZV9pZDphc2MiLCJzIjoiaDAwMDIwIn0"},"queries":6,"pid":19762}

      158 |       if (code !== 0 || !result) { reject(new Error(`worker exited ${code}: ${output}`)); return; }
      159 |       // Query shapes, outcomes, fixture identifiers and process IDs only; never parameters.
    > 160 |       console.warn('PG17_PROCESS', JSON.stringify({ name, old, options: { ...options, cursor: options.cursor ? '<cursor>' : undefined },
          |               ^
      161 |         result: result.result, failure: result.failure, queries: result.queries.length, pid: result.pid }));
      162 |       resolveDone(result);
      163 |     };

      at settleWorker (test/utils/g2-pg17-harness.ts:160:15)
      at ChildProcess.<anonymous> (test/utils/g2-pg17-harness.ts:165:51)

  console.warn
    PG17_PROCESS {"name":"g2p17_28","old":true,"options":{"action":"entities","family":"workouts","cursor":"<cursor>","limit":7},"result":{"intent_id":"intent","family":"workouts","entities":[{"id":"c8f36a8f-4228-4533-a92d-9abc75ef2ffe","source_platform":"truecoach","entity_type":"workouts","source_id":"w00001","client_source_id":"client-1","label":"Synthetic 1","created_at":"2026-09-20T18:42:43.095Z","updated_at":"2026-09-20T18:42:43.095Z"},{"id":"1e20be60-3952-4eb4-a6e7-ae326b93525f","source_platform":"truecoach","entity_type":"workouts","source_id":"w00002","client_source_id":"client-2","label":"Synthetic 2","created_at":"2026-09-20T18:42:43.101Z","updated_at":"2026-09-20T18:42:43.101Z"},{"id":"589619b1-11ec-40a6-ae6f-ab543f293933","source_platform":"truecoach","entity_type":"workouts","source_id":"w00003","client_source_id":"client-3","label":"Synthetic 3","created_at":"2026-09-20T18:42:43.103Z","updated_at":"2026-09-20T18:42:43.103Z"},{"id":"0f60b34b-ab14-4d58-8f7d-b730cf008e6e","source_platform":"truecoach","entity_type":"workouts","source_id":"w00004","client_source_id":"client-4","label":"Synthetic 4","created_at":"2026-09-20T18:42:43.106Z","updated_at":"2026-09-20T18:42:43.106Z"},{"id":"6dd37c5f-5aa2-45a5-80e3-6ca5b325b041","source_platform":"truecoach","entity_type":"workouts","source_id":"w00005","client_source_id":"client-5","label":"Synthetic 5","created_at":"2026-09-20T18:42:43.109Z","updated_at":"2026-09-20T18:42:43.109Z"},{"id":"181f72a9-6ea1-4682-b5d7-1a014db9703d","source_platform":"truecoach","entity_type":"workouts","source_id":"w00006","client_source_id":"client-6","label":"Synthetic 6","created_at":"2026-09-20T18:42:43.111Z","updated_at":"2026-09-20T18:42:43.111Z"}],"page_count":6,"next_cursor":"eyJjIjoiY29hY2giLCJpIjoiaW50ZW50IiwiZiI6IndvcmtvdXRzIiwibyI6InNvdXJjZV9pZDphc2MiLCJzIjoidzAwMDA2In0"},"queries":6,"pid":19778}

      158 |       if (code !== 0 || !result) { reject(new Error(`worker exited ${code}: ${output}`)); return; }
      159 |       // Query shapes, outcomes, fixture identifiers and process IDs only; never parameters.
    > 160 |       console.warn('PG17_PROCESS', JSON.stringify({ name, old, options: { ...options, cursor: options.cursor ? '<cursor>' : undefined },
          |               ^
      161 |         result: result.result, failure: result.failure, queries: result.queries.length, pid: result.pid }));
      162 |       resolveDone(result);
      163 |     };

      at settleWorker (test/utils/g2-pg17-harness.ts:160:15)
      at ChildProcess.<anonymous> (test/utils/g2-pg17-harness.ts:165:51)

  console.warn
    PG17_PROCESS {"name":"g2p17_29","old":true,"options":{"action":"entities","family":"workouts","cursor":"<cursor>","limit":7},"result":{"intent_id":"intent","family":"workouts","entities":[{"id":"03e619a8-41d5-4560-a9d5-9b7750526b1e","source_platform":"truecoach","entity_type":"workouts","source_id":"w00007","client_source_id":"client-7","label":"Synthetic 7","created_at":"2026-09-20T18:42:43.112Z","updated_at":"2026-09-20T18:42:43.112Z"},{"id":"65070bb1-b7e1-4d9d-9854-f3853c683692","source_platform":"truecoach","entity_type":"workouts","source_id":"w00008","client_source_id":"client-8","label":"Synthetic 8","created_at":"2026-09-20T18:42:43.114Z","updated_at":"2026-09-20T18:42:43.114Z"},{"id":"586d8ccd-1af1-4b38-8475-97a7d57c8ff1","source_platform":"truecoach","entity_type":"workouts","source_id":"w00009","client_source_id":"client-9","label":"Synthetic 9","created_at":"2026-09-20T18:42:43.116Z","updated_at":"2026-09-20T18:42:43.116Z"},{"id":"429f4277-fdda-4369-b537-187774a22dc5","source_platform":"truecoach","entity_type":"workouts","source_id":"w00010","client_source_id":"client-10","label":"Synthetic 10","created_at":"2026-09-20T18:42:43.118Z","updated_at":"2026-09-20T18:42:43.118Z"},{"id":"2fa3c5c3-1e4b-4a18-b899-a3b0afef2eb9","source_platform":"truecoach","entity_type":"workouts","source_id":"w00011","client_source_id":"client-11","label":"Synthetic 11","created_at":"2026-09-20T18:42:43.120Z","updated_at":"2026-09-20T18:42:43.120Z"},{"id":"b825f147-0539-4f67-bc5f-4ce771838d7f","source_platform":"truecoach","entity_type":"workouts","source_id":"w00012","client_source_id":"client-12","label":"Synthetic 12","created_at":"2026-09-20T18:42:43.124Z","updated_at":"2026-09-20T18:42:43.124Z"},{"id":"b53bf527-ab2a-46c2-8854-74408b11b6e4","source_platform":"truecoach","entity_type":"workouts","source_id":"w00013","client_source_id":"client-13","label":"Synthetic 13","created_at":"2026-09-20T18:42:43.126Z","updated_at":"2026-09-20T18:42:43.126Z"}],"page_count":7,"next_cursor":"eyJjIjoiY29hY2giLCJpIjoiaW50ZW50IiwiZiI6IndvcmtvdXRzIiwibyI6InNvdXJjZV9pZDphc2MiLCJzIjoidzAwMDEzIn0"},"queries":6,"pid":19794}

      158 |       if (code !== 0 || !result) { reject(new Error(`worker exited ${code}: ${output}`)); return; }
      159 |       // Query shapes, outcomes, fixture identifiers and process IDs only; never parameters.
    > 160 |       console.warn('PG17_PROCESS', JSON.stringify({ name, old, options: { ...options, cursor: options.cursor ? '<cursor>' : undefined },
          |               ^
      161 |         result: result.result, failure: result.failure, queries: result.queries.length, pid: result.pid }));
      162 |       resolveDone(result);
      163 |     };

      at settleWorker (test/utils/g2-pg17-harness.ts:160:15)
      at ChildProcess.<anonymous> (test/utils/g2-pg17-harness.ts:165:51)

  console.warn
    PG17_PROCESS {"name":"g2p17_30","old":true,"options":{"action":"entities","family":"workouts","cursor":"<cursor>","limit":7},"result":{"intent_id":"intent","family":"workouts","entities":[{"id":"f89a2dae-c27c-4393-80e1-6855fbb50229","source_platform":"truecoach","entity_type":"workouts","source_id":"w00014","client_source_id":"client-14","label":"Synthetic 14","created_at":"2026-09-20T18:42:43.127Z","updated_at":"2026-09-20T18:42:43.127Z"},{"id":"6112282a-53ee-4ade-9481-480c0700c894","source_platform":"truecoach","entity_type":"workouts","source_id":"w00015","client_source_id":"client-15","label":"Synthetic 15","created_at":"2026-09-20T18:42:43.129Z","updated_at":"2026-09-20T18:42:43.129Z"},{"id":"a12d39e2-63e2-4000-bec4-aec18b9ea051","source_platform":"truecoach","entity_type":"workouts","source_id":"w00016","client_source_id":"client-16","label":"Synthetic 16","created_at":"2026-09-20T18:42:43.131Z","updated_at":"2026-09-20T18:42:43.131Z"},{"id":"13d20848-88e6-4fcf-8066-e4962d5c4e78","source_platform":"truecoach","entity_type":"workouts","source_id":"w00017","client_source_id":"client-17","label":"Synthetic 17","created_at":"2026-09-20T18:42:43.133Z","updated_at":"2026-09-20T18:42:43.133Z"},{"id":"de521185-ea85-4c4b-9192-cbd1c873ce7a","source_platform":"truecoach","entity_type":"workouts","source_id":"w00018","client_source_id":"client-18","label":"Synthetic 18","created_at":"2026-09-20T18:42:43.134Z","updated_at":"2026-09-20T18:42:43.134Z"},{"id":"f225a585-f73a-4500-948c-849b8fd325af","source_platform":"truecoach","entity_type":"workouts","source_id":"w00019","client_source_id":"client-19","label":"Synthetic 19","created_at":"2026-09-20T18:42:43.136Z","updated_at":"2026-09-20T18:42:43.136Z"},{"id":"650290b8-430e-47a1-90e9-ce558339e1ba","source_platform":"truecoach","entity_type":"workouts","source_id":"w00020","client_source_id":"client-20","label":"Synthetic 20","created_at":"2026-09-20T18:42:43.138Z","updated_at":"2026-09-20T18:42:43.138Z"}],"page_count":7,"next_cursor":"eyJjIjoiY29hY2giLCJpIjoiaW50ZW50IiwiZiI6IndvcmtvdXRzIiwibyI6InNvdXJjZV9pZDphc2MiLCJzIjoidzAwMDIwIn0"},"queries":6,"pid":19810}

      158 |       if (code !== 0 || !result) { reject(new Error(`worker exited ${code}: ${output}`)); return; }
      159 |       // Query shapes, outcomes, fixture identifiers and process IDs only; never parameters.
    > 160 |       console.warn('PG17_PROCESS', JSON.stringify({ name, old, options: { ...options, cursor: options.cursor ? '<cursor>' : undefined },
          |               ^
      161 |         result: result.result, failure: result.failure, queries: result.queries.length, pid: result.pid }));
      162 |       resolveDone(result);
      163 |     };

      at settleWorker (test/utils/g2-pg17-harness.ts:160:15)
      at ChildProcess.<anonymous> (test/utils/g2-pg17-harness.ts:165:51)

  console.warn
    PG17_PROCESS {"name":"g2p17_31","old":true,"options":{"action":"entities","family":"workouts","cursor":"<cursor>","limit":7},"result":{"intent_id":"intent","family":"workouts","entities":[{"id":"4143f1c7-ccfa-422d-9d3d-a6dd7f5f3a5d","source_platform":"truecoach","entity_type":"workouts","source_id":"w00021","client_source_id":"client-21","label":"Synthetic 21","created_at":"2026-09-20T18:42:43.139Z","updated_at":"2026-09-20T18:42:43.139Z"},{"id":"cbfee07f-d7f2-45f2-8170-e37e2104933b","source_platform":"truecoach","entity_type":"workouts","source_id":"w00022","client_source_id":"client-22","label":"Synthetic 22","created_at":"2026-09-20T18:42:43.142Z","updated_at":"2026-09-20T18:42:43.142Z"},{"id":"38b98050-4365-4d98-a30d-af590b5401f8","source_platform":"truecoach","entity_type":"workouts","source_id":"w00023","client_source_id":"client-23","label":"Synthetic 23","created_at":"2026-09-20T18:42:43.143Z","updated_at":"2026-09-20T18:42:43.143Z"},{"id":"5f812496-ef34-4451-a276-9a3eb52056a0","source_platform":"truecoach","entity_type":"workouts","source_id":"w00024","client_source_id":"client-24","label":"Synthetic 24","created_at":"2026-09-20T18:42:43.145Z","updated_at":"2026-09-20T18:42:43.145Z"},{"id":"8613e357-2f0b-4e86-8a4b-6e20576832c6","source_platform":"truecoach","entity_type":"workouts","source_id":"w00025","client_source_id":"client-25","label":"Synthetic 25","created_at":"2026-09-20T18:42:43.146Z","updated_at":"2026-09-20T18:42:43.146Z"},{"id":"288285db-2a5e-4bf5-924a-7553fd18d250","source_platform":"truecoach","entity_type":"workouts","source_id":"w00026","client_source_id":"client-26","label":"Synthetic 26","created_at":"2026-09-20T18:42:43.148Z","updated_at":"2026-09-20T18:42:43.148Z"},{"id":"b0c13e0d-05f3-45a3-9ed3-03346af4ef03","source_platform":"truecoach","entity_type":"workouts","source_id":"w00027","client_source_id":"client-27","label":"Synthetic 27","created_at":"2026-09-20T18:42:43.149Z","updated_at":"2026-09-20T18:42:43.149Z"}],"page_count":7,"next_cursor":"eyJjIjoiY29hY2giLCJpIjoiaW50ZW50IiwiZiI6IndvcmtvdXRzIiwibyI6InNvdXJjZV9pZDphc2MiLCJzIjoidzAwMDI3In0"},"queries":6,"pid":19828}

      158 |       if (code !== 0 || !result) { reject(new Error(`worker exited ${code}: ${output}`)); return; }
      159 |       // Query shapes, outcomes, fixture identifiers and process IDs only; never parameters.
    > 160 |       console.warn('PG17_PROCESS', JSON.stringify({ name, old, options: { ...options, cursor: options.cursor ? '<cursor>' : undefined },
          |               ^
      161 |         result: result.result, failure: result.failure, queries: result.queries.length, pid: result.pid }));
      162 |       resolveDone(result);
      163 |     };

      at settleWorker (test/utils/g2-pg17-harness.ts:160:15)
      at ChildProcess.<anonymous> (test/utils/g2-pg17-harness.ts:165:51)

  console.warn
    PG17_PROCESS {"name":"g2p17_32","old":true,"options":{"action":"entities","family":"workouts","cursor":"<cursor>","limit":7},"result":{"intent_id":"intent","family":"workouts","entities":[{"id":"087c62be-ab76-4082-8d40-73f8166ec738","source_platform":"truecoach","entity_type":"workouts","source_id":"w00028","client_source_id":"client-28","label":"Synthetic 28","created_at":"2026-09-20T18:42:43.151Z","updated_at":"2026-09-20T18:42:43.151Z"},{"id":"10bdce9f-0624-4c7d-b3d9-fc9e46a14e0b","source_platform":"truecoach","entity_type":"workouts","source_id":"w00029","client_source_id":"client-29","label":"Synthetic 29","created_at":"2026-09-20T18:42:43.152Z","updated_at":"2026-09-20T18:42:43.152Z"},{"id":"0d9ebfbf-c24a-45ab-8a08-999cdf2e657f","source_platform":"truecoach","entity_type":"workouts","source_id":"w00030","client_source_id":"client-30","label":"Synthetic 30","created_at":"2026-09-20T18:42:43.154Z","updated_at":"2026-09-20T18:42:43.154Z"}],"page_count":3,"next_cursor":null},"queries":6,"pid":19847}

      158 |       if (code !== 0 || !result) { reject(new Error(`worker exited ${code}: ${output}`)); return; }
      159 |       // Query shapes, outcomes, fixture identifiers and process IDs only; never parameters.
    > 160 |       console.warn('PG17_PROCESS', JSON.stringify({ name, old, options: { ...options, cursor: options.cursor ? '<cursor>' : undefined },
          |               ^
      161 |         result: result.result, failure: result.failure, queries: result.queries.length, pid: result.pid }));
      162 |       resolveDone(result);
      163 |     };

      at settleWorker (test/utils/g2-pg17-harness.ts:160:15)
      at ChildProcess.<anonymous> (test/utils/g2-pg17-harness.ts:165:51)

  console.warn
    PG17_PROCESS {"name":"g2p17_33","old":false,"options":{},"result":{"intent_id":"intent","staged":1050,"reconstructed":1040,"skipped":0,"failed":10},"queries":8426,"pid":20138}

      158 |       if (code !== 0 || !result) { reject(new Error(`worker exited ${code}: ${output}`)); return; }
      159 |       // Query shapes, outcomes, fixture identifiers and process IDs only; never parameters.
    > 160 |       console.warn('PG17_PROCESS', JSON.stringify({ name, old, options: { ...options, cursor: options.cursor ? '<cursor>' : undefined },
          |               ^
      161 |         result: result.result, failure: result.failure, queries: result.queries.length, pid: result.pid }));
      162 |       resolveDone(result);
      163 |     };

      at settleWorker (test/utils/g2-pg17-harness.ts:160:15)
      at ChildProcess.<anonymous> (test/utils/g2-pg17-harness.ts:165:51)

  console.warn
    PG17_PROCESS {"name":"g2p17_34","old":false,"options":{},"result":{"intent_id":"intent","staged":1050,"reconstructed":1040,"skipped":0,"failed":10},"queries":8426,"pid":20167}

      158 |       if (code !== 0 || !result) { reject(new Error(`worker exited ${code}: ${output}`)); return; }
      159 |       // Query shapes, outcomes, fixture identifiers and process IDs only; never parameters.
    > 160 |       console.warn('PG17_PROCESS', JSON.stringify({ name, old, options: { ...options, cursor: options.cursor ? '<cursor>' : undefined },
          |               ^
      161 |         result: result.result, failure: result.failure, queries: result.queries.length, pid: result.pid }));
      162 |       resolveDone(result);
      163 |     };

      at settleWorker (test/utils/g2-pg17-harness.ts:160:15)
      at ChildProcess.<anonymous> (test/utils/g2-pg17-harness.ts:165:51)

  console.warn
    PG17_PROCESS {"name":"g2p17_35","old":false,"options":{},"result":{"intent_id":"intent","staged":1,"reconstructed":1,"skipped":0,"failed":0},"queries":12,"pid":20209}

      158 |       if (code !== 0 || !result) { reject(new Error(`worker exited ${code}: ${output}`)); return; }
      159 |       // Query shapes, outcomes, fixture identifiers and process IDs only; never parameters.
    > 160 |       console.warn('PG17_PROCESS', JSON.stringify({ name, old, options: { ...options, cursor: options.cursor ? '<cursor>' : undefined },
          |               ^
      161 |         result: result.result, failure: result.failure, queries: result.queries.length, pid: result.pid }));
      162 |       resolveDone(result);
      163 |     };

      at settleWorker (test/utils/g2-pg17-harness.ts:160:15)
      at ChildProcess.<anonymous> (test/utils/g2-pg17-harness.ts:165:51)

  console.warn
    PG17_PROCESS {"name":"g2p17_36","old":false,"options":{"coach":"other"},"result":{"intent_id":"intent","staged":0,"reconstructed":1,"skipped":0,"failed":0},"queries":3,"pid":20230}

      158 |       if (code !== 0 || !result) { reject(new Error(`worker exited ${code}: ${output}`)); return; }
      159 |       // Query shapes, outcomes, fixture identifiers and process IDs only; never parameters.
    > 160 |       console.warn('PG17_PROCESS', JSON.stringify({ name, old, options: { ...options, cursor: options.cursor ? '<cursor>' : undefined },
          |               ^
      161 |         result: result.result, failure: result.failure, queries: result.queries.length, pid: result.pid }));
      162 |       resolveDone(result);
      163 |     };

      at settleWorker (test/utils/g2-pg17-harness.ts:160:15)
      at ChildProcess.<anonymous> (test/utils/g2-pg17-harness.ts:165:51)

  console.warn
    PG17_PROCESS {"name":"g2p17_37","old":false,"options":{},"result":{"intent_id":"intent","staged":4,"reconstructed":2,"skipped":1,"failed":1},"queries":37,"pid":20260}

      158 |       if (code !== 0 || !result) { reject(new Error(`worker exited ${code}: ${output}`)); return; }
      159 |       // Query shapes, outcomes, fixture identifiers and process IDs only; never parameters.
    > 160 |       console.warn('PG17_PROCESS', JSON.stringify({ name, old, options: { ...options, cursor: options.cursor ? '<cursor>' : undefined },
          |               ^
      161 |         result: result.result, failure: result.failure, queries: result.queries.length, pid: result.pid }));
      162 |       resolveDone(result);
      163 |     };

      at settleWorker (test/utils/g2-pg17-harness.ts:160:15)
      at ChildProcess.<anonymous> (test/utils/g2-pg17-harness.ts:165:51)

  console.warn
    PG17_PROCESS {"name":"g2p17_38","old":false,"options":{},"result":{"intent_id":"intent","staged":4,"reconstructed":2,"skipped":1,"failed":1},"queries":37,"pid":20279}

      158 |       if (code !== 0 || !result) { reject(new Error(`worker exited ${code}: ${output}`)); return; }
      159 |       // Query shapes, outcomes, fixture identifiers and process IDs only; never parameters.
    > 160 |       console.warn('PG17_PROCESS', JSON.stringify({ name, old, options: { ...options, cursor: options.cursor ? '<cursor>' : undefined },
          |               ^
      161 |         result: result.result, failure: result.failure, queries: result.queries.length, pid: result.pid }));
      162 |       resolveDone(result);
      163 |     };

      at settleWorker (test/utils/g2-pg17-harness.ts:160:15)
      at ChildProcess.<anonymous> (test/utils/g2-pg17-harness.ts:165:51)

  console.warn
    PG17_PROCESS {"name":"g2p17_39","old":false,"options":{},"result":{"intent_id":"intent","staged":1,"reconstructed":1,"skipped":0,"failed":0},"queries":12,"pid":20305}

      158 |       if (code !== 0 || !result) { reject(new Error(`worker exited ${code}: ${output}`)); return; }
      159 |       // Query shapes, outcomes, fixture identifiers and process IDs only; never parameters.
    > 160 |       console.warn('PG17_PROCESS', JSON.stringify({ name, old, options: { ...options, cursor: options.cursor ? '<cursor>' : undefined },
          |               ^
      161 |         result: result.result, failure: result.failure, queries: result.queries.length, pid: result.pid }));
      162 |       resolveDone(result);
      163 |     };

      at settleWorker (test/utils/g2-pg17-harness.ts:160:15)
      at ChildProcess.<anonymous> (test/utils/g2-pg17-harness.ts:165:51)

  console.warn
    PG17_PROCESS {"name":"g2p17_40","old":false,"options":{"mapper":"skip"},"result":{"intent_id":"intent","staged":1,"reconstructed":0,"skipped":1,"failed":0},"queries":11,"pid":20331}

      158 |       if (code !== 0 || !result) { reject(new Error(`worker exited ${code}: ${output}`)); return; }
      159 |       // Query shapes, outcomes, fixture identifiers and process IDs only; never parameters.
    > 160 |       console.warn('PG17_PROCESS', JSON.stringify({ name, old, options: { ...options, cursor: options.cursor ? '<cursor>' : undefined },
          |               ^
      161 |         result: result.result, failure: result.failure, queries: result.queries.length, pid: result.pid }));
      162 |       resolveDone(result);
      163 |     };

      at settleWorker (test/utils/g2-pg17-harness.ts:160:15)
      at ChildProcess.<anonymous> (test/utils/g2-pg17-harness.ts:165:51)

  console.warn
    PG17_PROCESS {"name":"g2p17_41","old":false,"options":{},"result":{"intent_id":"intent","staged":1,"reconstructed":0,"skipped":0,"failed":1},"queries":14,"pid":20357}

      158 |       if (code !== 0 || !result) { reject(new Error(`worker exited ${code}: ${output}`)); return; }
      159 |       // Query shapes, outcomes, fixture identifiers and process IDs only; never parameters.
    > 160 |       console.warn('PG17_PROCESS', JSON.stringify({ name, old, options: { ...options, cursor: options.cursor ? '<cursor>' : undefined },
          |               ^
      161 |         result: result.result, failure: result.failure, queries: result.queries.length, pid: result.pid }));
      162 |       resolveDone(result);
      163 |     };

      at settleWorker (test/utils/g2-pg17-harness.ts:160:15)
      at ChildProcess.<anonymous> (test/utils/g2-pg17-harness.ts:165:51)

  console.warn
    PG17_PROCESS {"name":"g2p17_42","old":false,"options":{"family":"clients"},"failure":{"status":409,"message":"reconstruction provenance conflict"},"queries":10,"pid":20387}

      158 |       if (code !== 0 || !result) { reject(new Error(`worker exited ${code}: ${output}`)); return; }
      159 |       // Query shapes, outcomes, fixture identifiers and process IDs only; never parameters.
    > 160 |       console.warn('PG17_PROCESS', JSON.stringify({ name, old, options: { ...options, cursor: options.cursor ? '<cursor>' : undefined },
          |               ^
      161 |         result: result.result, failure: result.failure, queries: result.queries.length, pid: result.pid }));
      162 |       resolveDone(result);
      163 |     };

      at settleWorker (test/utils/g2-pg17-harness.ts:160:15)
      at ChildProcess.<anonymous> (test/utils/g2-pg17-harness.ts:165:51)

  console.warn
    PG17_PROCESS {"name":"g2p17_43","old":false,"options":{"family":"clients"},"result":{"intent_id":"intent","staged":1,"reconstructed":1,"skipped":0,"failed":0},"queries":12,"pid":20409}

      158 |       if (code !== 0 || !result) { reject(new Error(`worker exited ${code}: ${output}`)); return; }
      159 |       // Query shapes, outcomes, fixture identifiers and process IDs only; never parameters.
    > 160 |       console.warn('PG17_PROCESS', JSON.stringify({ name, old, options: { ...options, cursor: options.cursor ? '<cursor>' : undefined },
          |               ^
      161 |         result: result.result, failure: result.failure, queries: result.queries.length, pid: result.pid }));
      162 |       resolveDone(result);
      163 |     };

      at settleWorker (test/utils/g2-pg17-harness.ts:160:15)
      at ChildProcess.<anonymous> (test/utils/g2-pg17-harness.ts:165:51)

  console.warn
    PG17_PROCESS {"name":"g2p17_44","old":false,"options":{"family":"clients"},"failure":{"status":409,"message":"reconstruction provenance conflict"},"queries":10,"pid":20431}

      158 |       if (code !== 0 || !result) { reject(new Error(`worker exited ${code}: ${output}`)); return; }
      159 |       // Query shapes, outcomes, fixture identifiers and process IDs only; never parameters.
    > 160 |       console.warn('PG17_PROCESS', JSON.stringify({ name, old, options: { ...options, cursor: options.cursor ? '<cursor>' : undefined },
          |               ^
      161 |         result: result.result, failure: result.failure, queries: result.queries.length, pid: result.pid }));
      162 |       resolveDone(result);
      163 |     };

      at settleWorker (test/utils/g2-pg17-harness.ts:160:15)
      at ChildProcess.<anonymous> (test/utils/g2-pg17-harness.ts:165:51)

  console.warn
    PG17_PROCESS {"name":"g2p17_45","old":false,"options":{"family":"workouts"},"failure":{"status":409,"message":"reconstruction provenance conflict"},"queries":10,"pid":20464}

      158 |       if (code !== 0 || !result) { reject(new Error(`worker exited ${code}: ${output}`)); return; }
      159 |       // Query shapes, outcomes, fixture identifiers and process IDs only; never parameters.
    > 160 |       console.warn('PG17_PROCESS', JSON.stringify({ name, old, options: { ...options, cursor: options.cursor ? '<cursor>' : undefined },
          |               ^
      161 |         result: result.result, failure: result.failure, queries: result.queries.length, pid: result.pid }));
      162 |       resolveDone(result);
      163 |     };

      at settleWorker (test/utils/g2-pg17-harness.ts:160:15)
      at ChildProcess.<anonymous> (test/utils/g2-pg17-harness.ts:165:51)

  console.warn
    PG17_PROCESS {"name":"g2p17_46","old":false,"options":{"family":"workouts"},"result":{"intent_id":"intent","staged":1,"reconstructed":1,"skipped":0,"failed":0},"queries":12,"pid":20486}

      158 |       if (code !== 0 || !result) { reject(new Error(`worker exited ${code}: ${output}`)); return; }
      159 |       // Query shapes, outcomes, fixture identifiers and process IDs only; never parameters.
    > 160 |       console.warn('PG17_PROCESS', JSON.stringify({ name, old, options: { ...options, cursor: options.cursor ? '<cursor>' : undefined },
          |               ^
      161 |         result: result.result, failure: result.failure, queries: result.queries.length, pid: result.pid }));
      162 |       resolveDone(result);
      163 |     };

      at settleWorker (test/utils/g2-pg17-harness.ts:160:15)
      at ChildProcess.<anonymous> (test/utils/g2-pg17-harness.ts:165:51)

  console.warn
    PG17_PROCESS {"name":"g2p17_47","old":false,"options":{"family":"workouts"},"failure":{"status":409,"message":"reconstruction provenance conflict"},"queries":10,"pid":20509}

      158 |       if (code !== 0 || !result) { reject(new Error(`worker exited ${code}: ${output}`)); return; }
      159 |       // Query shapes, outcomes, fixture identifiers and process IDs only; never parameters.
    > 160 |       console.warn('PG17_PROCESS', JSON.stringify({ name, old, options: { ...options, cursor: options.cursor ? '<cursor>' : undefined },
          |               ^
      161 |         result: result.result, failure: result.failure, queries: result.queries.length, pid: result.pid }));
      162 |       resolveDone(result);
      163 |     };

      at settleWorker (test/utils/g2-pg17-harness.ts:160:15)
      at ChildProcess.<anonymous> (test/utils/g2-pg17-harness.ts:165:51)

  console.warn
    PG17_PROCESS {"name":"g2p17_48","old":false,"options":{},"failure":{"status":409,"message":"reconstruction provenance conflict"},"queries":26,"pid":20543}

      158 |       if (code !== 0 || !result) { reject(new Error(`worker exited ${code}: ${output}`)); return; }
      159 |       // Query shapes, outcomes, fixture identifiers and process IDs only; never parameters.
    > 160 |       console.warn('PG17_PROCESS', JSON.stringify({ name, old, options: { ...options, cursor: options.cursor ? '<cursor>' : undefined },
          |               ^
      161 |         result: result.result, failure: result.failure, queries: result.queries.length, pid: result.pid }));
      162 |       resolveDone(result);
      163 |     };

      at settleWorker (test/utils/g2-pg17-harness.ts:160:15)
      at ChildProcess.<anonymous> (test/utils/g2-pg17-harness.ts:165:51)

  console.warn
    PG17_PROCESS {"name":"g2p17_49","old":false,"options":{},"result":{"intent_id":"intent","staged":4,"reconstructed":4,"skipped":0,"failed":0},"queries":36,"pid":20567}

      158 |       if (code !== 0 || !result) { reject(new Error(`worker exited ${code}: ${output}`)); return; }
      159 |       // Query shapes, outcomes, fixture identifiers and process IDs only; never parameters.
    > 160 |       console.warn('PG17_PROCESS', JSON.stringify({ name, old, options: { ...options, cursor: options.cursor ? '<cursor>' : undefined },
          |               ^
      161 |         result: result.result, failure: result.failure, queries: result.queries.length, pid: result.pid }));
      162 |       resolveDone(result);
      163 |     };

      at settleWorker (test/utils/g2-pg17-harness.ts:160:15)
      at ChildProcess.<anonymous> (test/utils/g2-pg17-harness.ts:165:51)

  console.warn
    PG17_PROCESS {"name":"g2p17_50","old":false,"options":{},"result":{"intent_id":"intent","staged":1,"reconstructed":1,"skipped":0,"failed":0},"queries":12,"pid":20591}

      158 |       if (code !== 0 || !result) { reject(new Error(`worker exited ${code}: ${output}`)); return; }
      159 |       // Query shapes, outcomes, fixture identifiers and process IDs only; never parameters.
    > 160 |       console.warn('PG17_PROCESS', JSON.stringify({ name, old, options: { ...options, cursor: options.cursor ? '<cursor>' : undefined },
          |               ^
      161 |         result: result.result, failure: result.failure, queries: result.queries.length, pid: result.pid }));
      162 |       resolveDone(result);
      163 |     };

      at settleWorker (test/utils/g2-pg17-harness.ts:160:15)
      at ChildProcess.<anonymous> (test/utils/g2-pg17-harness.ts:165:51)

  console.warn
    PG17_PROCESS {"name":"g2p17_51","old":false,"options":{"mapper":"skip"},"result":{"intent_id":"intent","staged":1,"reconstructed":1,"skipped":0,"failed":0},"queries":11,"pid":20611}

      158 |       if (code !== 0 || !result) { reject(new Error(`worker exited ${code}: ${output}`)); return; }
      159 |       // Query shapes, outcomes, fixture identifiers and process IDs only; never parameters.
    > 160 |       console.warn('PG17_PROCESS', JSON.stringify({ name, old, options: { ...options, cursor: options.cursor ? '<cursor>' : undefined },
          |               ^
      161 |         result: result.result, failure: result.failure, queries: result.queries.length, pid: result.pid }));
      162 |       resolveDone(result);
      163 |     };

      at settleWorker (test/utils/g2-pg17-harness.ts:160:15)
      at ChildProcess.<anonymous> (test/utils/g2-pg17-harness.ts:165:51)

  console.warn
    PG17_PROCESS {"name":"g2p17_52","old":false,"options":{"mapper":"skip"},"failure":{"status":409,"message":"reconstruction provenance conflict"},"queries":9,"pid":20633}

      158 |       if (code !== 0 || !result) { reject(new Error(`worker exited ${code}: ${output}`)); return; }
      159 |       // Query shapes, outcomes, fixture identifiers and process IDs only; never parameters.
    > 160 |       console.warn('PG17_PROCESS', JSON.stringify({ name, old, options: { ...options, cursor: options.cursor ? '<cursor>' : undefined },
          |               ^
      161 |         result: result.result, failure: result.failure, queries: result.queries.length, pid: result.pid }));
      162 |       resolveDone(result);
      163 |     };

      at settleWorker (test/utils/g2-pg17-harness.ts:160:15)
      at ChildProcess.<anonymous> (test/utils/g2-pg17-harness.ts:165:51)

  console.warn
    PG17_PROCESS {"name":"g2p17_53","old":false,"options":{},"result":{"intent_id":"intent","staged":1,"reconstructed":1,"skipped":0,"failed":0},"queries":12,"pid":20657}

      158 |       if (code !== 0 || !result) { reject(new Error(`worker exited ${code}: ${output}`)); return; }
      159 |       // Query shapes, outcomes, fixture identifiers and process IDs only; never parameters.
    > 160 |       console.warn('PG17_PROCESS', JSON.stringify({ name, old, options: { ...options, cursor: options.cursor ? '<cursor>' : undefined },
          |               ^
      161 |         result: result.result, failure: result.failure, queries: result.queries.length, pid: result.pid }));
      162 |       resolveDone(result);
      163 |     };

      at settleWorker (test/utils/g2-pg17-harness.ts:160:15)
      at ChildProcess.<anonymous> (test/utils/g2-pg17-harness.ts:165:51)

  console.warn
    PG17_PROCESS {"name":"g2p17_54","old":false,"options":{"mapper":"throw"},"result":{"intent_id":"intent","staged":1,"reconstructed":1,"skipped":0,"failed":0},"queries":11,"pid":20677}

      158 |       if (code !== 0 || !result) { reject(new Error(`worker exited ${code}: ${output}`)); return; }
      159 |       // Query shapes, outcomes, fixture identifiers and process IDs only; never parameters.
    > 160 |       console.warn('PG17_PROCESS', JSON.stringify({ name, old, options: { ...options, cursor: options.cursor ? '<cursor>' : undefined },
          |               ^
      161 |         result: result.result, failure: result.failure, queries: result.queries.length, pid: result.pid }));
      162 |       resolveDone(result);
      163 |     };

      at settleWorker (test/utils/g2-pg17-harness.ts:160:15)
      at ChildProcess.<anonymous> (test/utils/g2-pg17-harness.ts:165:51)

  console.warn
    PG17_PROCESS {"name":"g2p17_55","old":false,"options":{"mapper":"throw"},"failure":{"status":409,"message":"reconstruction provenance conflict"},"queries":9,"pid":20699}

      158 |       if (code !== 0 || !result) { reject(new Error(`worker exited ${code}: ${output}`)); return; }
      159 |       // Query shapes, outcomes, fixture identifiers and process IDs only; never parameters.
    > 160 |       console.warn('PG17_PROCESS', JSON.stringify({ name, old, options: { ...options, cursor: options.cursor ? '<cursor>' : undefined },
          |               ^
      161 |         result: result.result, failure: result.failure, queries: result.queries.length, pid: result.pid }));
      162 |       resolveDone(result);
      163 |     };

      at settleWorker (test/utils/g2-pg17-harness.ts:160:15)
      at ChildProcess.<anonymous> (test/utils/g2-pg17-harness.ts:165:51)

  console.warn
    PG17_PROCESS {"name":"g2p17_56","old":false,"options":{},"result":{"intent_id":"intent","staged":1,"reconstructed":1,"skipped":0,"failed":0},"queries":12,"pid":20724}

      158 |       if (code !== 0 || !result) { reject(new Error(`worker exited ${code}: ${output}`)); return; }
      159 |       // Query shapes, outcomes, fixture identifiers and process IDs only; never parameters.
    > 160 |       console.warn('PG17_PROCESS', JSON.stringify({ name, old, options: { ...options, cursor: options.cursor ? '<cursor>' : undefined },
          |               ^
      161 |         result: result.result, failure: result.failure, queries: result.queries.length, pid: result.pid }));
      162 |       resolveDone(result);
      163 |     };

      at settleWorker (test/utils/g2-pg17-harness.ts:160:15)
      at ChildProcess.<anonymous> (test/utils/g2-pg17-harness.ts:165:51)

  console.warn
    PG17_PROCESS {"name":"g2p17_57","old":false,"options":{},"result":{"intent_id":"intent","staged":1,"reconstructed":1,"skipped":0,"failed":0},"queries":14,"pid":20746}

      158 |       if (code !== 0 || !result) { reject(new Error(`worker exited ${code}: ${output}`)); return; }
      159 |       // Query shapes, outcomes, fixture identifiers and process IDs only; never parameters.
    > 160 |       console.warn('PG17_PROCESS', JSON.stringify({ name, old, options: { ...options, cursor: options.cursor ? '<cursor>' : undefined },
          |               ^
      161 |         result: result.result, failure: result.failure, queries: result.queries.length, pid: result.pid }));
      162 |       resolveDone(result);
      163 |     };

      at settleWorker (test/utils/g2-pg17-harness.ts:160:15)
      at ChildProcess.<anonymous> (test/utils/g2-pg17-harness.ts:165:51)

  console.warn
    PG17_PROCESS {"name":"g2p17_58","old":false,"options":{},"failure":{"status":409,"message":"reconstruction provenance conflict"},"queries":12,"pid":20768}

      158 |       if (code !== 0 || !result) { reject(new Error(`worker exited ${code}: ${output}`)); return; }
      159 |       // Query shapes, outcomes, fixture identifiers and process IDs only; never parameters.
    > 160 |       console.warn('PG17_PROCESS', JSON.stringify({ name, old, options: { ...options, cursor: options.cursor ? '<cursor>' : undefined },
          |               ^
      161 |         result: result.result, failure: result.failure, queries: result.queries.length, pid: result.pid }));
      162 |       resolveDone(result);
      163 |     };

      at settleWorker (test/utils/g2-pg17-harness.ts:160:15)
      at ChildProcess.<anonymous> (test/utils/g2-pg17-harness.ts:165:51)

  console.warn
    PG17_PROCESS {"name":"g2p17_59","old":false,"options":{},"failure":{"status":409,"message":"reconstruction provenance conflict"},"queries":3,"pid":20792}

      158 |       if (code !== 0 || !result) { reject(new Error(`worker exited ${code}: ${output}`)); return; }
      159 |       // Query shapes, outcomes, fixture identifiers and process IDs only; never parameters.
    > 160 |       console.warn('PG17_PROCESS', JSON.stringify({ name, old, options: { ...options, cursor: options.cursor ? '<cursor>' : undefined },
          |               ^
      161 |         result: result.result, failure: result.failure, queries: result.queries.length, pid: result.pid }));
      162 |       resolveDone(result);
      163 |     };

      at settleWorker (test/utils/g2-pg17-harness.ts:160:15)
      at ChildProcess.<anonymous> (test/utils/g2-pg17-harness.ts:165:51)

  console.warn
    PG17_PROCESS {"name":"g2p17_60","old":false,"options":{},"result":{"intent_id":"intent","staged":1,"reconstructed":1,"skipped":0,"failed":0},"queries":12,"pid":20816}

      158 |       if (code !== 0 || !result) { reject(new Error(`worker exited ${code}: ${output}`)); return; }
      159 |       // Query shapes, outcomes, fixture identifiers and process IDs only; never parameters.
    > 160 |       console.warn('PG17_PROCESS', JSON.stringify({ name, old, options: { ...options, cursor: options.cursor ? '<cursor>' : undefined },
          |               ^
      161 |         result: result.result, failure: result.failure, queries: result.queries.length, pid: result.pid }));
      162 |       resolveDone(result);
      163 |     };

      at settleWorker (test/utils/g2-pg17-harness.ts:160:15)
      at ChildProcess.<anonymous> (test/utils/g2-pg17-harness.ts:165:51)

  console.warn
    PG17_PROCESS {"name":"g2p17_61","old":false,"options":{},"failure":{"status":409,"message":"reconstruction provenance conflict"},"queries":3,"pid":20838}

      158 |       if (code !== 0 || !result) { reject(new Error(`worker exited ${code}: ${output}`)); return; }
      159 |       // Query shapes, outcomes, fixture identifiers and process IDs only; never parameters.
    > 160 |       console.warn('PG17_PROCESS', JSON.stringify({ name, old, options: { ...options, cursor: options.cursor ? '<cursor>' : undefined },
          |               ^
      161 |         result: result.result, failure: result.failure, queries: result.queries.length, pid: result.pid }));
      162 |       resolveDone(result);
      163 |     };

      at settleWorker (test/utils/g2-pg17-harness.ts:160:15)
      at ChildProcess.<anonymous> (test/utils/g2-pg17-harness.ts:165:51)

  console.warn
    PG17_PROCESS {"name":"g2p17_62","old":false,"options":{},"failure":{"status":409,"message":"reconstruction provenance conflict"},"queries":3,"pid":20860}

      158 |       if (code !== 0 || !result) { reject(new Error(`worker exited ${code}: ${output}`)); return; }
      159 |       // Query shapes, outcomes, fixture identifiers and process IDs only; never parameters.
    > 160 |       console.warn('PG17_PROCESS', JSON.stringify({ name, old, options: { ...options, cursor: options.cursor ? '<cursor>' : undefined },
          |               ^
      161 |         result: result.result, failure: result.failure, queries: result.queries.length, pid: result.pid }));
      162 |       resolveDone(result);
      163 |     };

      at settleWorker (test/utils/g2-pg17-harness.ts:160:15)
      at ChildProcess.<anonymous> (test/utils/g2-pg17-harness.ts:165:51)

  console.warn
    PG17_PROCESS {"name":"g2p17_63","old":false,"options":{},"failure":{"status":409,"message":"reconstruction provenance conflict"},"queries":3,"pid":20882}

      158 |       if (code !== 0 || !result) { reject(new Error(`worker exited ${code}: ${output}`)); return; }
      159 |       // Query shapes, outcomes, fixture identifiers and process IDs only; never parameters.
    > 160 |       console.warn('PG17_PROCESS', JSON.stringify({ name, old, options: { ...options, cursor: options.cursor ? '<cursor>' : undefined },
          |               ^
      161 |         result: result.result, failure: result.failure, queries: result.queries.length, pid: result.pid }));
      162 |       resolveDone(result);
      163 |     };

      at settleWorker (test/utils/g2-pg17-harness.ts:160:15)
      at ChildProcess.<anonymous> (test/utils/g2-pg17-harness.ts:165:51)

  console.warn
    PG17_PROCESS {"name":"g2p17_64","old":false,"options":{},"failure":{"status":409,"message":"reconstruction provenance conflict"},"queries":3,"pid":20905}

      158 |       if (code !== 0 || !result) { reject(new Error(`worker exited ${code}: ${output}`)); return; }
      159 |       // Query shapes, outcomes, fixture identifiers and process IDs only; never parameters.
    > 160 |       console.warn('PG17_PROCESS', JSON.stringify({ name, old, options: { ...options, cursor: options.cursor ? '<cursor>' : undefined },
          |               ^
      161 |         result: result.result, failure: result.failure, queries: result.queries.length, pid: result.pid }));
      162 |       resolveDone(result);
      163 |     };

      at settleWorker (test/utils/g2-pg17-harness.ts:160:15)
      at ChildProcess.<anonymous> (test/utils/g2-pg17-harness.ts:165:51)

  console.warn
    PG17_PROCESS {"name":"g2p17_65","old":false,"options":{},"failure":{"status":409,"message":"reconstruction provenance conflict"},"queries":3,"pid":20927}

      158 |       if (code !== 0 || !result) { reject(new Error(`worker exited ${code}: ${output}`)); return; }
      159 |       // Query shapes, outcomes, fixture identifiers and process IDs only; never parameters.
    > 160 |       console.warn('PG17_PROCESS', JSON.stringify({ name, old, options: { ...options, cursor: options.cursor ? '<cursor>' : undefined },
          |               ^
      161 |         result: result.result, failure: result.failure, queries: result.queries.length, pid: result.pid }));
      162 |       resolveDone(result);
      163 |     };

      at settleWorker (test/utils/g2-pg17-harness.ts:160:15)
      at ChildProcess.<anonymous> (test/utils/g2-pg17-harness.ts:165:51)

  console.warn
    PG17_PROCESS {"name":"g2p17_66","old":false,"options":{},"result":{"intent_id":"intent","staged":1,"reconstructed":1,"skipped":0,"failed":0},"queries":12,"pid":20960}

      158 |       if (code !== 0 || !result) { reject(new Error(`worker exited ${code}: ${output}`)); return; }
      159 |       // Query shapes, outcomes, fixture identifiers and process IDs only; never parameters.
    > 160 |       console.warn('PG17_PROCESS', JSON.stringify({ name, old, options: { ...options, cursor: options.cursor ? '<cursor>' : undefined },
          |               ^
      161 |         result: result.result, failure: result.failure, queries: result.queries.length, pid: result.pid }));
      162 |       resolveDone(result);
      163 |     };

      at settleWorker (test/utils/g2-pg17-harness.ts:160:15)
      at ChildProcess.<anonymous> (test/utils/g2-pg17-harness.ts:165:51)

  console.warn
    PG17_PROCESS {"name":"g2p17_67","old":false,"options":{"intent":"i2"},"result":{"intent_id":"i2","staged":1,"reconstructed":1,"skipped":0,"failed":0},"queries":12,"pid":20976}

      158 |       if (code !== 0 || !result) { reject(new Error(`worker exited ${code}: ${output}`)); return; }
      159 |       // Query shapes, outcomes, fixture identifiers and process IDs only; never parameters.
    > 160 |       console.warn('PG17_PROCESS', JSON.stringify({ name, old, options: { ...options, cursor: options.cursor ? '<cursor>' : undefined },
          |               ^
      161 |         result: result.result, failure: result.failure, queries: result.queries.length, pid: result.pid }));
      162 |       resolveDone(result);
      163 |     };

      at settleWorker (test/utils/g2-pg17-harness.ts:160:15)
      at ChildProcess.<anonymous> (test/utils/g2-pg17-harness.ts:165:51)

  console.warn
    PG17_PROCESS {"name":"g2p17_68","old":false,"options":{"intent":"i3"},"result":{"intent_id":"i3","staged":1,"reconstructed":1,"skipped":0,"failed":0},"queries":12,"pid":20992}

      158 |       if (code !== 0 || !result) { reject(new Error(`worker exited ${code}: ${output}`)); return; }
      159 |       // Query shapes, outcomes, fixture identifiers and process IDs only; never parameters.
    > 160 |       console.warn('PG17_PROCESS', JSON.stringify({ name, old, options: { ...options, cursor: options.cursor ? '<cursor>' : undefined },
          |               ^
      161 |         result: result.result, failure: result.failure, queries: result.queries.length, pid: result.pid }));
      162 |       resolveDone(result);
      163 |     };

      at settleWorker (test/utils/g2-pg17-harness.ts:160:15)
      at ChildProcess.<anonymous> (test/utils/g2-pg17-harness.ts:165:51)

  console.warn
    PG17_PROCESS {"name":"g2p17_69","old":false,"options":{"coach":"other"},"result":{"intent_id":"intent","staged":1,"reconstructed":1,"skipped":0,"failed":0},"queries":12,"pid":21024}

      158 |       if (code !== 0 || !result) { reject(new Error(`worker exited ${code}: ${output}`)); return; }
      159 |       // Query shapes, outcomes, fixture identifiers and process IDs only; never parameters.
    > 160 |       console.warn('PG17_PROCESS', JSON.stringify({ name, old, options: { ...options, cursor: options.cursor ? '<cursor>' : undefined },
          |               ^
      161 |         result: result.result, failure: result.failure, queries: result.queries.length, pid: result.pid }));
      162 |       resolveDone(result);
      163 |     };

      at settleWorker (test/utils/g2-pg17-harness.ts:160:15)
      at ChildProcess.<anonymous> (test/utils/g2-pg17-harness.ts:165:51)

  console.warn
    PG17_PROCESS {"name":"g2p17_70","old":false,"options":{},"result":{"intent_id":"intent","staged":1,"reconstructed":1,"skipped":0,"failed":0},"queries":12,"pid":21052}

      158 |       if (code !== 0 || !result) { reject(new Error(`worker exited ${code}: ${output}`)); return; }
      159 |       // Query shapes, outcomes, fixture identifiers and process IDs only; never parameters.
    > 160 |       console.warn('PG17_PROCESS', JSON.stringify({ name, old, options: { ...options, cursor: options.cursor ? '<cursor>' : undefined },
          |               ^
      161 |         result: result.result, failure: result.failure, queries: result.queries.length, pid: result.pid }));
      162 |       resolveDone(result);
      163 |     };

      at settleWorker (test/utils/g2-pg17-harness.ts:160:15)
      at ChildProcess.<anonymous> (test/utils/g2-pg17-harness.ts:165:51)

  console.warn
    PG17_PROCESS {"name":"g2p17_71","old":false,"options":{},"result":{"intent_id":"intent","staged":1,"reconstructed":1,"skipped":0,"failed":0},"queries":12,"pid":21078}

      158 |       if (code !== 0 || !result) { reject(new Error(`worker exited ${code}: ${output}`)); return; }
      159 |       // Query shapes, outcomes, fixture identifiers and process IDs only; never parameters.
    > 160 |       console.warn('PG17_PROCESS', JSON.stringify({ name, old, options: { ...options, cursor: options.cursor ? '<cursor>' : undefined },
          |               ^
      161 |         result: result.result, failure: result.failure, queries: result.queries.length, pid: result.pid }));
      162 |       resolveDone(result);
      163 |     };

      at settleWorker (test/utils/g2-pg17-harness.ts:160:15)
      at ChildProcess.<anonymous> (test/utils/g2-pg17-harness.ts:165:51)

  console.warn
    PG17_PROCESS {"name":"g2p17_72","old":true,"options":{},"result":{"intent_id":"intent","staged":1,"reconstructed":0,"skipped":0,"failed":1},"queries":8,"pid":21098}

      158 |       if (code !== 0 || !result) { reject(new Error(`worker exited ${code}: ${output}`)); return; }
      159 |       // Query shapes, outcomes, fixture identifiers and process IDs only; never parameters.
    > 160 |       console.warn('PG17_PROCESS', JSON.stringify({ name, old, options: { ...options, cursor: options.cursor ? '<cursor>' : undefined },
          |               ^
      161 |         result: result.result, failure: result.failure, queries: result.queries.length, pid: result.pid }));
      162 |       resolveDone(result);
      163 |     };

      at settleWorker (test/utils/g2-pg17-harness.ts:160:15)
      at ChildProcess.<anonymous> (test/utils/g2-pg17-harness.ts:165:51)

  console.warn
    PG17_PROCESS {"name":"g2p17_73","old":true,"options":{},"result":{"intent_id":"intent","staged":2,"reconstructed":1,"skipped":0,"failed":1},"queries":12,"pid":21120}

      158 |       if (code !== 0 || !result) { reject(new Error(`worker exited ${code}: ${output}`)); return; }
      159 |       // Query shapes, outcomes, fixture identifiers and process IDs only; never parameters.
    > 160 |       console.warn('PG17_PROCESS', JSON.stringify({ name, old, options: { ...options, cursor: options.cursor ? '<cursor>' : undefined },
          |               ^
      161 |         result: result.result, failure: result.failure, queries: result.queries.length, pid: result.pid }));
      162 |       resolveDone(result);
      163 |     };

      at settleWorker (test/utils/g2-pg17-harness.ts:160:15)
      at ChildProcess.<anonymous> (test/utils/g2-pg17-harness.ts:165:51)

  console.warn
    PG17_PROCESS {"name":"g2p17_74","old":false,"options":{},"result":{"intent_id":"intent","staged":2,"reconstructed":2,"skipped":0,"failed":0},"queries":20,"pid":21141}

      158 |       if (code !== 0 || !result) { reject(new Error(`worker exited ${code}: ${output}`)); return; }
      159 |       // Query shapes, outcomes, fixture identifiers and process IDs only; never parameters.
    > 160 |       console.warn('PG17_PROCESS', JSON.stringify({ name, old, options: { ...options, cursor: options.cursor ? '<cursor>' : undefined },
          |               ^
      161 |         result: result.result, failure: result.failure, queries: result.queries.length, pid: result.pid }));
      162 |       resolveDone(result);
      163 |     };

      at settleWorker (test/utils/g2-pg17-harness.ts:160:15)
      at ChildProcess.<anonymous> (test/utils/g2-pg17-harness.ts:165:51)

  console.warn
    PG17_BLOCKED {"name":"g2p17_76","rows":[{"type":"Lock","wait":"transactionid"}]}

      179 |     const rows = jsonAdmin(`SELECT COALESCE(jsonb_agg(jsonb_build_object('wait',wait_event,'type',wait_event_type)),'[]')
      180 |       FROM pg_stat_activity WHERE application_name=${quote(name)} AND wait_event_type='Lock'`);
    > 181 |     if (rows.length > 0) { console.warn('PG17_BLOCKED', JSON.stringify({ name, rows })); return; }
          |                                    ^
      182 |     await new Promise((r) => setTimeout(r, 25));
      183 |   }
      184 |   throw new Error('expected observed PostgreSQL lock wait');

      at blocked (test/utils/g2-pg17-harness.ts:181:36)
      at test/rls-g2-pg17-etq0.spec.ts:490:7

  console.warn
    PG17_PROCESS {"name":"g2p17_75","old":false,"options":{"pause":"before-ledger"},"result":{"intent_id":"intent","staged":1,"reconstructed":1,"skipped":0,"failed":0},"queries":12,"pid":21167}

      158 |       if (code !== 0 || !result) { reject(new Error(`worker exited ${code}: ${output}`)); return; }
      159 |       // Query shapes, outcomes, fixture identifiers and process IDs only; never parameters.
    > 160 |       console.warn('PG17_PROCESS', JSON.stringify({ name, old, options: { ...options, cursor: options.cursor ? '<cursor>' : undefined },
          |               ^
      161 |         result: result.result, failure: result.failure, queries: result.queries.length, pid: result.pid }));
      162 |       resolveDone(result);
      163 |     };

      at settleWorker (test/utils/g2-pg17-harness.ts:160:15)
      at ChildProcess.<anonymous> (test/utils/g2-pg17-harness.ts:165:51)

  console.warn
    PG17_PROCESS {"name":"g2p17_76","old":false,"options":{},"result":{"intent_id":"intent","staged":1,"reconstructed":1,"skipped":0,"failed":0},"queries":12,"pid":21186}

      158 |       if (code !== 0 || !result) { reject(new Error(`worker exited ${code}: ${output}`)); return; }
      159 |       // Query shapes, outcomes, fixture identifiers and process IDs only; never parameters.
    > 160 |       console.warn('PG17_PROCESS', JSON.stringify({ name, old, options: { ...options, cursor: options.cursor ? '<cursor>' : undefined },
          |               ^
      161 |         result: result.result, failure: result.failure, queries: result.queries.length, pid: result.pid }));
      162 |       resolveDone(result);
      163 |     };

      at settleWorker (test/utils/g2-pg17-harness.ts:160:15)
      at ChildProcess.<anonymous> (test/utils/g2-pg17-harness.ts:165:51)

  console.warn
    PG17_BLOCKED {"name":"g2p17_78","rows":[{"type":"Lock","wait":"transactionid"}]}

      179 |     const rows = jsonAdmin(`SELECT COALESCE(jsonb_agg(jsonb_build_object('wait',wait_event,'type',wait_event_type)),'[]')
      180 |       FROM pg_stat_activity WHERE application_name=${quote(name)} AND wait_event_type='Lock'`);
    > 181 |     if (rows.length > 0) { console.warn('PG17_BLOCKED', JSON.stringify({ name, rows })); return; }
          |                                    ^
      182 |     await new Promise((r) => setTimeout(r, 25));
      183 |   }
      184 |   throw new Error('expected observed PostgreSQL lock wait');

      at blocked (test/utils/g2-pg17-harness.ts:181:36)
      at test/rls-g2-pg17-etq0.spec.ts:490:7

  console.warn
    PG17_PROCESS {"name":"g2p17_77","old":true,"options":{"pause":"before-ledger"},"result":{"intent_id":"intent","staged":1,"reconstructed":1,"skipped":0,"failed":0},"queries":8,"pid":21243}

      158 |       if (code !== 0 || !result) { reject(new Error(`worker exited ${code}: ${output}`)); return; }
      159 |       // Query shapes, outcomes, fixture identifiers and process IDs only; never parameters.
    > 160 |       console.warn('PG17_PROCESS', JSON.stringify({ name, old, options: { ...options, cursor: options.cursor ? '<cursor>' : undefined },
          |               ^
      161 |         result: result.result, failure: result.failure, queries: result.queries.length, pid: result.pid }));
      162 |       resolveDone(result);
      163 |     };

      at settleWorker (test/utils/g2-pg17-harness.ts:160:15)
      at ChildProcess.<anonymous> (test/utils/g2-pg17-harness.ts:165:51)

  console.warn
    PG17_PROCESS {"name":"g2p17_78","old":false,"options":{},"result":{"intent_id":"intent","staged":1,"reconstructed":1,"skipped":0,"failed":0},"queries":12,"pid":21259}

      158 |       if (code !== 0 || !result) { reject(new Error(`worker exited ${code}: ${output}`)); return; }
      159 |       // Query shapes, outcomes, fixture identifiers and process IDs only; never parameters.
    > 160 |       console.warn('PG17_PROCESS', JSON.stringify({ name, old, options: { ...options, cursor: options.cursor ? '<cursor>' : undefined },
          |               ^
      161 |         result: result.result, failure: result.failure, queries: result.queries.length, pid: result.pid }));
      162 |       resolveDone(result);
      163 |     };

      at settleWorker (test/utils/g2-pg17-harness.ts:160:15)
      at ChildProcess.<anonymous> (test/utils/g2-pg17-harness.ts:165:51)

  console.warn
    PG17_BLOCKED {"name":"g2p17_79","rows":[{"type":"Lock","wait":"advisory"}]}

      179 |     const rows = jsonAdmin(`SELECT COALESCE(jsonb_agg(jsonb_build_object('wait',wait_event,'type',wait_event_type)),'[]')
      180 |       FROM pg_stat_activity WHERE application_name=${quote(name)} AND wait_event_type='Lock'`);
    > 181 |     if (rows.length > 0) { console.warn('PG17_BLOCKED', JSON.stringify({ name, rows })); return; }
          |                                    ^
      182 |     await new Promise((r) => setTimeout(r, 25));
      183 |   }
      184 |   throw new Error('expected observed PostgreSQL lock wait');

      at blocked (test/utils/g2-pg17-harness.ts:181:36)
      at Object.<anonymous> (test/rls-g2-pg17-etq0.spec.ts:511:7)

  console.warn
    PG17_BLOCKED {"name":"g2p17_80","rows":[{"type":"Lock","wait":"advisory"}]}

      179 |     const rows = jsonAdmin(`SELECT COALESCE(jsonb_agg(jsonb_build_object('wait',wait_event,'type',wait_event_type)),'[]')
      180 |       FROM pg_stat_activity WHERE application_name=${quote(name)} AND wait_event_type='Lock'`);
    > 181 |     if (rows.length > 0) { console.warn('PG17_BLOCKED', JSON.stringify({ name, rows })); return; }
          |                                    ^
      182 |     await new Promise((r) => setTimeout(r, 25));
      183 |   }
      184 |   throw new Error('expected observed PostgreSQL lock wait');

      at blocked (test/utils/g2-pg17-harness.ts:181:36)
      at Object.<anonymous> (test/rls-g2-pg17-etq0.spec.ts:512:20)

  console.warn
    PG17_PROCESS {"name":"g2p17_79","old":false,"options":{},"result":{"intent_id":"intent","staged":1,"reconstructed":0,"skipped":1,"failed":0},"queries":11,"pid":21319}

      158 |       if (code !== 0 || !result) { reject(new Error(`worker exited ${code}: ${output}`)); return; }
      159 |       // Query shapes, outcomes, fixture identifiers and process IDs only; never parameters.
    > 160 |       console.warn('PG17_PROCESS', JSON.stringify({ name, old, options: { ...options, cursor: options.cursor ? '<cursor>' : undefined },
          |               ^
      161 |         result: result.result, failure: result.failure, queries: result.queries.length, pid: result.pid }));
      162 |       resolveDone(result);
      163 |     };

      at settleWorker (test/utils/g2-pg17-harness.ts:160:15)
      at ChildProcess.<anonymous> (test/utils/g2-pg17-harness.ts:165:51)

  console.warn
    PG17_PROCESS {"name":"g2p17_80","old":false,"options":{},"result":{"intent_id":"intent","staged":1,"reconstructed":0,"skipped":1,"failed":0},"queries":15,"pid":21320}

      158 |       if (code !== 0 || !result) { reject(new Error(`worker exited ${code}: ${output}`)); return; }
      159 |       // Query shapes, outcomes, fixture identifiers and process IDs only; never parameters.
    > 160 |       console.warn('PG17_PROCESS', JSON.stringify({ name, old, options: { ...options, cursor: options.cursor ? '<cursor>' : undefined },
          |               ^
      161 |         result: result.result, failure: result.failure, queries: result.queries.length, pid: result.pid }));
      162 |       resolveDone(result);
      163 |     };

      at settleWorker (test/utils/g2-pg17-harness.ts:160:15)
      at ChildProcess.<anonymous> (test/utils/g2-pg17-harness.ts:165:51)

  console.warn
    PG17_PROCESS {"name":"g2p17_81","old":false,"options":{"mapper":"skip"},"result":{"intent_id":"intent","staged":1,"reconstructed":0,"skipped":1,"failed":0},"queries":15,"pid":21393}

      158 |       if (code !== 0 || !result) { reject(new Error(`worker exited ${code}: ${output}`)); return; }
      159 |       // Query shapes, outcomes, fixture identifiers and process IDs only; never parameters.
    > 160 |       console.warn('PG17_PROCESS', JSON.stringify({ name, old, options: { ...options, cursor: options.cursor ? '<cursor>' : undefined },
          |               ^
      161 |         result: result.result, failure: result.failure, queries: result.queries.length, pid: result.pid }));
      162 |       resolveDone(result);
      163 |     };

      at settleWorker (test/utils/g2-pg17-harness.ts:160:15)
      at ChildProcess.<anonymous> (test/utils/g2-pg17-harness.ts:165:51)

  console.warn
    PG17_PROCESS {"name":"g2p17_82","old":false,"options":{"mapper":"throw"},"result":{"intent_id":"intent","staged":1,"reconstructed":0,"skipped":0,"failed":1},"queries":15,"pid":21423}

      158 |       if (code !== 0 || !result) { reject(new Error(`worker exited ${code}: ${output}`)); return; }
      159 |       // Query shapes, outcomes, fixture identifiers and process IDs only; never parameters.
    > 160 |       console.warn('PG17_PROCESS', JSON.stringify({ name, old, options: { ...options, cursor: options.cursor ? '<cursor>' : undefined },
          |               ^
      161 |         result: result.result, failure: result.failure, queries: result.queries.length, pid: result.pid }));
      162 |       resolveDone(result);
      163 |     };

      at settleWorker (test/utils/g2-pg17-harness.ts:160:15)
      at ChildProcess.<anonymous> (test/utils/g2-pg17-harness.ts:165:51)

  console.warn
    PG17_PROCESS {"name":"g2p17_83","old":false,"options":{},"result":{"intent_id":"intent","staged":1,"reconstructed":1,"skipped":0,"failed":0},"queries":17,"pid":21453}

      158 |       if (code !== 0 || !result) { reject(new Error(`worker exited ${code}: ${output}`)); return; }
      159 |       // Query shapes, outcomes, fixture identifiers and process IDs only; never parameters.
    > 160 |       console.warn('PG17_PROCESS', JSON.stringify({ name, old, options: { ...options, cursor: options.cursor ? '<cursor>' : undefined },
          |               ^
      161 |         result: result.result, failure: result.failure, queries: result.queries.length, pid: result.pid }));
      162 |       resolveDone(result);
      163 |     };

      at settleWorker (test/utils/g2-pg17-harness.ts:160:15)
      at ChildProcess.<anonymous> (test/utils/g2-pg17-harness.ts:165:51)

  console.warn
    PG17_PROCESS {"name":"g2p17_84","old":false,"options":{},"failure":{"status":500,"message":"Internal server error","code":"P2034"},"queries":11,"pid":21483}

      158 |       if (code !== 0 || !result) { reject(new Error(`worker exited ${code}: ${output}`)); return; }
      159 |       // Query shapes, outcomes, fixture identifiers and process IDs only; never parameters.
    > 160 |       console.warn('PG17_PROCESS', JSON.stringify({ name, old, options: { ...options, cursor: options.cursor ? '<cursor>' : undefined },
          |               ^
      161 |         result: result.result, failure: result.failure, queries: result.queries.length, pid: result.pid }));
      162 |       resolveDone(result);
      163 |     };

      at settleWorker (test/utils/g2-pg17-harness.ts:160:15)
      at ChildProcess.<anonymous> (test/utils/g2-pg17-harness.ts:165:51)

  console.warn
    PG17_BLOCKED {"name":"g2p17_86","rows":[{"type":"Lock","wait":"transactionid"}]}

      179 |     const rows = jsonAdmin(`SELECT COALESCE(jsonb_agg(jsonb_build_object('wait',wait_event,'type',wait_event_type)),'[]')
      180 |       FROM pg_stat_activity WHERE application_name=${quote(name)} AND wait_event_type='Lock'`);
    > 181 |     if (rows.length > 0) { console.warn('PG17_BLOCKED', JSON.stringify({ name, rows })); return; }
          |                                    ^
      182 |     await new Promise((r) => setTimeout(r, 25));
      183 |   }
      184 |   throw new Error('expected observed PostgreSQL lock wait');

      at blocked (test/utils/g2-pg17-harness.ts:181:36)
      at test/rls-g2-pg17-etq0.spec.ts:572:7

  console.warn
    PG17_PROCESS {"name":"g2p17_85","old":false,"options":{"pause":"claimed"},"result":{"intent_id":"intent","staged":1,"reconstructed":1,"skipped":0,"failed":0},"queries":12,"pid":21511}

      158 |       if (code !== 0 || !result) { reject(new Error(`worker exited ${code}: ${output}`)); return; }
      159 |       // Query shapes, outcomes, fixture identifiers and process IDs only; never parameters.
    > 160 |       console.warn('PG17_PROCESS', JSON.stringify({ name, old, options: { ...options, cursor: options.cursor ? '<cursor>' : undefined },
          |               ^
      161 |         result: result.result, failure: result.failure, queries: result.queries.length, pid: result.pid }));
      162 |       resolveDone(result);
      163 |     };

      at settleWorker (test/utils/g2-pg17-harness.ts:160:15)
      at ChildProcess.<anonymous> (test/utils/g2-pg17-harness.ts:165:51)

  console.warn
    PG17_PROCESS {"name":"g2p17_86","old":false,"options":{},"result":{"intent_id":"intent","staged":1,"reconstructed":1,"skipped":0,"failed":0},"queries":18,"pid":21530}

      158 |       if (code !== 0 || !result) { reject(new Error(`worker exited ${code}: ${output}`)); return; }
      159 |       // Query shapes, outcomes, fixture identifiers and process IDs only; never parameters.
    > 160 |       console.warn('PG17_PROCESS', JSON.stringify({ name, old, options: { ...options, cursor: options.cursor ? '<cursor>' : undefined },
          |               ^
      161 |         result: result.result, failure: result.failure, queries: result.queries.length, pid: result.pid }));
      162 |       resolveDone(result);
      163 |     };

      at settleWorker (test/utils/g2-pg17-harness.ts:160:15)
      at ChildProcess.<anonymous> (test/utils/g2-pg17-harness.ts:165:51)

  console.warn
    PG17_BLOCKED {"name":"g2p17_88","rows":[{"type":"Lock","wait":"transactionid"}]}

      179 |     const rows = jsonAdmin(`SELECT COALESCE(jsonb_agg(jsonb_build_object('wait',wait_event,'type',wait_event_type)),'[]')
      180 |       FROM pg_stat_activity WHERE application_name=${quote(name)} AND wait_event_type='Lock'`);
    > 181 |     if (rows.length > 0) { console.warn('PG17_BLOCKED', JSON.stringify({ name, rows })); return; }
          |                                    ^
      182 |     await new Promise((r) => setTimeout(r, 25));
      183 |   }
      184 |   throw new Error('expected observed PostgreSQL lock wait');

      at blocked (test/utils/g2-pg17-harness.ts:181:36)
      at test/rls-g2-pg17-etq0.spec.ts:572:7

  console.warn
    PG17_PROCESS {"name":"g2p17_87","old":false,"options":{"pause":"claimed"},"result":{"intent_id":"intent","staged":1,"reconstructed":0,"skipped":0,"failed":1},"queries":12,"pid":21590}

      158 |       if (code !== 0 || !result) { reject(new Error(`worker exited ${code}: ${output}`)); return; }
      159 |       // Query shapes, outcomes, fixture identifiers and process IDs only; never parameters.
    > 160 |       console.warn('PG17_PROCESS', JSON.stringify({ name, old, options: { ...options, cursor: options.cursor ? '<cursor>' : undefined },
          |               ^
      161 |         result: result.result, failure: result.failure, queries: result.queries.length, pid: result.pid }));
      162 |       resolveDone(result);
      163 |     };

      at settleWorker (test/utils/g2-pg17-harness.ts:160:15)
      at ChildProcess.<anonymous> (test/utils/g2-pg17-harness.ts:165:51)

  console.warn
    PG17_PROCESS {"name":"g2p17_88","old":true,"options":{},"result":{"intent_id":"intent","staged":1,"reconstructed":0,"skipped":0,"failed":1},"queries":8,"pid":21608}

      158 |       if (code !== 0 || !result) { reject(new Error(`worker exited ${code}: ${output}`)); return; }
      159 |       // Query shapes, outcomes, fixture identifiers and process IDs only; never parameters.
    > 160 |       console.warn('PG17_PROCESS', JSON.stringify({ name, old, options: { ...options, cursor: options.cursor ? '<cursor>' : undefined },
          |               ^
      161 |         result: result.result, failure: result.failure, queries: result.queries.length, pid: result.pid }));
      162 |       resolveDone(result);
      163 |     };

      at settleWorker (test/utils/g2-pg17-harness.ts:160:15)
      at ChildProcess.<anonymous> (test/utils/g2-pg17-harness.ts:165:51)

  console.warn
    PG17_BLOCKED {"name":"g2p17_90","rows":[{"type":"Lock","wait":"transactionid"}]}

      179 |     const rows = jsonAdmin(`SELECT COALESCE(jsonb_agg(jsonb_build_object('wait',wait_event,'type',wait_event_type)),'[]')
      180 |       FROM pg_stat_activity WHERE application_name=${quote(name)} AND wait_event_type='Lock'`);
    > 181 |     if (rows.length > 0) { console.warn('PG17_BLOCKED', JSON.stringify({ name, rows })); return; }
          |                                    ^
      182 |     await new Promise((r) => setTimeout(r, 25));
      183 |   }
      184 |   throw new Error('expected observed PostgreSQL lock wait');

      at blocked (test/utils/g2-pg17-harness.ts:181:36)
      at test/rls-g2-pg17-etq0.spec.ts:588:7

  console.warn
    PG17_PROCESS {"name":"g2p17_89","old":false,"options":{"pause":"claimed"},"result":{"intent_id":"intent","staged":1,"reconstructed":1,"skipped":0,"failed":0},"queries":12,"pid":21664}

      158 |       if (code !== 0 || !result) { reject(new Error(`worker exited ${code}: ${output}`)); return; }
      159 |       // Query shapes, outcomes, fixture identifiers and process IDs only; never parameters.
    > 160 |       console.warn('PG17_PROCESS', JSON.stringify({ name, old, options: { ...options, cursor: options.cursor ? '<cursor>' : undefined },
          |               ^
      161 |         result: result.result, failure: result.failure, queries: result.queries.length, pid: result.pid }));
      162 |       resolveDone(result);
      163 |     };

      at settleWorker (test/utils/g2-pg17-harness.ts:160:15)
      at ChildProcess.<anonymous> (test/utils/g2-pg17-harness.ts:165:51)

  console.warn
    PG17_PROCESS {"name":"g2p17_90","old":false,"options":{"mapper":"skip"},"result":{"intent_id":"intent","staged":1,"reconstructed":1,"skipped":0,"failed":0},"queries":15,"pid":21682}

      158 |       if (code !== 0 || !result) { reject(new Error(`worker exited ${code}: ${output}`)); return; }
      159 |       // Query shapes, outcomes, fixture identifiers and process IDs only; never parameters.
    > 160 |       console.warn('PG17_PROCESS', JSON.stringify({ name, old, options: { ...options, cursor: options.cursor ? '<cursor>' : undefined },
          |               ^
      161 |         result: result.result, failure: result.failure, queries: result.queries.length, pid: result.pid }));
      162 |       resolveDone(result);
      163 |     };

      at settleWorker (test/utils/g2-pg17-harness.ts:160:15)
      at ChildProcess.<anonymous> (test/utils/g2-pg17-harness.ts:165:51)

  console.warn
    PG17_BLOCKED {"name":"g2p17_92","rows":[{"type":"Lock","wait":"transactionid"}]}

      179 |     const rows = jsonAdmin(`SELECT COALESCE(jsonb_agg(jsonb_build_object('wait',wait_event,'type',wait_event_type)),'[]')
      180 |       FROM pg_stat_activity WHERE application_name=${quote(name)} AND wait_event_type='Lock'`);
    > 181 |     if (rows.length > 0) { console.warn('PG17_BLOCKED', JSON.stringify({ name, rows })); return; }
          |                                    ^
      182 |     await new Promise((r) => setTimeout(r, 25));
      183 |   }
      184 |   throw new Error('expected observed PostgreSQL lock wait');

      at blocked (test/utils/g2-pg17-harness.ts:181:36)
      at test/rls-g2-pg17-etq0.spec.ts:588:7

  console.warn
    PG17_PROCESS {"name":"g2p17_92","old":true,"options":{"mapper":"skip"},"result":{"intent_id":"intent","staged":1,"reconstructed":0,"skipped":1,"failed":0},"queries":5,"pid":21752}

      158 |       if (code !== 0 || !result) { reject(new Error(`worker exited ${code}: ${output}`)); return; }
      159 |       // Query shapes, outcomes, fixture identifiers and process IDs only; never parameters.
    > 160 |       console.warn('PG17_PROCESS', JSON.stringify({ name, old, options: { ...options, cursor: options.cursor ? '<cursor>' : undefined },
          |               ^
      161 |         result: result.result, failure: result.failure, queries: result.queries.length, pid: result.pid }));
      162 |       resolveDone(result);
      163 |     };

      at settleWorker (test/utils/g2-pg17-harness.ts:160:15)
      at ChildProcess.<anonymous> (test/utils/g2-pg17-harness.ts:165:51)

  console.warn
    PG17_PROCESS {"name":"g2p17_91","old":false,"options":{"pause":"claimed"},"result":{"intent_id":"intent","staged":1,"reconstructed":0,"skipped":1,"failed":0},"queries":12,"pid":21736}

      158 |       if (code !== 0 || !result) { reject(new Error(`worker exited ${code}: ${output}`)); return; }
      159 |       // Query shapes, outcomes, fixture identifiers and process IDs only; never parameters.
    > 160 |       console.warn('PG17_PROCESS', JSON.stringify({ name, old, options: { ...options, cursor: options.cursor ? '<cursor>' : undefined },
          |               ^
      161 |         result: result.result, failure: result.failure, queries: result.queries.length, pid: result.pid }));
      162 |       resolveDone(result);
      163 |     };

      at settleWorker (test/utils/g2-pg17-harness.ts:160:15)
      at ChildProcess.<anonymous> (test/utils/g2-pg17-harness.ts:165:51)

  console.warn
    PG17_PROCESS {"name":"g2p17_94","old":false,"options":{"mapper":"skip"},"result":{"intent_id":"intent","staged":1,"reconstructed":0,"skipped":1,"failed":0},"queries":11,"pid":21823}

      158 |       if (code !== 0 || !result) { reject(new Error(`worker exited ${code}: ${output}`)); return; }
      159 |       // Query shapes, outcomes, fixture identifiers and process IDs only; never parameters.
    > 160 |       console.warn('PG17_PROCESS', JSON.stringify({ name, old, options: { ...options, cursor: options.cursor ? '<cursor>' : undefined },
          |               ^
      161 |         result: result.result, failure: result.failure, queries: result.queries.length, pid: result.pid }));
      162 |       resolveDone(result);
      163 |     };

      at settleWorker (test/utils/g2-pg17-harness.ts:160:15)
      at ChildProcess.<anonymous> (test/utils/g2-pg17-harness.ts:165:51)

  console.warn
    PG17_PROCESS {"name":"g2p17_93","old":false,"options":{"pause":"before-ledger"},"result":{"intent_id":"intent","staged":1,"reconstructed":1,"skipped":0,"failed":0},"queries":12,"pid":21806}

      158 |       if (code !== 0 || !result) { reject(new Error(`worker exited ${code}: ${output}`)); return; }
      159 |       // Query shapes, outcomes, fixture identifiers and process IDs only; never parameters.
    > 160 |       console.warn('PG17_PROCESS', JSON.stringify({ name, old, options: { ...options, cursor: options.cursor ? '<cursor>' : undefined },
          |               ^
      161 |         result: result.result, failure: result.failure, queries: result.queries.length, pid: result.pid }));
      162 |       resolveDone(result);
      163 |     };

      at settleWorker (test/utils/g2-pg17-harness.ts:160:15)
      at ChildProcess.<anonymous> (test/utils/g2-pg17-harness.ts:165:51)

  console.warn
    PG17_PROCESS {"name":"g2p17_96","old":false,"options":{"mapper":"throw"},"result":{"intent_id":"intent","staged":1,"reconstructed":0,"skipped":0,"failed":1},"queries":11,"pid":21866}

      158 |       if (code !== 0 || !result) { reject(new Error(`worker exited ${code}: ${output}`)); return; }
      159 |       // Query shapes, outcomes, fixture identifiers and process IDs only; never parameters.
    > 160 |       console.warn('PG17_PROCESS', JSON.stringify({ name, old, options: { ...options, cursor: options.cursor ? '<cursor>' : undefined },
          |               ^
      161 |         result: result.result, failure: result.failure, queries: result.queries.length, pid: result.pid }));
      162 |       resolveDone(result);
      163 |     };

      at settleWorker (test/utils/g2-pg17-harness.ts:160:15)
      at ChildProcess.<anonymous> (test/utils/g2-pg17-harness.ts:165:51)

  console.warn
    PG17_PROCESS {"name":"g2p17_95","old":false,"options":{"pause":"before-ledger"},"result":{"intent_id":"intent","staged":1,"reconstructed":1,"skipped":0,"failed":0},"queries":12,"pid":21849}

      158 |       if (code !== 0 || !result) { reject(new Error(`worker exited ${code}: ${output}`)); return; }
      159 |       // Query shapes, outcomes, fixture identifiers and process IDs only; never parameters.
    > 160 |       console.warn('PG17_PROCESS', JSON.stringify({ name, old, options: { ...options, cursor: options.cursor ? '<cursor>' : undefined },
          |               ^
      161 |         result: result.result, failure: result.failure, queries: result.queries.length, pid: result.pid }));
      162 |       resolveDone(result);
      163 |     };

      at settleWorker (test/utils/g2-pg17-harness.ts:160:15)
      at ChildProcess.<anonymous> (test/utils/g2-pg17-harness.ts:165:51)

  console.warn
    PG17_BLOCKED {"name":"g2p17_98","rows":[{"type":"Lock","wait":"transactionid"}]}

      179 |     const rows = jsonAdmin(`SELECT COALESCE(jsonb_agg(jsonb_build_object('wait',wait_event,'type',wait_event_type)),'[]')
      180 |       FROM pg_stat_activity WHERE application_name=${quote(name)} AND wait_event_type='Lock'`);
    > 181 |     if (rows.length > 0) { console.warn('PG17_BLOCKED', JSON.stringify({ name, rows })); return; }
          |                                    ^
      182 |     await new Promise((r) => setTimeout(r, 25));
      183 |   }
      184 |   throw new Error('expected observed PostgreSQL lock wait');

      at blocked (test/utils/g2-pg17-harness.ts:181:36)
      at Object.<anonymous> (test/rls-g2-pg17-etq0.spec.ts:617:7)

  console.warn
    PG17_PROCESS {"name":"g2p17_97","old":false,"options":{"pause":"claimed"},"result":{"intent_id":"intent","staged":1,"reconstructed":1,"skipped":0,"failed":0},"queries":12,"pid":21894}

      158 |       if (code !== 0 || !result) { reject(new Error(`worker exited ${code}: ${output}`)); return; }
      159 |       // Query shapes, outcomes, fixture identifiers and process IDs only; never parameters.
    > 160 |       console.warn('PG17_PROCESS', JSON.stringify({ name, old, options: { ...options, cursor: options.cursor ? '<cursor>' : undefined },
          |               ^
      161 |         result: result.result, failure: result.failure, queries: result.queries.length, pid: result.pid }));
      162 |       resolveDone(result);
      163 |     };

      at settleWorker (test/utils/g2-pg17-harness.ts:160:15)
      at ChildProcess.<anonymous> (test/utils/g2-pg17-harness.ts:165:51)

  console.warn
    PG17_PROCESS {"name":"g2p17_98","old":false,"options":{},"failure":{"status":409,"message":"reconstruction provenance conflict"},"queries":10,"pid":21912}

      158 |       if (code !== 0 || !result) { reject(new Error(`worker exited ${code}: ${output}`)); return; }
      159 |       // Query shapes, outcomes, fixture identifiers and process IDs only; never parameters.
    > 160 |       console.warn('PG17_PROCESS', JSON.stringify({ name, old, options: { ...options, cursor: options.cursor ? '<cursor>' : undefined },
          |               ^
      161 |         result: result.result, failure: result.failure, queries: result.queries.length, pid: result.pid }));
      162 |       resolveDone(result);
      163 |     };

      at settleWorker (test/utils/g2-pg17-harness.ts:160:15)
      at ChildProcess.<anonymous> (test/utils/g2-pg17-harness.ts:165:51)

  console.warn
    PG17_PROCESS {"name":"g2p17_99","old":false,"options":{"family":"clients"},"result":{"intent_id":"intent","staged":3,"reconstructed":3,"skipped":0,"failed":0},"queries":28,"pid":21970}

      158 |       if (code !== 0 || !result) { reject(new Error(`worker exited ${code}: ${output}`)); return; }
      159 |       // Query shapes, outcomes, fixture identifiers and process IDs only; never parameters.
    > 160 |       console.warn('PG17_PROCESS', JSON.stringify({ name, old, options: { ...options, cursor: options.cursor ? '<cursor>' : undefined },
          |               ^
      161 |         result: result.result, failure: result.failure, queries: result.queries.length, pid: result.pid }));
      162 |       resolveDone(result);
      163 |     };

      at settleWorker (test/utils/g2-pg17-harness.ts:160:15)
      at ChildProcess.<anonymous> (test/utils/g2-pg17-harness.ts:165:51)

  console.warn
    PG17_PROCESS {"name":"g2p17_100","old":false,"options":{"action":"roster","family":"clients"},"result":{"intent_id":"intent","accounting":{"staged":3,"reconstructed":3,"skipped":0,"failed":0},"persons":[{"id":"27a3485a-8b6c-462e-bdf8-bbb19020a7de","state":"InvitePending","source_platform":"truecoach","source_person_id":"a","display_name":"Synthetic A","created_at":"2026-09-20T18:44:22.478Z","updated_at":"2026-09-20T18:44:22.478Z"}],"page":{"limit":1,"next_cursor":"YQ","has_more":true}},"queries":8,"pid":21990}

      158 |       if (code !== 0 || !result) { reject(new Error(`worker exited ${code}: ${output}`)); return; }
      159 |       // Query shapes, outcomes, fixture identifiers and process IDs only; never parameters.
    > 160 |       console.warn('PG17_PROCESS', JSON.stringify({ name, old, options: { ...options, cursor: options.cursor ? '<cursor>' : undefined },
          |               ^
      161 |         result: result.result, failure: result.failure, queries: result.queries.length, pid: result.pid }));
      162 |       resolveDone(result);
      163 |     };

      at settleWorker (test/utils/g2-pg17-harness.ts:160:15)
      at ChildProcess.<anonymous> (test/utils/g2-pg17-harness.ts:165:51)

  console.warn
    PG17_PROCESS {"name":"g2p17_101","old":false,"options":{"action":"roster","family":"clients","cursor":"<cursor>"},"result":{"intent_id":"intent","accounting":{"staged":3,"reconstructed":3,"skipped":0,"failed":0},"persons":[{"id":"91301f3c-319b-4c93-bb3b-f21541cbc073","state":"InvitePending","source_platform":"truecoach","source_person_id":"b","display_name":"Synthetic A","created_at":"2026-09-20T18:44:22.484Z","updated_at":"2026-09-20T18:44:22.484Z"}],"page":{"limit":1,"next_cursor":"Yg","has_more":true}},"queries":8,"pid":22006}

      158 |       if (code !== 0 || !result) { reject(new Error(`worker exited ${code}: ${output}`)); return; }
      159 |       // Query shapes, outcomes, fixture identifiers and process IDs only; never parameters.
    > 160 |       console.warn('PG17_PROCESS', JSON.stringify({ name, old, options: { ...options, cursor: options.cursor ? '<cursor>' : undefined },
          |               ^
      161 |         result: result.result, failure: result.failure, queries: result.queries.length, pid: result.pid }));
      162 |       resolveDone(result);
      163 |     };

      at settleWorker (test/utils/g2-pg17-harness.ts:160:15)
      at ChildProcess.<anonymous> (test/utils/g2-pg17-harness.ts:165:51)

  console.warn
    PG17_PROCESS {"name":"g2p17_102","old":false,"options":{"action":"roster","family":"clients","cursor":"<cursor>"},"result":{"intent_id":"intent","accounting":{"staged":3,"reconstructed":3,"skipped":0,"failed":0},"persons":[{"id":"42c17387-3aa1-4d8a-9afc-107c02f0812b","state":"InvitePending","source_platform":"truecoach","source_person_id":"c","display_name":"Synthetic A","created_at":"2026-09-20T18:44:22.488Z","updated_at":"2026-09-20T18:44:22.488Z"}],"page":{"limit":1,"next_cursor":null,"has_more":false}},"queries":8,"pid":22022}

      158 |       if (code !== 0 || !result) { reject(new Error(`worker exited ${code}: ${output}`)); return; }
      159 |       // Query shapes, outcomes, fixture identifiers and process IDs only; never parameters.
    > 160 |       console.warn('PG17_PROCESS', JSON.stringify({ name, old, options: { ...options, cursor: options.cursor ? '<cursor>' : undefined },
          |               ^
      161 |         result: result.result, failure: result.failure, queries: result.queries.length, pid: result.pid }));
      162 |       resolveDone(result);
      163 |     };

      at settleWorker (test/utils/g2-pg17-harness.ts:160:15)
      at ChildProcess.<anonymous> (test/utils/g2-pg17-harness.ts:165:51)

  console.warn
    PG17_PROCESS {"name":"g2p17_103","old":false,"options":{"action":"roster","family":"clients","cursor":"<cursor>"},"result":{"intent_id":"intent","accounting":{"staged":3,"reconstructed":3,"skipped":0,"failed":0},"persons":[{"id":"91301f3c-319b-4c93-bb3b-f21541cbc073","state":"InvitePending","source_platform":"truecoach","source_person_id":"b","display_name":"Synthetic A","created_at":"2026-09-20T18:44:22.484Z","updated_at":"2026-09-20T18:44:22.484Z"}],"page":{"limit":1,"next_cursor":"Yg","has_more":true}},"queries":8,"pid":22038}

      158 |       if (code !== 0 || !result) { reject(new Error(`worker exited ${code}: ${output}`)); return; }
      159 |       // Query shapes, outcomes, fixture identifiers and process IDs only; never parameters.
    > 160 |       console.warn('PG17_PROCESS', JSON.stringify({ name, old, options: { ...options, cursor: options.cursor ? '<cursor>' : undefined },
          |               ^
      161 |         result: result.result, failure: result.failure, queries: result.queries.length, pid: result.pid }));
      162 |       resolveDone(result);
      163 |     };

      at settleWorker (test/utils/g2-pg17-harness.ts:160:15)
      at ChildProcess.<anonymous> (test/utils/g2-pg17-harness.ts:165:51)

  console.warn
    PG17_PROCESS {"name":"g2p17_104","old":false,"options":{"action":"roster","family":"clients","coach":"foreign"},"failure":{"status":404,"message":"Not Found"},"queries":4,"pid":22054}

      158 |       if (code !== 0 || !result) { reject(new Error(`worker exited ${code}: ${output}`)); return; }
      159 |       // Query shapes, outcomes, fixture identifiers and process IDs only; never parameters.
    > 160 |       console.warn('PG17_PROCESS', JSON.stringify({ name, old, options: { ...options, cursor: options.cursor ? '<cursor>' : undefined },
          |               ^
      161 |         result: result.result, failure: result.failure, queries: result.queries.length, pid: result.pid }));
      162 |       resolveDone(result);
      163 |     };

      at settleWorker (test/utils/g2-pg17-harness.ts:160:15)
      at ChildProcess.<anonymous> (test/utils/g2-pg17-harness.ts:165:51)

  console.warn
    PG17_PROCESS {"name":"g2p17_105","old":false,"options":{"action":"roster","family":"clients","cursor":"<cursor>"},"failure":{"status":400,"message":"malformed cursor"},"queries":0,"pid":22070}

      158 |       if (code !== 0 || !result) { reject(new Error(`worker exited ${code}: ${output}`)); return; }
      159 |       // Query shapes, outcomes, fixture identifiers and process IDs only; never parameters.
    > 160 |       console.warn('PG17_PROCESS', JSON.stringify({ name, old, options: { ...options, cursor: options.cursor ? '<cursor>' : undefined },
          |               ^
      161 |         result: result.result, failure: result.failure, queries: result.queries.length, pid: result.pid }));
      162 |       resolveDone(result);
      163 |     };

      at settleWorker (test/utils/g2-pg17-harness.ts:160:15)
      at ChildProcess.<anonymous> (test/utils/g2-pg17-harness.ts:165:51)

  console.warn
    PG17_PROCESS {"name":"g2p17_106","old":false,"options":{"action":"roster","family":"clients","cursor":"<cursor>","limit":200},"result":{"intent_id":"intent","accounting":{"staged":3,"reconstructed":3,"skipped":0,"failed":0},"persons":[{"id":"91301f3c-319b-4c93-bb3b-f21541cbc073","state":"InvitePending","source_platform":"truecoach","source_person_id":"b","display_name":"Synthetic A","created_at":"2026-09-20T18:44:22.484Z","updated_at":"2026-09-20T18:44:22.484Z"},{"id":"42c17387-3aa1-4d8a-9afc-107c02f0812b","state":"InvitePending","source_platform":"truecoach","source_person_id":"c","display_name":"Synthetic A","created_at":"2026-09-20T18:44:22.488Z","updated_at":"2026-09-20T18:44:22.488Z"}],"page":{"limit":200,"next_cursor":null,"has_more":false}},"queries":8,"pid":22087}

      158 |       if (code !== 0 || !result) { reject(new Error(`worker exited ${code}: ${output}`)); return; }
      159 |       // Query shapes, outcomes, fixture identifiers and process IDs only; never parameters.
    > 160 |       console.warn('PG17_PROCESS', JSON.stringify({ name, old, options: { ...options, cursor: options.cursor ? '<cursor>' : undefined },
          |               ^
      161 |         result: result.result, failure: result.failure, queries: result.queries.length, pid: result.pid }));
      162 |       resolveDone(result);
      163 |     };

      at settleWorker (test/utils/g2-pg17-harness.ts:160:15)
      at ChildProcess.<anonymous> (test/utils/g2-pg17-harness.ts:165:51)

  console.warn
    PG17_PROCESS {"name":"g2p17_107","old":false,"options":{"action":"roster","family":"clients","cursor":"<cursor>","limit":2},"result":{"intent_id":"intent","accounting":{"staged":3,"reconstructed":3,"skipped":0,"failed":0},"persons":[],"page":{"limit":2,"next_cursor":null,"has_more":false}},"queries":8,"pid":22106}

      158 |       if (code !== 0 || !result) { reject(new Error(`worker exited ${code}: ${output}`)); return; }
      159 |       // Query shapes, outcomes, fixture identifiers and process IDs only; never parameters.
    > 160 |       console.warn('PG17_PROCESS', JSON.stringify({ name, old, options: { ...options, cursor: options.cursor ? '<cursor>' : undefined },
          |               ^
      161 |         result: result.result, failure: result.failure, queries: result.queries.length, pid: result.pid }));
      162 |       resolveDone(result);
      163 |     };

      at settleWorker (test/utils/g2-pg17-harness.ts:160:15)
      at ChildProcess.<anonymous> (test/utils/g2-pg17-harness.ts:165:51)

  console.warn
    PG17_PROCESS {"name":"g2p17_108","old":false,"options":{"action":"roster","family":"clients","limit":200},"result":{"intent_id":"intent","accounting":{"staged":3,"reconstructed":3,"skipped":0,"failed":0},"persons":[],"page":{"limit":200,"next_cursor":null,"has_more":false}},"queries":8,"pid":22124}

      158 |       if (code !== 0 || !result) { reject(new Error(`worker exited ${code}: ${output}`)); return; }
      159 |       // Query shapes, outcomes, fixture identifiers and process IDs only; never parameters.
    > 160 |       console.warn('PG17_PROCESS', JSON.stringify({ name, old, options: { ...options, cursor: options.cursor ? '<cursor>' : undefined },
          |               ^
      161 |         result: result.result, failure: result.failure, queries: result.queries.length, pid: result.pid }));
      162 |       resolveDone(result);
      163 |     };

      at settleWorker (test/utils/g2-pg17-harness.ts:160:15)
      at ChildProcess.<anonymous> (test/utils/g2-pg17-harness.ts:165:51)

  console.warn
    PG17_PROCESS {"name":"g2p17_109","old":false,"options":{"family":"workouts"},"result":{"intent_id":"intent","staged":3,"reconstructed":3,"skipped":0,"failed":0},"queries":28,"pid":22150}

      158 |       if (code !== 0 || !result) { reject(new Error(`worker exited ${code}: ${output}`)); return; }
      159 |       // Query shapes, outcomes, fixture identifiers and process IDs only; never parameters.
    > 160 |       console.warn('PG17_PROCESS', JSON.stringify({ name, old, options: { ...options, cursor: options.cursor ? '<cursor>' : undefined },
          |               ^
      161 |         result: result.result, failure: result.failure, queries: result.queries.length, pid: result.pid }));
      162 |       resolveDone(result);
      163 |     };

      at settleWorker (test/utils/g2-pg17-harness.ts:160:15)
      at ChildProcess.<anonymous> (test/utils/g2-pg17-harness.ts:165:51)

  console.warn
    PG17_PROCESS {"name":"g2p17_110","old":false,"options":{"action":"entities","family":"workouts"},"result":{"intent_id":"intent","family":"workouts","entities":[{"id":"28eb354f-e832-4029-9b4e-07527bad8db3","source_platform":"truecoach","entity_type":"workouts","source_id":"a","client_source_id":"client-new","label":"Synthetic A","created_at":"2026-09-20T18:44:31.519Z","updated_at":"2026-09-20T18:44:31.519Z"}],"page_count":1,"next_cursor":"eyJjIjoiY29hY2giLCJpIjoiaW50ZW50IiwiZiI6IndvcmtvdXRzIiwibyI6InNvdXJjZV9pZDphc2MiLCJzIjoiYSJ9"},"queries":6,"pid":22171}

      158 |       if (code !== 0 || !result) { reject(new Error(`worker exited ${code}: ${output}`)); return; }
      159 |       // Query shapes, outcomes, fixture identifiers and process IDs only; never parameters.
    > 160 |       console.warn('PG17_PROCESS', JSON.stringify({ name, old, options: { ...options, cursor: options.cursor ? '<cursor>' : undefined },
          |               ^
      161 |         result: result.result, failure: result.failure, queries: result.queries.length, pid: result.pid }));
      162 |       resolveDone(result);
      163 |     };

      at settleWorker (test/utils/g2-pg17-harness.ts:160:15)
      at ChildProcess.<anonymous> (test/utils/g2-pg17-harness.ts:165:51)

  console.warn
    PG17_PROCESS {"name":"g2p17_111","old":false,"options":{"action":"entities","family":"workouts","cursor":"<cursor>"},"result":{"intent_id":"intent","family":"workouts","entities":[{"id":"03a8e2f9-6596-4758-9df9-620f61fea02c","source_platform":"truecoach","entity_type":"workouts","source_id":"b","client_source_id":"client-new","label":"Synthetic A","created_at":"2026-09-20T18:44:31.525Z","updated_at":"2026-09-20T18:44:31.525Z"}],"page_count":1,"next_cursor":"eyJjIjoiY29hY2giLCJpIjoiaW50ZW50IiwiZiI6IndvcmtvdXRzIiwibyI6InNvdXJjZV9pZDphc2MiLCJzIjoiYiJ9"},"queries":6,"pid":22187}

      158 |       if (code !== 0 || !result) { reject(new Error(`worker exited ${code}: ${output}`)); return; }
      159 |       // Query shapes, outcomes, fixture identifiers and process IDs only; never parameters.
    > 160 |       console.warn('PG17_PROCESS', JSON.stringify({ name, old, options: { ...options, cursor: options.cursor ? '<cursor>' : undefined },
          |               ^
      161 |         result: result.result, failure: result.failure, queries: result.queries.length, pid: result.pid }));
      162 |       resolveDone(result);
      163 |     };

      at settleWorker (test/utils/g2-pg17-harness.ts:160:15)
      at ChildProcess.<anonymous> (test/utils/g2-pg17-harness.ts:165:51)

  console.warn
    PG17_PROCESS {"name":"g2p17_112","old":false,"options":{"action":"entities","family":"workouts","cursor":"<cursor>"},"result":{"intent_id":"intent","family":"workouts","entities":[{"id":"aa7facdd-69eb-4ae4-a34c-2c5972192ba2","source_platform":"truecoach","entity_type":"workouts","source_id":"c","client_source_id":"client-new","label":"Synthetic A","created_at":"2026-09-20T18:44:31.529Z","updated_at":"2026-09-20T18:44:31.529Z"}],"page_count":1,"next_cursor":null},"queries":6,"pid":22213}

      158 |       if (code !== 0 || !result) { reject(new Error(`worker exited ${code}: ${output}`)); return; }
      159 |       // Query shapes, outcomes, fixture identifiers and process IDs only; never parameters.
    > 160 |       console.warn('PG17_PROCESS', JSON.stringify({ name, old, options: { ...options, cursor: options.cursor ? '<cursor>' : undefined },
          |               ^
      161 |         result: result.result, failure: result.failure, queries: result.queries.length, pid: result.pid }));
      162 |       resolveDone(result);
      163 |     };

      at settleWorker (test/utils/g2-pg17-harness.ts:160:15)
      at ChildProcess.<anonymous> (test/utils/g2-pg17-harness.ts:165:51)

  console.warn
    PG17_PROCESS {"name":"g2p17_113","old":false,"options":{"action":"entities","family":"workouts","cursor":"<cursor>"},"result":{"intent_id":"intent","family":"workouts","entities":[{"id":"03a8e2f9-6596-4758-9df9-620f61fea02c","source_platform":"truecoach","entity_type":"workouts","source_id":"b","client_source_id":"client-new","label":"Synthetic A","created_at":"2026-09-20T18:44:31.525Z","updated_at":"2026-09-20T18:44:31.525Z"}],"page_count":1,"next_cursor":"eyJjIjoiY29hY2giLCJpIjoiaW50ZW50IiwiZiI6IndvcmtvdXRzIiwibyI6InNvdXJjZV9pZDphc2MiLCJzIjoiYiJ9"},"queries":6,"pid":22229}

      158 |       if (code !== 0 || !result) { reject(new Error(`worker exited ${code}: ${output}`)); return; }
      159 |       // Query shapes, outcomes, fixture identifiers and process IDs only; never parameters.
    > 160 |       console.warn('PG17_PROCESS', JSON.stringify({ name, old, options: { ...options, cursor: options.cursor ? '<cursor>' : undefined },
          |               ^
      161 |         result: result.result, failure: result.failure, queries: result.queries.length, pid: result.pid }));
      162 |       resolveDone(result);
      163 |     };

      at settleWorker (test/utils/g2-pg17-harness.ts:160:15)
      at ChildProcess.<anonymous> (test/utils/g2-pg17-harness.ts:165:51)

  console.warn
    PG17_PROCESS {"name":"g2p17_114","old":false,"options":{"action":"entities","family":"workouts","coach":"foreign"},"failure":{"status":404,"message":"Not Found"},"queries":4,"pid":22245}

      158 |       if (code !== 0 || !result) { reject(new Error(`worker exited ${code}: ${output}`)); return; }
      159 |       // Query shapes, outcomes, fixture identifiers and process IDs only; never parameters.
    > 160 |       console.warn('PG17_PROCESS', JSON.stringify({ name, old, options: { ...options, cursor: options.cursor ? '<cursor>' : undefined },
          |               ^
      161 |         result: result.result, failure: result.failure, queries: result.queries.length, pid: result.pid }));
      162 |       resolveDone(result);
      163 |     };

      at settleWorker (test/utils/g2-pg17-harness.ts:160:15)
      at ChildProcess.<anonymous> (test/utils/g2-pg17-harness.ts:165:51)

  console.warn
    PG17_PROCESS {"name":"g2p17_115","old":false,"options":{"action":"entities","family":"workouts","cursor":"<cursor>"},"failure":{"status":400,"message":"malformed cursor"},"queries":0,"pid":22261}

      158 |       if (code !== 0 || !result) { reject(new Error(`worker exited ${code}: ${output}`)); return; }
      159 |       // Query shapes, outcomes, fixture identifiers and process IDs only; never parameters.
    > 160 |       console.warn('PG17_PROCESS', JSON.stringify({ name, old, options: { ...options, cursor: options.cursor ? '<cursor>' : undefined },
          |               ^
      161 |         result: result.result, failure: result.failure, queries: result.queries.length, pid: result.pid }));
      162 |       resolveDone(result);
      163 |     };

      at settleWorker (test/utils/g2-pg17-harness.ts:160:15)
      at ChildProcess.<anonymous> (test/utils/g2-pg17-harness.ts:165:51)

  console.warn
    PG17_PROCESS {"name":"g2p17_116","old":false,"options":{"action":"entities","family":"workouts","cursor":"<cursor>","limit":200},"result":{"intent_id":"intent","family":"workouts","entities":[{"id":"03a8e2f9-6596-4758-9df9-620f61fea02c","source_platform":"truecoach","entity_type":"workouts","source_id":"b","client_source_id":"client-new","label":"Synthetic A","created_at":"2026-09-20T18:44:31.525Z","updated_at":"2026-09-20T18:44:31.525Z"},{"id":"aa7facdd-69eb-4ae4-a34c-2c5972192ba2","source_platform":"truecoach","entity_type":"workouts","source_id":"c","client_source_id":"client-new","label":"Synthetic A","created_at":"2026-09-20T18:44:31.529Z","updated_at":"2026-09-20T18:44:31.529Z"}],"page_count":2,"next_cursor":null},"queries":6,"pid":22276}

      158 |       if (code !== 0 || !result) { reject(new Error(`worker exited ${code}: ${output}`)); return; }
      159 |       // Query shapes, outcomes, fixture identifiers and process IDs only; never parameters.
    > 160 |       console.warn('PG17_PROCESS', JSON.stringify({ name, old, options: { ...options, cursor: options.cursor ? '<cursor>' : undefined },
          |               ^
      161 |         result: result.result, failure: result.failure, queries: result.queries.length, pid: result.pid }));
      162 |       resolveDone(result);
      163 |     };

      at settleWorker (test/utils/g2-pg17-harness.ts:160:15)
      at ChildProcess.<anonymous> (test/utils/g2-pg17-harness.ts:165:51)

  console.warn
    PG17_PROCESS {"name":"g2p17_117","old":false,"options":{"action":"entities","family":"workouts","cursor":"<cursor>","limit":2},"result":{"intent_id":"intent","family":"workouts","entities":[],"page_count":0,"next_cursor":null},"queries":6,"pid":22294}

      158 |       if (code !== 0 || !result) { reject(new Error(`worker exited ${code}: ${output}`)); return; }
      159 |       // Query shapes, outcomes, fixture identifiers and process IDs only; never parameters.
    > 160 |       console.warn('PG17_PROCESS', JSON.stringify({ name, old, options: { ...options, cursor: options.cursor ? '<cursor>' : undefined },
          |               ^
      161 |         result: result.result, failure: result.failure, queries: result.queries.length, pid: result.pid }));
      162 |       resolveDone(result);
      163 |     };

      at settleWorker (test/utils/g2-pg17-harness.ts:160:15)
      at ChildProcess.<anonymous> (test/utils/g2-pg17-harness.ts:165:51)

  console.warn
    PG17_PROCESS {"name":"g2p17_118","old":false,"options":{"action":"entities","family":"workouts","limit":200},"result":{"intent_id":"intent","family":"workouts","entities":[],"page_count":0,"next_cursor":null},"queries":6,"pid":22313}

      158 |       if (code !== 0 || !result) { reject(new Error(`worker exited ${code}: ${output}`)); return; }
      159 |       // Query shapes, outcomes, fixture identifiers and process IDs only; never parameters.
    > 160 |       console.warn('PG17_PROCESS', JSON.stringify({ name, old, options: { ...options, cursor: options.cursor ? '<cursor>' : undefined },
          |               ^
      161 |         result: result.result, failure: result.failure, queries: result.queries.length, pid: result.pid }));
      162 |       resolveDone(result);
      163 |     };

      at settleWorker (test/utils/g2-pg17-harness.ts:160:15)
      at ChildProcess.<anonymous> (test/utils/g2-pg17-harness.ts:165:51)

  console.warn
    PG17_PROCESS {"name":"g2p17_119","old":false,"options":{"family":"clients"},"result":{"intent_id":"intent","staged":4,"reconstructed":4,"skipped":0,"failed":0},"queries":36,"pid":22341}

      158 |       if (code !== 0 || !result) { reject(new Error(`worker exited ${code}: ${output}`)); return; }
      159 |       // Query shapes, outcomes, fixture identifiers and process IDs only; never parameters.
    > 160 |       console.warn('PG17_PROCESS', JSON.stringify({ name, old, options: { ...options, cursor: options.cursor ? '<cursor>' : undefined },
          |               ^
      161 |         result: result.result, failure: result.failure, queries: result.queries.length, pid: result.pid }));
      162 |       resolveDone(result);
      163 |     };

      at settleWorker (test/utils/g2-pg17-harness.ts:160:15)
      at ChildProcess.<anonymous> (test/utils/g2-pg17-harness.ts:165:51)

  console.warn
    PG17_PROCESS {"name":"g2p17_120","old":false,"options":{"action":"roster","family":"clients","cursor":"<cursor>"},"result":{"intent_id":"intent","accounting":{"staged":4,"reconstructed":4,"skipped":0,"failed":0},"persons":[{"id":"88a32a58-c782-4821-bf41-b4010918401c","state":"InvitePending","source_platform":"truecoach","source_person_id":"b","display_name":"Synthetic A","created_at":"2026-09-20T18:44:40.313Z","updated_at":"2026-09-20T18:44:40.313Z"}],"page":{"limit":1,"next_cursor":"YQ","has_more":true}},"queries":8,"pid":22363}

      158 |       if (code !== 0 || !result) { reject(new Error(`worker exited ${code}: ${output}`)); return; }
      159 |       // Query shapes, outcomes, fixture identifiers and process IDs only; never parameters.
    > 160 |       console.warn('PG17_PROCESS', JSON.stringify({ name, old, options: { ...options, cursor: options.cursor ? '<cursor>' : undefined },
          |               ^
      161 |         result: result.result, failure: result.failure, queries: result.queries.length, pid: result.pid }));
      162 |       resolveDone(result);
      163 |     };

      at settleWorker (test/utils/g2-pg17-harness.ts:160:15)
      at ChildProcess.<anonymous> (test/utils/g2-pg17-harness.ts:165:51)

  console.warn
    PG17_PROCESS {"name":"g2p17_121","old":false,"options":{"action":"roster","family":"clients","cursor":"<cursor>"},"result":{"intent_id":"intent","accounting":{"staged":4,"reconstructed":4,"skipped":0,"failed":0},"persons":[{"id":"103912a6-e66f-4091-a493-15bce6f5282f","state":"InvitePending","source_platform":"truecoach","source_person_id":"d","display_name":"Synthetic A","created_at":"2026-09-20T18:44:40.320Z","updated_at":"2026-09-20T18:44:40.320Z"}],"page":{"limit":1,"next_cursor":null,"has_more":false}},"queries":8,"pid":22379}

      158 |       if (code !== 0 || !result) { reject(new Error(`worker exited ${code}: ${output}`)); return; }
      159 |       // Query shapes, outcomes, fixture identifiers and process IDs only; never parameters.
    > 160 |       console.warn('PG17_PROCESS', JSON.stringify({ name, old, options: { ...options, cursor: options.cursor ? '<cursor>' : undefined },
          |               ^
      161 |         result: result.result, failure: result.failure, queries: result.queries.length, pid: result.pid }));
      162 |       resolveDone(result);
      163 |     };

      at settleWorker (test/utils/g2-pg17-harness.ts:160:15)
      at ChildProcess.<anonymous> (test/utils/g2-pg17-harness.ts:165:51)

  console.warn
    PG17_PROCESS {"name":"g2p17_122","old":false,"options":{"action":"roster","family":"clients","cursor":"<cursor>"},"result":{"intent_id":"intent","accounting":{"staged":4,"reconstructed":4,"skipped":0,"failed":0},"persons":[{"id":"7ce3e9ec-d32a-470f-9e54-371fc60d2ce8","state":"InvitePending","source_platform":"truecoach","source_person_id":"c","display_name":"Synthetic A","created_at":"2026-09-20T18:44:40.317Z","updated_at":"2026-09-20T18:44:40.317Z"}],"page":{"limit":1,"next_cursor":"YQ","has_more":true}},"queries":8,"pid":22395}

      158 |       if (code !== 0 || !result) { reject(new Error(`worker exited ${code}: ${output}`)); return; }
      159 |       // Query shapes, outcomes, fixture identifiers and process IDs only; never parameters.
    > 160 |       console.warn('PG17_PROCESS', JSON.stringify({ name, old, options: { ...options, cursor: options.cursor ? '<cursor>' : undefined },
          |               ^
      161 |         result: result.result, failure: result.failure, queries: result.queries.length, pid: result.pid }));
      162 |       resolveDone(result);
      163 |     };

      at settleWorker (test/utils/g2-pg17-harness.ts:160:15)
      at ChildProcess.<anonymous> (test/utils/g2-pg17-harness.ts:165:51)

  console.warn
    PG17_PROCESS {"name":"g2p17_123","old":false,"options":{"family":"workouts"},"result":{"intent_id":"intent","staged":4,"reconstructed":4,"skipped":0,"failed":0},"queries":36,"pid":22425}

      158 |       if (code !== 0 || !result) { reject(new Error(`worker exited ${code}: ${output}`)); return; }
      159 |       // Query shapes, outcomes, fixture identifiers and process IDs only; never parameters.
    > 160 |       console.warn('PG17_PROCESS', JSON.stringify({ name, old, options: { ...options, cursor: options.cursor ? '<cursor>' : undefined },
          |               ^
      161 |         result: result.result, failure: result.failure, queries: result.queries.length, pid: result.pid }));
      162 |       resolveDone(result);
      163 |     };

      at settleWorker (test/utils/g2-pg17-harness.ts:160:15)
      at ChildProcess.<anonymous> (test/utils/g2-pg17-harness.ts:165:51)

  console.warn
    PG17_PROCESS {"name":"g2p17_124","old":false,"options":{"action":"entities","family":"workouts","cursor":"<cursor>"},"result":{"intent_id":"intent","family":"workouts","entities":[{"id":"088ccbe5-c6ad-4a8d-850a-ac18ce879f6c","source_platform":"truecoach","entity_type":"workouts","source_id":"b","client_source_id":"client-new","label":"Synthetic A","created_at":"2026-09-20T18:44:44.053Z","updated_at":"2026-09-20T18:44:44.053Z"}],"page_count":1,"next_cursor":"eyJjIjoiY29hY2giLCJpIjoiaW50ZW50IiwiZiI6IndvcmtvdXRzIiwibyI6InNvdXJjZV9pZDphc2MiLCJzIjoiYSJ9"},"queries":6,"pid":22447}

      158 |       if (code !== 0 || !result) { reject(new Error(`worker exited ${code}: ${output}`)); return; }
      159 |       // Query shapes, outcomes, fixture identifiers and process IDs only; never parameters.
    > 160 |       console.warn('PG17_PROCESS', JSON.stringify({ name, old, options: { ...options, cursor: options.cursor ? '<cursor>' : undefined },
          |               ^
      161 |         result: result.result, failure: result.failure, queries: result.queries.length, pid: result.pid }));
      162 |       resolveDone(result);
      163 |     };

      at settleWorker (test/utils/g2-pg17-harness.ts:160:15)
      at ChildProcess.<anonymous> (test/utils/g2-pg17-harness.ts:165:51)

  console.warn
    PG17_PROCESS {"name":"g2p17_125","old":false,"options":{"action":"entities","family":"workouts","cursor":"<cursor>"},"result":{"intent_id":"intent","family":"workouts","entities":[{"id":"1753a78b-d704-45d1-a6ab-cfa63db616e8","source_platform":"truecoach","entity_type":"workouts","source_id":"d","client_source_id":"client-new","label":"Synthetic A","created_at":"2026-09-20T18:44:44.060Z","updated_at":"2026-09-20T18:44:44.060Z"}],"page_count":1,"next_cursor":null},"queries":6,"pid":22463}

      158 |       if (code !== 0 || !result) { reject(new Error(`worker exited ${code}: ${output}`)); return; }
      159 |       // Query shapes, outcomes, fixture identifiers and process IDs only; never parameters.
    > 160 |       console.warn('PG17_PROCESS', JSON.stringify({ name, old, options: { ...options, cursor: options.cursor ? '<cursor>' : undefined },
          |               ^
      161 |         result: result.result, failure: result.failure, queries: result.queries.length, pid: result.pid }));
      162 |       resolveDone(result);
      163 |     };

      at settleWorker (test/utils/g2-pg17-harness.ts:160:15)
      at ChildProcess.<anonymous> (test/utils/g2-pg17-harness.ts:165:51)

  console.warn
    PG17_PROCESS {"name":"g2p17_126","old":false,"options":{"action":"entities","family":"workouts","cursor":"<cursor>"},"result":{"intent_id":"intent","family":"workouts","entities":[{"id":"13558135-36f0-43d0-8e23-41be6b3338e1","source_platform":"truecoach","entity_type":"workouts","source_id":"c","client_source_id":"client-new","label":"Synthetic A","created_at":"2026-09-20T18:44:44.057Z","updated_at":"2026-09-20T18:44:44.057Z"}],"page_count":1,"next_cursor":"eyJjIjoiY29hY2giLCJpIjoiaW50ZW50IiwiZiI6IndvcmtvdXRzIiwibyI6InNvdXJjZV9pZDphc2MiLCJzIjoiYSJ9"},"queries":6,"pid":22479}

      158 |       if (code !== 0 || !result) { reject(new Error(`worker exited ${code}: ${output}`)); return; }
      159 |       // Query shapes, outcomes, fixture identifiers and process IDs only; never parameters.
    > 160 |       console.warn('PG17_PROCESS', JSON.stringify({ name, old, options: { ...options, cursor: options.cursor ? '<cursor>' : undefined },
          |               ^
      161 |         result: result.result, failure: result.failure, queries: result.queries.length, pid: result.pid }));
      162 |       resolveDone(result);
      163 |     };

      at settleWorker (test/utils/g2-pg17-harness.ts:160:15)
      at ChildProcess.<anonymous> (test/utils/g2-pg17-harness.ts:165:51)

  console.warn
    PG17_PROCESS {"name":"g2p17_127","old":false,"options":{"family":"clients"},"result":{"intent_id":"intent","staged":1,"reconstructed":1,"skipped":0,"failed":0},"queries":12,"pid":22504}

      158 |       if (code !== 0 || !result) { reject(new Error(`worker exited ${code}: ${output}`)); return; }
      159 |       // Query shapes, outcomes, fixture identifiers and process IDs only; never parameters.
    > 160 |       console.warn('PG17_PROCESS', JSON.stringify({ name, old, options: { ...options, cursor: options.cursor ? '<cursor>' : undefined },
          |               ^
      161 |         result: result.result, failure: result.failure, queries: result.queries.length, pid: result.pid }));
      162 |       resolveDone(result);
      163 |     };

      at settleWorker (test/utils/g2-pg17-harness.ts:160:15)
      at ChildProcess.<anonymous> (test/utils/g2-pg17-harness.ts:165:51)

  console.warn
    PG17_PROCESS {"name":"g2p17_128","old":false,"options":{"action":"roster","family":"clients","cursor":"<cursor>"},"failure":{"status":400,"message":"malformed cursor"},"queries":0,"pid":22520}

      158 |       if (code !== 0 || !result) { reject(new Error(`worker exited ${code}: ${output}`)); return; }
      159 |       // Query shapes, outcomes, fixture identifiers and process IDs only; never parameters.
    > 160 |       console.warn('PG17_PROCESS', JSON.stringify({ name, old, options: { ...options, cursor: options.cursor ? '<cursor>' : undefined },
          |               ^
      161 |         result: result.result, failure: result.failure, queries: result.queries.length, pid: result.pid }));
      162 |       resolveDone(result);
      163 |     };

      at settleWorker (test/utils/g2-pg17-harness.ts:160:15)
      at ChildProcess.<anonymous> (test/utils/g2-pg17-harness.ts:165:51)

  console.warn
    PG17_PROCESS {"name":"g2p17_129","old":false,"options":{"action":"roster","family":"clients","cursor":"<cursor>"},"result":{"intent_id":"intent","accounting":{"staged":1,"reconstructed":1,"skipped":0,"failed":0},"persons":[],"page":{"limit":1,"next_cursor":null,"has_more":false}},"queries":7,"pid":22534}

      158 |       if (code !== 0 || !result) { reject(new Error(`worker exited ${code}: ${output}`)); return; }
      159 |       // Query shapes, outcomes, fixture identifiers and process IDs only; never parameters.
    > 160 |       console.warn('PG17_PROCESS', JSON.stringify({ name, old, options: { ...options, cursor: options.cursor ? '<cursor>' : undefined },
          |               ^
      161 |         result: result.result, failure: result.failure, queries: result.queries.length, pid: result.pid }));
      162 |       resolveDone(result);
      163 |     };

      at settleWorker (test/utils/g2-pg17-harness.ts:160:15)
      at ChildProcess.<anonymous> (test/utils/g2-pg17-harness.ts:165:51)

  console.warn
    PG17_PROCESS {"name":"g2p17_130","old":false,"options":{"action":"roster","family":"clients","cursor":"<cursor>"},"failure":{"status":400,"message":"malformed cursor"},"queries":0,"pid":22550}

      158 |       if (code !== 0 || !result) { reject(new Error(`worker exited ${code}: ${output}`)); return; }
      159 |       // Query shapes, outcomes, fixture identifiers and process IDs only; never parameters.
    > 160 |       console.warn('PG17_PROCESS', JSON.stringify({ name, old, options: { ...options, cursor: options.cursor ? '<cursor>' : undefined },
          |               ^
      161 |         result: result.result, failure: result.failure, queries: result.queries.length, pid: result.pid }));
      162 |       resolveDone(result);
      163 |     };

      at settleWorker (test/utils/g2-pg17-harness.ts:160:15)
      at ChildProcess.<anonymous> (test/utils/g2-pg17-harness.ts:165:51)

  console.warn
    PG17_PROCESS {"name":"g2p17_131","old":false,"options":{"action":"roster","family":"clients","cursor":"<cursor>"},"failure":{"status":400,"message":"malformed cursor"},"queries":0,"pid":22563}

      158 |       if (code !== 0 || !result) { reject(new Error(`worker exited ${code}: ${output}`)); return; }
      159 |       // Query shapes, outcomes, fixture identifiers and process IDs only; never parameters.
    > 160 |       console.warn('PG17_PROCESS', JSON.stringify({ name, old, options: { ...options, cursor: options.cursor ? '<cursor>' : undefined },
          |               ^
      161 |         result: result.result, failure: result.failure, queries: result.queries.length, pid: result.pid }));
      162 |       resolveDone(result);
      163 |     };

      at settleWorker (test/utils/g2-pg17-harness.ts:160:15)
      at ChildProcess.<anonymous> (test/utils/g2-pg17-harness.ts:165:51)

  console.warn
    PG17_PROCESS {"name":"g2p17_132","old":false,"options":{"action":"roster","family":"clients","cursor":"<cursor>"},"failure":{"status":400,"message":"malformed cursor"},"queries":0,"pid":22576}

      158 |       if (code !== 0 || !result) { reject(new Error(`worker exited ${code}: ${output}`)); return; }
      159 |       // Query shapes, outcomes, fixture identifiers and process IDs only; never parameters.
    > 160 |       console.warn('PG17_PROCESS', JSON.stringify({ name, old, options: { ...options, cursor: options.cursor ? '<cursor>' : undefined },
          |               ^
      161 |         result: result.result, failure: result.failure, queries: result.queries.length, pid: result.pid }));
      162 |       resolveDone(result);
      163 |     };

      at settleWorker (test/utils/g2-pg17-harness.ts:160:15)
      at ChildProcess.<anonymous> (test/utils/g2-pg17-harness.ts:165:51)

  console.warn
    PG17_PROCESS {"name":"g2p17_133","old":false,"options":{"action":"roster","family":"clients","cursor":"<cursor>"},"failure":{"status":400,"message":"malformed cursor"},"queries":0,"pid":22589}

      158 |       if (code !== 0 || !result) { reject(new Error(`worker exited ${code}: ${output}`)); return; }
      159 |       // Query shapes, outcomes, fixture identifiers and process IDs only; never parameters.
    > 160 |       console.warn('PG17_PROCESS', JSON.stringify({ name, old, options: { ...options, cursor: options.cursor ? '<cursor>' : undefined },
          |               ^
      161 |         result: result.result, failure: result.failure, queries: result.queries.length, pid: result.pid }));
      162 |       resolveDone(result);
      163 |     };

      at settleWorker (test/utils/g2-pg17-harness.ts:160:15)
      at ChildProcess.<anonymous> (test/utils/g2-pg17-harness.ts:165:51)

  console.warn
    PG17_PROCESS {"name":"g2p17_134","old":false,"options":{"action":"roster","family":"clients","cursor":"<cursor>"},"failure":{"status":400,"message":"malformed cursor"},"queries":0,"pid":22602}

      158 |       if (code !== 0 || !result) { reject(new Error(`worker exited ${code}: ${output}`)); return; }
      159 |       // Query shapes, outcomes, fixture identifiers and process IDs only; never parameters.
    > 160 |       console.warn('PG17_PROCESS', JSON.stringify({ name, old, options: { ...options, cursor: options.cursor ? '<cursor>' : undefined },
          |               ^
      161 |         result: result.result, failure: result.failure, queries: result.queries.length, pid: result.pid }));
      162 |       resolveDone(result);
      163 |     };

      at settleWorker (test/utils/g2-pg17-harness.ts:160:15)
      at ChildProcess.<anonymous> (test/utils/g2-pg17-harness.ts:165:51)

  console.warn
    PG17_PROCESS {"name":"g2p17_135","old":false,"options":{"action":"roster","family":"clients","cursor":"<cursor>"},"failure":{"status":400,"message":"malformed cursor"},"queries":0,"pid":22615}

      158 |       if (code !== 0 || !result) { reject(new Error(`worker exited ${code}: ${output}`)); return; }
      159 |       // Query shapes, outcomes, fixture identifiers and process IDs only; never parameters.
    > 160 |       console.warn('PG17_PROCESS', JSON.stringify({ name, old, options: { ...options, cursor: options.cursor ? '<cursor>' : undefined },
          |               ^
      161 |         result: result.result, failure: result.failure, queries: result.queries.length, pid: result.pid }));
      162 |       resolveDone(result);
      163 |     };

      at settleWorker (test/utils/g2-pg17-harness.ts:160:15)
      at ChildProcess.<anonymous> (test/utils/g2-pg17-harness.ts:165:51)

  console.warn
    PG17_PROCESS {"name":"g2p17_136","old":false,"options":{"action":"roster","family":"clients","cursor":"<cursor>"},"failure":{"status":400,"message":"malformed cursor"},"queries":0,"pid":22628}

      158 |       if (code !== 0 || !result) { reject(new Error(`worker exited ${code}: ${output}`)); return; }
      159 |       // Query shapes, outcomes, fixture identifiers and process IDs only; never parameters.
    > 160 |       console.warn('PG17_PROCESS', JSON.stringify({ name, old, options: { ...options, cursor: options.cursor ? '<cursor>' : undefined },
          |               ^
      161 |         result: result.result, failure: result.failure, queries: result.queries.length, pid: result.pid }));
      162 |       resolveDone(result);
      163 |     };

      at settleWorker (test/utils/g2-pg17-harness.ts:160:15)
      at ChildProcess.<anonymous> (test/utils/g2-pg17-harness.ts:165:51)

  console.warn
    PG17_PROCESS {"name":"g2p17_137","old":false,"options":{"action":"roster","family":"clients","cursor":"<cursor>"},"failure":{"status":400,"message":"malformed cursor"},"queries":0,"pid":22641}

      158 |       if (code !== 0 || !result) { reject(new Error(`worker exited ${code}: ${output}`)); return; }
      159 |       // Query shapes, outcomes, fixture identifiers and process IDs only; never parameters.
    > 160 |       console.warn('PG17_PROCESS', JSON.stringify({ name, old, options: { ...options, cursor: options.cursor ? '<cursor>' : undefined },
          |               ^
      161 |         result: result.result, failure: result.failure, queries: result.queries.length, pid: result.pid }));
      162 |       resolveDone(result);
      163 |     };

      at settleWorker (test/utils/g2-pg17-harness.ts:160:15)
      at ChildProcess.<anonymous> (test/utils/g2-pg17-harness.ts:165:51)

  console.warn
    PG17_PROCESS {"name":"g2p17_138","old":false,"options":{"action":"roster","family":"clients","cursor":"<cursor>"},"failure":{"status":400,"message":"malformed cursor"},"queries":0,"pid":22654}

      158 |       if (code !== 0 || !result) { reject(new Error(`worker exited ${code}: ${output}`)); return; }
      159 |       // Query shapes, outcomes, fixture identifiers and process IDs only; never parameters.
    > 160 |       console.warn('PG17_PROCESS', JSON.stringify({ name, old, options: { ...options, cursor: options.cursor ? '<cursor>' : undefined },
          |               ^
      161 |         result: result.result, failure: result.failure, queries: result.queries.length, pid: result.pid }));
      162 |       resolveDone(result);
      163 |     };

      at settleWorker (test/utils/g2-pg17-harness.ts:160:15)
      at ChildProcess.<anonymous> (test/utils/g2-pg17-harness.ts:165:51)

  console.warn
    PG17_PROCESS {"name":"g2p17_139","old":false,"options":{"action":"roster","family":"clients","cursor":"<cursor>"},"failure":{"status":400,"message":"malformed cursor"},"queries":0,"pid":22667}

      158 |       if (code !== 0 || !result) { reject(new Error(`worker exited ${code}: ${output}`)); return; }
      159 |       // Query shapes, outcomes, fixture identifiers and process IDs only; never parameters.
    > 160 |       console.warn('PG17_PROCESS', JSON.stringify({ name, old, options: { ...options, cursor: options.cursor ? '<cursor>' : undefined },
          |               ^
      161 |         result: result.result, failure: result.failure, queries: result.queries.length, pid: result.pid }));
      162 |       resolveDone(result);
      163 |     };

      at settleWorker (test/utils/g2-pg17-harness.ts:160:15)
      at ChildProcess.<anonymous> (test/utils/g2-pg17-harness.ts:165:51)

  console.warn
    PG17_PROCESS {"name":"g2p17_140","old":false,"options":{"action":"roster","family":"clients","cursor":"<cursor>"},"failure":{"status":400,"message":"malformed cursor"},"queries":0,"pid":22680}

      158 |       if (code !== 0 || !result) { reject(new Error(`worker exited ${code}: ${output}`)); return; }
      159 |       // Query shapes, outcomes, fixture identifiers and process IDs only; never parameters.
    > 160 |       console.warn('PG17_PROCESS', JSON.stringify({ name, old, options: { ...options, cursor: options.cursor ? '<cursor>' : undefined },
          |               ^
      161 |         result: result.result, failure: result.failure, queries: result.queries.length, pid: result.pid }));
      162 |       resolveDone(result);
      163 |     };

      at settleWorker (test/utils/g2-pg17-harness.ts:160:15)
      at ChildProcess.<anonymous> (test/utils/g2-pg17-harness.ts:165:51)

  console.warn
    PG17_PROCESS {"name":"g2p17_141","old":false,"options":{"action":"roster","family":"clients","cursor":"<cursor>"},"failure":{"status":400,"message":"malformed cursor"},"queries":0,"pid":22696}

      158 |       if (code !== 0 || !result) { reject(new Error(`worker exited ${code}: ${output}`)); return; }
      159 |       // Query shapes, outcomes, fixture identifiers and process IDs only; never parameters.
    > 160 |       console.warn('PG17_PROCESS', JSON.stringify({ name, old, options: { ...options, cursor: options.cursor ? '<cursor>' : undefined },
          |               ^
      161 |         result: result.result, failure: result.failure, queries: result.queries.length, pid: result.pid }));
      162 |       resolveDone(result);
      163 |     };

      at settleWorker (test/utils/g2-pg17-harness.ts:160:15)
      at ChildProcess.<anonymous> (test/utils/g2-pg17-harness.ts:165:51)

  console.warn
    PG17_PROCESS {"name":"g2p17_142","old":false,"options":{"action":"roster","family":"clients","cursor":"<cursor>"},"failure":{"status":400,"message":"malformed cursor"},"queries":0,"pid":22709}

      158 |       if (code !== 0 || !result) { reject(new Error(`worker exited ${code}: ${output}`)); return; }
      159 |       // Query shapes, outcomes, fixture identifiers and process IDs only; never parameters.
    > 160 |       console.warn('PG17_PROCESS', JSON.stringify({ name, old, options: { ...options, cursor: options.cursor ? '<cursor>' : undefined },
          |               ^
      161 |         result: result.result, failure: result.failure, queries: result.queries.length, pid: result.pid }));
      162 |       resolveDone(result);
      163 |     };

      at settleWorker (test/utils/g2-pg17-harness.ts:160:15)
      at ChildProcess.<anonymous> (test/utils/g2-pg17-harness.ts:165:51)

  console.warn
    PG17_PROCESS {"name":"g2p17_143","old":false,"options":{"action":"roster","family":"clients","cursor":"<cursor>"},"failure":{"status":400,"message":"malformed cursor"},"queries":0,"pid":22722}

      158 |       if (code !== 0 || !result) { reject(new Error(`worker exited ${code}: ${output}`)); return; }
      159 |       // Query shapes, outcomes, fixture identifiers and process IDs only; never parameters.
    > 160 |       console.warn('PG17_PROCESS', JSON.stringify({ name, old, options: { ...options, cursor: options.cursor ? '<cursor>' : undefined },
          |               ^
      161 |         result: result.result, failure: result.failure, queries: result.queries.length, pid: result.pid }));
      162 |       resolveDone(result);
      163 |     };

      at settleWorker (test/utils/g2-pg17-harness.ts:160:15)
      at ChildProcess.<anonymous> (test/utils/g2-pg17-harness.ts:165:51)

  console.warn
    PG17_PROCESS {"name":"g2p17_144","old":false,"options":{"action":"roster","family":"clients","cursor":"<cursor>"},"result":{"intent_id":"intent","accounting":{"staged":1,"reconstructed":1,"skipped":0,"failed":0},"persons":[{"id":"500916b7-abf1-41be-8e7c-45b6ba4a98a2","state":"InvitePending","source_platform":"truecoach","source_person_id":"a","display_name":"Synthetic A","created_at":"2026-09-20T18:44:47.621Z","updated_at":"2026-09-20T18:44:47.621Z"}],"page":{"limit":1,"next_cursor":null,"has_more":false}},"queries":8,"pid":22735}

      158 |       if (code !== 0 || !result) { reject(new Error(`worker exited ${code}: ${output}`)); return; }
      159 |       // Query shapes, outcomes, fixture identifiers and process IDs only; never parameters.
    > 160 |       console.warn('PG17_PROCESS', JSON.stringify({ name, old, options: { ...options, cursor: options.cursor ? '<cursor>' : undefined },
          |               ^
      161 |         result: result.result, failure: result.failure, queries: result.queries.length, pid: result.pid }));
      162 |       resolveDone(result);
      163 |     };

      at settleWorker (test/utils/g2-pg17-harness.ts:160:15)
      at ChildProcess.<anonymous> (test/utils/g2-pg17-harness.ts:165:51)

  console.warn
    PG17_PROCESS {"name":"g2p17_145","old":false,"options":{"family":"workouts"},"result":{"intent_id":"intent","staged":1,"reconstructed":1,"skipped":0,"failed":0},"queries":12,"pid":22758}

      158 |       if (code !== 0 || !result) { reject(new Error(`worker exited ${code}: ${output}`)); return; }
      159 |       // Query shapes, outcomes, fixture identifiers and process IDs only; never parameters.
    > 160 |       console.warn('PG17_PROCESS', JSON.stringify({ name, old, options: { ...options, cursor: options.cursor ? '<cursor>' : undefined },
          |               ^
      161 |         result: result.result, failure: result.failure, queries: result.queries.length, pid: result.pid }));
      162 |       resolveDone(result);
      163 |     };

      at settleWorker (test/utils/g2-pg17-harness.ts:160:15)
      at ChildProcess.<anonymous> (test/utils/g2-pg17-harness.ts:165:51)

  console.warn
    PG17_PROCESS {"name":"g2p17_146","old":false,"options":{"action":"entities","family":"workouts","cursor":"<cursor>"},"failure":{"status":400,"message":"malformed cursor"},"queries":0,"pid":22775}

      158 |       if (code !== 0 || !result) { reject(new Error(`worker exited ${code}: ${output}`)); return; }
      159 |       // Query shapes, outcomes, fixture identifiers and process IDs only; never parameters.
    > 160 |       console.warn('PG17_PROCESS', JSON.stringify({ name, old, options: { ...options, cursor: options.cursor ? '<cursor>' : undefined },
          |               ^
      161 |         result: result.result, failure: result.failure, queries: result.queries.length, pid: result.pid }));
      162 |       resolveDone(result);
      163 |     };

      at settleWorker (test/utils/g2-pg17-harness.ts:160:15)
      at ChildProcess.<anonymous> (test/utils/g2-pg17-harness.ts:165:51)

  console.warn
    PG17_PROCESS {"name":"g2p17_147","old":false,"options":{"action":"entities","family":"workouts","cursor":"<cursor>"},"result":{"intent_id":"intent","family":"workouts","entities":[],"page_count":0,"next_cursor":null},"queries":5,"pid":22788}

      158 |       if (code !== 0 || !result) { reject(new Error(`worker exited ${code}: ${output}`)); return; }
      159 |       // Query shapes, outcomes, fixture identifiers and process IDs only; never parameters.
    > 160 |       console.warn('PG17_PROCESS', JSON.stringify({ name, old, options: { ...options, cursor: options.cursor ? '<cursor>' : undefined },
          |               ^
      161 |         result: result.result, failure: result.failure, queries: result.queries.length, pid: result.pid }));
      162 |       resolveDone(result);
      163 |     };

      at settleWorker (test/utils/g2-pg17-harness.ts:160:15)
      at ChildProcess.<anonymous> (test/utils/g2-pg17-harness.ts:165:51)

  console.warn
    PG17_PROCESS {"name":"g2p17_148","old":false,"options":{"action":"entities","family":"workouts","cursor":"<cursor>"},"failure":{"status":400,"message":"malformed cursor"},"queries":0,"pid":22804}

      158 |       if (code !== 0 || !result) { reject(new Error(`worker exited ${code}: ${output}`)); return; }
      159 |       // Query shapes, outcomes, fixture identifiers and process IDs only; never parameters.
    > 160 |       console.warn('PG17_PROCESS', JSON.stringify({ name, old, options: { ...options, cursor: options.cursor ? '<cursor>' : undefined },
          |               ^
      161 |         result: result.result, failure: result.failure, queries: result.queries.length, pid: result.pid }));
      162 |       resolveDone(result);
      163 |     };

      at settleWorker (test/utils/g2-pg17-harness.ts:160:15)
      at ChildProcess.<anonymous> (test/utils/g2-pg17-harness.ts:165:51)

  console.warn
    PG17_PROCESS {"name":"g2p17_149","old":false,"options":{"action":"entities","family":"workouts","cursor":"<cursor>"},"failure":{"status":400,"message":"malformed cursor"},"queries":0,"pid":22817}

      158 |       if (code !== 0 || !result) { reject(new Error(`worker exited ${code}: ${output}`)); return; }
      159 |       // Query shapes, outcomes, fixture identifiers and process IDs only; never parameters.
    > 160 |       console.warn('PG17_PROCESS', JSON.stringify({ name, old, options: { ...options, cursor: options.cursor ? '<cursor>' : undefined },
          |               ^
      161 |         result: result.result, failure: result.failure, queries: result.queries.length, pid: result.pid }));
      162 |       resolveDone(result);
      163 |     };

      at settleWorker (test/utils/g2-pg17-harness.ts:160:15)
      at ChildProcess.<anonymous> (test/utils/g2-pg17-harness.ts:165:51)

  console.warn
    PG17_PROCESS {"name":"g2p17_150","old":false,"options":{"action":"entities","family":"workouts","cursor":"<cursor>"},"failure":{"status":400,"message":"malformed cursor"},"queries":0,"pid":22830}

      158 |       if (code !== 0 || !result) { reject(new Error(`worker exited ${code}: ${output}`)); return; }
      159 |       // Query shapes, outcomes, fixture identifiers and process IDs only; never parameters.
    > 160 |       console.warn('PG17_PROCESS', JSON.stringify({ name, old, options: { ...options, cursor: options.cursor ? '<cursor>' : undefined },
          |               ^
      161 |         result: result.result, failure: result.failure, queries: result.queries.length, pid: result.pid }));
      162 |       resolveDone(result);
      163 |     };

      at settleWorker (test/utils/g2-pg17-harness.ts:160:15)
      at ChildProcess.<anonymous> (test/utils/g2-pg17-harness.ts:165:51)

  console.warn
    PG17_PROCESS {"name":"g2p17_151","old":false,"options":{"action":"entities","family":"workouts","cursor":"<cursor>"},"failure":{"status":400,"message":"malformed cursor"},"queries":0,"pid":22843}

      158 |       if (code !== 0 || !result) { reject(new Error(`worker exited ${code}: ${output}`)); return; }
      159 |       // Query shapes, outcomes, fixture identifiers and process IDs only; never parameters.
    > 160 |       console.warn('PG17_PROCESS', JSON.stringify({ name, old, options: { ...options, cursor: options.cursor ? '<cursor>' : undefined },
          |               ^
      161 |         result: result.result, failure: result.failure, queries: result.queries.length, pid: result.pid }));
      162 |       resolveDone(result);
      163 |     };

      at settleWorker (test/utils/g2-pg17-harness.ts:160:15)
      at ChildProcess.<anonymous> (test/utils/g2-pg17-harness.ts:165:51)

  console.warn
    PG17_PROCESS {"name":"g2p17_152","old":false,"options":{"action":"entities","family":"workouts","cursor":"<cursor>"},"failure":{"status":400,"message":"malformed cursor"},"queries":0,"pid":22856}

      158 |       if (code !== 0 || !result) { reject(new Error(`worker exited ${code}: ${output}`)); return; }
      159 |       // Query shapes, outcomes, fixture identifiers and process IDs only; never parameters.
    > 160 |       console.warn('PG17_PROCESS', JSON.stringify({ name, old, options: { ...options, cursor: options.cursor ? '<cursor>' : undefined },
          |               ^
      161 |         result: result.result, failure: result.failure, queries: result.queries.length, pid: result.pid }));
      162 |       resolveDone(result);
      163 |     };

      at settleWorker (test/utils/g2-pg17-harness.ts:160:15)
      at ChildProcess.<anonymous> (test/utils/g2-pg17-harness.ts:165:51)

  console.warn
    PG17_PROCESS {"name":"g2p17_153","old":false,"options":{"action":"entities","family":"workouts","cursor":"<cursor>"},"failure":{"status":400,"message":"malformed cursor"},"queries":0,"pid":22870}

      158 |       if (code !== 0 || !result) { reject(new Error(`worker exited ${code}: ${output}`)); return; }
      159 |       // Query shapes, outcomes, fixture identifiers and process IDs only; never parameters.
    > 160 |       console.warn('PG17_PROCESS', JSON.stringify({ name, old, options: { ...options, cursor: options.cursor ? '<cursor>' : undefined },
          |               ^
      161 |         result: result.result, failure: result.failure, queries: result.queries.length, pid: result.pid }));
      162 |       resolveDone(result);
      163 |     };

      at settleWorker (test/utils/g2-pg17-harness.ts:160:15)
      at ChildProcess.<anonymous> (test/utils/g2-pg17-harness.ts:165:51)

  console.warn
    PG17_PROCESS {"name":"g2p17_154","old":false,"options":{"action":"entities","family":"workouts","cursor":"<cursor>"},"failure":{"status":400,"message":"malformed cursor"},"queries":0,"pid":22883}

      158 |       if (code !== 0 || !result) { reject(new Error(`worker exited ${code}: ${output}`)); return; }
      159 |       // Query shapes, outcomes, fixture identifiers and process IDs only; never parameters.
    > 160 |       console.warn('PG17_PROCESS', JSON.stringify({ name, old, options: { ...options, cursor: options.cursor ? '<cursor>' : undefined },
          |               ^
      161 |         result: result.result, failure: result.failure, queries: result.queries.length, pid: result.pid }));
      162 |       resolveDone(result);
      163 |     };

      at settleWorker (test/utils/g2-pg17-harness.ts:160:15)
      at ChildProcess.<anonymous> (test/utils/g2-pg17-harness.ts:165:51)

  console.warn
    PG17_PROCESS {"name":"g2p17_155","old":false,"options":{"action":"entities","family":"workouts","cursor":"<cursor>"},"failure":{"status":400,"message":"malformed cursor"},"queries":0,"pid":22896}

      158 |       if (code !== 0 || !result) { reject(new Error(`worker exited ${code}: ${output}`)); return; }
      159 |       // Query shapes, outcomes, fixture identifiers and process IDs only; never parameters.
    > 160 |       console.warn('PG17_PROCESS', JSON.stringify({ name, old, options: { ...options, cursor: options.cursor ? '<cursor>' : undefined },
          |               ^
      161 |         result: result.result, failure: result.failure, queries: result.queries.length, pid: result.pid }));
      162 |       resolveDone(result);
      163 |     };

      at settleWorker (test/utils/g2-pg17-harness.ts:160:15)
      at ChildProcess.<anonymous> (test/utils/g2-pg17-harness.ts:165:51)

  console.warn
    PG17_PROCESS {"name":"g2p17_156","old":false,"options":{"action":"entities","family":"workouts","cursor":"<cursor>"},"failure":{"status":400,"message":"malformed cursor"},"queries":0,"pid":22909}

      158 |       if (code !== 0 || !result) { reject(new Error(`worker exited ${code}: ${output}`)); return; }
      159 |       // Query shapes, outcomes, fixture identifiers and process IDs only; never parameters.
    > 160 |       console.warn('PG17_PROCESS', JSON.stringify({ name, old, options: { ...options, cursor: options.cursor ? '<cursor>' : undefined },
          |               ^
      161 |         result: result.result, failure: result.failure, queries: result.queries.length, pid: result.pid }));
      162 |       resolveDone(result);
      163 |     };

      at settleWorker (test/utils/g2-pg17-harness.ts:160:15)
      at ChildProcess.<anonymous> (test/utils/g2-pg17-harness.ts:165:51)

  console.warn
    PG17_PROCESS {"name":"g2p17_157","old":false,"options":{"action":"entities","family":"workouts","cursor":"<cursor>"},"failure":{"status":400,"message":"malformed cursor"},"queries":0,"pid":22922}

      158 |       if (code !== 0 || !result) { reject(new Error(`worker exited ${code}: ${output}`)); return; }
      159 |       // Query shapes, outcomes, fixture identifiers and process IDs only; never parameters.
    > 160 |       console.warn('PG17_PROCESS', JSON.stringify({ name, old, options: { ...options, cursor: options.cursor ? '<cursor>' : undefined },
          |               ^
      161 |         result: result.result, failure: result.failure, queries: result.queries.length, pid: result.pid }));
      162 |       resolveDone(result);
      163 |     };

      at settleWorker (test/utils/g2-pg17-harness.ts:160:15)
      at ChildProcess.<anonymous> (test/utils/g2-pg17-harness.ts:165:51)

  console.warn
    PG17_PROCESS {"name":"g2p17_158","old":false,"options":{"action":"entities","family":"workouts","cursor":"<cursor>"},"failure":{"status":400,"message":"malformed cursor"},"queries":0,"pid":22936}

      158 |       if (code !== 0 || !result) { reject(new Error(`worker exited ${code}: ${output}`)); return; }
      159 |       // Query shapes, outcomes, fixture identifiers and process IDs only; never parameters.
    > 160 |       console.warn('PG17_PROCESS', JSON.stringify({ name, old, options: { ...options, cursor: options.cursor ? '<cursor>' : undefined },
          |               ^
      161 |         result: result.result, failure: result.failure, queries: result.queries.length, pid: result.pid }));
      162 |       resolveDone(result);
      163 |     };

      at settleWorker (test/utils/g2-pg17-harness.ts:160:15)
      at ChildProcess.<anonymous> (test/utils/g2-pg17-harness.ts:165:51)

  console.warn
    PG17_PROCESS {"name":"g2p17_159","old":false,"options":{"action":"entities","family":"workouts","cursor":"<cursor>"},"failure":{"status":400,"message":"malformed cursor"},"queries":0,"pid":22949}

      158 |       if (code !== 0 || !result) { reject(new Error(`worker exited ${code}: ${output}`)); return; }
      159 |       // Query shapes, outcomes, fixture identifiers and process IDs only; never parameters.
    > 160 |       console.warn('PG17_PROCESS', JSON.stringify({ name, old, options: { ...options, cursor: options.cursor ? '<cursor>' : undefined },
          |               ^
      161 |         result: result.result, failure: result.failure, queries: result.queries.length, pid: result.pid }));
      162 |       resolveDone(result);
      163 |     };

      at settleWorker (test/utils/g2-pg17-harness.ts:160:15)
      at ChildProcess.<anonymous> (test/utils/g2-pg17-harness.ts:165:51)

  console.warn
    PG17_PROCESS {"name":"g2p17_160","old":false,"options":{"action":"entities","family":"workouts","cursor":"<cursor>"},"failure":{"status":400,"message":"malformed cursor"},"queries":0,"pid":22962}

      158 |       if (code !== 0 || !result) { reject(new Error(`worker exited ${code}: ${output}`)); return; }
      159 |       // Query shapes, outcomes, fixture identifiers and process IDs only; never parameters.
    > 160 |       console.warn('PG17_PROCESS', JSON.stringify({ name, old, options: { ...options, cursor: options.cursor ? '<cursor>' : undefined },
          |               ^
      161 |         result: result.result, failure: result.failure, queries: result.queries.length, pid: result.pid }));
      162 |       resolveDone(result);
      163 |     };

      at settleWorker (test/utils/g2-pg17-harness.ts:160:15)
      at ChildProcess.<anonymous> (test/utils/g2-pg17-harness.ts:165:51)

  console.warn
    PG17_PROCESS {"name":"g2p17_161","old":false,"options":{"action":"entities","family":"workouts","cursor":"<cursor>"},"failure":{"status":400,"message":"malformed cursor"},"queries":0,"pid":22975}

      158 |       if (code !== 0 || !result) { reject(new Error(`worker exited ${code}: ${output}`)); return; }
      159 |       // Query shapes, outcomes, fixture identifiers and process IDs only; never parameters.
    > 160 |       console.warn('PG17_PROCESS', JSON.stringify({ name, old, options: { ...options, cursor: options.cursor ? '<cursor>' : undefined },
          |               ^
      161 |         result: result.result, failure: result.failure, queries: result.queries.length, pid: result.pid }));
      162 |       resolveDone(result);
      163 |     };

      at settleWorker (test/utils/g2-pg17-harness.ts:160:15)
      at ChildProcess.<anonymous> (test/utils/g2-pg17-harness.ts:165:51)

  console.warn
    PG17_PROCESS {"name":"g2p17_162","old":false,"options":{"action":"entities","family":"workouts","cursor":"<cursor>"},"result":{"intent_id":"intent","family":"workouts","entities":[{"id":"e29d083d-6fe6-4226-b459-8ed5284c4906","source_platform":"truecoach","entity_type":"workouts","source_id":"a","client_source_id":"client-new","label":"Synthetic A","created_at":"2026-09-20T18:45:02.536Z","updated_at":"2026-09-20T18:45:02.536Z"}],"page_count":1,"next_cursor":null},"queries":6,"pid":22988}

      158 |       if (code !== 0 || !result) { reject(new Error(`worker exited ${code}: ${output}`)); return; }
      159 |       // Query shapes, outcomes, fixture identifiers and process IDs only; never parameters.
    > 160 |       console.warn('PG17_PROCESS', JSON.stringify({ name, old, options: { ...options, cursor: options.cursor ? '<cursor>' : undefined },
          |               ^
      161 |         result: result.result, failure: result.failure, queries: result.queries.length, pid: result.pid }));
      162 |       resolveDone(result);
      163 |     };

      at settleWorker (test/utils/g2-pg17-harness.ts:160:15)
      at ChildProcess.<anonymous> (test/utils/g2-pg17-harness.ts:165:51)

  console.warn
    PG17_PROCESS {"name":"g2p17_163","old":false,"options":{},"result":{"intent_id":"intent","staged":2,"reconstructed":2,"skipped":0,"failed":0},"queries":20,"pid":23013}

      158 |       if (code !== 0 || !result) { reject(new Error(`worker exited ${code}: ${output}`)); return; }
      159 |       // Query shapes, outcomes, fixture identifiers and process IDs only; never parameters.
    > 160 |       console.warn('PG17_PROCESS', JSON.stringify({ name, old, options: { ...options, cursor: options.cursor ? '<cursor>' : undefined },
          |               ^
      161 |         result: result.result, failure: result.failure, queries: result.queries.length, pid: result.pid }));
      162 |       resolveDone(result);
      163 |     };

      at settleWorker (test/utils/g2-pg17-harness.ts:160:15)
      at ChildProcess.<anonymous> (test/utils/g2-pg17-harness.ts:165:51)

  console.warn
    PG17_RESOLVE_ROLLED_BACK {"ok":false,"output":"Prisma schema loaded from prisma/schema.prisma\nDatasource \"db\": PostgreSQL database \"g2_s5_etq0_disposable\", schema \"public\" at \"127.0.0.1:54325\"\n\nError: P3012\n\nMigration `20270118000000_scout_ledger_platform_expand` cannot be rolled back because it is not in a failed state.\n\n"}

      766 |     // is refused (P3012) and history is untouched. It is NOT a recovery step for this state.
      767 |     const resolveAttempt = prisma(root, ['migrate', 'resolve', '--rolled-back', E]);
    > 768 |     console.warn('PG17_RESOLVE_ROLLED_BACK', JSON.stringify(resolveAttempt));
          |             ^
      769 |     expect(resolveAttempt.ok).toBe(false);
      770 |     expect(resolveAttempt.output).toMatch(/P3012/);
      771 |     expect(appliedMigrations()).toBe('165');

      at Object.<anonymous> (test/rls-g2-pg17-etq0.spec.ts:768:13)

  console.warn
    PG17_PROCESS {"name":"g2p17_164","old":true,"options":{},"result":{"intent_id":"intent","staged":3,"reconstructed":3,"skipped":0,"failed":0},"queries":16,"pid":23127}

      158 |       if (code !== 0 || !result) { reject(new Error(`worker exited ${code}: ${output}`)); return; }
      159 |       // Query shapes, outcomes, fixture identifiers and process IDs only; never parameters.
    > 160 |       console.warn('PG17_PROCESS', JSON.stringify({ name, old, options: { ...options, cursor: options.cursor ? '<cursor>' : undefined },
          |               ^
      161 |         result: result.result, failure: result.failure, queries: result.queries.length, pid: result.pid }));
      162 |       resolveDone(result);
      163 |     };

      at settleWorker (test/utils/g2-pg17-harness.ts:160:15)
      at ChildProcess.<anonymous> (test/utils/g2-pg17-harness.ts:165:51)

  console.warn
    PG17_PROCESS {"name":"g2p17_165","old":false,"options":{},"failure":{"status":500,"message":"Internal server error","code":"P2022"},"queries":12,"pid":23143}

      158 |       if (code !== 0 || !result) { reject(new Error(`worker exited ${code}: ${output}`)); return; }
      159 |       // Query shapes, outcomes, fixture identifiers and process IDs only; never parameters.
    > 160 |       console.warn('PG17_PROCESS', JSON.stringify({ name, old, options: { ...options, cursor: options.cursor ? '<cursor>' : undefined },
          |               ^
      161 |         result: result.result, failure: result.failure, queries: result.queries.length, pid: result.pid }));
      162 |       resolveDone(result);
      163 |     };

      at settleWorker (test/utils/g2-pg17-harness.ts:160:15)
      at ChildProcess.<anonymous> (test/utils/g2-pg17-harness.ts:165:51)

  console.warn
    PG17_PROCESS {"name":"g2p17_166","old":false,"options":{},"result":{"intent_id":"intent","staged":3,"reconstructed":3,"skipped":0,"failed":0},"queries":28,"pid":23197}

      158 |       if (code !== 0 || !result) { reject(new Error(`worker exited ${code}: ${output}`)); return; }
      159 |       // Query shapes, outcomes, fixture identifiers and process IDs only; never parameters.
    > 160 |       console.warn('PG17_PROCESS', JSON.stringify({ name, old, options: { ...options, cursor: options.cursor ? '<cursor>' : undefined },
          |               ^
      161 |         result: result.result, failure: result.failure, queries: result.queries.length, pid: result.pid }));
      162 |       resolveDone(result);
      163 |     };

      at settleWorker (test/utils/g2-pg17-harness.ts:160:15)
      at ChildProcess.<anonymous> (test/utils/g2-pg17-harness.ts:165:51)

  console.warn
    PG17_PROCESS {"name":"g2p17_167","old":false,"options":{},"result":{"intent_id":"intent","staged":1,"reconstructed":1,"skipped":0,"failed":0},"queries":12,"pid":23225}

      158 |       if (code !== 0 || !result) { reject(new Error(`worker exited ${code}: ${output}`)); return; }
      159 |       // Query shapes, outcomes, fixture identifiers and process IDs only; never parameters.
    > 160 |       console.warn('PG17_PROCESS', JSON.stringify({ name, old, options: { ...options, cursor: options.cursor ? '<cursor>' : undefined },
          |               ^
      161 |         result: result.result, failure: result.failure, queries: result.queries.length, pid: result.pid }));
      162 |       resolveDone(result);
      163 |     };

      at settleWorker (test/utils/g2-pg17-harness.ts:160:15)
      at ChildProcess.<anonymous> (test/utils/g2-pg17-harness.ts:165:51)

  console.warn
    PG17_CLAIM_RACE {"branch":"down-applied","message":""}

      824 |     try {
      825 |       try { sql(down); branch = 'down-applied'; } catch (e) { message = String(e); }
    > 826 |       console.warn('PG17_CLAIM_RACE', JSON.stringify({ branch, message: message.split('\n').find((l) => l.includes('ERROR')) ?? '' }));
          |               ^
      827 |       if (branch === 'down-refused') {
      828 |         // Either the lock budget fired or the claim was visible and refused; the column survives.
      829 |         expect(message).toMatch(/lock timeout|refuses removal of assigned provenance/);

      at Object.<anonymous> (test/rls-g2-pg17-etq0.spec.ts:826:15)

  console.warn
    PG17_PROCESS {"name":"g2p17_168","old":false,"options":{"pause":"claimed"},"failure":{"status":500,"message":"Internal server error","code":"P2022"},"queries":14,"pid":23270}

      158 |       if (code !== 0 || !result) { reject(new Error(`worker exited ${code}: ${output}`)); return; }
      159 |       // Query shapes, outcomes, fixture identifiers and process IDs only; never parameters.
    > 160 |       console.warn('PG17_PROCESS', JSON.stringify({ name, old, options: { ...options, cursor: options.cursor ? '<cursor>' : undefined },
          |               ^
      161 |         result: result.result, failure: result.failure, queries: result.queries.length, pid: result.pid }));
      162 |       resolveDone(result);
      163 |     };

      at settleWorker (test/utils/g2-pg17-harness.ts:160:15)
      at ChildProcess.<anonymous> (test/utils/g2-pg17-harness.ts:165:51)

  console.warn
    PG17_CLAIM_RACE_WORKER {"failure":{"status":500,"message":"Internal server error","code":"P2022"}}

      839 |       paused.release();
      840 |       const outcome = await paused.done;
    > 841 |       console.warn('PG17_CLAIM_RACE_WORKER', JSON.stringify({ result: outcome.result, failure: outcome.failure }));
          |               ^
      842 |     } finally { paused.stop(); }
      843 |     if (branch === 'down-applied') { sqlFile(upFile); }
      844 |     expect(hasColumn()).toBe('1');

      at Object.<anonymous> (test/rls-g2-pg17-etq0.spec.ts:841:15)

FAIL rls-live test/rls-g2-pg17-etq0.spec.ts (210.343 s)
  stage 1: E on a populated narrow base with the actual O binary
    ✓ populates synthetic legacy history without a provenance column and O reconstructs 600 staged rows (14442 ms)
    ✓ applies E: rows, OIDs, keys, RLS and policies preserved; column nullable without default (387 ms)
    ✓ keeps the actual O writer and readers working on E, creating NULL provenance (16547 ms)
    ✓ retains forced RLS denial for anon/authenticated on every touched table, even with a hostile claim (935 ms)
    ✓ refuses a wrong public index owner in up on the populated base (376 ms)
    ✓ refuses a wrong public index owner in down on the populated base (282 ms)
    ✓ schema-qualifies both directions despite search_path decoys, leaving 1230 populated rows intact (350 ms)
    ✕ forced-RLS non-bypass owning role cannot drop hidden provenance (populated=true) (312 ms)
    ✓ forced-RLS non-bypass owning role cannot drop hidden provenance (populated=false) (262 ms)
    ✓ rolls E back only while every provenance is NULL, preserving rows, then re-applies (565 ms)
  stage 2: E recorded through the real release mechanism
    ✓ prisma migrate deploy applies exactly E on the populated database and records history (2384 ms)
  stage 3: T provenance, atomicity, accounting and collisions on PostgreSQL 17
    ✓ claims historical NULL history at volume with honest multi-page accounting and identical replay (13148 ms)
    ✓ claims only the exact coach/intent/family identity and leaves adjacent tenants untouched (2149 ms)
    ✓ creates every outcome with actual provenance, isolates failures and replays honestly (2114 ms)
    ✓ claims historical NULL on reconstructed attempts (1022 ms)
    ✓ claims historical NULL on skipped attempts (1075 ms)
    ✓ claims historical NULL on failed attempts (1093 ms)
    ✓ rolls back new and pre-existing clients target changes on late mismatch (3080 ms)
    ✓ rolls back new and pre-existing workouts target changes on late mismatch (2999 ms)
    ✓ fail-stops mid-batch on a legacy provenance contradiction, keeping earlier committed rows and honest durable counts (2007 ms)
    ✓ preserves success and reason on skip failure/skip, but still checks mismatch (2955 ms)
    ✓ preserves success and reason on throw failure/skip, but still checks mismatch (2734 ms)
    ✓ preserves success and reason on database failure/skip, but still checks mismatch (2961 ms)
    ✓ rejects invalid staging before writes and preserves narrow staging/ledger identities (6584 ms)
    ✓ cross-intent same source: same platform converges on one Person, different platform mints a second (4334 ms)
    ✓ characterizes the retained narrow ledger collision: one intent cannot carry two platforms for one source (1101 ms)
    ✓ characterizes actual O after T: provenance stays but O can downgrade success (3747 ms)
  stage 3b: deterministically coordinated T/T and O/T processes on PostgreSQL 17
    ✓ concurrent success replays with false old winner converge on one target (2028 ms)
    ✓ concurrent success replays with true old winner converge on one target (1946 ms)
    ✓ two absent skip inserts observe real P2002 contention and bounded full-transaction retry (1783 ms)
    ✓ retries real PostgreSQL serialization failure once for skip (1117 ms)
    ✓ retries real PostgreSQL serialization failure once for throw (1175 ms)
    ✓ retries real PostgreSQL serialization failure once for success (1085 ms)
    ✓ exhausted real ledger serialization conflicts stop after two transactions with no invented tally (1090 ms)
    ✓ success holds claim while a failing false old writer waits (2133 ms)
    ✓ success holds claim while a failing true old writer waits (2013 ms)
    ✓ success holds claim while a skipped false old writer waits (2024 ms)
    ✓ success holds claim while a skipped true old writer waits (1968 ms)
    ✓ T success upgrades serialized skip while target write is open (1822 ms)
    ✓ T success upgrades serialized throw while target write is open (1854 ms)
    ✓ concurrent different-platform NULL claims serialize and the loser rolls back target changes (2069 ms)
  stage 4: Q0 real scoped reads, cursor boundaries and unchanged emission
    ✓ enumerates exact narrow-schema clients page union and retains NULL legacy history (9013 ms)
    ✓ enumerates exact narrow-schema workouts page union and retains NULL legacy history (8801 ms)
    ✓ characterizes clients ties ONLY in a temporary future-schema fixture (3724 ms)
    ✓ characterizes workouts ties ONLY in a temporary future-schema fixture (3730 ms)
    ✓ bounds clients cursor tokens at 8,192 characters and rejects every malformed shape without reflection (14896 ms)
    ✓ bounds workouts cursor tokens at 8,192 characters and rejects every malformed shape without reflection (14715 ms)
  stage 5: rollout recovery boundaries after T has claimed provenance
    ✓ refuses destructive E rollback while any claim exists, keeps history, and only a drained ledger can roll back (7467 ms)
    ✓ E/down lock budgets fail atomically against a live writer transaction instead of queueing behind it (11278 ms)
    ✓ characterizes down against an actual T claim transaction paused inside its interactive transaction (6101 ms)

  ● stage 1: E on a populated narrow base with the actual O binary › forced-RLS non-bypass owning role cannot drop hidden provenance (populated=true)

    expect(received).toBe(expected) // Object.is equality

    Expected: "1"
    Received: "2"

      247 |       refused(`SET ROLE g2p_ledger_owner;\n${down}`, 'row-level security');
      248 |       expect(hasColumn()).toBe('1');
    > 249 |       expect(sql(`SELECT count(*) FROM "ScoutReconstructionLedger" WHERE source_platform IS NOT NULL`)).toBe(populated ? '1' : '0');
          |                                                                                                         ^
      250 |     } finally {
      251 |       sql(`ALTER TABLE public."ScoutIngestEntity" OWNER TO postgres;
      252 |         ALTER TABLE public."ScoutReconstructionLedger" OWNER TO postgres;

      at test/rls-g2-pg17-etq0.spec.ts:249:105

Test Suites: 1 failed, 1 total
Tests:       1 failed, 49 passed, 50 total
Snapshots:   0 total
Time:        210.579 s
Ran all test suites matching test/rls-g2-pg17-etq0.spec.ts.
PROOF_EXIT=1 STAGE=all TS=20260920T184148Z
