pg_ctl: server is running (PID: 29556)
/home/user/pg17/dist/bin/postgres "-D" "/home/user/pg17/clusters/s5"
TS=20260920T184713Z STAGE=all
HEAD=5270e103cd5d051405e74dbb0e32796ac07b4964 TREE=1c06cdfa03365d396ab1055dabb491d2efd8ec25
 M test/rls-g2-pg17-etq0.spec.ts
 M test/utils/g2-pg17-harness.ts
 M test/utils/g2-tq0-worker.cjs
node v20.20.1 npm 10.8.2 psql: psql (PostgreSQL) 18.6 (Ubuntu 18.6-0ubuntu0.26.04.1)
G2_PG17_CONFIRM=g2_s5_etq0_disposable:54325
G2_PG17_DATABASE_URL=postgresql://s5_super@127.0.0.1:54325/g2_s5_etq0_disposable?schema=public&connection_limit=2
G2_PG17_DATA_DIRECTORY=/home/user/pg17/clusters/s5
G2_PG17_OLD_CLIENT=/home/user/workspace/execution/s5-g2/old-client-925780e0
G2_PG17_OLD_ROOT=/home/user/workspace/execution/s5-g2/old-root-925780e0
G2_PG17_PSQL=/usr/bin/psql
G2_PG17_SERVER_VERSION=170006
NODE_OPTIONS=--max-old-space-size=4096
G2_PG17_PASSWORD=<from environment, not logged>
2
               total        used        free      shared  buff/cache   available
Mem:            7966         478        3122         139        4635        7487
CMD: npx jest test/scout/g2-pg17-db-guard.spec.ts
PASS test/scout/g2-pg17-db-guard.spec.ts (8.113 s)
  S5 G2 PG17 disposable target guard
    ✓ accepts a confirmed loopback target and strips only Prisma options for psql (3 ms)
    ✓ refuses unsafe or ambiguous target postgresql://s5_super@localhost:55417/g2_s5_etq0_disposable (8 ms)
    ✓ refuses unsafe or ambiguous target postgresql://s5_super@db.supabase.co:55417/g2_s5_etq0_disposable (1 ms)
    ✓ refuses unsafe or ambiguous target postgresql://s5_super@127.0.0.1:5432/g2_s5_etq0_disposable (1 ms)
    ✓ refuses unsafe or ambiguous target postgresql://s5_super@127.0.0.1:6543/g2_s5_etq0_disposable (1 ms)
    ✓ refuses unsafe or ambiguous target postgresql://s5_super@127.0.0.1:55439/g2_s5_etq0_disposable (1 ms)
    ✓ refuses unsafe or ambiguous target postgresql://s5_super@127.0.0.1:70000/g2_s5_etq0_disposable (18 ms)
    ✓ refuses unsafe or ambiguous target postgresql://s5_super@127.0.0.1:55417/g2_tq0_disposable
    ✓ refuses unsafe or ambiguous target postgresql://s5_super@127.0.0.1:55417/g2_ledger_expand_disposable
    ✓ refuses unsafe or ambiguous target postgresql://s5_super@127.0.0.1:55417/postgres
    ✓ refuses unsafe or ambiguous target postgresql://service_role@127.0.0.1:55417/g2_s5_etq0_disposable
    ✓ refuses unsafe or ambiguous target postgresql://s5_super:secret@127.0.0.1:55417/g2_s5_etq0_disposable (1 ms)
    ✓ refuses unsafe or ambiguous target postgresql://postgres@127.0.0.1:55417/g2_s5_etq0_disposable (1 ms)
    ✓ refuses unsafe or ambiguous target postgresql://s5_super@127.0.0.1:54321/g2_s5_etq0_disposable
    ✓ refuses unsafe or ambiguous target postgres://s5_super@127.0.0.1:55417/g2_s5_etq0_disposable
    ✓ refuses unsafe or ambiguous target postgresql://s5_super@127.0.0.1:55417/g2_s5_etq0_disposable?host=remote (1 ms)
    ✓ refuses unsafe or ambiguous target postgresql://s5_super@127.0.0.1:55417/g2_s5_etq0_disposable?sslmode=disable (1 ms)
    ✓ refuses unsafe or ambiguous target postgresql://s5_super@127.0.0.1:55417/g2_s5_etq0_disposable?options=-csearch_path%3Dprivate (1 ms)
    ✓ refuses unsafe or ambiguous target postgresql://s5_super@127.0.0.1:55417/g2_s5_etq0_disposable?schema=private
    ✓ refuses unsafe or ambiguous target postgresql://s5_super@127.0.0.1:55417/g2_s5_etq0_disposable?connection_limit=0 (1 ms)
    ✓ refuses unsafe or ambiguous target postgresql://s5_super@127.0.0.1:55417/g2_s5_etq0_disposable?connection_limit=01
    ✓ refuses unsafe or ambiguous target postgresql://s5_super@127.0.0.1:55417/g2_s5_etq0_disposable?connect_timeout=11
    ✓ refuses unsafe or ambiguous target postgresql://s5_super@127.0.0.1:55417/g2_s5_etq0_disposable?schema=public&schema=public (1 ms)
    ✓ refuses unsafe or ambiguous target postgresql://s5_super@127.0.0.1:55417/g2_s5_etq0_disposable#fragment
    ✓ refuses absent, mistaken or port-mismatched confirmation (1 ms)
    ✓ attaches the fixture password only from the environment and only in plain form (3 ms)

Test Suites: 1 passed, 1 total
Tests:       26 passed, 26 total
Snapshots:   0 total
Time:        8.368 s
Ran all test suites matching test/scout/g2-pg17-db-guard.spec.ts.
CMD: bash test/utils/g2-pg17-bootstrap.sh
NOTICE:  role "postgres" has already been granted membership in role "anon" by role "s5_super"
NOTICE:  role "postgres" has already been granted membership in role "authenticated" by role "s5_super"
NOTICE:  role "postgres" has already been granted membership in role "service_role" by role "s5_super"
psql:/home/user/workspace/worktrees/s5-g2/scripts/ci/supabase-shim.sql:37: NOTICE:  role "postgres" has already been granted membership in role "anon" by role "s5_super"
psql:/home/user/workspace/worktrees/s5-g2/scripts/ci/supabase-shim.sql:37: NOTICE:  role "postgres" has already been granted membership in role "authenticated" by role "s5_super"
psql:/home/user/workspace/worktrees/s5-g2/scripts/ci/supabase-shim.sql:37: NOTICE:  role "postgres" has already been granted membership in role "service_role" by role "s5_super"
Prisma schema loaded from prisma/schema.prisma
Datasource "db": PostgreSQL database "g2_s5_etq0_disposable", schema "public" at "127.0.0.1:54325"

164 migrations found in prisma/migrations

Applying migration `00000000000000_baseline`
Applying migration `20260423190000_add_indexes_and_orphan_fks`
Applying migration `20260424000000_add_invite_codes`
Applying migration `20260424120000_add_coach_messages`
Applying migration `20260424180000_add_coach_nudges`
Applying migration `20260424200000_add_meal_plans_and_extend_checkins`
Applying migration `20260425030000_add_community_win_and_coach_guideline`
Applying migration `20260425030001_add_community_win_visibility`
Applying migration `20260427000000_add_owner_role_and_coach_profile`
Applying migration `20260427000100_add_saas_billing_and_drafts`
Applying migration `20260427120000_add_audit_log_and_gdpr_lifecycle`
Applying migration `20260428000000_add_client_coach_consent`
Applying migration `20260429210000_add_diet_and_workout_cadence_to_user_profile`
Applying migration `20260430000000_drop_doctrine_drift_remnants`
Applying migration `20260430120000_add_equipment_access_to_user_profile`
Applying migration `20260506000000_add_ptm_phase_1`
Applying migration `20260506010000_add_diagnostic_engine`
Applying migration `20260506020000_add_build_week`
Applying migration `20260506030000_add_coach_signals`
Applying migration `20260506040000_add_voice_notes_and_coach_onboarding`
Applying migration `20260506050000_add_first_win`
Applying migration `20260506060000_add_leaderboard`
Applying migration `20260507000000_add_notification_center`
Applying migration `20260507100000_add_gdpr_deletion_flow`
Applying migration `20260508000000_add_data_export`
Applying migration `20260508000000_add_workout_builder`
Applying migration `20260508000001_rls_workout_builder`
Applying migration `20260508000002_workout_exercise_soft_delete`
Applying migration `20260508000003_workout_builder_idempotency_and_completion`
Applying migration `20260509000000_add_sprint_b_macros_meals_insights`
Applying migration `20260509120000_coach_practice_type_stage3`
Applying migration `20260510000000_add_ai_gateway_audit_and_drafts`
Applying migration `20260510000000_add_team_mode`
Applying migration `20260510000001_team_audit_revenue_sharing_changed`
Applying migration `20260511000000_add_bloodwork`
Applying migration `20260512000000_concierge_scheduling`
Applying migration `20260513000000_food_logger_trainerize_floor`
Applying migration `20260515100000_add_secret_rotation_log`
Applying migration `20260516000000_kms_wrap_bloodwork_and_calendar`
Applying migration `20260517000000_booking_notifications`
Applying migration `20260520000000_setnull_owner_rels`
Applying migration `20260520000001_add_gcal_channel_tracking_to_calendar_connection`
Applying migration `20260521000000_add_connect_account`
Applying migration `20260524000000_add_sub_coach_assignment_and_idempotency`
Applying migration `20260525000000_sub_coach_rls_and_fks`
Applying migration `20260525120000_add_coach_brief_tables`
Applying migration `20260525130000_add_coach_brief_last_push_date`
Applying migration `20260525170000_data_export_one_active_per_user`
Applying migration `20260525180000_recent_auth_nonce`
Applying migration `20260528000000_stream1_coach_ai_credits`
Applying migration `20260528120000_stream1_round1_fixes`
Applying migration `20260530000000_coach_ai_engine_v1`
Applying migration `20260531000000_wearables_foundation`
Applying migration `20260601000000_add_connect_packages_purchases_customers`
Applying migration `20260601000000_add_email_send_log`
Applying migration `20260601000000_add_exercise_catalog_video`
Applying migration `20260602000000_add_connect_fee_split_and_dunning`
Applying migration `20260602000000_add_exercise_video_provider_fields`
Applying migration `20260603000000_add_connect_payout_reconciliation_refund_dispute`
Applying migration `20260604000000_add_team_profile_and_sub_coach_invite`
Applying migration `20260604000001_subcoach_invite_token_hash`
Applying migration `20260605000000_add_meal_plan_days_json`
Applying migration `20260606000000_add_expo_push_token`
Applying migration `20260606000001_payment_failure_event_unique`
Applying migration `20260606000002_food_entry_client_uuid`
Applying migration `20260606000003_rls_financial_tables`
Applying migration `20260607000000_rls_remaining_gaps`
Applying migration `20260607000001_workout_assignment_completion_payload`
Applying migration `20260608000000_rls_team_tables`
Applying migration `20260609000000_add_coach_direct_enabled`
Applying migration `20260610000000_fasting_unique_active`
Applying migration `20260611000000_invite_intended_email`
Applying migration `20260611000001_messagedraft_rls`
Applying migration `20260612000000_add_message_model_and_checkin_reviewed`
Applying migration `20260612000001_message_rls`
Applying migration `20260613000000_message_rls_split_update`
Applying migration `20260613000001_message_fk_cascade`
Applying migration `20260613000002_message_thread_reverse_index`
Applying migration `20260614000000_coach_subscription_tier`
Applying migration `20260614065425_add_coach_first_payment_notification`
Applying migration `20260615000000_drop_coach_direct_enabled`
Applying migration `20260616000000_add_message_reports_and_user_blocks`
Applying migration `20260617000000_fix_message_report_rls_participation_check`
Applying migration `20260618000000_add_rls_payment_revenue_tables`
Applying migration `20260619000000_add_churn_intervention`
Applying migration `20260620000000_workout_builder_p1_fixes`
Applying migration `20260621000000_fix_workout_rls_policies`
Applying migration `20260701235900_add_sub_coach_role_value`
Applying migration `20260702000000_fix_workout_rls_coach_role`
Applying migration `20260703000000_add_coach_brief_generation_lease`
Applying migration `20260703000001_add_coach_brief_push_ledger`
Applying migration `20260703000002_add_coach_brief_check_constraints`
Applying migration `20260704000000_coach_brief_push_ledger_bounded_retry`
Applying migration `20260704000000_rls01_helper_searchpath_hibp`
Applying migration `20260704000001_coach_brief_cwa_index_concurrent`
Applying migration `20260801000000_r43_storefront_phase1`
Applying migration `20260803000000_share_token_21char_invalidate_legacy`
Applying migration `20260804000000_guest_checkout_retryable_conversion`
Applying migration `20260805000000_guest_checkout_pii_retention`
Applying migration `20260806000000_share_link_expiry_revoke`
Applying migration `20260901000000_r46_landing_page_builder_phase1`
Applying migration `20260902000000_r47_landing_pages_phase3_crm_sync`
Applying migration `20260903000000_r47_lead_sync_persistent_state`
Applying migration `20260903000000_r52_landing_pages_renderer_v2`
Applying migration `20260920000000_r48_checkout_hardening`
Applying migration `20260921000000_add_refunded_disputed_to_guest_checkout_status`
Applying migration `20261001000000_dunning_v1`
Applying migration `20261002000000_dunning_v1_send_retry_cas`
Applying migration `20261002000000_nudge_v1`
Applying migration `20261110000000_ai_action_draft_materialised`
Applying migration `20261201000000_stream2_ai_execution_draft_links`
Applying migration `20261202000000_pr3_drip_schema_foundation`
Applying migration `20261203000000_pr7_meal_plan_drip_drop_unique`
Applying migration `20261203100000_pr6_packages_publish_pricing`
Applying migration `20261204000000_pr9_drip_resolver_marker`
Applying migration `20261205000000_pr10_scheduled_drop_retry_lock`
Applying migration `20261206000000_pr12_coach_media_upload_status`
Applying migration `20261207000000_pr14_client_purchase_landing_page_id_and_guest_subscription`
Applying migration `20261207000001_pr14_client_purchase_landing_page_idx_concurrent`
Applying migration `20261208000000_pr15_coach_new_purchase_prefs`
Applying migration `20261209000000_pr17_scheduled_drop_push_seq`
Applying migration `20261210000000_pr_wave0_ai_quota_ltv_peak`
Applying migration `20261211000000_add_sleep_consistency_metrics`
Applying migration `20261211000001_seed_sleep_consistency_metric_defs`
Applying migration `20261212000000_community_v1_1_schema`
Applying migration `20261212000000_rls_helper_search_path`
Applying migration `20261212010000_rls_tier2_coach_team`
Applying migration `20261213000000_rls_tier1_phi_financial_privacy`
Applying migration `20261213000000_rls_tier2_sessions`
Applying migration `20261213000000_rls_tier3_nutrition`
Applying migration `20261213000000_rls_tier3_workouts`
Applying migration `20261213000000_rls_tier4_learning_analytics`
Applying migration `20261213000000_rls_tier5_notifications_community`
Applying migration `20261214000000_dunning_v2_lockout_recovery`
Applying migration `20261215000000_b5_digital_contracts`
Applying migration `20261215000000_mwb_1_data_model`
Applying migration `20261215000000_payouts_v2_bank_payout_methods`
Applying migration `20261215000100_seed_b5_contract_templates`
Applying migration `20261215000200_contracts_rls`
Applying migration `20261215000300_named_regimes_and_partial_refund_decision`
Applying migration `20261216000000_add_roman_chat`
Applying migration `20261216000100_add_plan_context_payload`
Applying migration `20261216000200_community_classroom_posts`
Applying migration `20261217000000_community_voice_notes`
Applying migration `20261217000100_community_search_index`
Applying migration `20261217000200_community_wearable_prompts`
Applying migration `20261218000000_add_coach_reviewed_at`
Applying migration `20261218000100_rls_partial_refund_decision`
Applying migration `20261218000200_rename_decided_by_coach_user_id`
Applying migration `20261219000000_community_wearable_prompts_uuid_id`
Applying migration `20261219000000_conv_review_coach_reviewed_at_idx`
Applying migration `20261220000000_talent_marketplace_rls`
Applying migration `20261220000010_marketplace_idempotency_claim_nonce`
Applying migration `20261220000020_marketplace_abuse_signal_rls`
Applying migration `20261220000030_marketplace_connect_event`
Applying migration `20261220000031_application_applicant_listing_unique`
Applying migration `20261221000000_enable_pg_stat_statements`
Applying migration `20261221010000_add_signup_ref_to_user`
Applying migration `20261222000000_add_extension_pair_codes`
Applying migration `20261222000000_scout_ingest_entity`
Applying migration `20261222000000_scout_progress_and_completion`
Applying migration `20261223000100_scout_import_state`
Applying migration `20261223000200_scout_reconstruction`
Applying migration `20261223000300_scout_reconstructed_entity`

The following migration(s) have been applied:

migrations/
  └─ 00000000000000_baseline/
    └─ migration.sql
  └─ 20260423190000_add_indexes_and_orphan_fks/
    └─ migration.sql
  └─ 20260424000000_add_invite_codes/
    └─ migration.sql
  └─ 20260424120000_add_coach_messages/
    └─ migration.sql
  └─ 20260424180000_add_coach_nudges/
    └─ migration.sql
  └─ 20260424200000_add_meal_plans_and_extend_checkins/
    └─ migration.sql
  └─ 20260425030000_add_community_win_and_coach_guideline/
    └─ migration.sql
  └─ 20260425030001_add_community_win_visibility/
    └─ migration.sql
  └─ 20260427000000_add_owner_role_and_coach_profile/
    └─ migration.sql
  └─ 20260427000100_add_saas_billing_and_drafts/
    └─ migration.sql
  └─ 20260427120000_add_audit_log_and_gdpr_lifecycle/
    └─ migration.sql
  └─ 20260428000000_add_client_coach_consent/
    └─ migration.sql
  └─ 20260429210000_add_diet_and_workout_cadence_to_user_profile/
    └─ migration.sql
  └─ 20260430000000_drop_doctrine_drift_remnants/
    └─ migration.sql
  └─ 20260430120000_add_equipment_access_to_user_profile/
    └─ migration.sql
  └─ 20260506000000_add_ptm_phase_1/
    └─ migration.sql
  └─ 20260506010000_add_diagnostic_engine/
    └─ migration.sql
  └─ 20260506020000_add_build_week/
    └─ migration.sql
  └─ 20260506030000_add_coach_signals/
    └─ migration.sql
  └─ 20260506040000_add_voice_notes_and_coach_onboarding/
    └─ migration.sql
  └─ 20260506050000_add_first_win/
    └─ migration.sql
  └─ 20260506060000_add_leaderboard/
    └─ migration.sql
  └─ 20260507000000_add_notification_center/
    └─ migration.sql
  └─ 20260507100000_add_gdpr_deletion_flow/
    └─ migration.sql
  └─ 20260508000000_add_data_export/
    └─ migration.sql
  └─ 20260508000000_add_workout_builder/
    └─ migration.sql
  └─ 20260508000001_rls_workout_builder/
    └─ migration.sql
  └─ 20260508000002_workout_exercise_soft_delete/
    └─ migration.sql
  └─ 20260508000003_workout_builder_idempotency_and_completion/
    └─ migration.sql
  └─ 20260509000000_add_sprint_b_macros_meals_insights/
    └─ migration.sql
  └─ 20260509120000_coach_practice_type_stage3/
    └─ migration.sql
  └─ 20260510000000_add_ai_gateway_audit_and_drafts/
    └─ migration.sql
  └─ 20260510000000_add_team_mode/
    └─ migration.sql
  └─ 20260510000001_team_audit_revenue_sharing_changed/
    └─ migration.sql
  └─ 20260511000000_add_bloodwork/
    └─ migration.sql
  └─ 20260512000000_concierge_scheduling/
    └─ migration.sql
  └─ 20260513000000_food_logger_trainerize_floor/
    └─ migration.sql
  └─ 20260515100000_add_secret_rotation_log/
    └─ migration.sql
  └─ 20260516000000_kms_wrap_bloodwork_and_calendar/
    └─ migration.sql
  └─ 20260517000000_booking_notifications/
    └─ migration.sql
  └─ 20260520000000_setnull_owner_rels/
    └─ migration.sql
  └─ 20260520000001_add_gcal_channel_tracking_to_calendar_connection/
    └─ migration.sql
  └─ 20260521000000_add_connect_account/
    └─ migration.sql
  └─ 20260524000000_add_sub_coach_assignment_and_idempotency/
    └─ migration.sql
  └─ 20260525000000_sub_coach_rls_and_fks/
    └─ migration.sql
  └─ 20260525120000_add_coach_brief_tables/
    └─ migration.sql
  └─ 20260525130000_add_coach_brief_last_push_date/
    └─ migration.sql
  └─ 20260525170000_data_export_one_active_per_user/
    └─ migration.sql
  └─ 20260525180000_recent_auth_nonce/
    └─ migration.sql
  └─ 20260528000000_stream1_coach_ai_credits/
    └─ migration.sql
  └─ 20260528120000_stream1_round1_fixes/
    └─ migration.sql
  └─ 20260530000000_coach_ai_engine_v1/
    └─ migration.sql
  └─ 20260531000000_wearables_foundation/
    └─ migration.sql
  └─ 20260601000000_add_connect_packages_purchases_customers/
    └─ migration.sql
  └─ 20260601000000_add_email_send_log/
    └─ migration.sql
  └─ 20260601000000_add_exercise_catalog_video/
    └─ migration.sql
  └─ 20260602000000_add_connect_fee_split_and_dunning/
    └─ migration.sql
  └─ 20260602000000_add_exercise_video_provider_fields/
    └─ migration.sql
  └─ 20260603000000_add_connect_payout_reconciliation_refund_dispute/
    └─ migration.sql
  └─ 20260604000000_add_team_profile_and_sub_coach_invite/
    └─ migration.sql
  └─ 20260604000001_subcoach_invite_token_hash/
    └─ migration.sql
  └─ 20260605000000_add_meal_plan_days_json/
    └─ migration.sql
  └─ 20260606000000_add_expo_push_token/
    └─ migration.sql
  └─ 20260606000001_payment_failure_event_unique/
    └─ migration.sql
  └─ 20260606000002_food_entry_client_uuid/
    └─ migration.sql
  └─ 20260606000003_rls_financial_tables/
    └─ migration.sql
  └─ 20260607000000_rls_remaining_gaps/
    └─ migration.sql
  └─ 20260607000001_workout_assignment_completion_payload/
    └─ migration.sql
  └─ 20260608000000_rls_team_tables/
    └─ migration.sql
  └─ 20260609000000_add_coach_direct_enabled/
    └─ migration.sql
  └─ 20260610000000_fasting_unique_active/
    └─ migration.sql
  └─ 20260611000000_invite_intended_email/
    └─ migration.sql
  └─ 20260611000001_messagedraft_rls/
    └─ migration.sql
  └─ 20260612000000_add_message_model_and_checkin_reviewed/
    └─ migration.sql
  └─ 20260612000001_message_rls/
    └─ migration.sql
  └─ 20260613000000_message_rls_split_update/
    └─ migration.sql
  └─ 20260613000001_message_fk_cascade/
    └─ migration.sql
  └─ 20260613000002_message_thread_reverse_index/
    └─ migration.sql
  └─ 20260614000000_coach_subscription_tier/
    └─ migration.sql
  └─ 20260614065425_add_coach_first_payment_notification/
    └─ migration.sql
  └─ 20260615000000_drop_coach_direct_enabled/
    └─ migration.sql
  └─ 20260616000000_add_message_reports_and_user_blocks/
    └─ migration.sql
  └─ 20260617000000_fix_message_report_rls_participation_check/
    └─ migration.sql
  └─ 20260618000000_add_rls_payment_revenue_tables/
    └─ migration.sql
  └─ 20260619000000_add_churn_intervention/
    └─ migration.sql
  └─ 20260620000000_workout_builder_p1_fixes/
    └─ migration.sql
  └─ 20260621000000_fix_workout_rls_policies/
    └─ migration.sql
  └─ 20260701235900_add_sub_coach_role_value/
    └─ migration.sql
  └─ 20260702000000_fix_workout_rls_coach_role/
    └─ migration.sql
  └─ 20260703000000_add_coach_brief_generation_lease/
    └─ migration.sql
  └─ 20260703000001_add_coach_brief_push_ledger/
    └─ migration.sql
  └─ 20260703000002_add_coach_brief_check_constraints/
    └─ migration.sql
  └─ 20260704000000_coach_brief_push_ledger_bounded_retry/
    └─ migration.sql
  └─ 20260704000000_rls01_helper_searchpath_hibp/
    └─ migration.sql
  └─ 20260704000001_coach_brief_cwa_index_concurrent/
    └─ migration.sql
  └─ 20260801000000_r43_storefront_phase1/
    └─ migration.sql
  └─ 20260803000000_share_token_21char_invalidate_legacy/
    └─ migration.sql
  └─ 20260804000000_guest_checkout_retryable_conversion/
    └─ migration.sql
  └─ 20260805000000_guest_checkout_pii_retention/
    └─ migration.sql
  └─ 20260806000000_share_link_expiry_revoke/
    └─ migration.sql
  └─ 20260901000000_r46_landing_page_builder_phase1/
    └─ migration.sql
  └─ 20260902000000_r47_landing_pages_phase3_crm_sync/
    └─ migration.sql
  └─ 20260903000000_r47_lead_sync_persistent_state/
    └─ migration.sql
  └─ 20260903000000_r52_landing_pages_renderer_v2/
    └─ migration.sql
  └─ 20260920000000_r48_checkout_hardening/
    └─ migration.sql
  └─ 20260921000000_add_refunded_disputed_to_guest_checkout_status/
    └─ migration.sql
  └─ 20261001000000_dunning_v1/
    └─ migration.sql
  └─ 20261002000000_dunning_v1_send_retry_cas/
    └─ migration.sql
  └─ 20261002000000_nudge_v1/
    └─ migration.sql
  └─ 20261110000000_ai_action_draft_materialised/
    └─ migration.sql
  └─ 20261201000000_stream2_ai_execution_draft_links/
    └─ migration.sql
  └─ 20261202000000_pr3_drip_schema_foundation/
    └─ migration.sql
  └─ 20261203000000_pr7_meal_plan_drip_drop_unique/
    └─ migration.sql
  └─ 20261203100000_pr6_packages_publish_pricing/
    └─ migration.sql
  └─ 20261204000000_pr9_drip_resolver_marker/
    └─ migration.sql
  └─ 20261205000000_pr10_scheduled_drop_retry_lock/
    └─ migration.sql
  └─ 20261206000000_pr12_coach_media_upload_status/
    └─ migration.sql
  └─ 20261207000000_pr14_client_purchase_landing_page_id_and_guest_subscription/
    └─ migration.sql
  └─ 20261207000001_pr14_client_purchase_landing_page_idx_concurrent/
    └─ migration.sql
  └─ 20261208000000_pr15_coach_new_purchase_prefs/
    └─ migration.sql
  └─ 20261209000000_pr17_scheduled_drop_push_seq/
    └─ migration.sql
  └─ 20261210000000_pr_wave0_ai_quota_ltv_peak/
    └─ migration.sql
  └─ 20261211000000_add_sleep_consistency_metrics/
    └─ migration.sql
  └─ 20261211000001_seed_sleep_consistency_metric_defs/
    └─ migration.sql
  └─ 20261212000000_community_v1_1_schema/
    └─ migration.sql
  └─ 20261212000000_rls_helper_search_path/
    └─ migration.sql
  └─ 20261212010000_rls_tier2_coach_team/
    └─ migration.sql
  └─ 20261213000000_rls_tier1_phi_financial_privacy/
    └─ migration.sql
  └─ 20261213000000_rls_tier2_sessions/
    └─ migration.sql
  └─ 20261213000000_rls_tier3_nutrition/
    └─ migration.sql
  └─ 20261213000000_rls_tier3_workouts/
    └─ migration.sql
  └─ 20261213000000_rls_tier4_learning_analytics/
    └─ migration.sql
  └─ 20261213000000_rls_tier5_notifications_community/
    └─ migration.sql
  └─ 20261214000000_dunning_v2_lockout_recovery/
    └─ migration.sql
  └─ 20261215000000_b5_digital_contracts/
    └─ migration.sql
  └─ 20261215000000_mwb_1_data_model/
    └─ migration.sql
  └─ 20261215000000_payouts_v2_bank_payout_methods/
    └─ migration.sql
  └─ 20261215000100_seed_b5_contract_templates/
    └─ migration.sql
  └─ 20261215000200_contracts_rls/
    └─ migration.sql
  └─ 20261215000300_named_regimes_and_partial_refund_decision/
    └─ migration.sql
  └─ 20261216000000_add_roman_chat/
    └─ migration.sql
  └─ 20261216000100_add_plan_context_payload/
    └─ migration.sql
  └─ 20261216000200_community_classroom_posts/
    └─ migration.sql
  └─ 20261217000000_community_voice_notes/
    └─ migration.sql
  └─ 20261217000100_community_search_index/
    └─ migration.sql
  └─ 20261217000200_community_wearable_prompts/
    └─ migration.sql
  └─ 20261218000000_add_coach_reviewed_at/
    └─ migration.sql
  └─ 20261218000100_rls_partial_refund_decision/
    └─ migration.sql
  └─ 20261218000200_rename_decided_by_coach_user_id/
    └─ migration.sql
  └─ 20261219000000_community_wearable_prompts_uuid_id/
    └─ migration.sql
  └─ 20261219000000_conv_review_coach_reviewed_at_idx/
    └─ migration.sql
  └─ 20261220000000_talent_marketplace_rls/
    └─ migration.sql
  └─ 20261220000010_marketplace_idempotency_claim_nonce/
    └─ migration.sql
  └─ 20261220000020_marketplace_abuse_signal_rls/
    └─ migration.sql
  └─ 20261220000030_marketplace_connect_event/
    └─ migration.sql
  └─ 20261220000031_application_applicant_listing_unique/
    └─ migration.sql
  └─ 20261221000000_enable_pg_stat_statements/
    └─ migration.sql
  └─ 20261221010000_add_signup_ref_to_user/
    └─ migration.sql
  └─ 20261222000000_add_extension_pair_codes/
    └─ migration.sql
  └─ 20261222000000_scout_ingest_entity/
    └─ migration.sql
  └─ 20261222000000_scout_progress_and_completion/
    └─ migration.sql
  └─ 20261223000100_scout_import_state/
    └─ migration.sql
  └─ 20261223000200_scout_reconstruction/
    └─ migration.sql
  └─ 20261223000300_scout_reconstructed_entity/
    └─ migration.sql
      
All migrations have been successfully applied.
{"database" : "g2_s5_etq0_disposable", "version" : "170006", "directory" : "/home/user/pg17/clusters/s5", "address" : "127.0.0.1", "port" : 54325, "applied" : 164}
G2_PG17_BOOTSTRAP_OK
CMD: npx jest --config jest.rls.config.js test/rls-g2-pg17-etq0.spec.ts --runInBand --testTimeout=180000
  console.warn
    PG17_DATABASE {"port":54325,"user":"postgres","owner":"postgres","super":false,"address":"127.0.0.1","version":"170006","database":"g2_s5_etq0_disposable","bypassrls":true,"directory":"/home/user/pg17/clusters/s5"}

      41 |   expect(Number(identity.version)).toBeLessThan(180000);
      42 |   expect(directory).toMatch(/\/pg17\/clusters\/s5$/);
    > 43 |   console.warn('PG17_DATABASE', JSON.stringify(identity));
         |           ^
      44 |   // Bootstrap leaves the full 164-migration O history and NO E column/history.
      45 |   expect(appliedMigrations()).toBe('164');
      46 |   expect(sql(`SELECT count(*) FROM "_prisma_migrations" WHERE migration_name=${quote(E)}`)).toBe('0');

      at Object.<anonymous> (test/rls-g2-pg17-etq0.spec.ts:43:11)

  console.warn
    PG17_API_ROLE_TABLE_PRIVILEGES Person=DELETE,INSERT,REFERENCES,SELECT,TRIGGER,TRUNCATE,UPDATE ScoutIngestEntity=DELETE,INSERT,REFERENCES,SELECT,TRIGGER,TRUNCATE,UPDATE ScoutReconstructedEntity=DELETE,INSERT,REFERENCES,SELECT,TRIGGER,TRUNCATE,UPDATE ScoutReconstructionLedger=DELETE,INSERT,REFERENCES,SELECT,TRIGGER,TRUNCATE,UPDATE

      62 |     GRANT ALL ON public."ScoutIngestEntity",public."ScoutReconstructionLedger",
      63 |       public."Person",public."ScoutReconstructedEntity",public."ScoutImport" TO service_role,anon,authenticated;`);
    > 64 |   console.warn('PG17_API_ROLE_TABLE_PRIVILEGES', sql(`SELECT string_agg(table_name||'='||privileges,' ' ORDER BY table_name) FROM (
         |           ^
      65 |     SELECT table_name, string_agg(privilege_type,',' ORDER BY privilege_type) privileges
      66 |     FROM information_schema.role_table_grants WHERE grantee='anon' AND table_schema='public'
      67 |     AND table_name IN ('ScoutIngestEntity','ScoutReconstructionLedger','Person','ScoutReconstructedEntity') GROUP BY 1) g`));

      at Object.<anonymous> (test/rls-g2-pg17-etq0.spec.ts:64:11)

  console.warn
    PG17_PROCESS {"name":"g2p17_1","old":true,"options":{},"result":{"intent_id":"intent","staged":600,"reconstructed":596,"skipped":8,"failed":21},"queries":2405,"pid":23898}

      158 |       if (code !== 0 || !result) { reject(new Error(`worker exited ${code}: ${output}`)); return; }
      159 |       // Query shapes, outcomes, fixture identifiers and process IDs only; never parameters.
    > 160 |       console.warn('PG17_PROCESS', JSON.stringify({ name, old, options: { ...options, cursor: options.cursor ? '<cursor>' : undefined },
          |               ^
      161 |         result: result.result, failure: result.failure, queries: result.queries.length, pid: result.pid }));
      162 |       resolveDone(result);
      163 |     };

      at settleWorker (test/utils/g2-pg17-harness.ts:160:15)
      at ChildProcess.<anonymous> (test/utils/g2-pg17-harness.ts:165:51)

  console.warn
    PG17_PROCESS {"name":"g2p17_2","old":true,"options":{"action":"roster","family":"clients","limit":7},"result":{"intent_id":"intent","accounting":{"staged":600,"reconstructed":596,"skipped":8,"failed":21},"persons":[],"page":{"limit":7,"next_cursor":"aDAwMDIw","has_more":true}},"queries":8,"pid":23922}

      158 |       if (code !== 0 || !result) { reject(new Error(`worker exited ${code}: ${output}`)); return; }
      159 |       // Query shapes, outcomes, fixture identifiers and process IDs only; never parameters.
    > 160 |       console.warn('PG17_PROCESS', JSON.stringify({ name, old, options: { ...options, cursor: options.cursor ? '<cursor>' : undefined },
          |               ^
      161 |         result: result.result, failure: result.failure, queries: result.queries.length, pid: result.pid }));
      162 |       resolveDone(result);
      163 |     };

      at settleWorker (test/utils/g2-pg17-harness.ts:160:15)
      at ChildProcess.<anonymous> (test/utils/g2-pg17-harness.ts:165:51)

  console.warn
    PG17_PROCESS {"name":"g2p17_3","old":true,"options":{"action":"roster","family":"clients","cursor":"<cursor>","limit":7},"result":{"intent_id":"intent","accounting":{"staged":600,"reconstructed":596,"skipped":8,"failed":21},"persons":[{"id":"1c7b7191-580d-4c5a-8104-b85b5c9c228e","state":"InvitePending","source_platform":"truecoach","source_person_id":"s00001","display_name":"Synthetic 1","created_at":"2026-09-20T18:47:54.136Z","updated_at":"2026-09-20T18:47:54.136Z"},{"id":"21f577c2-d423-489f-a036-a4c968a292e7","state":"InvitePending","source_platform":"truecoach","source_person_id":"s00002","display_name":"Synthetic 2","created_at":"2026-09-20T18:47:54.139Z","updated_at":"2026-09-20T18:47:54.139Z"},{"id":"d89dc0ef-d1f0-4def-8628-5260801da2be","state":"InvitePending","source_platform":"truecoach","source_person_id":"s00003","display_name":"Synthetic 3","created_at":"2026-09-20T18:47:54.142Z","updated_at":"2026-09-20T18:47:54.142Z"},{"id":"3c4bf505-5f4a-4a94-8d84-13c5e7c3d6e9","state":"InvitePending","source_platform":"truecoach","source_person_id":"s00004","display_name":"Synthetic 4","created_at":"2026-09-20T18:47:54.144Z","updated_at":"2026-09-20T18:47:54.144Z"},{"id":"9fb0981b-8943-4d67-90e7-a552c7ff4a4b","state":"InvitePending","source_platform":"truecoach","source_person_id":"s00005","display_name":"Synthetic 5","created_at":"2026-09-20T18:47:54.146Z","updated_at":"2026-09-20T18:47:54.146Z"},{"id":"52fd97d4-55b9-4393-a394-164d64f3ab45","state":"InvitePending","source_platform":"truecoach","source_person_id":"s00006","display_name":"Synthetic 6","created_at":"2026-09-20T18:47:54.148Z","updated_at":"2026-09-20T18:47:54.148Z"}],"page":{"limit":7,"next_cursor":"czAwMDA2","has_more":true}},"queries":8,"pid":23938}

      158 |       if (code !== 0 || !result) { reject(new Error(`worker exited ${code}: ${output}`)); return; }
      159 |       // Query shapes, outcomes, fixture identifiers and process IDs only; never parameters.
    > 160 |       console.warn('PG17_PROCESS', JSON.stringify({ name, old, options: { ...options, cursor: options.cursor ? '<cursor>' : undefined },
          |               ^
      161 |         result: result.result, failure: result.failure, queries: result.queries.length, pid: result.pid }));
      162 |       resolveDone(result);
      163 |     };

      at settleWorker (test/utils/g2-pg17-harness.ts:160:15)
      at ChildProcess.<anonymous> (test/utils/g2-pg17-harness.ts:165:51)

  console.warn
    PG17_PROCESS {"name":"g2p17_4","old":true,"options":{"action":"roster","family":"clients","cursor":"<cursor>","limit":7},"result":{"intent_id":"intent","accounting":{"staged":600,"reconstructed":596,"skipped":8,"failed":21},"persons":[{"id":"abd9e1da-f930-4b7b-8d5d-47ba0a78ec4a","state":"InvitePending","source_platform":"truecoach","source_person_id":"s00007","display_name":"Synthetic 7","created_at":"2026-09-20T18:47:54.150Z","updated_at":"2026-09-20T18:47:54.150Z"},{"id":"30a9667c-3cd8-4cab-887a-0abf94977e53","state":"InvitePending","source_platform":"truecoach","source_person_id":"s00008","display_name":"Synthetic 8","created_at":"2026-09-20T18:47:54.151Z","updated_at":"2026-09-20T18:47:54.151Z"},{"id":"54afe5ca-8c18-4464-b95f-7378047d05df","state":"InvitePending","source_platform":"truecoach","source_person_id":"s00009","display_name":"Synthetic 9","created_at":"2026-09-20T18:47:54.153Z","updated_at":"2026-09-20T18:47:54.153Z"},{"id":"d341e7f9-3b29-4830-a552-1752bed5fa47","state":"InvitePending","source_platform":"truecoach","source_person_id":"s00010","display_name":"Synthetic 10","created_at":"2026-09-20T18:47:54.155Z","updated_at":"2026-09-20T18:47:54.155Z"},{"id":"59d2cef1-344b-4d6c-9d3c-3e3b8e23cf39","state":"InvitePending","source_platform":"truecoach","source_person_id":"s00011","display_name":"Synthetic 11","created_at":"2026-09-20T18:47:54.156Z","updated_at":"2026-09-20T18:47:54.156Z"},{"id":"de6a921b-5ae5-4925-9815-97a08149ff5a","state":"InvitePending","source_platform":"truecoach","source_person_id":"s00012","display_name":"Synthetic 12","created_at":"2026-09-20T18:47:54.159Z","updated_at":"2026-09-20T18:47:54.159Z"},{"id":"6ce97681-8b95-4e6f-ae21-ced5e856e5df","state":"InvitePending","source_platform":"truecoach","source_person_id":"s00013","display_name":"Synthetic 13","created_at":"2026-09-20T18:47:54.162Z","updated_at":"2026-09-20T18:47:54.162Z"}],"page":{"limit":7,"next_cursor":"czAwMDEz","has_more":true}},"queries":8,"pid":23954}

      158 |       if (code !== 0 || !result) { reject(new Error(`worker exited ${code}: ${output}`)); return; }
      159 |       // Query shapes, outcomes, fixture identifiers and process IDs only; never parameters.
    > 160 |       console.warn('PG17_PROCESS', JSON.stringify({ name, old, options: { ...options, cursor: options.cursor ? '<cursor>' : undefined },
          |               ^
      161 |         result: result.result, failure: result.failure, queries: result.queries.length, pid: result.pid }));
      162 |       resolveDone(result);
      163 |     };

      at settleWorker (test/utils/g2-pg17-harness.ts:160:15)
      at ChildProcess.<anonymous> (test/utils/g2-pg17-harness.ts:165:51)

  console.warn
    PG17_PROCESS {"name":"g2p17_5","old":true,"options":{"action":"roster","family":"clients","cursor":"<cursor>","limit":7},"result":{"intent_id":"intent","accounting":{"staged":600,"reconstructed":596,"skipped":8,"failed":21},"persons":[{"id":"d813c1cf-434d-4212-af5c-b1eb7719cffc","state":"InvitePending","source_platform":"truecoach","source_person_id":"s00014","display_name":"Synthetic 14","created_at":"2026-09-20T18:47:54.163Z","updated_at":"2026-09-20T18:47:54.163Z"},{"id":"77f9464d-cd57-43ce-ad37-57b3ee9ac0c0","state":"InvitePending","source_platform":"truecoach","source_person_id":"s00015","display_name":"Synthetic 15","created_at":"2026-09-20T18:47:54.165Z","updated_at":"2026-09-20T18:47:54.165Z"},{"id":"7a7282d4-3a08-4f8d-8eaa-52de25f62cca","state":"InvitePending","source_platform":"truecoach","source_person_id":"s00016","display_name":"Synthetic 16","created_at":"2026-09-20T18:47:54.167Z","updated_at":"2026-09-20T18:47:54.167Z"},{"id":"7df29bfc-5480-482a-bd2e-6b01e63a082e","state":"InvitePending","source_platform":"truecoach","source_person_id":"s00017","display_name":"Synthetic 17","created_at":"2026-09-20T18:47:54.169Z","updated_at":"2026-09-20T18:47:54.169Z"},{"id":"b040093a-ec16-41d8-9fda-85353774c309","state":"InvitePending","source_platform":"truecoach","source_person_id":"s00018","display_name":"Synthetic 18","created_at":"2026-09-20T18:47:54.170Z","updated_at":"2026-09-20T18:47:54.170Z"},{"id":"891fa303-f5af-408a-ad7e-33c367ccd12f","state":"InvitePending","source_platform":"truecoach","source_person_id":"s00019","display_name":"Synthetic 19","created_at":"2026-09-20T18:47:54.172Z","updated_at":"2026-09-20T18:47:54.172Z"},{"id":"8ed5fa59-bae9-4ad8-abd9-4c9c7a790edc","state":"InvitePending","source_platform":"truecoach","source_person_id":"s00020","display_name":"Synthetic 20","created_at":"2026-09-20T18:47:54.173Z","updated_at":"2026-09-20T18:47:54.173Z"}],"page":{"limit":7,"next_cursor":"czAwMDIw","has_more":true}},"queries":8,"pid":23972}

      158 |       if (code !== 0 || !result) { reject(new Error(`worker exited ${code}: ${output}`)); return; }
      159 |       // Query shapes, outcomes, fixture identifiers and process IDs only; never parameters.
    > 160 |       console.warn('PG17_PROCESS', JSON.stringify({ name, old, options: { ...options, cursor: options.cursor ? '<cursor>' : undefined },
          |               ^
      161 |         result: result.result, failure: result.failure, queries: result.queries.length, pid: result.pid }));
      162 |       resolveDone(result);
      163 |     };

      at settleWorker (test/utils/g2-pg17-harness.ts:160:15)
      at ChildProcess.<anonymous> (test/utils/g2-pg17-harness.ts:165:51)

  console.warn
    PG17_PROCESS {"name":"g2p17_6","old":true,"options":{"action":"roster","family":"clients","cursor":"<cursor>","limit":7},"result":{"intent_id":"intent","accounting":{"staged":600,"reconstructed":596,"skipped":8,"failed":21},"persons":[{"id":"63802d88-eb34-496f-a45a-8c6605ac4054","state":"InvitePending","source_platform":"truecoach","source_person_id":"s00021","display_name":"Synthetic 21","created_at":"2026-09-20T18:47:54.175Z","updated_at":"2026-09-20T18:47:54.175Z"},{"id":"13f29592-f920-47d1-9c96-2595bbf8d758","state":"InvitePending","source_platform":"truecoach","source_person_id":"s00022","display_name":"Synthetic 22","created_at":"2026-09-20T18:47:54.177Z","updated_at":"2026-09-20T18:47:54.177Z"},{"id":"a01d3830-0639-4b3c-a5dd-22fd46e17a86","state":"InvitePending","source_platform":"truecoach","source_person_id":"s00023","display_name":"Synthetic 23","created_at":"2026-09-20T18:47:54.178Z","updated_at":"2026-09-20T18:47:54.178Z"},{"id":"191d8e53-8893-4e7b-a1bf-c3626d77f4c3","state":"InvitePending","source_platform":"truecoach","source_person_id":"s00024","display_name":"Synthetic 24","created_at":"2026-09-20T18:47:54.180Z","updated_at":"2026-09-20T18:47:54.180Z"},{"id":"c90416c1-3a39-4fcb-a2ba-e8710beed87a","state":"InvitePending","source_platform":"truecoach","source_person_id":"s00025","display_name":"Synthetic 25","created_at":"2026-09-20T18:47:54.181Z","updated_at":"2026-09-20T18:47:54.181Z"},{"id":"44dc02e4-b016-42f8-aa2f-52ea04c21593","state":"InvitePending","source_platform":"truecoach","source_person_id":"s00026","display_name":"Synthetic 26","created_at":"2026-09-20T18:47:54.183Z","updated_at":"2026-09-20T18:47:54.183Z"},{"id":"8c56f5d2-daaf-4535-a96d-54271839ac87","state":"InvitePending","source_platform":"truecoach","source_person_id":"s00027","display_name":"Synthetic 27","created_at":"2026-09-20T18:47:54.185Z","updated_at":"2026-09-20T18:47:54.185Z"}],"page":{"limit":7,"next_cursor":"czAwMDI3","has_more":true}},"queries":8,"pid":23989}

      158 |       if (code !== 0 || !result) { reject(new Error(`worker exited ${code}: ${output}`)); return; }
      159 |       // Query shapes, outcomes, fixture identifiers and process IDs only; never parameters.
    > 160 |       console.warn('PG17_PROCESS', JSON.stringify({ name, old, options: { ...options, cursor: options.cursor ? '<cursor>' : undefined },
          |               ^
      161 |         result: result.result, failure: result.failure, queries: result.queries.length, pid: result.pid }));
      162 |       resolveDone(result);
      163 |     };

      at settleWorker (test/utils/g2-pg17-harness.ts:160:15)
      at ChildProcess.<anonymous> (test/utils/g2-pg17-harness.ts:165:51)

  console.warn
    PG17_PROCESS {"name":"g2p17_7","old":true,"options":{"action":"roster","family":"clients","cursor":"<cursor>","limit":7},"result":{"intent_id":"intent","accounting":{"staged":600,"reconstructed":596,"skipped":8,"failed":21},"persons":[{"id":"1e9c9a79-5fcf-4265-bcd6-dce69089a035","state":"InvitePending","source_platform":"truecoach","source_person_id":"s00028","display_name":"Synthetic 28","created_at":"2026-09-20T18:47:54.186Z","updated_at":"2026-09-20T18:47:54.186Z"},{"id":"87b3734a-6741-4197-bce9-c0128c845f2c","state":"InvitePending","source_platform":"truecoach","source_person_id":"s00029","display_name":"Synthetic 29","created_at":"2026-09-20T18:47:54.188Z","updated_at":"2026-09-20T18:47:54.188Z"},{"id":"8a6aef55-c7ae-4480-81af-2f255c31ed0d","state":"InvitePending","source_platform":"truecoach","source_person_id":"s00030","display_name":"Synthetic 30","created_at":"2026-09-20T18:47:54.189Z","updated_at":"2026-09-20T18:47:54.189Z"},{"id":"80c197a5-4ed6-453f-b463-6f0b83b48271","state":"InvitePending","source_platform":"truecoach","source_person_id":"s00031","display_name":"Synthetic 31","created_at":"2026-09-20T18:47:54.191Z","updated_at":"2026-09-20T18:47:54.191Z"},{"id":"d9177d52-cbbb-49c3-ae20-26ab50543c4c","state":"InvitePending","source_platform":"truecoach","source_person_id":"s00032","display_name":"Synthetic 32","created_at":"2026-09-20T18:47:54.193Z","updated_at":"2026-09-20T18:47:54.193Z"},{"id":"147abd31-1056-4fe5-b57f-ff31b69b67c6","state":"InvitePending","source_platform":"truecoach","source_person_id":"s00033","display_name":"Synthetic 33","created_at":"2026-09-20T18:47:54.194Z","updated_at":"2026-09-20T18:47:54.194Z"},{"id":"76b21561-4d77-4a6b-b271-63f2373c47cc","state":"InvitePending","source_platform":"truecoach","source_person_id":"s00034","display_name":"Synthetic 34","created_at":"2026-09-20T18:47:54.196Z","updated_at":"2026-09-20T18:47:54.196Z"}],"page":{"limit":7,"next_cursor":"czAwMDM0","has_more":true}},"queries":8,"pid":24005}

      158 |       if (code !== 0 || !result) { reject(new Error(`worker exited ${code}: ${output}`)); return; }
      159 |       // Query shapes, outcomes, fixture identifiers and process IDs only; never parameters.
    > 160 |       console.warn('PG17_PROCESS', JSON.stringify({ name, old, options: { ...options, cursor: options.cursor ? '<cursor>' : undefined },
          |               ^
      161 |         result: result.result, failure: result.failure, queries: result.queries.length, pid: result.pid }));
      162 |       resolveDone(result);
      163 |     };

      at settleWorker (test/utils/g2-pg17-harness.ts:160:15)
      at ChildProcess.<anonymous> (test/utils/g2-pg17-harness.ts:165:51)

  console.warn
    PG17_PROCESS {"name":"g2p17_8","old":true,"options":{"action":"roster","family":"clients","cursor":"<cursor>","limit":7},"result":{"intent_id":"intent","accounting":{"staged":600,"reconstructed":596,"skipped":8,"failed":21},"persons":[{"id":"ebe3d97e-a36e-4472-8ddb-581331408684","state":"InvitePending","source_platform":"truecoach","source_person_id":"s00035","display_name":"Synthetic 35","created_at":"2026-09-20T18:47:54.203Z","updated_at":"2026-09-20T18:47:54.203Z"},{"id":"ab3064ed-8176-4ca4-bad1-da103f3f4a39","state":"InvitePending","source_platform":"truecoach","source_person_id":"s00036","display_name":"Synthetic 36","created_at":"2026-09-20T18:47:54.204Z","updated_at":"2026-09-20T18:47:54.204Z"},{"id":"8dd636c8-84b7-4438-a4d0-5ceab3fddd44","state":"InvitePending","source_platform":"truecoach","source_person_id":"s00037","display_name":"Synthetic 37","created_at":"2026-09-20T18:47:54.206Z","updated_at":"2026-09-20T18:47:54.206Z"},{"id":"0af4d75e-6340-411b-993a-f735500013c5","state":"InvitePending","source_platform":"truecoach","source_person_id":"s00038","display_name":"Synthetic 38","created_at":"2026-09-20T18:47:54.207Z","updated_at":"2026-09-20T18:47:54.207Z"},{"id":"aca5d694-6b88-4bca-80f8-bcbd798b099f","state":"InvitePending","source_platform":"truecoach","source_person_id":"s00039","display_name":"Synthetic 39","created_at":"2026-09-20T18:47:54.209Z","updated_at":"2026-09-20T18:47:54.209Z"},{"id":"e9ff8291-f84b-47a6-adeb-2a79de579e06","state":"InvitePending","source_platform":"truecoach","source_person_id":"s00040","display_name":"Synthetic 40","created_at":"2026-09-20T18:47:54.210Z","updated_at":"2026-09-20T18:47:54.210Z"},{"id":"0a098990-f15c-4538-9fa4-a8b21bf86c9f","state":"InvitePending","source_platform":"truecoach","source_person_id":"s00041","display_name":"Synthetic 41","created_at":"2026-09-20T18:47:54.212Z","updated_at":"2026-09-20T18:47:54.212Z"}],"page":{"limit":7,"next_cursor":"czAwMDQx","has_more":true}},"queries":8,"pid":24021}

      158 |       if (code !== 0 || !result) { reject(new Error(`worker exited ${code}: ${output}`)); return; }
      159 |       // Query shapes, outcomes, fixture identifiers and process IDs only; never parameters.
    > 160 |       console.warn('PG17_PROCESS', JSON.stringify({ name, old, options: { ...options, cursor: options.cursor ? '<cursor>' : undefined },
          |               ^
      161 |         result: result.result, failure: result.failure, queries: result.queries.length, pid: result.pid }));
      162 |       resolveDone(result);
      163 |     };

      at settleWorker (test/utils/g2-pg17-harness.ts:160:15)
      at ChildProcess.<anonymous> (test/utils/g2-pg17-harness.ts:165:51)

  console.warn
    PG17_PROCESS {"name":"g2p17_9","old":true,"options":{"action":"roster","family":"clients","cursor":"<cursor>","limit":7},"result":{"intent_id":"intent","accounting":{"staged":600,"reconstructed":596,"skipped":8,"failed":21},"persons":[{"id":"1836caed-f83e-4290-b6d3-0bc4388b5df7","state":"InvitePending","source_platform":"truecoach","source_person_id":"s00042","display_name":"Synthetic 42","created_at":"2026-09-20T18:47:54.213Z","updated_at":"2026-09-20T18:47:54.213Z"},{"id":"0d08efdd-8247-4f87-8284-ae6d48e87afe","state":"InvitePending","source_platform":"truecoach","source_person_id":"s00043","display_name":"Synthetic 43","created_at":"2026-09-20T18:47:54.214Z","updated_at":"2026-09-20T18:47:54.214Z"},{"id":"5d91e22c-8d0d-40c1-929a-eeddddc18eb4","state":"InvitePending","source_platform":"truecoach","source_person_id":"s00044","display_name":"Synthetic 44","created_at":"2026-09-20T18:47:54.216Z","updated_at":"2026-09-20T18:47:54.216Z"},{"id":"7604c3e1-95d9-45c1-aa77-b32d291de6a5","state":"InvitePending","source_platform":"truecoach","source_person_id":"s00045","display_name":"Synthetic 45","created_at":"2026-09-20T18:47:54.217Z","updated_at":"2026-09-20T18:47:54.217Z"},{"id":"01ad2dc4-5b8f-44d8-8bbf-076d03aef9a0","state":"InvitePending","source_platform":"truecoach","source_person_id":"s00046","display_name":"Synthetic 46","created_at":"2026-09-20T18:47:54.219Z","updated_at":"2026-09-20T18:47:54.219Z"},{"id":"c1c01d38-0425-4354-a65d-53dba5da3cc6","state":"InvitePending","source_platform":"truecoach","source_person_id":"s00047","display_name":"Synthetic 47","created_at":"2026-09-20T18:47:54.220Z","updated_at":"2026-09-20T18:47:54.220Z"},{"id":"7ba14b09-16d8-4014-95bf-b7355f3e6168","state":"InvitePending","source_platform":"truecoach","source_person_id":"s00048","display_name":"Synthetic 48","created_at":"2026-09-20T18:47:54.222Z","updated_at":"2026-09-20T18:47:54.222Z"}],"page":{"limit":7,"next_cursor":"czAwMDQ4","has_more":true}},"queries":8,"pid":24037}

      158 |       if (code !== 0 || !result) { reject(new Error(`worker exited ${code}: ${output}`)); return; }
      159 |       // Query shapes, outcomes, fixture identifiers and process IDs only; never parameters.
    > 160 |       console.warn('PG17_PROCESS', JSON.stringify({ name, old, options: { ...options, cursor: options.cursor ? '<cursor>' : undefined },
          |               ^
      161 |         result: result.result, failure: result.failure, queries: result.queries.length, pid: result.pid }));
      162 |       resolveDone(result);
      163 |     };

      at settleWorker (test/utils/g2-pg17-harness.ts:160:15)
      at ChildProcess.<anonymous> (test/utils/g2-pg17-harness.ts:165:51)

  console.warn
    PG17_PROCESS {"name":"g2p17_10","old":true,"options":{"action":"roster","family":"clients","cursor":"<cursor>","limit":7},"result":{"intent_id":"intent","accounting":{"staged":600,"reconstructed":596,"skipped":8,"failed":21},"persons":[{"id":"9de5ea24-7ae5-4544-8ffc-fe52e92402ac","state":"InvitePending","source_platform":"truecoach","source_person_id":"s00049","display_name":"Synthetic 49","created_at":"2026-09-20T18:47:54.224Z","updated_at":"2026-09-20T18:47:54.224Z"},{"id":"fbacc7b5-b45d-44a7-ad5b-0326b201cc0d","state":"InvitePending","source_platform":"truecoach","source_person_id":"s00051","display_name":"Synthetic 51","created_at":"2026-09-20T18:47:54.236Z","updated_at":"2026-09-20T18:47:54.236Z"},{"id":"4f6a7767-9166-4756-af11-a24ffec2a8cc","state":"InvitePending","source_platform":"truecoach","source_person_id":"s00052","display_name":"Synthetic 52","created_at":"2026-09-20T18:47:54.238Z","updated_at":"2026-09-20T18:47:54.238Z"},{"id":"8c268dda-93f0-444e-9266-6256f3352439","state":"InvitePending","source_platform":"truecoach","source_person_id":"s00053","display_name":"Synthetic 53","created_at":"2026-09-20T18:47:54.240Z","updated_at":"2026-09-20T18:47:54.240Z"},{"id":"9fd06c74-574e-47df-a48c-2f8f0929646b","state":"InvitePending","source_platform":"truecoach","source_person_id":"s00054","display_name":"Synthetic 54","created_at":"2026-09-20T18:47:54.241Z","updated_at":"2026-09-20T18:47:54.241Z"},{"id":"d9cce0f9-78c3-42ae-9f6f-ed4a3b6e3288","state":"InvitePending","source_platform":"truecoach","source_person_id":"s00055","display_name":"Synthetic 55","created_at":"2026-09-20T18:47:54.242Z","updated_at":"2026-09-20T18:47:54.242Z"},{"id":"16f0a47d-889e-4888-9c59-ea583e09472f","state":"InvitePending","source_platform":"truecoach","source_person_id":"s00056","display_name":"Synthetic 56","created_at":"2026-09-20T18:47:54.244Z","updated_at":"2026-09-20T18:47:54.244Z"}],"page":{"limit":7,"next_cursor":"czAwMDU2","has_more":true}},"queries":8,"pid":24053}

      158 |       if (code !== 0 || !result) { reject(new Error(`worker exited ${code}: ${output}`)); return; }
      159 |       // Query shapes, outcomes, fixture identifiers and process IDs only; never parameters.
    > 160 |       console.warn('PG17_PROCESS', JSON.stringify({ name, old, options: { ...options, cursor: options.cursor ? '<cursor>' : undefined },
          |               ^
      161 |         result: result.result, failure: result.failure, queries: result.queries.length, pid: result.pid }));
      162 |       resolveDone(result);
      163 |     };

      at settleWorker (test/utils/g2-pg17-harness.ts:160:15)
      at ChildProcess.<anonymous> (test/utils/g2-pg17-harness.ts:165:51)

  console.warn
    PG17_PROCESS {"name":"g2p17_11","old":true,"options":{"action":"roster","family":"clients","cursor":"<cursor>","limit":7},"result":{"intent_id":"intent","accounting":{"staged":600,"reconstructed":596,"skipped":8,"failed":21},"persons":[{"id":"74a95cf6-34df-423f-8155-35b73fd08d87","state":"InvitePending","source_platform":"truecoach","source_person_id":"s00057","display_name":"Synthetic 57","created_at":"2026-09-20T18:47:54.245Z","updated_at":"2026-09-20T18:47:54.245Z"},{"id":"0411fb54-3a3a-4515-899c-6222d8739b73","state":"InvitePending","source_platform":"truecoach","source_person_id":"s00058","display_name":"Synthetic 58","created_at":"2026-09-20T18:47:54.247Z","updated_at":"2026-09-20T18:47:54.247Z"},{"id":"25c6c76f-ae19-406a-8133-cb9bf8cdb8f2","state":"InvitePending","source_platform":"truecoach","source_person_id":"s00059","display_name":"Synthetic 59","created_at":"2026-09-20T18:47:54.248Z","updated_at":"2026-09-20T18:47:54.248Z"},{"id":"f96477d8-417f-4bc8-9256-ce9e44138170","state":"InvitePending","source_platform":"truecoach","source_person_id":"s00060","display_name":"Synthetic 60","created_at":"2026-09-20T18:47:54.249Z","updated_at":"2026-09-20T18:47:54.249Z"},{"id":"b62680f9-ef14-464d-a193-ecd09a72cab5","state":"InvitePending","source_platform":"truecoach","source_person_id":"s00061","display_name":"Synthetic 61","created_at":"2026-09-20T18:47:54.251Z","updated_at":"2026-09-20T18:47:54.251Z"},{"id":"abd257b4-5e4a-47df-b5a7-0775d076563a","state":"InvitePending","source_platform":"truecoach","source_person_id":"s00062","display_name":"Synthetic 62","created_at":"2026-09-20T18:47:54.252Z","updated_at":"2026-09-20T18:47:54.252Z"},{"id":"bacab913-7097-4cdb-ac56-97e235458d22","state":"InvitePending","source_platform":"truecoach","source_person_id":"s00063","display_name":"Synthetic 63","created_at":"2026-09-20T18:47:54.254Z","updated_at":"2026-09-20T18:47:54.254Z"}],"page":{"limit":7,"next_cursor":"czAwMDYz","has_more":true}},"queries":8,"pid":24069}

      158 |       if (code !== 0 || !result) { reject(new Error(`worker exited ${code}: ${output}`)); return; }
      159 |       // Query shapes, outcomes, fixture identifiers and process IDs only; never parameters.
    > 160 |       console.warn('PG17_PROCESS', JSON.stringify({ name, old, options: { ...options, cursor: options.cursor ? '<cursor>' : undefined },
          |               ^
      161 |         result: result.result, failure: result.failure, queries: result.queries.length, pid: result.pid }));
      162 |       resolveDone(result);
      163 |     };

      at settleWorker (test/utils/g2-pg17-harness.ts:160:15)
      at ChildProcess.<anonymous> (test/utils/g2-pg17-harness.ts:165:51)

  console.warn
    PG17_PROCESS {"name":"g2p17_12","old":true,"options":{"action":"roster","limit":200},"result":{"intent_id":"intent","accounting":{"staged":600,"reconstructed":596,"skipped":8,"failed":21},"persons":[{"id":"1c7b7191-580d-4c5a-8104-b85b5c9c228e","state":"InvitePending","source_platform":"truecoach","source_person_id":"s00001","display_name":"Synthetic 1","created_at":"2026-09-20T18:47:54.136Z","updated_at":"2026-09-20T18:47:54.136Z"},{"id":"21f577c2-d423-489f-a036-a4c968a292e7","state":"InvitePending","source_platform":"truecoach","source_person_id":"s00002","display_name":"Synthetic 2","created_at":"2026-09-20T18:47:54.139Z","updated_at":"2026-09-20T18:47:54.139Z"},{"id":"d89dc0ef-d1f0-4def-8628-5260801da2be","state":"InvitePending","source_platform":"truecoach","source_person_id":"s00003","display_name":"Synthetic 3","created_at":"2026-09-20T18:47:54.142Z","updated_at":"2026-09-20T18:47:54.142Z"},{"id":"3c4bf505-5f4a-4a94-8d84-13c5e7c3d6e9","state":"InvitePending","source_platform":"truecoach","source_person_id":"s00004","display_name":"Synthetic 4","created_at":"2026-09-20T18:47:54.144Z","updated_at":"2026-09-20T18:47:54.144Z"},{"id":"9fb0981b-8943-4d67-90e7-a552c7ff4a4b","state":"InvitePending","source_platform":"truecoach","source_person_id":"s00005","display_name":"Synthetic 5","created_at":"2026-09-20T18:47:54.146Z","updated_at":"2026-09-20T18:47:54.146Z"},{"id":"52fd97d4-55b9-4393-a394-164d64f3ab45","state":"InvitePending","source_platform":"truecoach","source_person_id":"s00006","display_name":"Synthetic 6","created_at":"2026-09-20T18:47:54.148Z","updated_at":"2026-09-20T18:47:54.148Z"},{"id":"abd9e1da-f930-4b7b-8d5d-47ba0a78ec4a","state":"InvitePending","source_platform":"truecoach","source_person_id":"s00007","display_name":"Synthetic 7","created_at":"2026-09-20T18:47:54.150Z","updated_at":"2026-09-20T18:47:54.150Z"},{"id":"30a9667c-3cd8-4cab-887a-0abf94977e53","state":"InvitePending","source_platform":"truecoach","source_person_id":"s00008","display_name":"Synthetic 8","created_at":"2026-09-20T18:47:54.151Z","updated_at":"2026-09-20T18:47:54.151Z"},{"id":"54afe5ca-8c18-4464-b95f-7378047d05df","state":"InvitePending","source_platform":"truecoach","source_person_id":"s00009","display_name":"Synthetic 9","created_at":"2026-09-20T18:47:54.153Z","updated_at":"2026-09-20T18:47:54.153Z"},{"id":"d341e7f9-3b29-4830-a552-1752bed5fa47","state":"InvitePending","source_platform":"truecoach","source_person_id":"s00010","display_name":"Synthetic 10","created_at":"2026-09-20T18:47:54.155Z","updated_at":"2026-09-20T18:47:54.155Z"},{"id":"59d2cef1-344b-4d6c-9d3c-3e3b8e23cf39","state":"InvitePending","source_platform":"truecoach","source_person_id":"s00011","display_name":"Synthetic 11","created_at":"2026-09-20T18:47:54.156Z","updated_at":"2026-09-20T18:47:54.156Z"},{"id":"de6a921b-5ae5-4925-9815-97a08149ff5a","state":"InvitePending","source_platform":"truecoach","source_person_id":"s00012","display_name":"Synthetic 12","created_at":"2026-09-20T18:47:54.159Z","updated_at":"2026-09-20T18:47:54.159Z"},{"id":"6ce97681-8b95-4e6f-ae21-ced5e856e5df","state":"InvitePending","source_platform":"truecoach","source_person_id":"s00013","display_name":"Synthetic 13","created_at":"2026-09-20T18:47:54.162Z","updated_at":"2026-09-20T18:47:54.162Z"},{"id":"d813c1cf-434d-4212-af5c-b1eb7719cffc","state":"InvitePending","source_platform":"truecoach","source_person_id":"s00014","display_name":"Synthetic 14","created_at":"2026-09-20T18:47:54.163Z","updated_at":"2026-09-20T18:47:54.163Z"},{"id":"77f9464d-cd57-43ce-ad37-57b3ee9ac0c0","state":"InvitePending","source_platform":"truecoach","source_person_id":"s00015","display_name":"Synthetic 15","created_at":"2026-09-20T18:47:54.165Z","updated_at":"2026-09-20T18:47:54.165Z"},{"id":"7a7282d4-3a08-4f8d-8eaa-52de25f62cca","state":"InvitePending","source_platform":"truecoach","source_person_id":"s00016","display_name":"Synthetic 16","created_at":"2026-09-20T18:47:54.167Z","updated_at":"2026-09-20T18:47:54.167Z"},{"id":"7df29bfc-5480-482a-bd2e-6b01e63a082e","state":"InvitePending","source_platform":"truecoach","source_person_id":"s00017","display_name":"Synthetic 17","created_at":"2026-09-20T18:47:54.169Z","updated_at":"2026-09-20T18:47:54.169Z"},{"id":"b040093a-ec16-41d8-9fda-85353774c309","state":"InvitePending","source_platform":"truecoach","source_person_id":"s00018","display_name":"Synthetic 18","created_at":"2026-09-20T18:47:54.170Z","updated_at":"2026-09-20T18:47:54.170Z"},{"id":"891fa303-f5af-408a-ad7e-33c367ccd12f","state":"InvitePending","source_platform":"truecoach","source_person_id":"s00019","display_name":"Synthetic 19","created_at":"2026-09-20T18:47:54.172Z","updated_at":"2026-09-20T18:47:54.172Z"},{"id":"8ed5fa59-bae9-4ad8-abd9-4c9c7a790edc","state":"InvitePending","source_platform":"truecoach","source_person_id":"s00020","display_name":"Synthetic 20","created_at":"2026-09-20T18:47:54.173Z","updated_at":"2026-09-20T18:47:54.173Z"},{"id":"63802d88-eb34-496f-a45a-8c6605ac4054","state":"InvitePending","source_platform":"truecoach","source_person_id":"s00021","display_name":"Synthetic 21","created_at":"2026-09-20T18:47:54.175Z","updated_at":"2026-09-20T18:47:54.175Z"},{"id":"13f29592-f920-47d1-9c96-2595bbf8d758","state":"InvitePending","source_platform":"truecoach","source_person_id":"s00022","display_name":"Synthetic 22","created_at":"2026-09-20T18:47:54.177Z","updated_at":"2026-09-20T18:47:54.177Z"},{"id":"a01d3830-0639-4b3c-a5dd-22fd46e17a86","state":"InvitePending","source_platform":"truecoach","source_person_id":"s00023","display_name":"Synthetic 23","created_at":"2026-09-20T18:47:54.178Z","updated_at":"2026-09-20T18:47:54.178Z"},{"id":"191d8e53-8893-4e7b-a1bf-c3626d77f4c3","state":"InvitePending","source_platform":"truecoach","source_person_id":"s00024","display_name":"Synthetic 24","created_at":"2026-09-20T18:47:54.180Z","updated_at":"2026-09-20T18:47:54.180Z"},{"id":"c90416c1-3a39-4fcb-a2ba-e8710beed87a","state":"InvitePending","source_platform":"truecoach","source_person_id":"s00025","display_name":"Synthetic 25","created_at":"2026-09-20T18:47:54.181Z","updated_at":"2026-09-20T18:47:54.181Z"},{"id":"44dc02e4-b016-42f8-aa2f-52ea04c21593","state":"InvitePending","source_platform":"truecoach","source_person_id":"s00026","display_name":"Synthetic 26","created_at":"2026-09-20T18:47:54.183Z","updated_at":"2026-09-20T18:47:54.183Z"},{"id":"8c56f5d2-daaf-4535-a96d-54271839ac87","state":"InvitePending","source_platform":"truecoach","source_person_id":"s00027","display_name":"Synthetic 27","created_at":"2026-09-20T18:47:54.185Z","updated_at":"2026-09-20T18:47:54.185Z"},{"id":"1e9c9a79-5fcf-4265-bcd6-dce69089a035","state":"InvitePending","source_platform":"truecoach","source_person_id":"s00028","display_name":"Synthetic 28","created_at":"2026-09-20T18:47:54.186Z","updated_at":"2026-09-20T18:47:54.186Z"},{"id":"87b3734a-6741-4197-bce9-c0128c845f2c","state":"InvitePending","source_platform":"truecoach","source_person_id":"s00029","display_name":"Synthetic 29","created_at":"2026-09-20T18:47:54.188Z","updated_at":"2026-09-20T18:47:54.188Z"},{"id":"8a6aef55-c7ae-4480-81af-2f255c31ed0d","state":"InvitePending","source_platform":"truecoach","source_person_id":"s00030","display_name":"Synthetic 30","created_at":"2026-09-20T18:47:54.189Z","updated_at":"2026-09-20T18:47:54.189Z"},{"id":"80c197a5-4ed6-453f-b463-6f0b83b48271","state":"InvitePending","source_platform":"truecoach","source_person_id":"s00031","display_name":"Synthetic 31","created_at":"2026-09-20T18:47:54.191Z","updated_at":"2026-09-20T18:47:54.191Z"},{"id":"d9177d52-cbbb-49c3-ae20-26ab50543c4c","state":"InvitePending","source_platform":"truecoach","source_person_id":"s00032","display_name":"Synthetic 32","created_at":"2026-09-20T18:47:54.193Z","updated_at":"2026-09-20T18:47:54.193Z"},{"id":"147abd31-1056-4fe5-b57f-ff31b69b67c6","state":"InvitePending","source_platform":"truecoach","source_person_id":"s00033","display_name":"Synthetic 33","created_at":"2026-09-20T18:47:54.194Z","updated_at":"2026-09-20T18:47:54.194Z"},{"id":"76b21561-4d77-4a6b-b271-63f2373c47cc","state":"InvitePending","source_platform":"truecoach","source_person_id":"s00034","display_name":"Synthetic 34","created_at":"2026-09-20T18:47:54.196Z","updated_at":"2026-09-20T18:47:54.196Z"},{"id":"ebe3d97e-a36e-4472-8ddb-581331408684","state":"InvitePending","source_platform":"truecoach","source_person_id":"s00035","display_name":"Synthetic 35","created_at":"2026-09-20T18:47:54.203Z","updated_at":"2026-09-20T18:47:54.203Z"},{"id":"ab3064ed-8176-4ca4-bad1-da103f3f4a39","state":"InvitePending","source_platform":"truecoach","source_person_id":"s00036","display_name":"Synthetic 36","created_at":"2026-09-20T18:47:54.204Z","updated_at":"2026-09-20T18:47:54.204Z"},{"id":"8dd636c8-84b7-4438-a4d0-5ceab3fddd44","state":"InvitePending","source_platform":"truecoach","source_person_id":"s00037","display_name":"Synthetic 37","created_at":"2026-09-20T18:47:54.206Z","updated_at":"2026-09-20T18:47:54.206Z"},{"id":"0af4d75e-6340-411b-993a-f735500013c5","state":"InvitePending","source_platform":"truecoach","source_person_id":"s00038","display_name":"Synthetic 38","created_at":"2026-09-20T18:47:54.207Z","updated_at":"2026-09-20T18:47:54.207Z"},{"id":"aca5d694-6b88-4bca-80f8-bcbd798b099f","state":"InvitePending","source_platform":"truecoach","source_person_id":"s00039","display_name":"Synthetic 39","created_at":"2026-09-20T18:47:54.209Z","updated_at":"2026-09-20T18:47:54.209Z"},{"id":"e9ff8291-f84b-47a6-adeb-2a79de579e06","state":"InvitePending","source_platform":"truecoach","source_person_id":"s00040","display_name":"Synthetic 40","created_at":"2026-09-20T18:47:54.210Z","updated_at":"2026-09-20T18:47:54.210Z"},{"id":"0a098990-f15c-4538-9fa4-a8b21bf86c9f","state":"InvitePending","source_platform":"truecoach","source_person_id":"s00041","display_name":"Synthetic 41","created_at":"2026-09-20T18:47:54.212Z","updated_at":"2026-09-20T18:47:54.212Z"},{"id":"1836caed-f83e-4290-b6d3-0bc4388b5df7","state":"InvitePending","source_platform":"truecoach","source_person_id":"s00042","display_name":"Synthetic 42","created_at":"2026-09-20T18:47:54.213Z","updated_at":"2026-09-20T18:47:54.213Z"},{"id":"0d08efdd-8247-4f87-8284-ae6d48e87afe","state":"InvitePending","source_platform":"truecoach","source_person_id":"s00043","display_name":"Synthetic 43","created_at":"2026-09-20T18:47:54.214Z","updated_at":"2026-09-20T18:47:54.214Z"},{"id":"5d91e22c-8d0d-40c1-929a-eeddddc18eb4","state":"InvitePending","source_platform":"truecoach","source_person_id":"s00044","display_name":"Synthetic 44","created_at":"2026-09-20T18:47:54.216Z","updated_at":"2026-09-20T18:47:54.216Z"},{"id":"7604c3e1-95d9-45c1-aa77-b32d291de6a5","state":"InvitePending","source_platform":"truecoach","source_person_id":"s00045","display_name":"Synthetic 45","created_at":"2026-09-20T18:47:54.217Z","updated_at":"2026-09-20T18:47:54.217Z"},{"id":"01ad2dc4-5b8f-44d8-8bbf-076d03aef9a0","state":"InvitePending","source_platform":"truecoach","source_person_id":"s00046","display_name":"Synthetic 46","created_at":"2026-09-20T18:47:54.219Z","updated_at":"2026-09-20T18:47:54.219Z"},{"id":"c1c01d38-0425-4354-a65d-53dba5da3cc6","state":"InvitePending","source_platform":"truecoach","source_person_id":"s00047","display_name":"Synthetic 47","created_at":"2026-09-20T18:47:54.220Z","updated_at":"2026-09-20T18:47:54.220Z"},{"id":"7ba14b09-16d8-4014-95bf-b7355f3e6168","state":"InvitePending","source_platform":"truecoach","source_person_id":"s00048","display_name":"Synthetic 48","created_at":"2026-09-20T18:47:54.222Z","updated_at":"2026-09-20T18:47:54.222Z"},{"id":"9de5ea24-7ae5-4544-8ffc-fe52e92402ac","state":"InvitePending","source_platform":"truecoach","source_person_id":"s00049","display_name":"Synthetic 49","created_at":"2026-09-20T18:47:54.224Z","updated_at":"2026-09-20T18:47:54.224Z"},{"id":"fbacc7b5-b45d-44a7-ad5b-0326b201cc0d","state":"InvitePending","source_platform":"truecoach","source_person_id":"s00051","display_name":"Synthetic 51","created_at":"2026-09-20T18:47:54.236Z","updated_at":"2026-09-20T18:47:54.236Z"},{"id":"4f6a7767-9166-4756-af11-a24ffec2a8cc","state":"InvitePending","source_platform":"truecoach","source_person_id":"s00052","display_name":"Synthetic 52","created_at":"2026-09-20T18:47:54.238Z","updated_at":"2026-09-20T18:47:54.238Z"},{"id":"8c268dda-93f0-444e-9266-6256f3352439","state":"InvitePending","source_platform":"truecoach","source_person_id":"s00053","display_name":"Synthetic 53","created_at":"2026-09-20T18:47:54.240Z","updated_at":"2026-09-20T18:47:54.240Z"},{"id":"9fd06c74-574e-47df-a48c-2f8f0929646b","state":"InvitePending","source_platform":"truecoach","source_person_id":"s00054","display_name":"Synthetic 54","created_at":"2026-09-20T18:47:54.241Z","updated_at":"2026-09-20T18:47:54.241Z"},{"id":"d9cce0f9-78c3-42ae-9f6f-ed4a3b6e3288","state":"InvitePending","source_platform":"truecoach","source_person_id":"s00055","display_name":"Synthetic 55","created_at":"2026-09-20T18:47:54.242Z","updated_at":"2026-09-20T18:47:54.242Z"},{"id":"16f0a47d-889e-4888-9c59-ea583e09472f","state":"InvitePending","source_platform":"truecoach","source_person_id":"s00056","display_name":"Synthetic 56","created_at":"2026-09-20T18:47:54.244Z","updated_at":"2026-09-20T18:47:54.244Z"},{"id":"74a95cf6-34df-423f-8155-35b73fd08d87","state":"InvitePending","source_platform":"truecoach","source_person_id":"s00057","display_name":"Synthetic 57","created_at":"2026-09-20T18:47:54.245Z","updated_at":"2026-09-20T18:47:54.245Z"},{"id":"0411fb54-3a3a-4515-899c-6222d8739b73","state":"InvitePending","source_platform":"truecoach","source_person_id":"s00058","display_name":"Synthetic 58","created_at":"2026-09-20T18:47:54.247Z","updated_at":"2026-09-20T18:47:54.247Z"},{"id":"25c6c76f-ae19-406a-8133-cb9bf8cdb8f2","state":"InvitePending","source_platform":"truecoach","source_person_id":"s00059","display_name":"Synthetic 59","created_at":"2026-09-20T18:47:54.248Z","updated_at":"2026-09-20T18:47:54.248Z"},{"id":"f96477d8-417f-4bc8-9256-ce9e44138170","state":"InvitePending","source_platform":"truecoach","source_person_id":"s00060","display_name":"Synthetic 60","created_at":"2026-09-20T18:47:54.249Z","updated_at":"2026-09-20T18:47:54.249Z"},{"id":"b62680f9-ef14-464d-a193-ecd09a72cab5","state":"InvitePending","source_platform":"truecoach","source_person_id":"s00061","display_name":"Synthetic 61","created_at":"2026-09-20T18:47:54.251Z","updated_at":"2026-09-20T18:47:54.251Z"},{"id":"abd257b4-5e4a-47df-b5a7-0775d076563a","state":"InvitePending","source_platform":"truecoach","source_person_id":"s00062","display_name":"Synthetic 62","created_at":"2026-09-20T18:47:54.252Z","updated_at":"2026-09-20T18:47:54.252Z"},{"id":"bacab913-7097-4cdb-ac56-97e235458d22","state":"InvitePending","source_platform":"truecoach","source_person_id":"s00063","display_name":"Synthetic 63","created_at":"2026-09-20T18:47:54.254Z","updated_at":"2026-09-20T18:47:54.254Z"},{"id":"d75bb01c-aa82-4ed2-acfd-b0b52df99357","state":"InvitePending","source_platform":"truecoach","source_person_id":"s00064","display_name":"Synthetic 64","created_at":"2026-09-20T18:47:54.255Z","updated_at":"2026-09-20T18:47:54.255Z"},{"id":"a16627a9-e20f-46ce-9e9f-6f71fb80e4aa","state":"InvitePending","source_platform":"truecoach","source_person_id":"s00065","display_name":"Synthetic 65","created_at":"2026-09-20T18:47:54.256Z","updated_at":"2026-09-20T18:47:54.256Z"},{"id":"548bc76b-70e2-4d7c-923e-52f6d77948ad","state":"InvitePending","source_platform":"truecoach","source_person_id":"s00066","display_name":"Synthetic 66","created_at":"2026-09-20T18:47:54.258Z","updated_at":"2026-09-20T18:47:54.258Z"},{"id":"9d69eaf7-1803-4658-b8d0-fd96d769c4aa","state":"InvitePending","source_platform":"truecoach","source_person_id":"s00067","display_name":"Synthetic 67","created_at":"2026-09-20T18:47:54.259Z","updated_at":"2026-09-20T18:47:54.259Z"},{"id":"6270ccb9-52cf-4683-8268-3376678c6346","state":"InvitePending","source_platform":"truecoach","source_person_id":"s00068","display_name":"Synthetic 68","created_at":"2026-09-20T18:47:54.261Z","updated_at":"2026-09-20T18:47:54.261Z"},{"id":"e8b6f336-277b-480b-ac09-541578bd3bd9","state":"InvitePending","source_platform":"truecoach","source_person_id":"s00069","display_name":"Synthetic 69","created_at":"2026-09-20T18:47:54.262Z","updated_at":"2026-09-20T18:47:54.262Z"},{"id":"456af51b-a5e1-4d17-bd5c-73308b9b34f8","state":"InvitePending","source_platform":"truecoach","source_person_id":"s00070","display_name":"Synthetic 70","created_at":"2026-09-20T18:47:54.264Z","updated_at":"2026-09-20T18:47:54.264Z"},{"id":"4f100157-95f2-4fa3-b721-d52fc7c27a62","state":"InvitePending","source_platform":"truecoach","source_person_id":"s00071","display_name":"Synthetic 71","created_at":"2026-09-20T18:47:54.265Z","updated_at":"2026-09-20T18:47:54.265Z"},{"id":"eecd50e3-45e5-444b-bbac-58f5d5180397","state":"InvitePending","source_platform":"truecoach","source_person_id":"s00072","display_name":"Synthetic 72","created_at":"2026-09-20T18:47:54.267Z","updated_at":"2026-09-20T18:47:54.267Z"},{"id":"9843b2a0-d022-45d6-9f33-25f1d7779e9e","state":"InvitePending","source_platform":"truecoach","source_person_id":"s00073","display_name":"Synthetic 73","created_at":"2026-09-20T18:47:54.269Z","updated_at":"2026-09-20T18:47:54.269Z"},{"id":"7c933949-e2c6-4ac5-8247-dc84fbd1f8ff","state":"InvitePending","source_platform":"truecoach","source_person_id":"s00074","display_name":"Synthetic 74","created_at":"2026-09-20T18:47:54.270Z","updated_at":"2026-09-20T18:47:54.270Z"},{"id":"f6603bdd-ea79-4503-a666-e11104c24c4e","state":"InvitePending","source_platform":"truecoach","source_person_id":"s00075","display_name":"Synthetic 75","created_at":"2026-09-20T18:47:54.272Z","updated_at":"2026-09-20T18:47:54.272Z"},{"id":"176614ba-ddb2-4dce-b556-14e36fc99b42","state":"InvitePending","source_platform":"truecoach","source_person_id":"s00076","display_name":"Synthetic 76","created_at":"2026-09-20T18:47:54.273Z","updated_at":"2026-09-20T18:47:54.273Z"},{"id":"4f050bdf-853c-46cb-9501-adb4dac65445","state":"InvitePending","source_platform":"truecoach","source_person_id":"s00077","display_name":"Synthetic 77","created_at":"2026-09-20T18:47:54.274Z","updated_at":"2026-09-20T18:47:54.274Z"},{"id":"61875df7-69ed-4463-b784-d0efc4e39f01","state":"InvitePending","source_platform":"truecoach","source_person_id":"s00078","display_name":"Synthetic 78","created_at":"2026-09-20T18:47:54.276Z","updated_at":"2026-09-20T18:47:54.276Z"},{"id":"9c71a382-cb0b-4653-b305-e677b8bc69fe","state":"InvitePending","source_platform":"truecoach","source_person_id":"s00079","display_name":"Synthetic 79","created_at":"2026-09-20T18:47:54.277Z","updated_at":"2026-09-20T18:47:54.277Z"},{"id":"84ae6895-810c-4108-81f4-43f119e01572","state":"InvitePending","source_platform":"truecoach","source_person_id":"s00080","display_name":"Synthetic 80","created_at":"2026-09-20T18:47:54.279Z","updated_at":"2026-09-20T18:47:54.279Z"},{"id":"e242957c-80e7-45f8-9c1b-2431f9c59096","state":"InvitePending","source_platform":"truecoach","source_person_id":"s00081","display_name":"Synthetic 81","created_at":"2026-09-20T18:47:54.280Z","updated_at":"2026-09-20T18:47:54.280Z"},{"id":"5d971829-c253-4dc5-9ad3-721dd7b09a98","state":"InvitePending","source_platform":"truecoach","source_person_id":"s00082","display_name":"Synthetic 82","created_at":"2026-09-20T18:47:54.281Z","updated_at":"2026-09-20T18:47:54.281Z"},{"id":"3683632d-4a26-4140-a0b0-bda0484a1953","state":"InvitePending","source_platform":"truecoach","source_person_id":"s00083","display_name":"Synthetic 83","created_at":"2026-09-20T18:47:54.283Z","updated_at":"2026-09-20T18:47:54.283Z"},{"id":"af2a3c6e-6e20-445d-bcdb-45bbf5adc5dc","state":"InvitePending","source_platform":"truecoach","source_person_id":"s00084","display_name":"Synthetic 84","created_at":"2026-09-20T18:47:54.284Z","updated_at":"2026-09-20T18:47:54.284Z"},{"id":"76b6cfdf-a16d-4c17-b640-d02070b95857","state":"InvitePending","source_platform":"truecoach","source_person_id":"s00085","display_name":"Synthetic 85","created_at":"2026-09-20T18:47:54.286Z","updated_at":"2026-09-20T18:47:54.286Z"},{"id":"72883848-1de2-443b-ad8c-89ac6c2cfc40","state":"InvitePending","source_platform":"truecoach","source_person_id":"s00086","display_name":"Synthetic 86","created_at":"2026-09-20T18:47:54.287Z","updated_at":"2026-09-20T18:47:54.287Z"},{"id":"ecfe19ee-1f8a-455d-b0ef-1992c73d098a","state":"InvitePending","source_platform":"truecoach","source_person_id":"s00087","display_name":"Synthetic 87","created_at":"2026-09-20T18:47:54.288Z","updated_at":"2026-09-20T18:47:54.288Z"},{"id":"4b1918ab-c870-49b0-a24f-8b5327d32217","state":"InvitePending","source_platform":"truecoach","source_person_id":"s00088","display_name":"Synthetic 88","created_at":"2026-09-20T18:47:54.290Z","updated_at":"2026-09-20T18:47:54.290Z"},{"id":"eff08290-fe4b-49b9-8a17-ff5562b51989","state":"InvitePending","source_platform":"truecoach","source_person_id":"s00089","display_name":"Synthetic 89","created_at":"2026-09-20T18:47:54.297Z","updated_at":"2026-09-20T18:47:54.297Z"},{"id":"cce67c5c-659f-4e5d-8c06-6990eca4d582","state":"InvitePending","source_platform":"truecoach","source_person_id":"s00090","display_name":"Synthetic 90","created_at":"2026-09-20T18:47:54.298Z","updated_at":"2026-09-20T18:47:54.298Z"},{"id":"0a04ec25-70de-4f8f-a7d3-7f60e59195e1","state":"InvitePending","source_platform":"truecoach","source_person_id":"s00091","display_name":"Synthetic 91","created_at":"2026-09-20T18:47:54.300Z","updated_at":"2026-09-20T18:47:54.300Z"},{"id":"526c7ad4-31f5-4cca-bdc9-665adea5d263","state":"InvitePending","source_platform":"truecoach","source_person_id":"s00092","display_name":"Synthetic 92","created_at":"2026-09-20T18:47:54.301Z","updated_at":"2026-09-20T18:47:54.301Z"},{"id":"70d8fa30-2e35-4d4f-b84c-013ed15d101d","state":"InvitePending","source_platform":"truecoach","source_person_id":"s00093","display_name":"Synthetic 93","created_at":"2026-09-20T18:47:54.303Z","updated_at":"2026-09-20T18:47:54.303Z"},{"id":"48f5d0e3-7ef2-4d2e-8385-5418b3d6939d","state":"InvitePending","source_platform":"truecoach","source_person_id":"s00094","display_name":"Synthetic 94","created_at":"2026-09-20T18:47:54.304Z","updated_at":"2026-09-20T18:47:54.304Z"},{"id":"754731bf-ba6f-4476-8ee1-f0a6cfaf88b9","state":"InvitePending","source_platform":"truecoach","source_person_id":"s00095","display_name":"Synthetic 95","created_at":"2026-09-20T18:47:54.306Z","updated_at":"2026-09-20T18:47:54.306Z"},{"id":"15118851-c8bd-4986-b987-a71ce24654c3","state":"InvitePending","source_platform":"truecoach","source_person_id":"s00096","display_name":"Synthetic 96","created_at":"2026-09-20T18:47:54.307Z","updated_at":"2026-09-20T18:47:54.307Z"},{"id":"dc221972-65d8-4da7-aeba-b912423707b8","state":"InvitePending","source_platform":"truecoach","source_person_id":"s00097","display_name":"Synthetic 97","created_at":"2026-09-20T18:47:54.308Z","updated_at":"2026-09-20T18:47:54.308Z"},{"id":"eae831f4-b54b-4eb1-baf8-1ded52c464ba","state":"InvitePending","source_platform":"truecoach","source_person_id":"s00098","display_name":"Synthetic 98","created_at":"2026-09-20T18:47:54.310Z","updated_at":"2026-09-20T18:47:54.310Z"},{"id":"6a6349a9-8588-4cd7-bc32-779eb05f0d0a","state":"InvitePending","source_platform":"truecoach","source_person_id":"s00099","display_name":"Synthetic 99","created_at":"2026-09-20T18:47:54.311Z","updated_at":"2026-09-20T18:47:54.311Z"},{"id":"523ab200-0ece-4e2d-9b93-f807f758e99c","state":"InvitePending","source_platform":"truecoach","source_person_id":"s00101","display_name":"Synthetic 101","created_at":"2026-09-20T18:47:54.315Z","updated_at":"2026-09-20T18:47:54.315Z"},{"id":"ea7786dd-9b84-46c5-a786-b9537176ccbc","state":"InvitePending","source_platform":"truecoach","source_person_id":"s00102","display_name":"Synthetic 102","created_at":"2026-09-20T18:47:54.317Z","updated_at":"2026-09-20T18:47:54.317Z"},{"id":"1801a4c8-5859-47d3-8525-ed4a33a5ddf8","state":"InvitePending","source_platform":"truecoach","source_person_id":"s00103","display_name":"Synthetic 103","created_at":"2026-09-20T18:47:54.318Z","updated_at":"2026-09-20T18:47:54.318Z"},{"id":"74f2bbc8-495e-4022-8a69-37ecaeda521a","state":"InvitePending","source_platform":"truecoach","source_person_id":"s00104","display_name":"Synthetic 104","created_at":"2026-09-20T18:47:54.319Z","updated_at":"2026-09-20T18:47:54.319Z"},{"id":"62d9dc4c-36cd-4504-981a-d6c3892f6b0d","state":"InvitePending","source_platform":"truecoach","source_person_id":"s00105","display_name":"Synthetic 105","created_at":"2026-09-20T18:47:54.321Z","updated_at":"2026-09-20T18:47:54.321Z"},{"id":"b0d23fb9-dfe5-451d-a9c8-9b2b726ac0e9","state":"InvitePending","source_platform":"truecoach","source_person_id":"s00106","display_name":"Synthetic 106","created_at":"2026-09-20T18:47:54.322Z","updated_at":"2026-09-20T18:47:54.322Z"},{"id":"573236b3-6e59-4a27-b6eb-2f6bb4b43e59","state":"InvitePending","source_platform":"truecoach","source_person_id":"s00107","display_name":"Synthetic 107","created_at":"2026-09-20T18:47:54.324Z","updated_at":"2026-09-20T18:47:54.324Z"},{"id":"cadbdbde-d265-4117-9c49-e500721032cf","state":"InvitePending","source_platform":"truecoach","source_person_id":"s00108","display_name":"Synthetic 108","created_at":"2026-09-20T18:47:54.325Z","updated_at":"2026-09-20T18:47:54.325Z"},{"id":"baecbe3d-1f14-4d97-b615-a64e996d5576","state":"InvitePending","source_platform":"truecoach","source_person_id":"s00109","display_name":"Synthetic 109","created_at":"2026-09-20T18:47:54.326Z","updated_at":"2026-09-20T18:47:54.326Z"},{"id":"f5b14817-ff23-47fa-9316-1d2d5143eea0","state":"InvitePending","source_platform":"truecoach","source_person_id":"s00110","display_name":"Synthetic 110","created_at":"2026-09-20T18:47:54.328Z","updated_at":"2026-09-20T18:47:54.328Z"},{"id":"1e0c4af0-805c-4193-bfef-240273adfdd0","state":"InvitePending","source_platform":"truecoach","source_person_id":"s00111","display_name":"Synthetic 111","created_at":"2026-09-20T18:47:54.329Z","updated_at":"2026-09-20T18:47:54.329Z"},{"id":"e9fac01f-d2d6-4b42-8eeb-aa47250d3050","state":"InvitePending","source_platform":"truecoach","source_person_id":"s00112","display_name":"Synthetic 112","created_at":"2026-09-20T18:47:54.333Z","updated_at":"2026-09-20T18:47:54.333Z"},{"id":"5432660f-fd53-44ad-90a8-891d528d6e80","state":"InvitePending","source_platform":"truecoach","source_person_id":"s00113","display_name":"Synthetic 113","created_at":"2026-09-20T18:47:54.335Z","updated_at":"2026-09-20T18:47:54.335Z"},{"id":"f5faab46-ed01-4d0a-b0b1-7782ac13e0c7","state":"InvitePending","source_platform":"truecoach","source_person_id":"s00114","display_name":"Synthetic 114","created_at":"2026-09-20T18:47:54.336Z","updated_at":"2026-09-20T18:47:54.336Z"},{"id":"421845f3-80c6-4f1a-b8d6-0d33449fa6de","state":"InvitePending","source_platform":"truecoach","source_person_id":"s00115","display_name":"Synthetic 115","created_at":"2026-09-20T18:47:54.338Z","updated_at":"2026-09-20T18:47:54.338Z"},{"id":"b82c11fe-8333-4e7a-abc9-9489ba8df4fe","state":"InvitePending","source_platform":"truecoach","source_person_id":"s00116","display_name":"Synthetic 116","created_at":"2026-09-20T18:47:54.339Z","updated_at":"2026-09-20T18:47:54.339Z"},{"id":"3708f6ee-9c27-45ef-a9eb-794e4c9d8f33","state":"InvitePending","source_platform":"truecoach","source_person_id":"s00117","display_name":"Synthetic 117","created_at":"2026-09-20T18:47:54.341Z","updated_at":"2026-09-20T18:47:54.341Z"},{"id":"4592eb21-e45c-48e8-8dac-a864fffd2747","state":"InvitePending","source_platform":"truecoach","source_person_id":"s00118","display_name":"Synthetic 118","created_at":"2026-09-20T18:47:54.342Z","updated_at":"2026-09-20T18:47:54.342Z"},{"id":"70ae5b06-66f1-44c5-a1e0-803cd215fa6d","state":"InvitePending","source_platform":"truecoach","source_person_id":"s00119","display_name":"Synthetic 119","created_at":"2026-09-20T18:47:54.343Z","updated_at":"2026-09-20T18:47:54.343Z"},{"id":"740fdd0a-ef7e-4eb4-b343-da995ee80e11","state":"InvitePending","source_platform":"truecoach","source_person_id":"s00120","display_name":"Synthetic 120","created_at":"2026-09-20T18:47:54.346Z","updated_at":"2026-09-20T18:47:54.346Z"},{"id":"5f310fe2-c3c0-44e7-8ab5-a3742e3731fe","state":"InvitePending","source_platform":"truecoach","source_person_id":"s00121","display_name":"Synthetic 121","created_at":"2026-09-20T18:47:54.348Z","updated_at":"2026-09-20T18:47:54.348Z"},{"id":"7241c9a7-4220-4d6e-b5fc-9da8fcb2e0d9","state":"InvitePending","source_platform":"truecoach","source_person_id":"s00122","display_name":"Synthetic 122","created_at":"2026-09-20T18:47:54.349Z","updated_at":"2026-09-20T18:47:54.349Z"},{"id":"30bcaab0-34f2-4e45-85b2-51cf2ec74836","state":"InvitePending","source_platform":"truecoach","source_person_id":"s00123","display_name":"Synthetic 123","created_at":"2026-09-20T18:47:54.351Z","updated_at":"2026-09-20T18:47:54.351Z"},{"id":"c5f2fe81-9734-47f8-8da8-e84129a6a774","state":"InvitePending","source_platform":"truecoach","source_person_id":"s00124","display_name":"Synthetic 124","created_at":"2026-09-20T18:47:54.352Z","updated_at":"2026-09-20T18:47:54.352Z"},{"id":"5bd18ee4-c573-4870-926c-6be0fe007286","state":"InvitePending","source_platform":"truecoach","source_person_id":"s00125","display_name":"Synthetic 125","created_at":"2026-09-20T18:47:54.354Z","updated_at":"2026-09-20T18:47:54.354Z"},{"id":"9979bd41-a97b-433b-8527-776c1f592d89","state":"InvitePending","source_platform":"truecoach","source_person_id":"s00126","display_name":"Synthetic 126","created_at":"2026-09-20T18:47:54.355Z","updated_at":"2026-09-20T18:47:54.355Z"},{"id":"8ce3b030-f72a-4cfd-934f-58f89e71ba93","state":"InvitePending","source_platform":"truecoach","source_person_id":"s00127","display_name":"Synthetic 127","created_at":"2026-09-20T18:47:54.356Z","updated_at":"2026-09-20T18:47:54.356Z"},{"id":"af084c23-151e-454c-bba6-42b4bea4bad7","state":"InvitePending","source_platform":"truecoach","source_person_id":"s00128","display_name":"Synthetic 128","created_at":"2026-09-20T18:47:54.358Z","updated_at":"2026-09-20T18:47:54.358Z"},{"id":"41145185-5491-4c1a-886f-8ba7eda1f2c9","state":"InvitePending","source_platform":"truecoach","source_person_id":"s00129","display_name":"Synthetic 129","created_at":"2026-09-20T18:47:54.359Z","updated_at":"2026-09-20T18:47:54.359Z"},{"id":"5b1b18cf-a04e-49e8-a972-2fc225d5477f","state":"InvitePending","source_platform":"truecoach","source_person_id":"s00130","display_name":"Synthetic 130","created_at":"2026-09-20T18:47:54.361Z","updated_at":"2026-09-20T18:47:54.361Z"},{"id":"3136cc1d-1db7-4ee6-b651-5d3eea2e6aaf","state":"InvitePending","source_platform":"truecoach","source_person_id":"s00131","display_name":"Synthetic 131","created_at":"2026-09-20T18:47:54.362Z","updated_at":"2026-09-20T18:47:54.362Z"},{"id":"552ac16a-acc8-47b3-8020-5f907d5f3842","state":"InvitePending","source_platform":"truecoach","source_person_id":"s00132","display_name":"Synthetic 132","created_at":"2026-09-20T18:47:54.364Z","updated_at":"2026-09-20T18:47:54.364Z"},{"id":"6783d595-2ba4-4310-8331-e706787959be","state":"InvitePending","source_platform":"truecoach","source_person_id":"s00133","display_name":"Synthetic 133","created_at":"2026-09-20T18:47:54.365Z","updated_at":"2026-09-20T18:47:54.365Z"},{"id":"6327145c-686c-423d-80aa-954b80147553","state":"InvitePending","source_platform":"truecoach","source_person_id":"s00134","display_name":"Synthetic 134","created_at":"2026-09-20T18:47:54.367Z","updated_at":"2026-09-20T18:47:54.367Z"},{"id":"f273de4c-85c9-48bc-9bae-36bc98e4a98c","state":"InvitePending","source_platform":"truecoach","source_person_id":"s00135","display_name":"Synthetic 135","created_at":"2026-09-20T18:47:54.368Z","updated_at":"2026-09-20T18:47:54.368Z"},{"id":"7ad028f5-35d6-4247-ae0a-fa4262e2dc33","state":"InvitePending","source_platform":"truecoach","source_person_id":"s00136","display_name":"Synthetic 136","created_at":"2026-09-20T18:47:54.370Z","updated_at":"2026-09-20T18:47:54.370Z"},{"id":"dbb12bbf-eb3d-4da9-b806-cf12f500294c","state":"InvitePending","source_platform":"truecoach","source_person_id":"s00137","display_name":"Synthetic 137","created_at":"2026-09-20T18:47:54.371Z","updated_at":"2026-09-20T18:47:54.371Z"},{"id":"c0fce03c-3b21-48ce-8131-502679d2be26","state":"InvitePending","source_platform":"truecoach","source_person_id":"s00138","display_name":"Synthetic 138","created_at":"2026-09-20T18:47:54.373Z","updated_at":"2026-09-20T18:47:54.373Z"},{"id":"adb22286-3e5f-4124-88bc-c6f61a1a9040","state":"InvitePending","source_platform":"truecoach","source_person_id":"s00139","display_name":"Synthetic 139","created_at":"2026-09-20T18:47:54.374Z","updated_at":"2026-09-20T18:47:54.374Z"},{"id":"b49836d6-471c-4f17-bed9-c01f3a7e177f","state":"InvitePending","source_platform":"truecoach","source_person_id":"s00140","display_name":"Synthetic 140","created_at":"2026-09-20T18:47:54.376Z","updated_at":"2026-09-20T18:47:54.376Z"},{"id":"9f0c0b2b-cbbf-41b7-8147-1358067d5971","state":"InvitePending","source_platform":"truecoach","source_person_id":"s00141","display_name":"Synthetic 141","created_at":"2026-09-20T18:47:54.377Z","updated_at":"2026-09-20T18:47:54.377Z"},{"id":"76688eb9-1da1-4f44-836e-28aaa77121c7","state":"InvitePending","source_platform":"truecoach","source_person_id":"s00142","display_name":"Synthetic 142","created_at":"2026-09-20T18:47:54.379Z","updated_at":"2026-09-20T18:47:54.379Z"},{"id":"4448582e-dc0c-4859-9769-861395ec1bc5","state":"InvitePending","source_platform":"truecoach","source_person_id":"s00143","display_name":"Synthetic 143","created_at":"2026-09-20T18:47:54.386Z","updated_at":"2026-09-20T18:47:54.386Z"},{"id":"80515b83-4caa-45a3-a21e-84b1e4d214c3","state":"InvitePending","source_platform":"truecoach","source_person_id":"s00144","display_name":"Synthetic 144","created_at":"2026-09-20T18:47:54.388Z","updated_at":"2026-09-20T18:47:54.388Z"},{"id":"54798185-e5f9-4d5f-96e1-76ed34dec9db","state":"InvitePending","source_platform":"truecoach","source_person_id":"s00145","display_name":"Synthetic 145","created_at":"2026-09-20T18:47:54.389Z","updated_at":"2026-09-20T18:47:54.389Z"},{"id":"f2d6d672-9a0a-4891-a445-e09c00cecc14","state":"InvitePending","source_platform":"truecoach","source_person_id":"s00146","display_name":"Synthetic 146","created_at":"2026-09-20T18:47:54.390Z","updated_at":"2026-09-20T18:47:54.390Z"},{"id":"e4cfe916-df48-4785-9751-e3ba2190bca2","state":"InvitePending","source_platform":"truecoach","source_person_id":"s00147","display_name":"Synthetic 147","created_at":"2026-09-20T18:47:54.392Z","updated_at":"2026-09-20T18:47:54.392Z"},{"id":"6d9859e4-771a-4196-b61e-c78fc48d4e63","state":"InvitePending","source_platform":"truecoach","source_person_id":"s00148","display_name":"Synthetic 148","created_at":"2026-09-20T18:47:54.393Z","updated_at":"2026-09-20T18:47:54.393Z"},{"id":"891c3794-cac5-49a0-9037-af00f6d136ac","state":"InvitePending","source_platform":"truecoach","source_person_id":"s00149","display_name":"Synthetic 149","created_at":"2026-09-20T18:47:54.395Z","updated_at":"2026-09-20T18:47:54.395Z"},{"id":"93eb151c-41af-4eeb-8ae3-f79aa90fde14","state":"InvitePending","source_platform":"truecoach","source_person_id":"s00151","display_name":"Synthetic 151","created_at":"2026-09-20T18:47:54.398Z","updated_at":"2026-09-20T18:47:54.398Z"},{"id":"4b562bd9-4d86-4046-9466-99a387947cf2","state":"InvitePending","source_platform":"truecoach","source_person_id":"s00152","display_name":"Synthetic 152","created_at":"2026-09-20T18:47:54.400Z","updated_at":"2026-09-20T18:47:54.400Z"},{"id":"708f14e8-7f71-4c22-b480-b7768ddd7c24","state":"InvitePending","source_platform":"truecoach","source_person_id":"s00153","display_name":"Synthetic 153","created_at":"2026-09-20T18:47:54.401Z","updated_at":"2026-09-20T18:47:54.401Z"},{"id":"1507f3fd-5822-4069-a7be-b3ab8f1b5182","state":"InvitePending","source_platform":"truecoach","source_person_id":"s00154","display_name":"Synthetic 154","created_at":"2026-09-20T18:47:54.403Z","updated_at":"2026-09-20T18:47:54.403Z"},{"id":"122db198-f049-4a93-8218-5c026923a649","state":"InvitePending","source_platform":"truecoach","source_person_id":"s00155","display_name":"Synthetic 155","created_at":"2026-09-20T18:47:54.404Z","updated_at":"2026-09-20T18:47:54.404Z"},{"id":"2b0f11c7-fdd8-485a-8b21-2d6e38e08bf4","state":"InvitePending","source_platform":"truecoach","source_person_id":"s00156","display_name":"Synthetic 156","created_at":"2026-09-20T18:47:54.406Z","updated_at":"2026-09-20T18:47:54.406Z"},{"id":"2c0d1ad1-9310-4fe6-b26d-50da8285d436","state":"InvitePending","source_platform":"truecoach","source_person_id":"s00157","display_name":"Synthetic 157","created_at":"2026-09-20T18:47:54.407Z","updated_at":"2026-09-20T18:47:54.407Z"},{"id":"ab632d14-70d6-4632-bf1a-5195eb38b540","state":"InvitePending","source_platform":"truecoach","source_person_id":"s00158","display_name":"Synthetic 158","created_at":"2026-09-20T18:47:54.408Z","updated_at":"2026-09-20T18:47:54.408Z"},{"id":"55c87d29-cd66-46af-b367-2f1ac1db3973","state":"InvitePending","source_platform":"truecoach","source_person_id":"s00159","display_name":"Synthetic 159","created_at":"2026-09-20T18:47:54.410Z","updated_at":"2026-09-20T18:47:54.410Z"},{"id":"e8147e4d-b54f-45d5-88b5-8f3e76facd06","state":"InvitePending","source_platform":"truecoach","source_person_id":"s00160","display_name":"Synthetic 160","created_at":"2026-09-20T18:47:54.411Z","updated_at":"2026-09-20T18:47:54.411Z"},{"id":"a84b7ede-05ae-4632-8777-5ac9c9486ce0","state":"InvitePending","source_platform":"truecoach","source_person_id":"s00161","display_name":"Synthetic 161","created_at":"2026-09-20T18:47:54.413Z","updated_at":"2026-09-20T18:47:54.413Z"},{"id":"1fd1ee9a-5740-4d37-8cad-866b8b1d9697","state":"InvitePending","source_platform":"truecoach","source_person_id":"s00162","display_name":"Synthetic 162","created_at":"2026-09-20T18:47:54.414Z","updated_at":"2026-09-20T18:47:54.414Z"},{"id":"eb7229f9-8dfc-463b-bfc4-9253ebdda7ac","state":"InvitePending","source_platform":"truecoach","source_person_id":"s00163","display_name":"Synthetic 163","created_at":"2026-09-20T18:47:54.420Z","updated_at":"2026-09-20T18:47:54.420Z"},{"id":"5da91a9b-ad76-4e9c-83d6-d0e04b04f238","state":"InvitePending","source_platform":"truecoach","source_person_id":"s00164","display_name":"Synthetic 164","created_at":"2026-09-20T18:47:54.422Z","updated_at":"2026-09-20T18:47:54.422Z"},{"id":"1a56fcce-57c1-4ed7-9ef6-b6e5b9c1710e","state":"InvitePending","source_platform":"truecoach","source_person_id":"s00165","display_name":"Synthetic 165","created_at":"2026-09-20T18:47:54.423Z","updated_at":"2026-09-20T18:47:54.423Z"},{"id":"d38eb3b8-d477-43c4-9238-cfd4ad4243ea","state":"InvitePending","source_platform":"truecoach","source_person_id":"s00166","display_name":"Synthetic 166","created_at":"2026-09-20T18:47:54.425Z","updated_at":"2026-09-20T18:47:54.425Z"},{"id":"cf7776fa-595f-4ff4-948a-a730d30ea62e","state":"InvitePending","source_platform":"truecoach","source_person_id":"s00167","display_name":"Synthetic 167","created_at":"2026-09-20T18:47:54.426Z","updated_at":"2026-09-20T18:47:54.426Z"},{"id":"0a1d0540-6a9a-4630-bf73-8a38f99f82c1","state":"InvitePending","source_platform":"truecoach","source_person_id":"s00168","display_name":"Synthetic 168","created_at":"2026-09-20T18:47:54.427Z","updated_at":"2026-09-20T18:47:54.427Z"},{"id":"50db9816-f19a-4af5-a001-887afb34b8e9","state":"InvitePending","source_platform":"truecoach","source_person_id":"s00169","display_name":"Synthetic 169","created_at":"2026-09-20T18:47:54.429Z","updated_at":"2026-09-20T18:47:54.429Z"},{"id":"ff03cd23-73bf-42b2-8651-ba13df7caaa1","state":"InvitePending","source_platform":"truecoach","source_person_id":"s00170","display_name":"Synthetic 170","created_at":"2026-09-20T18:47:54.430Z","updated_at":"2026-09-20T18:47:54.430Z"},{"id":"55cc30b7-7038-4c30-a6b3-29ad3ba1a2cd","state":"InvitePending","source_platform":"truecoach","source_person_id":"s00171","display_name":"Synthetic 171","created_at":"2026-09-20T18:47:54.432Z","updated_at":"2026-09-20T18:47:54.432Z"},{"id":"e08484a0-7028-4563-9062-8f46924e3071","state":"InvitePending","source_platform":"truecoach","source_person_id":"s00172","display_name":"Synthetic 172","created_at":"2026-09-20T18:47:54.433Z","updated_at":"2026-09-20T18:47:54.433Z"},{"id":"18146a92-acc3-47af-994f-43f0ce67f01c","state":"InvitePending","source_platform":"truecoach","source_person_id":"s00173","display_name":"Synthetic 173","created_at":"2026-09-20T18:47:54.435Z","updated_at":"2026-09-20T18:47:54.435Z"},{"id":"4bafce95-bfdc-4a65-b04e-ea0bce898773","state":"InvitePending","source_platform":"truecoach","source_person_id":"s00174","display_name":"Synthetic 174","created_at":"2026-09-20T18:47:54.436Z","updated_at":"2026-09-20T18:47:54.436Z"},{"id":"b0435f47-b912-40b1-8393-5edf344cb928","state":"InvitePending","source_platform":"truecoach","source_person_id":"s00175","display_name":"Synthetic 175","created_at":"2026-09-20T18:47:54.437Z","updated_at":"2026-09-20T18:47:54.437Z"},{"id":"7fbb211e-012a-4f8a-a6df-805cf228fdc8","state":"InvitePending","source_platform":"truecoach","source_person_id":"s00176","display_name":"Synthetic 176","created_at":"2026-09-20T18:47:54.439Z","updated_at":"2026-09-20T18:47:54.439Z"},{"id":"72baa7dc-050b-46be-a0d9-bd849ef811f9","state":"InvitePending","source_platform":"truecoach","source_person_id":"s00177","display_name":"Synthetic 177","created_at":"2026-09-20T18:47:54.440Z","updated_at":"2026-09-20T18:47:54.440Z"},{"id":"fb7e4fb0-4d0f-4182-95bc-fe1ecdbcd5fc","state":"InvitePending","source_platform":"truecoach","source_person_id":"s00178","display_name":"Synthetic 178","created_at":"2026-09-20T18:47:54.442Z","updated_at":"2026-09-20T18:47:54.442Z"},{"id":"097a6572-99bb-4bf5-a0bc-8a8d25e348aa","state":"InvitePending","source_platform":"truecoach","source_person_id":"s00179","display_name":"Synthetic 179","created_at":"2026-09-20T18:47:54.443Z","updated_at":"2026-09-20T18:47:54.443Z"},{"id":"4632c16c-2122-472d-b86d-be2deee3e79d","state":"InvitePending","source_platform":"truecoach","source_person_id":"s00180","display_name":"Synthetic 180","created_at":"2026-09-20T18:47:54.445Z","updated_at":"2026-09-20T18:47:54.445Z"},{"id":"5016bed5-73d8-46d2-9ead-99b80aed2efc","state":"InvitePending","source_platform":"truecoach","source_person_id":"s00181","display_name":"Synthetic 181","created_at":"2026-09-20T18:47:54.446Z","updated_at":"2026-09-20T18:47:54.446Z"},{"id":"91121704-8cb3-4a9d-ac7b-1c1fda843c6d","state":"InvitePending","source_platform":"truecoach","source_person_id":"s00182","display_name":"Synthetic 182","created_at":"2026-09-20T18:47:54.448Z","updated_at":"2026-09-20T18:47:54.448Z"},{"id":"76fc2fe5-3f90-4a63-ad48-bafa58b6c318","state":"InvitePending","source_platform":"truecoach","source_person_id":"s00183","display_name":"Synthetic 183","created_at":"2026-09-20T18:47:54.449Z","updated_at":"2026-09-20T18:47:54.449Z"},{"id":"b3d56418-ad4e-404f-a73f-4763d66efb8e","state":"InvitePending","source_platform":"truecoach","source_person_id":"s00184","display_name":"Synthetic 184","created_at":"2026-09-20T18:47:54.450Z","updated_at":"2026-09-20T18:47:54.450Z"},{"id":"963d417f-60e1-405f-990b-c97144e5b574","state":"InvitePending","source_platform":"truecoach","source_person_id":"s00185","display_name":"Synthetic 185","created_at":"2026-09-20T18:47:54.452Z","updated_at":"2026-09-20T18:47:54.452Z"},{"id":"ebc19d48-1da0-4dbf-9039-772d6f672756","state":"InvitePending","source_platform":"truecoach","source_person_id":"s00186","display_name":"Synthetic 186","created_at":"2026-09-20T18:47:54.453Z","updated_at":"2026-09-20T18:47:54.453Z"},{"id":"08c9bb0a-46cf-4e0d-b68b-8d2b674ec9dc","state":"InvitePending","source_platform":"truecoach","source_person_id":"s00187","display_name":"Synthetic 187","created_at":"2026-09-20T18:47:54.454Z","updated_at":"2026-09-20T18:47:54.454Z"},{"id":"c08b9b99-247c-4be7-bccc-f558ef1e7439","state":"InvitePending","source_platform":"truecoach","source_person_id":"s00188","display_name":"Synthetic 188","created_at":"2026-09-20T18:47:54.456Z","updated_at":"2026-09-20T18:47:54.456Z"},{"id":"5d093f1a-7442-41c7-badf-7c91da2b2f94","state":"InvitePending","source_platform":"truecoach","source_person_id":"s00189","display_name":"Synthetic 189","created_at":"2026-09-20T18:47:54.457Z","updated_at":"2026-09-20T18:47:54.457Z"},{"id":"7a623640-43c1-4952-bf13-6b2965e093ab","state":"InvitePending","source_platform":"truecoach","source_person_id":"s00190","display_name":"Synthetic 190","created_at":"2026-09-20T18:47:54.459Z","updated_at":"2026-09-20T18:47:54.459Z"},{"id":"7f7f2fdf-8ce1-453c-a89c-90f943a7839d","state":"InvitePending","source_platform":"truecoach","source_person_id":"s00191","display_name":"Synthetic 191","created_at":"2026-09-20T18:47:54.460Z","updated_at":"2026-09-20T18:47:54.460Z"},{"id":"0ee6eee8-bf24-4651-970c-6dbb617fad87","state":"InvitePending","source_platform":"truecoach","source_person_id":"s00192","display_name":"Synthetic 192","created_at":"2026-09-20T18:47:54.462Z","updated_at":"2026-09-20T18:47:54.462Z"},{"id":"c0310e10-f643-4295-be35-aa3aa95c4e3f","state":"InvitePending","source_platform":"truecoach","source_person_id":"s00193","display_name":"Synthetic 193","created_at":"2026-09-20T18:47:54.464Z","updated_at":"2026-09-20T18:47:54.464Z"},{"id":"029db4a3-7788-47fa-9417-114516b814f7","state":"InvitePending","source_platform":"truecoach","source_person_id":"s00194","display_name":"Synthetic 194","created_at":"2026-09-20T18:47:54.465Z","updated_at":"2026-09-20T18:47:54.465Z"},{"id":"df34094a-e3cd-4057-ac61-14a503c87618","state":"InvitePending","source_platform":"truecoach","source_person_id":"s00195","display_name":"Synthetic 195","created_at":"2026-09-20T18:47:54.467Z","updated_at":"2026-09-20T18:47:54.467Z"}],"page":{"limit":200,"next_cursor":"czAwMTk1","has_more":true}},"queries":8,"pid":24085}

      158 |       if (code !== 0 || !result) { reject(new Error(`worker exited ${code}: ${output}`)); return; }
      159 |       // Query shapes, outcomes, fixture identifiers and process IDs only; never parameters.
    > 160 |       console.warn('PG17_PROCESS', JSON.stringify({ name, old, options: { ...options, cursor: options.cursor ? '<cursor>' : undefined },
          |               ^
      161 |         result: result.result, failure: result.failure, queries: result.queries.length, pid: result.pid }));
      162 |       resolveDone(result);
      163 |     };

      at settleWorker (test/utils/g2-pg17-harness.ts:160:15)
      at ChildProcess.<anonymous> (test/utils/g2-pg17-harness.ts:165:51)

  console.warn
    PG17_PROCESS {"name":"g2p17_13","old":true,"options":{"action":"roster","cursor":"<cursor>","limit":200},"result":{"intent_id":"intent","accounting":{"staged":600,"reconstructed":596,"skipped":8,"failed":21},"persons":[{"id":"17766642-7b9e-4056-ac3d-6636999182c7","state":"InvitePending","source_platform":"truecoach","source_person_id":"s00196","display_name":"Synthetic 196","created_at":"2026-09-20T18:47:54.468Z","updated_at":"2026-09-20T18:47:54.468Z"},{"id":"cf410896-3d0e-469e-aaf5-26650087c429","state":"InvitePending","source_platform":"truecoach","source_person_id":"s00197","display_name":"Synthetic 197","created_at":"2026-09-20T18:47:54.469Z","updated_at":"2026-09-20T18:47:54.469Z"},{"id":"be23ca1c-868e-4ada-8aae-e46c58cb9c9b","state":"InvitePending","source_platform":"truecoach","source_person_id":"s00198","display_name":"Synthetic 198","created_at":"2026-09-20T18:47:54.475Z","updated_at":"2026-09-20T18:47:54.475Z"},{"id":"07d9e077-a727-4f6a-b14c-516f2b42ee99","state":"InvitePending","source_platform":"truecoach","source_person_id":"s00199","display_name":"Synthetic 199","created_at":"2026-09-20T18:47:54.477Z","updated_at":"2026-09-20T18:47:54.477Z"},{"id":"15f88445-f36c-4e97-9968-e6cd7415d4bc","state":"InvitePending","source_platform":"truecoach","source_person_id":"s00201","display_name":"Synthetic 201","created_at":"2026-09-20T18:47:54.480Z","updated_at":"2026-09-20T18:47:54.480Z"},{"id":"bbbb17c8-a6b2-4823-87a2-49c18cdd856d","state":"InvitePending","source_platform":"truecoach","source_person_id":"s00202","display_name":"Synthetic 202","created_at":"2026-09-20T18:47:54.482Z","updated_at":"2026-09-20T18:47:54.482Z"},{"id":"786283f2-de0c-44cd-a0bf-f068641c1be7","state":"InvitePending","source_platform":"truecoach","source_person_id":"s00203","display_name":"Synthetic 203","created_at":"2026-09-20T18:47:54.483Z","updated_at":"2026-09-20T18:47:54.483Z"},{"id":"83886bd7-aa14-4e55-952d-6f883b920e8f","state":"InvitePending","source_platform":"truecoach","source_person_id":"s00204","display_name":"Synthetic 204","created_at":"2026-09-20T18:47:54.485Z","updated_at":"2026-09-20T18:47:54.485Z"},{"id":"ad7f376b-9049-4b84-baae-d3e79bcd701e","state":"InvitePending","source_platform":"truecoach","source_person_id":"s00205","display_name":"Synthetic 205","created_at":"2026-09-20T18:47:54.486Z","updated_at":"2026-09-20T18:47:54.486Z"},{"id":"b028c2a0-a4b6-4915-9b4a-14d0c62a613b","state":"InvitePending","source_platform":"truecoach","source_person_id":"s00206","display_name":"Synthetic 206","created_at":"2026-09-20T18:47:54.488Z","updated_at":"2026-09-20T18:47:54.488Z"},{"id":"0b70955c-fad9-406f-9e01-8615e9a5f69f","state":"InvitePending","source_platform":"truecoach","source_person_id":"s00207","display_name":"Synthetic 207","created_at":"2026-09-20T18:47:54.489Z","updated_at":"2026-09-20T18:47:54.489Z"},{"id":"260ac745-ee75-4db2-a7ba-3436c2970609","state":"InvitePending","source_platform":"truecoach","source_person_id":"s00208","display_name":"Synthetic 208","created_at":"2026-09-20T18:47:54.491Z","updated_at":"2026-09-20T18:47:54.491Z"},{"id":"d6c0ec2b-9f68-4401-92bc-12c9bf3da6a0","state":"InvitePending","source_platform":"truecoach","source_person_id":"s00209","display_name":"Synthetic 209","created_at":"2026-09-20T18:47:54.492Z","updated_at":"2026-09-20T18:47:54.492Z"},{"id":"a11b7299-d730-4716-b7f3-007930f6d70c","state":"InvitePending","source_platform":"truecoach","source_person_id":"s00210","display_name":"Synthetic 210","created_at":"2026-09-20T18:47:54.494Z","updated_at":"2026-09-20T18:47:54.494Z"},{"id":"9db40b3d-3f81-4833-be7e-0b3c18ac1de5","state":"InvitePending","source_platform":"truecoach","source_person_id":"s00211","display_name":"Synthetic 211","created_at":"2026-09-20T18:47:54.495Z","updated_at":"2026-09-20T18:47:54.495Z"},{"id":"97eed326-92d6-40b6-9f9e-42b60aa38f61","state":"InvitePending","source_platform":"truecoach","source_person_id":"s00212","display_name":"Synthetic 212","created_at":"2026-09-20T18:47:54.497Z","updated_at":"2026-09-20T18:47:54.497Z"},{"id":"058090b1-8002-4cd1-aedc-fb49009bdae8","state":"InvitePending","source_platform":"truecoach","source_person_id":"s00213","display_name":"Synthetic 213","created_at":"2026-09-20T18:47:54.498Z","updated_at":"2026-09-20T18:47:54.498Z"},{"id":"d517e86d-98c1-4a44-b13d-b3d1ffd27746","state":"InvitePending","source_platform":"truecoach","source_person_id":"s00214","display_name":"Synthetic 214","created_at":"2026-09-20T18:47:54.501Z","updated_at":"2026-09-20T18:47:54.501Z"},{"id":"75f9a4cb-3d72-40b8-8ebd-3d4eeb6961b3","state":"InvitePending","source_platform":"truecoach","source_person_id":"s00215","display_name":"Synthetic 215","created_at":"2026-09-20T18:47:54.503Z","updated_at":"2026-09-20T18:47:54.503Z"},{"id":"886e7920-3835-4369-b48a-d8544fc84ea4","state":"InvitePending","source_platform":"truecoach","source_person_id":"s00216","display_name":"Synthetic 216","created_at":"2026-09-20T18:47:54.504Z","updated_at":"2026-09-20T18:47:54.504Z"},{"id":"bd89115e-04f3-47ea-bdca-563aac6e1f18","state":"InvitePending","source_platform":"truecoach","source_person_id":"s00217","display_name":"Synthetic 217","created_at":"2026-09-20T18:47:54.506Z","updated_at":"2026-09-20T18:47:54.506Z"},{"id":"1c7480eb-a560-420f-967a-732a97904825","state":"InvitePending","source_platform":"truecoach","source_person_id":"s00218","display_name":"Synthetic 218","created_at":"2026-09-20T18:47:54.508Z","updated_at":"2026-09-20T18:47:54.508Z"},{"id":"22b6bd01-537a-4f11-a443-ca38752842e8","state":"InvitePending","source_platform":"truecoach","source_person_id":"s00219","display_name":"Synthetic 219","created_at":"2026-09-20T18:47:54.509Z","updated_at":"2026-09-20T18:47:54.509Z"},{"id":"8ec4f2e0-76e2-4784-9142-91dee9c5d004","state":"InvitePending","source_platform":"truecoach","source_person_id":"s00220","display_name":"Synthetic 220","created_at":"2026-09-20T18:47:54.511Z","updated_at":"2026-09-20T18:47:54.511Z"},{"id":"2cb93d55-996d-4e13-8dbe-6436bba02421","state":"InvitePending","source_platform":"truecoach","source_person_id":"s00221","display_name":"Synthetic 221","created_at":"2026-09-20T18:47:54.512Z","updated_at":"2026-09-20T18:47:54.512Z"},{"id":"2708b791-e8a0-44aa-a2ac-9ee7542463e1","state":"InvitePending","source_platform":"truecoach","source_person_id":"s00222","display_name":"Synthetic 222","created_at":"2026-09-20T18:47:54.514Z","updated_at":"2026-09-20T18:47:54.514Z"},{"id":"a24f94a5-933f-424e-b454-2001ccd63e8b","state":"InvitePending","source_platform":"truecoach","source_person_id":"s00223","display_name":"Synthetic 223","created_at":"2026-09-20T18:47:54.515Z","updated_at":"2026-09-20T18:47:54.515Z"},{"id":"6f5f13d2-d865-4c9c-9c03-01fe1218ec33","state":"InvitePending","source_platform":"truecoach","source_person_id":"s00224","display_name":"Synthetic 224","created_at":"2026-09-20T18:47:54.517Z","updated_at":"2026-09-20T18:47:54.517Z"},{"id":"c8f88ee1-c03a-4231-b7c6-ce114881427e","state":"InvitePending","source_platform":"truecoach","source_person_id":"s00225","display_name":"Synthetic 225","created_at":"2026-09-20T18:47:54.519Z","updated_at":"2026-09-20T18:47:54.519Z"},{"id":"ce99da94-ef82-409a-961b-51d2938f4f2f","state":"InvitePending","source_platform":"truecoach","source_person_id":"s00226","display_name":"Synthetic 226","created_at":"2026-09-20T18:47:54.521Z","updated_at":"2026-09-20T18:47:54.521Z"},{"id":"b7c5104a-994a-4113-a683-b7f325b19f64","state":"InvitePending","source_platform":"truecoach","source_person_id":"s00227","display_name":"Synthetic 227","created_at":"2026-09-20T18:47:54.522Z","updated_at":"2026-09-20T18:47:54.522Z"},{"id":"28774405-fb43-4073-a225-b5b07a79f0f3","state":"InvitePending","source_platform":"truecoach","source_person_id":"s00228","display_name":"Synthetic 228","created_at":"2026-09-20T18:47:54.523Z","updated_at":"2026-09-20T18:47:54.523Z"},{"id":"84ccd922-43d1-4a06-8a5d-aaa025f424d5","state":"InvitePending","source_platform":"truecoach","source_person_id":"s00229","display_name":"Synthetic 229","created_at":"2026-09-20T18:47:54.525Z","updated_at":"2026-09-20T18:47:54.525Z"},{"id":"9719dcbc-b074-4e47-9319-54097c1a9176","state":"InvitePending","source_platform":"truecoach","source_person_id":"s00230","display_name":"Synthetic 230","created_at":"2026-09-20T18:47:54.526Z","updated_at":"2026-09-20T18:47:54.526Z"},{"id":"b60a2348-0dfa-400b-ba40-f61f22940585","state":"InvitePending","source_platform":"truecoach","source_person_id":"s00231","display_name":"Synthetic 231","created_at":"2026-09-20T18:47:54.528Z","updated_at":"2026-09-20T18:47:54.528Z"},{"id":"b0c55230-cc05-44b1-bfe3-f7f645140e0f","state":"InvitePending","source_platform":"truecoach","source_person_id":"s00232","display_name":"Synthetic 232","created_at":"2026-09-20T18:47:54.529Z","updated_at":"2026-09-20T18:47:54.529Z"},{"id":"dfe6a83c-fcba-4978-bf53-910fec8e78ce","state":"InvitePending","source_platform":"truecoach","source_person_id":"s00233","display_name":"Synthetic 233","created_at":"2026-09-20T18:47:54.531Z","updated_at":"2026-09-20T18:47:54.531Z"},{"id":"28546be3-614f-49b5-a0e2-f274a1b971f4","state":"InvitePending","source_platform":"truecoach","source_person_id":"s00234","display_name":"Synthetic 234","created_at":"2026-09-20T18:47:54.532Z","updated_at":"2026-09-20T18:47:54.532Z"},{"id":"7d5af5bc-2422-44b9-938e-707c38445edc","state":"InvitePending","source_platform":"truecoach","source_person_id":"s00235","display_name":"Synthetic 235","created_at":"2026-09-20T18:47:54.534Z","updated_at":"2026-09-20T18:47:54.534Z"},{"id":"77cfcb87-f575-4b62-a221-4ecb7cbd93e1","state":"InvitePending","source_platform":"truecoach","source_person_id":"s00236","display_name":"Synthetic 236","created_at":"2026-09-20T18:47:54.535Z","updated_at":"2026-09-20T18:47:54.535Z"},{"id":"46b8b5b9-2d91-4531-aa1d-3a7df3ae804a","state":"InvitePending","source_platform":"truecoach","source_person_id":"s00237","display_name":"Synthetic 237","created_at":"2026-09-20T18:47:54.536Z","updated_at":"2026-09-20T18:47:54.536Z"},{"id":"46377c44-f31a-4278-a3c3-ce99a67303ca","state":"InvitePending","source_platform":"truecoach","source_person_id":"s00238","display_name":"Synthetic 238","created_at":"2026-09-20T18:47:54.538Z","updated_at":"2026-09-20T18:47:54.538Z"},{"id":"c85657ac-58be-472d-a5a8-d9cba5b232e0","state":"InvitePending","source_platform":"truecoach","source_person_id":"s00239","display_name":"Synthetic 239","created_at":"2026-09-20T18:47:54.539Z","updated_at":"2026-09-20T18:47:54.539Z"},{"id":"c87db7e7-72e3-4aed-83f3-71df6ba58b60","state":"InvitePending","source_platform":"truecoach","source_person_id":"s00240","display_name":"Synthetic 240","created_at":"2026-09-20T18:47:54.541Z","updated_at":"2026-09-20T18:47:54.541Z"},{"id":"7cffbe04-1717-4cd7-aa07-924d94fb93c3","state":"InvitePending","source_platform":"truecoach","source_person_id":"s00241","display_name":"Synthetic 241","created_at":"2026-09-20T18:47:54.542Z","updated_at":"2026-09-20T18:47:54.542Z"},{"id":"f5030ea7-7ec8-4018-9b97-30516be4f2f1","state":"InvitePending","source_platform":"truecoach","source_person_id":"s00242","display_name":"Synthetic 242","created_at":"2026-09-20T18:47:54.543Z","updated_at":"2026-09-20T18:47:54.543Z"},{"id":"9b6d6cf9-d128-4c8b-9d47-29f5b9a8a769","state":"InvitePending","source_platform":"truecoach","source_person_id":"s00243","display_name":"Synthetic 243","created_at":"2026-09-20T18:47:54.545Z","updated_at":"2026-09-20T18:47:54.545Z"},{"id":"be621718-92cd-44f9-9f9f-2c925693cc06","state":"InvitePending","source_platform":"truecoach","source_person_id":"s00244","display_name":"Synthetic 244","created_at":"2026-09-20T18:47:54.546Z","updated_at":"2026-09-20T18:47:54.546Z"},{"id":"49b6bbe8-8dc1-4b20-a236-0b9901911c09","state":"InvitePending","source_platform":"truecoach","source_person_id":"s00245","display_name":"Synthetic 245","created_at":"2026-09-20T18:47:54.548Z","updated_at":"2026-09-20T18:47:54.548Z"},{"id":"19448a46-a951-48fd-8208-d03480987117","state":"InvitePending","source_platform":"truecoach","source_person_id":"s00246","display_name":"Synthetic 246","created_at":"2026-09-20T18:47:54.549Z","updated_at":"2026-09-20T18:47:54.549Z"},{"id":"829c70e4-3c4d-4230-b744-7150eafb979b","state":"InvitePending","source_platform":"truecoach","source_person_id":"s00247","display_name":"Synthetic 247","created_at":"2026-09-20T18:47:54.551Z","updated_at":"2026-09-20T18:47:54.551Z"},{"id":"41bdcfbd-2986-4e2a-8bef-dd637926400a","state":"InvitePending","source_platform":"truecoach","source_person_id":"s00248","display_name":"Synthetic 248","created_at":"2026-09-20T18:47:54.552Z","updated_at":"2026-09-20T18:47:54.552Z"},{"id":"533b8da2-2b91-4456-8ae8-4847c27a0cec","state":"InvitePending","source_platform":"truecoach","source_person_id":"s00249","display_name":"Synthetic 249","created_at":"2026-09-20T18:47:54.554Z","updated_at":"2026-09-20T18:47:54.554Z"},{"id":"f4270666-eda1-46fb-90c0-95380a0b1e20","state":"InvitePending","source_platform":"truecoach","source_person_id":"s00251","display_name":"Synthetic 251","created_at":"2026-09-20T18:47:54.557Z","updated_at":"2026-09-20T18:47:54.557Z"},{"id":"b2933a3f-9d82-487d-a3a6-9f58c036214d","state":"InvitePending","source_platform":"truecoach","source_person_id":"s00252","display_name":"Synthetic 252","created_at":"2026-09-20T18:47:54.559Z","updated_at":"2026-09-20T18:47:54.559Z"},{"id":"c490464d-5ab4-4ae8-9c0a-97f6f20fea46","state":"InvitePending","source_platform":"truecoach","source_person_id":"s00253","display_name":"Synthetic 253","created_at":"2026-09-20T18:47:54.566Z","updated_at":"2026-09-20T18:47:54.566Z"},{"id":"020d4bc1-75c9-4d3d-8686-fe1c8743ab37","state":"InvitePending","source_platform":"truecoach","source_person_id":"s00254","display_name":"Synthetic 254","created_at":"2026-09-20T18:47:54.567Z","updated_at":"2026-09-20T18:47:54.567Z"},{"id":"0cacfb84-49b7-4838-ac48-105dba630ae8","state":"InvitePending","source_platform":"truecoach","source_person_id":"s00255","display_name":"Synthetic 255","created_at":"2026-09-20T18:47:54.569Z","updated_at":"2026-09-20T18:47:54.569Z"},{"id":"d251aab4-50e6-4da1-9eaa-e1d8f31450e2","state":"InvitePending","source_platform":"truecoach","source_person_id":"s00256","display_name":"Synthetic 256","created_at":"2026-09-20T18:47:54.570Z","updated_at":"2026-09-20T18:47:54.570Z"},{"id":"e85390ab-084f-4ecb-932a-ad8c3a7616d8","state":"InvitePending","source_platform":"truecoach","source_person_id":"s00257","display_name":"Synthetic 257","created_at":"2026-09-20T18:47:54.572Z","updated_at":"2026-09-20T18:47:54.572Z"},{"id":"a552c2bd-8121-4ea8-952a-e8c49f6395f4","state":"InvitePending","source_platform":"truecoach","source_person_id":"s00258","display_name":"Synthetic 258","created_at":"2026-09-20T18:47:54.573Z","updated_at":"2026-09-20T18:47:54.573Z"},{"id":"0cb83d21-ef38-4d50-84c4-4a85aee03c13","state":"InvitePending","source_platform":"truecoach","source_person_id":"s00259","display_name":"Synthetic 259","created_at":"2026-09-20T18:47:54.575Z","updated_at":"2026-09-20T18:47:54.575Z"},{"id":"2cb0cb44-ede1-4983-b8b6-d8e0fb3d7f5a","state":"InvitePending","source_platform":"truecoach","source_person_id":"s00260","display_name":"Synthetic 260","created_at":"2026-09-20T18:47:54.576Z","updated_at":"2026-09-20T18:47:54.576Z"},{"id":"d273debd-00a9-454c-98e8-338bc597ab29","state":"InvitePending","source_platform":"truecoach","source_person_id":"s00261","display_name":"Synthetic 261","created_at":"2026-09-20T18:47:54.577Z","updated_at":"2026-09-20T18:47:54.577Z"},{"id":"71c1f737-1d23-4e3f-84a4-520a82e2343d","state":"InvitePending","source_platform":"truecoach","source_person_id":"s00262","display_name":"Synthetic 262","created_at":"2026-09-20T18:47:54.579Z","updated_at":"2026-09-20T18:47:54.579Z"},{"id":"dcbbb6c3-b36a-4931-a25b-c434ed842328","state":"InvitePending","source_platform":"truecoach","source_person_id":"s00263","display_name":"Synthetic 263","created_at":"2026-09-20T18:47:54.580Z","updated_at":"2026-09-20T18:47:54.580Z"},{"id":"5ba2612a-58b6-4249-964a-8be1d969094a","state":"InvitePending","source_platform":"truecoach","source_person_id":"s00264","display_name":"Synthetic 264","created_at":"2026-09-20T18:47:54.582Z","updated_at":"2026-09-20T18:47:54.582Z"},{"id":"7844eba4-8393-4a25-b50c-ab859bbe54da","state":"InvitePending","source_platform":"truecoach","source_person_id":"s00265","display_name":"Synthetic 265","created_at":"2026-09-20T18:47:54.583Z","updated_at":"2026-09-20T18:47:54.583Z"},{"id":"a226e9b8-5add-436a-9f74-2618cdfe53d3","state":"InvitePending","source_platform":"truecoach","source_person_id":"s00266","display_name":"Synthetic 266","created_at":"2026-09-20T18:47:54.584Z","updated_at":"2026-09-20T18:47:54.584Z"},{"id":"306ad3ea-0e61-4903-9619-34a75d5c4cd7","state":"InvitePending","source_platform":"truecoach","source_person_id":"s00267","display_name":"Synthetic 267","created_at":"2026-09-20T18:47:54.586Z","updated_at":"2026-09-20T18:47:54.586Z"},{"id":"4dbbbd2e-21cb-45db-b7dc-f8994251405d","state":"InvitePending","source_platform":"truecoach","source_person_id":"s00268","display_name":"Synthetic 268","created_at":"2026-09-20T18:47:54.587Z","updated_at":"2026-09-20T18:47:54.587Z"},{"id":"c69ab446-542f-48cb-a30a-a21ab045b582","state":"InvitePending","source_platform":"truecoach","source_person_id":"s00269","display_name":"Synthetic 269","created_at":"2026-09-20T18:47:54.589Z","updated_at":"2026-09-20T18:47:54.589Z"},{"id":"c9d9a9f7-3686-430b-ac3c-154d000a19bd","state":"InvitePending","source_platform":"truecoach","source_person_id":"s00270","display_name":"Synthetic 270","created_at":"2026-09-20T18:47:54.590Z","updated_at":"2026-09-20T18:47:54.590Z"},{"id":"49d8bdf2-846b-48a4-8b72-47bb50f99f9c","state":"InvitePending","source_platform":"truecoach","source_person_id":"s00271","display_name":"Synthetic 271","created_at":"2026-09-20T18:47:54.592Z","updated_at":"2026-09-20T18:47:54.592Z"},{"id":"84e2a7b6-ba2c-4553-af8d-03cd6f0779b3","state":"InvitePending","source_platform":"truecoach","source_person_id":"s00272","display_name":"Synthetic 272","created_at":"2026-09-20T18:47:54.593Z","updated_at":"2026-09-20T18:47:54.593Z"},{"id":"faf9939c-8449-432a-a1e4-48fc024c7a30","state":"InvitePending","source_platform":"truecoach","source_person_id":"s00273","display_name":"Synthetic 273","created_at":"2026-09-20T18:47:54.595Z","updated_at":"2026-09-20T18:47:54.595Z"},{"id":"b689935d-43ba-4b8d-a38e-84355b56201d","state":"InvitePending","source_platform":"truecoach","source_person_id":"s00274","display_name":"Synthetic 274","created_at":"2026-09-20T18:47:54.596Z","updated_at":"2026-09-20T18:47:54.596Z"},{"id":"67bc0e68-90c2-459e-951e-6ea690c4cab6","state":"InvitePending","source_platform":"truecoach","source_person_id":"s00275","display_name":"Synthetic 275","created_at":"2026-09-20T18:47:54.597Z","updated_at":"2026-09-20T18:47:54.597Z"},{"id":"eaab5250-8284-4d5b-9e36-733f41af5382","state":"InvitePending","source_platform":"truecoach","source_person_id":"s00276","display_name":"Synthetic 276","created_at":"2026-09-20T18:47:54.599Z","updated_at":"2026-09-20T18:47:54.599Z"},{"id":"77e4566b-f2c3-4cc0-b521-12053369abe2","state":"InvitePending","source_platform":"truecoach","source_person_id":"s00277","display_name":"Synthetic 277","created_at":"2026-09-20T18:47:54.600Z","updated_at":"2026-09-20T18:47:54.600Z"},{"id":"6fb12c6c-8870-4d97-9c24-f647c428f01a","state":"InvitePending","source_platform":"truecoach","source_person_id":"s00278","display_name":"Synthetic 278","created_at":"2026-09-20T18:47:54.602Z","updated_at":"2026-09-20T18:47:54.602Z"},{"id":"4786e724-af27-4da5-a6ad-742f135eb0dd","state":"InvitePending","source_platform":"truecoach","source_person_id":"s00279","display_name":"Synthetic 279","created_at":"2026-09-20T18:47:54.603Z","updated_at":"2026-09-20T18:47:54.603Z"},{"id":"3e70868f-92f0-4645-a891-4088f480077c","state":"InvitePending","source_platform":"truecoach","source_person_id":"s00280","display_name":"Synthetic 280","created_at":"2026-09-20T18:47:54.604Z","updated_at":"2026-09-20T18:47:54.604Z"},{"id":"36e04f0e-09d3-4d53-a5bb-5c117114c10b","state":"InvitePending","source_platform":"truecoach","source_person_id":"s00281","display_name":"Synthetic 281","created_at":"2026-09-20T18:47:54.606Z","updated_at":"2026-09-20T18:47:54.606Z"},{"id":"e745c110-56bb-4504-9793-1c2d67254517","state":"InvitePending","source_platform":"truecoach","source_person_id":"s00282","display_name":"Synthetic 282","created_at":"2026-09-20T18:47:54.607Z","updated_at":"2026-09-20T18:47:54.607Z"},{"id":"0dde1b6d-0dc6-4a88-b5ea-7c9c9814ff15","state":"InvitePending","source_platform":"truecoach","source_person_id":"s00283","display_name":"Synthetic 283","created_at":"2026-09-20T18:47:54.609Z","updated_at":"2026-09-20T18:47:54.609Z"},{"id":"c12d520e-cb69-4334-8601-84fc26263a68","state":"InvitePending","source_platform":"truecoach","source_person_id":"s00284","display_name":"Synthetic 284","created_at":"2026-09-20T18:47:54.610Z","updated_at":"2026-09-20T18:47:54.610Z"},{"id":"68358f91-fc3e-4134-9972-a46dfda9a7f1","state":"InvitePending","source_platform":"truecoach","source_person_id":"s00285","display_name":"Synthetic 285","created_at":"2026-09-20T18:47:54.611Z","updated_at":"2026-09-20T18:47:54.611Z"},{"id":"de6810b4-f52f-478d-838d-3f3c8d9aa0cc","state":"InvitePending","source_platform":"truecoach","source_person_id":"s00286","display_name":"Synthetic 286","created_at":"2026-09-20T18:47:54.613Z","updated_at":"2026-09-20T18:47:54.613Z"},{"id":"70d6dcf4-16c4-46fa-b496-28618b94a799","state":"InvitePending","source_platform":"truecoach","source_person_id":"s00287","display_name":"Synthetic 287","created_at":"2026-09-20T18:47:54.614Z","updated_at":"2026-09-20T18:47:54.614Z"},{"id":"2519e1f1-27b2-4498-890b-a5f51d81818d","state":"InvitePending","source_platform":"truecoach","source_person_id":"s00288","display_name":"Synthetic 288","created_at":"2026-09-20T18:47:54.616Z","updated_at":"2026-09-20T18:47:54.616Z"},{"id":"bd0dfc96-a5ea-46bb-b642-57939cbb24d0","state":"InvitePending","source_platform":"truecoach","source_person_id":"s00289","display_name":"Synthetic 289","created_at":"2026-09-20T18:47:54.617Z","updated_at":"2026-09-20T18:47:54.617Z"},{"id":"42f8335d-ba3d-4978-a26a-0aaf715c2be5","state":"InvitePending","source_platform":"truecoach","source_person_id":"s00290","display_name":"Synthetic 290","created_at":"2026-09-20T18:47:54.618Z","updated_at":"2026-09-20T18:47:54.618Z"},{"id":"1cc70537-f6dc-4527-88a2-529295fa9826","state":"InvitePending","source_platform":"truecoach","source_person_id":"s00291","display_name":"Synthetic 291","created_at":"2026-09-20T18:47:54.620Z","updated_at":"2026-09-20T18:47:54.620Z"},{"id":"6c20fd11-7f31-4676-b88d-683b3971de3d","state":"InvitePending","source_platform":"truecoach","source_person_id":"s00292","display_name":"Synthetic 292","created_at":"2026-09-20T18:47:54.621Z","updated_at":"2026-09-20T18:47:54.621Z"},{"id":"558ed65e-c070-49d1-974f-9d50c9aee79c","state":"InvitePending","source_platform":"truecoach","source_person_id":"s00293","display_name":"Synthetic 293","created_at":"2026-09-20T18:47:54.623Z","updated_at":"2026-09-20T18:47:54.623Z"},{"id":"4a215e99-f0d4-47eb-af93-8f30fa431aee","state":"InvitePending","source_platform":"truecoach","source_person_id":"s00294","display_name":"Synthetic 294","created_at":"2026-09-20T18:47:54.624Z","updated_at":"2026-09-20T18:47:54.624Z"},{"id":"7247c073-b0af-4627-b6b5-c1ab2e052dc3","state":"InvitePending","source_platform":"truecoach","source_person_id":"s00295","display_name":"Synthetic 295","created_at":"2026-09-20T18:47:54.626Z","updated_at":"2026-09-20T18:47:54.626Z"},{"id":"8dcca291-3374-49cf-b8d9-846f01f17b50","state":"InvitePending","source_platform":"truecoach","source_person_id":"s00296","display_name":"Synthetic 296","created_at":"2026-09-20T18:47:54.627Z","updated_at":"2026-09-20T18:47:54.627Z"},{"id":"38a74328-d4c3-46e8-a05c-7853d18b24d3","state":"InvitePending","source_platform":"truecoach","source_person_id":"s00297","display_name":"Synthetic 297","created_at":"2026-09-20T18:47:54.628Z","updated_at":"2026-09-20T18:47:54.628Z"},{"id":"47aa29ca-96d9-4ddb-95ca-2c78eb51f89e","state":"InvitePending","source_platform":"truecoach","source_person_id":"s00298","display_name":"Synthetic 298","created_at":"2026-09-20T18:47:54.630Z","updated_at":"2026-09-20T18:47:54.630Z"},{"id":"3e4eb5cb-66e1-4851-9caa-81685bea95b4","state":"InvitePending","source_platform":"truecoach","source_person_id":"s00299","display_name":"Synthetic 299","created_at":"2026-09-20T18:47:54.631Z","updated_at":"2026-09-20T18:47:54.631Z"},{"id":"d396b0fb-47bb-4dc6-9dcd-a86adccf3357","state":"InvitePending","source_platform":"truecoach","source_person_id":"s00301","display_name":"Synthetic 301","created_at":"2026-09-20T18:47:54.635Z","updated_at":"2026-09-20T18:47:54.635Z"},{"id":"c4c74681-130c-41ab-82f0-373fba64a7ad","state":"InvitePending","source_platform":"truecoach","source_person_id":"s00302","display_name":"Synthetic 302","created_at":"2026-09-20T18:47:54.637Z","updated_at":"2026-09-20T18:47:54.637Z"},{"id":"1d289b31-1a3b-44e1-9962-2637e299a572","state":"InvitePending","source_platform":"truecoach","source_person_id":"s00303","display_name":"Synthetic 303","created_at":"2026-09-20T18:47:54.638Z","updated_at":"2026-09-20T18:47:54.638Z"},{"id":"def152a8-f41b-4631-9295-01f9b9472c9b","state":"InvitePending","source_platform":"truecoach","source_person_id":"s00304","display_name":"Synthetic 304","created_at":"2026-09-20T18:47:54.646Z","updated_at":"2026-09-20T18:47:54.646Z"},{"id":"a6e12319-da69-4305-82e8-6bde1f171e23","state":"InvitePending","source_platform":"truecoach","source_person_id":"s00305","display_name":"Synthetic 305","created_at":"2026-09-20T18:47:54.648Z","updated_at":"2026-09-20T18:47:54.648Z"},{"id":"e24c3cec-fddd-401f-9649-f078708aeaaf","state":"InvitePending","source_platform":"truecoach","source_person_id":"s00306","display_name":"Synthetic 306","created_at":"2026-09-20T18:47:54.649Z","updated_at":"2026-09-20T18:47:54.649Z"},{"id":"eb7e0391-b86a-445d-b501-8c76f8057fd1","state":"InvitePending","source_platform":"truecoach","source_person_id":"s00307","display_name":"Synthetic 307","created_at":"2026-09-20T18:47:54.651Z","updated_at":"2026-09-20T18:47:54.651Z"},{"id":"d8a18043-3abc-4239-ae6a-268d7d00d176","state":"InvitePending","source_platform":"truecoach","source_person_id":"s00308","display_name":"Synthetic 308","created_at":"2026-09-20T18:47:54.659Z","updated_at":"2026-09-20T18:47:54.659Z"},{"id":"a09e2ce9-cf02-4efd-b017-263cf84c567f","state":"InvitePending","source_platform":"truecoach","source_person_id":"s00309","display_name":"Synthetic 309","created_at":"2026-09-20T18:47:54.664Z","updated_at":"2026-09-20T18:47:54.664Z"},{"id":"cbfd56ba-3fae-45e0-b4df-95fc8ecbea14","state":"InvitePending","source_platform":"truecoach","source_person_id":"s00310","display_name":"Synthetic 310","created_at":"2026-09-20T18:47:54.665Z","updated_at":"2026-09-20T18:47:54.665Z"},{"id":"0e53a886-df40-43d3-bf97-02b28d8556ee","state":"InvitePending","source_platform":"truecoach","source_person_id":"s00311","display_name":"Synthetic 311","created_at":"2026-09-20T18:47:54.667Z","updated_at":"2026-09-20T18:47:54.667Z"},{"id":"00ac0efb-db71-452d-a8e6-db657eb5c284","state":"InvitePending","source_platform":"truecoach","source_person_id":"s00312","display_name":"Synthetic 312","created_at":"2026-09-20T18:47:54.668Z","updated_at":"2026-09-20T18:47:54.668Z"},{"id":"5225844b-61a9-4995-841e-c7f5e003fd58","state":"InvitePending","source_platform":"truecoach","source_person_id":"s00313","display_name":"Synthetic 313","created_at":"2026-09-20T18:47:54.670Z","updated_at":"2026-09-20T18:47:54.670Z"},{"id":"9a62632a-d945-4d30-9cab-db56bac9f8a6","state":"InvitePending","source_platform":"truecoach","source_person_id":"s00314","display_name":"Synthetic 314","created_at":"2026-09-20T18:47:54.671Z","updated_at":"2026-09-20T18:47:54.671Z"},{"id":"ee3f1621-be21-4280-b197-e620a484fee5","state":"InvitePending","source_platform":"truecoach","source_person_id":"s00315","display_name":"Synthetic 315","created_at":"2026-09-20T18:47:54.672Z","updated_at":"2026-09-20T18:47:54.672Z"},{"id":"5e3a45e1-f927-4844-a0c3-03470b865060","state":"InvitePending","source_platform":"truecoach","source_person_id":"s00316","display_name":"Synthetic 316","created_at":"2026-09-20T18:47:54.674Z","updated_at":"2026-09-20T18:47:54.674Z"},{"id":"0b9d5f20-926e-4bda-9f60-436e8f7cbb69","state":"InvitePending","source_platform":"truecoach","source_person_id":"s00317","display_name":"Synthetic 317","created_at":"2026-09-20T18:47:54.675Z","updated_at":"2026-09-20T18:47:54.675Z"},{"id":"c0f96f97-a4a3-4492-bbe1-498285fcb543","state":"InvitePending","source_platform":"truecoach","source_person_id":"s00318","display_name":"Synthetic 318","created_at":"2026-09-20T18:47:54.677Z","updated_at":"2026-09-20T18:47:54.677Z"},{"id":"85505e6b-79b0-404d-8c51-acef87e9cc1d","state":"InvitePending","source_platform":"truecoach","source_person_id":"s00319","display_name":"Synthetic 319","created_at":"2026-09-20T18:47:54.678Z","updated_at":"2026-09-20T18:47:54.678Z"},{"id":"c0f46be9-7a76-496f-a46a-23624ea9fa8a","state":"InvitePending","source_platform":"truecoach","source_person_id":"s00320","display_name":"Synthetic 320","created_at":"2026-09-20T18:47:54.680Z","updated_at":"2026-09-20T18:47:54.680Z"},{"id":"3dbdb557-371e-4a77-92ce-75a90778174f","state":"InvitePending","source_platform":"truecoach","source_person_id":"s00321","display_name":"Synthetic 321","created_at":"2026-09-20T18:47:54.681Z","updated_at":"2026-09-20T18:47:54.681Z"},{"id":"cc341c4c-d893-4794-96cb-2bb25b40f23b","state":"InvitePending","source_platform":"truecoach","source_person_id":"s00322","display_name":"Synthetic 322","created_at":"2026-09-20T18:47:54.682Z","updated_at":"2026-09-20T18:47:54.682Z"},{"id":"7a7d4878-a657-4d58-bd79-5d6a2ff8125f","state":"InvitePending","source_platform":"truecoach","source_person_id":"s00323","display_name":"Synthetic 323","created_at":"2026-09-20T18:47:54.684Z","updated_at":"2026-09-20T18:47:54.684Z"},{"id":"ea420ad6-17c7-4507-988d-5fea443be769","state":"InvitePending","source_platform":"truecoach","source_person_id":"s00324","display_name":"Synthetic 324","created_at":"2026-09-20T18:47:54.693Z","updated_at":"2026-09-20T18:47:54.693Z"},{"id":"94065962-56bc-4502-b1fe-2466121b9339","state":"InvitePending","source_platform":"truecoach","source_person_id":"s00325","display_name":"Synthetic 325","created_at":"2026-09-20T18:47:54.695Z","updated_at":"2026-09-20T18:47:54.695Z"},{"id":"9d31e8b5-db0e-48b0-8d87-104be9aa2fe0","state":"InvitePending","source_platform":"truecoach","source_person_id":"s00326","display_name":"Synthetic 326","created_at":"2026-09-20T18:47:54.706Z","updated_at":"2026-09-20T18:47:54.706Z"},{"id":"2ef8293e-ffb7-4447-afb9-da2132ef99a1","state":"InvitePending","source_platform":"truecoach","source_person_id":"s00327","display_name":"Synthetic 327","created_at":"2026-09-20T18:47:54.709Z","updated_at":"2026-09-20T18:47:54.709Z"},{"id":"549cd739-9b1a-43e1-bb9f-ed17bc2c1aaa","state":"InvitePending","source_platform":"truecoach","source_person_id":"s00328","display_name":"Synthetic 328","created_at":"2026-09-20T18:47:54.710Z","updated_at":"2026-09-20T18:47:54.710Z"},{"id":"83d29a1e-5226-4725-8c72-94b35bccd200","state":"InvitePending","source_platform":"truecoach","source_person_id":"s00329","display_name":"Synthetic 329","created_at":"2026-09-20T18:47:54.712Z","updated_at":"2026-09-20T18:47:54.712Z"},{"id":"65b805ff-b5c5-4eb5-8307-3cb92e2b9762","state":"InvitePending","source_platform":"truecoach","source_person_id":"s00330","display_name":"Synthetic 330","created_at":"2026-09-20T18:47:54.714Z","updated_at":"2026-09-20T18:47:54.714Z"},{"id":"57a7f638-b4ef-4ab5-b96d-f01eddfc37f4","state":"InvitePending","source_platform":"truecoach","source_person_id":"s00331","display_name":"Synthetic 331","created_at":"2026-09-20T18:47:54.715Z","updated_at":"2026-09-20T18:47:54.715Z"},{"id":"c5cc6e95-9df9-4bf3-bdf8-622e779e639c","state":"InvitePending","source_platform":"truecoach","source_person_id":"s00332","display_name":"Synthetic 332","created_at":"2026-09-20T18:47:54.717Z","updated_at":"2026-09-20T18:47:54.717Z"},{"id":"b94dc3ee-0d4f-4065-8d1f-691bc25d64ef","state":"InvitePending","source_platform":"truecoach","source_person_id":"s00333","display_name":"Synthetic 333","created_at":"2026-09-20T18:47:54.718Z","updated_at":"2026-09-20T18:47:54.718Z"},{"id":"80d5735f-b415-4737-9e5f-303c22580335","state":"InvitePending","source_platform":"truecoach","source_person_id":"s00334","display_name":"Synthetic 334","created_at":"2026-09-20T18:47:54.719Z","updated_at":"2026-09-20T18:47:54.719Z"},{"id":"6641ce6e-a74e-4477-8189-2e645c6fa84a","state":"InvitePending","source_platform":"truecoach","source_person_id":"s00335","display_name":"Synthetic 335","created_at":"2026-09-20T18:47:54.721Z","updated_at":"2026-09-20T18:47:54.721Z"},{"id":"25136885-aec2-4301-9d7b-5681a5a59dc0","state":"InvitePending","source_platform":"truecoach","source_person_id":"s00336","display_name":"Synthetic 336","created_at":"2026-09-20T18:47:54.722Z","updated_at":"2026-09-20T18:47:54.722Z"},{"id":"e6975a51-18dd-4c96-b47f-951775e1c7c8","state":"InvitePending","source_platform":"truecoach","source_person_id":"s00337","display_name":"Synthetic 337","created_at":"2026-09-20T18:47:54.724Z","updated_at":"2026-09-20T18:47:54.724Z"},{"id":"418629d7-45b8-42f6-857b-84a0cca363dd","state":"InvitePending","source_platform":"truecoach","source_person_id":"s00338","display_name":"Synthetic 338","created_at":"2026-09-20T18:47:54.731Z","updated_at":"2026-09-20T18:47:54.731Z"},{"id":"7d5304ac-230f-4038-8d41-4b9487943abc","state":"InvitePending","source_platform":"truecoach","source_person_id":"s00339","display_name":"Synthetic 339","created_at":"2026-09-20T18:47:54.733Z","updated_at":"2026-09-20T18:47:54.733Z"},{"id":"a9f826aa-c009-486f-9311-cc762243fd81","state":"InvitePending","source_platform":"truecoach","source_person_id":"s00340","display_name":"Synthetic 340","created_at":"2026-09-20T18:47:54.735Z","updated_at":"2026-09-20T18:47:54.735Z"},{"id":"4a68f70d-c5c1-43b2-afe3-083b3dbbf711","state":"InvitePending","source_platform":"truecoach","source_person_id":"s00341","display_name":"Synthetic 341","created_at":"2026-09-20T18:47:54.736Z","updated_at":"2026-09-20T18:47:54.736Z"},{"id":"65107286-5866-40db-a646-743930d96fbb","state":"InvitePending","source_platform":"truecoach","source_person_id":"s00342","display_name":"Synthetic 342","created_at":"2026-09-20T18:47:54.738Z","updated_at":"2026-09-20T18:47:54.738Z"},{"id":"edf94f27-607a-4fab-9f8e-088593caa15d","state":"InvitePending","source_platform":"truecoach","source_person_id":"s00343","display_name":"Synthetic 343","created_at":"2026-09-20T18:47:54.740Z","updated_at":"2026-09-20T18:47:54.740Z"},{"id":"35f9b0bc-19d5-4d38-902d-94dc6b54c20c","state":"InvitePending","source_platform":"truecoach","source_person_id":"s00344","display_name":"Synthetic 344","created_at":"2026-09-20T18:47:54.750Z","updated_at":"2026-09-20T18:47:54.750Z"},{"id":"06ba1221-8d9a-44df-8305-6f74f51759bc","state":"InvitePending","source_platform":"truecoach","source_person_id":"s00345","display_name":"Synthetic 345","created_at":"2026-09-20T18:47:54.752Z","updated_at":"2026-09-20T18:47:54.752Z"},{"id":"3932ed3d-786c-4578-aa83-288e595ecbd7","state":"InvitePending","source_platform":"truecoach","source_person_id":"s00346","display_name":"Synthetic 346","created_at":"2026-09-20T18:47:54.753Z","updated_at":"2026-09-20T18:47:54.753Z"},{"id":"f1fa5507-63ca-4d8a-b44a-21e863586bac","state":"InvitePending","source_platform":"truecoach","source_person_id":"s00347","display_name":"Synthetic 347","created_at":"2026-09-20T18:47:54.755Z","updated_at":"2026-09-20T18:47:54.755Z"},{"id":"e1e40e99-122a-4db3-b2ca-3f952c62bb52","state":"InvitePending","source_platform":"truecoach","source_person_id":"s00348","display_name":"Synthetic 348","created_at":"2026-09-20T18:47:54.756Z","updated_at":"2026-09-20T18:47:54.756Z"},{"id":"c754f658-0a93-4af4-bfe9-3bae5f266510","state":"InvitePending","source_platform":"truecoach","source_person_id":"s00349","display_name":"Synthetic 349","created_at":"2026-09-20T18:47:54.758Z","updated_at":"2026-09-20T18:47:54.758Z"},{"id":"8f42dbb6-e831-40d2-980b-3ed0fea592e3","state":"InvitePending","source_platform":"truecoach","source_person_id":"s00351","display_name":"Synthetic 351","created_at":"2026-09-20T18:47:54.768Z","updated_at":"2026-09-20T18:47:54.768Z"},{"id":"09b2e00e-5a96-461c-8065-bcb60d4ed311","state":"InvitePending","source_platform":"truecoach","source_person_id":"s00352","display_name":"Synthetic 352","created_at":"2026-09-20T18:47:54.771Z","updated_at":"2026-09-20T18:47:54.771Z"},{"id":"dc288973-e9ef-4f60-9fc4-3a2075c67196","state":"InvitePending","source_platform":"truecoach","source_person_id":"s00353","display_name":"Synthetic 353","created_at":"2026-09-20T18:47:54.774Z","updated_at":"2026-09-20T18:47:54.774Z"},{"id":"1793f28f-9a71-419b-b0ad-15dc84c95839","state":"InvitePending","source_platform":"truecoach","source_person_id":"s00354","display_name":"Synthetic 354","created_at":"2026-09-20T18:47:54.778Z","updated_at":"2026-09-20T18:47:54.778Z"},{"id":"90f210f2-2aa0-4256-87bb-b72e92b6d8bf","state":"InvitePending","source_platform":"truecoach","source_person_id":"s00355","display_name":"Synthetic 355","created_at":"2026-09-20T18:47:54.781Z","updated_at":"2026-09-20T18:47:54.781Z"},{"id":"81ad839c-67fe-46c2-864a-5cee7a0c54bb","state":"InvitePending","source_platform":"truecoach","source_person_id":"s00356","display_name":"Synthetic 356","created_at":"2026-09-20T18:47:54.804Z","updated_at":"2026-09-20T18:47:54.804Z"},{"id":"9be152db-a201-460d-95d5-55357d2e0240","state":"InvitePending","source_platform":"truecoach","source_person_id":"s00357","display_name":"Synthetic 357","created_at":"2026-09-20T18:47:54.809Z","updated_at":"2026-09-20T18:47:54.809Z"},{"id":"564a8853-fc6f-4669-a0c4-6e209fe10094","state":"InvitePending","source_platform":"truecoach","source_person_id":"s00358","display_name":"Synthetic 358","created_at":"2026-09-20T18:47:54.817Z","updated_at":"2026-09-20T18:47:54.817Z"},{"id":"ffcc7021-7ff4-4af1-a844-b1789b6a209f","state":"InvitePending","source_platform":"truecoach","source_person_id":"s00359","display_name":"Synthetic 359","created_at":"2026-09-20T18:47:54.821Z","updated_at":"2026-09-20T18:47:54.821Z"},{"id":"ec72a51b-c026-46be-a98c-96aa78c284cf","state":"InvitePending","source_platform":"truecoach","source_person_id":"s00360","display_name":"Synthetic 360","created_at":"2026-09-20T18:47:54.823Z","updated_at":"2026-09-20T18:47:54.823Z"},{"id":"afc5f8ef-3a4f-47bd-bbae-dcd9ffd4b4ab","state":"InvitePending","source_platform":"truecoach","source_person_id":"s00361","display_name":"Synthetic 361","created_at":"2026-09-20T18:47:54.827Z","updated_at":"2026-09-20T18:47:54.827Z"},{"id":"da70a2c9-f5a7-459d-adae-eb3618b9cbea","state":"InvitePending","source_platform":"truecoach","source_person_id":"s00362","display_name":"Synthetic 362","created_at":"2026-09-20T18:47:54.830Z","updated_at":"2026-09-20T18:47:54.830Z"},{"id":"5902a026-34b3-4b76-b6b2-5f2009edf5db","state":"InvitePending","source_platform":"truecoach","source_person_id":"s00363","display_name":"Synthetic 363","created_at":"2026-09-20T18:47:54.835Z","updated_at":"2026-09-20T18:47:54.835Z"},{"id":"d6a1d91e-4921-4b2b-9fb6-f6e279fd5dee","state":"InvitePending","source_platform":"truecoach","source_person_id":"s00364","display_name":"Synthetic 364","created_at":"2026-09-20T18:47:54.838Z","updated_at":"2026-09-20T18:47:54.838Z"},{"id":"b7513001-ab1e-49a4-a809-163254ea421a","state":"InvitePending","source_platform":"truecoach","source_person_id":"s00365","display_name":"Synthetic 365","created_at":"2026-09-20T18:47:54.842Z","updated_at":"2026-09-20T18:47:54.842Z"},{"id":"f9cdec1c-0225-453d-963a-4299090361fe","state":"InvitePending","source_platform":"truecoach","source_person_id":"s00366","display_name":"Synthetic 366","created_at":"2026-09-20T18:47:54.844Z","updated_at":"2026-09-20T18:47:54.844Z"},{"id":"395d05b9-fd33-4ffd-b4cc-7e6ef888ff5d","state":"InvitePending","source_platform":"truecoach","source_person_id":"s00367","display_name":"Synthetic 367","created_at":"2026-09-20T18:47:54.846Z","updated_at":"2026-09-20T18:47:54.846Z"},{"id":"06641aec-916c-49c4-8344-0b2b0f0d7eaf","state":"InvitePending","source_platform":"truecoach","source_person_id":"s00368","display_name":"Synthetic 368","created_at":"2026-09-20T18:47:54.851Z","updated_at":"2026-09-20T18:47:54.851Z"},{"id":"30f02d5c-4529-45ec-aedb-aafe3f5d3710","state":"InvitePending","source_platform":"truecoach","source_person_id":"s00369","display_name":"Synthetic 369","created_at":"2026-09-20T18:47:54.853Z","updated_at":"2026-09-20T18:47:54.853Z"},{"id":"cf7a0b7a-4a6b-425f-bcbf-31504dc22080","state":"InvitePending","source_platform":"truecoach","source_person_id":"s00370","display_name":"Synthetic 370","created_at":"2026-09-20T18:47:54.854Z","updated_at":"2026-09-20T18:47:54.854Z"},{"id":"f571c893-6249-400f-bf17-b1791ae5950a","state":"InvitePending","source_platform":"truecoach","source_person_id":"s00371","display_name":"Synthetic 371","created_at":"2026-09-20T18:47:54.856Z","updated_at":"2026-09-20T18:47:54.856Z"},{"id":"502add24-1a8b-4966-922a-173916455a16","state":"InvitePending","source_platform":"truecoach","source_person_id":"s00372","display_name":"Synthetic 372","created_at":"2026-09-20T18:47:54.857Z","updated_at":"2026-09-20T18:47:54.857Z"},{"id":"443a00bd-3820-47b2-9ee0-21a40dbc76a1","state":"InvitePending","source_platform":"truecoach","source_person_id":"s00373","display_name":"Synthetic 373","created_at":"2026-09-20T18:47:54.859Z","updated_at":"2026-09-20T18:47:54.859Z"},{"id":"26bc0573-8900-40d0-9091-11a63c871072","state":"InvitePending","source_platform":"truecoach","source_person_id":"s00374","display_name":"Synthetic 374","created_at":"2026-09-20T18:47:54.860Z","updated_at":"2026-09-20T18:47:54.860Z"},{"id":"c4fbeed5-3699-4f98-a6af-c58788f38743","state":"InvitePending","source_platform":"truecoach","source_person_id":"s00375","display_name":"Synthetic 375","created_at":"2026-09-20T18:47:54.862Z","updated_at":"2026-09-20T18:47:54.862Z"},{"id":"939b177f-8a03-40c4-b843-4d022617a3d8","state":"InvitePending","source_platform":"truecoach","source_person_id":"s00376","display_name":"Synthetic 376","created_at":"2026-09-20T18:47:54.863Z","updated_at":"2026-09-20T18:47:54.863Z"},{"id":"aadca313-b262-4a4e-9cd7-a96016baedb7","state":"InvitePending","source_platform":"truecoach","source_person_id":"s00377","display_name":"Synthetic 377","created_at":"2026-09-20T18:47:54.865Z","updated_at":"2026-09-20T18:47:54.865Z"},{"id":"df684068-8d16-4e24-98a2-cc299d2abc7f","state":"InvitePending","source_platform":"truecoach","source_person_id":"s00378","display_name":"Synthetic 378","created_at":"2026-09-20T18:47:54.866Z","updated_at":"2026-09-20T18:47:54.866Z"},{"id":"b2904e0d-428f-45cf-97a9-3a617e9bce5d","state":"InvitePending","source_platform":"truecoach","source_person_id":"s00379","display_name":"Synthetic 379","created_at":"2026-09-20T18:47:54.867Z","updated_at":"2026-09-20T18:47:54.867Z"},{"id":"2d34ee0c-0b32-4559-8f86-60b15d16ec72","state":"InvitePending","source_platform":"truecoach","source_person_id":"s00380","display_name":"Synthetic 380","created_at":"2026-09-20T18:47:54.869Z","updated_at":"2026-09-20T18:47:54.869Z"},{"id":"0fa1d4eb-9f2b-4f28-86aa-a7e598123dbb","state":"InvitePending","source_platform":"truecoach","source_person_id":"s00381","display_name":"Synthetic 381","created_at":"2026-09-20T18:47:54.870Z","updated_at":"2026-09-20T18:47:54.870Z"},{"id":"b3ee78f6-2174-45ba-a05e-2fe4fe94afda","state":"InvitePending","source_platform":"truecoach","source_person_id":"s00382","display_name":"Synthetic 382","created_at":"2026-09-20T18:47:54.872Z","updated_at":"2026-09-20T18:47:54.872Z"},{"id":"73735096-21a9-4d37-8ea9-744eaf57e177","state":"InvitePending","source_platform":"truecoach","source_person_id":"s00383","display_name":"Synthetic 383","created_at":"2026-09-20T18:47:54.873Z","updated_at":"2026-09-20T18:47:54.873Z"},{"id":"1f7d96a5-57b2-4504-965c-ef404e1b58d4","state":"InvitePending","source_platform":"truecoach","source_person_id":"s00384","display_name":"Synthetic 384","created_at":"2026-09-20T18:47:54.874Z","updated_at":"2026-09-20T18:47:54.874Z"},{"id":"9f378e7d-c4b1-4dcc-846b-af2e8d087f5c","state":"InvitePending","source_platform":"truecoach","source_person_id":"s00385","display_name":"Synthetic 385","created_at":"2026-09-20T18:47:54.876Z","updated_at":"2026-09-20T18:47:54.876Z"},{"id":"3c653685-259b-42d4-87b2-0568065e239b","state":"InvitePending","source_platform":"truecoach","source_person_id":"s00386","display_name":"Synthetic 386","created_at":"2026-09-20T18:47:54.877Z","updated_at":"2026-09-20T18:47:54.877Z"},{"id":"d3e2d6dc-e351-4655-bde5-af816e8591e5","state":"InvitePending","source_platform":"truecoach","source_person_id":"s00387","display_name":"Synthetic 387","created_at":"2026-09-20T18:47:54.879Z","updated_at":"2026-09-20T18:47:54.879Z"},{"id":"52fcb3cf-794c-49d5-b269-2609aa734f70","state":"InvitePending","source_platform":"truecoach","source_person_id":"s00388","display_name":"Synthetic 388","created_at":"2026-09-20T18:47:54.880Z","updated_at":"2026-09-20T18:47:54.880Z"},{"id":"e653e929-1e5b-4d08-98c2-267fd77125b4","state":"InvitePending","source_platform":"truecoach","source_person_id":"s00389","display_name":"Synthetic 389","created_at":"2026-09-20T18:47:54.881Z","updated_at":"2026-09-20T18:47:54.881Z"},{"id":"deb55d5f-84c5-4486-81aa-8064ac6b22b0","state":"InvitePending","source_platform":"truecoach","source_person_id":"s00390","display_name":"Synthetic 390","created_at":"2026-09-20T18:47:54.883Z","updated_at":"2026-09-20T18:47:54.883Z"},{"id":"85140756-5c78-4251-8ab5-2f72e8469985","state":"InvitePending","source_platform":"truecoach","source_person_id":"s00391","display_name":"Synthetic 391","created_at":"2026-09-20T18:47:54.884Z","updated_at":"2026-09-20T18:47:54.884Z"},{"id":"2a6d343f-8e7e-489c-a8d5-2b7ce0866849","state":"InvitePending","source_platform":"truecoach","source_person_id":"s00392","display_name":"Synthetic 392","created_at":"2026-09-20T18:47:54.886Z","updated_at":"2026-09-20T18:47:54.886Z"},{"id":"282e6217-d927-45d4-a974-4d12c32d9851","state":"InvitePending","source_platform":"truecoach","source_person_id":"s00393","display_name":"Synthetic 393","created_at":"2026-09-20T18:47:54.887Z","updated_at":"2026-09-20T18:47:54.887Z"},{"id":"22973b7b-69f2-46d6-a3aa-2533f28a91e4","state":"InvitePending","source_platform":"truecoach","source_person_id":"s00394","display_name":"Synthetic 394","created_at":"2026-09-20T18:47:54.889Z","updated_at":"2026-09-20T18:47:54.889Z"},{"id":"7f47bf43-0f10-42f7-82aa-1ef9abd669f1","state":"InvitePending","source_platform":"truecoach","source_person_id":"s00395","display_name":"Synthetic 395","created_at":"2026-09-20T18:47:54.890Z","updated_at":"2026-09-20T18:47:54.890Z"},{"id":"edcfefb7-72f4-49b3-9981-fb73b71b7999","state":"InvitePending","source_platform":"truecoach","source_person_id":"s00396","display_name":"Synthetic 396","created_at":"2026-09-20T18:47:54.891Z","updated_at":"2026-09-20T18:47:54.891Z"},{"id":"f54ea64b-1f25-4df6-9a86-bf23f69a7039","state":"InvitePending","source_platform":"truecoach","source_person_id":"s00397","display_name":"Synthetic 397","created_at":"2026-09-20T18:47:54.893Z","updated_at":"2026-09-20T18:47:54.893Z"},{"id":"d140e683-3b03-4f6e-a6bf-6b88a4634372","state":"InvitePending","source_platform":"truecoach","source_person_id":"s00398","display_name":"Synthetic 398","created_at":"2026-09-20T18:47:54.894Z","updated_at":"2026-09-20T18:47:54.894Z"},{"id":"d0ce2861-cd79-4986-aa11-397288c67483","state":"InvitePending","source_platform":"truecoach","source_person_id":"s00399","display_name":"Synthetic 399","created_at":"2026-09-20T18:47:54.896Z","updated_at":"2026-09-20T18:47:54.896Z"}],"page":{"limit":200,"next_cursor":"czAwMzk5","has_more":true}},"queries":8,"pid":24101}

      158 |       if (code !== 0 || !result) { reject(new Error(`worker exited ${code}: ${output}`)); return; }
      159 |       // Query shapes, outcomes, fixture identifiers and process IDs only; never parameters.
    > 160 |       console.warn('PG17_PROCESS', JSON.stringify({ name, old, options: { ...options, cursor: options.cursor ? '<cursor>' : undefined },
          |               ^
      161 |         result: result.result, failure: result.failure, queries: result.queries.length, pid: result.pid }));
      162 |       resolveDone(result);
      163 |     };

      at settleWorker (test/utils/g2-pg17-harness.ts:160:15)
      at ChildProcess.<anonymous> (test/utils/g2-pg17-harness.ts:165:51)

  console.warn
    PG17_PROCESS {"name":"g2p17_14","old":true,"options":{"action":"roster","cursor":"<cursor>","limit":200},"result":{"intent_id":"intent","accounting":{"staged":600,"reconstructed":596,"skipped":8,"failed":21},"persons":[{"id":"fe83a5fb-e3cc-4f2b-a300-13fa32bbc740","state":"InvitePending","source_platform":"truecoach","source_person_id":"s00401","display_name":"Synthetic 401","created_at":"2026-09-20T18:47:54.900Z","updated_at":"2026-09-20T18:47:54.900Z"},{"id":"2aec87c4-2c5e-4e43-a005-ac346561f6a7","state":"InvitePending","source_platform":"truecoach","source_person_id":"s00402","display_name":"Synthetic 402","created_at":"2026-09-20T18:47:54.902Z","updated_at":"2026-09-20T18:47:54.902Z"},{"id":"c32782f5-993e-4c29-82e4-6e949a1bd0ca","state":"InvitePending","source_platform":"truecoach","source_person_id":"s00403","display_name":"Synthetic 403","created_at":"2026-09-20T18:47:54.904Z","updated_at":"2026-09-20T18:47:54.904Z"},{"id":"71be2624-8c23-459f-9363-34a75b3984f7","state":"InvitePending","source_platform":"truecoach","source_person_id":"s00404","display_name":"Synthetic 404","created_at":"2026-09-20T18:47:54.905Z","updated_at":"2026-09-20T18:47:54.905Z"},{"id":"198be132-9163-42bf-8fd4-76c1bd4fcddc","state":"InvitePending","source_platform":"truecoach","source_person_id":"s00405","display_name":"Synthetic 405","created_at":"2026-09-20T18:47:54.907Z","updated_at":"2026-09-20T18:47:54.907Z"},{"id":"31b5f1a3-0a87-4516-a644-36aca8b80f3c","state":"InvitePending","source_platform":"truecoach","source_person_id":"s00406","display_name":"Synthetic 406","created_at":"2026-09-20T18:47:54.908Z","updated_at":"2026-09-20T18:47:54.908Z"},{"id":"5fd1dd65-d83a-43c7-a237-1b63cece9c40","state":"InvitePending","source_platform":"truecoach","source_person_id":"s00407","display_name":"Synthetic 407","created_at":"2026-09-20T18:47:54.910Z","updated_at":"2026-09-20T18:47:54.910Z"},{"id":"71365b4d-9a27-4ce0-a425-d6f3cc472378","state":"InvitePending","source_platform":"truecoach","source_person_id":"s00408","display_name":"Synthetic 408","created_at":"2026-09-20T18:47:54.912Z","updated_at":"2026-09-20T18:47:54.912Z"},{"id":"73cb46f0-5c3e-441d-b063-67d256bf4906","state":"InvitePending","source_platform":"truecoach","source_person_id":"s00409","display_name":"Synthetic 409","created_at":"2026-09-20T18:47:54.914Z","updated_at":"2026-09-20T18:47:54.914Z"},{"id":"491d1590-8e5f-433b-8c93-1b61e2e14a58","state":"InvitePending","source_platform":"truecoach","source_person_id":"s00410","display_name":"Synthetic 410","created_at":"2026-09-20T18:47:54.915Z","updated_at":"2026-09-20T18:47:54.915Z"},{"id":"609a41d0-8222-4b32-8893-bcf3089945f8","state":"InvitePending","source_platform":"truecoach","source_person_id":"s00411","display_name":"Synthetic 411","created_at":"2026-09-20T18:47:54.917Z","updated_at":"2026-09-20T18:47:54.917Z"},{"id":"db184be4-ea09-43e5-8dcf-8f0730f11cf3","state":"InvitePending","source_platform":"truecoach","source_person_id":"s00412","display_name":"Synthetic 412","created_at":"2026-09-20T18:47:54.918Z","updated_at":"2026-09-20T18:47:54.918Z"},{"id":"3ff59e49-588e-4a4a-97a2-b902b7ce8cc2","state":"InvitePending","source_platform":"truecoach","source_person_id":"s00413","display_name":"Synthetic 413","created_at":"2026-09-20T18:47:54.920Z","updated_at":"2026-09-20T18:47:54.920Z"},{"id":"0a85ab1b-4214-45d1-a5cc-629a53ced6af","state":"InvitePending","source_platform":"truecoach","source_person_id":"s00414","display_name":"Synthetic 414","created_at":"2026-09-20T18:47:54.921Z","updated_at":"2026-09-20T18:47:54.921Z"},{"id":"b1f5d1c5-cc9f-48dc-a28b-6e558478a3a0","state":"InvitePending","source_platform":"truecoach","source_person_id":"s00415","display_name":"Synthetic 415","created_at":"2026-09-20T18:47:54.922Z","updated_at":"2026-09-20T18:47:54.922Z"},{"id":"f42cd163-bb20-4c11-9537-dbcf189cbb9c","state":"InvitePending","source_platform":"truecoach","source_person_id":"s00416","display_name":"Synthetic 416","created_at":"2026-09-20T18:47:54.924Z","updated_at":"2026-09-20T18:47:54.924Z"},{"id":"3d470cc8-61a5-4c1a-8a3c-3e9ab8a54d8a","state":"InvitePending","source_platform":"truecoach","source_person_id":"s00417","display_name":"Synthetic 417","created_at":"2026-09-20T18:47:54.926Z","updated_at":"2026-09-20T18:47:54.926Z"},{"id":"812fc39d-3060-4bc3-ac2a-c882651ef9a5","state":"InvitePending","source_platform":"truecoach","source_person_id":"s00418","display_name":"Synthetic 418","created_at":"2026-09-20T18:47:54.927Z","updated_at":"2026-09-20T18:47:54.927Z"},{"id":"16675ec6-0d0e-4b48-be12-3d6eba261b70","state":"InvitePending","source_platform":"truecoach","source_person_id":"s00419","display_name":"Synthetic 419","created_at":"2026-09-20T18:47:54.928Z","updated_at":"2026-09-20T18:47:54.928Z"},{"id":"014cc4b6-3dd9-401b-880c-c88a867ae4e9","state":"InvitePending","source_platform":"truecoach","source_person_id":"s00420","display_name":"Synthetic 420","created_at":"2026-09-20T18:47:54.930Z","updated_at":"2026-09-20T18:47:54.930Z"},{"id":"e3d0d913-3cf3-40c8-a7de-8dfcd654e92a","state":"InvitePending","source_platform":"truecoach","source_person_id":"s00421","display_name":"Synthetic 421","created_at":"2026-09-20T18:47:54.931Z","updated_at":"2026-09-20T18:47:54.931Z"},{"id":"572b8e50-a3cf-4010-b48a-724db357e8a7","state":"InvitePending","source_platform":"truecoach","source_person_id":"s00422","display_name":"Synthetic 422","created_at":"2026-09-20T18:47:54.938Z","updated_at":"2026-09-20T18:47:54.938Z"},{"id":"95bf90a3-c776-4b11-9f82-368f5839c12d","state":"InvitePending","source_platform":"truecoach","source_person_id":"s00423","display_name":"Synthetic 423","created_at":"2026-09-20T18:47:54.940Z","updated_at":"2026-09-20T18:47:54.940Z"},{"id":"e2089551-d808-4d6b-8b36-25690f08a48a","state":"InvitePending","source_platform":"truecoach","source_person_id":"s00424","display_name":"Synthetic 424","created_at":"2026-09-20T18:47:54.941Z","updated_at":"2026-09-20T18:47:54.941Z"},{"id":"b0e9a112-0812-486f-aa92-4ce757adc93f","state":"InvitePending","source_platform":"truecoach","source_person_id":"s00425","display_name":"Synthetic 425","created_at":"2026-09-20T18:47:54.942Z","updated_at":"2026-09-20T18:47:54.942Z"},{"id":"2f246126-6102-46c2-9b4e-fa155a2e35f2","state":"InvitePending","source_platform":"truecoach","source_person_id":"s00426","display_name":"Synthetic 426","created_at":"2026-09-20T18:47:54.944Z","updated_at":"2026-09-20T18:47:54.944Z"},{"id":"f630d5af-9803-476b-b325-5cbbcd60a90c","state":"InvitePending","source_platform":"truecoach","source_person_id":"s00427","display_name":"Synthetic 427","created_at":"2026-09-20T18:47:54.946Z","updated_at":"2026-09-20T18:47:54.946Z"},{"id":"dad06233-57be-46f5-9daa-5214841b90b5","state":"InvitePending","source_platform":"truecoach","source_person_id":"s00428","display_name":"Synthetic 428","created_at":"2026-09-20T18:47:54.947Z","updated_at":"2026-09-20T18:47:54.947Z"},{"id":"3862efa3-28bf-4b31-8b8f-3b98185095b3","state":"InvitePending","source_platform":"truecoach","source_person_id":"s00429","display_name":"Synthetic 429","created_at":"2026-09-20T18:47:54.948Z","updated_at":"2026-09-20T18:47:54.948Z"},{"id":"d2051dbb-dec4-4797-b7d1-dee07ef7713f","state":"InvitePending","source_platform":"truecoach","source_person_id":"s00430","display_name":"Synthetic 430","created_at":"2026-09-20T18:47:54.950Z","updated_at":"2026-09-20T18:47:54.950Z"},{"id":"18854a0e-b93f-4873-972d-1210edf2c2fd","state":"InvitePending","source_platform":"truecoach","source_person_id":"s00431","display_name":"Synthetic 431","created_at":"2026-09-20T18:47:54.951Z","updated_at":"2026-09-20T18:47:54.951Z"},{"id":"e0953fa6-da96-471c-b295-3721936e26c6","state":"InvitePending","source_platform":"truecoach","source_person_id":"s00432","display_name":"Synthetic 432","created_at":"2026-09-20T18:47:54.953Z","updated_at":"2026-09-20T18:47:54.953Z"},{"id":"9c95db6d-a07c-4383-8f62-82f7c39f724f","state":"InvitePending","source_platform":"truecoach","source_person_id":"s00433","display_name":"Synthetic 433","created_at":"2026-09-20T18:47:54.954Z","updated_at":"2026-09-20T18:47:54.954Z"},{"id":"91e21dd6-1f7f-4356-974a-7f34826a83be","state":"InvitePending","source_platform":"truecoach","source_person_id":"s00434","display_name":"Synthetic 434","created_at":"2026-09-20T18:47:54.955Z","updated_at":"2026-09-20T18:47:54.955Z"},{"id":"85508216-c210-44e1-96ca-225f4aee1190","state":"InvitePending","source_platform":"truecoach","source_person_id":"s00435","display_name":"Synthetic 435","created_at":"2026-09-20T18:47:54.957Z","updated_at":"2026-09-20T18:47:54.957Z"},{"id":"68df3d02-e1df-4eca-8729-2cb9e0b41fd1","state":"InvitePending","source_platform":"truecoach","source_person_id":"s00436","display_name":"Synthetic 436","created_at":"2026-09-20T18:47:54.958Z","updated_at":"2026-09-20T18:47:54.958Z"},{"id":"1033d5e9-06f6-46c0-b99d-6d0e10d0c1b4","state":"InvitePending","source_platform":"truecoach","source_person_id":"s00437","display_name":"Synthetic 437","created_at":"2026-09-20T18:47:54.960Z","updated_at":"2026-09-20T18:47:54.960Z"},{"id":"72d7f583-72bc-4746-95de-d95785f0ec22","state":"InvitePending","source_platform":"truecoach","source_person_id":"s00438","display_name":"Synthetic 438","created_at":"2026-09-20T18:47:54.961Z","updated_at":"2026-09-20T18:47:54.961Z"},{"id":"8dad4dda-bc6c-4607-8fdb-13746f88b0a3","state":"InvitePending","source_platform":"truecoach","source_person_id":"s00439","display_name":"Synthetic 439","created_at":"2026-09-20T18:47:54.963Z","updated_at":"2026-09-20T18:47:54.963Z"},{"id":"ed89a58f-671b-4db5-ab71-a7f7b5bd0f7b","state":"InvitePending","source_platform":"truecoach","source_person_id":"s00440","display_name":"Synthetic 440","created_at":"2026-09-20T18:47:54.965Z","updated_at":"2026-09-20T18:47:54.965Z"},{"id":"1a333e59-3546-4be0-bdc9-4b1db764acc8","state":"InvitePending","source_platform":"truecoach","source_person_id":"s00441","display_name":"Synthetic 441","created_at":"2026-09-20T18:47:54.966Z","updated_at":"2026-09-20T18:47:54.966Z"},{"id":"a7bed4ee-4458-4b71-a5a8-cc55c99c4676","state":"InvitePending","source_platform":"truecoach","source_person_id":"s00442","display_name":"Synthetic 442","created_at":"2026-09-20T18:47:54.968Z","updated_at":"2026-09-20T18:47:54.968Z"},{"id":"6392a2ad-2494-4e5f-982b-fd633aec5df5","state":"InvitePending","source_platform":"truecoach","source_person_id":"s00443","display_name":"Synthetic 443","created_at":"2026-09-20T18:47:54.969Z","updated_at":"2026-09-20T18:47:54.969Z"},{"id":"36e526b1-dcbe-4f1f-8713-ad3f8cff5814","state":"InvitePending","source_platform":"truecoach","source_person_id":"s00444","display_name":"Synthetic 444","created_at":"2026-09-20T18:47:54.971Z","updated_at":"2026-09-20T18:47:54.971Z"},{"id":"c7a9bee8-cd47-47d7-a7e6-f65ce6534f9c","state":"InvitePending","source_platform":"truecoach","source_person_id":"s00445","display_name":"Synthetic 445","created_at":"2026-09-20T18:47:54.972Z","updated_at":"2026-09-20T18:47:54.972Z"},{"id":"7fd0ce5b-0238-46af-bd6e-315dfaf40d40","state":"InvitePending","source_platform":"truecoach","source_person_id":"s00446","display_name":"Synthetic 446","created_at":"2026-09-20T18:47:54.974Z","updated_at":"2026-09-20T18:47:54.974Z"},{"id":"520ba1fb-7e10-4739-b8ec-7d00e4902f90","state":"InvitePending","source_platform":"truecoach","source_person_id":"s00447","display_name":"Synthetic 447","created_at":"2026-09-20T18:47:54.975Z","updated_at":"2026-09-20T18:47:54.975Z"},{"id":"b7153f04-a548-468e-b78f-441c50286260","state":"InvitePending","source_platform":"truecoach","source_person_id":"s00448","display_name":"Synthetic 448","created_at":"2026-09-20T18:47:54.977Z","updated_at":"2026-09-20T18:47:54.977Z"},{"id":"3d450e5d-85ba-4dea-b92a-8901c9170cbd","state":"InvitePending","source_platform":"truecoach","source_person_id":"s00449","display_name":"Synthetic 449","created_at":"2026-09-20T18:47:54.978Z","updated_at":"2026-09-20T18:47:54.978Z"},{"id":"a53dabf5-30f2-4785-9457-e3726a0bddcc","state":"InvitePending","source_platform":"truecoach","source_person_id":"s00451","display_name":"Synthetic 451","created_at":"2026-09-20T18:47:54.982Z","updated_at":"2026-09-20T18:47:54.982Z"},{"id":"e574b26f-48b8-4ecd-a547-fd5ddcfbec6c","state":"InvitePending","source_platform":"truecoach","source_person_id":"s00452","display_name":"Synthetic 452","created_at":"2026-09-20T18:47:54.983Z","updated_at":"2026-09-20T18:47:54.983Z"},{"id":"eb74fc82-7658-42e8-81fb-fc2e8c3e3be1","state":"InvitePending","source_platform":"truecoach","source_person_id":"s00453","display_name":"Synthetic 453","created_at":"2026-09-20T18:47:54.985Z","updated_at":"2026-09-20T18:47:54.985Z"},{"id":"19487d93-047f-4416-aa8a-47b61b760a98","state":"InvitePending","source_platform":"truecoach","source_person_id":"s00454","display_name":"Synthetic 454","created_at":"2026-09-20T18:47:54.986Z","updated_at":"2026-09-20T18:47:54.986Z"},{"id":"c69d2515-8a5e-4fb7-b9e8-0e5646cbe216","state":"InvitePending","source_platform":"truecoach","source_person_id":"s00455","display_name":"Synthetic 455","created_at":"2026-09-20T18:47:54.988Z","updated_at":"2026-09-20T18:47:54.988Z"},{"id":"83f600a9-ac63-47fa-a2db-5e92a52839ca","state":"InvitePending","source_platform":"truecoach","source_person_id":"s00456","display_name":"Synthetic 456","created_at":"2026-09-20T18:47:54.989Z","updated_at":"2026-09-20T18:47:54.989Z"},{"id":"7d375164-36f9-4a61-9e71-52b77e6588f4","state":"InvitePending","source_platform":"truecoach","source_person_id":"s00457","display_name":"Synthetic 457","created_at":"2026-09-20T18:47:54.990Z","updated_at":"2026-09-20T18:47:54.990Z"},{"id":"f4086455-60ef-4b8b-a4d7-6c8927121f5d","state":"InvitePending","source_platform":"truecoach","source_person_id":"s00458","display_name":"Synthetic 458","created_at":"2026-09-20T18:47:54.992Z","updated_at":"2026-09-20T18:47:54.992Z"},{"id":"733e99c5-8e76-495c-83d8-a3b317ce61b7","state":"InvitePending","source_platform":"truecoach","source_person_id":"s00459","display_name":"Synthetic 459","created_at":"2026-09-20T18:47:54.993Z","updated_at":"2026-09-20T18:47:54.993Z"},{"id":"24e98fac-6aab-457e-80ab-1bcc0059e19e","state":"InvitePending","source_platform":"truecoach","source_person_id":"s00460","display_name":"Synthetic 460","created_at":"2026-09-20T18:47:54.994Z","updated_at":"2026-09-20T18:47:54.994Z"},{"id":"f0eb968d-3039-4b5e-8029-b984e86a93e8","state":"InvitePending","source_platform":"truecoach","source_person_id":"s00461","display_name":"Synthetic 461","created_at":"2026-09-20T18:47:54.996Z","updated_at":"2026-09-20T18:47:54.996Z"},{"id":"b3c269a6-9b38-4eae-a093-cc1a1151d85b","state":"InvitePending","source_platform":"truecoach","source_person_id":"s00462","display_name":"Synthetic 462","created_at":"2026-09-20T18:47:54.997Z","updated_at":"2026-09-20T18:47:54.997Z"},{"id":"19d6daf0-ef23-4ba3-b56a-d530402c2eec","state":"InvitePending","source_platform":"truecoach","source_person_id":"s00463","display_name":"Synthetic 463","created_at":"2026-09-20T18:47:54.999Z","updated_at":"2026-09-20T18:47:54.999Z"},{"id":"c1a8788f-2f60-4a19-bfe3-21e2856dc64d","state":"InvitePending","source_platform":"truecoach","source_person_id":"s00464","display_name":"Synthetic 464","created_at":"2026-09-20T18:47:55.000Z","updated_at":"2026-09-20T18:47:55.000Z"},{"id":"d032306c-44c7-40b9-a29b-7cc55cb1949f","state":"InvitePending","source_platform":"truecoach","source_person_id":"s00465","display_name":"Synthetic 465","created_at":"2026-09-20T18:47:55.002Z","updated_at":"2026-09-20T18:47:55.002Z"},{"id":"4f7b1f40-dfc1-4377-909a-47a0ef8061c6","state":"InvitePending","source_platform":"truecoach","source_person_id":"s00466","display_name":"Synthetic 466","created_at":"2026-09-20T18:47:55.003Z","updated_at":"2026-09-20T18:47:55.003Z"},{"id":"57546c34-d871-47fa-9ed1-9ef4b45794c2","state":"InvitePending","source_platform":"truecoach","source_person_id":"s00467","display_name":"Synthetic 467","created_at":"2026-09-20T18:47:55.004Z","updated_at":"2026-09-20T18:47:55.004Z"},{"id":"2533957e-ae64-46ad-908d-c9fc2557bc8d","state":"InvitePending","source_platform":"truecoach","source_person_id":"s00468","display_name":"Synthetic 468","created_at":"2026-09-20T18:47:55.006Z","updated_at":"2026-09-20T18:47:55.006Z"},{"id":"d7a1c4ca-63f7-47e8-aece-73b35da019c3","state":"InvitePending","source_platform":"truecoach","source_person_id":"s00469","display_name":"Synthetic 469","created_at":"2026-09-20T18:47:55.007Z","updated_at":"2026-09-20T18:47:55.007Z"},{"id":"e3cc3dd7-c8a9-4e06-b9d3-72af7a1ba201","state":"InvitePending","source_platform":"truecoach","source_person_id":"s00470","display_name":"Synthetic 470","created_at":"2026-09-20T18:47:55.008Z","updated_at":"2026-09-20T18:47:55.008Z"},{"id":"6fa63724-c906-4613-be32-86256aae411c","state":"InvitePending","source_platform":"truecoach","source_person_id":"s00471","display_name":"Synthetic 471","created_at":"2026-09-20T18:47:55.010Z","updated_at":"2026-09-20T18:47:55.010Z"},{"id":"15cf9e87-8a83-4eb4-b837-1aa3665a0ffa","state":"InvitePending","source_platform":"truecoach","source_person_id":"s00472","display_name":"Synthetic 472","created_at":"2026-09-20T18:47:55.011Z","updated_at":"2026-09-20T18:47:55.011Z"},{"id":"6868c34f-f3e7-48c0-a2de-eac57794a145","state":"InvitePending","source_platform":"truecoach","source_person_id":"s00473","display_name":"Synthetic 473","created_at":"2026-09-20T18:47:55.013Z","updated_at":"2026-09-20T18:47:55.013Z"},{"id":"20cc1b9b-2c49-4eb8-9287-a700207b70a1","state":"InvitePending","source_platform":"truecoach","source_person_id":"s00474","display_name":"Synthetic 474","created_at":"2026-09-20T18:47:55.014Z","updated_at":"2026-09-20T18:47:55.014Z"},{"id":"ce0be3ac-49f9-4cd9-9ff1-81235a8c13e8","state":"InvitePending","source_platform":"truecoach","source_person_id":"s00475","display_name":"Synthetic 475","created_at":"2026-09-20T18:47:55.015Z","updated_at":"2026-09-20T18:47:55.015Z"},{"id":"7c9e7b70-ddae-4d1e-ad9f-27fe0f093c68","state":"InvitePending","source_platform":"truecoach","source_person_id":"s00476","display_name":"Synthetic 476","created_at":"2026-09-20T18:47:55.017Z","updated_at":"2026-09-20T18:47:55.017Z"},{"id":"311288d1-1bc8-45d1-a34b-c3a73550df21","state":"InvitePending","source_platform":"truecoach","source_person_id":"s00477","display_name":"Synthetic 477","created_at":"2026-09-20T18:47:55.018Z","updated_at":"2026-09-20T18:47:55.018Z"},{"id":"e032ab71-1093-4f28-916d-0a07e797ee73","state":"InvitePending","source_platform":"truecoach","source_person_id":"s00478","display_name":"Synthetic 478","created_at":"2026-09-20T18:47:55.024Z","updated_at":"2026-09-20T18:47:55.024Z"},{"id":"3375fc2c-46e9-4836-930f-6a31d3d477ff","state":"InvitePending","source_platform":"truecoach","source_person_id":"s00479","display_name":"Synthetic 479","created_at":"2026-09-20T18:47:55.025Z","updated_at":"2026-09-20T18:47:55.025Z"},{"id":"1742bc72-7d5c-4fd3-8691-1eaad7554534","state":"InvitePending","source_platform":"truecoach","source_person_id":"s00480","display_name":"Synthetic 480","created_at":"2026-09-20T18:47:55.027Z","updated_at":"2026-09-20T18:47:55.027Z"},{"id":"7349ebc0-697e-4a36-a1ef-f398c86baf9d","state":"InvitePending","source_platform":"truecoach","source_person_id":"s00481","display_name":"Synthetic 481","created_at":"2026-09-20T18:47:55.028Z","updated_at":"2026-09-20T18:47:55.028Z"},{"id":"cd0263c7-1f7e-4763-9293-1082e1a781f5","state":"InvitePending","source_platform":"truecoach","source_person_id":"s00482","display_name":"Synthetic 482","created_at":"2026-09-20T18:47:55.030Z","updated_at":"2026-09-20T18:47:55.030Z"},{"id":"64be67f0-3d37-4ad9-a157-d5f427e5d595","state":"InvitePending","source_platform":"truecoach","source_person_id":"s00483","display_name":"Synthetic 483","created_at":"2026-09-20T18:47:55.031Z","updated_at":"2026-09-20T18:47:55.031Z"},{"id":"c61a69b9-ae4c-4370-b17b-9b35bd81f812","state":"InvitePending","source_platform":"truecoach","source_person_id":"s00484","display_name":"Synthetic 484","created_at":"2026-09-20T18:47:55.032Z","updated_at":"2026-09-20T18:47:55.032Z"},{"id":"e1fcb1eb-58b1-4034-9b18-bdb3ee00c232","state":"InvitePending","source_platform":"truecoach","source_person_id":"s00485","display_name":"Synthetic 485","created_at":"2026-09-20T18:47:55.034Z","updated_at":"2026-09-20T18:47:55.034Z"},{"id":"dc23b535-0130-4fda-9928-472675c57317","state":"InvitePending","source_platform":"truecoach","source_person_id":"s00486","display_name":"Synthetic 486","created_at":"2026-09-20T18:47:55.035Z","updated_at":"2026-09-20T18:47:55.035Z"},{"id":"2d77b6bd-8c28-4e83-951d-710eb1d6e2ee","state":"InvitePending","source_platform":"truecoach","source_person_id":"s00487","display_name":"Synthetic 487","created_at":"2026-09-20T18:47:55.037Z","updated_at":"2026-09-20T18:47:55.037Z"},{"id":"fbb02606-ef2d-4dba-ad48-4af4c9709a54","state":"InvitePending","source_platform":"truecoach","source_person_id":"s00488","display_name":"Synthetic 488","created_at":"2026-09-20T18:47:55.038Z","updated_at":"2026-09-20T18:47:55.038Z"},{"id":"65694369-00b4-469f-ab2f-c2572ae4824c","state":"InvitePending","source_platform":"truecoach","source_person_id":"s00489","display_name":"Synthetic 489","created_at":"2026-09-20T18:47:55.040Z","updated_at":"2026-09-20T18:47:55.040Z"},{"id":"3ecf8434-2afa-4147-9b71-b1e5eceda678","state":"InvitePending","source_platform":"truecoach","source_person_id":"s00490","display_name":"Synthetic 490","created_at":"2026-09-20T18:47:55.042Z","updated_at":"2026-09-20T18:47:55.042Z"},{"id":"0b6586c9-79dd-4a7d-a1e3-ab8ada065170","state":"InvitePending","source_platform":"truecoach","source_person_id":"s00491","display_name":"Synthetic 491","created_at":"2026-09-20T18:47:55.043Z","updated_at":"2026-09-20T18:47:55.043Z"},{"id":"103c24d0-3d0e-4852-9e97-570723dc2d4d","state":"InvitePending","source_platform":"truecoach","source_person_id":"s00492","display_name":"Synthetic 492","created_at":"2026-09-20T18:47:55.044Z","updated_at":"2026-09-20T18:47:55.044Z"},{"id":"cbe5616d-e9f1-4a90-bfc3-e04aa858f488","state":"InvitePending","source_platform":"truecoach","source_person_id":"s00493","display_name":"Synthetic 493","created_at":"2026-09-20T18:47:55.046Z","updated_at":"2026-09-20T18:47:55.046Z"},{"id":"693e0893-7fcc-4458-b124-2c79b6bd408b","state":"InvitePending","source_platform":"truecoach","source_person_id":"s00494","display_name":"Synthetic 494","created_at":"2026-09-20T18:47:55.048Z","updated_at":"2026-09-20T18:47:55.048Z"},{"id":"0fcbea32-e68c-4b99-b898-b38f1c76785f","state":"InvitePending","source_platform":"truecoach","source_person_id":"s00495","display_name":"Synthetic 495","created_at":"2026-09-20T18:47:55.050Z","updated_at":"2026-09-20T18:47:55.050Z"},{"id":"7a06e713-955f-461d-93a3-92edccd54110","state":"InvitePending","source_platform":"truecoach","source_person_id":"s00496","display_name":"Synthetic 496","created_at":"2026-09-20T18:47:55.052Z","updated_at":"2026-09-20T18:47:55.052Z"},{"id":"390b1c96-733c-4638-82dc-c7a6bf71edab","state":"InvitePending","source_platform":"truecoach","source_person_id":"s00497","display_name":"Synthetic 497","created_at":"2026-09-20T18:47:55.053Z","updated_at":"2026-09-20T18:47:55.053Z"},{"id":"7abbc895-7987-4cb8-8b80-330661d38efa","state":"InvitePending","source_platform":"truecoach","source_person_id":"s00498","display_name":"Synthetic 498","created_at":"2026-09-20T18:47:55.059Z","updated_at":"2026-09-20T18:47:55.059Z"},{"id":"ac6c627a-ead0-4b2d-89c3-1fada062aa17","state":"InvitePending","source_platform":"truecoach","source_person_id":"s00499","display_name":"Synthetic 499","created_at":"2026-09-20T18:47:55.061Z","updated_at":"2026-09-20T18:47:55.061Z"},{"id":"aaff2436-a036-4c03-957c-8d03f26069c2","state":"InvitePending","source_platform":"truecoach","source_person_id":"s00501","display_name":"Synthetic 501","created_at":"2026-09-20T18:47:55.066Z","updated_at":"2026-09-20T18:47:55.066Z"},{"id":"0308cfe0-e654-473f-a928-9cc77458ab0b","state":"InvitePending","source_platform":"truecoach","source_person_id":"s00502","display_name":"Synthetic 502","created_at":"2026-09-20T18:47:55.068Z","updated_at":"2026-09-20T18:47:55.068Z"},{"id":"d285cbc4-67c1-4828-be95-243ef840462c","state":"InvitePending","source_platform":"truecoach","source_person_id":"s00503","display_name":"Synthetic 503","created_at":"2026-09-20T18:47:55.069Z","updated_at":"2026-09-20T18:47:55.069Z"},{"id":"1fd577f6-9666-4a9d-ab15-e9c80e7b3f9d","state":"InvitePending","source_platform":"truecoach","source_person_id":"s00504","display_name":"Synthetic 504","created_at":"2026-09-20T18:47:55.071Z","updated_at":"2026-09-20T18:47:55.071Z"},{"id":"b8718d6d-9a0e-41ac-801b-49d25ec0e60b","state":"InvitePending","source_platform":"truecoach","source_person_id":"s00505","display_name":"Synthetic 505","created_at":"2026-09-20T18:47:55.072Z","updated_at":"2026-09-20T18:47:55.072Z"},{"id":"5af38e78-42ad-4cd8-9b60-101c76752b83","state":"InvitePending","source_platform":"truecoach","source_person_id":"s00506","display_name":"Synthetic 506","created_at":"2026-09-20T18:47:55.073Z","updated_at":"2026-09-20T18:47:55.073Z"},{"id":"11b8982a-5af5-4e6f-9873-ac5dddc03c0f","state":"InvitePending","source_platform":"truecoach","source_person_id":"s00507","display_name":"Synthetic 507","created_at":"2026-09-20T18:47:55.075Z","updated_at":"2026-09-20T18:47:55.075Z"},{"id":"f6dd909e-5ca5-4337-a0fe-27d207a804bb","state":"InvitePending","source_platform":"truecoach","source_person_id":"s00508","display_name":"Synthetic 508","created_at":"2026-09-20T18:47:55.076Z","updated_at":"2026-09-20T18:47:55.076Z"},{"id":"a45fa49e-48e6-4466-bb2b-93a0de3b6979","state":"InvitePending","source_platform":"truecoach","source_person_id":"s00509","display_name":"Synthetic 509","created_at":"2026-09-20T18:47:55.078Z","updated_at":"2026-09-20T18:47:55.078Z"},{"id":"bf931065-9c3b-4fb7-8d85-fc216ed696ef","state":"InvitePending","source_platform":"truecoach","source_person_id":"s00510","display_name":"Synthetic 510","created_at":"2026-09-20T18:47:55.079Z","updated_at":"2026-09-20T18:47:55.079Z"},{"id":"18168e09-21a8-4c1a-8afc-4f8f89bddc31","state":"InvitePending","source_platform":"truecoach","source_person_id":"s00511","display_name":"Synthetic 511","created_at":"2026-09-20T18:47:55.080Z","updated_at":"2026-09-20T18:47:55.080Z"},{"id":"d6415b9e-4fbc-487a-b162-afda7340698d","state":"InvitePending","source_platform":"truecoach","source_person_id":"s00512","display_name":"Synthetic 512","created_at":"2026-09-20T18:47:55.082Z","updated_at":"2026-09-20T18:47:55.082Z"},{"id":"2bbf7747-901c-4d76-b849-8e7de7d986bb","state":"InvitePending","source_platform":"truecoach","source_person_id":"s00513","display_name":"Synthetic 513","created_at":"2026-09-20T18:47:55.083Z","updated_at":"2026-09-20T18:47:55.083Z"},{"id":"9fe6b6b4-db18-401e-a289-535ceee36872","state":"InvitePending","source_platform":"truecoach","source_person_id":"s00514","display_name":"Synthetic 514","created_at":"2026-09-20T18:47:55.084Z","updated_at":"2026-09-20T18:47:55.084Z"},{"id":"7beaea38-8161-4d01-9472-435037624794","state":"InvitePending","source_platform":"truecoach","source_person_id":"s00515","display_name":"Synthetic 515","created_at":"2026-09-20T18:47:55.086Z","updated_at":"2026-09-20T18:47:55.086Z"},{"id":"17f1bc99-0df6-48a9-a76a-5bc0be6f6d8f","state":"InvitePending","source_platform":"truecoach","source_person_id":"s00516","display_name":"Synthetic 516","created_at":"2026-09-20T18:47:55.087Z","updated_at":"2026-09-20T18:47:55.087Z"},{"id":"339ce45e-a6a9-47cf-a086-3669bfc07c72","state":"InvitePending","source_platform":"truecoach","source_person_id":"s00517","display_name":"Synthetic 517","created_at":"2026-09-20T18:47:55.089Z","updated_at":"2026-09-20T18:47:55.089Z"},{"id":"32c21e43-5174-4e7f-91db-1a47a32f3786","state":"InvitePending","source_platform":"truecoach","source_person_id":"s00518","display_name":"Synthetic 518","created_at":"2026-09-20T18:47:55.090Z","updated_at":"2026-09-20T18:47:55.090Z"},{"id":"c329550f-8eeb-4266-bdfa-cfe1c630fc57","state":"InvitePending","source_platform":"truecoach","source_person_id":"s00519","display_name":"Synthetic 519","created_at":"2026-09-20T18:47:55.091Z","updated_at":"2026-09-20T18:47:55.091Z"},{"id":"ba5196e0-359e-4835-af5a-b1e6907ecafd","state":"InvitePending","source_platform":"truecoach","source_person_id":"s00520","display_name":"Synthetic 520","created_at":"2026-09-20T18:47:55.093Z","updated_at":"2026-09-20T18:47:55.093Z"},{"id":"855eeaf5-86c8-4a98-be24-ec3c80ea824e","state":"InvitePending","source_platform":"truecoach","source_person_id":"s00521","display_name":"Synthetic 521","created_at":"2026-09-20T18:47:55.094Z","updated_at":"2026-09-20T18:47:55.094Z"},{"id":"bf58030f-dd03-46f6-9ea7-43b7c39f5349","state":"InvitePending","source_platform":"truecoach","source_person_id":"s00522","display_name":"Synthetic 522","created_at":"2026-09-20T18:47:55.095Z","updated_at":"2026-09-20T18:47:55.095Z"},{"id":"f1a81d08-45e5-43d8-93ba-479477093d38","state":"InvitePending","source_platform":"truecoach","source_person_id":"s00523","display_name":"Synthetic 523","created_at":"2026-09-20T18:47:55.097Z","updated_at":"2026-09-20T18:47:55.097Z"},{"id":"c9a2c654-0812-499f-9dae-5a03e8960764","state":"InvitePending","source_platform":"truecoach","source_person_id":"s00524","display_name":"Synthetic 524","created_at":"2026-09-20T18:47:55.098Z","updated_at":"2026-09-20T18:47:55.098Z"},{"id":"3cf3e1c3-1dab-4080-af68-24ba01dd4573","state":"InvitePending","source_platform":"truecoach","source_person_id":"s00525","display_name":"Synthetic 525","created_at":"2026-09-20T18:47:55.100Z","updated_at":"2026-09-20T18:47:55.100Z"},{"id":"e34385db-bd9a-4e00-97ce-917cdc9f9828","state":"InvitePending","source_platform":"truecoach","source_person_id":"s00526","display_name":"Synthetic 526","created_at":"2026-09-20T18:47:55.101Z","updated_at":"2026-09-20T18:47:55.101Z"},{"id":"843b9b1e-0074-438a-b0c8-8446edd738de","state":"InvitePending","source_platform":"truecoach","source_person_id":"s00527","display_name":"Synthetic 527","created_at":"2026-09-20T18:47:55.102Z","updated_at":"2026-09-20T18:47:55.102Z"},{"id":"312a849d-b1e4-4cd5-b436-609074c4f64f","state":"InvitePending","source_platform":"truecoach","source_person_id":"s00528","display_name":"Synthetic 528","created_at":"2026-09-20T18:47:55.104Z","updated_at":"2026-09-20T18:47:55.104Z"},{"id":"e5426506-bd46-4a51-b009-c97ba64c567c","state":"InvitePending","source_platform":"truecoach","source_person_id":"s00529","display_name":"Synthetic 529","created_at":"2026-09-20T18:47:55.106Z","updated_at":"2026-09-20T18:47:55.106Z"},{"id":"243fe4f8-8e2f-4f85-9521-73cc6f4cebdd","state":"InvitePending","source_platform":"truecoach","source_person_id":"s00530","display_name":"Synthetic 530","created_at":"2026-09-20T18:47:55.107Z","updated_at":"2026-09-20T18:47:55.107Z"},{"id":"ad157fbf-3c3a-4c5d-a690-ccd356271a19","state":"InvitePending","source_platform":"truecoach","source_person_id":"s00531","display_name":"Synthetic 531","created_at":"2026-09-20T18:47:55.109Z","updated_at":"2026-09-20T18:47:55.109Z"},{"id":"c9aee6ae-6bdc-4a49-9d66-683d7063e1f5","state":"InvitePending","source_platform":"truecoach","source_person_id":"s00532","display_name":"Synthetic 532","created_at":"2026-09-20T18:47:55.111Z","updated_at":"2026-09-20T18:47:55.111Z"},{"id":"ac0dc327-32ff-4ee9-94d6-3730f3989ba5","state":"InvitePending","source_platform":"truecoach","source_person_id":"s00533","display_name":"Synthetic 533","created_at":"2026-09-20T18:47:55.113Z","updated_at":"2026-09-20T18:47:55.113Z"},{"id":"a52db9df-8e2e-427c-bc97-c2dd245ecd39","state":"InvitePending","source_platform":"truecoach","source_person_id":"s00534","display_name":"Synthetic 534","created_at":"2026-09-20T18:47:55.115Z","updated_at":"2026-09-20T18:47:55.115Z"},{"id":"d3b3605e-1f8a-4777-aaec-97db62a98762","state":"InvitePending","source_platform":"truecoach","source_person_id":"s00535","display_name":"Synthetic 535","created_at":"2026-09-20T18:47:55.117Z","updated_at":"2026-09-20T18:47:55.117Z"},{"id":"e858c27c-efab-47f2-abc7-0c249c6408e4","state":"InvitePending","source_platform":"truecoach","source_person_id":"s00536","display_name":"Synthetic 536","created_at":"2026-09-20T18:47:55.124Z","updated_at":"2026-09-20T18:47:55.124Z"},{"id":"0bea0cc4-615f-41bf-b282-e058344839e6","state":"InvitePending","source_platform":"truecoach","source_person_id":"s00537","display_name":"Synthetic 537","created_at":"2026-09-20T18:47:55.126Z","updated_at":"2026-09-20T18:47:55.126Z"},{"id":"8fdea349-0c04-4145-9a39-37a06c4eeaee","state":"InvitePending","source_platform":"truecoach","source_person_id":"s00538","display_name":"Synthetic 538","created_at":"2026-09-20T18:47:55.127Z","updated_at":"2026-09-20T18:47:55.127Z"},{"id":"b1805545-aeb7-49b5-b386-e01a7f0e2803","state":"InvitePending","source_platform":"truecoach","source_person_id":"s00539","display_name":"Synthetic 539","created_at":"2026-09-20T18:47:55.129Z","updated_at":"2026-09-20T18:47:55.129Z"},{"id":"8cf9099c-9a6b-4f46-acf1-e990d5bba07b","state":"InvitePending","source_platform":"truecoach","source_person_id":"s00540","display_name":"Synthetic 540","created_at":"2026-09-20T18:47:55.131Z","updated_at":"2026-09-20T18:47:55.131Z"},{"id":"dc63bb44-5f8b-4a92-a831-0ebd2ff17d8e","state":"InvitePending","source_platform":"truecoach","source_person_id":"s00541","display_name":"Synthetic 541","created_at":"2026-09-20T18:47:55.132Z","updated_at":"2026-09-20T18:47:55.132Z"},{"id":"7542e6b5-21df-4143-a02f-e077c20de2f4","state":"InvitePending","source_platform":"truecoach","source_person_id":"s00542","display_name":"Synthetic 542","created_at":"2026-09-20T18:47:55.134Z","updated_at":"2026-09-20T18:47:55.134Z"},{"id":"44fb93a6-130e-468a-ab7c-5eb78f2f82ae","state":"InvitePending","source_platform":"truecoach","source_person_id":"s00543","display_name":"Synthetic 543","created_at":"2026-09-20T18:47:55.136Z","updated_at":"2026-09-20T18:47:55.136Z"},{"id":"af4794fd-46fd-4d52-94df-e887d5a05095","state":"InvitePending","source_platform":"truecoach","source_person_id":"s00544","display_name":"Synthetic 544","created_at":"2026-09-20T18:47:55.137Z","updated_at":"2026-09-20T18:47:55.137Z"},{"id":"e7539d8b-c47c-427f-9237-d54aae6f5711","state":"InvitePending","source_platform":"truecoach","source_person_id":"s00545","display_name":"Synthetic 545","created_at":"2026-09-20T18:47:55.139Z","updated_at":"2026-09-20T18:47:55.139Z"},{"id":"d2ea9c74-0dbe-40c5-bc32-e967d66ed7f2","state":"InvitePending","source_platform":"truecoach","source_person_id":"s00546","display_name":"Synthetic 546","created_at":"2026-09-20T18:47:55.141Z","updated_at":"2026-09-20T18:47:55.141Z"},{"id":"ea954420-0282-44c5-94f1-8409ab1418f7","state":"InvitePending","source_platform":"truecoach","source_person_id":"s00547","display_name":"Synthetic 547","created_at":"2026-09-20T18:47:55.143Z","updated_at":"2026-09-20T18:47:55.143Z"},{"id":"bc210a25-9c33-4d0e-b047-18bd64b51300","state":"InvitePending","source_platform":"truecoach","source_person_id":"s00548","display_name":"Synthetic 548","created_at":"2026-09-20T18:47:55.146Z","updated_at":"2026-09-20T18:47:55.146Z"},{"id":"05df36fd-a579-4db5-839f-d8b14f2d5718","state":"InvitePending","source_platform":"truecoach","source_person_id":"s00549","display_name":"Synthetic 549","created_at":"2026-09-20T18:47:55.148Z","updated_at":"2026-09-20T18:47:55.148Z"},{"id":"e75df843-42e2-448a-84a7-69ca3b40d119","state":"InvitePending","source_platform":"truecoach","source_person_id":"s00551","display_name":"Synthetic 551","created_at":"2026-09-20T18:47:55.152Z","updated_at":"2026-09-20T18:47:55.152Z"},{"id":"b6413bd0-ca42-40e1-99a6-9962012f624b","state":"InvitePending","source_platform":"truecoach","source_person_id":"s00552","display_name":"Synthetic 552","created_at":"2026-09-20T18:47:55.154Z","updated_at":"2026-09-20T18:47:55.154Z"},{"id":"9acb78bf-8b53-45f7-82dd-79567bbdd0bb","state":"InvitePending","source_platform":"truecoach","source_person_id":"s00553","display_name":"Synthetic 553","created_at":"2026-09-20T18:47:55.156Z","updated_at":"2026-09-20T18:47:55.156Z"},{"id":"f2702f8f-4878-4a3d-8be6-f4462308d20d","state":"InvitePending","source_platform":"truecoach","source_person_id":"s00554","display_name":"Synthetic 554","created_at":"2026-09-20T18:47:55.158Z","updated_at":"2026-09-20T18:47:55.158Z"},{"id":"e12a11c9-11e6-42b4-b0cf-c42ff109e3bd","state":"InvitePending","source_platform":"truecoach","source_person_id":"s00555","display_name":"Synthetic 555","created_at":"2026-09-20T18:47:55.159Z","updated_at":"2026-09-20T18:47:55.159Z"},{"id":"5b13b3d5-2fb0-445f-ad0a-a17c5f6d79d9","state":"InvitePending","source_platform":"truecoach","source_person_id":"s00556","display_name":"Synthetic 556","created_at":"2026-09-20T18:47:55.161Z","updated_at":"2026-09-20T18:47:55.161Z"},{"id":"4683ecb8-197c-483e-8989-d8fa4f984647","state":"InvitePending","source_platform":"truecoach","source_person_id":"s00557","display_name":"Synthetic 557","created_at":"2026-09-20T18:47:55.162Z","updated_at":"2026-09-20T18:47:55.162Z"},{"id":"3339c190-c4a8-4dc0-970d-d19161d28a23","state":"InvitePending","source_platform":"truecoach","source_person_id":"s00558","display_name":"Synthetic 558","created_at":"2026-09-20T18:47:55.164Z","updated_at":"2026-09-20T18:47:55.164Z"},{"id":"04c1232e-32bf-46b9-84c8-63674c1d3848","state":"InvitePending","source_platform":"truecoach","source_person_id":"s00559","display_name":"Synthetic 559","created_at":"2026-09-20T18:47:55.165Z","updated_at":"2026-09-20T18:47:55.165Z"},{"id":"849721eb-dedf-4faf-90fb-5872a7d170bb","state":"InvitePending","source_platform":"truecoach","source_person_id":"s00560","display_name":"Synthetic 560","created_at":"2026-09-20T18:47:55.166Z","updated_at":"2026-09-20T18:47:55.166Z"},{"id":"bd3d7b25-053d-477a-875f-1d5306dd3743","state":"InvitePending","source_platform":"truecoach","source_person_id":"s00561","display_name":"Synthetic 561","created_at":"2026-09-20T18:47:55.168Z","updated_at":"2026-09-20T18:47:55.168Z"},{"id":"cb9967ee-af61-4b58-83e8-3213a29088b3","state":"InvitePending","source_platform":"truecoach","source_person_id":"s00562","display_name":"Synthetic 562","created_at":"2026-09-20T18:47:55.169Z","updated_at":"2026-09-20T18:47:55.169Z"},{"id":"803449ec-1e99-4215-abeb-5babdc53b15e","state":"InvitePending","source_platform":"truecoach","source_person_id":"s00563","display_name":"Synthetic 563","created_at":"2026-09-20T18:47:55.171Z","updated_at":"2026-09-20T18:47:55.171Z"},{"id":"93a4760f-65ab-4994-a921-b4190ab3af80","state":"InvitePending","source_platform":"truecoach","source_person_id":"s00564","display_name":"Synthetic 564","created_at":"2026-09-20T18:47:55.172Z","updated_at":"2026-09-20T18:47:55.172Z"},{"id":"9975c086-5efd-4a0f-bc26-51eb3fbd90ce","state":"InvitePending","source_platform":"truecoach","source_person_id":"s00565","display_name":"Synthetic 565","created_at":"2026-09-20T18:47:55.173Z","updated_at":"2026-09-20T18:47:55.173Z"},{"id":"49a9f9a2-51fd-4b30-a0ef-bbada9a1ec9b","state":"InvitePending","source_platform":"truecoach","source_person_id":"s00566","display_name":"Synthetic 566","created_at":"2026-09-20T18:47:55.175Z","updated_at":"2026-09-20T18:47:55.175Z"},{"id":"4b7fde0e-54bf-4c18-982d-354281025830","state":"InvitePending","source_platform":"truecoach","source_person_id":"s00567","display_name":"Synthetic 567","created_at":"2026-09-20T18:47:55.176Z","updated_at":"2026-09-20T18:47:55.176Z"},{"id":"89d0aea8-a7e6-4049-b57a-6773023c74bf","state":"InvitePending","source_platform":"truecoach","source_person_id":"s00568","display_name":"Synthetic 568","created_at":"2026-09-20T18:47:55.178Z","updated_at":"2026-09-20T18:47:55.178Z"},{"id":"94a4b75f-e5ff-443d-b1ac-ec7c08950154","state":"InvitePending","source_platform":"truecoach","source_person_id":"s00569","display_name":"Synthetic 569","created_at":"2026-09-20T18:47:55.179Z","updated_at":"2026-09-20T18:47:55.179Z"},{"id":"bb0d556f-b2b8-4d00-8d49-0e8a0644c705","state":"InvitePending","source_platform":"truecoach","source_person_id":"s00570","display_name":"Synthetic 570","created_at":"2026-09-20T18:47:55.180Z","updated_at":"2026-09-20T18:47:55.180Z"},{"id":"d8f9a968-8218-430a-8169-0c21307d36d5","state":"InvitePending","source_platform":"truecoach","source_person_id":"s00571","display_name":"Synthetic 571","created_at":"2026-09-20T18:47:55.182Z","updated_at":"2026-09-20T18:47:55.182Z"},{"id":"e5dca0c0-fb66-45ca-ad2e-ce540c936aab","state":"InvitePending","source_platform":"truecoach","source_person_id":"s00572","display_name":"Synthetic 572","created_at":"2026-09-20T18:47:55.183Z","updated_at":"2026-09-20T18:47:55.183Z"},{"id":"6490fb16-6b70-41cb-bcab-95a93764f87a","state":"InvitePending","source_platform":"truecoach","source_person_id":"s00573","display_name":"Synthetic 573","created_at":"2026-09-20T18:47:55.187Z","updated_at":"2026-09-20T18:47:55.187Z"},{"id":"c5b7d100-debb-4120-a67b-c3dcf966dd1d","state":"InvitePending","source_platform":"truecoach","source_person_id":"s00574","display_name":"Synthetic 574","created_at":"2026-09-20T18:47:55.197Z","updated_at":"2026-09-20T18:47:55.197Z"},{"id":"df42693b-6d06-44d0-ba4a-18f57ae6cf9b","state":"InvitePending","source_platform":"truecoach","source_person_id":"s00575","display_name":"Synthetic 575","created_at":"2026-09-20T18:47:55.199Z","updated_at":"2026-09-20T18:47:55.199Z"},{"id":"f4288aff-563c-447b-822f-7a15b2adab83","state":"InvitePending","source_platform":"truecoach","source_person_id":"s00576","display_name":"Synthetic 576","created_at":"2026-09-20T18:47:55.201Z","updated_at":"2026-09-20T18:47:55.201Z"},{"id":"c2a435b6-143c-4482-bc47-181d5990584c","state":"InvitePending","source_platform":"truecoach","source_person_id":"s00577","display_name":"Synthetic 577","created_at":"2026-09-20T18:47:55.203Z","updated_at":"2026-09-20T18:47:55.203Z"},{"id":"da49e25a-efa4-4d40-950b-d15a7b4cb09c","state":"InvitePending","source_platform":"truecoach","source_person_id":"s00578","display_name":"Synthetic 578","created_at":"2026-09-20T18:47:55.204Z","updated_at":"2026-09-20T18:47:55.204Z"},{"id":"efeb5bfe-653d-462f-a88c-f6081166ce0f","state":"InvitePending","source_platform":"truecoach","source_person_id":"s00579","display_name":"Synthetic 579","created_at":"2026-09-20T18:47:55.206Z","updated_at":"2026-09-20T18:47:55.206Z"},{"id":"464feeef-3d03-4489-b607-bc07f94d5861","state":"InvitePending","source_platform":"truecoach","source_person_id":"s00580","display_name":"Synthetic 580","created_at":"2026-09-20T18:47:55.207Z","updated_at":"2026-09-20T18:47:55.207Z"},{"id":"8a4705f6-59aa-476b-93cb-0e979e8d4b03","state":"InvitePending","source_platform":"truecoach","source_person_id":"s00581","display_name":"Synthetic 581","created_at":"2026-09-20T18:47:55.209Z","updated_at":"2026-09-20T18:47:55.209Z"},{"id":"7b5d616d-7f02-4c70-9c4f-a43c27911f02","state":"InvitePending","source_platform":"truecoach","source_person_id":"s00582","display_name":"Synthetic 582","created_at":"2026-09-20T18:47:55.210Z","updated_at":"2026-09-20T18:47:55.210Z"},{"id":"baf38a3e-d940-4d41-9644-cbf18d1becbf","state":"InvitePending","source_platform":"truecoach","source_person_id":"s00583","display_name":"Synthetic 583","created_at":"2026-09-20T18:47:55.211Z","updated_at":"2026-09-20T18:47:55.211Z"},{"id":"a177576b-b743-406a-ac74-87b582c00d7f","state":"InvitePending","source_platform":"truecoach","source_person_id":"s00584","display_name":"Synthetic 584","created_at":"2026-09-20T18:47:55.213Z","updated_at":"2026-09-20T18:47:55.213Z"},{"id":"5f44d315-b27d-40c7-a6bc-ece0f8c9445d","state":"InvitePending","source_platform":"truecoach","source_person_id":"s00585","display_name":"Synthetic 585","created_at":"2026-09-20T18:47:55.215Z","updated_at":"2026-09-20T18:47:55.215Z"},{"id":"43b37a5a-decb-4dd4-9240-dfe57db84043","state":"InvitePending","source_platform":"truecoach","source_person_id":"s00586","display_name":"Synthetic 586","created_at":"2026-09-20T18:47:55.216Z","updated_at":"2026-09-20T18:47:55.216Z"},{"id":"2f287cd7-eb6d-4f8d-b2f3-da16813664cb","state":"InvitePending","source_platform":"truecoach","source_person_id":"s00587","display_name":"Synthetic 587","created_at":"2026-09-20T18:47:55.219Z","updated_at":"2026-09-20T18:47:55.219Z"},{"id":"c739e689-7789-4995-826b-a78664339c8f","state":"InvitePending","source_platform":"truecoach","source_person_id":"s00588","display_name":"Synthetic 588","created_at":"2026-09-20T18:47:55.221Z","updated_at":"2026-09-20T18:47:55.221Z"},{"id":"a57ead7d-1652-486d-96f3-e11aa194cf72","state":"InvitePending","source_platform":"truecoach","source_person_id":"s00589","display_name":"Synthetic 589","created_at":"2026-09-20T18:47:55.222Z","updated_at":"2026-09-20T18:47:55.222Z"},{"id":"d425d528-1c8b-41b5-843e-6e2fcb552377","state":"InvitePending","source_platform":"truecoach","source_person_id":"s00590","display_name":"Synthetic 590","created_at":"2026-09-20T18:47:55.223Z","updated_at":"2026-09-20T18:47:55.223Z"},{"id":"cdc3e9d2-d73c-4d8a-852b-754a72cd2c28","state":"InvitePending","source_platform":"truecoach","source_person_id":"s00591","display_name":"Synthetic 591","created_at":"2026-09-20T18:47:55.225Z","updated_at":"2026-09-20T18:47:55.225Z"},{"id":"458daa5b-1211-4f16-a182-b559d80c0cb3","state":"InvitePending","source_platform":"truecoach","source_person_id":"s00592","display_name":"Synthetic 592","created_at":"2026-09-20T18:47:55.226Z","updated_at":"2026-09-20T18:47:55.226Z"},{"id":"45bd78d3-fd53-4fde-9c4a-c4bed8e362b8","state":"InvitePending","source_platform":"truecoach","source_person_id":"s00593","display_name":"Synthetic 593","created_at":"2026-09-20T18:47:55.232Z","updated_at":"2026-09-20T18:47:55.232Z"},{"id":"82b5a663-57bf-453f-8d08-b4e0b5a09007","state":"InvitePending","source_platform":"truecoach","source_person_id":"s00594","display_name":"Synthetic 594","created_at":"2026-09-20T18:47:55.233Z","updated_at":"2026-09-20T18:47:55.233Z"},{"id":"87b9656c-0520-4451-ab91-4066e610ed92","state":"InvitePending","source_platform":"truecoach","source_person_id":"s00595","display_name":"Synthetic 595","created_at":"2026-09-20T18:47:55.234Z","updated_at":"2026-09-20T18:47:55.234Z"},{"id":"640c572e-557f-4559-9901-aa05ae5f8a57","state":"InvitePending","source_platform":"truecoach","source_person_id":"s00596","display_name":"Synthetic 596","created_at":"2026-09-20T18:47:55.236Z","updated_at":"2026-09-20T18:47:55.236Z"},{"id":"d4bed14c-b6d1-4571-ad28-f736cdf7eca4","state":"InvitePending","source_platform":"truecoach","source_person_id":"s00597","display_name":"Synthetic 597","created_at":"2026-09-20T18:47:55.237Z","updated_at":"2026-09-20T18:47:55.237Z"},{"id":"64562c9d-2e71-4ad4-88a3-f0a99ecd4cbc","state":"InvitePending","source_platform":"truecoach","source_person_id":"s00598","display_name":"Synthetic 598","created_at":"2026-09-20T18:47:55.239Z","updated_at":"2026-09-20T18:47:55.239Z"},{"id":"bddc9e5c-8ea8-4766-89b0-4f3b99da970c","state":"InvitePending","source_platform":"truecoach","source_person_id":"s00599","display_name":"Synthetic 599","created_at":"2026-09-20T18:47:55.240Z","updated_at":"2026-09-20T18:47:55.240Z"}],"page":{"limit":200,"next_cursor":null,"has_more":false}},"queries":8,"pid":24117}

      158 |       if (code !== 0 || !result) { reject(new Error(`worker exited ${code}: ${output}`)); return; }
      159 |       // Query shapes, outcomes, fixture identifiers and process IDs only; never parameters.
    > 160 |       console.warn('PG17_PROCESS', JSON.stringify({ name, old, options: { ...options, cursor: options.cursor ? '<cursor>' : undefined },
          |               ^
      161 |         result: result.result, failure: result.failure, queries: result.queries.length, pid: result.pid }));
      162 |       resolveDone(result);
      163 |     };

      at settleWorker (test/utils/g2-pg17-harness.ts:160:15)
      at ChildProcess.<anonymous> (test/utils/g2-pg17-harness.ts:165:51)

  console.warn
    PG17_PROCESS {"name":"g2p17_15","old":true,"options":{"family":"workouts"},"result":{"intent_id":"intent","staged":30,"reconstructed":38,"skipped":8,"failed":9},"queries":124,"pid":24158}

      158 |       if (code !== 0 || !result) { reject(new Error(`worker exited ${code}: ${output}`)); return; }
      159 |       // Query shapes, outcomes, fixture identifiers and process IDs only; never parameters.
    > 160 |       console.warn('PG17_PROCESS', JSON.stringify({ name, old, options: { ...options, cursor: options.cursor ? '<cursor>' : undefined },
          |               ^
      161 |         result: result.result, failure: result.failure, queries: result.queries.length, pid: result.pid }));
      162 |       resolveDone(result);
      163 |     };

      at settleWorker (test/utils/g2-pg17-harness.ts:160:15)
      at ChildProcess.<anonymous> (test/utils/g2-pg17-harness.ts:165:51)

  console.warn
    PG17_PROCESS {"name":"g2p17_16","old":true,"options":{},"result":{"intent_id":"intent","staged":600,"reconstructed":596,"skipped":8,"failed":21},"queries":2405,"pid":24176}

      158 |       if (code !== 0 || !result) { reject(new Error(`worker exited ${code}: ${output}`)); return; }
      159 |       // Query shapes, outcomes, fixture identifiers and process IDs only; never parameters.
    > 160 |       console.warn('PG17_PROCESS', JSON.stringify({ name, old, options: { ...options, cursor: options.cursor ? '<cursor>' : undefined },
          |               ^
      161 |         result: result.result, failure: result.failure, queries: result.queries.length, pid: result.pid }));
      162 |       resolveDone(result);
      163 |     };

      at settleWorker (test/utils/g2-pg17-harness.ts:160:15)
      at ChildProcess.<anonymous> (test/utils/g2-pg17-harness.ts:165:51)

  console.warn
    PG17_PROCESS {"name":"g2p17_17","old":true,"options":{"action":"roster","family":"clients","limit":7},"result":{"intent_id":"intent","accounting":{"staged":600,"reconstructed":596,"skipped":8,"failed":21},"persons":[],"page":{"limit":7,"next_cursor":"aDAwMDIw","has_more":true}},"queries":8,"pid":24193}

      158 |       if (code !== 0 || !result) { reject(new Error(`worker exited ${code}: ${output}`)); return; }
      159 |       // Query shapes, outcomes, fixture identifiers and process IDs only; never parameters.
    > 160 |       console.warn('PG17_PROCESS', JSON.stringify({ name, old, options: { ...options, cursor: options.cursor ? '<cursor>' : undefined },
          |               ^
      161 |         result: result.result, failure: result.failure, queries: result.queries.length, pid: result.pid }));
      162 |       resolveDone(result);
      163 |     };

      at settleWorker (test/utils/g2-pg17-harness.ts:160:15)
      at ChildProcess.<anonymous> (test/utils/g2-pg17-harness.ts:165:51)

  console.warn
    PG17_PROCESS {"name":"g2p17_18","old":true,"options":{"action":"roster","family":"clients","cursor":"<cursor>","limit":7},"result":{"intent_id":"intent","accounting":{"staged":600,"reconstructed":596,"skipped":8,"failed":21},"persons":[{"id":"1c7b7191-580d-4c5a-8104-b85b5c9c228e","state":"InvitePending","source_platform":"truecoach","source_person_id":"s00001","display_name":"Synthetic 1","created_at":"2026-09-20T18:47:54.136Z","updated_at":"2026-09-20T18:48:08.585Z"},{"id":"21f577c2-d423-489f-a036-a4c968a292e7","state":"InvitePending","source_platform":"truecoach","source_person_id":"s00002","display_name":"Synthetic 2","created_at":"2026-09-20T18:47:54.139Z","updated_at":"2026-09-20T18:48:08.589Z"},{"id":"d89dc0ef-d1f0-4def-8628-5260801da2be","state":"InvitePending","source_platform":"truecoach","source_person_id":"s00003","display_name":"Synthetic 3","created_at":"2026-09-20T18:47:54.142Z","updated_at":"2026-09-20T18:48:08.591Z"},{"id":"3c4bf505-5f4a-4a94-8d84-13c5e7c3d6e9","state":"InvitePending","source_platform":"truecoach","source_person_id":"s00004","display_name":"Synthetic 4","created_at":"2026-09-20T18:47:54.144Z","updated_at":"2026-09-20T18:48:08.593Z"},{"id":"9fb0981b-8943-4d67-90e7-a552c7ff4a4b","state":"InvitePending","source_platform":"truecoach","source_person_id":"s00005","display_name":"Synthetic 5","created_at":"2026-09-20T18:47:54.146Z","updated_at":"2026-09-20T18:48:08.595Z"},{"id":"52fd97d4-55b9-4393-a394-164d64f3ab45","state":"InvitePending","source_platform":"truecoach","source_person_id":"s00006","display_name":"Synthetic 6","created_at":"2026-09-20T18:47:54.148Z","updated_at":"2026-09-20T18:48:08.597Z"}],"page":{"limit":7,"next_cursor":"czAwMDA2","has_more":true}},"queries":8,"pid":24209}

      158 |       if (code !== 0 || !result) { reject(new Error(`worker exited ${code}: ${output}`)); return; }
      159 |       // Query shapes, outcomes, fixture identifiers and process IDs only; never parameters.
    > 160 |       console.warn('PG17_PROCESS', JSON.stringify({ name, old, options: { ...options, cursor: options.cursor ? '<cursor>' : undefined },
          |               ^
      161 |         result: result.result, failure: result.failure, queries: result.queries.length, pid: result.pid }));
      162 |       resolveDone(result);
      163 |     };

      at settleWorker (test/utils/g2-pg17-harness.ts:160:15)
      at ChildProcess.<anonymous> (test/utils/g2-pg17-harness.ts:165:51)

  console.warn
    PG17_PROCESS {"name":"g2p17_19","old":true,"options":{"action":"roster","family":"clients","cursor":"<cursor>","limit":7},"result":{"intent_id":"intent","accounting":{"staged":600,"reconstructed":596,"skipped":8,"failed":21},"persons":[{"id":"abd9e1da-f930-4b7b-8d5d-47ba0a78ec4a","state":"InvitePending","source_platform":"truecoach","source_person_id":"s00007","display_name":"Synthetic 7","created_at":"2026-09-20T18:47:54.150Z","updated_at":"2026-09-20T18:48:08.599Z"},{"id":"30a9667c-3cd8-4cab-887a-0abf94977e53","state":"InvitePending","source_platform":"truecoach","source_person_id":"s00008","display_name":"Synthetic 8","created_at":"2026-09-20T18:47:54.151Z","updated_at":"2026-09-20T18:48:08.601Z"},{"id":"54afe5ca-8c18-4464-b95f-7378047d05df","state":"InvitePending","source_platform":"truecoach","source_person_id":"s00009","display_name":"Synthetic 9","created_at":"2026-09-20T18:47:54.153Z","updated_at":"2026-09-20T18:48:08.602Z"},{"id":"d341e7f9-3b29-4830-a552-1752bed5fa47","state":"InvitePending","source_platform":"truecoach","source_person_id":"s00010","display_name":"Synthetic 10","created_at":"2026-09-20T18:47:54.155Z","updated_at":"2026-09-20T18:48:08.604Z"},{"id":"59d2cef1-344b-4d6c-9d3c-3e3b8e23cf39","state":"InvitePending","source_platform":"truecoach","source_person_id":"s00011","display_name":"Synthetic 11","created_at":"2026-09-20T18:47:54.156Z","updated_at":"2026-09-20T18:48:08.606Z"},{"id":"de6a921b-5ae5-4925-9815-97a08149ff5a","state":"InvitePending","source_platform":"truecoach","source_person_id":"s00012","display_name":"Synthetic 12","created_at":"2026-09-20T18:47:54.159Z","updated_at":"2026-09-20T18:48:08.609Z"},{"id":"6ce97681-8b95-4e6f-ae21-ced5e856e5df","state":"InvitePending","source_platform":"truecoach","source_person_id":"s00013","display_name":"Synthetic 13","created_at":"2026-09-20T18:47:54.162Z","updated_at":"2026-09-20T18:48:08.611Z"}],"page":{"limit":7,"next_cursor":"czAwMDEz","has_more":true}},"queries":8,"pid":24225}

      158 |       if (code !== 0 || !result) { reject(new Error(`worker exited ${code}: ${output}`)); return; }
      159 |       // Query shapes, outcomes, fixture identifiers and process IDs only; never parameters.
    > 160 |       console.warn('PG17_PROCESS', JSON.stringify({ name, old, options: { ...options, cursor: options.cursor ? '<cursor>' : undefined },
          |               ^
      161 |         result: result.result, failure: result.failure, queries: result.queries.length, pid: result.pid }));
      162 |       resolveDone(result);
      163 |     };

      at settleWorker (test/utils/g2-pg17-harness.ts:160:15)
      at ChildProcess.<anonymous> (test/utils/g2-pg17-harness.ts:165:51)

  console.warn
    PG17_PROCESS {"name":"g2p17_20","old":true,"options":{"action":"roster","family":"clients","cursor":"<cursor>","limit":7},"result":{"intent_id":"intent","accounting":{"staged":600,"reconstructed":596,"skipped":8,"failed":21},"persons":[{"id":"d813c1cf-434d-4212-af5c-b1eb7719cffc","state":"InvitePending","source_platform":"truecoach","source_person_id":"s00014","display_name":"Synthetic 14","created_at":"2026-09-20T18:47:54.163Z","updated_at":"2026-09-20T18:48:08.612Z"},{"id":"77f9464d-cd57-43ce-ad37-57b3ee9ac0c0","state":"InvitePending","source_platform":"truecoach","source_person_id":"s00015","display_name":"Synthetic 15","created_at":"2026-09-20T18:47:54.165Z","updated_at":"2026-09-20T18:48:08.614Z"},{"id":"7a7282d4-3a08-4f8d-8eaa-52de25f62cca","state":"InvitePending","source_platform":"truecoach","source_person_id":"s00016","display_name":"Synthetic 16","created_at":"2026-09-20T18:47:54.167Z","updated_at":"2026-09-20T18:48:08.616Z"},{"id":"7df29bfc-5480-482a-bd2e-6b01e63a082e","state":"InvitePending","source_platform":"truecoach","source_person_id":"s00017","display_name":"Synthetic 17","created_at":"2026-09-20T18:47:54.169Z","updated_at":"2026-09-20T18:48:08.617Z"},{"id":"b040093a-ec16-41d8-9fda-85353774c309","state":"InvitePending","source_platform":"truecoach","source_person_id":"s00018","display_name":"Synthetic 18","created_at":"2026-09-20T18:47:54.170Z","updated_at":"2026-09-20T18:48:08.619Z"},{"id":"891fa303-f5af-408a-ad7e-33c367ccd12f","state":"InvitePending","source_platform":"truecoach","source_person_id":"s00019","display_name":"Synthetic 19","created_at":"2026-09-20T18:47:54.172Z","updated_at":"2026-09-20T18:48:08.620Z"},{"id":"8ed5fa59-bae9-4ad8-abd9-4c9c7a790edc","state":"InvitePending","source_platform":"truecoach","source_person_id":"s00020","display_name":"Synthetic 20","created_at":"2026-09-20T18:47:54.173Z","updated_at":"2026-09-20T18:48:08.622Z"}],"page":{"limit":7,"next_cursor":"czAwMDIw","has_more":true}},"queries":8,"pid":24244}

      158 |       if (code !== 0 || !result) { reject(new Error(`worker exited ${code}: ${output}`)); return; }
      159 |       // Query shapes, outcomes, fixture identifiers and process IDs only; never parameters.
    > 160 |       console.warn('PG17_PROCESS', JSON.stringify({ name, old, options: { ...options, cursor: options.cursor ? '<cursor>' : undefined },
          |               ^
      161 |         result: result.result, failure: result.failure, queries: result.queries.length, pid: result.pid }));
      162 |       resolveDone(result);
      163 |     };

      at settleWorker (test/utils/g2-pg17-harness.ts:160:15)
      at ChildProcess.<anonymous> (test/utils/g2-pg17-harness.ts:165:51)

  console.warn
    PG17_PROCESS {"name":"g2p17_21","old":true,"options":{"action":"roster","family":"clients","cursor":"<cursor>","limit":7},"result":{"intent_id":"intent","accounting":{"staged":600,"reconstructed":596,"skipped":8,"failed":21},"persons":[{"id":"63802d88-eb34-496f-a45a-8c6605ac4054","state":"InvitePending","source_platform":"truecoach","source_person_id":"s00021","display_name":"Synthetic 21","created_at":"2026-09-20T18:47:54.175Z","updated_at":"2026-09-20T18:48:08.623Z"},{"id":"13f29592-f920-47d1-9c96-2595bbf8d758","state":"InvitePending","source_platform":"truecoach","source_person_id":"s00022","display_name":"Synthetic 22","created_at":"2026-09-20T18:47:54.177Z","updated_at":"2026-09-20T18:48:08.625Z"},{"id":"a01d3830-0639-4b3c-a5dd-22fd46e17a86","state":"InvitePending","source_platform":"truecoach","source_person_id":"s00023","display_name":"Synthetic 23","created_at":"2026-09-20T18:47:54.178Z","updated_at":"2026-09-20T18:48:08.627Z"},{"id":"191d8e53-8893-4e7b-a1bf-c3626d77f4c3","state":"InvitePending","source_platform":"truecoach","source_person_id":"s00024","display_name":"Synthetic 24","created_at":"2026-09-20T18:47:54.180Z","updated_at":"2026-09-20T18:48:08.628Z"},{"id":"c90416c1-3a39-4fcb-a2ba-e8710beed87a","state":"InvitePending","source_platform":"truecoach","source_person_id":"s00025","display_name":"Synthetic 25","created_at":"2026-09-20T18:47:54.181Z","updated_at":"2026-09-20T18:48:08.630Z"},{"id":"44dc02e4-b016-42f8-aa2f-52ea04c21593","state":"InvitePending","source_platform":"truecoach","source_person_id":"s00026","display_name":"Synthetic 26","created_at":"2026-09-20T18:47:54.183Z","updated_at":"2026-09-20T18:48:08.631Z"},{"id":"8c56f5d2-daaf-4535-a96d-54271839ac87","state":"InvitePending","source_platform":"truecoach","source_person_id":"s00027","display_name":"Synthetic 27","created_at":"2026-09-20T18:47:54.185Z","updated_at":"2026-09-20T18:48:08.633Z"}],"page":{"limit":7,"next_cursor":"czAwMDI3","has_more":true}},"queries":8,"pid":24260}

      158 |       if (code !== 0 || !result) { reject(new Error(`worker exited ${code}: ${output}`)); return; }
      159 |       // Query shapes, outcomes, fixture identifiers and process IDs only; never parameters.
    > 160 |       console.warn('PG17_PROCESS', JSON.stringify({ name, old, options: { ...options, cursor: options.cursor ? '<cursor>' : undefined },
          |               ^
      161 |         result: result.result, failure: result.failure, queries: result.queries.length, pid: result.pid }));
      162 |       resolveDone(result);
      163 |     };

      at settleWorker (test/utils/g2-pg17-harness.ts:160:15)
      at ChildProcess.<anonymous> (test/utils/g2-pg17-harness.ts:165:51)

  console.warn
    PG17_PROCESS {"name":"g2p17_22","old":true,"options":{"action":"roster","family":"clients","cursor":"<cursor>","limit":7},"result":{"intent_id":"intent","accounting":{"staged":600,"reconstructed":596,"skipped":8,"failed":21},"persons":[{"id":"1e9c9a79-5fcf-4265-bcd6-dce69089a035","state":"InvitePending","source_platform":"truecoach","source_person_id":"s00028","display_name":"Synthetic 28","created_at":"2026-09-20T18:47:54.186Z","updated_at":"2026-09-20T18:48:08.634Z"},{"id":"87b3734a-6741-4197-bce9-c0128c845f2c","state":"InvitePending","source_platform":"truecoach","source_person_id":"s00029","display_name":"Synthetic 29","created_at":"2026-09-20T18:47:54.188Z","updated_at":"2026-09-20T18:48:08.635Z"},{"id":"8a6aef55-c7ae-4480-81af-2f255c31ed0d","state":"InvitePending","source_platform":"truecoach","source_person_id":"s00030","display_name":"Synthetic 30","created_at":"2026-09-20T18:47:54.189Z","updated_at":"2026-09-20T18:48:08.637Z"},{"id":"80c197a5-4ed6-453f-b463-6f0b83b48271","state":"InvitePending","source_platform":"truecoach","source_person_id":"s00031","display_name":"Synthetic 31","created_at":"2026-09-20T18:47:54.191Z","updated_at":"2026-09-20T18:48:08.639Z"},{"id":"d9177d52-cbbb-49c3-ae20-26ab50543c4c","state":"InvitePending","source_platform":"truecoach","source_person_id":"s00032","display_name":"Synthetic 32","created_at":"2026-09-20T18:47:54.193Z","updated_at":"2026-09-20T18:48:08.640Z"},{"id":"147abd31-1056-4fe5-b57f-ff31b69b67c6","state":"InvitePending","source_platform":"truecoach","source_person_id":"s00033","display_name":"Synthetic 33","created_at":"2026-09-20T18:47:54.194Z","updated_at":"2026-09-20T18:48:08.642Z"},{"id":"76b21561-4d77-4a6b-b271-63f2373c47cc","state":"InvitePending","source_platform":"truecoach","source_person_id":"s00034","display_name":"Synthetic 34","created_at":"2026-09-20T18:47:54.196Z","updated_at":"2026-09-20T18:48:08.650Z"}],"page":{"limit":7,"next_cursor":"czAwMDM0","has_more":true}},"queries":8,"pid":24276}

      158 |       if (code !== 0 || !result) { reject(new Error(`worker exited ${code}: ${output}`)); return; }
      159 |       // Query shapes, outcomes, fixture identifiers and process IDs only; never parameters.
    > 160 |       console.warn('PG17_PROCESS', JSON.stringify({ name, old, options: { ...options, cursor: options.cursor ? '<cursor>' : undefined },
          |               ^
      161 |         result: result.result, failure: result.failure, queries: result.queries.length, pid: result.pid }));
      162 |       resolveDone(result);
      163 |     };

      at settleWorker (test/utils/g2-pg17-harness.ts:160:15)
      at ChildProcess.<anonymous> (test/utils/g2-pg17-harness.ts:165:51)

  console.warn
    PG17_PROCESS {"name":"g2p17_23","old":true,"options":{"action":"roster","family":"clients","cursor":"<cursor>","limit":7},"result":{"intent_id":"intent","accounting":{"staged":600,"reconstructed":596,"skipped":8,"failed":21},"persons":[{"id":"ebe3d97e-a36e-4472-8ddb-581331408684","state":"InvitePending","source_platform":"truecoach","source_person_id":"s00035","display_name":"Synthetic 35","created_at":"2026-09-20T18:47:54.203Z","updated_at":"2026-09-20T18:48:08.651Z"},{"id":"ab3064ed-8176-4ca4-bad1-da103f3f4a39","state":"InvitePending","source_platform":"truecoach","source_person_id":"s00036","display_name":"Synthetic 36","created_at":"2026-09-20T18:47:54.204Z","updated_at":"2026-09-20T18:48:08.653Z"},{"id":"8dd636c8-84b7-4438-a4d0-5ceab3fddd44","state":"InvitePending","source_platform":"truecoach","source_person_id":"s00037","display_name":"Synthetic 37","created_at":"2026-09-20T18:47:54.206Z","updated_at":"2026-09-20T18:48:08.654Z"},{"id":"0af4d75e-6340-411b-993a-f735500013c5","state":"InvitePending","source_platform":"truecoach","source_person_id":"s00038","display_name":"Synthetic 38","created_at":"2026-09-20T18:47:54.207Z","updated_at":"2026-09-20T18:48:08.656Z"},{"id":"aca5d694-6b88-4bca-80f8-bcbd798b099f","state":"InvitePending","source_platform":"truecoach","source_person_id":"s00039","display_name":"Synthetic 39","created_at":"2026-09-20T18:47:54.209Z","updated_at":"2026-09-20T18:48:08.657Z"},{"id":"e9ff8291-f84b-47a6-adeb-2a79de579e06","state":"InvitePending","source_platform":"truecoach","source_person_id":"s00040","display_name":"Synthetic 40","created_at":"2026-09-20T18:47:54.210Z","updated_at":"2026-09-20T18:48:08.659Z"},{"id":"0a098990-f15c-4538-9fa4-a8b21bf86c9f","state":"InvitePending","source_platform":"truecoach","source_person_id":"s00041","display_name":"Synthetic 41","created_at":"2026-09-20T18:47:54.212Z","updated_at":"2026-09-20T18:48:08.660Z"}],"page":{"limit":7,"next_cursor":"czAwMDQx","has_more":true}},"queries":8,"pid":24292}

      158 |       if (code !== 0 || !result) { reject(new Error(`worker exited ${code}: ${output}`)); return; }
      159 |       // Query shapes, outcomes, fixture identifiers and process IDs only; never parameters.
    > 160 |       console.warn('PG17_PROCESS', JSON.stringify({ name, old, options: { ...options, cursor: options.cursor ? '<cursor>' : undefined },
          |               ^
      161 |         result: result.result, failure: result.failure, queries: result.queries.length, pid: result.pid }));
      162 |       resolveDone(result);
      163 |     };

      at settleWorker (test/utils/g2-pg17-harness.ts:160:15)
      at ChildProcess.<anonymous> (test/utils/g2-pg17-harness.ts:165:51)

  console.warn
    PG17_PROCESS {"name":"g2p17_24","old":true,"options":{"action":"roster","family":"clients","cursor":"<cursor>","limit":7},"result":{"intent_id":"intent","accounting":{"staged":600,"reconstructed":596,"skipped":8,"failed":21},"persons":[{"id":"1836caed-f83e-4290-b6d3-0bc4388b5df7","state":"InvitePending","source_platform":"truecoach","source_person_id":"s00042","display_name":"Synthetic 42","created_at":"2026-09-20T18:47:54.213Z","updated_at":"2026-09-20T18:48:08.661Z"},{"id":"0d08efdd-8247-4f87-8284-ae6d48e87afe","state":"InvitePending","source_platform":"truecoach","source_person_id":"s00043","display_name":"Synthetic 43","created_at":"2026-09-20T18:47:54.214Z","updated_at":"2026-09-20T18:48:08.663Z"},{"id":"5d91e22c-8d0d-40c1-929a-eeddddc18eb4","state":"InvitePending","source_platform":"truecoach","source_person_id":"s00044","display_name":"Synthetic 44","created_at":"2026-09-20T18:47:54.216Z","updated_at":"2026-09-20T18:48:08.664Z"},{"id":"7604c3e1-95d9-45c1-aa77-b32d291de6a5","state":"InvitePending","source_platform":"truecoach","source_person_id":"s00045","display_name":"Synthetic 45","created_at":"2026-09-20T18:47:54.217Z","updated_at":"2026-09-20T18:48:08.666Z"},{"id":"01ad2dc4-5b8f-44d8-8bbf-076d03aef9a0","state":"InvitePending","source_platform":"truecoach","source_person_id":"s00046","display_name":"Synthetic 46","created_at":"2026-09-20T18:47:54.219Z","updated_at":"2026-09-20T18:48:08.667Z"},{"id":"c1c01d38-0425-4354-a65d-53dba5da3cc6","state":"InvitePending","source_platform":"truecoach","source_person_id":"s00047","display_name":"Synthetic 47","created_at":"2026-09-20T18:47:54.220Z","updated_at":"2026-09-20T18:48:08.668Z"},{"id":"7ba14b09-16d8-4014-95bf-b7355f3e6168","state":"InvitePending","source_platform":"truecoach","source_person_id":"s00048","display_name":"Synthetic 48","created_at":"2026-09-20T18:47:54.222Z","updated_at":"2026-09-20T18:48:08.670Z"}],"page":{"limit":7,"next_cursor":"czAwMDQ4","has_more":true}},"queries":8,"pid":24308}

      158 |       if (code !== 0 || !result) { reject(new Error(`worker exited ${code}: ${output}`)); return; }
      159 |       // Query shapes, outcomes, fixture identifiers and process IDs only; never parameters.
    > 160 |       console.warn('PG17_PROCESS', JSON.stringify({ name, old, options: { ...options, cursor: options.cursor ? '<cursor>' : undefined },
          |               ^
      161 |         result: result.result, failure: result.failure, queries: result.queries.length, pid: result.pid }));
      162 |       resolveDone(result);
      163 |     };

      at settleWorker (test/utils/g2-pg17-harness.ts:160:15)
      at ChildProcess.<anonymous> (test/utils/g2-pg17-harness.ts:165:51)

  console.warn
    PG17_PROCESS {"name":"g2p17_25","old":true,"options":{"action":"roster","family":"clients","cursor":"<cursor>","limit":7},"result":{"intent_id":"intent","accounting":{"staged":600,"reconstructed":596,"skipped":8,"failed":21},"persons":[{"id":"9de5ea24-7ae5-4544-8ffc-fe52e92402ac","state":"InvitePending","source_platform":"truecoach","source_person_id":"s00049","display_name":"Synthetic 49","created_at":"2026-09-20T18:47:54.224Z","updated_at":"2026-09-20T18:48:08.672Z"},{"id":"fbacc7b5-b45d-44a7-ad5b-0326b201cc0d","state":"InvitePending","source_platform":"truecoach","source_person_id":"s00051","display_name":"Synthetic 51","created_at":"2026-09-20T18:47:54.236Z","updated_at":"2026-09-20T18:48:08.684Z"},{"id":"4f6a7767-9166-4756-af11-a24ffec2a8cc","state":"InvitePending","source_platform":"truecoach","source_person_id":"s00052","display_name":"Synthetic 52","created_at":"2026-09-20T18:47:54.238Z","updated_at":"2026-09-20T18:48:08.685Z"},{"id":"8c268dda-93f0-444e-9266-6256f3352439","state":"InvitePending","source_platform":"truecoach","source_person_id":"s00053","display_name":"Synthetic 53","created_at":"2026-09-20T18:47:54.240Z","updated_at":"2026-09-20T18:48:08.687Z"},{"id":"9fd06c74-574e-47df-a48c-2f8f0929646b","state":"InvitePending","source_platform":"truecoach","source_person_id":"s00054","display_name":"Synthetic 54","created_at":"2026-09-20T18:47:54.241Z","updated_at":"2026-09-20T18:48:08.688Z"},{"id":"d9cce0f9-78c3-42ae-9f6f-ed4a3b6e3288","state":"InvitePending","source_platform":"truecoach","source_person_id":"s00055","display_name":"Synthetic 55","created_at":"2026-09-20T18:47:54.242Z","updated_at":"2026-09-20T18:48:08.690Z"},{"id":"16f0a47d-889e-4888-9c59-ea583e09472f","state":"InvitePending","source_platform":"truecoach","source_person_id":"s00056","display_name":"Synthetic 56","created_at":"2026-09-20T18:47:54.244Z","updated_at":"2026-09-20T18:48:08.691Z"}],"page":{"limit":7,"next_cursor":"czAwMDU2","has_more":true}},"queries":8,"pid":24324}

      158 |       if (code !== 0 || !result) { reject(new Error(`worker exited ${code}: ${output}`)); return; }
      159 |       // Query shapes, outcomes, fixture identifiers and process IDs only; never parameters.
    > 160 |       console.warn('PG17_PROCESS', JSON.stringify({ name, old, options: { ...options, cursor: options.cursor ? '<cursor>' : undefined },
          |               ^
      161 |         result: result.result, failure: result.failure, queries: result.queries.length, pid: result.pid }));
      162 |       resolveDone(result);
      163 |     };

      at settleWorker (test/utils/g2-pg17-harness.ts:160:15)
      at ChildProcess.<anonymous> (test/utils/g2-pg17-harness.ts:165:51)

  console.warn
    PG17_PROCESS {"name":"g2p17_26","old":true,"options":{"action":"roster","family":"clients","cursor":"<cursor>","limit":7},"result":{"intent_id":"intent","accounting":{"staged":600,"reconstructed":596,"skipped":8,"failed":21},"persons":[{"id":"74a95cf6-34df-423f-8155-35b73fd08d87","state":"InvitePending","source_platform":"truecoach","source_person_id":"s00057","display_name":"Synthetic 57","created_at":"2026-09-20T18:47:54.245Z","updated_at":"2026-09-20T18:48:08.692Z"},{"id":"0411fb54-3a3a-4515-899c-6222d8739b73","state":"InvitePending","source_platform":"truecoach","source_person_id":"s00058","display_name":"Synthetic 58","created_at":"2026-09-20T18:47:54.247Z","updated_at":"2026-09-20T18:48:08.694Z"},{"id":"25c6c76f-ae19-406a-8133-cb9bf8cdb8f2","state":"InvitePending","source_platform":"truecoach","source_person_id":"s00059","display_name":"Synthetic 59","created_at":"2026-09-20T18:47:54.248Z","updated_at":"2026-09-20T18:48:08.695Z"},{"id":"f96477d8-417f-4bc8-9256-ce9e44138170","state":"InvitePending","source_platform":"truecoach","source_person_id":"s00060","display_name":"Synthetic 60","created_at":"2026-09-20T18:47:54.249Z","updated_at":"2026-09-20T18:48:08.697Z"},{"id":"b62680f9-ef14-464d-a193-ecd09a72cab5","state":"InvitePending","source_platform":"truecoach","source_person_id":"s00061","display_name":"Synthetic 61","created_at":"2026-09-20T18:47:54.251Z","updated_at":"2026-09-20T18:48:08.698Z"},{"id":"abd257b4-5e4a-47df-b5a7-0775d076563a","state":"InvitePending","source_platform":"truecoach","source_person_id":"s00062","display_name":"Synthetic 62","created_at":"2026-09-20T18:47:54.252Z","updated_at":"2026-09-20T18:48:08.700Z"},{"id":"bacab913-7097-4cdb-ac56-97e235458d22","state":"InvitePending","source_platform":"truecoach","source_person_id":"s00063","display_name":"Synthetic 63","created_at":"2026-09-20T18:47:54.254Z","updated_at":"2026-09-20T18:48:08.701Z"}],"page":{"limit":7,"next_cursor":"czAwMDYz","has_more":true}},"queries":8,"pid":24340}

      158 |       if (code !== 0 || !result) { reject(new Error(`worker exited ${code}: ${output}`)); return; }
      159 |       // Query shapes, outcomes, fixture identifiers and process IDs only; never parameters.
    > 160 |       console.warn('PG17_PROCESS', JSON.stringify({ name, old, options: { ...options, cursor: options.cursor ? '<cursor>' : undefined },
          |               ^
      161 |         result: result.result, failure: result.failure, queries: result.queries.length, pid: result.pid }));
      162 |       resolveDone(result);
      163 |     };

      at settleWorker (test/utils/g2-pg17-harness.ts:160:15)
      at ChildProcess.<anonymous> (test/utils/g2-pg17-harness.ts:165:51)

  console.warn
    PG17_PROCESS {"name":"g2p17_27","old":true,"options":{"action":"entities","family":"workouts","limit":7},"result":{"intent_id":"intent","family":"workouts","entities":[],"page_count":0,"next_cursor":"eyJjIjoiY29hY2giLCJpIjoiaW50ZW50IiwiZiI6IndvcmtvdXRzIiwibyI6InNvdXJjZV9pZDphc2MiLCJzIjoiaDAwMDIwIn0"},"queries":6,"pid":24356}

      158 |       if (code !== 0 || !result) { reject(new Error(`worker exited ${code}: ${output}`)); return; }
      159 |       // Query shapes, outcomes, fixture identifiers and process IDs only; never parameters.
    > 160 |       console.warn('PG17_PROCESS', JSON.stringify({ name, old, options: { ...options, cursor: options.cursor ? '<cursor>' : undefined },
          |               ^
      161 |         result: result.result, failure: result.failure, queries: result.queries.length, pid: result.pid }));
      162 |       resolveDone(result);
      163 |     };

      at settleWorker (test/utils/g2-pg17-harness.ts:160:15)
      at ChildProcess.<anonymous> (test/utils/g2-pg17-harness.ts:165:51)

  console.warn
    PG17_PROCESS {"name":"g2p17_28","old":true,"options":{"action":"entities","family":"workouts","cursor":"<cursor>","limit":7},"result":{"intent_id":"intent","family":"workouts","entities":[{"id":"846a5879-45e0-4ae6-9acf-6a03b35fcaa5","source_platform":"truecoach","entity_type":"workouts","source_id":"w00001","client_source_id":"client-1","label":"Synthetic 1","created_at":"2026-09-20T18:48:07.656Z","updated_at":"2026-09-20T18:48:07.656Z"},{"id":"0bf6d792-dab2-40fc-bd35-9dd67eb62db9","source_platform":"truecoach","entity_type":"workouts","source_id":"w00002","client_source_id":"client-2","label":"Synthetic 2","created_at":"2026-09-20T18:48:07.659Z","updated_at":"2026-09-20T18:48:07.659Z"},{"id":"0ca7dc97-300a-4e01-95cc-cff3e9355d40","source_platform":"truecoach","entity_type":"workouts","source_id":"w00003","client_source_id":"client-3","label":"Synthetic 3","created_at":"2026-09-20T18:48:07.661Z","updated_at":"2026-09-20T18:48:07.661Z"},{"id":"15f9f6ba-6088-45e7-a020-954e2187b405","source_platform":"truecoach","entity_type":"workouts","source_id":"w00004","client_source_id":"client-4","label":"Synthetic 4","created_at":"2026-09-20T18:48:07.663Z","updated_at":"2026-09-20T18:48:07.663Z"},{"id":"1adc642b-cd02-45b3-86e3-b6e496a140fa","source_platform":"truecoach","entity_type":"workouts","source_id":"w00005","client_source_id":"client-5","label":"Synthetic 5","created_at":"2026-09-20T18:48:07.665Z","updated_at":"2026-09-20T18:48:07.665Z"},{"id":"80ca2a07-9d10-4535-91f0-7d15541486d8","source_platform":"truecoach","entity_type":"workouts","source_id":"w00006","client_source_id":"client-6","label":"Synthetic 6","created_at":"2026-09-20T18:48:07.667Z","updated_at":"2026-09-20T18:48:07.667Z"}],"page_count":6,"next_cursor":"eyJjIjoiY29hY2giLCJpIjoiaW50ZW50IiwiZiI6IndvcmtvdXRzIiwibyI6InNvdXJjZV9pZDphc2MiLCJzIjoidzAwMDA2In0"},"queries":6,"pid":24373}

      158 |       if (code !== 0 || !result) { reject(new Error(`worker exited ${code}: ${output}`)); return; }
      159 |       // Query shapes, outcomes, fixture identifiers and process IDs only; never parameters.
    > 160 |       console.warn('PG17_PROCESS', JSON.stringify({ name, old, options: { ...options, cursor: options.cursor ? '<cursor>' : undefined },
          |               ^
      161 |         result: result.result, failure: result.failure, queries: result.queries.length, pid: result.pid }));
      162 |       resolveDone(result);
      163 |     };

      at settleWorker (test/utils/g2-pg17-harness.ts:160:15)
      at ChildProcess.<anonymous> (test/utils/g2-pg17-harness.ts:165:51)

  console.warn
    PG17_PROCESS {"name":"g2p17_29","old":true,"options":{"action":"entities","family":"workouts","cursor":"<cursor>","limit":7},"result":{"intent_id":"intent","family":"workouts","entities":[{"id":"3988bba1-d250-4803-a5fd-55c6684bb810","source_platform":"truecoach","entity_type":"workouts","source_id":"w00007","client_source_id":"client-7","label":"Synthetic 7","created_at":"2026-09-20T18:48:07.669Z","updated_at":"2026-09-20T18:48:07.669Z"},{"id":"a6e6b746-ad7c-4c3d-972a-e853de5e3d27","source_platform":"truecoach","entity_type":"workouts","source_id":"w00008","client_source_id":"client-8","label":"Synthetic 8","created_at":"2026-09-20T18:48:07.671Z","updated_at":"2026-09-20T18:48:07.671Z"},{"id":"239d995c-26d7-4235-982f-350a677edcef","source_platform":"truecoach","entity_type":"workouts","source_id":"w00009","client_source_id":"client-9","label":"Synthetic 9","created_at":"2026-09-20T18:48:07.673Z","updated_at":"2026-09-20T18:48:07.673Z"},{"id":"16fa4ee4-b13f-42b3-a99f-ffdf2244d337","source_platform":"truecoach","entity_type":"workouts","source_id":"w00010","client_source_id":"client-10","label":"Synthetic 10","created_at":"2026-09-20T18:48:07.674Z","updated_at":"2026-09-20T18:48:07.674Z"},{"id":"4fdcfdcd-5f51-49ce-a69d-f9b4202f4190","source_platform":"truecoach","entity_type":"workouts","source_id":"w00011","client_source_id":"client-11","label":"Synthetic 11","created_at":"2026-09-20T18:48:07.676Z","updated_at":"2026-09-20T18:48:07.676Z"},{"id":"241f6383-1e49-42cc-b915-e8bb7ff8f140","source_platform":"truecoach","entity_type":"workouts","source_id":"w00012","client_source_id":"client-12","label":"Synthetic 12","created_at":"2026-09-20T18:48:07.679Z","updated_at":"2026-09-20T18:48:07.679Z"},{"id":"c93cafbd-7fd2-402d-b544-29d7eed2a07d","source_platform":"truecoach","entity_type":"workouts","source_id":"w00013","client_source_id":"client-13","label":"Synthetic 13","created_at":"2026-09-20T18:48:07.681Z","updated_at":"2026-09-20T18:48:07.681Z"}],"page_count":7,"next_cursor":"eyJjIjoiY29hY2giLCJpIjoiaW50ZW50IiwiZiI6IndvcmtvdXRzIiwibyI6InNvdXJjZV9pZDphc2MiLCJzIjoidzAwMDEzIn0"},"queries":6,"pid":24389}

      158 |       if (code !== 0 || !result) { reject(new Error(`worker exited ${code}: ${output}`)); return; }
      159 |       // Query shapes, outcomes, fixture identifiers and process IDs only; never parameters.
    > 160 |       console.warn('PG17_PROCESS', JSON.stringify({ name, old, options: { ...options, cursor: options.cursor ? '<cursor>' : undefined },
          |               ^
      161 |         result: result.result, failure: result.failure, queries: result.queries.length, pid: result.pid }));
      162 |       resolveDone(result);
      163 |     };

      at settleWorker (test/utils/g2-pg17-harness.ts:160:15)
      at ChildProcess.<anonymous> (test/utils/g2-pg17-harness.ts:165:51)

  console.warn
    PG17_PROCESS {"name":"g2p17_30","old":true,"options":{"action":"entities","family":"workouts","cursor":"<cursor>","limit":7},"result":{"intent_id":"intent","family":"workouts","entities":[{"id":"368b38d5-cbad-4197-b23f-30fe28511a95","source_platform":"truecoach","entity_type":"workouts","source_id":"w00014","client_source_id":"client-14","label":"Synthetic 14","created_at":"2026-09-20T18:48:07.682Z","updated_at":"2026-09-20T18:48:07.682Z"},{"id":"de9678fc-27c3-4052-a2fe-841c9515a7db","source_platform":"truecoach","entity_type":"workouts","source_id":"w00015","client_source_id":"client-15","label":"Synthetic 15","created_at":"2026-09-20T18:48:07.684Z","updated_at":"2026-09-20T18:48:07.684Z"},{"id":"2db03c36-527b-4661-9ab2-25968fd9053e","source_platform":"truecoach","entity_type":"workouts","source_id":"w00016","client_source_id":"client-16","label":"Synthetic 16","created_at":"2026-09-20T18:48:07.685Z","updated_at":"2026-09-20T18:48:07.685Z"},{"id":"d023c28c-2df6-458c-bacd-50f5c6428ba4","source_platform":"truecoach","entity_type":"workouts","source_id":"w00017","client_source_id":"client-17","label":"Synthetic 17","created_at":"2026-09-20T18:48:07.687Z","updated_at":"2026-09-20T18:48:07.687Z"},{"id":"aa8d278b-e52c-4564-b490-1416f4f10fde","source_platform":"truecoach","entity_type":"workouts","source_id":"w00018","client_source_id":"client-18","label":"Synthetic 18","created_at":"2026-09-20T18:48:07.688Z","updated_at":"2026-09-20T18:48:07.688Z"},{"id":"e5d0db2b-927d-4f0c-b219-4da4eed72265","source_platform":"truecoach","entity_type":"workouts","source_id":"w00019","client_source_id":"client-19","label":"Synthetic 19","created_at":"2026-09-20T18:48:07.690Z","updated_at":"2026-09-20T18:48:07.690Z"},{"id":"e632e6da-2f27-4d7c-98fb-4f49ee5a4f87","source_platform":"truecoach","entity_type":"workouts","source_id":"w00020","client_source_id":"client-20","label":"Synthetic 20","created_at":"2026-09-20T18:48:07.691Z","updated_at":"2026-09-20T18:48:07.691Z"}],"page_count":7,"next_cursor":"eyJjIjoiY29hY2giLCJpIjoiaW50ZW50IiwiZiI6IndvcmtvdXRzIiwibyI6InNvdXJjZV9pZDphc2MiLCJzIjoidzAwMDIwIn0"},"queries":6,"pid":24405}

      158 |       if (code !== 0 || !result) { reject(new Error(`worker exited ${code}: ${output}`)); return; }
      159 |       // Query shapes, outcomes, fixture identifiers and process IDs only; never parameters.
    > 160 |       console.warn('PG17_PROCESS', JSON.stringify({ name, old, options: { ...options, cursor: options.cursor ? '<cursor>' : undefined },
          |               ^
      161 |         result: result.result, failure: result.failure, queries: result.queries.length, pid: result.pid }));
      162 |       resolveDone(result);
      163 |     };

      at settleWorker (test/utils/g2-pg17-harness.ts:160:15)
      at ChildProcess.<anonymous> (test/utils/g2-pg17-harness.ts:165:51)

  console.warn
    PG17_PROCESS {"name":"g2p17_31","old":true,"options":{"action":"entities","family":"workouts","cursor":"<cursor>","limit":7},"result":{"intent_id":"intent","family":"workouts","entities":[{"id":"1282f9b2-1932-45b1-a248-e2fc911cb433","source_platform":"truecoach","entity_type":"workouts","source_id":"w00021","client_source_id":"client-21","label":"Synthetic 21","created_at":"2026-09-20T18:48:07.693Z","updated_at":"2026-09-20T18:48:07.693Z"},{"id":"e152f12f-8fa7-4154-b35e-8cf8d3e75912","source_platform":"truecoach","entity_type":"workouts","source_id":"w00022","client_source_id":"client-22","label":"Synthetic 22","created_at":"2026-09-20T18:48:07.694Z","updated_at":"2026-09-20T18:48:07.694Z"},{"id":"54e36fb7-add9-46b8-8870-0297eb79b65d","source_platform":"truecoach","entity_type":"workouts","source_id":"w00023","client_source_id":"client-23","label":"Synthetic 23","created_at":"2026-09-20T18:48:07.696Z","updated_at":"2026-09-20T18:48:07.696Z"},{"id":"a193dcaa-03b2-4676-9cbb-a653bbd6acda","source_platform":"truecoach","entity_type":"workouts","source_id":"w00024","client_source_id":"client-24","label":"Synthetic 24","created_at":"2026-09-20T18:48:07.698Z","updated_at":"2026-09-20T18:48:07.698Z"},{"id":"98bed0a1-79d6-48cd-be99-5d2d1fb59f13","source_platform":"truecoach","entity_type":"workouts","source_id":"w00025","client_source_id":"client-25","label":"Synthetic 25","created_at":"2026-09-20T18:48:07.699Z","updated_at":"2026-09-20T18:48:07.699Z"},{"id":"46bd7f97-41c6-4d65-94da-dcc158381b56","source_platform":"truecoach","entity_type":"workouts","source_id":"w00026","client_source_id":"client-26","label":"Synthetic 26","created_at":"2026-09-20T18:48:07.701Z","updated_at":"2026-09-20T18:48:07.701Z"},{"id":"865f008f-4d07-4c9b-a9e0-5c17272503e6","source_platform":"truecoach","entity_type":"workouts","source_id":"w00027","client_source_id":"client-27","label":"Synthetic 27","created_at":"2026-09-20T18:48:07.702Z","updated_at":"2026-09-20T18:48:07.702Z"}],"page_count":7,"next_cursor":"eyJjIjoiY29hY2giLCJpIjoiaW50ZW50IiwiZiI6IndvcmtvdXRzIiwibyI6InNvdXJjZV9pZDphc2MiLCJzIjoidzAwMDI3In0"},"queries":6,"pid":24421}

      158 |       if (code !== 0 || !result) { reject(new Error(`worker exited ${code}: ${output}`)); return; }
      159 |       // Query shapes, outcomes, fixture identifiers and process IDs only; never parameters.
    > 160 |       console.warn('PG17_PROCESS', JSON.stringify({ name, old, options: { ...options, cursor: options.cursor ? '<cursor>' : undefined },
          |               ^
      161 |         result: result.result, failure: result.failure, queries: result.queries.length, pid: result.pid }));
      162 |       resolveDone(result);
      163 |     };

      at settleWorker (test/utils/g2-pg17-harness.ts:160:15)
      at ChildProcess.<anonymous> (test/utils/g2-pg17-harness.ts:165:51)

  console.warn
    PG17_PROCESS {"name":"g2p17_32","old":true,"options":{"action":"entities","family":"workouts","cursor":"<cursor>","limit":7},"result":{"intent_id":"intent","family":"workouts","entities":[{"id":"f5dbca67-49d3-4dbd-86dd-ad388482efa0","source_platform":"truecoach","entity_type":"workouts","source_id":"w00028","client_source_id":"client-28","label":"Synthetic 28","created_at":"2026-09-20T18:48:07.704Z","updated_at":"2026-09-20T18:48:07.704Z"},{"id":"555ed926-a7a8-4b1c-98b1-8d4c09240dbb","source_platform":"truecoach","entity_type":"workouts","source_id":"w00029","client_source_id":"client-29","label":"Synthetic 29","created_at":"2026-09-20T18:48:07.705Z","updated_at":"2026-09-20T18:48:07.705Z"},{"id":"4664bda1-d8b0-4cde-9795-26f302c35de9","source_platform":"truecoach","entity_type":"workouts","source_id":"w00030","client_source_id":"client-30","label":"Synthetic 30","created_at":"2026-09-20T18:48:07.707Z","updated_at":"2026-09-20T18:48:07.707Z"}],"page_count":3,"next_cursor":null},"queries":6,"pid":24438}

      158 |       if (code !== 0 || !result) { reject(new Error(`worker exited ${code}: ${output}`)); return; }
      159 |       // Query shapes, outcomes, fixture identifiers and process IDs only; never parameters.
    > 160 |       console.warn('PG17_PROCESS', JSON.stringify({ name, old, options: { ...options, cursor: options.cursor ? '<cursor>' : undefined },
          |               ^
      161 |         result: result.result, failure: result.failure, queries: result.queries.length, pid: result.pid }));
      162 |       resolveDone(result);
      163 |     };

      at settleWorker (test/utils/g2-pg17-harness.ts:160:15)
      at ChildProcess.<anonymous> (test/utils/g2-pg17-harness.ts:165:51)

  console.warn
    PG17_PROCESS {"name":"g2p17_33","old":false,"options":{},"result":{"intent_id":"intent","staged":1050,"reconstructed":1040,"skipped":0,"failed":10},"queries":8426,"pid":24722}

      158 |       if (code !== 0 || !result) { reject(new Error(`worker exited ${code}: ${output}`)); return; }
      159 |       // Query shapes, outcomes, fixture identifiers and process IDs only; never parameters.
    > 160 |       console.warn('PG17_PROCESS', JSON.stringify({ name, old, options: { ...options, cursor: options.cursor ? '<cursor>' : undefined },
          |               ^
      161 |         result: result.result, failure: result.failure, queries: result.queries.length, pid: result.pid }));
      162 |       resolveDone(result);
      163 |     };

      at settleWorker (test/utils/g2-pg17-harness.ts:160:15)
      at ChildProcess.<anonymous> (test/utils/g2-pg17-harness.ts:165:51)

  console.warn
    PG17_PROCESS {"name":"g2p17_34","old":false,"options":{},"result":{"intent_id":"intent","staged":1050,"reconstructed":1040,"skipped":0,"failed":10},"queries":8426,"pid":24750}

      158 |       if (code !== 0 || !result) { reject(new Error(`worker exited ${code}: ${output}`)); return; }
      159 |       // Query shapes, outcomes, fixture identifiers and process IDs only; never parameters.
    > 160 |       console.warn('PG17_PROCESS', JSON.stringify({ name, old, options: { ...options, cursor: options.cursor ? '<cursor>' : undefined },
          |               ^
      161 |         result: result.result, failure: result.failure, queries: result.queries.length, pid: result.pid }));
      162 |       resolveDone(result);
      163 |     };

      at settleWorker (test/utils/g2-pg17-harness.ts:160:15)
      at ChildProcess.<anonymous> (test/utils/g2-pg17-harness.ts:165:51)

  console.warn
    PG17_PROCESS {"name":"g2p17_35","old":false,"options":{},"result":{"intent_id":"intent","staged":1,"reconstructed":1,"skipped":0,"failed":0},"queries":12,"pid":24792}

      158 |       if (code !== 0 || !result) { reject(new Error(`worker exited ${code}: ${output}`)); return; }
      159 |       // Query shapes, outcomes, fixture identifiers and process IDs only; never parameters.
    > 160 |       console.warn('PG17_PROCESS', JSON.stringify({ name, old, options: { ...options, cursor: options.cursor ? '<cursor>' : undefined },
          |               ^
      161 |         result: result.result, failure: result.failure, queries: result.queries.length, pid: result.pid }));
      162 |       resolveDone(result);
      163 |     };

      at settleWorker (test/utils/g2-pg17-harness.ts:160:15)
      at ChildProcess.<anonymous> (test/utils/g2-pg17-harness.ts:165:51)

  console.warn
    PG17_PROCESS {"name":"g2p17_36","old":false,"options":{"coach":"other"},"result":{"intent_id":"intent","staged":0,"reconstructed":1,"skipped":0,"failed":0},"queries":3,"pid":24812}

      158 |       if (code !== 0 || !result) { reject(new Error(`worker exited ${code}: ${output}`)); return; }
      159 |       // Query shapes, outcomes, fixture identifiers and process IDs only; never parameters.
    > 160 |       console.warn('PG17_PROCESS', JSON.stringify({ name, old, options: { ...options, cursor: options.cursor ? '<cursor>' : undefined },
          |               ^
      161 |         result: result.result, failure: result.failure, queries: result.queries.length, pid: result.pid }));
      162 |       resolveDone(result);
      163 |     };

      at settleWorker (test/utils/g2-pg17-harness.ts:160:15)
      at ChildProcess.<anonymous> (test/utils/g2-pg17-harness.ts:165:51)

  console.warn
    PG17_PROCESS {"name":"g2p17_37","old":false,"options":{},"result":{"intent_id":"intent","staged":4,"reconstructed":2,"skipped":1,"failed":1},"queries":37,"pid":24842}

      158 |       if (code !== 0 || !result) { reject(new Error(`worker exited ${code}: ${output}`)); return; }
      159 |       // Query shapes, outcomes, fixture identifiers and process IDs only; never parameters.
    > 160 |       console.warn('PG17_PROCESS', JSON.stringify({ name, old, options: { ...options, cursor: options.cursor ? '<cursor>' : undefined },
          |               ^
      161 |         result: result.result, failure: result.failure, queries: result.queries.length, pid: result.pid }));
      162 |       resolveDone(result);
      163 |     };

      at settleWorker (test/utils/g2-pg17-harness.ts:160:15)
      at ChildProcess.<anonymous> (test/utils/g2-pg17-harness.ts:165:51)

  console.warn
    PG17_PROCESS {"name":"g2p17_38","old":false,"options":{},"result":{"intent_id":"intent","staged":4,"reconstructed":2,"skipped":1,"failed":1},"queries":37,"pid":24860}

      158 |       if (code !== 0 || !result) { reject(new Error(`worker exited ${code}: ${output}`)); return; }
      159 |       // Query shapes, outcomes, fixture identifiers and process IDs only; never parameters.
    > 160 |       console.warn('PG17_PROCESS', JSON.stringify({ name, old, options: { ...options, cursor: options.cursor ? '<cursor>' : undefined },
          |               ^
      161 |         result: result.result, failure: result.failure, queries: result.queries.length, pid: result.pid }));
      162 |       resolveDone(result);
      163 |     };

      at settleWorker (test/utils/g2-pg17-harness.ts:160:15)
      at ChildProcess.<anonymous> (test/utils/g2-pg17-harness.ts:165:51)

  console.warn
    PG17_PROCESS {"name":"g2p17_39","old":false,"options":{},"result":{"intent_id":"intent","staged":1,"reconstructed":1,"skipped":0,"failed":0},"queries":12,"pid":24886}

      158 |       if (code !== 0 || !result) { reject(new Error(`worker exited ${code}: ${output}`)); return; }
      159 |       // Query shapes, outcomes, fixture identifiers and process IDs only; never parameters.
    > 160 |       console.warn('PG17_PROCESS', JSON.stringify({ name, old, options: { ...options, cursor: options.cursor ? '<cursor>' : undefined },
          |               ^
      161 |         result: result.result, failure: result.failure, queries: result.queries.length, pid: result.pid }));
      162 |       resolveDone(result);
      163 |     };

      at settleWorker (test/utils/g2-pg17-harness.ts:160:15)
      at ChildProcess.<anonymous> (test/utils/g2-pg17-harness.ts:165:51)

  console.warn
    PG17_PROCESS {"name":"g2p17_40","old":false,"options":{"mapper":"skip"},"result":{"intent_id":"intent","staged":1,"reconstructed":0,"skipped":1,"failed":0},"queries":11,"pid":24912}

      158 |       if (code !== 0 || !result) { reject(new Error(`worker exited ${code}: ${output}`)); return; }
      159 |       // Query shapes, outcomes, fixture identifiers and process IDs only; never parameters.
    > 160 |       console.warn('PG17_PROCESS', JSON.stringify({ name, old, options: { ...options, cursor: options.cursor ? '<cursor>' : undefined },
          |               ^
      161 |         result: result.result, failure: result.failure, queries: result.queries.length, pid: result.pid }));
      162 |       resolveDone(result);
      163 |     };

      at settleWorker (test/utils/g2-pg17-harness.ts:160:15)
      at ChildProcess.<anonymous> (test/utils/g2-pg17-harness.ts:165:51)

  console.warn
    PG17_PROCESS {"name":"g2p17_41","old":false,"options":{},"result":{"intent_id":"intent","staged":1,"reconstructed":0,"skipped":0,"failed":1},"queries":14,"pid":24939}

      158 |       if (code !== 0 || !result) { reject(new Error(`worker exited ${code}: ${output}`)); return; }
      159 |       // Query shapes, outcomes, fixture identifiers and process IDs only; never parameters.
    > 160 |       console.warn('PG17_PROCESS', JSON.stringify({ name, old, options: { ...options, cursor: options.cursor ? '<cursor>' : undefined },
          |               ^
      161 |         result: result.result, failure: result.failure, queries: result.queries.length, pid: result.pid }));
      162 |       resolveDone(result);
      163 |     };

      at settleWorker (test/utils/g2-pg17-harness.ts:160:15)
      at ChildProcess.<anonymous> (test/utils/g2-pg17-harness.ts:165:51)

  console.warn
    PG17_PROCESS {"name":"g2p17_42","old":false,"options":{"family":"clients"},"failure":{"status":409,"message":"reconstruction provenance conflict"},"queries":10,"pid":24969}

      158 |       if (code !== 0 || !result) { reject(new Error(`worker exited ${code}: ${output}`)); return; }
      159 |       // Query shapes, outcomes, fixture identifiers and process IDs only; never parameters.
    > 160 |       console.warn('PG17_PROCESS', JSON.stringify({ name, old, options: { ...options, cursor: options.cursor ? '<cursor>' : undefined },
          |               ^
      161 |         result: result.result, failure: result.failure, queries: result.queries.length, pid: result.pid }));
      162 |       resolveDone(result);
      163 |     };

      at settleWorker (test/utils/g2-pg17-harness.ts:160:15)
      at ChildProcess.<anonymous> (test/utils/g2-pg17-harness.ts:165:51)

  console.warn
    PG17_PROCESS {"name":"g2p17_43","old":false,"options":{"family":"clients"},"result":{"intent_id":"intent","staged":1,"reconstructed":1,"skipped":0,"failed":0},"queries":12,"pid":24991}

      158 |       if (code !== 0 || !result) { reject(new Error(`worker exited ${code}: ${output}`)); return; }
      159 |       // Query shapes, outcomes, fixture identifiers and process IDs only; never parameters.
    > 160 |       console.warn('PG17_PROCESS', JSON.stringify({ name, old, options: { ...options, cursor: options.cursor ? '<cursor>' : undefined },
          |               ^
      161 |         result: result.result, failure: result.failure, queries: result.queries.length, pid: result.pid }));
      162 |       resolveDone(result);
      163 |     };

      at settleWorker (test/utils/g2-pg17-harness.ts:160:15)
      at ChildProcess.<anonymous> (test/utils/g2-pg17-harness.ts:165:51)

  console.warn
    PG17_PROCESS {"name":"g2p17_44","old":false,"options":{"family":"clients"},"failure":{"status":409,"message":"reconstruction provenance conflict"},"queries":10,"pid":25014}

      158 |       if (code !== 0 || !result) { reject(new Error(`worker exited ${code}: ${output}`)); return; }
      159 |       // Query shapes, outcomes, fixture identifiers and process IDs only; never parameters.
    > 160 |       console.warn('PG17_PROCESS', JSON.stringify({ name, old, options: { ...options, cursor: options.cursor ? '<cursor>' : undefined },
          |               ^
      161 |         result: result.result, failure: result.failure, queries: result.queries.length, pid: result.pid }));
      162 |       resolveDone(result);
      163 |     };

      at settleWorker (test/utils/g2-pg17-harness.ts:160:15)
      at ChildProcess.<anonymous> (test/utils/g2-pg17-harness.ts:165:51)

  console.warn
    PG17_PROCESS {"name":"g2p17_45","old":false,"options":{"family":"workouts"},"failure":{"status":409,"message":"reconstruction provenance conflict"},"queries":10,"pid":25046}

      158 |       if (code !== 0 || !result) { reject(new Error(`worker exited ${code}: ${output}`)); return; }
      159 |       // Query shapes, outcomes, fixture identifiers and process IDs only; never parameters.
    > 160 |       console.warn('PG17_PROCESS', JSON.stringify({ name, old, options: { ...options, cursor: options.cursor ? '<cursor>' : undefined },
          |               ^
      161 |         result: result.result, failure: result.failure, queries: result.queries.length, pid: result.pid }));
      162 |       resolveDone(result);
      163 |     };

      at settleWorker (test/utils/g2-pg17-harness.ts:160:15)
      at ChildProcess.<anonymous> (test/utils/g2-pg17-harness.ts:165:51)

  console.warn
    PG17_PROCESS {"name":"g2p17_46","old":false,"options":{"family":"workouts"},"result":{"intent_id":"intent","staged":1,"reconstructed":1,"skipped":0,"failed":0},"queries":12,"pid":25068}

      158 |       if (code !== 0 || !result) { reject(new Error(`worker exited ${code}: ${output}`)); return; }
      159 |       // Query shapes, outcomes, fixture identifiers and process IDs only; never parameters.
    > 160 |       console.warn('PG17_PROCESS', JSON.stringify({ name, old, options: { ...options, cursor: options.cursor ? '<cursor>' : undefined },
          |               ^
      161 |         result: result.result, failure: result.failure, queries: result.queries.length, pid: result.pid }));
      162 |       resolveDone(result);
      163 |     };

      at settleWorker (test/utils/g2-pg17-harness.ts:160:15)
      at ChildProcess.<anonymous> (test/utils/g2-pg17-harness.ts:165:51)

  console.warn
    PG17_PROCESS {"name":"g2p17_47","old":false,"options":{"family":"workouts"},"failure":{"status":409,"message":"reconstruction provenance conflict"},"queries":10,"pid":25161}

      158 |       if (code !== 0 || !result) { reject(new Error(`worker exited ${code}: ${output}`)); return; }
      159 |       // Query shapes, outcomes, fixture identifiers and process IDs only; never parameters.
    > 160 |       console.warn('PG17_PROCESS', JSON.stringify({ name, old, options: { ...options, cursor: options.cursor ? '<cursor>' : undefined },
          |               ^
      161 |         result: result.result, failure: result.failure, queries: result.queries.length, pid: result.pid }));
      162 |       resolveDone(result);
      163 |     };

      at settleWorker (test/utils/g2-pg17-harness.ts:160:15)
      at ChildProcess.<anonymous> (test/utils/g2-pg17-harness.ts:165:51)

  console.warn
    PG17_PROCESS {"name":"g2p17_48","old":false,"options":{},"failure":{"status":409,"message":"reconstruction provenance conflict"},"queries":26,"pid":25195}

      158 |       if (code !== 0 || !result) { reject(new Error(`worker exited ${code}: ${output}`)); return; }
      159 |       // Query shapes, outcomes, fixture identifiers and process IDs only; never parameters.
    > 160 |       console.warn('PG17_PROCESS', JSON.stringify({ name, old, options: { ...options, cursor: options.cursor ? '<cursor>' : undefined },
          |               ^
      161 |         result: result.result, failure: result.failure, queries: result.queries.length, pid: result.pid }));
      162 |       resolveDone(result);
      163 |     };

      at settleWorker (test/utils/g2-pg17-harness.ts:160:15)
      at ChildProcess.<anonymous> (test/utils/g2-pg17-harness.ts:165:51)

  console.warn
    PG17_PROCESS {"name":"g2p17_49","old":false,"options":{},"result":{"intent_id":"intent","staged":4,"reconstructed":4,"skipped":0,"failed":0},"queries":36,"pid":25218}

      158 |       if (code !== 0 || !result) { reject(new Error(`worker exited ${code}: ${output}`)); return; }
      159 |       // Query shapes, outcomes, fixture identifiers and process IDs only; never parameters.
    > 160 |       console.warn('PG17_PROCESS', JSON.stringify({ name, old, options: { ...options, cursor: options.cursor ? '<cursor>' : undefined },
          |               ^
      161 |         result: result.result, failure: result.failure, queries: result.queries.length, pid: result.pid }));
      162 |       resolveDone(result);
      163 |     };

      at settleWorker (test/utils/g2-pg17-harness.ts:160:15)
      at ChildProcess.<anonymous> (test/utils/g2-pg17-harness.ts:165:51)

  console.warn
    PG17_PROCESS {"name":"g2p17_50","old":false,"options":{},"result":{"intent_id":"intent","staged":1,"reconstructed":1,"skipped":0,"failed":0},"queries":12,"pid":25244}

      158 |       if (code !== 0 || !result) { reject(new Error(`worker exited ${code}: ${output}`)); return; }
      159 |       // Query shapes, outcomes, fixture identifiers and process IDs only; never parameters.
    > 160 |       console.warn('PG17_PROCESS', JSON.stringify({ name, old, options: { ...options, cursor: options.cursor ? '<cursor>' : undefined },
          |               ^
      161 |         result: result.result, failure: result.failure, queries: result.queries.length, pid: result.pid }));
      162 |       resolveDone(result);
      163 |     };

      at settleWorker (test/utils/g2-pg17-harness.ts:160:15)
      at ChildProcess.<anonymous> (test/utils/g2-pg17-harness.ts:165:51)

  console.warn
    PG17_PROCESS {"name":"g2p17_51","old":false,"options":{"mapper":"skip"},"result":{"intent_id":"intent","staged":1,"reconstructed":1,"skipped":0,"failed":0},"queries":11,"pid":25265}

      158 |       if (code !== 0 || !result) { reject(new Error(`worker exited ${code}: ${output}`)); return; }
      159 |       // Query shapes, outcomes, fixture identifiers and process IDs only; never parameters.
    > 160 |       console.warn('PG17_PROCESS', JSON.stringify({ name, old, options: { ...options, cursor: options.cursor ? '<cursor>' : undefined },
          |               ^
      161 |         result: result.result, failure: result.failure, queries: result.queries.length, pid: result.pid }));
      162 |       resolveDone(result);
      163 |     };

      at settleWorker (test/utils/g2-pg17-harness.ts:160:15)
      at ChildProcess.<anonymous> (test/utils/g2-pg17-harness.ts:165:51)

  console.warn
    PG17_PROCESS {"name":"g2p17_52","old":false,"options":{"mapper":"skip"},"failure":{"status":409,"message":"reconstruction provenance conflict"},"queries":9,"pid":25287}

      158 |       if (code !== 0 || !result) { reject(new Error(`worker exited ${code}: ${output}`)); return; }
      159 |       // Query shapes, outcomes, fixture identifiers and process IDs only; never parameters.
    > 160 |       console.warn('PG17_PROCESS', JSON.stringify({ name, old, options: { ...options, cursor: options.cursor ? '<cursor>' : undefined },
          |               ^
      161 |         result: result.result, failure: result.failure, queries: result.queries.length, pid: result.pid }));
      162 |       resolveDone(result);
      163 |     };

      at settleWorker (test/utils/g2-pg17-harness.ts:160:15)
      at ChildProcess.<anonymous> (test/utils/g2-pg17-harness.ts:165:51)

  console.warn
    PG17_PROCESS {"name":"g2p17_53","old":false,"options":{},"result":{"intent_id":"intent","staged":1,"reconstructed":1,"skipped":0,"failed":0},"queries":12,"pid":25311}

      158 |       if (code !== 0 || !result) { reject(new Error(`worker exited ${code}: ${output}`)); return; }
      159 |       // Query shapes, outcomes, fixture identifiers and process IDs only; never parameters.
    > 160 |       console.warn('PG17_PROCESS', JSON.stringify({ name, old, options: { ...options, cursor: options.cursor ? '<cursor>' : undefined },
          |               ^
      161 |         result: result.result, failure: result.failure, queries: result.queries.length, pid: result.pid }));
      162 |       resolveDone(result);
      163 |     };

      at settleWorker (test/utils/g2-pg17-harness.ts:160:15)
      at ChildProcess.<anonymous> (test/utils/g2-pg17-harness.ts:165:51)

  console.warn
    PG17_PROCESS {"name":"g2p17_54","old":false,"options":{"mapper":"throw"},"result":{"intent_id":"intent","staged":1,"reconstructed":1,"skipped":0,"failed":0},"queries":11,"pid":25331}

      158 |       if (code !== 0 || !result) { reject(new Error(`worker exited ${code}: ${output}`)); return; }
      159 |       // Query shapes, outcomes, fixture identifiers and process IDs only; never parameters.
    > 160 |       console.warn('PG17_PROCESS', JSON.stringify({ name, old, options: { ...options, cursor: options.cursor ? '<cursor>' : undefined },
          |               ^
      161 |         result: result.result, failure: result.failure, queries: result.queries.length, pid: result.pid }));
      162 |       resolveDone(result);
      163 |     };

      at settleWorker (test/utils/g2-pg17-harness.ts:160:15)
      at ChildProcess.<anonymous> (test/utils/g2-pg17-harness.ts:165:51)

  console.warn
    PG17_PROCESS {"name":"g2p17_55","old":false,"options":{"mapper":"throw"},"failure":{"status":409,"message":"reconstruction provenance conflict"},"queries":9,"pid":25353}

      158 |       if (code !== 0 || !result) { reject(new Error(`worker exited ${code}: ${output}`)); return; }
      159 |       // Query shapes, outcomes, fixture identifiers and process IDs only; never parameters.
    > 160 |       console.warn('PG17_PROCESS', JSON.stringify({ name, old, options: { ...options, cursor: options.cursor ? '<cursor>' : undefined },
          |               ^
      161 |         result: result.result, failure: result.failure, queries: result.queries.length, pid: result.pid }));
      162 |       resolveDone(result);
      163 |     };

      at settleWorker (test/utils/g2-pg17-harness.ts:160:15)
      at ChildProcess.<anonymous> (test/utils/g2-pg17-harness.ts:165:51)

  console.warn
    PG17_PROCESS {"name":"g2p17_56","old":false,"options":{},"result":{"intent_id":"intent","staged":1,"reconstructed":1,"skipped":0,"failed":0},"queries":12,"pid":25377}

      158 |       if (code !== 0 || !result) { reject(new Error(`worker exited ${code}: ${output}`)); return; }
      159 |       // Query shapes, outcomes, fixture identifiers and process IDs only; never parameters.
    > 160 |       console.warn('PG17_PROCESS', JSON.stringify({ name, old, options: { ...options, cursor: options.cursor ? '<cursor>' : undefined },
          |               ^
      161 |         result: result.result, failure: result.failure, queries: result.queries.length, pid: result.pid }));
      162 |       resolveDone(result);
      163 |     };

      at settleWorker (test/utils/g2-pg17-harness.ts:160:15)
      at ChildProcess.<anonymous> (test/utils/g2-pg17-harness.ts:165:51)

  console.warn
    PG17_PROCESS {"name":"g2p17_57","old":false,"options":{},"result":{"intent_id":"intent","staged":1,"reconstructed":1,"skipped":0,"failed":0},"queries":14,"pid":25399}

      158 |       if (code !== 0 || !result) { reject(new Error(`worker exited ${code}: ${output}`)); return; }
      159 |       // Query shapes, outcomes, fixture identifiers and process IDs only; never parameters.
    > 160 |       console.warn('PG17_PROCESS', JSON.stringify({ name, old, options: { ...options, cursor: options.cursor ? '<cursor>' : undefined },
          |               ^
      161 |         result: result.result, failure: result.failure, queries: result.queries.length, pid: result.pid }));
      162 |       resolveDone(result);
      163 |     };

      at settleWorker (test/utils/g2-pg17-harness.ts:160:15)
      at ChildProcess.<anonymous> (test/utils/g2-pg17-harness.ts:165:51)

  console.warn
    PG17_PROCESS {"name":"g2p17_58","old":false,"options":{},"failure":{"status":409,"message":"reconstruction provenance conflict"},"queries":12,"pid":25421}

      158 |       if (code !== 0 || !result) { reject(new Error(`worker exited ${code}: ${output}`)); return; }
      159 |       // Query shapes, outcomes, fixture identifiers and process IDs only; never parameters.
    > 160 |       console.warn('PG17_PROCESS', JSON.stringify({ name, old, options: { ...options, cursor: options.cursor ? '<cursor>' : undefined },
          |               ^
      161 |         result: result.result, failure: result.failure, queries: result.queries.length, pid: result.pid }));
      162 |       resolveDone(result);
      163 |     };

      at settleWorker (test/utils/g2-pg17-harness.ts:160:15)
      at ChildProcess.<anonymous> (test/utils/g2-pg17-harness.ts:165:51)

  console.warn
    PG17_PROCESS {"name":"g2p17_59","old":false,"options":{},"failure":{"status":409,"message":"reconstruction provenance conflict"},"queries":3,"pid":25450}

      158 |       if (code !== 0 || !result) { reject(new Error(`worker exited ${code}: ${output}`)); return; }
      159 |       // Query shapes, outcomes, fixture identifiers and process IDs only; never parameters.
    > 160 |       console.warn('PG17_PROCESS', JSON.stringify({ name, old, options: { ...options, cursor: options.cursor ? '<cursor>' : undefined },
          |               ^
      161 |         result: result.result, failure: result.failure, queries: result.queries.length, pid: result.pid }));
      162 |       resolveDone(result);
      163 |     };

      at settleWorker (test/utils/g2-pg17-harness.ts:160:15)
      at ChildProcess.<anonymous> (test/utils/g2-pg17-harness.ts:165:51)

  console.warn
    PG17_PROCESS {"name":"g2p17_60","old":false,"options":{},"result":{"intent_id":"intent","staged":1,"reconstructed":1,"skipped":0,"failed":0},"queries":12,"pid":25533}

      158 |       if (code !== 0 || !result) { reject(new Error(`worker exited ${code}: ${output}`)); return; }
      159 |       // Query shapes, outcomes, fixture identifiers and process IDs only; never parameters.
    > 160 |       console.warn('PG17_PROCESS', JSON.stringify({ name, old, options: { ...options, cursor: options.cursor ? '<cursor>' : undefined },
          |               ^
      161 |         result: result.result, failure: result.failure, queries: result.queries.length, pid: result.pid }));
      162 |       resolveDone(result);
      163 |     };

      at settleWorker (test/utils/g2-pg17-harness.ts:160:15)
      at ChildProcess.<anonymous> (test/utils/g2-pg17-harness.ts:165:51)

  console.warn
    PG17_PROCESS {"name":"g2p17_61","old":false,"options":{},"failure":{"status":409,"message":"reconstruction provenance conflict"},"queries":3,"pid":25556}

      158 |       if (code !== 0 || !result) { reject(new Error(`worker exited ${code}: ${output}`)); return; }
      159 |       // Query shapes, outcomes, fixture identifiers and process IDs only; never parameters.
    > 160 |       console.warn('PG17_PROCESS', JSON.stringify({ name, old, options: { ...options, cursor: options.cursor ? '<cursor>' : undefined },
          |               ^
      161 |         result: result.result, failure: result.failure, queries: result.queries.length, pid: result.pid }));
      162 |       resolveDone(result);
      163 |     };

      at settleWorker (test/utils/g2-pg17-harness.ts:160:15)
      at ChildProcess.<anonymous> (test/utils/g2-pg17-harness.ts:165:51)

  console.warn
    PG17_PROCESS {"name":"g2p17_62","old":false,"options":{},"failure":{"status":409,"message":"reconstruction provenance conflict"},"queries":3,"pid":25578}

      158 |       if (code !== 0 || !result) { reject(new Error(`worker exited ${code}: ${output}`)); return; }
      159 |       // Query shapes, outcomes, fixture identifiers and process IDs only; never parameters.
    > 160 |       console.warn('PG17_PROCESS', JSON.stringify({ name, old, options: { ...options, cursor: options.cursor ? '<cursor>' : undefined },
          |               ^
      161 |         result: result.result, failure: result.failure, queries: result.queries.length, pid: result.pid }));
      162 |       resolveDone(result);
      163 |     };

      at settleWorker (test/utils/g2-pg17-harness.ts:160:15)
      at ChildProcess.<anonymous> (test/utils/g2-pg17-harness.ts:165:51)

  console.warn
    PG17_PROCESS {"name":"g2p17_63","old":false,"options":{},"failure":{"status":409,"message":"reconstruction provenance conflict"},"queries":3,"pid":25600}

      158 |       if (code !== 0 || !result) { reject(new Error(`worker exited ${code}: ${output}`)); return; }
      159 |       // Query shapes, outcomes, fixture identifiers and process IDs only; never parameters.
    > 160 |       console.warn('PG17_PROCESS', JSON.stringify({ name, old, options: { ...options, cursor: options.cursor ? '<cursor>' : undefined },
          |               ^
      161 |         result: result.result, failure: result.failure, queries: result.queries.length, pid: result.pid }));
      162 |       resolveDone(result);
      163 |     };

      at settleWorker (test/utils/g2-pg17-harness.ts:160:15)
      at ChildProcess.<anonymous> (test/utils/g2-pg17-harness.ts:165:51)

  console.warn
    PG17_PROCESS {"name":"g2p17_64","old":false,"options":{},"failure":{"status":409,"message":"reconstruction provenance conflict"},"queries":3,"pid":25622}

      158 |       if (code !== 0 || !result) { reject(new Error(`worker exited ${code}: ${output}`)); return; }
      159 |       // Query shapes, outcomes, fixture identifiers and process IDs only; never parameters.
    > 160 |       console.warn('PG17_PROCESS', JSON.stringify({ name, old, options: { ...options, cursor: options.cursor ? '<cursor>' : undefined },
          |               ^
      161 |         result: result.result, failure: result.failure, queries: result.queries.length, pid: result.pid }));
      162 |       resolveDone(result);
      163 |     };

      at settleWorker (test/utils/g2-pg17-harness.ts:160:15)
      at ChildProcess.<anonymous> (test/utils/g2-pg17-harness.ts:165:51)

  console.warn
    PG17_PROCESS {"name":"g2p17_65","old":false,"options":{},"failure":{"status":409,"message":"reconstruction provenance conflict"},"queries":3,"pid":25646}

      158 |       if (code !== 0 || !result) { reject(new Error(`worker exited ${code}: ${output}`)); return; }
      159 |       // Query shapes, outcomes, fixture identifiers and process IDs only; never parameters.
    > 160 |       console.warn('PG17_PROCESS', JSON.stringify({ name, old, options: { ...options, cursor: options.cursor ? '<cursor>' : undefined },
          |               ^
      161 |         result: result.result, failure: result.failure, queries: result.queries.length, pid: result.pid }));
      162 |       resolveDone(result);
      163 |     };

      at settleWorker (test/utils/g2-pg17-harness.ts:160:15)
      at ChildProcess.<anonymous> (test/utils/g2-pg17-harness.ts:165:51)

  console.warn
    PG17_PROCESS {"name":"g2p17_66","old":false,"options":{},"result":{"intent_id":"intent","staged":1,"reconstructed":1,"skipped":0,"failed":0},"queries":12,"pid":25678}

      158 |       if (code !== 0 || !result) { reject(new Error(`worker exited ${code}: ${output}`)); return; }
      159 |       // Query shapes, outcomes, fixture identifiers and process IDs only; never parameters.
    > 160 |       console.warn('PG17_PROCESS', JSON.stringify({ name, old, options: { ...options, cursor: options.cursor ? '<cursor>' : undefined },
          |               ^
      161 |         result: result.result, failure: result.failure, queries: result.queries.length, pid: result.pid }));
      162 |       resolveDone(result);
      163 |     };

      at settleWorker (test/utils/g2-pg17-harness.ts:160:15)
      at ChildProcess.<anonymous> (test/utils/g2-pg17-harness.ts:165:51)

  console.warn
    PG17_PROCESS {"name":"g2p17_67","old":false,"options":{"intent":"i2"},"result":{"intent_id":"i2","staged":1,"reconstructed":1,"skipped":0,"failed":0},"queries":12,"pid":25694}

      158 |       if (code !== 0 || !result) { reject(new Error(`worker exited ${code}: ${output}`)); return; }
      159 |       // Query shapes, outcomes, fixture identifiers and process IDs only; never parameters.
    > 160 |       console.warn('PG17_PROCESS', JSON.stringify({ name, old, options: { ...options, cursor: options.cursor ? '<cursor>' : undefined },
          |               ^
      161 |         result: result.result, failure: result.failure, queries: result.queries.length, pid: result.pid }));
      162 |       resolveDone(result);
      163 |     };

      at settleWorker (test/utils/g2-pg17-harness.ts:160:15)
      at ChildProcess.<anonymous> (test/utils/g2-pg17-harness.ts:165:51)

  console.warn
    PG17_PROCESS {"name":"g2p17_68","old":false,"options":{"intent":"i3"},"result":{"intent_id":"i3","staged":1,"reconstructed":1,"skipped":0,"failed":0},"queries":12,"pid":25750}

      158 |       if (code !== 0 || !result) { reject(new Error(`worker exited ${code}: ${output}`)); return; }
      159 |       // Query shapes, outcomes, fixture identifiers and process IDs only; never parameters.
    > 160 |       console.warn('PG17_PROCESS', JSON.stringify({ name, old, options: { ...options, cursor: options.cursor ? '<cursor>' : undefined },
          |               ^
      161 |         result: result.result, failure: result.failure, queries: result.queries.length, pid: result.pid }));
      162 |       resolveDone(result);
      163 |     };

      at settleWorker (test/utils/g2-pg17-harness.ts:160:15)
      at ChildProcess.<anonymous> (test/utils/g2-pg17-harness.ts:165:51)

  console.warn
    PG17_PROCESS {"name":"g2p17_69","old":false,"options":{"coach":"other"},"result":{"intent_id":"intent","staged":1,"reconstructed":1,"skipped":0,"failed":0},"queries":12,"pid":25782}

      158 |       if (code !== 0 || !result) { reject(new Error(`worker exited ${code}: ${output}`)); return; }
      159 |       // Query shapes, outcomes, fixture identifiers and process IDs only; never parameters.
    > 160 |       console.warn('PG17_PROCESS', JSON.stringify({ name, old, options: { ...options, cursor: options.cursor ? '<cursor>' : undefined },
          |               ^
      161 |         result: result.result, failure: result.failure, queries: result.queries.length, pid: result.pid }));
      162 |       resolveDone(result);
      163 |     };

      at settleWorker (test/utils/g2-pg17-harness.ts:160:15)
      at ChildProcess.<anonymous> (test/utils/g2-pg17-harness.ts:165:51)

  console.warn
    PG17_PROCESS {"name":"g2p17_70","old":false,"options":{},"result":{"intent_id":"intent","staged":1,"reconstructed":1,"skipped":0,"failed":0},"queries":12,"pid":25810}

      158 |       if (code !== 0 || !result) { reject(new Error(`worker exited ${code}: ${output}`)); return; }
      159 |       // Query shapes, outcomes, fixture identifiers and process IDs only; never parameters.
    > 160 |       console.warn('PG17_PROCESS', JSON.stringify({ name, old, options: { ...options, cursor: options.cursor ? '<cursor>' : undefined },
          |               ^
      161 |         result: result.result, failure: result.failure, queries: result.queries.length, pid: result.pid }));
      162 |       resolveDone(result);
      163 |     };

      at settleWorker (test/utils/g2-pg17-harness.ts:160:15)
      at ChildProcess.<anonymous> (test/utils/g2-pg17-harness.ts:165:51)

  console.warn
    PG17_PROCESS {"name":"g2p17_71","old":false,"options":{},"result":{"intent_id":"intent","staged":1,"reconstructed":1,"skipped":0,"failed":0},"queries":12,"pid":25837}

      158 |       if (code !== 0 || !result) { reject(new Error(`worker exited ${code}: ${output}`)); return; }
      159 |       // Query shapes, outcomes, fixture identifiers and process IDs only; never parameters.
    > 160 |       console.warn('PG17_PROCESS', JSON.stringify({ name, old, options: { ...options, cursor: options.cursor ? '<cursor>' : undefined },
          |               ^
      161 |         result: result.result, failure: result.failure, queries: result.queries.length, pid: result.pid }));
      162 |       resolveDone(result);
      163 |     };

      at settleWorker (test/utils/g2-pg17-harness.ts:160:15)
      at ChildProcess.<anonymous> (test/utils/g2-pg17-harness.ts:165:51)

  console.warn
    PG17_PROCESS {"name":"g2p17_72","old":true,"options":{},"result":{"intent_id":"intent","staged":1,"reconstructed":0,"skipped":0,"failed":1},"queries":8,"pid":25857}

      158 |       if (code !== 0 || !result) { reject(new Error(`worker exited ${code}: ${output}`)); return; }
      159 |       // Query shapes, outcomes, fixture identifiers and process IDs only; never parameters.
    > 160 |       console.warn('PG17_PROCESS', JSON.stringify({ name, old, options: { ...options, cursor: options.cursor ? '<cursor>' : undefined },
          |               ^
      161 |         result: result.result, failure: result.failure, queries: result.queries.length, pid: result.pid }));
      162 |       resolveDone(result);
      163 |     };

      at settleWorker (test/utils/g2-pg17-harness.ts:160:15)
      at ChildProcess.<anonymous> (test/utils/g2-pg17-harness.ts:165:51)

  console.warn
    PG17_PROCESS {"name":"g2p17_73","old":true,"options":{},"result":{"intent_id":"intent","staged":2,"reconstructed":1,"skipped":0,"failed":1},"queries":12,"pid":25879}

      158 |       if (code !== 0 || !result) { reject(new Error(`worker exited ${code}: ${output}`)); return; }
      159 |       // Query shapes, outcomes, fixture identifiers and process IDs only; never parameters.
    > 160 |       console.warn('PG17_PROCESS', JSON.stringify({ name, old, options: { ...options, cursor: options.cursor ? '<cursor>' : undefined },
          |               ^
      161 |         result: result.result, failure: result.failure, queries: result.queries.length, pid: result.pid }));
      162 |       resolveDone(result);
      163 |     };

      at settleWorker (test/utils/g2-pg17-harness.ts:160:15)
      at ChildProcess.<anonymous> (test/utils/g2-pg17-harness.ts:165:51)

  console.warn
    PG17_PROCESS {"name":"g2p17_74","old":false,"options":{},"result":{"intent_id":"intent","staged":2,"reconstructed":2,"skipped":0,"failed":0},"queries":20,"pid":25908}

      158 |       if (code !== 0 || !result) { reject(new Error(`worker exited ${code}: ${output}`)); return; }
      159 |       // Query shapes, outcomes, fixture identifiers and process IDs only; never parameters.
    > 160 |       console.warn('PG17_PROCESS', JSON.stringify({ name, old, options: { ...options, cursor: options.cursor ? '<cursor>' : undefined },
          |               ^
      161 |         result: result.result, failure: result.failure, queries: result.queries.length, pid: result.pid }));
      162 |       resolveDone(result);
      163 |     };

      at settleWorker (test/utils/g2-pg17-harness.ts:160:15)
      at ChildProcess.<anonymous> (test/utils/g2-pg17-harness.ts:165:51)

  console.warn
    PG17_BLOCKED {"name":"g2p17_76","rows":[{"type":"Lock","wait":"transactionid"}]}

      179 |     const rows = jsonAdmin(`SELECT COALESCE(jsonb_agg(jsonb_build_object('wait',wait_event,'type',wait_event_type)),'[]')
      180 |       FROM pg_stat_activity WHERE application_name=${quote(name)} AND wait_event_type='Lock'`);
    > 181 |     if (rows.length > 0) { console.warn('PG17_BLOCKED', JSON.stringify({ name, rows })); return; }
          |                                    ^
      182 |     await new Promise((r) => setTimeout(r, 25));
      183 |   }
      184 |   throw new Error('expected observed PostgreSQL lock wait');

      at blocked (test/utils/g2-pg17-harness.ts:181:36)
      at test/rls-g2-pg17-etq0.spec.ts:493:7

  console.warn
    PG17_PROCESS {"name":"g2p17_75","old":false,"options":{"pause":"before-ledger"},"result":{"intent_id":"intent","staged":1,"reconstructed":1,"skipped":0,"failed":0},"queries":12,"pid":25935}

      158 |       if (code !== 0 || !result) { reject(new Error(`worker exited ${code}: ${output}`)); return; }
      159 |       // Query shapes, outcomes, fixture identifiers and process IDs only; never parameters.
    > 160 |       console.warn('PG17_PROCESS', JSON.stringify({ name, old, options: { ...options, cursor: options.cursor ? '<cursor>' : undefined },
          |               ^
      161 |         result: result.result, failure: result.failure, queries: result.queries.length, pid: result.pid }));
      162 |       resolveDone(result);
      163 |     };

      at settleWorker (test/utils/g2-pg17-harness.ts:160:15)
      at ChildProcess.<anonymous> (test/utils/g2-pg17-harness.ts:165:51)

  console.warn
    PG17_PROCESS {"name":"g2p17_76","old":false,"options":{},"result":{"intent_id":"intent","staged":1,"reconstructed":1,"skipped":0,"failed":0},"queries":12,"pid":25951}

      158 |       if (code !== 0 || !result) { reject(new Error(`worker exited ${code}: ${output}`)); return; }
      159 |       // Query shapes, outcomes, fixture identifiers and process IDs only; never parameters.
    > 160 |       console.warn('PG17_PROCESS', JSON.stringify({ name, old, options: { ...options, cursor: options.cursor ? '<cursor>' : undefined },
          |               ^
      161 |         result: result.result, failure: result.failure, queries: result.queries.length, pid: result.pid }));
      162 |       resolveDone(result);
      163 |     };

      at settleWorker (test/utils/g2-pg17-harness.ts:160:15)
      at ChildProcess.<anonymous> (test/utils/g2-pg17-harness.ts:165:51)

  console.warn
    PG17_BLOCKED {"name":"g2p17_78","rows":[{"type":"Lock","wait":"transactionid"}]}

      179 |     const rows = jsonAdmin(`SELECT COALESCE(jsonb_agg(jsonb_build_object('wait',wait_event,'type',wait_event_type)),'[]')
      180 |       FROM pg_stat_activity WHERE application_name=${quote(name)} AND wait_event_type='Lock'`);
    > 181 |     if (rows.length > 0) { console.warn('PG17_BLOCKED', JSON.stringify({ name, rows })); return; }
          |                                    ^
      182 |     await new Promise((r) => setTimeout(r, 25));
      183 |   }
      184 |   throw new Error('expected observed PostgreSQL lock wait');

      at blocked (test/utils/g2-pg17-harness.ts:181:36)
      at test/rls-g2-pg17-etq0.spec.ts:493:7

  console.warn
    PG17_PROCESS {"name":"g2p17_77","old":true,"options":{"pause":"before-ledger"},"result":{"intent_id":"intent","staged":1,"reconstructed":1,"skipped":0,"failed":0},"queries":8,"pid":26005}

      158 |       if (code !== 0 || !result) { reject(new Error(`worker exited ${code}: ${output}`)); return; }
      159 |       // Query shapes, outcomes, fixture identifiers and process IDs only; never parameters.
    > 160 |       console.warn('PG17_PROCESS', JSON.stringify({ name, old, options: { ...options, cursor: options.cursor ? '<cursor>' : undefined },
          |               ^
      161 |         result: result.result, failure: result.failure, queries: result.queries.length, pid: result.pid }));
      162 |       resolveDone(result);
      163 |     };

      at settleWorker (test/utils/g2-pg17-harness.ts:160:15)
      at ChildProcess.<anonymous> (test/utils/g2-pg17-harness.ts:165:51)

  console.warn
    PG17_PROCESS {"name":"g2p17_78","old":false,"options":{},"result":{"intent_id":"intent","staged":1,"reconstructed":1,"skipped":0,"failed":0},"queries":12,"pid":26021}

      158 |       if (code !== 0 || !result) { reject(new Error(`worker exited ${code}: ${output}`)); return; }
      159 |       // Query shapes, outcomes, fixture identifiers and process IDs only; never parameters.
    > 160 |       console.warn('PG17_PROCESS', JSON.stringify({ name, old, options: { ...options, cursor: options.cursor ? '<cursor>' : undefined },
          |               ^
      161 |         result: result.result, failure: result.failure, queries: result.queries.length, pid: result.pid }));
      162 |       resolveDone(result);
      163 |     };

      at settleWorker (test/utils/g2-pg17-harness.ts:160:15)
      at ChildProcess.<anonymous> (test/utils/g2-pg17-harness.ts:165:51)

  console.warn
    PG17_BLOCKED {"name":"g2p17_79","rows":[{"type":"Lock","wait":"advisory"}]}

      179 |     const rows = jsonAdmin(`SELECT COALESCE(jsonb_agg(jsonb_build_object('wait',wait_event,'type',wait_event_type)),'[]')
      180 |       FROM pg_stat_activity WHERE application_name=${quote(name)} AND wait_event_type='Lock'`);
    > 181 |     if (rows.length > 0) { console.warn('PG17_BLOCKED', JSON.stringify({ name, rows })); return; }
          |                                    ^
      182 |     await new Promise((r) => setTimeout(r, 25));
      183 |   }
      184 |   throw new Error('expected observed PostgreSQL lock wait');

      at blocked (test/utils/g2-pg17-harness.ts:181:36)
      at Object.<anonymous> (test/rls-g2-pg17-etq0.spec.ts:514:7)

  console.warn
    PG17_BLOCKED {"name":"g2p17_80","rows":[{"type":"Lock","wait":"advisory"}]}

      179 |     const rows = jsonAdmin(`SELECT COALESCE(jsonb_agg(jsonb_build_object('wait',wait_event,'type',wait_event_type)),'[]')
      180 |       FROM pg_stat_activity WHERE application_name=${quote(name)} AND wait_event_type='Lock'`);
    > 181 |     if (rows.length > 0) { console.warn('PG17_BLOCKED', JSON.stringify({ name, rows })); return; }
          |                                    ^
      182 |     await new Promise((r) => setTimeout(r, 25));
      183 |   }
      184 |   throw new Error('expected observed PostgreSQL lock wait');

      at blocked (test/utils/g2-pg17-harness.ts:181:36)
      at Object.<anonymous> (test/rls-g2-pg17-etq0.spec.ts:515:20)

  console.warn
    PG17_PROCESS {"name":"g2p17_80","old":false,"options":{},"result":{"intent_id":"intent","staged":1,"reconstructed":0,"skipped":1,"failed":0},"queries":11,"pid":26080}

      158 |       if (code !== 0 || !result) { reject(new Error(`worker exited ${code}: ${output}`)); return; }
      159 |       // Query shapes, outcomes, fixture identifiers and process IDs only; never parameters.
    > 160 |       console.warn('PG17_PROCESS', JSON.stringify({ name, old, options: { ...options, cursor: options.cursor ? '<cursor>' : undefined },
          |               ^
      161 |         result: result.result, failure: result.failure, queries: result.queries.length, pid: result.pid }));
      162 |       resolveDone(result);
      163 |     };

      at settleWorker (test/utils/g2-pg17-harness.ts:160:15)
      at ChildProcess.<anonymous> (test/utils/g2-pg17-harness.ts:165:51)

  console.warn
    PG17_PROCESS {"name":"g2p17_79","old":false,"options":{},"result":{"intent_id":"intent","staged":1,"reconstructed":0,"skipped":1,"failed":0},"queries":15,"pid":26079}

      158 |       if (code !== 0 || !result) { reject(new Error(`worker exited ${code}: ${output}`)); return; }
      159 |       // Query shapes, outcomes, fixture identifiers and process IDs only; never parameters.
    > 160 |       console.warn('PG17_PROCESS', JSON.stringify({ name, old, options: { ...options, cursor: options.cursor ? '<cursor>' : undefined },
          |               ^
      161 |         result: result.result, failure: result.failure, queries: result.queries.length, pid: result.pid }));
      162 |       resolveDone(result);
      163 |     };

      at settleWorker (test/utils/g2-pg17-harness.ts:160:15)
      at ChildProcess.<anonymous> (test/utils/g2-pg17-harness.ts:165:51)

  console.warn
    PG17_PROCESS {"name":"g2p17_81","old":false,"options":{"mapper":"skip"},"result":{"intent_id":"intent","staged":1,"reconstructed":0,"skipped":1,"failed":0},"queries":15,"pid":26154}

      158 |       if (code !== 0 || !result) { reject(new Error(`worker exited ${code}: ${output}`)); return; }
      159 |       // Query shapes, outcomes, fixture identifiers and process IDs only; never parameters.
    > 160 |       console.warn('PG17_PROCESS', JSON.stringify({ name, old, options: { ...options, cursor: options.cursor ? '<cursor>' : undefined },
          |               ^
      161 |         result: result.result, failure: result.failure, queries: result.queries.length, pid: result.pid }));
      162 |       resolveDone(result);
      163 |     };

      at settleWorker (test/utils/g2-pg17-harness.ts:160:15)
      at ChildProcess.<anonymous> (test/utils/g2-pg17-harness.ts:165:51)

  console.warn
    PG17_PROCESS {"name":"g2p17_82","old":false,"options":{"mapper":"throw"},"result":{"intent_id":"intent","staged":1,"reconstructed":0,"skipped":0,"failed":1},"queries":15,"pid":26185}

      158 |       if (code !== 0 || !result) { reject(new Error(`worker exited ${code}: ${output}`)); return; }
      159 |       // Query shapes, outcomes, fixture identifiers and process IDs only; never parameters.
    > 160 |       console.warn('PG17_PROCESS', JSON.stringify({ name, old, options: { ...options, cursor: options.cursor ? '<cursor>' : undefined },
          |               ^
      161 |         result: result.result, failure: result.failure, queries: result.queries.length, pid: result.pid }));
      162 |       resolveDone(result);
      163 |     };

      at settleWorker (test/utils/g2-pg17-harness.ts:160:15)
      at ChildProcess.<anonymous> (test/utils/g2-pg17-harness.ts:165:51)

  console.warn
    PG17_PROCESS {"name":"g2p17_83","old":false,"options":{},"result":{"intent_id":"intent","staged":1,"reconstructed":1,"skipped":0,"failed":0},"queries":17,"pid":26215}

      158 |       if (code !== 0 || !result) { reject(new Error(`worker exited ${code}: ${output}`)); return; }
      159 |       // Query shapes, outcomes, fixture identifiers and process IDs only; never parameters.
    > 160 |       console.warn('PG17_PROCESS', JSON.stringify({ name, old, options: { ...options, cursor: options.cursor ? '<cursor>' : undefined },
          |               ^
      161 |         result: result.result, failure: result.failure, queries: result.queries.length, pid: result.pid }));
      162 |       resolveDone(result);
      163 |     };

      at settleWorker (test/utils/g2-pg17-harness.ts:160:15)
      at ChildProcess.<anonymous> (test/utils/g2-pg17-harness.ts:165:51)

  console.warn
    PG17_PROCESS {"name":"g2p17_84","old":false,"options":{},"failure":{"status":500,"message":"Internal server error","code":"P2034"},"queries":11,"pid":26245}

      158 |       if (code !== 0 || !result) { reject(new Error(`worker exited ${code}: ${output}`)); return; }
      159 |       // Query shapes, outcomes, fixture identifiers and process IDs only; never parameters.
    > 160 |       console.warn('PG17_PROCESS', JSON.stringify({ name, old, options: { ...options, cursor: options.cursor ? '<cursor>' : undefined },
          |               ^
      161 |         result: result.result, failure: result.failure, queries: result.queries.length, pid: result.pid }));
      162 |       resolveDone(result);
      163 |     };

      at settleWorker (test/utils/g2-pg17-harness.ts:160:15)
      at ChildProcess.<anonymous> (test/utils/g2-pg17-harness.ts:165:51)

  console.warn
    PG17_BLOCKED {"name":"g2p17_86","rows":[{"type":"Lock","wait":"transactionid"}]}

      179 |     const rows = jsonAdmin(`SELECT COALESCE(jsonb_agg(jsonb_build_object('wait',wait_event,'type',wait_event_type)),'[]')
      180 |       FROM pg_stat_activity WHERE application_name=${quote(name)} AND wait_event_type='Lock'`);
    > 181 |     if (rows.length > 0) { console.warn('PG17_BLOCKED', JSON.stringify({ name, rows })); return; }
          |                                    ^
      182 |     await new Promise((r) => setTimeout(r, 25));
      183 |   }
      184 |   throw new Error('expected observed PostgreSQL lock wait');

      at blocked (test/utils/g2-pg17-harness.ts:181:36)
      at test/rls-g2-pg17-etq0.spec.ts:575:7

  console.warn
    PG17_PROCESS {"name":"g2p17_86","old":false,"options":{},"result":{"intent_id":"intent","staged":1,"reconstructed":1,"skipped":0,"failed":0},"queries":18,"pid":26291}

      158 |       if (code !== 0 || !result) { reject(new Error(`worker exited ${code}: ${output}`)); return; }
      159 |       // Query shapes, outcomes, fixture identifiers and process IDs only; never parameters.
    > 160 |       console.warn('PG17_PROCESS', JSON.stringify({ name, old, options: { ...options, cursor: options.cursor ? '<cursor>' : undefined },
          |               ^
      161 |         result: result.result, failure: result.failure, queries: result.queries.length, pid: result.pid }));
      162 |       resolveDone(result);
      163 |     };

      at settleWorker (test/utils/g2-pg17-harness.ts:160:15)
      at ChildProcess.<anonymous> (test/utils/g2-pg17-harness.ts:165:51)

  console.warn
    PG17_PROCESS {"name":"g2p17_85","old":false,"options":{"pause":"claimed"},"result":{"intent_id":"intent","staged":1,"reconstructed":1,"skipped":0,"failed":0},"queries":12,"pid":26273}

      158 |       if (code !== 0 || !result) { reject(new Error(`worker exited ${code}: ${output}`)); return; }
      159 |       // Query shapes, outcomes, fixture identifiers and process IDs only; never parameters.
    > 160 |       console.warn('PG17_PROCESS', JSON.stringify({ name, old, options: { ...options, cursor: options.cursor ? '<cursor>' : undefined },
          |               ^
      161 |         result: result.result, failure: result.failure, queries: result.queries.length, pid: result.pid }));
      162 |       resolveDone(result);
      163 |     };

      at settleWorker (test/utils/g2-pg17-harness.ts:160:15)
      at ChildProcess.<anonymous> (test/utils/g2-pg17-harness.ts:165:51)

  console.warn
    PG17_BLOCKED {"name":"g2p17_88","rows":[{"type":"Lock","wait":"transactionid"}]}

      179 |     const rows = jsonAdmin(`SELECT COALESCE(jsonb_agg(jsonb_build_object('wait',wait_event,'type',wait_event_type)),'[]')
      180 |       FROM pg_stat_activity WHERE application_name=${quote(name)} AND wait_event_type='Lock'`);
    > 181 |     if (rows.length > 0) { console.warn('PG17_BLOCKED', JSON.stringify({ name, rows })); return; }
          |                                    ^
      182 |     await new Promise((r) => setTimeout(r, 25));
      183 |   }
      184 |   throw new Error('expected observed PostgreSQL lock wait');

      at blocked (test/utils/g2-pg17-harness.ts:181:36)
      at test/rls-g2-pg17-etq0.spec.ts:575:7

  console.warn
    PG17_PROCESS {"name":"g2p17_87","old":false,"options":{"pause":"claimed"},"result":{"intent_id":"intent","staged":1,"reconstructed":0,"skipped":0,"failed":1},"queries":12,"pid":26359}

      158 |       if (code !== 0 || !result) { reject(new Error(`worker exited ${code}: ${output}`)); return; }
      159 |       // Query shapes, outcomes, fixture identifiers and process IDs only; never parameters.
    > 160 |       console.warn('PG17_PROCESS', JSON.stringify({ name, old, options: { ...options, cursor: options.cursor ? '<cursor>' : undefined },
          |               ^
      161 |         result: result.result, failure: result.failure, queries: result.queries.length, pid: result.pid }));
      162 |       resolveDone(result);
      163 |     };

      at settleWorker (test/utils/g2-pg17-harness.ts:160:15)
      at ChildProcess.<anonymous> (test/utils/g2-pg17-harness.ts:165:51)

  console.warn
    PG17_PROCESS {"name":"g2p17_88","old":true,"options":{},"result":{"intent_id":"intent","staged":1,"reconstructed":0,"skipped":0,"failed":1},"queries":8,"pid":26378}

      158 |       if (code !== 0 || !result) { reject(new Error(`worker exited ${code}: ${output}`)); return; }
      159 |       // Query shapes, outcomes, fixture identifiers and process IDs only; never parameters.
    > 160 |       console.warn('PG17_PROCESS', JSON.stringify({ name, old, options: { ...options, cursor: options.cursor ? '<cursor>' : undefined },
          |               ^
      161 |         result: result.result, failure: result.failure, queries: result.queries.length, pid: result.pid }));
      162 |       resolveDone(result);
      163 |     };

      at settleWorker (test/utils/g2-pg17-harness.ts:160:15)
      at ChildProcess.<anonymous> (test/utils/g2-pg17-harness.ts:165:51)

  console.warn
    PG17_BLOCKED {"name":"g2p17_90","rows":[{"type":"Lock","wait":"transactionid"}]}

      179 |     const rows = jsonAdmin(`SELECT COALESCE(jsonb_agg(jsonb_build_object('wait',wait_event,'type',wait_event_type)),'[]')
      180 |       FROM pg_stat_activity WHERE application_name=${quote(name)} AND wait_event_type='Lock'`);
    > 181 |     if (rows.length > 0) { console.warn('PG17_BLOCKED', JSON.stringify({ name, rows })); return; }
          |                                    ^
      182 |     await new Promise((r) => setTimeout(r, 25));
      183 |   }
      184 |   throw new Error('expected observed PostgreSQL lock wait');

      at blocked (test/utils/g2-pg17-harness.ts:181:36)
      at test/rls-g2-pg17-etq0.spec.ts:591:7

  console.warn
    PG17_PROCESS {"name":"g2p17_89","old":false,"options":{"pause":"claimed"},"result":{"intent_id":"intent","staged":1,"reconstructed":1,"skipped":0,"failed":0},"queries":12,"pid":26434}

      158 |       if (code !== 0 || !result) { reject(new Error(`worker exited ${code}: ${output}`)); return; }
      159 |       // Query shapes, outcomes, fixture identifiers and process IDs only; never parameters.
    > 160 |       console.warn('PG17_PROCESS', JSON.stringify({ name, old, options: { ...options, cursor: options.cursor ? '<cursor>' : undefined },
          |               ^
      161 |         result: result.result, failure: result.failure, queries: result.queries.length, pid: result.pid }));
      162 |       resolveDone(result);
      163 |     };

      at settleWorker (test/utils/g2-pg17-harness.ts:160:15)
      at ChildProcess.<anonymous> (test/utils/g2-pg17-harness.ts:165:51)

  console.warn
    PG17_PROCESS {"name":"g2p17_90","old":false,"options":{"mapper":"skip"},"result":{"intent_id":"intent","staged":1,"reconstructed":1,"skipped":0,"failed":0},"queries":15,"pid":26450}

      158 |       if (code !== 0 || !result) { reject(new Error(`worker exited ${code}: ${output}`)); return; }
      159 |       // Query shapes, outcomes, fixture identifiers and process IDs only; never parameters.
    > 160 |       console.warn('PG17_PROCESS', JSON.stringify({ name, old, options: { ...options, cursor: options.cursor ? '<cursor>' : undefined },
          |               ^
      161 |         result: result.result, failure: result.failure, queries: result.queries.length, pid: result.pid }));
      162 |       resolveDone(result);
      163 |     };

      at settleWorker (test/utils/g2-pg17-harness.ts:160:15)
      at ChildProcess.<anonymous> (test/utils/g2-pg17-harness.ts:165:51)

  console.warn
    PG17_BLOCKED {"name":"g2p17_92","rows":[{"type":"Lock","wait":"transactionid"}]}

      179 |     const rows = jsonAdmin(`SELECT COALESCE(jsonb_agg(jsonb_build_object('wait',wait_event,'type',wait_event_type)),'[]')
      180 |       FROM pg_stat_activity WHERE application_name=${quote(name)} AND wait_event_type='Lock'`);
    > 181 |     if (rows.length > 0) { console.warn('PG17_BLOCKED', JSON.stringify({ name, rows })); return; }
          |                                    ^
      182 |     await new Promise((r) => setTimeout(r, 25));
      183 |   }
      184 |   throw new Error('expected observed PostgreSQL lock wait');

      at blocked (test/utils/g2-pg17-harness.ts:181:36)
      at test/rls-g2-pg17-etq0.spec.ts:591:7

  console.warn
    PG17_PROCESS {"name":"g2p17_92","old":true,"options":{"mapper":"skip"},"result":{"intent_id":"intent","staged":1,"reconstructed":0,"skipped":1,"failed":0},"queries":5,"pid":26523}

      158 |       if (code !== 0 || !result) { reject(new Error(`worker exited ${code}: ${output}`)); return; }
      159 |       // Query shapes, outcomes, fixture identifiers and process IDs only; never parameters.
    > 160 |       console.warn('PG17_PROCESS', JSON.stringify({ name, old, options: { ...options, cursor: options.cursor ? '<cursor>' : undefined },
          |               ^
      161 |         result: result.result, failure: result.failure, queries: result.queries.length, pid: result.pid }));
      162 |       resolveDone(result);
      163 |     };

      at settleWorker (test/utils/g2-pg17-harness.ts:160:15)
      at ChildProcess.<anonymous> (test/utils/g2-pg17-harness.ts:165:51)

  console.warn
    PG17_PROCESS {"name":"g2p17_91","old":false,"options":{"pause":"claimed"},"result":{"intent_id":"intent","staged":1,"reconstructed":0,"skipped":1,"failed":0},"queries":12,"pid":26507}

      158 |       if (code !== 0 || !result) { reject(new Error(`worker exited ${code}: ${output}`)); return; }
      159 |       // Query shapes, outcomes, fixture identifiers and process IDs only; never parameters.
    > 160 |       console.warn('PG17_PROCESS', JSON.stringify({ name, old, options: { ...options, cursor: options.cursor ? '<cursor>' : undefined },
          |               ^
      161 |         result: result.result, failure: result.failure, queries: result.queries.length, pid: result.pid }));
      162 |       resolveDone(result);
      163 |     };

      at settleWorker (test/utils/g2-pg17-harness.ts:160:15)
      at ChildProcess.<anonymous> (test/utils/g2-pg17-harness.ts:165:51)

  console.warn
    PG17_PROCESS {"name":"g2p17_94","old":false,"options":{"mapper":"skip"},"result":{"intent_id":"intent","staged":1,"reconstructed":0,"skipped":1,"failed":0},"queries":11,"pid":26593}

      158 |       if (code !== 0 || !result) { reject(new Error(`worker exited ${code}: ${output}`)); return; }
      159 |       // Query shapes, outcomes, fixture identifiers and process IDs only; never parameters.
    > 160 |       console.warn('PG17_PROCESS', JSON.stringify({ name, old, options: { ...options, cursor: options.cursor ? '<cursor>' : undefined },
          |               ^
      161 |         result: result.result, failure: result.failure, queries: result.queries.length, pid: result.pid }));
      162 |       resolveDone(result);
      163 |     };

      at settleWorker (test/utils/g2-pg17-harness.ts:160:15)
      at ChildProcess.<anonymous> (test/utils/g2-pg17-harness.ts:165:51)

  console.warn
    PG17_PROCESS {"name":"g2p17_93","old":false,"options":{"pause":"before-ledger"},"result":{"intent_id":"intent","staged":1,"reconstructed":1,"skipped":0,"failed":0},"queries":12,"pid":26577}

      158 |       if (code !== 0 || !result) { reject(new Error(`worker exited ${code}: ${output}`)); return; }
      159 |       // Query shapes, outcomes, fixture identifiers and process IDs only; never parameters.
    > 160 |       console.warn('PG17_PROCESS', JSON.stringify({ name, old, options: { ...options, cursor: options.cursor ? '<cursor>' : undefined },
          |               ^
      161 |         result: result.result, failure: result.failure, queries: result.queries.length, pid: result.pid }));
      162 |       resolveDone(result);
      163 |     };

      at settleWorker (test/utils/g2-pg17-harness.ts:160:15)
      at ChildProcess.<anonymous> (test/utils/g2-pg17-harness.ts:165:51)

  console.warn
    PG17_PROCESS {"name":"g2p17_96","old":false,"options":{"mapper":"throw"},"result":{"intent_id":"intent","staged":1,"reconstructed":0,"skipped":0,"failed":1},"queries":11,"pid":26635}

      158 |       if (code !== 0 || !result) { reject(new Error(`worker exited ${code}: ${output}`)); return; }
      159 |       // Query shapes, outcomes, fixture identifiers and process IDs only; never parameters.
    > 160 |       console.warn('PG17_PROCESS', JSON.stringify({ name, old, options: { ...options, cursor: options.cursor ? '<cursor>' : undefined },
          |               ^
      161 |         result: result.result, failure: result.failure, queries: result.queries.length, pid: result.pid }));
      162 |       resolveDone(result);
      163 |     };

      at settleWorker (test/utils/g2-pg17-harness.ts:160:15)
      at ChildProcess.<anonymous> (test/utils/g2-pg17-harness.ts:165:51)

  console.warn
    PG17_PROCESS {"name":"g2p17_95","old":false,"options":{"pause":"before-ledger"},"result":{"intent_id":"intent","staged":1,"reconstructed":1,"skipped":0,"failed":0},"queries":12,"pid":26619}

      158 |       if (code !== 0 || !result) { reject(new Error(`worker exited ${code}: ${output}`)); return; }
      159 |       // Query shapes, outcomes, fixture identifiers and process IDs only; never parameters.
    > 160 |       console.warn('PG17_PROCESS', JSON.stringify({ name, old, options: { ...options, cursor: options.cursor ? '<cursor>' : undefined },
          |               ^
      161 |         result: result.result, failure: result.failure, queries: result.queries.length, pid: result.pid }));
      162 |       resolveDone(result);
      163 |     };

      at settleWorker (test/utils/g2-pg17-harness.ts:160:15)
      at ChildProcess.<anonymous> (test/utils/g2-pg17-harness.ts:165:51)

  console.warn
    PG17_BLOCKED {"name":"g2p17_98","rows":[{"type":"Lock","wait":"transactionid"}]}

      179 |     const rows = jsonAdmin(`SELECT COALESCE(jsonb_agg(jsonb_build_object('wait',wait_event,'type',wait_event_type)),'[]')
      180 |       FROM pg_stat_activity WHERE application_name=${quote(name)} AND wait_event_type='Lock'`);
    > 181 |     if (rows.length > 0) { console.warn('PG17_BLOCKED', JSON.stringify({ name, rows })); return; }
          |                                    ^
      182 |     await new Promise((r) => setTimeout(r, 25));
      183 |   }
      184 |   throw new Error('expected observed PostgreSQL lock wait');

      at blocked (test/utils/g2-pg17-harness.ts:181:36)
      at Object.<anonymous> (test/rls-g2-pg17-etq0.spec.ts:620:7)

  console.warn
    PG17_PROCESS {"name":"g2p17_98","old":false,"options":{},"failure":{"status":409,"message":"reconstruction provenance conflict"},"queries":10,"pid":26681}

      158 |       if (code !== 0 || !result) { reject(new Error(`worker exited ${code}: ${output}`)); return; }
      159 |       // Query shapes, outcomes, fixture identifiers and process IDs only; never parameters.
    > 160 |       console.warn('PG17_PROCESS', JSON.stringify({ name, old, options: { ...options, cursor: options.cursor ? '<cursor>' : undefined },
          |               ^
      161 |         result: result.result, failure: result.failure, queries: result.queries.length, pid: result.pid }));
      162 |       resolveDone(result);
      163 |     };

      at settleWorker (test/utils/g2-pg17-harness.ts:160:15)
      at ChildProcess.<anonymous> (test/utils/g2-pg17-harness.ts:165:51)

  console.warn
    PG17_PROCESS {"name":"g2p17_97","old":false,"options":{"pause":"claimed"},"result":{"intent_id":"intent","staged":1,"reconstructed":1,"skipped":0,"failed":0},"queries":12,"pid":26663}

      158 |       if (code !== 0 || !result) { reject(new Error(`worker exited ${code}: ${output}`)); return; }
      159 |       // Query shapes, outcomes, fixture identifiers and process IDs only; never parameters.
    > 160 |       console.warn('PG17_PROCESS', JSON.stringify({ name, old, options: { ...options, cursor: options.cursor ? '<cursor>' : undefined },
          |               ^
      161 |         result: result.result, failure: result.failure, queries: result.queries.length, pid: result.pid }));
      162 |       resolveDone(result);
      163 |     };

      at settleWorker (test/utils/g2-pg17-harness.ts:160:15)
      at ChildProcess.<anonymous> (test/utils/g2-pg17-harness.ts:165:51)

  console.warn
    PG17_PROCESS {"name":"g2p17_99","old":false,"options":{"family":"clients"},"result":{"intent_id":"intent","staged":3,"reconstructed":3,"skipped":0,"failed":0},"queries":28,"pid":26741}

      158 |       if (code !== 0 || !result) { reject(new Error(`worker exited ${code}: ${output}`)); return; }
      159 |       // Query shapes, outcomes, fixture identifiers and process IDs only; never parameters.
    > 160 |       console.warn('PG17_PROCESS', JSON.stringify({ name, old, options: { ...options, cursor: options.cursor ? '<cursor>' : undefined },
          |               ^
      161 |         result: result.result, failure: result.failure, queries: result.queries.length, pid: result.pid }));
      162 |       resolveDone(result);
      163 |     };

      at settleWorker (test/utils/g2-pg17-harness.ts:160:15)
      at ChildProcess.<anonymous> (test/utils/g2-pg17-harness.ts:165:51)

  console.warn
    PG17_PROCESS {"name":"g2p17_100","old":false,"options":{"action":"roster","family":"clients"},"result":{"intent_id":"intent","accounting":{"staged":3,"reconstructed":3,"skipped":0,"failed":0},"persons":[{"id":"6a7271aa-6fa3-40b9-a9f8-38c46717db6f","state":"InvitePending","source_platform":"truecoach","source_person_id":"a","display_name":"Synthetic A","created_at":"2026-09-20T18:49:47.745Z","updated_at":"2026-09-20T18:49:47.745Z"}],"page":{"limit":1,"next_cursor":"YQ","has_more":true}},"queries":8,"pid":26761}

      158 |       if (code !== 0 || !result) { reject(new Error(`worker exited ${code}: ${output}`)); return; }
      159 |       // Query shapes, outcomes, fixture identifiers and process IDs only; never parameters.
    > 160 |       console.warn('PG17_PROCESS', JSON.stringify({ name, old, options: { ...options, cursor: options.cursor ? '<cursor>' : undefined },
          |               ^
      161 |         result: result.result, failure: result.failure, queries: result.queries.length, pid: result.pid }));
      162 |       resolveDone(result);
      163 |     };

      at settleWorker (test/utils/g2-pg17-harness.ts:160:15)
      at ChildProcess.<anonymous> (test/utils/g2-pg17-harness.ts:165:51)

  console.warn
    PG17_PROCESS {"name":"g2p17_101","old":false,"options":{"action":"roster","family":"clients","cursor":"<cursor>"},"result":{"intent_id":"intent","accounting":{"staged":3,"reconstructed":3,"skipped":0,"failed":0},"persons":[{"id":"3defd83f-1fc9-4dff-a17c-0550e07a697f","state":"InvitePending","source_platform":"truecoach","source_person_id":"b","display_name":"Synthetic A","created_at":"2026-09-20T18:49:47.751Z","updated_at":"2026-09-20T18:49:47.751Z"}],"page":{"limit":1,"next_cursor":"Yg","has_more":true}},"queries":8,"pid":26778}

      158 |       if (code !== 0 || !result) { reject(new Error(`worker exited ${code}: ${output}`)); return; }
      159 |       // Query shapes, outcomes, fixture identifiers and process IDs only; never parameters.
    > 160 |       console.warn('PG17_PROCESS', JSON.stringify({ name, old, options: { ...options, cursor: options.cursor ? '<cursor>' : undefined },
          |               ^
      161 |         result: result.result, failure: result.failure, queries: result.queries.length, pid: result.pid }));
      162 |       resolveDone(result);
      163 |     };

      at settleWorker (test/utils/g2-pg17-harness.ts:160:15)
      at ChildProcess.<anonymous> (test/utils/g2-pg17-harness.ts:165:51)

  console.warn
    PG17_PROCESS {"name":"g2p17_102","old":false,"options":{"action":"roster","family":"clients","cursor":"<cursor>"},"result":{"intent_id":"intent","accounting":{"staged":3,"reconstructed":3,"skipped":0,"failed":0},"persons":[{"id":"388b0014-b177-4de7-99c9-97e69a376529","state":"InvitePending","source_platform":"truecoach","source_person_id":"c","display_name":"Synthetic A","created_at":"2026-09-20T18:49:47.755Z","updated_at":"2026-09-20T18:49:47.755Z"}],"page":{"limit":1,"next_cursor":null,"has_more":false}},"queries":8,"pid":26794}

      158 |       if (code !== 0 || !result) { reject(new Error(`worker exited ${code}: ${output}`)); return; }
      159 |       // Query shapes, outcomes, fixture identifiers and process IDs only; never parameters.
    > 160 |       console.warn('PG17_PROCESS', JSON.stringify({ name, old, options: { ...options, cursor: options.cursor ? '<cursor>' : undefined },
          |               ^
      161 |         result: result.result, failure: result.failure, queries: result.queries.length, pid: result.pid }));
      162 |       resolveDone(result);
      163 |     };

      at settleWorker (test/utils/g2-pg17-harness.ts:160:15)
      at ChildProcess.<anonymous> (test/utils/g2-pg17-harness.ts:165:51)

  console.warn
    PG17_PROCESS {"name":"g2p17_103","old":false,"options":{"action":"roster","family":"clients","cursor":"<cursor>"},"result":{"intent_id":"intent","accounting":{"staged":3,"reconstructed":3,"skipped":0,"failed":0},"persons":[{"id":"3defd83f-1fc9-4dff-a17c-0550e07a697f","state":"InvitePending","source_platform":"truecoach","source_person_id":"b","display_name":"Synthetic A","created_at":"2026-09-20T18:49:47.751Z","updated_at":"2026-09-20T18:49:47.751Z"}],"page":{"limit":1,"next_cursor":"Yg","has_more":true}},"queries":8,"pid":26811}

      158 |       if (code !== 0 || !result) { reject(new Error(`worker exited ${code}: ${output}`)); return; }
      159 |       // Query shapes, outcomes, fixture identifiers and process IDs only; never parameters.
    > 160 |       console.warn('PG17_PROCESS', JSON.stringify({ name, old, options: { ...options, cursor: options.cursor ? '<cursor>' : undefined },
          |               ^
      161 |         result: result.result, failure: result.failure, queries: result.queries.length, pid: result.pid }));
      162 |       resolveDone(result);
      163 |     };

      at settleWorker (test/utils/g2-pg17-harness.ts:160:15)
      at ChildProcess.<anonymous> (test/utils/g2-pg17-harness.ts:165:51)

  console.warn
    PG17_PROCESS {"name":"g2p17_104","old":false,"options":{"action":"roster","family":"clients","coach":"foreign"},"failure":{"status":404,"message":"Not Found"},"queries":4,"pid":26827}

      158 |       if (code !== 0 || !result) { reject(new Error(`worker exited ${code}: ${output}`)); return; }
      159 |       // Query shapes, outcomes, fixture identifiers and process IDs only; never parameters.
    > 160 |       console.warn('PG17_PROCESS', JSON.stringify({ name, old, options: { ...options, cursor: options.cursor ? '<cursor>' : undefined },
          |               ^
      161 |         result: result.result, failure: result.failure, queries: result.queries.length, pid: result.pid }));
      162 |       resolveDone(result);
      163 |     };

      at settleWorker (test/utils/g2-pg17-harness.ts:160:15)
      at ChildProcess.<anonymous> (test/utils/g2-pg17-harness.ts:165:51)

  console.warn
    PG17_PROCESS {"name":"g2p17_105","old":false,"options":{"action":"roster","family":"clients","cursor":"<cursor>"},"failure":{"status":400,"message":"malformed cursor"},"queries":0,"pid":26845}

      158 |       if (code !== 0 || !result) { reject(new Error(`worker exited ${code}: ${output}`)); return; }
      159 |       // Query shapes, outcomes, fixture identifiers and process IDs only; never parameters.
    > 160 |       console.warn('PG17_PROCESS', JSON.stringify({ name, old, options: { ...options, cursor: options.cursor ? '<cursor>' : undefined },
          |               ^
      161 |         result: result.result, failure: result.failure, queries: result.queries.length, pid: result.pid }));
      162 |       resolveDone(result);
      163 |     };

      at settleWorker (test/utils/g2-pg17-harness.ts:160:15)
      at ChildProcess.<anonymous> (test/utils/g2-pg17-harness.ts:165:51)

  console.warn
    PG17_PROCESS {"name":"g2p17_106","old":false,"options":{"action":"roster","family":"clients","cursor":"<cursor>","limit":200},"result":{"intent_id":"intent","accounting":{"staged":3,"reconstructed":3,"skipped":0,"failed":0},"persons":[{"id":"3defd83f-1fc9-4dff-a17c-0550e07a697f","state":"InvitePending","source_platform":"truecoach","source_person_id":"b","display_name":"Synthetic A","created_at":"2026-09-20T18:49:47.751Z","updated_at":"2026-09-20T18:49:47.751Z"},{"id":"388b0014-b177-4de7-99c9-97e69a376529","state":"InvitePending","source_platform":"truecoach","source_person_id":"c","display_name":"Synthetic A","created_at":"2026-09-20T18:49:47.755Z","updated_at":"2026-09-20T18:49:47.755Z"}],"page":{"limit":200,"next_cursor":null,"has_more":false}},"queries":8,"pid":26860}

      158 |       if (code !== 0 || !result) { reject(new Error(`worker exited ${code}: ${output}`)); return; }
      159 |       // Query shapes, outcomes, fixture identifiers and process IDs only; never parameters.
    > 160 |       console.warn('PG17_PROCESS', JSON.stringify({ name, old, options: { ...options, cursor: options.cursor ? '<cursor>' : undefined },
          |               ^
      161 |         result: result.result, failure: result.failure, queries: result.queries.length, pid: result.pid }));
      162 |       resolveDone(result);
      163 |     };

      at settleWorker (test/utils/g2-pg17-harness.ts:160:15)
      at ChildProcess.<anonymous> (test/utils/g2-pg17-harness.ts:165:51)

  console.warn
    PG17_PROCESS {"name":"g2p17_107","old":false,"options":{"action":"roster","family":"clients","cursor":"<cursor>","limit":2},"result":{"intent_id":"intent","accounting":{"staged":3,"reconstructed":3,"skipped":0,"failed":0},"persons":[],"page":{"limit":2,"next_cursor":null,"has_more":false}},"queries":8,"pid":26878}

      158 |       if (code !== 0 || !result) { reject(new Error(`worker exited ${code}: ${output}`)); return; }
      159 |       // Query shapes, outcomes, fixture identifiers and process IDs only; never parameters.
    > 160 |       console.warn('PG17_PROCESS', JSON.stringify({ name, old, options: { ...options, cursor: options.cursor ? '<cursor>' : undefined },
          |               ^
      161 |         result: result.result, failure: result.failure, queries: result.queries.length, pid: result.pid }));
      162 |       resolveDone(result);
      163 |     };

      at settleWorker (test/utils/g2-pg17-harness.ts:160:15)
      at ChildProcess.<anonymous> (test/utils/g2-pg17-harness.ts:165:51)

  console.warn
    PG17_PROCESS {"name":"g2p17_108","old":false,"options":{"action":"roster","family":"clients","limit":200},"result":{"intent_id":"intent","accounting":{"staged":3,"reconstructed":3,"skipped":0,"failed":0},"persons":[],"page":{"limit":200,"next_cursor":null,"has_more":false}},"queries":8,"pid":26896}

      158 |       if (code !== 0 || !result) { reject(new Error(`worker exited ${code}: ${output}`)); return; }
      159 |       // Query shapes, outcomes, fixture identifiers and process IDs only; never parameters.
    > 160 |       console.warn('PG17_PROCESS', JSON.stringify({ name, old, options: { ...options, cursor: options.cursor ? '<cursor>' : undefined },
          |               ^
      161 |         result: result.result, failure: result.failure, queries: result.queries.length, pid: result.pid }));
      162 |       resolveDone(result);
      163 |     };

      at settleWorker (test/utils/g2-pg17-harness.ts:160:15)
      at ChildProcess.<anonymous> (test/utils/g2-pg17-harness.ts:165:51)

  console.warn
    PG17_PROCESS {"name":"g2p17_109","old":false,"options":{"family":"workouts"},"result":{"intent_id":"intent","staged":3,"reconstructed":3,"skipped":0,"failed":0},"queries":28,"pid":26922}

      158 |       if (code !== 0 || !result) { reject(new Error(`worker exited ${code}: ${output}`)); return; }
      159 |       // Query shapes, outcomes, fixture identifiers and process IDs only; never parameters.
    > 160 |       console.warn('PG17_PROCESS', JSON.stringify({ name, old, options: { ...options, cursor: options.cursor ? '<cursor>' : undefined },
          |               ^
      161 |         result: result.result, failure: result.failure, queries: result.queries.length, pid: result.pid }));
      162 |       resolveDone(result);
      163 |     };

      at settleWorker (test/utils/g2-pg17-harness.ts:160:15)
      at ChildProcess.<anonymous> (test/utils/g2-pg17-harness.ts:165:51)

  console.warn
    PG17_PROCESS {"name":"g2p17_110","old":false,"options":{"action":"entities","family":"workouts"},"result":{"intent_id":"intent","family":"workouts","entities":[{"id":"1dced608-bff4-4892-a673-568a2c736dde","source_platform":"truecoach","entity_type":"workouts","source_id":"a","client_source_id":"client-new","label":"Synthetic A","created_at":"2026-09-20T18:49:56.731Z","updated_at":"2026-09-20T18:49:56.731Z"}],"page_count":1,"next_cursor":"eyJjIjoiY29hY2giLCJpIjoiaW50ZW50IiwiZiI6IndvcmtvdXRzIiwibyI6InNvdXJjZV9pZDphc2MiLCJzIjoiYSJ9"},"queries":6,"pid":26942}

      158 |       if (code !== 0 || !result) { reject(new Error(`worker exited ${code}: ${output}`)); return; }
      159 |       // Query shapes, outcomes, fixture identifiers and process IDs only; never parameters.
    > 160 |       console.warn('PG17_PROCESS', JSON.stringify({ name, old, options: { ...options, cursor: options.cursor ? '<cursor>' : undefined },
          |               ^
      161 |         result: result.result, failure: result.failure, queries: result.queries.length, pid: result.pid }));
      162 |       resolveDone(result);
      163 |     };

      at settleWorker (test/utils/g2-pg17-harness.ts:160:15)
      at ChildProcess.<anonymous> (test/utils/g2-pg17-harness.ts:165:51)

  console.warn
    PG17_PROCESS {"name":"g2p17_111","old":false,"options":{"action":"entities","family":"workouts","cursor":"<cursor>"},"result":{"intent_id":"intent","family":"workouts","entities":[{"id":"96129dce-8d6e-425b-a6c1-6ce08d2ae079","source_platform":"truecoach","entity_type":"workouts","source_id":"b","client_source_id":"client-new","label":"Synthetic A","created_at":"2026-09-20T18:49:56.737Z","updated_at":"2026-09-20T18:49:56.737Z"}],"page_count":1,"next_cursor":"eyJjIjoiY29hY2giLCJpIjoiaW50ZW50IiwiZiI6IndvcmtvdXRzIiwibyI6InNvdXJjZV9pZDphc2MiLCJzIjoiYiJ9"},"queries":6,"pid":26960}

      158 |       if (code !== 0 || !result) { reject(new Error(`worker exited ${code}: ${output}`)); return; }
      159 |       // Query shapes, outcomes, fixture identifiers and process IDs only; never parameters.
    > 160 |       console.warn('PG17_PROCESS', JSON.stringify({ name, old, options: { ...options, cursor: options.cursor ? '<cursor>' : undefined },
          |               ^
      161 |         result: result.result, failure: result.failure, queries: result.queries.length, pid: result.pid }));
      162 |       resolveDone(result);
      163 |     };

      at settleWorker (test/utils/g2-pg17-harness.ts:160:15)
      at ChildProcess.<anonymous> (test/utils/g2-pg17-harness.ts:165:51)

  console.warn
    PG17_PROCESS {"name":"g2p17_112","old":false,"options":{"action":"entities","family":"workouts","cursor":"<cursor>"},"result":{"intent_id":"intent","family":"workouts","entities":[{"id":"b79e6280-0c1b-4115-890d-81abff6a4108","source_platform":"truecoach","entity_type":"workouts","source_id":"c","client_source_id":"client-new","label":"Synthetic A","created_at":"2026-09-20T18:49:56.741Z","updated_at":"2026-09-20T18:49:56.741Z"}],"page_count":1,"next_cursor":null},"queries":6,"pid":26977}

      158 |       if (code !== 0 || !result) { reject(new Error(`worker exited ${code}: ${output}`)); return; }
      159 |       // Query shapes, outcomes, fixture identifiers and process IDs only; never parameters.
    > 160 |       console.warn('PG17_PROCESS', JSON.stringify({ name, old, options: { ...options, cursor: options.cursor ? '<cursor>' : undefined },
          |               ^
      161 |         result: result.result, failure: result.failure, queries: result.queries.length, pid: result.pid }));
      162 |       resolveDone(result);
      163 |     };

      at settleWorker (test/utils/g2-pg17-harness.ts:160:15)
      at ChildProcess.<anonymous> (test/utils/g2-pg17-harness.ts:165:51)

  console.warn
    PG17_PROCESS {"name":"g2p17_113","old":false,"options":{"action":"entities","family":"workouts","cursor":"<cursor>"},"result":{"intent_id":"intent","family":"workouts","entities":[{"id":"96129dce-8d6e-425b-a6c1-6ce08d2ae079","source_platform":"truecoach","entity_type":"workouts","source_id":"b","client_source_id":"client-new","label":"Synthetic A","created_at":"2026-09-20T18:49:56.737Z","updated_at":"2026-09-20T18:49:56.737Z"}],"page_count":1,"next_cursor":"eyJjIjoiY29hY2giLCJpIjoiaW50ZW50IiwiZiI6IndvcmtvdXRzIiwibyI6InNvdXJjZV9pZDphc2MiLCJzIjoiYiJ9"},"queries":6,"pid":26993}

      158 |       if (code !== 0 || !result) { reject(new Error(`worker exited ${code}: ${output}`)); return; }
      159 |       // Query shapes, outcomes, fixture identifiers and process IDs only; never parameters.
    > 160 |       console.warn('PG17_PROCESS', JSON.stringify({ name, old, options: { ...options, cursor: options.cursor ? '<cursor>' : undefined },
          |               ^
      161 |         result: result.result, failure: result.failure, queries: result.queries.length, pid: result.pid }));
      162 |       resolveDone(result);
      163 |     };

      at settleWorker (test/utils/g2-pg17-harness.ts:160:15)
      at ChildProcess.<anonymous> (test/utils/g2-pg17-harness.ts:165:51)

  console.warn
    PG17_PROCESS {"name":"g2p17_114","old":false,"options":{"action":"entities","family":"workouts","coach":"foreign"},"failure":{"status":404,"message":"Not Found"},"queries":4,"pid":27009}

      158 |       if (code !== 0 || !result) { reject(new Error(`worker exited ${code}: ${output}`)); return; }
      159 |       // Query shapes, outcomes, fixture identifiers and process IDs only; never parameters.
    > 160 |       console.warn('PG17_PROCESS', JSON.stringify({ name, old, options: { ...options, cursor: options.cursor ? '<cursor>' : undefined },
          |               ^
      161 |         result: result.result, failure: result.failure, queries: result.queries.length, pid: result.pid }));
      162 |       resolveDone(result);
      163 |     };

      at settleWorker (test/utils/g2-pg17-harness.ts:160:15)
      at ChildProcess.<anonymous> (test/utils/g2-pg17-harness.ts:165:51)

  console.warn
    PG17_PROCESS {"name":"g2p17_115","old":false,"options":{"action":"entities","family":"workouts","cursor":"<cursor>"},"failure":{"status":400,"message":"malformed cursor"},"queries":0,"pid":27025}

      158 |       if (code !== 0 || !result) { reject(new Error(`worker exited ${code}: ${output}`)); return; }
      159 |       // Query shapes, outcomes, fixture identifiers and process IDs only; never parameters.
    > 160 |       console.warn('PG17_PROCESS', JSON.stringify({ name, old, options: { ...options, cursor: options.cursor ? '<cursor>' : undefined },
          |               ^
      161 |         result: result.result, failure: result.failure, queries: result.queries.length, pid: result.pid }));
      162 |       resolveDone(result);
      163 |     };

      at settleWorker (test/utils/g2-pg17-harness.ts:160:15)
      at ChildProcess.<anonymous> (test/utils/g2-pg17-harness.ts:165:51)

  console.warn
    PG17_PROCESS {"name":"g2p17_116","old":false,"options":{"action":"entities","family":"workouts","cursor":"<cursor>","limit":200},"result":{"intent_id":"intent","family":"workouts","entities":[{"id":"96129dce-8d6e-425b-a6c1-6ce08d2ae079","source_platform":"truecoach","entity_type":"workouts","source_id":"b","client_source_id":"client-new","label":"Synthetic A","created_at":"2026-09-20T18:49:56.737Z","updated_at":"2026-09-20T18:49:56.737Z"},{"id":"b79e6280-0c1b-4115-890d-81abff6a4108","source_platform":"truecoach","entity_type":"workouts","source_id":"c","client_source_id":"client-new","label":"Synthetic A","created_at":"2026-09-20T18:49:56.741Z","updated_at":"2026-09-20T18:49:56.741Z"}],"page_count":2,"next_cursor":null},"queries":6,"pid":27040}

      158 |       if (code !== 0 || !result) { reject(new Error(`worker exited ${code}: ${output}`)); return; }
      159 |       // Query shapes, outcomes, fixture identifiers and process IDs only; never parameters.
    > 160 |       console.warn('PG17_PROCESS', JSON.stringify({ name, old, options: { ...options, cursor: options.cursor ? '<cursor>' : undefined },
          |               ^
      161 |         result: result.result, failure: result.failure, queries: result.queries.length, pid: result.pid }));
      162 |       resolveDone(result);
      163 |     };

      at settleWorker (test/utils/g2-pg17-harness.ts:160:15)
      at ChildProcess.<anonymous> (test/utils/g2-pg17-harness.ts:165:51)

  console.warn
    PG17_PROCESS {"name":"g2p17_117","old":false,"options":{"action":"entities","family":"workouts","cursor":"<cursor>","limit":2},"result":{"intent_id":"intent","family":"workouts","entities":[],"page_count":0,"next_cursor":null},"queries":6,"pid":27058}

      158 |       if (code !== 0 || !result) { reject(new Error(`worker exited ${code}: ${output}`)); return; }
      159 |       // Query shapes, outcomes, fixture identifiers and process IDs only; never parameters.
    > 160 |       console.warn('PG17_PROCESS', JSON.stringify({ name, old, options: { ...options, cursor: options.cursor ? '<cursor>' : undefined },
          |               ^
      161 |         result: result.result, failure: result.failure, queries: result.queries.length, pid: result.pid }));
      162 |       resolveDone(result);
      163 |     };

      at settleWorker (test/utils/g2-pg17-harness.ts:160:15)
      at ChildProcess.<anonymous> (test/utils/g2-pg17-harness.ts:165:51)

  console.warn
    PG17_PROCESS {"name":"g2p17_118","old":false,"options":{"action":"entities","family":"workouts","limit":200},"result":{"intent_id":"intent","family":"workouts","entities":[],"page_count":0,"next_cursor":null},"queries":6,"pid":27076}

      158 |       if (code !== 0 || !result) { reject(new Error(`worker exited ${code}: ${output}`)); return; }
      159 |       // Query shapes, outcomes, fixture identifiers and process IDs only; never parameters.
    > 160 |       console.warn('PG17_PROCESS', JSON.stringify({ name, old, options: { ...options, cursor: options.cursor ? '<cursor>' : undefined },
          |               ^
      161 |         result: result.result, failure: result.failure, queries: result.queries.length, pid: result.pid }));
      162 |       resolveDone(result);
      163 |     };

      at settleWorker (test/utils/g2-pg17-harness.ts:160:15)
      at ChildProcess.<anonymous> (test/utils/g2-pg17-harness.ts:165:51)

  console.warn
    PG17_PROCESS {"name":"g2p17_119","old":false,"options":{"family":"clients"},"result":{"intent_id":"intent","staged":4,"reconstructed":4,"skipped":0,"failed":0},"queries":36,"pid":27104}

      158 |       if (code !== 0 || !result) { reject(new Error(`worker exited ${code}: ${output}`)); return; }
      159 |       // Query shapes, outcomes, fixture identifiers and process IDs only; never parameters.
    > 160 |       console.warn('PG17_PROCESS', JSON.stringify({ name, old, options: { ...options, cursor: options.cursor ? '<cursor>' : undefined },
          |               ^
      161 |         result: result.result, failure: result.failure, queries: result.queries.length, pid: result.pid }));
      162 |       resolveDone(result);
      163 |     };

      at settleWorker (test/utils/g2-pg17-harness.ts:160:15)
      at ChildProcess.<anonymous> (test/utils/g2-pg17-harness.ts:165:51)

  console.warn
    PG17_PROCESS {"name":"g2p17_120","old":false,"options":{"action":"roster","family":"clients","cursor":"<cursor>"},"result":{"intent_id":"intent","accounting":{"staged":4,"reconstructed":4,"skipped":0,"failed":0},"persons":[{"id":"07b945a4-dc69-4641-92fb-e3dbcb1c65d7","state":"InvitePending","source_platform":"truecoach","source_person_id":"b","display_name":"Synthetic A","created_at":"2026-09-20T18:50:05.695Z","updated_at":"2026-09-20T18:50:05.695Z"}],"page":{"limit":1,"next_cursor":"YQ","has_more":true}},"queries":8,"pid":27126}

      158 |       if (code !== 0 || !result) { reject(new Error(`worker exited ${code}: ${output}`)); return; }
      159 |       // Query shapes, outcomes, fixture identifiers and process IDs only; never parameters.
    > 160 |       console.warn('PG17_PROCESS', JSON.stringify({ name, old, options: { ...options, cursor: options.cursor ? '<cursor>' : undefined },
          |               ^
      161 |         result: result.result, failure: result.failure, queries: result.queries.length, pid: result.pid }));
      162 |       resolveDone(result);
      163 |     };

      at settleWorker (test/utils/g2-pg17-harness.ts:160:15)
      at ChildProcess.<anonymous> (test/utils/g2-pg17-harness.ts:165:51)

  console.warn
    PG17_PROCESS {"name":"g2p17_121","old":false,"options":{"action":"roster","family":"clients","cursor":"<cursor>"},"result":{"intent_id":"intent","accounting":{"staged":4,"reconstructed":4,"skipped":0,"failed":0},"persons":[{"id":"76c9c6fd-33da-4e9b-b4ce-a3337ef0a8ce","state":"InvitePending","source_platform":"truecoach","source_person_id":"d","display_name":"Synthetic A","created_at":"2026-09-20T18:50:05.702Z","updated_at":"2026-09-20T18:50:05.702Z"}],"page":{"limit":1,"next_cursor":null,"has_more":false}},"queries":8,"pid":27143}

      158 |       if (code !== 0 || !result) { reject(new Error(`worker exited ${code}: ${output}`)); return; }
      159 |       // Query shapes, outcomes, fixture identifiers and process IDs only; never parameters.
    > 160 |       console.warn('PG17_PROCESS', JSON.stringify({ name, old, options: { ...options, cursor: options.cursor ? '<cursor>' : undefined },
          |               ^
      161 |         result: result.result, failure: result.failure, queries: result.queries.length, pid: result.pid }));
      162 |       resolveDone(result);
      163 |     };

      at settleWorker (test/utils/g2-pg17-harness.ts:160:15)
      at ChildProcess.<anonymous> (test/utils/g2-pg17-harness.ts:165:51)

  console.warn
    PG17_PROCESS {"name":"g2p17_122","old":false,"options":{"action":"roster","family":"clients","cursor":"<cursor>"},"result":{"intent_id":"intent","accounting":{"staged":4,"reconstructed":4,"skipped":0,"failed":0},"persons":[{"id":"c7727832-ed45-4bad-a509-e909ce4bed86","state":"InvitePending","source_platform":"truecoach","source_person_id":"c","display_name":"Synthetic A","created_at":"2026-09-20T18:50:05.699Z","updated_at":"2026-09-20T18:50:05.699Z"}],"page":{"limit":1,"next_cursor":"YQ","has_more":true}},"queries":8,"pid":27159}

      158 |       if (code !== 0 || !result) { reject(new Error(`worker exited ${code}: ${output}`)); return; }
      159 |       // Query shapes, outcomes, fixture identifiers and process IDs only; never parameters.
    > 160 |       console.warn('PG17_PROCESS', JSON.stringify({ name, old, options: { ...options, cursor: options.cursor ? '<cursor>' : undefined },
          |               ^
      161 |         result: result.result, failure: result.failure, queries: result.queries.length, pid: result.pid }));
      162 |       resolveDone(result);
      163 |     };

      at settleWorker (test/utils/g2-pg17-harness.ts:160:15)
      at ChildProcess.<anonymous> (test/utils/g2-pg17-harness.ts:165:51)

  console.warn
    PG17_PROCESS {"name":"g2p17_123","old":false,"options":{"family":"workouts"},"result":{"intent_id":"intent","staged":4,"reconstructed":4,"skipped":0,"failed":0},"queries":36,"pid":27190}

      158 |       if (code !== 0 || !result) { reject(new Error(`worker exited ${code}: ${output}`)); return; }
      159 |       // Query shapes, outcomes, fixture identifiers and process IDs only; never parameters.
    > 160 |       console.warn('PG17_PROCESS', JSON.stringify({ name, old, options: { ...options, cursor: options.cursor ? '<cursor>' : undefined },
          |               ^
      161 |         result: result.result, failure: result.failure, queries: result.queries.length, pid: result.pid }));
      162 |       resolveDone(result);
      163 |     };

      at settleWorker (test/utils/g2-pg17-harness.ts:160:15)
      at ChildProcess.<anonymous> (test/utils/g2-pg17-harness.ts:165:51)

  console.warn
    PG17_PROCESS {"name":"g2p17_124","old":false,"options":{"action":"entities","family":"workouts","cursor":"<cursor>"},"result":{"intent_id":"intent","family":"workouts","entities":[{"id":"d4aefbdc-c1ad-449a-b24f-43c5a45f5fe1","source_platform":"truecoach","entity_type":"workouts","source_id":"b","client_source_id":"client-new","label":"Synthetic A","created_at":"2026-09-20T18:50:09.477Z","updated_at":"2026-09-20T18:50:09.477Z"}],"page_count":1,"next_cursor":"eyJjIjoiY29hY2giLCJpIjoiaW50ZW50IiwiZiI6IndvcmtvdXRzIiwibyI6InNvdXJjZV9pZDphc2MiLCJzIjoiYSJ9"},"queries":6,"pid":27212}

      158 |       if (code !== 0 || !result) { reject(new Error(`worker exited ${code}: ${output}`)); return; }
      159 |       // Query shapes, outcomes, fixture identifiers and process IDs only; never parameters.
    > 160 |       console.warn('PG17_PROCESS', JSON.stringify({ name, old, options: { ...options, cursor: options.cursor ? '<cursor>' : undefined },
          |               ^
      161 |         result: result.result, failure: result.failure, queries: result.queries.length, pid: result.pid }));
      162 |       resolveDone(result);
      163 |     };

      at settleWorker (test/utils/g2-pg17-harness.ts:160:15)
      at ChildProcess.<anonymous> (test/utils/g2-pg17-harness.ts:165:51)

  console.warn
    PG17_PROCESS {"name":"g2p17_125","old":false,"options":{"action":"entities","family":"workouts","cursor":"<cursor>"},"result":{"intent_id":"intent","family":"workouts","entities":[{"id":"19a13019-d61f-4d9c-a9e2-b25ae55a8276","source_platform":"truecoach","entity_type":"workouts","source_id":"d","client_source_id":"client-new","label":"Synthetic A","created_at":"2026-09-20T18:50:09.484Z","updated_at":"2026-09-20T18:50:09.484Z"}],"page_count":1,"next_cursor":null},"queries":6,"pid":27228}

      158 |       if (code !== 0 || !result) { reject(new Error(`worker exited ${code}: ${output}`)); return; }
      159 |       // Query shapes, outcomes, fixture identifiers and process IDs only; never parameters.
    > 160 |       console.warn('PG17_PROCESS', JSON.stringify({ name, old, options: { ...options, cursor: options.cursor ? '<cursor>' : undefined },
          |               ^
      161 |         result: result.result, failure: result.failure, queries: result.queries.length, pid: result.pid }));
      162 |       resolveDone(result);
      163 |     };

      at settleWorker (test/utils/g2-pg17-harness.ts:160:15)
      at ChildProcess.<anonymous> (test/utils/g2-pg17-harness.ts:165:51)

  console.warn
    PG17_PROCESS {"name":"g2p17_126","old":false,"options":{"action":"entities","family":"workouts","cursor":"<cursor>"},"result":{"intent_id":"intent","family":"workouts","entities":[{"id":"f2fd0ffe-babb-4261-9746-1b5e40b49e7f","source_platform":"truecoach","entity_type":"workouts","source_id":"c","client_source_id":"client-new","label":"Synthetic A","created_at":"2026-09-20T18:50:09.481Z","updated_at":"2026-09-20T18:50:09.481Z"}],"page_count":1,"next_cursor":"eyJjIjoiY29hY2giLCJpIjoiaW50ZW50IiwiZiI6IndvcmtvdXRzIiwibyI6InNvdXJjZV9pZDphc2MiLCJzIjoiYSJ9"},"queries":6,"pid":27244}

      158 |       if (code !== 0 || !result) { reject(new Error(`worker exited ${code}: ${output}`)); return; }
      159 |       // Query shapes, outcomes, fixture identifiers and process IDs only; never parameters.
    > 160 |       console.warn('PG17_PROCESS', JSON.stringify({ name, old, options: { ...options, cursor: options.cursor ? '<cursor>' : undefined },
          |               ^
      161 |         result: result.result, failure: result.failure, queries: result.queries.length, pid: result.pid }));
      162 |       resolveDone(result);
      163 |     };

      at settleWorker (test/utils/g2-pg17-harness.ts:160:15)
      at ChildProcess.<anonymous> (test/utils/g2-pg17-harness.ts:165:51)

  console.warn
    PG17_PROCESS {"name":"g2p17_127","old":false,"options":{"family":"clients"},"result":{"intent_id":"intent","staged":1,"reconstructed":1,"skipped":0,"failed":0},"queries":12,"pid":27270}

      158 |       if (code !== 0 || !result) { reject(new Error(`worker exited ${code}: ${output}`)); return; }
      159 |       // Query shapes, outcomes, fixture identifiers and process IDs only; never parameters.
    > 160 |       console.warn('PG17_PROCESS', JSON.stringify({ name, old, options: { ...options, cursor: options.cursor ? '<cursor>' : undefined },
          |               ^
      161 |         result: result.result, failure: result.failure, queries: result.queries.length, pid: result.pid }));
      162 |       resolveDone(result);
      163 |     };

      at settleWorker (test/utils/g2-pg17-harness.ts:160:15)
      at ChildProcess.<anonymous> (test/utils/g2-pg17-harness.ts:165:51)

  console.warn
    PG17_PROCESS {"name":"g2p17_128","old":false,"options":{"action":"roster","family":"clients","cursor":"<cursor>"},"failure":{"status":400,"message":"malformed cursor"},"queries":0,"pid":27286}

      158 |       if (code !== 0 || !result) { reject(new Error(`worker exited ${code}: ${output}`)); return; }
      159 |       // Query shapes, outcomes, fixture identifiers and process IDs only; never parameters.
    > 160 |       console.warn('PG17_PROCESS', JSON.stringify({ name, old, options: { ...options, cursor: options.cursor ? '<cursor>' : undefined },
          |               ^
      161 |         result: result.result, failure: result.failure, queries: result.queries.length, pid: result.pid }));
      162 |       resolveDone(result);
      163 |     };

      at settleWorker (test/utils/g2-pg17-harness.ts:160:15)
      at ChildProcess.<anonymous> (test/utils/g2-pg17-harness.ts:165:51)

  console.warn
    PG17_PROCESS {"name":"g2p17_129","old":false,"options":{"action":"roster","family":"clients","cursor":"<cursor>"},"result":{"intent_id":"intent","accounting":{"staged":1,"reconstructed":1,"skipped":0,"failed":0},"persons":[],"page":{"limit":1,"next_cursor":null,"has_more":false}},"queries":7,"pid":27299}

      158 |       if (code !== 0 || !result) { reject(new Error(`worker exited ${code}: ${output}`)); return; }
      159 |       // Query shapes, outcomes, fixture identifiers and process IDs only; never parameters.
    > 160 |       console.warn('PG17_PROCESS', JSON.stringify({ name, old, options: { ...options, cursor: options.cursor ? '<cursor>' : undefined },
          |               ^
      161 |         result: result.result, failure: result.failure, queries: result.queries.length, pid: result.pid }));
      162 |       resolveDone(result);
      163 |     };

      at settleWorker (test/utils/g2-pg17-harness.ts:160:15)
      at ChildProcess.<anonymous> (test/utils/g2-pg17-harness.ts:165:51)

  console.warn
    PG17_PROCESS {"name":"g2p17_130","old":false,"options":{"action":"roster","family":"clients","cursor":"<cursor>"},"failure":{"status":400,"message":"malformed cursor"},"queries":0,"pid":27315}

      158 |       if (code !== 0 || !result) { reject(new Error(`worker exited ${code}: ${output}`)); return; }
      159 |       // Query shapes, outcomes, fixture identifiers and process IDs only; never parameters.
    > 160 |       console.warn('PG17_PROCESS', JSON.stringify({ name, old, options: { ...options, cursor: options.cursor ? '<cursor>' : undefined },
          |               ^
      161 |         result: result.result, failure: result.failure, queries: result.queries.length, pid: result.pid }));
      162 |       resolveDone(result);
      163 |     };

      at settleWorker (test/utils/g2-pg17-harness.ts:160:15)
      at ChildProcess.<anonymous> (test/utils/g2-pg17-harness.ts:165:51)

  console.warn
    PG17_PROCESS {"name":"g2p17_131","old":false,"options":{"action":"roster","family":"clients","cursor":"<cursor>"},"failure":{"status":400,"message":"malformed cursor"},"queries":0,"pid":27328}

      158 |       if (code !== 0 || !result) { reject(new Error(`worker exited ${code}: ${output}`)); return; }
      159 |       // Query shapes, outcomes, fixture identifiers and process IDs only; never parameters.
    > 160 |       console.warn('PG17_PROCESS', JSON.stringify({ name, old, options: { ...options, cursor: options.cursor ? '<cursor>' : undefined },
          |               ^
      161 |         result: result.result, failure: result.failure, queries: result.queries.length, pid: result.pid }));
      162 |       resolveDone(result);
      163 |     };

      at settleWorker (test/utils/g2-pg17-harness.ts:160:15)
      at ChildProcess.<anonymous> (test/utils/g2-pg17-harness.ts:165:51)

  console.warn
    PG17_PROCESS {"name":"g2p17_132","old":false,"options":{"action":"roster","family":"clients","cursor":"<cursor>"},"failure":{"status":400,"message":"malformed cursor"},"queries":0,"pid":27341}

      158 |       if (code !== 0 || !result) { reject(new Error(`worker exited ${code}: ${output}`)); return; }
      159 |       // Query shapes, outcomes, fixture identifiers and process IDs only; never parameters.
    > 160 |       console.warn('PG17_PROCESS', JSON.stringify({ name, old, options: { ...options, cursor: options.cursor ? '<cursor>' : undefined },
          |               ^
      161 |         result: result.result, failure: result.failure, queries: result.queries.length, pid: result.pid }));
      162 |       resolveDone(result);
      163 |     };

      at settleWorker (test/utils/g2-pg17-harness.ts:160:15)
      at ChildProcess.<anonymous> (test/utils/g2-pg17-harness.ts:165:51)

  console.warn
    PG17_PROCESS {"name":"g2p17_133","old":false,"options":{"action":"roster","family":"clients","cursor":"<cursor>"},"failure":{"status":400,"message":"malformed cursor"},"queries":0,"pid":27354}

      158 |       if (code !== 0 || !result) { reject(new Error(`worker exited ${code}: ${output}`)); return; }
      159 |       // Query shapes, outcomes, fixture identifiers and process IDs only; never parameters.
    > 160 |       console.warn('PG17_PROCESS', JSON.stringify({ name, old, options: { ...options, cursor: options.cursor ? '<cursor>' : undefined },
          |               ^
      161 |         result: result.result, failure: result.failure, queries: result.queries.length, pid: result.pid }));
      162 |       resolveDone(result);
      163 |     };

      at settleWorker (test/utils/g2-pg17-harness.ts:160:15)
      at ChildProcess.<anonymous> (test/utils/g2-pg17-harness.ts:165:51)

  console.warn
    PG17_PROCESS {"name":"g2p17_134","old":false,"options":{"action":"roster","family":"clients","cursor":"<cursor>"},"failure":{"status":400,"message":"malformed cursor"},"queries":0,"pid":27367}

      158 |       if (code !== 0 || !result) { reject(new Error(`worker exited ${code}: ${output}`)); return; }
      159 |       // Query shapes, outcomes, fixture identifiers and process IDs only; never parameters.
    > 160 |       console.warn('PG17_PROCESS', JSON.stringify({ name, old, options: { ...options, cursor: options.cursor ? '<cursor>' : undefined },
          |               ^
      161 |         result: result.result, failure: result.failure, queries: result.queries.length, pid: result.pid }));
      162 |       resolveDone(result);
      163 |     };

      at settleWorker (test/utils/g2-pg17-harness.ts:160:15)
      at ChildProcess.<anonymous> (test/utils/g2-pg17-harness.ts:165:51)

  console.warn
    PG17_PROCESS {"name":"g2p17_135","old":false,"options":{"action":"roster","family":"clients","cursor":"<cursor>"},"failure":{"status":400,"message":"malformed cursor"},"queries":0,"pid":27381}

      158 |       if (code !== 0 || !result) { reject(new Error(`worker exited ${code}: ${output}`)); return; }
      159 |       // Query shapes, outcomes, fixture identifiers and process IDs only; never parameters.
    > 160 |       console.warn('PG17_PROCESS', JSON.stringify({ name, old, options: { ...options, cursor: options.cursor ? '<cursor>' : undefined },
          |               ^
      161 |         result: result.result, failure: result.failure, queries: result.queries.length, pid: result.pid }));
      162 |       resolveDone(result);
      163 |     };

      at settleWorker (test/utils/g2-pg17-harness.ts:160:15)
      at ChildProcess.<anonymous> (test/utils/g2-pg17-harness.ts:165:51)

  console.warn
    PG17_PROCESS {"name":"g2p17_136","old":false,"options":{"action":"roster","family":"clients","cursor":"<cursor>"},"failure":{"status":400,"message":"malformed cursor"},"queries":0,"pid":27399}

      158 |       if (code !== 0 || !result) { reject(new Error(`worker exited ${code}: ${output}`)); return; }
      159 |       // Query shapes, outcomes, fixture identifiers and process IDs only; never parameters.
    > 160 |       console.warn('PG17_PROCESS', JSON.stringify({ name, old, options: { ...options, cursor: options.cursor ? '<cursor>' : undefined },
          |               ^
      161 |         result: result.result, failure: result.failure, queries: result.queries.length, pid: result.pid }));
      162 |       resolveDone(result);
      163 |     };

      at settleWorker (test/utils/g2-pg17-harness.ts:160:15)
      at ChildProcess.<anonymous> (test/utils/g2-pg17-harness.ts:165:51)

  console.warn
    PG17_PROCESS {"name":"g2p17_137","old":false,"options":{"action":"roster","family":"clients","cursor":"<cursor>"},"failure":{"status":400,"message":"malformed cursor"},"queries":0,"pid":27412}

      158 |       if (code !== 0 || !result) { reject(new Error(`worker exited ${code}: ${output}`)); return; }
      159 |       // Query shapes, outcomes, fixture identifiers and process IDs only; never parameters.
    > 160 |       console.warn('PG17_PROCESS', JSON.stringify({ name, old, options: { ...options, cursor: options.cursor ? '<cursor>' : undefined },
          |               ^
      161 |         result: result.result, failure: result.failure, queries: result.queries.length, pid: result.pid }));
      162 |       resolveDone(result);
      163 |     };

      at settleWorker (test/utils/g2-pg17-harness.ts:160:15)
      at ChildProcess.<anonymous> (test/utils/g2-pg17-harness.ts:165:51)

  console.warn
    PG17_PROCESS {"name":"g2p17_138","old":false,"options":{"action":"roster","family":"clients","cursor":"<cursor>"},"failure":{"status":400,"message":"malformed cursor"},"queries":0,"pid":27425}

      158 |       if (code !== 0 || !result) { reject(new Error(`worker exited ${code}: ${output}`)); return; }
      159 |       // Query shapes, outcomes, fixture identifiers and process IDs only; never parameters.
    > 160 |       console.warn('PG17_PROCESS', JSON.stringify({ name, old, options: { ...options, cursor: options.cursor ? '<cursor>' : undefined },
          |               ^
      161 |         result: result.result, failure: result.failure, queries: result.queries.length, pid: result.pid }));
      162 |       resolveDone(result);
      163 |     };

      at settleWorker (test/utils/g2-pg17-harness.ts:160:15)
      at ChildProcess.<anonymous> (test/utils/g2-pg17-harness.ts:165:51)

  console.warn
    PG17_PROCESS {"name":"g2p17_139","old":false,"options":{"action":"roster","family":"clients","cursor":"<cursor>"},"failure":{"status":400,"message":"malformed cursor"},"queries":0,"pid":27439}

      158 |       if (code !== 0 || !result) { reject(new Error(`worker exited ${code}: ${output}`)); return; }
      159 |       // Query shapes, outcomes, fixture identifiers and process IDs only; never parameters.
    > 160 |       console.warn('PG17_PROCESS', JSON.stringify({ name, old, options: { ...options, cursor: options.cursor ? '<cursor>' : undefined },
          |               ^
      161 |         result: result.result, failure: result.failure, queries: result.queries.length, pid: result.pid }));
      162 |       resolveDone(result);
      163 |     };

      at settleWorker (test/utils/g2-pg17-harness.ts:160:15)
      at ChildProcess.<anonymous> (test/utils/g2-pg17-harness.ts:165:51)

  console.warn
    PG17_PROCESS {"name":"g2p17_140","old":false,"options":{"action":"roster","family":"clients","cursor":"<cursor>"},"failure":{"status":400,"message":"malformed cursor"},"queries":0,"pid":27452}

      158 |       if (code !== 0 || !result) { reject(new Error(`worker exited ${code}: ${output}`)); return; }
      159 |       // Query shapes, outcomes, fixture identifiers and process IDs only; never parameters.
    > 160 |       console.warn('PG17_PROCESS', JSON.stringify({ name, old, options: { ...options, cursor: options.cursor ? '<cursor>' : undefined },
          |               ^
      161 |         result: result.result, failure: result.failure, queries: result.queries.length, pid: result.pid }));
      162 |       resolveDone(result);
      163 |     };

      at settleWorker (test/utils/g2-pg17-harness.ts:160:15)
      at ChildProcess.<anonymous> (test/utils/g2-pg17-harness.ts:165:51)

  console.warn
    PG17_PROCESS {"name":"g2p17_141","old":false,"options":{"action":"roster","family":"clients","cursor":"<cursor>"},"failure":{"status":400,"message":"malformed cursor"},"queries":0,"pid":27465}

      158 |       if (code !== 0 || !result) { reject(new Error(`worker exited ${code}: ${output}`)); return; }
      159 |       // Query shapes, outcomes, fixture identifiers and process IDs only; never parameters.
    > 160 |       console.warn('PG17_PROCESS', JSON.stringify({ name, old, options: { ...options, cursor: options.cursor ? '<cursor>' : undefined },
          |               ^
      161 |         result: result.result, failure: result.failure, queries: result.queries.length, pid: result.pid }));
      162 |       resolveDone(result);
      163 |     };

      at settleWorker (test/utils/g2-pg17-harness.ts:160:15)
      at ChildProcess.<anonymous> (test/utils/g2-pg17-harness.ts:165:51)

  console.warn
    PG17_PROCESS {"name":"g2p17_142","old":false,"options":{"action":"roster","family":"clients","cursor":"<cursor>"},"failure":{"status":400,"message":"malformed cursor"},"queries":0,"pid":27478}

      158 |       if (code !== 0 || !result) { reject(new Error(`worker exited ${code}: ${output}`)); return; }
      159 |       // Query shapes, outcomes, fixture identifiers and process IDs only; never parameters.
    > 160 |       console.warn('PG17_PROCESS', JSON.stringify({ name, old, options: { ...options, cursor: options.cursor ? '<cursor>' : undefined },
          |               ^
      161 |         result: result.result, failure: result.failure, queries: result.queries.length, pid: result.pid }));
      162 |       resolveDone(result);
      163 |     };

      at settleWorker (test/utils/g2-pg17-harness.ts:160:15)
      at ChildProcess.<anonymous> (test/utils/g2-pg17-harness.ts:165:51)

  console.warn
    PG17_PROCESS {"name":"g2p17_143","old":false,"options":{"action":"roster","family":"clients","cursor":"<cursor>"},"failure":{"status":400,"message":"malformed cursor"},"queries":0,"pid":27491}

      158 |       if (code !== 0 || !result) { reject(new Error(`worker exited ${code}: ${output}`)); return; }
      159 |       // Query shapes, outcomes, fixture identifiers and process IDs only; never parameters.
    > 160 |       console.warn('PG17_PROCESS', JSON.stringify({ name, old, options: { ...options, cursor: options.cursor ? '<cursor>' : undefined },
          |               ^
      161 |         result: result.result, failure: result.failure, queries: result.queries.length, pid: result.pid }));
      162 |       resolveDone(result);
      163 |     };

      at settleWorker (test/utils/g2-pg17-harness.ts:160:15)
      at ChildProcess.<anonymous> (test/utils/g2-pg17-harness.ts:165:51)

  console.warn
    PG17_PROCESS {"name":"g2p17_144","old":false,"options":{"action":"roster","family":"clients","cursor":"<cursor>"},"result":{"intent_id":"intent","accounting":{"staged":1,"reconstructed":1,"skipped":0,"failed":0},"persons":[{"id":"d304f6f2-6326-48c3-a50d-beebda0ee215","state":"InvitePending","source_platform":"truecoach","source_person_id":"a","display_name":"Synthetic A","created_at":"2026-09-20T18:50:13.074Z","updated_at":"2026-09-20T18:50:13.074Z"}],"page":{"limit":1,"next_cursor":null,"has_more":false}},"queries":8,"pid":27504}

      158 |       if (code !== 0 || !result) { reject(new Error(`worker exited ${code}: ${output}`)); return; }
      159 |       // Query shapes, outcomes, fixture identifiers and process IDs only; never parameters.
    > 160 |       console.warn('PG17_PROCESS', JSON.stringify({ name, old, options: { ...options, cursor: options.cursor ? '<cursor>' : undefined },
          |               ^
      161 |         result: result.result, failure: result.failure, queries: result.queries.length, pid: result.pid }));
      162 |       resolveDone(result);
      163 |     };

      at settleWorker (test/utils/g2-pg17-harness.ts:160:15)
      at ChildProcess.<anonymous> (test/utils/g2-pg17-harness.ts:165:51)

  console.warn
    PG17_PROCESS {"name":"g2p17_145","old":false,"options":{"family":"workouts"},"result":{"intent_id":"intent","staged":1,"reconstructed":1,"skipped":0,"failed":0},"queries":12,"pid":27526}

      158 |       if (code !== 0 || !result) { reject(new Error(`worker exited ${code}: ${output}`)); return; }
      159 |       // Query shapes, outcomes, fixture identifiers and process IDs only; never parameters.
    > 160 |       console.warn('PG17_PROCESS', JSON.stringify({ name, old, options: { ...options, cursor: options.cursor ? '<cursor>' : undefined },
          |               ^
      161 |         result: result.result, failure: result.failure, queries: result.queries.length, pid: result.pid }));
      162 |       resolveDone(result);
      163 |     };

      at settleWorker (test/utils/g2-pg17-harness.ts:160:15)
      at ChildProcess.<anonymous> (test/utils/g2-pg17-harness.ts:165:51)

  console.warn
    PG17_PROCESS {"name":"g2p17_146","old":false,"options":{"action":"entities","family":"workouts","cursor":"<cursor>"},"failure":{"status":400,"message":"malformed cursor"},"queries":0,"pid":27542}

      158 |       if (code !== 0 || !result) { reject(new Error(`worker exited ${code}: ${output}`)); return; }
      159 |       // Query shapes, outcomes, fixture identifiers and process IDs only; never parameters.
    > 160 |       console.warn('PG17_PROCESS', JSON.stringify({ name, old, options: { ...options, cursor: options.cursor ? '<cursor>' : undefined },
          |               ^
      161 |         result: result.result, failure: result.failure, queries: result.queries.length, pid: result.pid }));
      162 |       resolveDone(result);
      163 |     };

      at settleWorker (test/utils/g2-pg17-harness.ts:160:15)
      at ChildProcess.<anonymous> (test/utils/g2-pg17-harness.ts:165:51)

  console.warn
    PG17_PROCESS {"name":"g2p17_147","old":false,"options":{"action":"entities","family":"workouts","cursor":"<cursor>"},"result":{"intent_id":"intent","family":"workouts","entities":[],"page_count":0,"next_cursor":null},"queries":5,"pid":27556}

      158 |       if (code !== 0 || !result) { reject(new Error(`worker exited ${code}: ${output}`)); return; }
      159 |       // Query shapes, outcomes, fixture identifiers and process IDs only; never parameters.
    > 160 |       console.warn('PG17_PROCESS', JSON.stringify({ name, old, options: { ...options, cursor: options.cursor ? '<cursor>' : undefined },
          |               ^
      161 |         result: result.result, failure: result.failure, queries: result.queries.length, pid: result.pid }));
      162 |       resolveDone(result);
      163 |     };

      at settleWorker (test/utils/g2-pg17-harness.ts:160:15)
      at ChildProcess.<anonymous> (test/utils/g2-pg17-harness.ts:165:51)

  console.warn
    PG17_PROCESS {"name":"g2p17_148","old":false,"options":{"action":"entities","family":"workouts","cursor":"<cursor>"},"failure":{"status":400,"message":"malformed cursor"},"queries":0,"pid":27582}

      158 |       if (code !== 0 || !result) { reject(new Error(`worker exited ${code}: ${output}`)); return; }
      159 |       // Query shapes, outcomes, fixture identifiers and process IDs only; never parameters.
    > 160 |       console.warn('PG17_PROCESS', JSON.stringify({ name, old, options: { ...options, cursor: options.cursor ? '<cursor>' : undefined },
          |               ^
      161 |         result: result.result, failure: result.failure, queries: result.queries.length, pid: result.pid }));
      162 |       resolveDone(result);
      163 |     };

      at settleWorker (test/utils/g2-pg17-harness.ts:160:15)
      at ChildProcess.<anonymous> (test/utils/g2-pg17-harness.ts:165:51)

  console.warn
    PG17_PROCESS {"name":"g2p17_149","old":false,"options":{"action":"entities","family":"workouts","cursor":"<cursor>"},"failure":{"status":400,"message":"malformed cursor"},"queries":0,"pid":27595}

      158 |       if (code !== 0 || !result) { reject(new Error(`worker exited ${code}: ${output}`)); return; }
      159 |       // Query shapes, outcomes, fixture identifiers and process IDs only; never parameters.
    > 160 |       console.warn('PG17_PROCESS', JSON.stringify({ name, old, options: { ...options, cursor: options.cursor ? '<cursor>' : undefined },
          |               ^
      161 |         result: result.result, failure: result.failure, queries: result.queries.length, pid: result.pid }));
      162 |       resolveDone(result);
      163 |     };

      at settleWorker (test/utils/g2-pg17-harness.ts:160:15)
      at ChildProcess.<anonymous> (test/utils/g2-pg17-harness.ts:165:51)

  console.warn
    PG17_PROCESS {"name":"g2p17_150","old":false,"options":{"action":"entities","family":"workouts","cursor":"<cursor>"},"failure":{"status":400,"message":"malformed cursor"},"queries":0,"pid":27608}

      158 |       if (code !== 0 || !result) { reject(new Error(`worker exited ${code}: ${output}`)); return; }
      159 |       // Query shapes, outcomes, fixture identifiers and process IDs only; never parameters.
    > 160 |       console.warn('PG17_PROCESS', JSON.stringify({ name, old, options: { ...options, cursor: options.cursor ? '<cursor>' : undefined },
          |               ^
      161 |         result: result.result, failure: result.failure, queries: result.queries.length, pid: result.pid }));
      162 |       resolveDone(result);
      163 |     };

      at settleWorker (test/utils/g2-pg17-harness.ts:160:15)
      at ChildProcess.<anonymous> (test/utils/g2-pg17-harness.ts:165:51)

  console.warn
    PG17_PROCESS {"name":"g2p17_151","old":false,"options":{"action":"entities","family":"workouts","cursor":"<cursor>"},"failure":{"status":400,"message":"malformed cursor"},"queries":0,"pid":27621}

      158 |       if (code !== 0 || !result) { reject(new Error(`worker exited ${code}: ${output}`)); return; }
      159 |       // Query shapes, outcomes, fixture identifiers and process IDs only; never parameters.
    > 160 |       console.warn('PG17_PROCESS', JSON.stringify({ name, old, options: { ...options, cursor: options.cursor ? '<cursor>' : undefined },
          |               ^
      161 |         result: result.result, failure: result.failure, queries: result.queries.length, pid: result.pid }));
      162 |       resolveDone(result);
      163 |     };

      at settleWorker (test/utils/g2-pg17-harness.ts:160:15)
      at ChildProcess.<anonymous> (test/utils/g2-pg17-harness.ts:165:51)

  console.warn
    PG17_PROCESS {"name":"g2p17_152","old":false,"options":{"action":"entities","family":"workouts","cursor":"<cursor>"},"failure":{"status":400,"message":"malformed cursor"},"queries":0,"pid":27634}

      158 |       if (code !== 0 || !result) { reject(new Error(`worker exited ${code}: ${output}`)); return; }
      159 |       // Query shapes, outcomes, fixture identifiers and process IDs only; never parameters.
    > 160 |       console.warn('PG17_PROCESS', JSON.stringify({ name, old, options: { ...options, cursor: options.cursor ? '<cursor>' : undefined },
          |               ^
      161 |         result: result.result, failure: result.failure, queries: result.queries.length, pid: result.pid }));
      162 |       resolveDone(result);
      163 |     };

      at settleWorker (test/utils/g2-pg17-harness.ts:160:15)
      at ChildProcess.<anonymous> (test/utils/g2-pg17-harness.ts:165:51)

  console.warn
    PG17_PROCESS {"name":"g2p17_153","old":false,"options":{"action":"entities","family":"workouts","cursor":"<cursor>"},"failure":{"status":400,"message":"malformed cursor"},"queries":0,"pid":27647}

      158 |       if (code !== 0 || !result) { reject(new Error(`worker exited ${code}: ${output}`)); return; }
      159 |       // Query shapes, outcomes, fixture identifiers and process IDs only; never parameters.
    > 160 |       console.warn('PG17_PROCESS', JSON.stringify({ name, old, options: { ...options, cursor: options.cursor ? '<cursor>' : undefined },
          |               ^
      161 |         result: result.result, failure: result.failure, queries: result.queries.length, pid: result.pid }));
      162 |       resolveDone(result);
      163 |     };

      at settleWorker (test/utils/g2-pg17-harness.ts:160:15)
      at ChildProcess.<anonymous> (test/utils/g2-pg17-harness.ts:165:51)

  console.warn
    PG17_PROCESS {"name":"g2p17_154","old":false,"options":{"action":"entities","family":"workouts","cursor":"<cursor>"},"failure":{"status":400,"message":"malformed cursor"},"queries":0,"pid":27660}

      158 |       if (code !== 0 || !result) { reject(new Error(`worker exited ${code}: ${output}`)); return; }
      159 |       // Query shapes, outcomes, fixture identifiers and process IDs only; never parameters.
    > 160 |       console.warn('PG17_PROCESS', JSON.stringify({ name, old, options: { ...options, cursor: options.cursor ? '<cursor>' : undefined },
          |               ^
      161 |         result: result.result, failure: result.failure, queries: result.queries.length, pid: result.pid }));
      162 |       resolveDone(result);
      163 |     };

      at settleWorker (test/utils/g2-pg17-harness.ts:160:15)
      at ChildProcess.<anonymous> (test/utils/g2-pg17-harness.ts:165:51)

  console.warn
    PG17_PROCESS {"name":"g2p17_155","old":false,"options":{"action":"entities","family":"workouts","cursor":"<cursor>"},"failure":{"status":400,"message":"malformed cursor"},"queries":0,"pid":27673}

      158 |       if (code !== 0 || !result) { reject(new Error(`worker exited ${code}: ${output}`)); return; }
      159 |       // Query shapes, outcomes, fixture identifiers and process IDs only; never parameters.
    > 160 |       console.warn('PG17_PROCESS', JSON.stringify({ name, old, options: { ...options, cursor: options.cursor ? '<cursor>' : undefined },
          |               ^
      161 |         result: result.result, failure: result.failure, queries: result.queries.length, pid: result.pid }));
      162 |       resolveDone(result);
      163 |     };

      at settleWorker (test/utils/g2-pg17-harness.ts:160:15)
      at ChildProcess.<anonymous> (test/utils/g2-pg17-harness.ts:165:51)

  console.warn
    PG17_PROCESS {"name":"g2p17_156","old":false,"options":{"action":"entities","family":"workouts","cursor":"<cursor>"},"failure":{"status":400,"message":"malformed cursor"},"queries":0,"pid":27686}

      158 |       if (code !== 0 || !result) { reject(new Error(`worker exited ${code}: ${output}`)); return; }
      159 |       // Query shapes, outcomes, fixture identifiers and process IDs only; never parameters.
    > 160 |       console.warn('PG17_PROCESS', JSON.stringify({ name, old, options: { ...options, cursor: options.cursor ? '<cursor>' : undefined },
          |               ^
      161 |         result: result.result, failure: result.failure, queries: result.queries.length, pid: result.pid }));
      162 |       resolveDone(result);
      163 |     };

      at settleWorker (test/utils/g2-pg17-harness.ts:160:15)
      at ChildProcess.<anonymous> (test/utils/g2-pg17-harness.ts:165:51)

  console.warn
    PG17_PROCESS {"name":"g2p17_157","old":false,"options":{"action":"entities","family":"workouts","cursor":"<cursor>"},"failure":{"status":400,"message":"malformed cursor"},"queries":0,"pid":27700}

      158 |       if (code !== 0 || !result) { reject(new Error(`worker exited ${code}: ${output}`)); return; }
      159 |       // Query shapes, outcomes, fixture identifiers and process IDs only; never parameters.
    > 160 |       console.warn('PG17_PROCESS', JSON.stringify({ name, old, options: { ...options, cursor: options.cursor ? '<cursor>' : undefined },
          |               ^
      161 |         result: result.result, failure: result.failure, queries: result.queries.length, pid: result.pid }));
      162 |       resolveDone(result);
      163 |     };

      at settleWorker (test/utils/g2-pg17-harness.ts:160:15)
      at ChildProcess.<anonymous> (test/utils/g2-pg17-harness.ts:165:51)

  console.warn
    PG17_PROCESS {"name":"g2p17_158","old":false,"options":{"action":"entities","family":"workouts","cursor":"<cursor>"},"failure":{"status":400,"message":"malformed cursor"},"queries":0,"pid":27713}

      158 |       if (code !== 0 || !result) { reject(new Error(`worker exited ${code}: ${output}`)); return; }
      159 |       // Query shapes, outcomes, fixture identifiers and process IDs only; never parameters.
    > 160 |       console.warn('PG17_PROCESS', JSON.stringify({ name, old, options: { ...options, cursor: options.cursor ? '<cursor>' : undefined },
          |               ^
      161 |         result: result.result, failure: result.failure, queries: result.queries.length, pid: result.pid }));
      162 |       resolveDone(result);
      163 |     };

      at settleWorker (test/utils/g2-pg17-harness.ts:160:15)
      at ChildProcess.<anonymous> (test/utils/g2-pg17-harness.ts:165:51)

  console.warn
    PG17_PROCESS {"name":"g2p17_159","old":false,"options":{"action":"entities","family":"workouts","cursor":"<cursor>"},"failure":{"status":400,"message":"malformed cursor"},"queries":0,"pid":27727}

      158 |       if (code !== 0 || !result) { reject(new Error(`worker exited ${code}: ${output}`)); return; }
      159 |       // Query shapes, outcomes, fixture identifiers and process IDs only; never parameters.
    > 160 |       console.warn('PG17_PROCESS', JSON.stringify({ name, old, options: { ...options, cursor: options.cursor ? '<cursor>' : undefined },
          |               ^
      161 |         result: result.result, failure: result.failure, queries: result.queries.length, pid: result.pid }));
      162 |       resolveDone(result);
      163 |     };

      at settleWorker (test/utils/g2-pg17-harness.ts:160:15)
      at ChildProcess.<anonymous> (test/utils/g2-pg17-harness.ts:165:51)

  console.warn
    PG17_PROCESS {"name":"g2p17_160","old":false,"options":{"action":"entities","family":"workouts","cursor":"<cursor>"},"failure":{"status":400,"message":"malformed cursor"},"queries":0,"pid":27740}

      158 |       if (code !== 0 || !result) { reject(new Error(`worker exited ${code}: ${output}`)); return; }
      159 |       // Query shapes, outcomes, fixture identifiers and process IDs only; never parameters.
    > 160 |       console.warn('PG17_PROCESS', JSON.stringify({ name, old, options: { ...options, cursor: options.cursor ? '<cursor>' : undefined },
          |               ^
      161 |         result: result.result, failure: result.failure, queries: result.queries.length, pid: result.pid }));
      162 |       resolveDone(result);
      163 |     };

      at settleWorker (test/utils/g2-pg17-harness.ts:160:15)
      at ChildProcess.<anonymous> (test/utils/g2-pg17-harness.ts:165:51)

  console.warn
    PG17_PROCESS {"name":"g2p17_161","old":false,"options":{"action":"entities","family":"workouts","cursor":"<cursor>"},"failure":{"status":400,"message":"malformed cursor"},"queries":0,"pid":27753}

      158 |       if (code !== 0 || !result) { reject(new Error(`worker exited ${code}: ${output}`)); return; }
      159 |       // Query shapes, outcomes, fixture identifiers and process IDs only; never parameters.
    > 160 |       console.warn('PG17_PROCESS', JSON.stringify({ name, old, options: { ...options, cursor: options.cursor ? '<cursor>' : undefined },
          |               ^
      161 |         result: result.result, failure: result.failure, queries: result.queries.length, pid: result.pid }));
      162 |       resolveDone(result);
      163 |     };

      at settleWorker (test/utils/g2-pg17-harness.ts:160:15)
      at ChildProcess.<anonymous> (test/utils/g2-pg17-harness.ts:165:51)

  console.warn
    PG17_PROCESS {"name":"g2p17_162","old":false,"options":{"action":"entities","family":"workouts","cursor":"<cursor>"},"result":{"intent_id":"intent","family":"workouts","entities":[{"id":"bd03eaf7-febd-498a-add1-9612c59ca8e6","source_platform":"truecoach","entity_type":"workouts","source_id":"a","client_source_id":"client-new","label":"Synthetic A","created_at":"2026-09-20T18:50:28.059Z","updated_at":"2026-09-20T18:50:28.059Z"}],"page_count":1,"next_cursor":null},"queries":6,"pid":27766}

      158 |       if (code !== 0 || !result) { reject(new Error(`worker exited ${code}: ${output}`)); return; }
      159 |       // Query shapes, outcomes, fixture identifiers and process IDs only; never parameters.
    > 160 |       console.warn('PG17_PROCESS', JSON.stringify({ name, old, options: { ...options, cursor: options.cursor ? '<cursor>' : undefined },
          |               ^
      161 |         result: result.result, failure: result.failure, queries: result.queries.length, pid: result.pid }));
      162 |       resolveDone(result);
      163 |     };

      at settleWorker (test/utils/g2-pg17-harness.ts:160:15)
      at ChildProcess.<anonymous> (test/utils/g2-pg17-harness.ts:165:51)

  console.warn
    PG17_PROCESS {"name":"g2p17_163","old":false,"options":{},"result":{"intent_id":"intent","staged":2,"reconstructed":2,"skipped":0,"failed":0},"queries":20,"pid":27790}

      158 |       if (code !== 0 || !result) { reject(new Error(`worker exited ${code}: ${output}`)); return; }
      159 |       // Query shapes, outcomes, fixture identifiers and process IDs only; never parameters.
    > 160 |       console.warn('PG17_PROCESS', JSON.stringify({ name, old, options: { ...options, cursor: options.cursor ? '<cursor>' : undefined },
          |               ^
      161 |         result: result.result, failure: result.failure, queries: result.queries.length, pid: result.pid }));
      162 |       resolveDone(result);
      163 |     };

      at settleWorker (test/utils/g2-pg17-harness.ts:160:15)
      at ChildProcess.<anonymous> (test/utils/g2-pg17-harness.ts:165:51)

  console.warn
    PG17_RESOLVE_ROLLED_BACK {"ok":false,"output":"Prisma schema loaded from prisma/schema.prisma\nDatasource \"db\": PostgreSQL database \"g2_s5_etq0_disposable\", schema \"public\" at \"127.0.0.1:54325\"\n\nError: P3012\n\nMigration `20270118000000_scout_ledger_platform_expand` cannot be rolled back because it is not in a failed state.\n\n"}

      769 |     // is refused (P3012) and history is untouched. It is NOT a recovery step for this state.
      770 |     const resolveAttempt = prisma(root, ['migrate', 'resolve', '--rolled-back', E]);
    > 771 |     console.warn('PG17_RESOLVE_ROLLED_BACK', JSON.stringify(resolveAttempt));
          |             ^
      772 |     expect(resolveAttempt.ok).toBe(false);
      773 |     expect(resolveAttempt.output).toMatch(/P3012/);
      774 |     expect(appliedMigrations()).toBe('165');

      at Object.<anonymous> (test/rls-g2-pg17-etq0.spec.ts:771:13)

  console.warn
    PG17_PROCESS {"name":"g2p17_164","old":true,"options":{},"result":{"intent_id":"intent","staged":3,"reconstructed":3,"skipped":0,"failed":0},"queries":16,"pid":27903}

      158 |       if (code !== 0 || !result) { reject(new Error(`worker exited ${code}: ${output}`)); return; }
      159 |       // Query shapes, outcomes, fixture identifiers and process IDs only; never parameters.
    > 160 |       console.warn('PG17_PROCESS', JSON.stringify({ name, old, options: { ...options, cursor: options.cursor ? '<cursor>' : undefined },
          |               ^
      161 |         result: result.result, failure: result.failure, queries: result.queries.length, pid: result.pid }));
      162 |       resolveDone(result);
      163 |     };

      at settleWorker (test/utils/g2-pg17-harness.ts:160:15)
      at ChildProcess.<anonymous> (test/utils/g2-pg17-harness.ts:165:51)

  console.warn
    PG17_PROCESS {"name":"g2p17_165","old":false,"options":{},"failure":{"status":500,"message":"Internal server error","code":"P2022"},"queries":12,"pid":27919}

      158 |       if (code !== 0 || !result) { reject(new Error(`worker exited ${code}: ${output}`)); return; }
      159 |       // Query shapes, outcomes, fixture identifiers and process IDs only; never parameters.
    > 160 |       console.warn('PG17_PROCESS', JSON.stringify({ name, old, options: { ...options, cursor: options.cursor ? '<cursor>' : undefined },
          |               ^
      161 |         result: result.result, failure: result.failure, queries: result.queries.length, pid: result.pid }));
      162 |       resolveDone(result);
      163 |     };

      at settleWorker (test/utils/g2-pg17-harness.ts:160:15)
      at ChildProcess.<anonymous> (test/utils/g2-pg17-harness.ts:165:51)

  console.warn
    PG17_PROCESS {"name":"g2p17_166","old":false,"options":{},"result":{"intent_id":"intent","staged":3,"reconstructed":3,"skipped":0,"failed":0},"queries":28,"pid":27976}

      158 |       if (code !== 0 || !result) { reject(new Error(`worker exited ${code}: ${output}`)); return; }
      159 |       // Query shapes, outcomes, fixture identifiers and process IDs only; never parameters.
    > 160 |       console.warn('PG17_PROCESS', JSON.stringify({ name, old, options: { ...options, cursor: options.cursor ? '<cursor>' : undefined },
          |               ^
      161 |         result: result.result, failure: result.failure, queries: result.queries.length, pid: result.pid }));
      162 |       resolveDone(result);
      163 |     };

      at settleWorker (test/utils/g2-pg17-harness.ts:160:15)
      at ChildProcess.<anonymous> (test/utils/g2-pg17-harness.ts:165:51)

  console.warn
    PG17_PROCESS {"name":"g2p17_167","old":false,"options":{},"result":{"intent_id":"intent","staged":1,"reconstructed":1,"skipped":0,"failed":0},"queries":12,"pid":28004}

      158 |       if (code !== 0 || !result) { reject(new Error(`worker exited ${code}: ${output}`)); return; }
      159 |       // Query shapes, outcomes, fixture identifiers and process IDs only; never parameters.
    > 160 |       console.warn('PG17_PROCESS', JSON.stringify({ name, old, options: { ...options, cursor: options.cursor ? '<cursor>' : undefined },
          |               ^
      161 |         result: result.result, failure: result.failure, queries: result.queries.length, pid: result.pid }));
      162 |       resolveDone(result);
      163 |     };

      at settleWorker (test/utils/g2-pg17-harness.ts:160:15)
      at ChildProcess.<anonymous> (test/utils/g2-pg17-harness.ts:165:51)

  console.warn
    PG17_CLAIM_RACE {"branch":"down-applied","message":""}

      827 |     try {
      828 |       try { sql(down); branch = 'down-applied'; } catch (e) { message = String(e); }
    > 829 |       console.warn('PG17_CLAIM_RACE', JSON.stringify({ branch, message: message.split('\n').find((l) => l.includes('ERROR')) ?? '' }));
          |               ^
      830 |       if (branch === 'down-refused') {
      831 |         // Either the lock budget fired or the claim was visible and refused; the column survives.
      832 |         expect(message).toMatch(/lock timeout|refuses removal of assigned provenance/);

      at Object.<anonymous> (test/rls-g2-pg17-etq0.spec.ts:829:15)

  console.warn
    PG17_PROCESS {"name":"g2p17_168","old":false,"options":{"pause":"claimed"},"failure":{"status":500,"message":"Internal server error","code":"P2022"},"queries":14,"pid":28050}

      158 |       if (code !== 0 || !result) { reject(new Error(`worker exited ${code}: ${output}`)); return; }
      159 |       // Query shapes, outcomes, fixture identifiers and process IDs only; never parameters.
    > 160 |       console.warn('PG17_PROCESS', JSON.stringify({ name, old, options: { ...options, cursor: options.cursor ? '<cursor>' : undefined },
          |               ^
      161 |         result: result.result, failure: result.failure, queries: result.queries.length, pid: result.pid }));
      162 |       resolveDone(result);
      163 |     };

      at settleWorker (test/utils/g2-pg17-harness.ts:160:15)
      at ChildProcess.<anonymous> (test/utils/g2-pg17-harness.ts:165:51)

  console.warn
    PG17_CLAIM_RACE_WORKER {"failure":{"status":500,"message":"Internal server error","code":"P2022"}}

      842 |       paused.release();
      843 |       const outcome = await paused.done;
    > 844 |       console.warn('PG17_CLAIM_RACE_WORKER', JSON.stringify({ result: outcome.result, failure: outcome.failure }));
          |               ^
      845 |     } finally { paused.stop(); }
      846 |     if (branch === 'down-applied') { sqlFile(upFile); }
      847 |     expect(hasColumn()).toBe('1');

      at Object.<anonymous> (test/rls-g2-pg17-etq0.spec.ts:844:15)

PASS rls-live test/rls-g2-pg17-etq0.spec.ts (211.405 s)
  stage 1: E on a populated narrow base with the actual O binary
    ✓ populates synthetic legacy history without a provenance column and O reconstructs 600 staged rows (13764 ms)
    ✓ applies E: rows, OIDs, keys, RLS and policies preserved; column nullable without default (381 ms)
    ✓ keeps the actual O writer and readers working on E, creating NULL provenance (16085 ms)
    ✓ retains forced RLS denial for anon/authenticated on every touched table, even with a hostile claim (1009 ms)
    ✓ refuses a wrong public index owner in up on the populated base (410 ms)
    ✓ refuses a wrong public index owner in down on the populated base (303 ms)
    ✓ schema-qualifies both directions despite search_path decoys, leaving 1230 populated rows intact (372 ms)
    ✓ forced-RLS non-bypass owning role cannot drop hidden provenance (populated=true) (315 ms)
    ✓ forced-RLS non-bypass owning role cannot drop hidden provenance (populated=false) (326 ms)
    ✓ rolls E back only while every provenance is NULL, preserving rows, then re-applies (569 ms)
  stage 2: E recorded through the real release mechanism
    ✓ prisma migrate deploy applies exactly E on the populated database and records history (2346 ms)
  stage 3: T provenance, atomicity, accounting and collisions on PostgreSQL 17
    ✓ claims historical NULL history at volume with honest multi-page accounting and identical replay (13665 ms)
    ✓ claims only the exact coach/intent/family identity and leaves adjacent tenants untouched (2145 ms)
    ✓ creates every outcome with actual provenance, isolates failures and replays honestly (2020 ms)
    ✓ claims historical NULL on reconstructed attempts (986 ms)
    ✓ claims historical NULL on skipped attempts (1002 ms)
    ✓ claims historical NULL on failed attempts (1057 ms)
    ✓ rolls back new and pre-existing clients target changes on late mismatch (2991 ms)
    ✓ rolls back new and pre-existing workouts target changes on late mismatch (3247 ms)
    ✓ fail-stops mid-batch on a legacy provenance contradiction, keeping earlier committed rows and honest durable counts (2075 ms)
    ✓ preserves success and reason on skip failure/skip, but still checks mismatch (2807 ms)
    ✓ preserves success and reason on throw failure/skip, but still checks mismatch (2854 ms)
    ✓ preserves success and reason on database failure/skip, but still checks mismatch (3084 ms)
    ✓ rejects invalid staging before writes and preserves narrow staging/ledger identities (6714 ms)
    ✓ cross-intent same source: same platform converges on one Person, different platform mints a second (4010 ms)
    ✓ characterizes the retained narrow ledger collision: one intent cannot carry two platforms for one source (1014 ms)
    ✓ characterizes actual O after T: provenance stays but O can downgrade success (3790 ms)
  stage 3b: deterministically coordinated T/T and O/T processes on PostgreSQL 17
    ✓ concurrent success replays with false old winner converge on one target (2107 ms)
    ✓ concurrent success replays with true old winner converge on one target (1957 ms)
    ✓ two absent skip inserts observe real P2002 contention and bounded full-transaction retry (1773 ms)
    ✓ retries real PostgreSQL serialization failure once for skip (1109 ms)
    ✓ retries real PostgreSQL serialization failure once for throw (1200 ms)
    ✓ retries real PostgreSQL serialization failure once for success (1107 ms)
    ✓ exhausted real ledger serialization conflicts stop after two transactions with no invented tally (1163 ms)
    ✓ success holds claim while a failing false old writer waits (2424 ms)
    ✓ success holds claim while a failing true old writer waits (1968 ms)
    ✓ success holds claim while a skipped false old writer waits (2040 ms)
    ✓ success holds claim while a skipped true old writer waits (1936 ms)
    ✓ T success upgrades serialized skip while target write is open (1897 ms)
    ✓ T success upgrades serialized throw while target write is open (1959 ms)
    ✓ concurrent different-platform NULL claims serialize and the loser rolls back target changes (2053 ms)
  stage 4: Q0 real scoped reads, cursor boundaries and unchanged emission
    ✓ enumerates exact narrow-schema clients page union and retains NULL legacy history (9001 ms)
    ✓ enumerates exact narrow-schema workouts page union and retains NULL legacy history (8950 ms)
    ✓ characterizes clients ties ONLY in a temporary future-schema fixture (3812 ms)
    ✓ characterizes workouts ties ONLY in a temporary future-schema fixture (3726 ms)
    ✓ bounds clients cursor tokens at 8,192 characters and rejects every malformed shape without reflection (14911 ms)
    ✓ bounds workouts cursor tokens at 8,192 characters and rejects every malformed shape without reflection (15046 ms)
  stage 5: rollout recovery boundaries after T has claimed provenance
    ✓ refuses destructive E rollback while any claim exists, keeps history, and only a drained ledger can roll back (7784 ms)
    ✓ E/down lock budgets fail atomically against a live writer transaction instead of queueing behind it (11348 ms)
    ✓ characterizes down against an actual T claim transaction paused inside its interactive transaction (6157 ms)

Test Suites: 1 passed, 1 total
Tests:       50 passed, 50 total
Snapshots:   0 total
Time:        211.643 s
Ran all test suites matching test/rls-g2-pg17-etq0.spec.ts.
PROOF_EXIT=0 STAGE=all TS=20260920T184713Z
