pg_ctl: server is running (PID: 29556)
/home/user/pg17/dist/bin/postgres "-D" "/home/user/pg17/clusters/s5"
TS=20260920T182819Z STAGE=all
HEAD=5270e103cd5d051405e74dbb0e32796ac07b4964 TREE=1c06cdfa03365d396ab1055dabb491d2efd8ec25
 M test/rls-g2-pg17-etq0.spec.ts
 M test/utils/g2-pg17-harness.ts
node v20.20.1 npm 10.8.2 psql: psql (PostgreSQL) 18.6 (Ubuntu 18.6-0ubuntu0.26.04.1)
G2_PG17_CONFIRM=g2_s5_etq0_disposable:54325
G2_PG17_DATABASE_URL=postgresql://s5_super@127.0.0.1:54325/g2_s5_etq0_disposable?schema=public&connection_limit=2
G2_PG17_DATA_DIRECTORY=/home/user/pg17/clusters/s5
G2_PG17_OLD_CLIENT=/home/user/workspace/execution/s5-g2/old-client-925780e0
G2_PG17_OLD_ROOT=/home/user/workspace/execution/s5-g2/old-root-925780e0
G2_PG17_PSQL=/usr/bin/psql
G2_PG17_SERVER_VERSION=170006
NODE_OPTIONS=--max-old-space-size=4096
G2_PG17_PASSWORD=<from environment, not logged>
2
               total        used        free      shared  buff/cache   available
Mem:            7966         475        3063         138        4696        7490
CMD: npx jest test/scout/g2-pg17-db-guard.spec.ts
PASS test/scout/g2-pg17-db-guard.spec.ts (8.35 s)
  S5 G2 PG17 disposable target guard
    ✓ accepts a confirmed loopback target and strips only Prisma options for psql (4 ms)
    ✓ refuses unsafe or ambiguous target postgresql://s5_super@localhost:55417/g2_s5_etq0_disposable (8 ms)
    ✓ refuses unsafe or ambiguous target postgresql://s5_super@db.supabase.co:55417/g2_s5_etq0_disposable (1 ms)
    ✓ refuses unsafe or ambiguous target postgresql://s5_super@127.0.0.1:5432/g2_s5_etq0_disposable (1 ms)
    ✓ refuses unsafe or ambiguous target postgresql://s5_super@127.0.0.1:6543/g2_s5_etq0_disposable (1 ms)
    ✓ refuses unsafe or ambiguous target postgresql://s5_super@127.0.0.1:55439/g2_s5_etq0_disposable (1 ms)
    ✓ refuses unsafe or ambiguous target postgresql://s5_super@127.0.0.1:70000/g2_s5_etq0_disposable (6 ms)
    ✓ refuses unsafe or ambiguous target postgresql://s5_super@127.0.0.1:55417/g2_tq0_disposable (1 ms)
    ✓ refuses unsafe or ambiguous target postgresql://s5_super@127.0.0.1:55417/g2_ledger_expand_disposable (1 ms)
    ✓ refuses unsafe or ambiguous target postgresql://s5_super@127.0.0.1:55417/postgres (1 ms)
    ✓ refuses unsafe or ambiguous target postgresql://service_role@127.0.0.1:55417/g2_s5_etq0_disposable (1 ms)
    ✓ refuses unsafe or ambiguous target postgresql://s5_super:secret@127.0.0.1:55417/g2_s5_etq0_disposable
    ✓ refuses unsafe or ambiguous target postgresql://postgres@127.0.0.1:55417/g2_s5_etq0_disposable
    ✓ refuses unsafe or ambiguous target postgresql://s5_super@127.0.0.1:54321/g2_s5_etq0_disposable (1 ms)
    ✓ refuses unsafe or ambiguous target postgres://s5_super@127.0.0.1:55417/g2_s5_etq0_disposable (1 ms)
    ✓ refuses unsafe or ambiguous target postgresql://s5_super@127.0.0.1:55417/g2_s5_etq0_disposable?host=remote
    ✓ refuses unsafe or ambiguous target postgresql://s5_super@127.0.0.1:55417/g2_s5_etq0_disposable?sslmode=disable (16 ms)
    ✓ refuses unsafe or ambiguous target postgresql://s5_super@127.0.0.1:55417/g2_s5_etq0_disposable?options=-csearch_path%3Dprivate
    ✓ refuses unsafe or ambiguous target postgresql://s5_super@127.0.0.1:55417/g2_s5_etq0_disposable?schema=private
    ✓ refuses unsafe or ambiguous target postgresql://s5_super@127.0.0.1:55417/g2_s5_etq0_disposable?connection_limit=0 (2 ms)
    ✓ refuses unsafe or ambiguous target postgresql://s5_super@127.0.0.1:55417/g2_s5_etq0_disposable?connection_limit=01 (1 ms)
    ✓ refuses unsafe or ambiguous target postgresql://s5_super@127.0.0.1:55417/g2_s5_etq0_disposable?connect_timeout=11
    ✓ refuses unsafe or ambiguous target postgresql://s5_super@127.0.0.1:55417/g2_s5_etq0_disposable?schema=public&schema=public (1 ms)
    ✓ refuses unsafe or ambiguous target postgresql://s5_super@127.0.0.1:55417/g2_s5_etq0_disposable#fragment
    ✓ refuses absent, mistaken or port-mismatched confirmation (2 ms)
    ✓ attaches the fixture password only from the environment and only in plain form (4 ms)

Test Suites: 1 passed, 1 total
Tests:       26 passed, 26 total
Snapshots:   0 total
Time:        8.642 s, estimated 9 s
Ran all test suites matching test/scout/g2-pg17-db-guard.spec.ts.
CMD: bash test/utils/g2-pg17-bootstrap.sh
NOTICE:  role "postgres" has already been granted membership in role "anon" by role "s5_super"
NOTICE:  role "postgres" has already been granted membership in role "authenticated" by role "s5_super"
NOTICE:  role "postgres" has already been granted membership in role "service_role" by role "s5_super"
psql:/home/user/workspace/worktrees/s5-g2/scripts/ci/supabase-shim.sql:37: NOTICE:  role "postgres" has already been granted membership in role "anon" by role "s5_super"
psql:/home/user/workspace/worktrees/s5-g2/scripts/ci/supabase-shim.sql:37: NOTICE:  role "postgres" has already been granted membership in role "authenticated" by role "s5_super"
psql:/home/user/workspace/worktrees/s5-g2/scripts/ci/supabase-shim.sql:37: NOTICE:  role "postgres" has already been granted membership in role "service_role" by role "s5_super"
Prisma schema loaded from prisma/schema.prisma
Datasource "db": PostgreSQL database "g2_s5_etq0_disposable", schema "public" at "127.0.0.1:54325"

164 migrations found in prisma/migrations

Applying migration `00000000000000_baseline`
Applying migration `20260423190000_add_indexes_and_orphan_fks`
Applying migration `20260424000000_add_invite_codes`
Applying migration `20260424120000_add_coach_messages`
Applying migration `20260424180000_add_coach_nudges`
Applying migration `20260424200000_add_meal_plans_and_extend_checkins`
Applying migration `20260425030000_add_community_win_and_coach_guideline`
Applying migration `20260425030001_add_community_win_visibility`
Applying migration `20260427000000_add_owner_role_and_coach_profile`
Applying migration `20260427000100_add_saas_billing_and_drafts`
Applying migration `20260427120000_add_audit_log_and_gdpr_lifecycle`
Applying migration `20260428000000_add_client_coach_consent`
Applying migration `20260429210000_add_diet_and_workout_cadence_to_user_profile`
Applying migration `20260430000000_drop_doctrine_drift_remnants`
Applying migration `20260430120000_add_equipment_access_to_user_profile`
Applying migration `20260506000000_add_ptm_phase_1`
Applying migration `20260506010000_add_diagnostic_engine`
Applying migration `20260506020000_add_build_week`
Applying migration `20260506030000_add_coach_signals`
Applying migration `20260506040000_add_voice_notes_and_coach_onboarding`
Applying migration `20260506050000_add_first_win`
Applying migration `20260506060000_add_leaderboard`
Applying migration `20260507000000_add_notification_center`
Applying migration `20260507100000_add_gdpr_deletion_flow`
Applying migration `20260508000000_add_data_export`
Applying migration `20260508000000_add_workout_builder`
Applying migration `20260508000001_rls_workout_builder`
Applying migration `20260508000002_workout_exercise_soft_delete`
Applying migration `20260508000003_workout_builder_idempotency_and_completion`
Applying migration `20260509000000_add_sprint_b_macros_meals_insights`
Applying migration `20260509120000_coach_practice_type_stage3`
Applying migration `20260510000000_add_ai_gateway_audit_and_drafts`
Applying migration `20260510000000_add_team_mode`
Applying migration `20260510000001_team_audit_revenue_sharing_changed`
Applying migration `20260511000000_add_bloodwork`
Applying migration `20260512000000_concierge_scheduling`
Applying migration `20260513000000_food_logger_trainerize_floor`
Applying migration `20260515100000_add_secret_rotation_log`
Applying migration `20260516000000_kms_wrap_bloodwork_and_calendar`
Applying migration `20260517000000_booking_notifications`
Applying migration `20260520000000_setnull_owner_rels`
Applying migration `20260520000001_add_gcal_channel_tracking_to_calendar_connection`
Applying migration `20260521000000_add_connect_account`
Applying migration `20260524000000_add_sub_coach_assignment_and_idempotency`
Applying migration `20260525000000_sub_coach_rls_and_fks`
Applying migration `20260525120000_add_coach_brief_tables`
Applying migration `20260525130000_add_coach_brief_last_push_date`
Applying migration `20260525170000_data_export_one_active_per_user`
Applying migration `20260525180000_recent_auth_nonce`
Applying migration `20260528000000_stream1_coach_ai_credits`
Applying migration `20260528120000_stream1_round1_fixes`
Applying migration `20260530000000_coach_ai_engine_v1`
Applying migration `20260531000000_wearables_foundation`
Applying migration `20260601000000_add_connect_packages_purchases_customers`
Applying migration `20260601000000_add_email_send_log`
Applying migration `20260601000000_add_exercise_catalog_video`
Applying migration `20260602000000_add_connect_fee_split_and_dunning`
Applying migration `20260602000000_add_exercise_video_provider_fields`
Applying migration `20260603000000_add_connect_payout_reconciliation_refund_dispute`
Applying migration `20260604000000_add_team_profile_and_sub_coach_invite`
Applying migration `20260604000001_subcoach_invite_token_hash`
Applying migration `20260605000000_add_meal_plan_days_json`
Applying migration `20260606000000_add_expo_push_token`
Applying migration `20260606000001_payment_failure_event_unique`
Applying migration `20260606000002_food_entry_client_uuid`
Applying migration `20260606000003_rls_financial_tables`
Applying migration `20260607000000_rls_remaining_gaps`
Applying migration `20260607000001_workout_assignment_completion_payload`
Applying migration `20260608000000_rls_team_tables`
Applying migration `20260609000000_add_coach_direct_enabled`
Applying migration `20260610000000_fasting_unique_active`
Applying migration `20260611000000_invite_intended_email`
Applying migration `20260611000001_messagedraft_rls`
Applying migration `20260612000000_add_message_model_and_checkin_reviewed`
Applying migration `20260612000001_message_rls`
Applying migration `20260613000000_message_rls_split_update`
Applying migration `20260613000001_message_fk_cascade`
Applying migration `20260613000002_message_thread_reverse_index`
Applying migration `20260614000000_coach_subscription_tier`
Applying migration `20260614065425_add_coach_first_payment_notification`
Applying migration `20260615000000_drop_coach_direct_enabled`
Applying migration `20260616000000_add_message_reports_and_user_blocks`
Applying migration `20260617000000_fix_message_report_rls_participation_check`
Applying migration `20260618000000_add_rls_payment_revenue_tables`
Applying migration `20260619000000_add_churn_intervention`
Applying migration `20260620000000_workout_builder_p1_fixes`
Applying migration `20260621000000_fix_workout_rls_policies`
Applying migration `20260701235900_add_sub_coach_role_value`
Applying migration `20260702000000_fix_workout_rls_coach_role`
Applying migration `20260703000000_add_coach_brief_generation_lease`
Applying migration `20260703000001_add_coach_brief_push_ledger`
Applying migration `20260703000002_add_coach_brief_check_constraints`
Applying migration `20260704000000_coach_brief_push_ledger_bounded_retry`
Applying migration `20260704000000_rls01_helper_searchpath_hibp`
Applying migration `20260704000001_coach_brief_cwa_index_concurrent`
Applying migration `20260801000000_r43_storefront_phase1`
Applying migration `20260803000000_share_token_21char_invalidate_legacy`
Applying migration `20260804000000_guest_checkout_retryable_conversion`
Applying migration `20260805000000_guest_checkout_pii_retention`
Applying migration `20260806000000_share_link_expiry_revoke`
Applying migration `20260901000000_r46_landing_page_builder_phase1`
Applying migration `20260902000000_r47_landing_pages_phase3_crm_sync`
Applying migration `20260903000000_r47_lead_sync_persistent_state`
Applying migration `20260903000000_r52_landing_pages_renderer_v2`
Applying migration `20260920000000_r48_checkout_hardening`
Applying migration `20260921000000_add_refunded_disputed_to_guest_checkout_status`
Applying migration `20261001000000_dunning_v1`
Applying migration `20261002000000_dunning_v1_send_retry_cas`
Applying migration `20261002000000_nudge_v1`
Applying migration `20261110000000_ai_action_draft_materialised`
Applying migration `20261201000000_stream2_ai_execution_draft_links`
Applying migration `20261202000000_pr3_drip_schema_foundation`
Applying migration `20261203000000_pr7_meal_plan_drip_drop_unique`
Applying migration `20261203100000_pr6_packages_publish_pricing`
Applying migration `20261204000000_pr9_drip_resolver_marker`
Applying migration `20261205000000_pr10_scheduled_drop_retry_lock`
Applying migration `20261206000000_pr12_coach_media_upload_status`
Applying migration `20261207000000_pr14_client_purchase_landing_page_id_and_guest_subscription`
Applying migration `20261207000001_pr14_client_purchase_landing_page_idx_concurrent`
Applying migration `20261208000000_pr15_coach_new_purchase_prefs`
Applying migration `20261209000000_pr17_scheduled_drop_push_seq`
Applying migration `20261210000000_pr_wave0_ai_quota_ltv_peak`
Applying migration `20261211000000_add_sleep_consistency_metrics`
Applying migration `20261211000001_seed_sleep_consistency_metric_defs`
Applying migration `20261212000000_community_v1_1_schema`
Applying migration `20261212000000_rls_helper_search_path`
Applying migration `20261212010000_rls_tier2_coach_team`
Applying migration `20261213000000_rls_tier1_phi_financial_privacy`
Applying migration `20261213000000_rls_tier2_sessions`
Applying migration `20261213000000_rls_tier3_nutrition`
Applying migration `20261213000000_rls_tier3_workouts`
Applying migration `20261213000000_rls_tier4_learning_analytics`
Applying migration `20261213000000_rls_tier5_notifications_community`
Applying migration `20261214000000_dunning_v2_lockout_recovery`
Applying migration `20261215000000_b5_digital_contracts`
Applying migration `20261215000000_mwb_1_data_model`
Applying migration `20261215000000_payouts_v2_bank_payout_methods`
Applying migration `20261215000100_seed_b5_contract_templates`
Applying migration `20261215000200_contracts_rls`
Applying migration `20261215000300_named_regimes_and_partial_refund_decision`
Applying migration `20261216000000_add_roman_chat`
Applying migration `20261216000100_add_plan_context_payload`
Applying migration `20261216000200_community_classroom_posts`
Applying migration `20261217000000_community_voice_notes`
Applying migration `20261217000100_community_search_index`
Applying migration `20261217000200_community_wearable_prompts`
Applying migration `20261218000000_add_coach_reviewed_at`
Applying migration `20261218000100_rls_partial_refund_decision`
Applying migration `20261218000200_rename_decided_by_coach_user_id`
Applying migration `20261219000000_community_wearable_prompts_uuid_id`
Applying migration `20261219000000_conv_review_coach_reviewed_at_idx`
Applying migration `20261220000000_talent_marketplace_rls`
Applying migration `20261220000010_marketplace_idempotency_claim_nonce`
Applying migration `20261220000020_marketplace_abuse_signal_rls`
Applying migration `20261220000030_marketplace_connect_event`
Applying migration `20261220000031_application_applicant_listing_unique`
Applying migration `20261221000000_enable_pg_stat_statements`
Applying migration `20261221010000_add_signup_ref_to_user`
Applying migration `20261222000000_add_extension_pair_codes`
Applying migration `20261222000000_scout_ingest_entity`
Applying migration `20261222000000_scout_progress_and_completion`
Applying migration `20261223000100_scout_import_state`
Applying migration `20261223000200_scout_reconstruction`
Applying migration `20261223000300_scout_reconstructed_entity`

The following migration(s) have been applied:

migrations/
  └─ 00000000000000_baseline/
    └─ migration.sql
  └─ 20260423190000_add_indexes_and_orphan_fks/
    └─ migration.sql
  └─ 20260424000000_add_invite_codes/
    └─ migration.sql
  └─ 20260424120000_add_coach_messages/
    └─ migration.sql
  └─ 20260424180000_add_coach_nudges/
    └─ migration.sql
  └─ 20260424200000_add_meal_plans_and_extend_checkins/
    └─ migration.sql
  └─ 20260425030000_add_community_win_and_coach_guideline/
    └─ migration.sql
  └─ 20260425030001_add_community_win_visibility/
    └─ migration.sql
  └─ 20260427000000_add_owner_role_and_coach_profile/
    └─ migration.sql
  └─ 20260427000100_add_saas_billing_and_drafts/
    └─ migration.sql
  └─ 20260427120000_add_audit_log_and_gdpr_lifecycle/
    └─ migration.sql
  └─ 20260428000000_add_client_coach_consent/
    └─ migration.sql
  └─ 20260429210000_add_diet_and_workout_cadence_to_user_profile/
    └─ migration.sql
  └─ 20260430000000_drop_doctrine_drift_remnants/
    └─ migration.sql
  └─ 20260430120000_add_equipment_access_to_user_profile/
    └─ migration.sql
  └─ 20260506000000_add_ptm_phase_1/
    └─ migration.sql
  └─ 20260506010000_add_diagnostic_engine/
    └─ migration.sql
  └─ 20260506020000_add_build_week/
    └─ migration.sql
  └─ 20260506030000_add_coach_signals/
    └─ migration.sql
  └─ 20260506040000_add_voice_notes_and_coach_onboarding/
    └─ migration.sql
  └─ 20260506050000_add_first_win/
    └─ migration.sql
  └─ 20260506060000_add_leaderboard/
    └─ migration.sql
  └─ 20260507000000_add_notification_center/
    └─ migration.sql
  └─ 20260507100000_add_gdpr_deletion_flow/
    └─ migration.sql
  └─ 20260508000000_add_data_export/
    └─ migration.sql
  └─ 20260508000000_add_workout_builder/
    └─ migration.sql
  └─ 20260508000001_rls_workout_builder/
    └─ migration.sql
  └─ 20260508000002_workout_exercise_soft_delete/
    └─ migration.sql
  └─ 20260508000003_workout_builder_idempotency_and_completion/
    └─ migration.sql
  └─ 20260509000000_add_sprint_b_macros_meals_insights/
    └─ migration.sql
  └─ 20260509120000_coach_practice_type_stage3/
    └─ migration.sql
  └─ 20260510000000_add_ai_gateway_audit_and_drafts/
    └─ migration.sql
  └─ 20260510000000_add_team_mode/
    └─ migration.sql
  └─ 20260510000001_team_audit_revenue_sharing_changed/
    └─ migration.sql
  └─ 20260511000000_add_bloodwork/
    └─ migration.sql
  └─ 20260512000000_concierge_scheduling/
    └─ migration.sql
  └─ 20260513000000_food_logger_trainerize_floor/
    └─ migration.sql
  └─ 20260515100000_add_secret_rotation_log/
    └─ migration.sql
  └─ 20260516000000_kms_wrap_bloodwork_and_calendar/
    └─ migration.sql
  └─ 20260517000000_booking_notifications/
    └─ migration.sql
  └─ 20260520000000_setnull_owner_rels/
    └─ migration.sql
  └─ 20260520000001_add_gcal_channel_tracking_to_calendar_connection/
    └─ migration.sql
  └─ 20260521000000_add_connect_account/
    └─ migration.sql
  └─ 20260524000000_add_sub_coach_assignment_and_idempotency/
    └─ migration.sql
  └─ 20260525000000_sub_coach_rls_and_fks/
    └─ migration.sql
  └─ 20260525120000_add_coach_brief_tables/
    └─ migration.sql
  └─ 20260525130000_add_coach_brief_last_push_date/
    └─ migration.sql
  └─ 20260525170000_data_export_one_active_per_user/
    └─ migration.sql
  └─ 20260525180000_recent_auth_nonce/
    └─ migration.sql
  └─ 20260528000000_stream1_coach_ai_credits/
    └─ migration.sql
  └─ 20260528120000_stream1_round1_fixes/
    └─ migration.sql
  └─ 20260530000000_coach_ai_engine_v1/
    └─ migration.sql
  └─ 20260531000000_wearables_foundation/
    └─ migration.sql
  └─ 20260601000000_add_connect_packages_purchases_customers/
    └─ migration.sql
  └─ 20260601000000_add_email_send_log/
    └─ migration.sql
  └─ 20260601000000_add_exercise_catalog_video/
    └─ migration.sql
  └─ 20260602000000_add_connect_fee_split_and_dunning/
    └─ migration.sql
  └─ 20260602000000_add_exercise_video_provider_fields/
    └─ migration.sql
  └─ 20260603000000_add_connect_payout_reconciliation_refund_dispute/
    └─ migration.sql
  └─ 20260604000000_add_team_profile_and_sub_coach_invite/
    └─ migration.sql
  └─ 20260604000001_subcoach_invite_token_hash/
    └─ migration.sql
  └─ 20260605000000_add_meal_plan_days_json/
    └─ migration.sql
  └─ 20260606000000_add_expo_push_token/
    └─ migration.sql
  └─ 20260606000001_payment_failure_event_unique/
    └─ migration.sql
  └─ 20260606000002_food_entry_client_uuid/
    └─ migration.sql
  └─ 20260606000003_rls_financial_tables/
    └─ migration.sql
  └─ 20260607000000_rls_remaining_gaps/
    └─ migration.sql
  └─ 20260607000001_workout_assignment_completion_payload/
    └─ migration.sql
  └─ 20260608000000_rls_team_tables/
    └─ migration.sql
  └─ 20260609000000_add_coach_direct_enabled/
    └─ migration.sql
  └─ 20260610000000_fasting_unique_active/
    └─ migration.sql
  └─ 20260611000000_invite_intended_email/
    └─ migration.sql
  └─ 20260611000001_messagedraft_rls/
    └─ migration.sql
  └─ 20260612000000_add_message_model_and_checkin_reviewed/
    └─ migration.sql
  └─ 20260612000001_message_rls/
    └─ migration.sql
  └─ 20260613000000_message_rls_split_update/
    └─ migration.sql
  └─ 20260613000001_message_fk_cascade/
    └─ migration.sql
  └─ 20260613000002_message_thread_reverse_index/
    └─ migration.sql
  └─ 20260614000000_coach_subscription_tier/
    └─ migration.sql
  └─ 20260614065425_add_coach_first_payment_notification/
    └─ migration.sql
  └─ 20260615000000_drop_coach_direct_enabled/
    └─ migration.sql
  └─ 20260616000000_add_message_reports_and_user_blocks/
    └─ migration.sql
  └─ 20260617000000_fix_message_report_rls_participation_check/
    └─ migration.sql
  └─ 20260618000000_add_rls_payment_revenue_tables/
    └─ migration.sql
  └─ 20260619000000_add_churn_intervention/
    └─ migration.sql
  └─ 20260620000000_workout_builder_p1_fixes/
    └─ migration.sql
  └─ 20260621000000_fix_workout_rls_policies/
    └─ migration.sql
  └─ 20260701235900_add_sub_coach_role_value/
    └─ migration.sql
  └─ 20260702000000_fix_workout_rls_coach_role/
    └─ migration.sql
  └─ 20260703000000_add_coach_brief_generation_lease/
    └─ migration.sql
  └─ 20260703000001_add_coach_brief_push_ledger/
    └─ migration.sql
  └─ 20260703000002_add_coach_brief_check_constraints/
    └─ migration.sql
  └─ 20260704000000_coach_brief_push_ledger_bounded_retry/
    └─ migration.sql
  └─ 20260704000000_rls01_helper_searchpath_hibp/
    └─ migration.sql
  └─ 20260704000001_coach_brief_cwa_index_concurrent/
    └─ migration.sql
  └─ 20260801000000_r43_storefront_phase1/
    └─ migration.sql
  └─ 20260803000000_share_token_21char_invalidate_legacy/
    └─ migration.sql
  └─ 20260804000000_guest_checkout_retryable_conversion/
    └─ migration.sql
  └─ 20260805000000_guest_checkout_pii_retention/
    └─ migration.sql
  └─ 20260806000000_share_link_expiry_revoke/
    └─ migration.sql
  └─ 20260901000000_r46_landing_page_builder_phase1/
    └─ migration.sql
  └─ 20260902000000_r47_landing_pages_phase3_crm_sync/
    └─ migration.sql
  └─ 20260903000000_r47_lead_sync_persistent_state/
    └─ migration.sql
  └─ 20260903000000_r52_landing_pages_renderer_v2/
    └─ migration.sql
  └─ 20260920000000_r48_checkout_hardening/
    └─ migration.sql
  └─ 20260921000000_add_refunded_disputed_to_guest_checkout_status/
    └─ migration.sql
  └─ 20261001000000_dunning_v1/
    └─ migration.sql
  └─ 20261002000000_dunning_v1_send_retry_cas/
    └─ migration.sql
  └─ 20261002000000_nudge_v1/
    └─ migration.sql
  └─ 20261110000000_ai_action_draft_materialised/
    └─ migration.sql
  └─ 20261201000000_stream2_ai_execution_draft_links/
    └─ migration.sql
  └─ 20261202000000_pr3_drip_schema_foundation/
    └─ migration.sql
  └─ 20261203000000_pr7_meal_plan_drip_drop_unique/
    └─ migration.sql
  └─ 20261203100000_pr6_packages_publish_pricing/
    └─ migration.sql
  └─ 20261204000000_pr9_drip_resolver_marker/
    └─ migration.sql
  └─ 20261205000000_pr10_scheduled_drop_retry_lock/
    └─ migration.sql
  └─ 20261206000000_pr12_coach_media_upload_status/
    └─ migration.sql
  └─ 20261207000000_pr14_client_purchase_landing_page_id_and_guest_subscription/
    └─ migration.sql
  └─ 20261207000001_pr14_client_purchase_landing_page_idx_concurrent/
    └─ migration.sql
  └─ 20261208000000_pr15_coach_new_purchase_prefs/
    └─ migration.sql
  └─ 20261209000000_pr17_scheduled_drop_push_seq/
    └─ migration.sql
  └─ 20261210000000_pr_wave0_ai_quota_ltv_peak/
    └─ migration.sql
  └─ 20261211000000_add_sleep_consistency_metrics/
    └─ migration.sql
  └─ 20261211000001_seed_sleep_consistency_metric_defs/
    └─ migration.sql
  └─ 20261212000000_community_v1_1_schema/
    └─ migration.sql
  └─ 20261212000000_rls_helper_search_path/
    └─ migration.sql
  └─ 20261212010000_rls_tier2_coach_team/
    └─ migration.sql
  └─ 20261213000000_rls_tier1_phi_financial_privacy/
    └─ migration.sql
  └─ 20261213000000_rls_tier2_sessions/
    └─ migration.sql
  └─ 20261213000000_rls_tier3_nutrition/
    └─ migration.sql
  └─ 20261213000000_rls_tier3_workouts/
    └─ migration.sql
  └─ 20261213000000_rls_tier4_learning_analytics/
    └─ migration.sql
  └─ 20261213000000_rls_tier5_notifications_community/
    └─ migration.sql
  └─ 20261214000000_dunning_v2_lockout_recovery/
    └─ migration.sql
  └─ 20261215000000_b5_digital_contracts/
    └─ migration.sql
  └─ 20261215000000_mwb_1_data_model/
    └─ migration.sql
  └─ 20261215000000_payouts_v2_bank_payout_methods/
    └─ migration.sql
  └─ 20261215000100_seed_b5_contract_templates/
    └─ migration.sql
  └─ 20261215000200_contracts_rls/
    └─ migration.sql
  └─ 20261215000300_named_regimes_and_partial_refund_decision/
    └─ migration.sql
  └─ 20261216000000_add_roman_chat/
    └─ migration.sql
  └─ 20261216000100_add_plan_context_payload/
    └─ migration.sql
  └─ 20261216000200_community_classroom_posts/
    └─ migration.sql
  └─ 20261217000000_community_voice_notes/
    └─ migration.sql
  └─ 20261217000100_community_search_index/
    └─ migration.sql
  └─ 20261217000200_community_wearable_prompts/
    └─ migration.sql
  └─ 20261218000000_add_coach_reviewed_at/
    └─ migration.sql
  └─ 20261218000100_rls_partial_refund_decision/
    └─ migration.sql
  └─ 20261218000200_rename_decided_by_coach_user_id/
    └─ migration.sql
  └─ 20261219000000_community_wearable_prompts_uuid_id/
    └─ migration.sql
  └─ 20261219000000_conv_review_coach_reviewed_at_idx/
    └─ migration.sql
  └─ 20261220000000_talent_marketplace_rls/
    └─ migration.sql
  └─ 20261220000010_marketplace_idempotency_claim_nonce/
    └─ migration.sql
  └─ 20261220000020_marketplace_abuse_signal_rls/
    └─ migration.sql
  └─ 20261220000030_marketplace_connect_event/
    └─ migration.sql
  └─ 20261220000031_application_applicant_listing_unique/
    └─ migration.sql
  └─ 20261221000000_enable_pg_stat_statements/
    └─ migration.sql
  └─ 20261221010000_add_signup_ref_to_user/
    └─ migration.sql
  └─ 20261222000000_add_extension_pair_codes/
    └─ migration.sql
  └─ 20261222000000_scout_ingest_entity/
    └─ migration.sql
  └─ 20261222000000_scout_progress_and_completion/
    └─ migration.sql
  └─ 20261223000100_scout_import_state/
    └─ migration.sql
  └─ 20261223000200_scout_reconstruction/
    └─ migration.sql
  └─ 20261223000300_scout_reconstructed_entity/
    └─ migration.sql
      
All migrations have been successfully applied.
{"database" : "g2_s5_etq0_disposable", "version" : "170006", "directory" : "/home/user/pg17/clusters/s5", "address" : "127.0.0.1", "port" : 54325, "applied" : 164}
G2_PG17_BOOTSTRAP_OK
CMD: npx jest --config jest.rls.config.js test/rls-g2-pg17-etq0.spec.ts --runInBand --testTimeout=180000
  console.warn
    PG17_DATABASE {"port":54325,"user":"postgres","owner":"postgres","super":false,"address":"127.0.0.1","version":"170006","database":"g2_s5_etq0_disposable","bypassrls":true,"directory":"/home/user/pg17/clusters/s5"}

      41 |   expect(Number(identity.version)).toBeLessThan(180000);
      42 |   expect(directory).toMatch(/\/pg17\/clusters\/s5$/);
    > 43 |   console.warn('PG17_DATABASE', JSON.stringify(identity));
         |           ^
      44 |   // Bootstrap leaves the full 164-migration O history and NO E column/history.
      45 |   expect(appliedMigrations()).toBe('164');
      46 |   expect(sql(`SELECT count(*) FROM "_prisma_migrations" WHERE migration_name=${quote(E)}`)).toBe('0');

      at Object.<anonymous> (test/rls-g2-pg17-etq0.spec.ts:43:11)

  console.warn
    PG17_API_ROLE_TABLE_PRIVILEGES Person=DELETE,INSERT,REFERENCES,SELECT,TRIGGER,TRUNCATE,UPDATE ScoutIngestEntity=DELETE,INSERT,REFERENCES,SELECT,TRIGGER,TRUNCATE,UPDATE ScoutReconstructedEntity=DELETE,INSERT,REFERENCES,SELECT,TRIGGER,TRUNCATE,UPDATE ScoutReconstructionLedger=DELETE,INSERT,REFERENCES,SELECT,TRIGGER,TRUNCATE,UPDATE

      62 |     GRANT ALL ON public."ScoutIngestEntity",public."ScoutReconstructionLedger",
      63 |       public."Person",public."ScoutReconstructedEntity",public."ScoutImport" TO service_role,anon,authenticated;`);
    > 64 |   console.warn('PG17_API_ROLE_TABLE_PRIVILEGES', sql(`SELECT string_agg(table_name||'='||privileges,' ' ORDER BY table_name) FROM (
         |           ^
      65 |     SELECT table_name, string_agg(privilege_type,',' ORDER BY privilege_type) privileges
      66 |     FROM information_schema.role_table_grants WHERE grantee='anon' AND table_schema='public'
      67 |     AND table_name IN ('ScoutIngestEntity','ScoutReconstructionLedger','Person','ScoutReconstructedEntity') GROUP BY 1) g`));

      at Object.<anonymous> (test/rls-g2-pg17-etq0.spec.ts:64:11)

  console.warn
    PG17_PROCESS {"name":"g2p17_2","old":true,"options":{"family":"workouts"},"result":{"intent_id":"intent","staged":30,"reconstructed":38,"skipped":8,"failed":9},"queries":124,"pid":10789}

      158 |       if (code !== 0 || !result) { reject(new Error(`worker exited ${code}: ${output}`)); return; }
      159 |       // Query shapes, outcomes, fixture identifiers and process IDs only; never parameters.
    > 160 |       console.warn('PG17_PROCESS', JSON.stringify({ name, old, options: { ...options, cursor: options.cursor ? '<cursor>' : undefined },
          |               ^
      161 |         result: result.result, failure: result.failure, queries: result.queries.length, pid: result.pid }));
      162 |       resolveDone(result);
      163 |     };

      at settleWorker (test/utils/g2-pg17-harness.ts:160:15)
      at ChildProcess.<anonymous> (test/utils/g2-pg17-harness.ts:165:51)

  console.warn
    PG17_PROCESS {"name":"g2p17_5","old":false,"options":{},"result":{"intent_id":"intent","staged":1,"reconstructed":1,"skipped":0,"failed":0},"queries":12,"pid":11048}

      158 |       if (code !== 0 || !result) { reject(new Error(`worker exited ${code}: ${output}`)); return; }
      159 |       // Query shapes, outcomes, fixture identifiers and process IDs only; never parameters.
    > 160 |       console.warn('PG17_PROCESS', JSON.stringify({ name, old, options: { ...options, cursor: options.cursor ? '<cursor>' : undefined },
          |               ^
      161 |         result: result.result, failure: result.failure, queries: result.queries.length, pid: result.pid }));
      162 |       resolveDone(result);
      163 |     };

      at settleWorker (test/utils/g2-pg17-harness.ts:160:15)
      at ChildProcess.<anonymous> (test/utils/g2-pg17-harness.ts:165:51)

  console.warn
    PG17_PROCESS {"name":"g2p17_6","old":false,"options":{"coach":"other"},"result":{"intent_id":"intent","staged":0,"reconstructed":1,"skipped":0,"failed":0},"queries":3,"pid":11069}

      158 |       if (code !== 0 || !result) { reject(new Error(`worker exited ${code}: ${output}`)); return; }
      159 |       // Query shapes, outcomes, fixture identifiers and process IDs only; never parameters.
    > 160 |       console.warn('PG17_PROCESS', JSON.stringify({ name, old, options: { ...options, cursor: options.cursor ? '<cursor>' : undefined },
          |               ^
      161 |         result: result.result, failure: result.failure, queries: result.queries.length, pid: result.pid }));
      162 |       resolveDone(result);
      163 |     };

      at settleWorker (test/utils/g2-pg17-harness.ts:160:15)
      at ChildProcess.<anonymous> (test/utils/g2-pg17-harness.ts:165:51)

  console.warn
    PG17_PROCESS {"name":"g2p17_7","old":false,"options":{},"result":{"intent_id":"intent","staged":4,"reconstructed":2,"skipped":1,"failed":1},"queries":37,"pid":11099}

      158 |       if (code !== 0 || !result) { reject(new Error(`worker exited ${code}: ${output}`)); return; }
      159 |       // Query shapes, outcomes, fixture identifiers and process IDs only; never parameters.
    > 160 |       console.warn('PG17_PROCESS', JSON.stringify({ name, old, options: { ...options, cursor: options.cursor ? '<cursor>' : undefined },
          |               ^
      161 |         result: result.result, failure: result.failure, queries: result.queries.length, pid: result.pid }));
      162 |       resolveDone(result);
      163 |     };

      at settleWorker (test/utils/g2-pg17-harness.ts:160:15)
      at ChildProcess.<anonymous> (test/utils/g2-pg17-harness.ts:165:51)

  console.warn
    PG17_PROCESS {"name":"g2p17_8","old":false,"options":{},"result":{"intent_id":"intent","staged":4,"reconstructed":2,"skipped":1,"failed":1},"queries":37,"pid":11118}

      158 |       if (code !== 0 || !result) { reject(new Error(`worker exited ${code}: ${output}`)); return; }
      159 |       // Query shapes, outcomes, fixture identifiers and process IDs only; never parameters.
    > 160 |       console.warn('PG17_PROCESS', JSON.stringify({ name, old, options: { ...options, cursor: options.cursor ? '<cursor>' : undefined },
          |               ^
      161 |         result: result.result, failure: result.failure, queries: result.queries.length, pid: result.pid }));
      162 |       resolveDone(result);
      163 |     };

      at settleWorker (test/utils/g2-pg17-harness.ts:160:15)
      at ChildProcess.<anonymous> (test/utils/g2-pg17-harness.ts:165:51)

  console.warn
    PG17_PROCESS {"name":"g2p17_9","old":false,"options":{},"result":{"intent_id":"intent","staged":1,"reconstructed":1,"skipped":0,"failed":0},"queries":12,"pid":11144}

      158 |       if (code !== 0 || !result) { reject(new Error(`worker exited ${code}: ${output}`)); return; }
      159 |       // Query shapes, outcomes, fixture identifiers and process IDs only; never parameters.
    > 160 |       console.warn('PG17_PROCESS', JSON.stringify({ name, old, options: { ...options, cursor: options.cursor ? '<cursor>' : undefined },
          |               ^
      161 |         result: result.result, failure: result.failure, queries: result.queries.length, pid: result.pid }));
      162 |       resolveDone(result);
      163 |     };

      at settleWorker (test/utils/g2-pg17-harness.ts:160:15)
      at ChildProcess.<anonymous> (test/utils/g2-pg17-harness.ts:165:51)

  console.warn
    PG17_PROCESS {"name":"g2p17_10","old":false,"options":{"mapper":"skip"},"result":{"intent_id":"intent","staged":1,"reconstructed":0,"skipped":1,"failed":0},"queries":11,"pid":11170}

      158 |       if (code !== 0 || !result) { reject(new Error(`worker exited ${code}: ${output}`)); return; }
      159 |       // Query shapes, outcomes, fixture identifiers and process IDs only; never parameters.
    > 160 |       console.warn('PG17_PROCESS', JSON.stringify({ name, old, options: { ...options, cursor: options.cursor ? '<cursor>' : undefined },
          |               ^
      161 |         result: result.result, failure: result.failure, queries: result.queries.length, pid: result.pid }));
      162 |       resolveDone(result);
      163 |     };

      at settleWorker (test/utils/g2-pg17-harness.ts:160:15)
      at ChildProcess.<anonymous> (test/utils/g2-pg17-harness.ts:165:51)

  console.warn
    PG17_PROCESS {"name":"g2p17_11","old":false,"options":{},"result":{"intent_id":"intent","staged":1,"reconstructed":0,"skipped":0,"failed":1},"queries":14,"pid":11196}

      158 |       if (code !== 0 || !result) { reject(new Error(`worker exited ${code}: ${output}`)); return; }
      159 |       // Query shapes, outcomes, fixture identifiers and process IDs only; never parameters.
    > 160 |       console.warn('PG17_PROCESS', JSON.stringify({ name, old, options: { ...options, cursor: options.cursor ? '<cursor>' : undefined },
          |               ^
      161 |         result: result.result, failure: result.failure, queries: result.queries.length, pid: result.pid }));
      162 |       resolveDone(result);
      163 |     };

      at settleWorker (test/utils/g2-pg17-harness.ts:160:15)
      at ChildProcess.<anonymous> (test/utils/g2-pg17-harness.ts:165:51)

  console.warn
    PG17_PROCESS {"name":"g2p17_12","old":false,"options":{"family":"clients"},"failure":{"status":409,"message":"reconstruction provenance conflict"},"queries":10,"pid":11226}

      158 |       if (code !== 0 || !result) { reject(new Error(`worker exited ${code}: ${output}`)); return; }
      159 |       // Query shapes, outcomes, fixture identifiers and process IDs only; never parameters.
    > 160 |       console.warn('PG17_PROCESS', JSON.stringify({ name, old, options: { ...options, cursor: options.cursor ? '<cursor>' : undefined },
          |               ^
      161 |         result: result.result, failure: result.failure, queries: result.queries.length, pid: result.pid }));
      162 |       resolveDone(result);
      163 |     };

      at settleWorker (test/utils/g2-pg17-harness.ts:160:15)
      at ChildProcess.<anonymous> (test/utils/g2-pg17-harness.ts:165:51)

  console.warn
    PG17_PROCESS {"name":"g2p17_13","old":false,"options":{"family":"clients"},"result":{"intent_id":"intent","staged":1,"reconstructed":1,"skipped":0,"failed":0},"queries":12,"pid":11248}

      158 |       if (code !== 0 || !result) { reject(new Error(`worker exited ${code}: ${output}`)); return; }
      159 |       // Query shapes, outcomes, fixture identifiers and process IDs only; never parameters.
    > 160 |       console.warn('PG17_PROCESS', JSON.stringify({ name, old, options: { ...options, cursor: options.cursor ? '<cursor>' : undefined },
          |               ^
      161 |         result: result.result, failure: result.failure, queries: result.queries.length, pid: result.pid }));
      162 |       resolveDone(result);
      163 |     };

      at settleWorker (test/utils/g2-pg17-harness.ts:160:15)
      at ChildProcess.<anonymous> (test/utils/g2-pg17-harness.ts:165:51)

  console.warn
    PG17_PROCESS {"name":"g2p17_14","old":false,"options":{"family":"clients"},"failure":{"status":409,"message":"reconstruction provenance conflict"},"queries":10,"pid":11270}

      158 |       if (code !== 0 || !result) { reject(new Error(`worker exited ${code}: ${output}`)); return; }
      159 |       // Query shapes, outcomes, fixture identifiers and process IDs only; never parameters.
    > 160 |       console.warn('PG17_PROCESS', JSON.stringify({ name, old, options: { ...options, cursor: options.cursor ? '<cursor>' : undefined },
          |               ^
      161 |         result: result.result, failure: result.failure, queries: result.queries.length, pid: result.pid }));
      162 |       resolveDone(result);
      163 |     };

      at settleWorker (test/utils/g2-pg17-harness.ts:160:15)
      at ChildProcess.<anonymous> (test/utils/g2-pg17-harness.ts:165:51)

  console.warn
    PG17_PROCESS {"name":"g2p17_15","old":false,"options":{"family":"workouts"},"failure":{"status":409,"message":"reconstruction provenance conflict"},"queries":10,"pid":11302}

      158 |       if (code !== 0 || !result) { reject(new Error(`worker exited ${code}: ${output}`)); return; }
      159 |       // Query shapes, outcomes, fixture identifiers and process IDs only; never parameters.
    > 160 |       console.warn('PG17_PROCESS', JSON.stringify({ name, old, options: { ...options, cursor: options.cursor ? '<cursor>' : undefined },
          |               ^
      161 |         result: result.result, failure: result.failure, queries: result.queries.length, pid: result.pid }));
      162 |       resolveDone(result);
      163 |     };

      at settleWorker (test/utils/g2-pg17-harness.ts:160:15)
      at ChildProcess.<anonymous> (test/utils/g2-pg17-harness.ts:165:51)

  console.warn
    PG17_PROCESS {"name":"g2p17_16","old":false,"options":{"family":"workouts"},"result":{"intent_id":"intent","staged":1,"reconstructed":1,"skipped":0,"failed":0},"queries":12,"pid":11324}

      158 |       if (code !== 0 || !result) { reject(new Error(`worker exited ${code}: ${output}`)); return; }
      159 |       // Query shapes, outcomes, fixture identifiers and process IDs only; never parameters.
    > 160 |       console.warn('PG17_PROCESS', JSON.stringify({ name, old, options: { ...options, cursor: options.cursor ? '<cursor>' : undefined },
          |               ^
      161 |         result: result.result, failure: result.failure, queries: result.queries.length, pid: result.pid }));
      162 |       resolveDone(result);
      163 |     };

      at settleWorker (test/utils/g2-pg17-harness.ts:160:15)
      at ChildProcess.<anonymous> (test/utils/g2-pg17-harness.ts:165:51)

  console.warn
    PG17_PROCESS {"name":"g2p17_17","old":false,"options":{"family":"workouts"},"failure":{"status":409,"message":"reconstruction provenance conflict"},"queries":10,"pid":11346}

      158 |       if (code !== 0 || !result) { reject(new Error(`worker exited ${code}: ${output}`)); return; }
      159 |       // Query shapes, outcomes, fixture identifiers and process IDs only; never parameters.
    > 160 |       console.warn('PG17_PROCESS', JSON.stringify({ name, old, options: { ...options, cursor: options.cursor ? '<cursor>' : undefined },
          |               ^
      161 |         result: result.result, failure: result.failure, queries: result.queries.length, pid: result.pid }));
      162 |       resolveDone(result);
      163 |     };

      at settleWorker (test/utils/g2-pg17-harness.ts:160:15)
      at ChildProcess.<anonymous> (test/utils/g2-pg17-harness.ts:165:51)

  console.warn
    PG17_PROCESS {"name":"g2p17_18","old":false,"options":{},"failure":{"status":409,"message":"reconstruction provenance conflict"},"queries":26,"pid":11381}

      158 |       if (code !== 0 || !result) { reject(new Error(`worker exited ${code}: ${output}`)); return; }
      159 |       // Query shapes, outcomes, fixture identifiers and process IDs only; never parameters.
    > 160 |       console.warn('PG17_PROCESS', JSON.stringify({ name, old, options: { ...options, cursor: options.cursor ? '<cursor>' : undefined },
          |               ^
      161 |         result: result.result, failure: result.failure, queries: result.queries.length, pid: result.pid }));
      162 |       resolveDone(result);
      163 |     };

      at settleWorker (test/utils/g2-pg17-harness.ts:160:15)
      at ChildProcess.<anonymous> (test/utils/g2-pg17-harness.ts:165:51)

  console.warn
    PG17_PROCESS {"name":"g2p17_19","old":false,"options":{},"result":{"intent_id":"intent","staged":4,"reconstructed":4,"skipped":0,"failed":0},"queries":36,"pid":11403}

      158 |       if (code !== 0 || !result) { reject(new Error(`worker exited ${code}: ${output}`)); return; }
      159 |       // Query shapes, outcomes, fixture identifiers and process IDs only; never parameters.
    > 160 |       console.warn('PG17_PROCESS', JSON.stringify({ name, old, options: { ...options, cursor: options.cursor ? '<cursor>' : undefined },
          |               ^
      161 |         result: result.result, failure: result.failure, queries: result.queries.length, pid: result.pid }));
      162 |       resolveDone(result);
      163 |     };

      at settleWorker (test/utils/g2-pg17-harness.ts:160:15)
      at ChildProcess.<anonymous> (test/utils/g2-pg17-harness.ts:165:51)

  console.warn
    PG17_PROCESS {"name":"g2p17_20","old":false,"options":{},"result":{"intent_id":"intent","staged":1,"reconstructed":1,"skipped":0,"failed":0},"queries":12,"pid":11427}

      158 |       if (code !== 0 || !result) { reject(new Error(`worker exited ${code}: ${output}`)); return; }
      159 |       // Query shapes, outcomes, fixture identifiers and process IDs only; never parameters.
    > 160 |       console.warn('PG17_PROCESS', JSON.stringify({ name, old, options: { ...options, cursor: options.cursor ? '<cursor>' : undefined },
          |               ^
      161 |         result: result.result, failure: result.failure, queries: result.queries.length, pid: result.pid }));
      162 |       resolveDone(result);
      163 |     };

      at settleWorker (test/utils/g2-pg17-harness.ts:160:15)
      at ChildProcess.<anonymous> (test/utils/g2-pg17-harness.ts:165:51)

  console.warn
    PG17_PROCESS {"name":"g2p17_21","old":false,"options":{"mapper":"skip"},"result":{"intent_id":"intent","staged":1,"reconstructed":1,"skipped":0,"failed":0},"queries":11,"pid":11448}

      158 |       if (code !== 0 || !result) { reject(new Error(`worker exited ${code}: ${output}`)); return; }
      159 |       // Query shapes, outcomes, fixture identifiers and process IDs only; never parameters.
    > 160 |       console.warn('PG17_PROCESS', JSON.stringify({ name, old, options: { ...options, cursor: options.cursor ? '<cursor>' : undefined },
          |               ^
      161 |         result: result.result, failure: result.failure, queries: result.queries.length, pid: result.pid }));
      162 |       resolveDone(result);
      163 |     };

      at settleWorker (test/utils/g2-pg17-harness.ts:160:15)
      at ChildProcess.<anonymous> (test/utils/g2-pg17-harness.ts:165:51)

  console.warn
    PG17_PROCESS {"name":"g2p17_22","old":false,"options":{"mapper":"skip"},"failure":{"status":409,"message":"reconstruction provenance conflict"},"queries":9,"pid":11470}

      158 |       if (code !== 0 || !result) { reject(new Error(`worker exited ${code}: ${output}`)); return; }
      159 |       // Query shapes, outcomes, fixture identifiers and process IDs only; never parameters.
    > 160 |       console.warn('PG17_PROCESS', JSON.stringify({ name, old, options: { ...options, cursor: options.cursor ? '<cursor>' : undefined },
          |               ^
      161 |         result: result.result, failure: result.failure, queries: result.queries.length, pid: result.pid }));
      162 |       resolveDone(result);
      163 |     };

      at settleWorker (test/utils/g2-pg17-harness.ts:160:15)
      at ChildProcess.<anonymous> (test/utils/g2-pg17-harness.ts:165:51)

  console.warn
    PG17_PROCESS {"name":"g2p17_23","old":false,"options":{},"result":{"intent_id":"intent","staged":1,"reconstructed":1,"skipped":0,"failed":0},"queries":12,"pid":11494}

      158 |       if (code !== 0 || !result) { reject(new Error(`worker exited ${code}: ${output}`)); return; }
      159 |       // Query shapes, outcomes, fixture identifiers and process IDs only; never parameters.
    > 160 |       console.warn('PG17_PROCESS', JSON.stringify({ name, old, options: { ...options, cursor: options.cursor ? '<cursor>' : undefined },
          |               ^
      161 |         result: result.result, failure: result.failure, queries: result.queries.length, pid: result.pid }));
      162 |       resolveDone(result);
      163 |     };

      at settleWorker (test/utils/g2-pg17-harness.ts:160:15)
      at ChildProcess.<anonymous> (test/utils/g2-pg17-harness.ts:165:51)

  console.warn
    PG17_PROCESS {"name":"g2p17_24","old":false,"options":{"mapper":"throw"},"result":{"intent_id":"intent","staged":1,"reconstructed":1,"skipped":0,"failed":0},"queries":11,"pid":11515}

      158 |       if (code !== 0 || !result) { reject(new Error(`worker exited ${code}: ${output}`)); return; }
      159 |       // Query shapes, outcomes, fixture identifiers and process IDs only; never parameters.
    > 160 |       console.warn('PG17_PROCESS', JSON.stringify({ name, old, options: { ...options, cursor: options.cursor ? '<cursor>' : undefined },
          |               ^
      161 |         result: result.result, failure: result.failure, queries: result.queries.length, pid: result.pid }));
      162 |       resolveDone(result);
      163 |     };

      at settleWorker (test/utils/g2-pg17-harness.ts:160:15)
      at ChildProcess.<anonymous> (test/utils/g2-pg17-harness.ts:165:51)

  console.warn
    PG17_PROCESS {"name":"g2p17_25","old":false,"options":{"mapper":"throw"},"failure":{"status":409,"message":"reconstruction provenance conflict"},"queries":9,"pid":11537}

      158 |       if (code !== 0 || !result) { reject(new Error(`worker exited ${code}: ${output}`)); return; }
      159 |       // Query shapes, outcomes, fixture identifiers and process IDs only; never parameters.
    > 160 |       console.warn('PG17_PROCESS', JSON.stringify({ name, old, options: { ...options, cursor: options.cursor ? '<cursor>' : undefined },
          |               ^
      161 |         result: result.result, failure: result.failure, queries: result.queries.length, pid: result.pid }));
      162 |       resolveDone(result);
      163 |     };

      at settleWorker (test/utils/g2-pg17-harness.ts:160:15)
      at ChildProcess.<anonymous> (test/utils/g2-pg17-harness.ts:165:51)

  console.warn
    PG17_PROCESS {"name":"g2p17_26","old":false,"options":{},"result":{"intent_id":"intent","staged":1,"reconstructed":1,"skipped":0,"failed":0},"queries":12,"pid":11561}

      158 |       if (code !== 0 || !result) { reject(new Error(`worker exited ${code}: ${output}`)); return; }
      159 |       // Query shapes, outcomes, fixture identifiers and process IDs only; never parameters.
    > 160 |       console.warn('PG17_PROCESS', JSON.stringify({ name, old, options: { ...options, cursor: options.cursor ? '<cursor>' : undefined },
          |               ^
      161 |         result: result.result, failure: result.failure, queries: result.queries.length, pid: result.pid }));
      162 |       resolveDone(result);
      163 |     };

      at settleWorker (test/utils/g2-pg17-harness.ts:160:15)
      at ChildProcess.<anonymous> (test/utils/g2-pg17-harness.ts:165:51)

  console.warn
    PG17_PROCESS {"name":"g2p17_27","old":false,"options":{},"result":{"intent_id":"intent","staged":1,"reconstructed":1,"skipped":0,"failed":0},"queries":14,"pid":11583}

      158 |       if (code !== 0 || !result) { reject(new Error(`worker exited ${code}: ${output}`)); return; }
      159 |       // Query shapes, outcomes, fixture identifiers and process IDs only; never parameters.
    > 160 |       console.warn('PG17_PROCESS', JSON.stringify({ name, old, options: { ...options, cursor: options.cursor ? '<cursor>' : undefined },
          |               ^
      161 |         result: result.result, failure: result.failure, queries: result.queries.length, pid: result.pid }));
      162 |       resolveDone(result);
      163 |     };

      at settleWorker (test/utils/g2-pg17-harness.ts:160:15)
      at ChildProcess.<anonymous> (test/utils/g2-pg17-harness.ts:165:51)

  console.warn
    PG17_PROCESS {"name":"g2p17_28","old":false,"options":{},"failure":{"status":409,"message":"reconstruction provenance conflict"},"queries":12,"pid":11606}

      158 |       if (code !== 0 || !result) { reject(new Error(`worker exited ${code}: ${output}`)); return; }
      159 |       // Query shapes, outcomes, fixture identifiers and process IDs only; never parameters.
    > 160 |       console.warn('PG17_PROCESS', JSON.stringify({ name, old, options: { ...options, cursor: options.cursor ? '<cursor>' : undefined },
          |               ^
      161 |         result: result.result, failure: result.failure, queries: result.queries.length, pid: result.pid }));
      162 |       resolveDone(result);
      163 |     };

      at settleWorker (test/utils/g2-pg17-harness.ts:160:15)
      at ChildProcess.<anonymous> (test/utils/g2-pg17-harness.ts:165:51)

  console.warn
    PG17_PROCESS {"name":"g2p17_29","old":false,"options":{},"failure":{"status":409,"message":"reconstruction provenance conflict"},"queries":3,"pid":11631}

      158 |       if (code !== 0 || !result) { reject(new Error(`worker exited ${code}: ${output}`)); return; }
      159 |       // Query shapes, outcomes, fixture identifiers and process IDs only; never parameters.
    > 160 |       console.warn('PG17_PROCESS', JSON.stringify({ name, old, options: { ...options, cursor: options.cursor ? '<cursor>' : undefined },
          |               ^
      161 |         result: result.result, failure: result.failure, queries: result.queries.length, pid: result.pid }));
      162 |       resolveDone(result);
      163 |     };

      at settleWorker (test/utils/g2-pg17-harness.ts:160:15)
      at ChildProcess.<anonymous> (test/utils/g2-pg17-harness.ts:165:51)

  console.warn
    PG17_PROCESS {"name":"g2p17_30","old":false,"options":{},"result":{"intent_id":"intent","staged":1,"reconstructed":1,"skipped":0,"failed":0},"queries":12,"pid":11655}

      158 |       if (code !== 0 || !result) { reject(new Error(`worker exited ${code}: ${output}`)); return; }
      159 |       // Query shapes, outcomes, fixture identifiers and process IDs only; never parameters.
    > 160 |       console.warn('PG17_PROCESS', JSON.stringify({ name, old, options: { ...options, cursor: options.cursor ? '<cursor>' : undefined },
          |               ^
      161 |         result: result.result, failure: result.failure, queries: result.queries.length, pid: result.pid }));
      162 |       resolveDone(result);
      163 |     };

      at settleWorker (test/utils/g2-pg17-harness.ts:160:15)
      at ChildProcess.<anonymous> (test/utils/g2-pg17-harness.ts:165:51)

  console.warn
    PG17_PROCESS {"name":"g2p17_31","old":false,"options":{},"failure":{"status":409,"message":"reconstruction provenance conflict"},"queries":3,"pid":11677}

      158 |       if (code !== 0 || !result) { reject(new Error(`worker exited ${code}: ${output}`)); return; }
      159 |       // Query shapes, outcomes, fixture identifiers and process IDs only; never parameters.
    > 160 |       console.warn('PG17_PROCESS', JSON.stringify({ name, old, options: { ...options, cursor: options.cursor ? '<cursor>' : undefined },
          |               ^
      161 |         result: result.result, failure: result.failure, queries: result.queries.length, pid: result.pid }));
      162 |       resolveDone(result);
      163 |     };

      at settleWorker (test/utils/g2-pg17-harness.ts:160:15)
      at ChildProcess.<anonymous> (test/utils/g2-pg17-harness.ts:165:51)

  console.warn
    PG17_PROCESS {"name":"g2p17_32","old":false,"options":{},"failure":{"status":409,"message":"reconstruction provenance conflict"},"queries":3,"pid":11699}

      158 |       if (code !== 0 || !result) { reject(new Error(`worker exited ${code}: ${output}`)); return; }
      159 |       // Query shapes, outcomes, fixture identifiers and process IDs only; never parameters.
    > 160 |       console.warn('PG17_PROCESS', JSON.stringify({ name, old, options: { ...options, cursor: options.cursor ? '<cursor>' : undefined },
          |               ^
      161 |         result: result.result, failure: result.failure, queries: result.queries.length, pid: result.pid }));
      162 |       resolveDone(result);
      163 |     };

      at settleWorker (test/utils/g2-pg17-harness.ts:160:15)
      at ChildProcess.<anonymous> (test/utils/g2-pg17-harness.ts:165:51)

  console.warn
    PG17_PROCESS {"name":"g2p17_33","old":false,"options":{},"failure":{"status":409,"message":"reconstruction provenance conflict"},"queries":3,"pid":11721}

      158 |       if (code !== 0 || !result) { reject(new Error(`worker exited ${code}: ${output}`)); return; }
      159 |       // Query shapes, outcomes, fixture identifiers and process IDs only; never parameters.
    > 160 |       console.warn('PG17_PROCESS', JSON.stringify({ name, old, options: { ...options, cursor: options.cursor ? '<cursor>' : undefined },
          |               ^
      161 |         result: result.result, failure: result.failure, queries: result.queries.length, pid: result.pid }));
      162 |       resolveDone(result);
      163 |     };

      at settleWorker (test/utils/g2-pg17-harness.ts:160:15)
      at ChildProcess.<anonymous> (test/utils/g2-pg17-harness.ts:165:51)

  console.warn
    PG17_PROCESS {"name":"g2p17_34","old":false,"options":{},"failure":{"status":409,"message":"reconstruction provenance conflict"},"queries":3,"pid":11743}

      158 |       if (code !== 0 || !result) { reject(new Error(`worker exited ${code}: ${output}`)); return; }
      159 |       // Query shapes, outcomes, fixture identifiers and process IDs only; never parameters.
    > 160 |       console.warn('PG17_PROCESS', JSON.stringify({ name, old, options: { ...options, cursor: options.cursor ? '<cursor>' : undefined },
          |               ^
      161 |         result: result.result, failure: result.failure, queries: result.queries.length, pid: result.pid }));
      162 |       resolveDone(result);
      163 |     };

      at settleWorker (test/utils/g2-pg17-harness.ts:160:15)
      at ChildProcess.<anonymous> (test/utils/g2-pg17-harness.ts:165:51)

  console.warn
    PG17_PROCESS {"name":"g2p17_35","old":false,"options":{},"failure":{"status":409,"message":"reconstruction provenance conflict"},"queries":3,"pid":11765}

      158 |       if (code !== 0 || !result) { reject(new Error(`worker exited ${code}: ${output}`)); return; }
      159 |       // Query shapes, outcomes, fixture identifiers and process IDs only; never parameters.
    > 160 |       console.warn('PG17_PROCESS', JSON.stringify({ name, old, options: { ...options, cursor: options.cursor ? '<cursor>' : undefined },
          |               ^
      161 |         result: result.result, failure: result.failure, queries: result.queries.length, pid: result.pid }));
      162 |       resolveDone(result);
      163 |     };

      at settleWorker (test/utils/g2-pg17-harness.ts:160:15)
      at ChildProcess.<anonymous> (test/utils/g2-pg17-harness.ts:165:51)

  console.warn
    PG17_PROCESS {"name":"g2p17_36","old":false,"options":{},"result":{"intent_id":"intent","staged":1,"reconstructed":1,"skipped":0,"failed":0},"queries":12,"pid":11798}

      158 |       if (code !== 0 || !result) { reject(new Error(`worker exited ${code}: ${output}`)); return; }
      159 |       // Query shapes, outcomes, fixture identifiers and process IDs only; never parameters.
    > 160 |       console.warn('PG17_PROCESS', JSON.stringify({ name, old, options: { ...options, cursor: options.cursor ? '<cursor>' : undefined },
          |               ^
      161 |         result: result.result, failure: result.failure, queries: result.queries.length, pid: result.pid }));
      162 |       resolveDone(result);
      163 |     };

      at settleWorker (test/utils/g2-pg17-harness.ts:160:15)
      at ChildProcess.<anonymous> (test/utils/g2-pg17-harness.ts:165:51)

  console.warn
    PG17_PROCESS {"name":"g2p17_37","old":false,"options":{"intent":"i2"},"result":{"intent_id":"i2","staged":1,"reconstructed":1,"skipped":0,"failed":0},"queries":12,"pid":11814}

      158 |       if (code !== 0 || !result) { reject(new Error(`worker exited ${code}: ${output}`)); return; }
      159 |       // Query shapes, outcomes, fixture identifiers and process IDs only; never parameters.
    > 160 |       console.warn('PG17_PROCESS', JSON.stringify({ name, old, options: { ...options, cursor: options.cursor ? '<cursor>' : undefined },
          |               ^
      161 |         result: result.result, failure: result.failure, queries: result.queries.length, pid: result.pid }));
      162 |       resolveDone(result);
      163 |     };

      at settleWorker (test/utils/g2-pg17-harness.ts:160:15)
      at ChildProcess.<anonymous> (test/utils/g2-pg17-harness.ts:165:51)

  console.warn
    PG17_PROCESS {"name":"g2p17_38","old":false,"options":{"intent":"i3"},"result":{"intent_id":"i3","staged":1,"reconstructed":1,"skipped":0,"failed":0},"queries":12,"pid":11831}

      158 |       if (code !== 0 || !result) { reject(new Error(`worker exited ${code}: ${output}`)); return; }
      159 |       // Query shapes, outcomes, fixture identifiers and process IDs only; never parameters.
    > 160 |       console.warn('PG17_PROCESS', JSON.stringify({ name, old, options: { ...options, cursor: options.cursor ? '<cursor>' : undefined },
          |               ^
      161 |         result: result.result, failure: result.failure, queries: result.queries.length, pid: result.pid }));
      162 |       resolveDone(result);
      163 |     };

      at settleWorker (test/utils/g2-pg17-harness.ts:160:15)
      at ChildProcess.<anonymous> (test/utils/g2-pg17-harness.ts:165:51)

  console.warn
    PG17_PROCESS {"name":"g2p17_39","old":false,"options":{"coach":"other"},"result":{"intent_id":"intent","staged":1,"reconstructed":1,"skipped":0,"failed":0},"queries":12,"pid":11863}

      158 |       if (code !== 0 || !result) { reject(new Error(`worker exited ${code}: ${output}`)); return; }
      159 |       // Query shapes, outcomes, fixture identifiers and process IDs only; never parameters.
    > 160 |       console.warn('PG17_PROCESS', JSON.stringify({ name, old, options: { ...options, cursor: options.cursor ? '<cursor>' : undefined },
          |               ^
      161 |         result: result.result, failure: result.failure, queries: result.queries.length, pid: result.pid }));
      162 |       resolveDone(result);
      163 |     };

      at settleWorker (test/utils/g2-pg17-harness.ts:160:15)
      at ChildProcess.<anonymous> (test/utils/g2-pg17-harness.ts:165:51)

  console.warn
    PG17_PROCESS {"name":"g2p17_40","old":false,"options":{},"result":{"intent_id":"intent","staged":1,"reconstructed":1,"skipped":0,"failed":0},"queries":12,"pid":11891}

      158 |       if (code !== 0 || !result) { reject(new Error(`worker exited ${code}: ${output}`)); return; }
      159 |       // Query shapes, outcomes, fixture identifiers and process IDs only; never parameters.
    > 160 |       console.warn('PG17_PROCESS', JSON.stringify({ name, old, options: { ...options, cursor: options.cursor ? '<cursor>' : undefined },
          |               ^
      161 |         result: result.result, failure: result.failure, queries: result.queries.length, pid: result.pid }));
      162 |       resolveDone(result);
      163 |     };

      at settleWorker (test/utils/g2-pg17-harness.ts:160:15)
      at ChildProcess.<anonymous> (test/utils/g2-pg17-harness.ts:165:51)

  console.warn
    PG17_PROCESS {"name":"g2p17_41","old":false,"options":{},"result":{"intent_id":"intent","staged":1,"reconstructed":1,"skipped":0,"failed":0},"queries":12,"pid":11917}

      158 |       if (code !== 0 || !result) { reject(new Error(`worker exited ${code}: ${output}`)); return; }
      159 |       // Query shapes, outcomes, fixture identifiers and process IDs only; never parameters.
    > 160 |       console.warn('PG17_PROCESS', JSON.stringify({ name, old, options: { ...options, cursor: options.cursor ? '<cursor>' : undefined },
          |               ^
      161 |         result: result.result, failure: result.failure, queries: result.queries.length, pid: result.pid }));
      162 |       resolveDone(result);
      163 |     };

      at settleWorker (test/utils/g2-pg17-harness.ts:160:15)
      at ChildProcess.<anonymous> (test/utils/g2-pg17-harness.ts:165:51)

  console.warn
    PG17_PROCESS {"name":"g2p17_42","old":true,"options":{},"result":{"intent_id":"intent","staged":1,"reconstructed":0,"skipped":0,"failed":1},"queries":8,"pid":11937}

      158 |       if (code !== 0 || !result) { reject(new Error(`worker exited ${code}: ${output}`)); return; }
      159 |       // Query shapes, outcomes, fixture identifiers and process IDs only; never parameters.
    > 160 |       console.warn('PG17_PROCESS', JSON.stringify({ name, old, options: { ...options, cursor: options.cursor ? '<cursor>' : undefined },
          |               ^
      161 |         result: result.result, failure: result.failure, queries: result.queries.length, pid: result.pid }));
      162 |       resolveDone(result);
      163 |     };

      at settleWorker (test/utils/g2-pg17-harness.ts:160:15)
      at ChildProcess.<anonymous> (test/utils/g2-pg17-harness.ts:165:51)

  console.warn
    PG17_PROCESS {"name":"g2p17_43","old":true,"options":{},"result":{"intent_id":"intent","staged":2,"reconstructed":1,"skipped":0,"failed":1},"queries":12,"pid":11959}

      158 |       if (code !== 0 || !result) { reject(new Error(`worker exited ${code}: ${output}`)); return; }
      159 |       // Query shapes, outcomes, fixture identifiers and process IDs only; never parameters.
    > 160 |       console.warn('PG17_PROCESS', JSON.stringify({ name, old, options: { ...options, cursor: options.cursor ? '<cursor>' : undefined },
          |               ^
      161 |         result: result.result, failure: result.failure, queries: result.queries.length, pid: result.pid }));
      162 |       resolveDone(result);
      163 |     };

      at settleWorker (test/utils/g2-pg17-harness.ts:160:15)
      at ChildProcess.<anonymous> (test/utils/g2-pg17-harness.ts:165:51)

  console.warn
    PG17_PROCESS {"name":"g2p17_44","old":false,"options":{},"result":{"intent_id":"intent","staged":2,"reconstructed":2,"skipped":0,"failed":0},"queries":20,"pid":11980}

      158 |       if (code !== 0 || !result) { reject(new Error(`worker exited ${code}: ${output}`)); return; }
      159 |       // Query shapes, outcomes, fixture identifiers and process IDs only; never parameters.
    > 160 |       console.warn('PG17_PROCESS', JSON.stringify({ name, old, options: { ...options, cursor: options.cursor ? '<cursor>' : undefined },
          |               ^
      161 |         result: result.result, failure: result.failure, queries: result.queries.length, pid: result.pid }));
      162 |       resolveDone(result);
      163 |     };

      at settleWorker (test/utils/g2-pg17-harness.ts:160:15)
      at ChildProcess.<anonymous> (test/utils/g2-pg17-harness.ts:165:51)

  console.warn
    PG17_BLOCKED {"name":"g2p17_46","rows":[{"type":"Lock","wait":"transactionid"}]}

      179 |     const rows = jsonAdmin(`SELECT COALESCE(jsonb_agg(jsonb_build_object('wait',wait_event,'type',wait_event_type)),'[]')
      180 |       FROM pg_stat_activity WHERE application_name=${quote(name)} AND wait_event_type='Lock'`);
    > 181 |     if (rows.length > 0) { console.warn('PG17_BLOCKED', JSON.stringify({ name, rows })); return; }
          |                                    ^
      182 |     await new Promise((r) => setTimeout(r, 25));
      183 |   }
      184 |   throw new Error('expected observed PostgreSQL lock wait');

      at blocked (test/utils/g2-pg17-harness.ts:181:36)
      at test/rls-g2-pg17-etq0.spec.ts:484:7

  console.warn
    PG17_PROCESS {"name":"g2p17_46","old":false,"options":{},"result":{"intent_id":"intent","staged":1,"reconstructed":1,"skipped":0,"failed":0},"queries":12,"pid":12022}

      158 |       if (code !== 0 || !result) { reject(new Error(`worker exited ${code}: ${output}`)); return; }
      159 |       // Query shapes, outcomes, fixture identifiers and process IDs only; never parameters.
    > 160 |       console.warn('PG17_PROCESS', JSON.stringify({ name, old, options: { ...options, cursor: options.cursor ? '<cursor>' : undefined },
          |               ^
      161 |         result: result.result, failure: result.failure, queries: result.queries.length, pid: result.pid }));
      162 |       resolveDone(result);
      163 |     };

      at settleWorker (test/utils/g2-pg17-harness.ts:160:15)
      at ChildProcess.<anonymous> (test/utils/g2-pg17-harness.ts:165:51)

  console.warn
    PG17_PROCESS {"name":"g2p17_45","old":false,"options":{"pause":"before-ledger"},"result":{"intent_id":"intent","staged":1,"reconstructed":1,"skipped":0,"failed":0},"queries":12,"pid":12006}

      158 |       if (code !== 0 || !result) { reject(new Error(`worker exited ${code}: ${output}`)); return; }
      159 |       // Query shapes, outcomes, fixture identifiers and process IDs only; never parameters.
    > 160 |       console.warn('PG17_PROCESS', JSON.stringify({ name, old, options: { ...options, cursor: options.cursor ? '<cursor>' : undefined },
          |               ^
      161 |         result: result.result, failure: result.failure, queries: result.queries.length, pid: result.pid }));
      162 |       resolveDone(result);
      163 |     };

      at settleWorker (test/utils/g2-pg17-harness.ts:160:15)
      at ChildProcess.<anonymous> (test/utils/g2-pg17-harness.ts:165:51)

  console.warn
    PG17_BLOCKED {"name":"g2p17_48","rows":[{"type":"Lock","wait":"transactionid"}]}

      179 |     const rows = jsonAdmin(`SELECT COALESCE(jsonb_agg(jsonb_build_object('wait',wait_event,'type',wait_event_type)),'[]')
      180 |       FROM pg_stat_activity WHERE application_name=${quote(name)} AND wait_event_type='Lock'`);
    > 181 |     if (rows.length > 0) { console.warn('PG17_BLOCKED', JSON.stringify({ name, rows })); return; }
          |                                    ^
      182 |     await new Promise((r) => setTimeout(r, 25));
      183 |   }
      184 |   throw new Error('expected observed PostgreSQL lock wait');

      at blocked (test/utils/g2-pg17-harness.ts:181:36)
      at test/rls-g2-pg17-etq0.spec.ts:484:7

  console.warn
    PG17_PROCESS {"name":"g2p17_47","old":true,"options":{"pause":"before-ledger"},"result":{"intent_id":"intent","staged":1,"reconstructed":1,"skipped":0,"failed":0},"queries":8,"pid":12078}

      158 |       if (code !== 0 || !result) { reject(new Error(`worker exited ${code}: ${output}`)); return; }
      159 |       // Query shapes, outcomes, fixture identifiers and process IDs only; never parameters.
    > 160 |       console.warn('PG17_PROCESS', JSON.stringify({ name, old, options: { ...options, cursor: options.cursor ? '<cursor>' : undefined },
          |               ^
      161 |         result: result.result, failure: result.failure, queries: result.queries.length, pid: result.pid }));
      162 |       resolveDone(result);
      163 |     };

      at settleWorker (test/utils/g2-pg17-harness.ts:160:15)
      at ChildProcess.<anonymous> (test/utils/g2-pg17-harness.ts:165:51)

  console.warn
    PG17_PROCESS {"name":"g2p17_48","old":false,"options":{},"result":{"intent_id":"intent","staged":1,"reconstructed":1,"skipped":0,"failed":0},"queries":12,"pid":12096}

      158 |       if (code !== 0 || !result) { reject(new Error(`worker exited ${code}: ${output}`)); return; }
      159 |       // Query shapes, outcomes, fixture identifiers and process IDs only; never parameters.
    > 160 |       console.warn('PG17_PROCESS', JSON.stringify({ name, old, options: { ...options, cursor: options.cursor ? '<cursor>' : undefined },
          |               ^
      161 |         result: result.result, failure: result.failure, queries: result.queries.length, pid: result.pid }));
      162 |       resolveDone(result);
      163 |     };

      at settleWorker (test/utils/g2-pg17-harness.ts:160:15)
      at ChildProcess.<anonymous> (test/utils/g2-pg17-harness.ts:165:51)

  console.warn
    PG17_BLOCKED {"name":"g2p17_49","rows":[{"type":"Lock","wait":"advisory"}]}

      179 |     const rows = jsonAdmin(`SELECT COALESCE(jsonb_agg(jsonb_build_object('wait',wait_event,'type',wait_event_type)),'[]')
      180 |       FROM pg_stat_activity WHERE application_name=${quote(name)} AND wait_event_type='Lock'`);
    > 181 |     if (rows.length > 0) { console.warn('PG17_BLOCKED', JSON.stringify({ name, rows })); return; }
          |                                    ^
      182 |     await new Promise((r) => setTimeout(r, 25));
      183 |   }
      184 |   throw new Error('expected observed PostgreSQL lock wait');

      at blocked (test/utils/g2-pg17-harness.ts:181:36)
      at Object.<anonymous> (test/rls-g2-pg17-etq0.spec.ts:505:7)

  console.warn
    PG17_BLOCKED {"name":"g2p17_50","rows":[{"type":"Lock","wait":"advisory"}]}

      179 |     const rows = jsonAdmin(`SELECT COALESCE(jsonb_agg(jsonb_build_object('wait',wait_event,'type',wait_event_type)),'[]')
      180 |       FROM pg_stat_activity WHERE application_name=${quote(name)} AND wait_event_type='Lock'`);
    > 181 |     if (rows.length > 0) { console.warn('PG17_BLOCKED', JSON.stringify({ name, rows })); return; }
          |                                    ^
      182 |     await new Promise((r) => setTimeout(r, 25));
      183 |   }
      184 |   throw new Error('expected observed PostgreSQL lock wait');

      at blocked (test/utils/g2-pg17-harness.ts:181:36)
      at Object.<anonymous> (test/rls-g2-pg17-etq0.spec.ts:506:20)

  console.warn
    PG17_PROCESS {"name":"g2p17_50","old":false,"options":{},"result":{"intent_id":"intent","staged":1,"reconstructed":0,"skipped":1,"failed":0},"queries":11,"pid":12158}

      158 |       if (code !== 0 || !result) { reject(new Error(`worker exited ${code}: ${output}`)); return; }
      159 |       // Query shapes, outcomes, fixture identifiers and process IDs only; never parameters.
    > 160 |       console.warn('PG17_PROCESS', JSON.stringify({ name, old, options: { ...options, cursor: options.cursor ? '<cursor>' : undefined },
          |               ^
      161 |         result: result.result, failure: result.failure, queries: result.queries.length, pid: result.pid }));
      162 |       resolveDone(result);
      163 |     };

      at settleWorker (test/utils/g2-pg17-harness.ts:160:15)
      at ChildProcess.<anonymous> (test/utils/g2-pg17-harness.ts:165:51)

  console.warn
    PG17_PROCESS {"name":"g2p17_49","old":false,"options":{},"result":{"intent_id":"intent","staged":1,"reconstructed":0,"skipped":1,"failed":0},"queries":15,"pid":12157}

      158 |       if (code !== 0 || !result) { reject(new Error(`worker exited ${code}: ${output}`)); return; }
      159 |       // Query shapes, outcomes, fixture identifiers and process IDs only; never parameters.
    > 160 |       console.warn('PG17_PROCESS', JSON.stringify({ name, old, options: { ...options, cursor: options.cursor ? '<cursor>' : undefined },
          |               ^
      161 |         result: result.result, failure: result.failure, queries: result.queries.length, pid: result.pid }));
      162 |       resolveDone(result);
      163 |     };

      at settleWorker (test/utils/g2-pg17-harness.ts:160:15)
      at ChildProcess.<anonymous> (test/utils/g2-pg17-harness.ts:165:51)

  console.warn
    PG17_PROCESS {"name":"g2p17_51","old":false,"options":{"mapper":"skip"},"result":{"intent_id":"intent","staged":1,"reconstructed":0,"skipped":1,"failed":0},"queries":15,"pid":12231}

      158 |       if (code !== 0 || !result) { reject(new Error(`worker exited ${code}: ${output}`)); return; }
      159 |       // Query shapes, outcomes, fixture identifiers and process IDs only; never parameters.
    > 160 |       console.warn('PG17_PROCESS', JSON.stringify({ name, old, options: { ...options, cursor: options.cursor ? '<cursor>' : undefined },
          |               ^
      161 |         result: result.result, failure: result.failure, queries: result.queries.length, pid: result.pid }));
      162 |       resolveDone(result);
      163 |     };

      at settleWorker (test/utils/g2-pg17-harness.ts:160:15)
      at ChildProcess.<anonymous> (test/utils/g2-pg17-harness.ts:165:51)

  console.warn
    PG17_PROCESS {"name":"g2p17_52","old":false,"options":{"mapper":"throw"},"result":{"intent_id":"intent","staged":1,"reconstructed":0,"skipped":0,"failed":1},"queries":15,"pid":12262}

      158 |       if (code !== 0 || !result) { reject(new Error(`worker exited ${code}: ${output}`)); return; }
      159 |       // Query shapes, outcomes, fixture identifiers and process IDs only; never parameters.
    > 160 |       console.warn('PG17_PROCESS', JSON.stringify({ name, old, options: { ...options, cursor: options.cursor ? '<cursor>' : undefined },
          |               ^
      161 |         result: result.result, failure: result.failure, queries: result.queries.length, pid: result.pid }));
      162 |       resolveDone(result);
      163 |     };

      at settleWorker (test/utils/g2-pg17-harness.ts:160:15)
      at ChildProcess.<anonymous> (test/utils/g2-pg17-harness.ts:165:51)

  console.warn
    PG17_PROCESS {"name":"g2p17_53","old":false,"options":{},"result":{"intent_id":"intent","staged":1,"reconstructed":1,"skipped":0,"failed":0},"queries":17,"pid":12297}

      158 |       if (code !== 0 || !result) { reject(new Error(`worker exited ${code}: ${output}`)); return; }
      159 |       // Query shapes, outcomes, fixture identifiers and process IDs only; never parameters.
    > 160 |       console.warn('PG17_PROCESS', JSON.stringify({ name, old, options: { ...options, cursor: options.cursor ? '<cursor>' : undefined },
          |               ^
      161 |         result: result.result, failure: result.failure, queries: result.queries.length, pid: result.pid }));
      162 |       resolveDone(result);
      163 |     };

      at settleWorker (test/utils/g2-pg17-harness.ts:160:15)
      at ChildProcess.<anonymous> (test/utils/g2-pg17-harness.ts:165:51)

  console.warn
    PG17_PROCESS {"name":"g2p17_54","old":false,"options":{},"failure":{"status":500,"message":"Internal server error","code":"P2034"},"queries":11,"pid":12327}

      158 |       if (code !== 0 || !result) { reject(new Error(`worker exited ${code}: ${output}`)); return; }
      159 |       // Query shapes, outcomes, fixture identifiers and process IDs only; never parameters.
    > 160 |       console.warn('PG17_PROCESS', JSON.stringify({ name, old, options: { ...options, cursor: options.cursor ? '<cursor>' : undefined },
          |               ^
      161 |         result: result.result, failure: result.failure, queries: result.queries.length, pid: result.pid }));
      162 |       resolveDone(result);
      163 |     };

      at settleWorker (test/utils/g2-pg17-harness.ts:160:15)
      at ChildProcess.<anonymous> (test/utils/g2-pg17-harness.ts:165:51)

  console.warn
    PG17_BLOCKED {"name":"g2p17_56","rows":[{"type":"Lock","wait":"transactionid"}]}

      179 |     const rows = jsonAdmin(`SELECT COALESCE(jsonb_agg(jsonb_build_object('wait',wait_event,'type',wait_event_type)),'[]')
      180 |       FROM pg_stat_activity WHERE application_name=${quote(name)} AND wait_event_type='Lock'`);
    > 181 |     if (rows.length > 0) { console.warn('PG17_BLOCKED', JSON.stringify({ name, rows })); return; }
          |                                    ^
      182 |     await new Promise((r) => setTimeout(r, 25));
      183 |   }
      184 |   throw new Error('expected observed PostgreSQL lock wait');

      at blocked (test/utils/g2-pg17-harness.ts:181:36)
      at test/rls-g2-pg17-etq0.spec.ts:566:7

  console.warn
    PG17_PROCESS {"name":"g2p17_55","old":false,"options":{"pause":"claimed"},"result":{"intent_id":"intent","staged":1,"reconstructed":1,"skipped":0,"failed":0},"queries":12,"pid":12355}

      158 |       if (code !== 0 || !result) { reject(new Error(`worker exited ${code}: ${output}`)); return; }
      159 |       // Query shapes, outcomes, fixture identifiers and process IDs only; never parameters.
    > 160 |       console.warn('PG17_PROCESS', JSON.stringify({ name, old, options: { ...options, cursor: options.cursor ? '<cursor>' : undefined },
          |               ^
      161 |         result: result.result, failure: result.failure, queries: result.queries.length, pid: result.pid }));
      162 |       resolveDone(result);
      163 |     };

      at settleWorker (test/utils/g2-pg17-harness.ts:160:15)
      at ChildProcess.<anonymous> (test/utils/g2-pg17-harness.ts:165:51)

  console.warn
    PG17_PROCESS {"name":"g2p17_56","old":false,"options":{},"result":{"intent_id":"intent","staged":1,"reconstructed":1,"skipped":0,"failed":0},"queries":18,"pid":12373}

      158 |       if (code !== 0 || !result) { reject(new Error(`worker exited ${code}: ${output}`)); return; }
      159 |       // Query shapes, outcomes, fixture identifiers and process IDs only; never parameters.
    > 160 |       console.warn('PG17_PROCESS', JSON.stringify({ name, old, options: { ...options, cursor: options.cursor ? '<cursor>' : undefined },
          |               ^
      161 |         result: result.result, failure: result.failure, queries: result.queries.length, pid: result.pid }));
      162 |       resolveDone(result);
      163 |     };

      at settleWorker (test/utils/g2-pg17-harness.ts:160:15)
      at ChildProcess.<anonymous> (test/utils/g2-pg17-harness.ts:165:51)

  console.warn
    PG17_BLOCKED {"name":"g2p17_58","rows":[{"type":"Lock","wait":"transactionid"}]}

      179 |     const rows = jsonAdmin(`SELECT COALESCE(jsonb_agg(jsonb_build_object('wait',wait_event,'type',wait_event_type)),'[]')
      180 |       FROM pg_stat_activity WHERE application_name=${quote(name)} AND wait_event_type='Lock'`);
    > 181 |     if (rows.length > 0) { console.warn('PG17_BLOCKED', JSON.stringify({ name, rows })); return; }
          |                                    ^
      182 |     await new Promise((r) => setTimeout(r, 25));
      183 |   }
      184 |   throw new Error('expected observed PostgreSQL lock wait');

      at blocked (test/utils/g2-pg17-harness.ts:181:36)
      at test/rls-g2-pg17-etq0.spec.ts:566:7

  console.warn
    PG17_PROCESS {"name":"g2p17_58","old":true,"options":{},"result":{"intent_id":"intent","staged":1,"reconstructed":0,"skipped":0,"failed":1},"queries":8,"pid":12450}

      158 |       if (code !== 0 || !result) { reject(new Error(`worker exited ${code}: ${output}`)); return; }
      159 |       // Query shapes, outcomes, fixture identifiers and process IDs only; never parameters.
    > 160 |       console.warn('PG17_PROCESS', JSON.stringify({ name, old, options: { ...options, cursor: options.cursor ? '<cursor>' : undefined },
          |               ^
      161 |         result: result.result, failure: result.failure, queries: result.queries.length, pid: result.pid }));
      162 |       resolveDone(result);
      163 |     };

      at settleWorker (test/utils/g2-pg17-harness.ts:160:15)
      at ChildProcess.<anonymous> (test/utils/g2-pg17-harness.ts:165:51)

  console.warn
    PG17_PROCESS {"name":"g2p17_57","old":false,"options":{"pause":"claimed"},"result":{"intent_id":"intent","staged":1,"reconstructed":0,"skipped":0,"failed":1},"queries":12,"pid":12431}

      158 |       if (code !== 0 || !result) { reject(new Error(`worker exited ${code}: ${output}`)); return; }
      159 |       // Query shapes, outcomes, fixture identifiers and process IDs only; never parameters.
    > 160 |       console.warn('PG17_PROCESS', JSON.stringify({ name, old, options: { ...options, cursor: options.cursor ? '<cursor>' : undefined },
          |               ^
      161 |         result: result.result, failure: result.failure, queries: result.queries.length, pid: result.pid }));
      162 |       resolveDone(result);
      163 |     };

      at settleWorker (test/utils/g2-pg17-harness.ts:160:15)
      at ChildProcess.<anonymous> (test/utils/g2-pg17-harness.ts:165:51)

  console.warn
    PG17_BLOCKED {"name":"g2p17_60","rows":[{"type":"Lock","wait":"transactionid"}]}

      179 |     const rows = jsonAdmin(`SELECT COALESCE(jsonb_agg(jsonb_build_object('wait',wait_event,'type',wait_event_type)),'[]')
      180 |       FROM pg_stat_activity WHERE application_name=${quote(name)} AND wait_event_type='Lock'`);
    > 181 |     if (rows.length > 0) { console.warn('PG17_BLOCKED', JSON.stringify({ name, rows })); return; }
          |                                    ^
      182 |     await new Promise((r) => setTimeout(r, 25));
      183 |   }
      184 |   throw new Error('expected observed PostgreSQL lock wait');

      at blocked (test/utils/g2-pg17-harness.ts:181:36)
      at test/rls-g2-pg17-etq0.spec.ts:582:7

  console.warn
    PG17_PROCESS {"name":"g2p17_59","old":false,"options":{"pause":"claimed"},"result":{"intent_id":"intent","staged":1,"reconstructed":1,"skipped":0,"failed":0},"queries":12,"pid":12506}

      158 |       if (code !== 0 || !result) { reject(new Error(`worker exited ${code}: ${output}`)); return; }
      159 |       // Query shapes, outcomes, fixture identifiers and process IDs only; never parameters.
    > 160 |       console.warn('PG17_PROCESS', JSON.stringify({ name, old, options: { ...options, cursor: options.cursor ? '<cursor>' : undefined },
          |               ^
      161 |         result: result.result, failure: result.failure, queries: result.queries.length, pid: result.pid }));
      162 |       resolveDone(result);
      163 |     };

      at settleWorker (test/utils/g2-pg17-harness.ts:160:15)
      at ChildProcess.<anonymous> (test/utils/g2-pg17-harness.ts:165:51)

  console.warn
    PG17_PROCESS {"name":"g2p17_60","old":false,"options":{"mapper":"skip"},"result":{"intent_id":"intent","staged":1,"reconstructed":1,"skipped":0,"failed":0},"queries":15,"pid":12522}

      158 |       if (code !== 0 || !result) { reject(new Error(`worker exited ${code}: ${output}`)); return; }
      159 |       // Query shapes, outcomes, fixture identifiers and process IDs only; never parameters.
    > 160 |       console.warn('PG17_PROCESS', JSON.stringify({ name, old, options: { ...options, cursor: options.cursor ? '<cursor>' : undefined },
          |               ^
      161 |         result: result.result, failure: result.failure, queries: result.queries.length, pid: result.pid }));
      162 |       resolveDone(result);
      163 |     };

      at settleWorker (test/utils/g2-pg17-harness.ts:160:15)
      at ChildProcess.<anonymous> (test/utils/g2-pg17-harness.ts:165:51)

  console.warn
    PG17_BLOCKED {"name":"g2p17_62","rows":[{"type":"Lock","wait":"transactionid"}]}

      179 |     const rows = jsonAdmin(`SELECT COALESCE(jsonb_agg(jsonb_build_object('wait',wait_event,'type',wait_event_type)),'[]')
      180 |       FROM pg_stat_activity WHERE application_name=${quote(name)} AND wait_event_type='Lock'`);
    > 181 |     if (rows.length > 0) { console.warn('PG17_BLOCKED', JSON.stringify({ name, rows })); return; }
          |                                    ^
      182 |     await new Promise((r) => setTimeout(r, 25));
      183 |   }
      184 |   throw new Error('expected observed PostgreSQL lock wait');

      at blocked (test/utils/g2-pg17-harness.ts:181:36)
      at test/rls-g2-pg17-etq0.spec.ts:582:7

  console.warn
    PG17_PROCESS {"name":"g2p17_61","old":false,"options":{"pause":"claimed"},"result":{"intent_id":"intent","staged":1,"reconstructed":0,"skipped":1,"failed":0},"queries":12,"pid":12580}

      158 |       if (code !== 0 || !result) { reject(new Error(`worker exited ${code}: ${output}`)); return; }
      159 |       // Query shapes, outcomes, fixture identifiers and process IDs only; never parameters.
    > 160 |       console.warn('PG17_PROCESS', JSON.stringify({ name, old, options: { ...options, cursor: options.cursor ? '<cursor>' : undefined },
          |               ^
      161 |         result: result.result, failure: result.failure, queries: result.queries.length, pid: result.pid }));
      162 |       resolveDone(result);
      163 |     };

      at settleWorker (test/utils/g2-pg17-harness.ts:160:15)
      at ChildProcess.<anonymous> (test/utils/g2-pg17-harness.ts:165:51)

  console.warn
    PG17_PROCESS {"name":"g2p17_62","old":true,"options":{"mapper":"skip"},"result":{"intent_id":"intent","staged":1,"reconstructed":0,"skipped":1,"failed":0},"queries":5,"pid":12596}

      158 |       if (code !== 0 || !result) { reject(new Error(`worker exited ${code}: ${output}`)); return; }
      159 |       // Query shapes, outcomes, fixture identifiers and process IDs only; never parameters.
    > 160 |       console.warn('PG17_PROCESS', JSON.stringify({ name, old, options: { ...options, cursor: options.cursor ? '<cursor>' : undefined },
          |               ^
      161 |         result: result.result, failure: result.failure, queries: result.queries.length, pid: result.pid }));
      162 |       resolveDone(result);
      163 |     };

      at settleWorker (test/utils/g2-pg17-harness.ts:160:15)
      at ChildProcess.<anonymous> (test/utils/g2-pg17-harness.ts:165:51)

  console.warn
    PG17_PROCESS {"name":"g2p17_64","old":false,"options":{"mapper":"skip"},"result":{"intent_id":"intent","staged":1,"reconstructed":0,"skipped":1,"failed":0},"queries":11,"pid":12676}

      158 |       if (code !== 0 || !result) { reject(new Error(`worker exited ${code}: ${output}`)); return; }
      159 |       // Query shapes, outcomes, fixture identifiers and process IDs only; never parameters.
    > 160 |       console.warn('PG17_PROCESS', JSON.stringify({ name, old, options: { ...options, cursor: options.cursor ? '<cursor>' : undefined },
          |               ^
      161 |         result: result.result, failure: result.failure, queries: result.queries.length, pid: result.pid }));
      162 |       resolveDone(result);
      163 |     };

      at settleWorker (test/utils/g2-pg17-harness.ts:160:15)
      at ChildProcess.<anonymous> (test/utils/g2-pg17-harness.ts:165:51)

  console.warn
    PG17_PROCESS {"name":"g2p17_63","old":false,"options":{"pause":"before-ledger"},"result":{"intent_id":"intent","staged":1,"reconstructed":1,"skipped":0,"failed":0},"queries":12,"pid":12650}

      158 |       if (code !== 0 || !result) { reject(new Error(`worker exited ${code}: ${output}`)); return; }
      159 |       // Query shapes, outcomes, fixture identifiers and process IDs only; never parameters.
    > 160 |       console.warn('PG17_PROCESS', JSON.stringify({ name, old, options: { ...options, cursor: options.cursor ? '<cursor>' : undefined },
          |               ^
      161 |         result: result.result, failure: result.failure, queries: result.queries.length, pid: result.pid }));
      162 |       resolveDone(result);
      163 |     };

      at settleWorker (test/utils/g2-pg17-harness.ts:160:15)
      at ChildProcess.<anonymous> (test/utils/g2-pg17-harness.ts:165:51)

  console.warn
    PG17_PROCESS {"name":"g2p17_66","old":false,"options":{"mapper":"throw"},"result":{"intent_id":"intent","staged":1,"reconstructed":0,"skipped":0,"failed":1},"queries":11,"pid":12719}

      158 |       if (code !== 0 || !result) { reject(new Error(`worker exited ${code}: ${output}`)); return; }
      159 |       // Query shapes, outcomes, fixture identifiers and process IDs only; never parameters.
    > 160 |       console.warn('PG17_PROCESS', JSON.stringify({ name, old, options: { ...options, cursor: options.cursor ? '<cursor>' : undefined },
          |               ^
      161 |         result: result.result, failure: result.failure, queries: result.queries.length, pid: result.pid }));
      162 |       resolveDone(result);
      163 |     };

      at settleWorker (test/utils/g2-pg17-harness.ts:160:15)
      at ChildProcess.<anonymous> (test/utils/g2-pg17-harness.ts:165:51)

  console.warn
    PG17_PROCESS {"name":"g2p17_65","old":false,"options":{"pause":"before-ledger"},"result":{"intent_id":"intent","staged":1,"reconstructed":1,"skipped":0,"failed":0},"queries":12,"pid":12702}

      158 |       if (code !== 0 || !result) { reject(new Error(`worker exited ${code}: ${output}`)); return; }
      159 |       // Query shapes, outcomes, fixture identifiers and process IDs only; never parameters.
    > 160 |       console.warn('PG17_PROCESS', JSON.stringify({ name, old, options: { ...options, cursor: options.cursor ? '<cursor>' : undefined },
          |               ^
      161 |         result: result.result, failure: result.failure, queries: result.queries.length, pid: result.pid }));
      162 |       resolveDone(result);
      163 |     };

      at settleWorker (test/utils/g2-pg17-harness.ts:160:15)
      at ChildProcess.<anonymous> (test/utils/g2-pg17-harness.ts:165:51)

  console.warn
    PG17_BLOCKED {"name":"g2p17_68","rows":[{"type":"Lock","wait":"transactionid"}]}

      179 |     const rows = jsonAdmin(`SELECT COALESCE(jsonb_agg(jsonb_build_object('wait',wait_event,'type',wait_event_type)),'[]')
      180 |       FROM pg_stat_activity WHERE application_name=${quote(name)} AND wait_event_type='Lock'`);
    > 181 |     if (rows.length > 0) { console.warn('PG17_BLOCKED', JSON.stringify({ name, rows })); return; }
          |                                    ^
      182 |     await new Promise((r) => setTimeout(r, 25));
      183 |   }
      184 |   throw new Error('expected observed PostgreSQL lock wait');

      at blocked (test/utils/g2-pg17-harness.ts:181:36)
      at Object.<anonymous> (test/rls-g2-pg17-etq0.spec.ts:611:7)

  console.warn
    PG17_PROCESS {"name":"g2p17_68","old":false,"options":{},"failure":{"status":409,"message":"reconstruction provenance conflict"},"queries":10,"pid":12766}

      158 |       if (code !== 0 || !result) { reject(new Error(`worker exited ${code}: ${output}`)); return; }
      159 |       // Query shapes, outcomes, fixture identifiers and process IDs only; never parameters.
    > 160 |       console.warn('PG17_PROCESS', JSON.stringify({ name, old, options: { ...options, cursor: options.cursor ? '<cursor>' : undefined },
          |               ^
      161 |         result: result.result, failure: result.failure, queries: result.queries.length, pid: result.pid }));
      162 |       resolveDone(result);
      163 |     };

      at settleWorker (test/utils/g2-pg17-harness.ts:160:15)
      at ChildProcess.<anonymous> (test/utils/g2-pg17-harness.ts:165:51)

  console.warn
    PG17_PROCESS {"name":"g2p17_67","old":false,"options":{"pause":"claimed"},"result":{"intent_id":"intent","staged":1,"reconstructed":1,"skipped":0,"failed":0},"queries":12,"pid":12747}

      158 |       if (code !== 0 || !result) { reject(new Error(`worker exited ${code}: ${output}`)); return; }
      159 |       // Query shapes, outcomes, fixture identifiers and process IDs only; never parameters.
    > 160 |       console.warn('PG17_PROCESS', JSON.stringify({ name, old, options: { ...options, cursor: options.cursor ? '<cursor>' : undefined },
          |               ^
      161 |         result: result.result, failure: result.failure, queries: result.queries.length, pid: result.pid }));
      162 |       resolveDone(result);
      163 |     };

      at settleWorker (test/utils/g2-pg17-harness.ts:160:15)
      at ChildProcess.<anonymous> (test/utils/g2-pg17-harness.ts:165:51)

  console.warn
    PG17_PROCESS {"name":"g2p17_69","old":false,"options":{"family":"clients"},"result":{"intent_id":"intent","staged":3,"reconstructed":3,"skipped":0,"failed":0},"queries":28,"pid":12822}

      158 |       if (code !== 0 || !result) { reject(new Error(`worker exited ${code}: ${output}`)); return; }
      159 |       // Query shapes, outcomes, fixture identifiers and process IDs only; never parameters.
    > 160 |       console.warn('PG17_PROCESS', JSON.stringify({ name, old, options: { ...options, cursor: options.cursor ? '<cursor>' : undefined },
          |               ^
      161 |         result: result.result, failure: result.failure, queries: result.queries.length, pid: result.pid }));
      162 |       resolveDone(result);
      163 |     };

      at settleWorker (test/utils/g2-pg17-harness.ts:160:15)
      at ChildProcess.<anonymous> (test/utils/g2-pg17-harness.ts:165:51)

  console.warn
    PG17_PROCESS {"name":"g2p17_70","old":false,"options":{"action":"roster","family":"clients"},"result":{"intent_id":"intent","accounting":{"staged":3,"reconstructed":3,"skipped":0,"failed":0},"persons":[{"id":"442883e0-c473-473f-82cf-a3e015f14b52","state":"InvitePending","source_platform":"truecoach","source_person_id":"a","display_name":"Synthetic A","created_at":"2026-09-20T18:30:20.738Z","updated_at":"2026-09-20T18:30:20.738Z"}],"page":{"limit":1,"next_cursor":"YQ","has_more":true}},"queries":8,"pid":12842}

      158 |       if (code !== 0 || !result) { reject(new Error(`worker exited ${code}: ${output}`)); return; }
      159 |       // Query shapes, outcomes, fixture identifiers and process IDs only; never parameters.
    > 160 |       console.warn('PG17_PROCESS', JSON.stringify({ name, old, options: { ...options, cursor: options.cursor ? '<cursor>' : undefined },
          |               ^
      161 |         result: result.result, failure: result.failure, queries: result.queries.length, pid: result.pid }));
      162 |       resolveDone(result);
      163 |     };

      at settleWorker (test/utils/g2-pg17-harness.ts:160:15)
      at ChildProcess.<anonymous> (test/utils/g2-pg17-harness.ts:165:51)

  console.warn
    PG17_PROCESS {"name":"g2p17_71","old":false,"options":{"action":"roster","family":"clients","cursor":"<cursor>"},"result":{"intent_id":"intent","accounting":{"staged":3,"reconstructed":3,"skipped":0,"failed":0},"persons":[{"id":"c956d243-693e-4da4-b61c-3f3dc26b2165","state":"InvitePending","source_platform":"truecoach","source_person_id":"b","display_name":"Synthetic A","created_at":"2026-09-20T18:30:20.744Z","updated_at":"2026-09-20T18:30:20.744Z"}],"page":{"limit":1,"next_cursor":"Yg","has_more":true}},"queries":8,"pid":12858}

      158 |       if (code !== 0 || !result) { reject(new Error(`worker exited ${code}: ${output}`)); return; }
      159 |       // Query shapes, outcomes, fixture identifiers and process IDs only; never parameters.
    > 160 |       console.warn('PG17_PROCESS', JSON.stringify({ name, old, options: { ...options, cursor: options.cursor ? '<cursor>' : undefined },
          |               ^
      161 |         result: result.result, failure: result.failure, queries: result.queries.length, pid: result.pid }));
      162 |       resolveDone(result);
      163 |     };

      at settleWorker (test/utils/g2-pg17-harness.ts:160:15)
      at ChildProcess.<anonymous> (test/utils/g2-pg17-harness.ts:165:51)

  console.warn
    PG17_PROCESS {"name":"g2p17_72","old":false,"options":{"action":"roster","family":"clients","cursor":"<cursor>"},"result":{"intent_id":"intent","accounting":{"staged":3,"reconstructed":3,"skipped":0,"failed":0},"persons":[{"id":"b8aaa436-4071-4e8b-be06-dc326f46cd4e","state":"InvitePending","source_platform":"truecoach","source_person_id":"c","display_name":"Synthetic A","created_at":"2026-09-20T18:30:20.748Z","updated_at":"2026-09-20T18:30:20.748Z"}],"page":{"limit":1,"next_cursor":null,"has_more":false}},"queries":8,"pid":12874}

      158 |       if (code !== 0 || !result) { reject(new Error(`worker exited ${code}: ${output}`)); return; }
      159 |       // Query shapes, outcomes, fixture identifiers and process IDs only; never parameters.
    > 160 |       console.warn('PG17_PROCESS', JSON.stringify({ name, old, options: { ...options, cursor: options.cursor ? '<cursor>' : undefined },
          |               ^
      161 |         result: result.result, failure: result.failure, queries: result.queries.length, pid: result.pid }));
      162 |       resolveDone(result);
      163 |     };

      at settleWorker (test/utils/g2-pg17-harness.ts:160:15)
      at ChildProcess.<anonymous> (test/utils/g2-pg17-harness.ts:165:51)

  console.warn
    PG17_PROCESS {"name":"g2p17_73","old":false,"options":{"action":"roster","family":"clients","cursor":"<cursor>"},"result":{"intent_id":"intent","accounting":{"staged":3,"reconstructed":3,"skipped":0,"failed":0},"persons":[{"id":"c956d243-693e-4da4-b61c-3f3dc26b2165","state":"InvitePending","source_platform":"truecoach","source_person_id":"b","display_name":"Synthetic A","created_at":"2026-09-20T18:30:20.744Z","updated_at":"2026-09-20T18:30:20.744Z"}],"page":{"limit":1,"next_cursor":"Yg","has_more":true}},"queries":8,"pid":12891}

      158 |       if (code !== 0 || !result) { reject(new Error(`worker exited ${code}: ${output}`)); return; }
      159 |       // Query shapes, outcomes, fixture identifiers and process IDs only; never parameters.
    > 160 |       console.warn('PG17_PROCESS', JSON.stringify({ name, old, options: { ...options, cursor: options.cursor ? '<cursor>' : undefined },
          |               ^
      161 |         result: result.result, failure: result.failure, queries: result.queries.length, pid: result.pid }));
      162 |       resolveDone(result);
      163 |     };

      at settleWorker (test/utils/g2-pg17-harness.ts:160:15)
      at ChildProcess.<anonymous> (test/utils/g2-pg17-harness.ts:165:51)

  console.warn
    PG17_PROCESS {"name":"g2p17_74","old":false,"options":{"action":"roster","family":"clients","coach":"foreign"},"failure":{"status":404,"message":"Not Found"},"queries":4,"pid":12907}

      158 |       if (code !== 0 || !result) { reject(new Error(`worker exited ${code}: ${output}`)); return; }
      159 |       // Query shapes, outcomes, fixture identifiers and process IDs only; never parameters.
    > 160 |       console.warn('PG17_PROCESS', JSON.stringify({ name, old, options: { ...options, cursor: options.cursor ? '<cursor>' : undefined },
          |               ^
      161 |         result: result.result, failure: result.failure, queries: result.queries.length, pid: result.pid }));
      162 |       resolveDone(result);
      163 |     };

      at settleWorker (test/utils/g2-pg17-harness.ts:160:15)
      at ChildProcess.<anonymous> (test/utils/g2-pg17-harness.ts:165:51)

  console.warn
    PG17_PROCESS {"name":"g2p17_75","old":false,"options":{"action":"roster","family":"clients","cursor":"<cursor>"},"failure":{"status":400,"message":"malformed cursor"},"queries":0,"pid":12923}

      158 |       if (code !== 0 || !result) { reject(new Error(`worker exited ${code}: ${output}`)); return; }
      159 |       // Query shapes, outcomes, fixture identifiers and process IDs only; never parameters.
    > 160 |       console.warn('PG17_PROCESS', JSON.stringify({ name, old, options: { ...options, cursor: options.cursor ? '<cursor>' : undefined },
          |               ^
      161 |         result: result.result, failure: result.failure, queries: result.queries.length, pid: result.pid }));
      162 |       resolveDone(result);
      163 |     };

      at settleWorker (test/utils/g2-pg17-harness.ts:160:15)
      at ChildProcess.<anonymous> (test/utils/g2-pg17-harness.ts:165:51)

  console.warn
    PG17_PROCESS {"name":"g2p17_76","old":false,"options":{"action":"roster","family":"clients","cursor":"<cursor>","limit":200},"result":{"intent_id":"intent","accounting":{"staged":3,"reconstructed":3,"skipped":0,"failed":0},"persons":[{"id":"c956d243-693e-4da4-b61c-3f3dc26b2165","state":"InvitePending","source_platform":"truecoach","source_person_id":"b","display_name":"Synthetic A","created_at":"2026-09-20T18:30:20.744Z","updated_at":"2026-09-20T18:30:20.744Z"},{"id":"b8aaa436-4071-4e8b-be06-dc326f46cd4e","state":"InvitePending","source_platform":"truecoach","source_person_id":"c","display_name":"Synthetic A","created_at":"2026-09-20T18:30:20.748Z","updated_at":"2026-09-20T18:30:20.748Z"}],"page":{"limit":200,"next_cursor":null,"has_more":false}},"queries":8,"pid":12938}

      158 |       if (code !== 0 || !result) { reject(new Error(`worker exited ${code}: ${output}`)); return; }
      159 |       // Query shapes, outcomes, fixture identifiers and process IDs only; never parameters.
    > 160 |       console.warn('PG17_PROCESS', JSON.stringify({ name, old, options: { ...options, cursor: options.cursor ? '<cursor>' : undefined },
          |               ^
      161 |         result: result.result, failure: result.failure, queries: result.queries.length, pid: result.pid }));
      162 |       resolveDone(result);
      163 |     };

      at settleWorker (test/utils/g2-pg17-harness.ts:160:15)
      at ChildProcess.<anonymous> (test/utils/g2-pg17-harness.ts:165:51)

  console.warn
    PG17_PROCESS {"name":"g2p17_77","old":false,"options":{"action":"roster","family":"clients","cursor":"<cursor>","limit":2},"result":{"intent_id":"intent","accounting":{"staged":3,"reconstructed":3,"skipped":0,"failed":0},"persons":[],"page":{"limit":2,"next_cursor":null,"has_more":false}},"queries":8,"pid":12956}

      158 |       if (code !== 0 || !result) { reject(new Error(`worker exited ${code}: ${output}`)); return; }
      159 |       // Query shapes, outcomes, fixture identifiers and process IDs only; never parameters.
    > 160 |       console.warn('PG17_PROCESS', JSON.stringify({ name, old, options: { ...options, cursor: options.cursor ? '<cursor>' : undefined },
          |               ^
      161 |         result: result.result, failure: result.failure, queries: result.queries.length, pid: result.pid }));
      162 |       resolveDone(result);
      163 |     };

      at settleWorker (test/utils/g2-pg17-harness.ts:160:15)
      at ChildProcess.<anonymous> (test/utils/g2-pg17-harness.ts:165:51)

  console.warn
    PG17_PROCESS {"name":"g2p17_78","old":false,"options":{"action":"roster","family":"clients","limit":200},"result":{"intent_id":"intent","accounting":{"staged":3,"reconstructed":3,"skipped":0,"failed":0},"persons":[],"page":{"limit":200,"next_cursor":null,"has_more":false}},"queries":8,"pid":12974}

      158 |       if (code !== 0 || !result) { reject(new Error(`worker exited ${code}: ${output}`)); return; }
      159 |       // Query shapes, outcomes, fixture identifiers and process IDs only; never parameters.
    > 160 |       console.warn('PG17_PROCESS', JSON.stringify({ name, old, options: { ...options, cursor: options.cursor ? '<cursor>' : undefined },
          |               ^
      161 |         result: result.result, failure: result.failure, queries: result.queries.length, pid: result.pid }));
      162 |       resolveDone(result);
      163 |     };

      at settleWorker (test/utils/g2-pg17-harness.ts:160:15)
      at ChildProcess.<anonymous> (test/utils/g2-pg17-harness.ts:165:51)

  console.warn
    PG17_PROCESS {"name":"g2p17_79","old":false,"options":{"family":"workouts"},"result":{"intent_id":"intent","staged":3,"reconstructed":3,"skipped":0,"failed":0},"queries":28,"pid":13001}

      158 |       if (code !== 0 || !result) { reject(new Error(`worker exited ${code}: ${output}`)); return; }
      159 |       // Query shapes, outcomes, fixture identifiers and process IDs only; never parameters.
    > 160 |       console.warn('PG17_PROCESS', JSON.stringify({ name, old, options: { ...options, cursor: options.cursor ? '<cursor>' : undefined },
          |               ^
      161 |         result: result.result, failure: result.failure, queries: result.queries.length, pid: result.pid }));
      162 |       resolveDone(result);
      163 |     };

      at settleWorker (test/utils/g2-pg17-harness.ts:160:15)
      at ChildProcess.<anonymous> (test/utils/g2-pg17-harness.ts:165:51)

  console.warn
    PG17_PROCESS {"name":"g2p17_80","old":false,"options":{"action":"entities","family":"workouts"},"result":{"intent_id":"intent","family":"workouts","entities":[{"id":"4a6cd9af-71e0-4ed6-b6d9-a93655005f04","source_platform":"truecoach","entity_type":"workouts","source_id":"a","client_source_id":"client-new","label":"Synthetic A","created_at":"2026-09-20T18:30:29.456Z","updated_at":"2026-09-20T18:30:29.456Z"}],"page_count":1,"next_cursor":"eyJjIjoiY29hY2giLCJpIjoiaW50ZW50IiwiZiI6IndvcmtvdXRzIiwibyI6InNvdXJjZV9pZDphc2MiLCJzIjoiYSJ9"},"queries":6,"pid":13021}

      158 |       if (code !== 0 || !result) { reject(new Error(`worker exited ${code}: ${output}`)); return; }
      159 |       // Query shapes, outcomes, fixture identifiers and process IDs only; never parameters.
    > 160 |       console.warn('PG17_PROCESS', JSON.stringify({ name, old, options: { ...options, cursor: options.cursor ? '<cursor>' : undefined },
          |               ^
      161 |         result: result.result, failure: result.failure, queries: result.queries.length, pid: result.pid }));
      162 |       resolveDone(result);
      163 |     };

      at settleWorker (test/utils/g2-pg17-harness.ts:160:15)
      at ChildProcess.<anonymous> (test/utils/g2-pg17-harness.ts:165:51)

  console.warn
    PG17_PROCESS {"name":"g2p17_81","old":false,"options":{"action":"entities","family":"workouts","cursor":"<cursor>"},"result":{"intent_id":"intent","family":"workouts","entities":[{"id":"d0233c3e-37aa-4bf3-b017-f23782c4d4e7","source_platform":"truecoach","entity_type":"workouts","source_id":"b","client_source_id":"client-new","label":"Synthetic A","created_at":"2026-09-20T18:30:29.462Z","updated_at":"2026-09-20T18:30:29.462Z"}],"page_count":1,"next_cursor":"eyJjIjoiY29hY2giLCJpIjoiaW50ZW50IiwiZiI6IndvcmtvdXRzIiwibyI6InNvdXJjZV9pZDphc2MiLCJzIjoiYiJ9"},"queries":6,"pid":13037}

      158 |       if (code !== 0 || !result) { reject(new Error(`worker exited ${code}: ${output}`)); return; }
      159 |       // Query shapes, outcomes, fixture identifiers and process IDs only; never parameters.
    > 160 |       console.warn('PG17_PROCESS', JSON.stringify({ name, old, options: { ...options, cursor: options.cursor ? '<cursor>' : undefined },
          |               ^
      161 |         result: result.result, failure: result.failure, queries: result.queries.length, pid: result.pid }));
      162 |       resolveDone(result);
      163 |     };

      at settleWorker (test/utils/g2-pg17-harness.ts:160:15)
      at ChildProcess.<anonymous> (test/utils/g2-pg17-harness.ts:165:51)

  console.warn
    PG17_PROCESS {"name":"g2p17_82","old":false,"options":{"action":"entities","family":"workouts","cursor":"<cursor>"},"result":{"intent_id":"intent","family":"workouts","entities":[{"id":"dd19dfd9-c9e3-43d6-bed8-83aedb6e6adf","source_platform":"truecoach","entity_type":"workouts","source_id":"c","client_source_id":"client-new","label":"Synthetic A","created_at":"2026-09-20T18:30:29.466Z","updated_at":"2026-09-20T18:30:29.466Z"}],"page_count":1,"next_cursor":null},"queries":6,"pid":13054}

      158 |       if (code !== 0 || !result) { reject(new Error(`worker exited ${code}: ${output}`)); return; }
      159 |       // Query shapes, outcomes, fixture identifiers and process IDs only; never parameters.
    > 160 |       console.warn('PG17_PROCESS', JSON.stringify({ name, old, options: { ...options, cursor: options.cursor ? '<cursor>' : undefined },
          |               ^
      161 |         result: result.result, failure: result.failure, queries: result.queries.length, pid: result.pid }));
      162 |       resolveDone(result);
      163 |     };

      at settleWorker (test/utils/g2-pg17-harness.ts:160:15)
      at ChildProcess.<anonymous> (test/utils/g2-pg17-harness.ts:165:51)

  console.warn
    PG17_PROCESS {"name":"g2p17_83","old":false,"options":{"action":"entities","family":"workouts","cursor":"<cursor>"},"result":{"intent_id":"intent","family":"workouts","entities":[{"id":"d0233c3e-37aa-4bf3-b017-f23782c4d4e7","source_platform":"truecoach","entity_type":"workouts","source_id":"b","client_source_id":"client-new","label":"Synthetic A","created_at":"2026-09-20T18:30:29.462Z","updated_at":"2026-09-20T18:30:29.462Z"}],"page_count":1,"next_cursor":"eyJjIjoiY29hY2giLCJpIjoiaW50ZW50IiwiZiI6IndvcmtvdXRzIiwibyI6InNvdXJjZV9pZDphc2MiLCJzIjoiYiJ9"},"queries":6,"pid":13070}

      158 |       if (code !== 0 || !result) { reject(new Error(`worker exited ${code}: ${output}`)); return; }
      159 |       // Query shapes, outcomes, fixture identifiers and process IDs only; never parameters.
    > 160 |       console.warn('PG17_PROCESS', JSON.stringify({ name, old, options: { ...options, cursor: options.cursor ? '<cursor>' : undefined },
          |               ^
      161 |         result: result.result, failure: result.failure, queries: result.queries.length, pid: result.pid }));
      162 |       resolveDone(result);
      163 |     };

      at settleWorker (test/utils/g2-pg17-harness.ts:160:15)
      at ChildProcess.<anonymous> (test/utils/g2-pg17-harness.ts:165:51)

  console.warn
    PG17_PROCESS {"name":"g2p17_84","old":false,"options":{"action":"entities","family":"workouts","coach":"foreign"},"failure":{"status":404,"message":"Not Found"},"queries":4,"pid":13086}

      158 |       if (code !== 0 || !result) { reject(new Error(`worker exited ${code}: ${output}`)); return; }
      159 |       // Query shapes, outcomes, fixture identifiers and process IDs only; never parameters.
    > 160 |       console.warn('PG17_PROCESS', JSON.stringify({ name, old, options: { ...options, cursor: options.cursor ? '<cursor>' : undefined },
          |               ^
      161 |         result: result.result, failure: result.failure, queries: result.queries.length, pid: result.pid }));
      162 |       resolveDone(result);
      163 |     };

      at settleWorker (test/utils/g2-pg17-harness.ts:160:15)
      at ChildProcess.<anonymous> (test/utils/g2-pg17-harness.ts:165:51)

  console.warn
    PG17_PROCESS {"name":"g2p17_85","old":false,"options":{"action":"entities","family":"workouts","cursor":"<cursor>"},"failure":{"status":400,"message":"malformed cursor"},"queries":0,"pid":13102}

      158 |       if (code !== 0 || !result) { reject(new Error(`worker exited ${code}: ${output}`)); return; }
      159 |       // Query shapes, outcomes, fixture identifiers and process IDs only; never parameters.
    > 160 |       console.warn('PG17_PROCESS', JSON.stringify({ name, old, options: { ...options, cursor: options.cursor ? '<cursor>' : undefined },
          |               ^
      161 |         result: result.result, failure: result.failure, queries: result.queries.length, pid: result.pid }));
      162 |       resolveDone(result);
      163 |     };

      at settleWorker (test/utils/g2-pg17-harness.ts:160:15)
      at ChildProcess.<anonymous> (test/utils/g2-pg17-harness.ts:165:51)

  console.warn
    PG17_PROCESS {"name":"g2p17_86","old":false,"options":{"action":"entities","family":"workouts","cursor":"<cursor>","limit":200},"result":{"intent_id":"intent","family":"workouts","entities":[{"id":"d0233c3e-37aa-4bf3-b017-f23782c4d4e7","source_platform":"truecoach","entity_type":"workouts","source_id":"b","client_source_id":"client-new","label":"Synthetic A","created_at":"2026-09-20T18:30:29.462Z","updated_at":"2026-09-20T18:30:29.462Z"},{"id":"dd19dfd9-c9e3-43d6-bed8-83aedb6e6adf","source_platform":"truecoach","entity_type":"workouts","source_id":"c","client_source_id":"client-new","label":"Synthetic A","created_at":"2026-09-20T18:30:29.466Z","updated_at":"2026-09-20T18:30:29.466Z"}],"page_count":2,"next_cursor":null},"queries":6,"pid":13117}

      158 |       if (code !== 0 || !result) { reject(new Error(`worker exited ${code}: ${output}`)); return; }
      159 |       // Query shapes, outcomes, fixture identifiers and process IDs only; never parameters.
    > 160 |       console.warn('PG17_PROCESS', JSON.stringify({ name, old, options: { ...options, cursor: options.cursor ? '<cursor>' : undefined },
          |               ^
      161 |         result: result.result, failure: result.failure, queries: result.queries.length, pid: result.pid }));
      162 |       resolveDone(result);
      163 |     };

      at settleWorker (test/utils/g2-pg17-harness.ts:160:15)
      at ChildProcess.<anonymous> (test/utils/g2-pg17-harness.ts:165:51)

  console.warn
    PG17_PROCESS {"name":"g2p17_87","old":false,"options":{"action":"entities","family":"workouts","cursor":"<cursor>","limit":2},"result":{"intent_id":"intent","family":"workouts","entities":[],"page_count":0,"next_cursor":null},"queries":6,"pid":13135}

      158 |       if (code !== 0 || !result) { reject(new Error(`worker exited ${code}: ${output}`)); return; }
      159 |       // Query shapes, outcomes, fixture identifiers and process IDs only; never parameters.
    > 160 |       console.warn('PG17_PROCESS', JSON.stringify({ name, old, options: { ...options, cursor: options.cursor ? '<cursor>' : undefined },
          |               ^
      161 |         result: result.result, failure: result.failure, queries: result.queries.length, pid: result.pid }));
      162 |       resolveDone(result);
      163 |     };

      at settleWorker (test/utils/g2-pg17-harness.ts:160:15)
      at ChildProcess.<anonymous> (test/utils/g2-pg17-harness.ts:165:51)

  console.warn
    PG17_PROCESS {"name":"g2p17_88","old":false,"options":{"action":"entities","family":"workouts","limit":200},"result":{"intent_id":"intent","family":"workouts","entities":[],"page_count":0,"next_cursor":null},"queries":6,"pid":13153}

      158 |       if (code !== 0 || !result) { reject(new Error(`worker exited ${code}: ${output}`)); return; }
      159 |       // Query shapes, outcomes, fixture identifiers and process IDs only; never parameters.
    > 160 |       console.warn('PG17_PROCESS', JSON.stringify({ name, old, options: { ...options, cursor: options.cursor ? '<cursor>' : undefined },
          |               ^
      161 |         result: result.result, failure: result.failure, queries: result.queries.length, pid: result.pid }));
      162 |       resolveDone(result);
      163 |     };

      at settleWorker (test/utils/g2-pg17-harness.ts:160:15)
      at ChildProcess.<anonymous> (test/utils/g2-pg17-harness.ts:165:51)

  console.warn
    PG17_PROCESS {"name":"g2p17_89","old":false,"options":{"family":"clients"},"result":{"intent_id":"intent","staged":4,"reconstructed":4,"skipped":0,"failed":0},"queries":36,"pid":13181}

      158 |       if (code !== 0 || !result) { reject(new Error(`worker exited ${code}: ${output}`)); return; }
      159 |       // Query shapes, outcomes, fixture identifiers and process IDs only; never parameters.
    > 160 |       console.warn('PG17_PROCESS', JSON.stringify({ name, old, options: { ...options, cursor: options.cursor ? '<cursor>' : undefined },
          |               ^
      161 |         result: result.result, failure: result.failure, queries: result.queries.length, pid: result.pid }));
      162 |       resolveDone(result);
      163 |     };

      at settleWorker (test/utils/g2-pg17-harness.ts:160:15)
      at ChildProcess.<anonymous> (test/utils/g2-pg17-harness.ts:165:51)

  console.warn
    PG17_PROCESS {"name":"g2p17_90","old":false,"options":{"action":"roster","family":"clients","cursor":"<cursor>"},"result":{"intent_id":"intent","accounting":{"staged":4,"reconstructed":4,"skipped":0,"failed":0},"persons":[{"id":"9e8cf577-6b77-47e6-ab41-e8d14af888d2","state":"InvitePending","source_platform":"truecoach","source_person_id":"b","display_name":"Synthetic A","created_at":"2026-09-20T18:30:38.540Z","updated_at":"2026-09-20T18:30:38.540Z"}],"page":{"limit":1,"next_cursor":"YQ","has_more":true}},"queries":8,"pid":13204}

      158 |       if (code !== 0 || !result) { reject(new Error(`worker exited ${code}: ${output}`)); return; }
      159 |       // Query shapes, outcomes, fixture identifiers and process IDs only; never parameters.
    > 160 |       console.warn('PG17_PROCESS', JSON.stringify({ name, old, options: { ...options, cursor: options.cursor ? '<cursor>' : undefined },
          |               ^
      161 |         result: result.result, failure: result.failure, queries: result.queries.length, pid: result.pid }));
      162 |       resolveDone(result);
      163 |     };

      at settleWorker (test/utils/g2-pg17-harness.ts:160:15)
      at ChildProcess.<anonymous> (test/utils/g2-pg17-harness.ts:165:51)

  console.warn
    PG17_PROCESS {"name":"g2p17_91","old":false,"options":{"action":"roster","family":"clients","cursor":"<cursor>"},"result":{"intent_id":"intent","accounting":{"staged":4,"reconstructed":4,"skipped":0,"failed":0},"persons":[{"id":"68014326-7da6-4190-836c-c87b9dbf7a1d","state":"InvitePending","source_platform":"truecoach","source_person_id":"d","display_name":"Synthetic A","created_at":"2026-09-20T18:30:38.547Z","updated_at":"2026-09-20T18:30:38.547Z"}],"page":{"limit":1,"next_cursor":null,"has_more":false}},"queries":8,"pid":13220}

      158 |       if (code !== 0 || !result) { reject(new Error(`worker exited ${code}: ${output}`)); return; }
      159 |       // Query shapes, outcomes, fixture identifiers and process IDs only; never parameters.
    > 160 |       console.warn('PG17_PROCESS', JSON.stringify({ name, old, options: { ...options, cursor: options.cursor ? '<cursor>' : undefined },
          |               ^
      161 |         result: result.result, failure: result.failure, queries: result.queries.length, pid: result.pid }));
      162 |       resolveDone(result);
      163 |     };

      at settleWorker (test/utils/g2-pg17-harness.ts:160:15)
      at ChildProcess.<anonymous> (test/utils/g2-pg17-harness.ts:165:51)

  console.warn
    PG17_PROCESS {"name":"g2p17_92","old":false,"options":{"action":"roster","family":"clients","cursor":"<cursor>"},"result":{"intent_id":"intent","accounting":{"staged":4,"reconstructed":4,"skipped":0,"failed":0},"persons":[{"id":"d6ad5349-7e39-4195-8243-e01a51cbb563","state":"InvitePending","source_platform":"truecoach","source_person_id":"c","display_name":"Synthetic A","created_at":"2026-09-20T18:30:38.543Z","updated_at":"2026-09-20T18:30:38.543Z"}],"page":{"limit":1,"next_cursor":"YQ","has_more":true}},"queries":8,"pid":13236}

      158 |       if (code !== 0 || !result) { reject(new Error(`worker exited ${code}: ${output}`)); return; }
      159 |       // Query shapes, outcomes, fixture identifiers and process IDs only; never parameters.
    > 160 |       console.warn('PG17_PROCESS', JSON.stringify({ name, old, options: { ...options, cursor: options.cursor ? '<cursor>' : undefined },
          |               ^
      161 |         result: result.result, failure: result.failure, queries: result.queries.length, pid: result.pid }));
      162 |       resolveDone(result);
      163 |     };

      at settleWorker (test/utils/g2-pg17-harness.ts:160:15)
      at ChildProcess.<anonymous> (test/utils/g2-pg17-harness.ts:165:51)

  console.warn
    PG17_PROCESS {"name":"g2p17_93","old":false,"options":{"family":"workouts"},"result":{"intent_id":"intent","staged":4,"reconstructed":4,"skipped":0,"failed":0},"queries":36,"pid":13266}

      158 |       if (code !== 0 || !result) { reject(new Error(`worker exited ${code}: ${output}`)); return; }
      159 |       // Query shapes, outcomes, fixture identifiers and process IDs only; never parameters.
    > 160 |       console.warn('PG17_PROCESS', JSON.stringify({ name, old, options: { ...options, cursor: options.cursor ? '<cursor>' : undefined },
          |               ^
      161 |         result: result.result, failure: result.failure, queries: result.queries.length, pid: result.pid }));
      162 |       resolveDone(result);
      163 |     };

      at settleWorker (test/utils/g2-pg17-harness.ts:160:15)
      at ChildProcess.<anonymous> (test/utils/g2-pg17-harness.ts:165:51)

  console.warn
    PG17_PROCESS {"name":"g2p17_94","old":false,"options":{"action":"entities","family":"workouts","cursor":"<cursor>"},"result":{"intent_id":"intent","family":"workouts","entities":[{"id":"9dc5e51f-aeff-4bff-b385-5b9db4e91a2e","source_platform":"truecoach","entity_type":"workouts","source_id":"b","client_source_id":"client-new","label":"Synthetic A","created_at":"2026-09-20T18:30:43.881Z","updated_at":"2026-09-20T18:30:43.881Z"}],"page_count":1,"next_cursor":"eyJjIjoiY29hY2giLCJpIjoiaW50ZW50IiwiZiI6IndvcmtvdXRzIiwibyI6InNvdXJjZV9pZDphc2MiLCJzIjoiYSJ9"},"queries":6,"pid":13290}

      158 |       if (code !== 0 || !result) { reject(new Error(`worker exited ${code}: ${output}`)); return; }
      159 |       // Query shapes, outcomes, fixture identifiers and process IDs only; never parameters.
    > 160 |       console.warn('PG17_PROCESS', JSON.stringify({ name, old, options: { ...options, cursor: options.cursor ? '<cursor>' : undefined },
          |               ^
      161 |         result: result.result, failure: result.failure, queries: result.queries.length, pid: result.pid }));
      162 |       resolveDone(result);
      163 |     };

      at settleWorker (test/utils/g2-pg17-harness.ts:160:15)
      at ChildProcess.<anonymous> (test/utils/g2-pg17-harness.ts:165:51)

  console.warn
    PG17_PROCESS {"name":"g2p17_95","old":false,"options":{"action":"entities","family":"workouts","cursor":"<cursor>"},"result":{"intent_id":"intent","family":"workouts","entities":[{"id":"a313e1b7-771e-4393-8b20-9377cdf22fb1","source_platform":"truecoach","entity_type":"workouts","source_id":"d","client_source_id":"client-new","label":"Synthetic A","created_at":"2026-09-20T18:30:43.889Z","updated_at":"2026-09-20T18:30:43.889Z"}],"page_count":1,"next_cursor":null},"queries":6,"pid":13306}

      158 |       if (code !== 0 || !result) { reject(new Error(`worker exited ${code}: ${output}`)); return; }
      159 |       // Query shapes, outcomes, fixture identifiers and process IDs only; never parameters.
    > 160 |       console.warn('PG17_PROCESS', JSON.stringify({ name, old, options: { ...options, cursor: options.cursor ? '<cursor>' : undefined },
          |               ^
      161 |         result: result.result, failure: result.failure, queries: result.queries.length, pid: result.pid }));
      162 |       resolveDone(result);
      163 |     };

      at settleWorker (test/utils/g2-pg17-harness.ts:160:15)
      at ChildProcess.<anonymous> (test/utils/g2-pg17-harness.ts:165:51)

  console.warn
    PG17_PROCESS {"name":"g2p17_96","old":false,"options":{"action":"entities","family":"workouts","cursor":"<cursor>"},"result":{"intent_id":"intent","family":"workouts","entities":[{"id":"96c1fec4-d775-481d-ae15-a44d242fcbbb","source_platform":"truecoach","entity_type":"workouts","source_id":"c","client_source_id":"client-new","label":"Synthetic A","created_at":"2026-09-20T18:30:43.886Z","updated_at":"2026-09-20T18:30:43.886Z"}],"page_count":1,"next_cursor":"eyJjIjoiY29hY2giLCJpIjoiaW50ZW50IiwiZiI6IndvcmtvdXRzIiwibyI6InNvdXJjZV9pZDphc2MiLCJzIjoiYSJ9"},"queries":6,"pid":13322}

      158 |       if (code !== 0 || !result) { reject(new Error(`worker exited ${code}: ${output}`)); return; }
      159 |       // Query shapes, outcomes, fixture identifiers and process IDs only; never parameters.
    > 160 |       console.warn('PG17_PROCESS', JSON.stringify({ name, old, options: { ...options, cursor: options.cursor ? '<cursor>' : undefined },
          |               ^
      161 |         result: result.result, failure: result.failure, queries: result.queries.length, pid: result.pid }));
      162 |       resolveDone(result);
      163 |     };

      at settleWorker (test/utils/g2-pg17-harness.ts:160:15)
      at ChildProcess.<anonymous> (test/utils/g2-pg17-harness.ts:165:51)

  console.warn
    PG17_PROCESS {"name":"g2p17_97","old":false,"options":{"family":"clients"},"result":{"intent_id":"intent","staged":1,"reconstructed":1,"skipped":0,"failed":0},"queries":12,"pid":13347}

      158 |       if (code !== 0 || !result) { reject(new Error(`worker exited ${code}: ${output}`)); return; }
      159 |       // Query shapes, outcomes, fixture identifiers and process IDs only; never parameters.
    > 160 |       console.warn('PG17_PROCESS', JSON.stringify({ name, old, options: { ...options, cursor: options.cursor ? '<cursor>' : undefined },
          |               ^
      161 |         result: result.result, failure: result.failure, queries: result.queries.length, pid: result.pid }));
      162 |       resolveDone(result);
      163 |     };

      at settleWorker (test/utils/g2-pg17-harness.ts:160:15)
      at ChildProcess.<anonymous> (test/utils/g2-pg17-harness.ts:165:51)

  console.warn
    PG17_PROCESS {"name":"g2p17_98","old":false,"options":{"action":"roster","family":"clients","cursor":"<cursor>"},"failure":{"status":400,"message":"malformed cursor"},"queries":0,"pid":13363}

      158 |       if (code !== 0 || !result) { reject(new Error(`worker exited ${code}: ${output}`)); return; }
      159 |       // Query shapes, outcomes, fixture identifiers and process IDs only; never parameters.
    > 160 |       console.warn('PG17_PROCESS', JSON.stringify({ name, old, options: { ...options, cursor: options.cursor ? '<cursor>' : undefined },
          |               ^
      161 |         result: result.result, failure: result.failure, queries: result.queries.length, pid: result.pid }));
      162 |       resolveDone(result);
      163 |     };

      at settleWorker (test/utils/g2-pg17-harness.ts:160:15)
      at ChildProcess.<anonymous> (test/utils/g2-pg17-harness.ts:165:51)

  console.warn
    PG17_PROCESS {"name":"g2p17_99","old":false,"options":{"action":"roster","family":"clients","cursor":"<cursor>"},"result":{"intent_id":"intent","accounting":{"staged":1,"reconstructed":1,"skipped":0,"failed":0},"persons":[],"page":{"limit":1,"next_cursor":null,"has_more":false}},"queries":7,"pid":13377}

      158 |       if (code !== 0 || !result) { reject(new Error(`worker exited ${code}: ${output}`)); return; }
      159 |       // Query shapes, outcomes, fixture identifiers and process IDs only; never parameters.
    > 160 |       console.warn('PG17_PROCESS', JSON.stringify({ name, old, options: { ...options, cursor: options.cursor ? '<cursor>' : undefined },
          |               ^
      161 |         result: result.result, failure: result.failure, queries: result.queries.length, pid: result.pid }));
      162 |       resolveDone(result);
      163 |     };

      at settleWorker (test/utils/g2-pg17-harness.ts:160:15)
      at ChildProcess.<anonymous> (test/utils/g2-pg17-harness.ts:165:51)

  console.warn
    PG17_PROCESS {"name":"g2p17_100","old":false,"options":{"action":"roster","family":"clients","cursor":"<cursor>"},"failure":{"status":400,"message":"malformed cursor"},"queries":0,"pid":13393}

      158 |       if (code !== 0 || !result) { reject(new Error(`worker exited ${code}: ${output}`)); return; }
      159 |       // Query shapes, outcomes, fixture identifiers and process IDs only; never parameters.
    > 160 |       console.warn('PG17_PROCESS', JSON.stringify({ name, old, options: { ...options, cursor: options.cursor ? '<cursor>' : undefined },
          |               ^
      161 |         result: result.result, failure: result.failure, queries: result.queries.length, pid: result.pid }));
      162 |       resolveDone(result);
      163 |     };

      at settleWorker (test/utils/g2-pg17-harness.ts:160:15)
      at ChildProcess.<anonymous> (test/utils/g2-pg17-harness.ts:165:51)

  console.warn
    PG17_PROCESS {"name":"g2p17_101","old":false,"options":{"action":"roster","family":"clients","cursor":"<cursor>"},"failure":{"status":400,"message":"malformed cursor"},"queries":0,"pid":13406}

      158 |       if (code !== 0 || !result) { reject(new Error(`worker exited ${code}: ${output}`)); return; }
      159 |       // Query shapes, outcomes, fixture identifiers and process IDs only; never parameters.
    > 160 |       console.warn('PG17_PROCESS', JSON.stringify({ name, old, options: { ...options, cursor: options.cursor ? '<cursor>' : undefined },
          |               ^
      161 |         result: result.result, failure: result.failure, queries: result.queries.length, pid: result.pid }));
      162 |       resolveDone(result);
      163 |     };

      at settleWorker (test/utils/g2-pg17-harness.ts:160:15)
      at ChildProcess.<anonymous> (test/utils/g2-pg17-harness.ts:165:51)

  console.warn
    PG17_PROCESS {"name":"g2p17_102","old":false,"options":{"action":"roster","family":"clients","cursor":"<cursor>"},"failure":{"status":400,"message":"malformed cursor"},"queries":0,"pid":13419}

      158 |       if (code !== 0 || !result) { reject(new Error(`worker exited ${code}: ${output}`)); return; }
      159 |       // Query shapes, outcomes, fixture identifiers and process IDs only; never parameters.
    > 160 |       console.warn('PG17_PROCESS', JSON.stringify({ name, old, options: { ...options, cursor: options.cursor ? '<cursor>' : undefined },
          |               ^
      161 |         result: result.result, failure: result.failure, queries: result.queries.length, pid: result.pid }));
      162 |       resolveDone(result);
      163 |     };

      at settleWorker (test/utils/g2-pg17-harness.ts:160:15)
      at ChildProcess.<anonymous> (test/utils/g2-pg17-harness.ts:165:51)

  console.warn
    PG17_PROCESS {"name":"g2p17_103","old":false,"options":{"action":"roster","family":"clients","cursor":"<cursor>"},"failure":{"status":400,"message":"malformed cursor"},"queries":0,"pid":13432}

      158 |       if (code !== 0 || !result) { reject(new Error(`worker exited ${code}: ${output}`)); return; }
      159 |       // Query shapes, outcomes, fixture identifiers and process IDs only; never parameters.
    > 160 |       console.warn('PG17_PROCESS', JSON.stringify({ name, old, options: { ...options, cursor: options.cursor ? '<cursor>' : undefined },
          |               ^
      161 |         result: result.result, failure: result.failure, queries: result.queries.length, pid: result.pid }));
      162 |       resolveDone(result);
      163 |     };

      at settleWorker (test/utils/g2-pg17-harness.ts:160:15)
      at ChildProcess.<anonymous> (test/utils/g2-pg17-harness.ts:165:51)

  console.warn
    PG17_PROCESS {"name":"g2p17_104","old":false,"options":{"action":"roster","family":"clients","cursor":"<cursor>"},"failure":{"status":400,"message":"malformed cursor"},"queries":0,"pid":13445}

      158 |       if (code !== 0 || !result) { reject(new Error(`worker exited ${code}: ${output}`)); return; }
      159 |       // Query shapes, outcomes, fixture identifiers and process IDs only; never parameters.
    > 160 |       console.warn('PG17_PROCESS', JSON.stringify({ name, old, options: { ...options, cursor: options.cursor ? '<cursor>' : undefined },
          |               ^
      161 |         result: result.result, failure: result.failure, queries: result.queries.length, pid: result.pid }));
      162 |       resolveDone(result);
      163 |     };

      at settleWorker (test/utils/g2-pg17-harness.ts:160:15)
      at ChildProcess.<anonymous> (test/utils/g2-pg17-harness.ts:165:51)

  console.warn
    PG17_PROCESS {"name":"g2p17_105","old":false,"options":{"action":"roster","family":"clients","cursor":"<cursor>"},"failure":{"status":400,"message":"malformed cursor"},"queries":0,"pid":13458}

      158 |       if (code !== 0 || !result) { reject(new Error(`worker exited ${code}: ${output}`)); return; }
      159 |       // Query shapes, outcomes, fixture identifiers and process IDs only; never parameters.
    > 160 |       console.warn('PG17_PROCESS', JSON.stringify({ name, old, options: { ...options, cursor: options.cursor ? '<cursor>' : undefined },
          |               ^
      161 |         result: result.result, failure: result.failure, queries: result.queries.length, pid: result.pid }));
      162 |       resolveDone(result);
      163 |     };

      at settleWorker (test/utils/g2-pg17-harness.ts:160:15)
      at ChildProcess.<anonymous> (test/utils/g2-pg17-harness.ts:165:51)

  console.warn
    PG17_PROCESS {"name":"g2p17_106","old":false,"options":{"action":"roster","family":"clients","cursor":"<cursor>"},"failure":{"status":400,"message":"malformed cursor"},"queries":0,"pid":13471}

      158 |       if (code !== 0 || !result) { reject(new Error(`worker exited ${code}: ${output}`)); return; }
      159 |       // Query shapes, outcomes, fixture identifiers and process IDs only; never parameters.
    > 160 |       console.warn('PG17_PROCESS', JSON.stringify({ name, old, options: { ...options, cursor: options.cursor ? '<cursor>' : undefined },
          |               ^
      161 |         result: result.result, failure: result.failure, queries: result.queries.length, pid: result.pid }));
      162 |       resolveDone(result);
      163 |     };

      at settleWorker (test/utils/g2-pg17-harness.ts:160:15)
      at ChildProcess.<anonymous> (test/utils/g2-pg17-harness.ts:165:51)

  console.warn
    PG17_PROCESS {"name":"g2p17_107","old":false,"options":{"action":"roster","family":"clients","cursor":"<cursor>"},"failure":{"status":400,"message":"malformed cursor"},"queries":0,"pid":13484}

      158 |       if (code !== 0 || !result) { reject(new Error(`worker exited ${code}: ${output}`)); return; }
      159 |       // Query shapes, outcomes, fixture identifiers and process IDs only; never parameters.
    > 160 |       console.warn('PG17_PROCESS', JSON.stringify({ name, old, options: { ...options, cursor: options.cursor ? '<cursor>' : undefined },
          |               ^
      161 |         result: result.result, failure: result.failure, queries: result.queries.length, pid: result.pid }));
      162 |       resolveDone(result);
      163 |     };

      at settleWorker (test/utils/g2-pg17-harness.ts:160:15)
      at ChildProcess.<anonymous> (test/utils/g2-pg17-harness.ts:165:51)

  console.warn
    PG17_PROCESS {"name":"g2p17_108","old":false,"options":{"action":"roster","family":"clients","cursor":"<cursor>"},"failure":{"status":400,"message":"malformed cursor"},"queries":0,"pid":13497}

      158 |       if (code !== 0 || !result) { reject(new Error(`worker exited ${code}: ${output}`)); return; }
      159 |       // Query shapes, outcomes, fixture identifiers and process IDs only; never parameters.
    > 160 |       console.warn('PG17_PROCESS', JSON.stringify({ name, old, options: { ...options, cursor: options.cursor ? '<cursor>' : undefined },
          |               ^
      161 |         result: result.result, failure: result.failure, queries: result.queries.length, pid: result.pid }));
      162 |       resolveDone(result);
      163 |     };

      at settleWorker (test/utils/g2-pg17-harness.ts:160:15)
      at ChildProcess.<anonymous> (test/utils/g2-pg17-harness.ts:165:51)

  console.warn
    PG17_PROCESS {"name":"g2p17_109","old":false,"options":{"action":"roster","family":"clients","cursor":"<cursor>"},"failure":{"status":400,"message":"malformed cursor"},"queries":0,"pid":13510}

      158 |       if (code !== 0 || !result) { reject(new Error(`worker exited ${code}: ${output}`)); return; }
      159 |       // Query shapes, outcomes, fixture identifiers and process IDs only; never parameters.
    > 160 |       console.warn('PG17_PROCESS', JSON.stringify({ name, old, options: { ...options, cursor: options.cursor ? '<cursor>' : undefined },
          |               ^
      161 |         result: result.result, failure: result.failure, queries: result.queries.length, pid: result.pid }));
      162 |       resolveDone(result);
      163 |     };

      at settleWorker (test/utils/g2-pg17-harness.ts:160:15)
      at ChildProcess.<anonymous> (test/utils/g2-pg17-harness.ts:165:51)

  console.warn
    PG17_PROCESS {"name":"g2p17_110","old":false,"options":{"action":"roster","family":"clients","cursor":"<cursor>"},"failure":{"status":400,"message":"malformed cursor"},"queries":0,"pid":13523}

      158 |       if (code !== 0 || !result) { reject(new Error(`worker exited ${code}: ${output}`)); return; }
      159 |       // Query shapes, outcomes, fixture identifiers and process IDs only; never parameters.
    > 160 |       console.warn('PG17_PROCESS', JSON.stringify({ name, old, options: { ...options, cursor: options.cursor ? '<cursor>' : undefined },
          |               ^
      161 |         result: result.result, failure: result.failure, queries: result.queries.length, pid: result.pid }));
      162 |       resolveDone(result);
      163 |     };

      at settleWorker (test/utils/g2-pg17-harness.ts:160:15)
      at ChildProcess.<anonymous> (test/utils/g2-pg17-harness.ts:165:51)

  console.warn
    PG17_PROCESS {"name":"g2p17_111","old":false,"options":{"action":"roster","family":"clients","cursor":"<cursor>"},"failure":{"status":400,"message":"malformed cursor"},"queries":0,"pid":13539}

      158 |       if (code !== 0 || !result) { reject(new Error(`worker exited ${code}: ${output}`)); return; }
      159 |       // Query shapes, outcomes, fixture identifiers and process IDs only; never parameters.
    > 160 |       console.warn('PG17_PROCESS', JSON.stringify({ name, old, options: { ...options, cursor: options.cursor ? '<cursor>' : undefined },
          |               ^
      161 |         result: result.result, failure: result.failure, queries: result.queries.length, pid: result.pid }));
      162 |       resolveDone(result);
      163 |     };

      at settleWorker (test/utils/g2-pg17-harness.ts:160:15)
      at ChildProcess.<anonymous> (test/utils/g2-pg17-harness.ts:165:51)

  console.warn
    PG17_PROCESS {"name":"g2p17_112","old":false,"options":{"action":"roster","family":"clients","cursor":"<cursor>"},"failure":{"status":400,"message":"malformed cursor"},"queries":0,"pid":13552}

      158 |       if (code !== 0 || !result) { reject(new Error(`worker exited ${code}: ${output}`)); return; }
      159 |       // Query shapes, outcomes, fixture identifiers and process IDs only; never parameters.
    > 160 |       console.warn('PG17_PROCESS', JSON.stringify({ name, old, options: { ...options, cursor: options.cursor ? '<cursor>' : undefined },
          |               ^
      161 |         result: result.result, failure: result.failure, queries: result.queries.length, pid: result.pid }));
      162 |       resolveDone(result);
      163 |     };

      at settleWorker (test/utils/g2-pg17-harness.ts:160:15)
      at ChildProcess.<anonymous> (test/utils/g2-pg17-harness.ts:165:51)

  console.warn
    PG17_PROCESS {"name":"g2p17_113","old":false,"options":{"action":"roster","family":"clients","cursor":"<cursor>"},"failure":{"status":400,"message":"malformed cursor"},"queries":0,"pid":13565}

      158 |       if (code !== 0 || !result) { reject(new Error(`worker exited ${code}: ${output}`)); return; }
      159 |       // Query shapes, outcomes, fixture identifiers and process IDs only; never parameters.
    > 160 |       console.warn('PG17_PROCESS', JSON.stringify({ name, old, options: { ...options, cursor: options.cursor ? '<cursor>' : undefined },
          |               ^
      161 |         result: result.result, failure: result.failure, queries: result.queries.length, pid: result.pid }));
      162 |       resolveDone(result);
      163 |     };

      at settleWorker (test/utils/g2-pg17-harness.ts:160:15)
      at ChildProcess.<anonymous> (test/utils/g2-pg17-harness.ts:165:51)

  console.warn
    PG17_PROCESS {"name":"g2p17_114","old":false,"options":{"action":"roster","family":"clients","cursor":"<cursor>"},"result":{"intent_id":"intent","accounting":{"staged":1,"reconstructed":1,"skipped":0,"failed":0},"persons":[{"id":"cdb53ce6-375b-4a82-9d7b-3732bc82163f","state":"InvitePending","source_platform":"truecoach","source_person_id":"a","display_name":"Synthetic A","created_at":"2026-09-20T18:30:47.446Z","updated_at":"2026-09-20T18:30:47.446Z"}],"page":{"limit":1,"next_cursor":null,"has_more":false}},"queries":8,"pid":13578}

      158 |       if (code !== 0 || !result) { reject(new Error(`worker exited ${code}: ${output}`)); return; }
      159 |       // Query shapes, outcomes, fixture identifiers and process IDs only; never parameters.
    > 160 |       console.warn('PG17_PROCESS', JSON.stringify({ name, old, options: { ...options, cursor: options.cursor ? '<cursor>' : undefined },
          |               ^
      161 |         result: result.result, failure: result.failure, queries: result.queries.length, pid: result.pid }));
      162 |       resolveDone(result);
      163 |     };

      at settleWorker (test/utils/g2-pg17-harness.ts:160:15)
      at ChildProcess.<anonymous> (test/utils/g2-pg17-harness.ts:165:51)

  console.warn
    PG17_PROCESS {"name":"g2p17_115","old":false,"options":{"family":"workouts"},"result":{"intent_id":"intent","staged":1,"reconstructed":1,"skipped":0,"failed":0},"queries":12,"pid":13601}

      158 |       if (code !== 0 || !result) { reject(new Error(`worker exited ${code}: ${output}`)); return; }
      159 |       // Query shapes, outcomes, fixture identifiers and process IDs only; never parameters.
    > 160 |       console.warn('PG17_PROCESS', JSON.stringify({ name, old, options: { ...options, cursor: options.cursor ? '<cursor>' : undefined },
          |               ^
      161 |         result: result.result, failure: result.failure, queries: result.queries.length, pid: result.pid }));
      162 |       resolveDone(result);
      163 |     };

      at settleWorker (test/utils/g2-pg17-harness.ts:160:15)
      at ChildProcess.<anonymous> (test/utils/g2-pg17-harness.ts:165:51)

  console.warn
    PG17_PROCESS {"name":"g2p17_116","old":false,"options":{"action":"entities","family":"workouts","cursor":"<cursor>"},"failure":{"status":400,"message":"malformed cursor"},"queries":0,"pid":13617}

      158 |       if (code !== 0 || !result) { reject(new Error(`worker exited ${code}: ${output}`)); return; }
      159 |       // Query shapes, outcomes, fixture identifiers and process IDs only; never parameters.
    > 160 |       console.warn('PG17_PROCESS', JSON.stringify({ name, old, options: { ...options, cursor: options.cursor ? '<cursor>' : undefined },
          |               ^
      161 |         result: result.result, failure: result.failure, queries: result.queries.length, pid: result.pid }));
      162 |       resolveDone(result);
      163 |     };

      at settleWorker (test/utils/g2-pg17-harness.ts:160:15)
      at ChildProcess.<anonymous> (test/utils/g2-pg17-harness.ts:165:51)

  console.warn
    PG17_PROCESS {"name":"g2p17_117","old":false,"options":{"action":"entities","family":"workouts","cursor":"<cursor>"},"result":{"intent_id":"intent","family":"workouts","entities":[],"page_count":0,"next_cursor":null},"queries":5,"pid":13630}

      158 |       if (code !== 0 || !result) { reject(new Error(`worker exited ${code}: ${output}`)); return; }
      159 |       // Query shapes, outcomes, fixture identifiers and process IDs only; never parameters.
    > 160 |       console.warn('PG17_PROCESS', JSON.stringify({ name, old, options: { ...options, cursor: options.cursor ? '<cursor>' : undefined },
          |               ^
      161 |         result: result.result, failure: result.failure, queries: result.queries.length, pid: result.pid }));
      162 |       resolveDone(result);
      163 |     };

      at settleWorker (test/utils/g2-pg17-harness.ts:160:15)
      at ChildProcess.<anonymous> (test/utils/g2-pg17-harness.ts:165:51)

  console.warn
    PG17_PROCESS {"name":"g2p17_118","old":false,"options":{"action":"entities","family":"workouts","cursor":"<cursor>"},"failure":{"status":400,"message":"malformed cursor"},"queries":0,"pid":13646}

      158 |       if (code !== 0 || !result) { reject(new Error(`worker exited ${code}: ${output}`)); return; }
      159 |       // Query shapes, outcomes, fixture identifiers and process IDs only; never parameters.
    > 160 |       console.warn('PG17_PROCESS', JSON.stringify({ name, old, options: { ...options, cursor: options.cursor ? '<cursor>' : undefined },
          |               ^
      161 |         result: result.result, failure: result.failure, queries: result.queries.length, pid: result.pid }));
      162 |       resolveDone(result);
      163 |     };

      at settleWorker (test/utils/g2-pg17-harness.ts:160:15)
      at ChildProcess.<anonymous> (test/utils/g2-pg17-harness.ts:165:51)

  console.warn
    PG17_PROCESS {"name":"g2p17_119","old":false,"options":{"action":"entities","family":"workouts","cursor":"<cursor>"},"failure":{"status":400,"message":"malformed cursor"},"queries":0,"pid":13659}

      158 |       if (code !== 0 || !result) { reject(new Error(`worker exited ${code}: ${output}`)); return; }
      159 |       // Query shapes, outcomes, fixture identifiers and process IDs only; never parameters.
    > 160 |       console.warn('PG17_PROCESS', JSON.stringify({ name, old, options: { ...options, cursor: options.cursor ? '<cursor>' : undefined },
          |               ^
      161 |         result: result.result, failure: result.failure, queries: result.queries.length, pid: result.pid }));
      162 |       resolveDone(result);
      163 |     };

      at settleWorker (test/utils/g2-pg17-harness.ts:160:15)
      at ChildProcess.<anonymous> (test/utils/g2-pg17-harness.ts:165:51)

  console.warn
    PG17_PROCESS {"name":"g2p17_120","old":false,"options":{"action":"entities","family":"workouts","cursor":"<cursor>"},"failure":{"status":400,"message":"malformed cursor"},"queries":0,"pid":13672}

      158 |       if (code !== 0 || !result) { reject(new Error(`worker exited ${code}: ${output}`)); return; }
      159 |       // Query shapes, outcomes, fixture identifiers and process IDs only; never parameters.
    > 160 |       console.warn('PG17_PROCESS', JSON.stringify({ name, old, options: { ...options, cursor: options.cursor ? '<cursor>' : undefined },
          |               ^
      161 |         result: result.result, failure: result.failure, queries: result.queries.length, pid: result.pid }));
      162 |       resolveDone(result);
      163 |     };

      at settleWorker (test/utils/g2-pg17-harness.ts:160:15)
      at ChildProcess.<anonymous> (test/utils/g2-pg17-harness.ts:165:51)

  console.warn
    PG17_PROCESS {"name":"g2p17_121","old":false,"options":{"action":"entities","family":"workouts","cursor":"<cursor>"},"failure":{"status":400,"message":"malformed cursor"},"queries":0,"pid":13685}

      158 |       if (code !== 0 || !result) { reject(new Error(`worker exited ${code}: ${output}`)); return; }
      159 |       // Query shapes, outcomes, fixture identifiers and process IDs only; never parameters.
    > 160 |       console.warn('PG17_PROCESS', JSON.stringify({ name, old, options: { ...options, cursor: options.cursor ? '<cursor>' : undefined },
          |               ^
      161 |         result: result.result, failure: result.failure, queries: result.queries.length, pid: result.pid }));
      162 |       resolveDone(result);
      163 |     };

      at settleWorker (test/utils/g2-pg17-harness.ts:160:15)
      at ChildProcess.<anonymous> (test/utils/g2-pg17-harness.ts:165:51)

  console.warn
    PG17_PROCESS {"name":"g2p17_122","old":false,"options":{"action":"entities","family":"workouts","cursor":"<cursor>"},"failure":{"status":400,"message":"malformed cursor"},"queries":0,"pid":13698}

      158 |       if (code !== 0 || !result) { reject(new Error(`worker exited ${code}: ${output}`)); return; }
      159 |       // Query shapes, outcomes, fixture identifiers and process IDs only; never parameters.
    > 160 |       console.warn('PG17_PROCESS', JSON.stringify({ name, old, options: { ...options, cursor: options.cursor ? '<cursor>' : undefined },
          |               ^
      161 |         result: result.result, failure: result.failure, queries: result.queries.length, pid: result.pid }));
      162 |       resolveDone(result);
      163 |     };

      at settleWorker (test/utils/g2-pg17-harness.ts:160:15)
      at ChildProcess.<anonymous> (test/utils/g2-pg17-harness.ts:165:51)

  console.warn
    PG17_PROCESS {"name":"g2p17_123","old":false,"options":{"action":"entities","family":"workouts","cursor":"<cursor>"},"failure":{"status":400,"message":"malformed cursor"},"queries":0,"pid":13712}

      158 |       if (code !== 0 || !result) { reject(new Error(`worker exited ${code}: ${output}`)); return; }
      159 |       // Query shapes, outcomes, fixture identifiers and process IDs only; never parameters.
    > 160 |       console.warn('PG17_PROCESS', JSON.stringify({ name, old, options: { ...options, cursor: options.cursor ? '<cursor>' : undefined },
          |               ^
      161 |         result: result.result, failure: result.failure, queries: result.queries.length, pid: result.pid }));
      162 |       resolveDone(result);
      163 |     };

      at settleWorker (test/utils/g2-pg17-harness.ts:160:15)
      at ChildProcess.<anonymous> (test/utils/g2-pg17-harness.ts:165:51)

  console.warn
    PG17_PROCESS {"name":"g2p17_124","old":false,"options":{"action":"entities","family":"workouts","cursor":"<cursor>"},"failure":{"status":400,"message":"malformed cursor"},"queries":0,"pid":13725}

      158 |       if (code !== 0 || !result) { reject(new Error(`worker exited ${code}: ${output}`)); return; }
      159 |       // Query shapes, outcomes, fixture identifiers and process IDs only; never parameters.
    > 160 |       console.warn('PG17_PROCESS', JSON.stringify({ name, old, options: { ...options, cursor: options.cursor ? '<cursor>' : undefined },
          |               ^
      161 |         result: result.result, failure: result.failure, queries: result.queries.length, pid: result.pid }));
      162 |       resolveDone(result);
      163 |     };

      at settleWorker (test/utils/g2-pg17-harness.ts:160:15)
      at ChildProcess.<anonymous> (test/utils/g2-pg17-harness.ts:165:51)

  console.warn
    PG17_PROCESS {"name":"g2p17_125","old":false,"options":{"action":"entities","family":"workouts","cursor":"<cursor>"},"failure":{"status":400,"message":"malformed cursor"},"queries":0,"pid":13738}

      158 |       if (code !== 0 || !result) { reject(new Error(`worker exited ${code}: ${output}`)); return; }
      159 |       // Query shapes, outcomes, fixture identifiers and process IDs only; never parameters.
    > 160 |       console.warn('PG17_PROCESS', JSON.stringify({ name, old, options: { ...options, cursor: options.cursor ? '<cursor>' : undefined },
          |               ^
      161 |         result: result.result, failure: result.failure, queries: result.queries.length, pid: result.pid }));
      162 |       resolveDone(result);
      163 |     };

      at settleWorker (test/utils/g2-pg17-harness.ts:160:15)
      at ChildProcess.<anonymous> (test/utils/g2-pg17-harness.ts:165:51)

  console.warn
    PG17_PROCESS {"name":"g2p17_126","old":false,"options":{"action":"entities","family":"workouts","cursor":"<cursor>"},"failure":{"status":400,"message":"malformed cursor"},"queries":0,"pid":13751}

      158 |       if (code !== 0 || !result) { reject(new Error(`worker exited ${code}: ${output}`)); return; }
      159 |       // Query shapes, outcomes, fixture identifiers and process IDs only; never parameters.
    > 160 |       console.warn('PG17_PROCESS', JSON.stringify({ name, old, options: { ...options, cursor: options.cursor ? '<cursor>' : undefined },
          |               ^
      161 |         result: result.result, failure: result.failure, queries: result.queries.length, pid: result.pid }));
      162 |       resolveDone(result);
      163 |     };

      at settleWorker (test/utils/g2-pg17-harness.ts:160:15)
      at ChildProcess.<anonymous> (test/utils/g2-pg17-harness.ts:165:51)

  console.warn
    PG17_PROCESS {"name":"g2p17_127","old":false,"options":{"action":"entities","family":"workouts","cursor":"<cursor>"},"failure":{"status":400,"message":"malformed cursor"},"queries":0,"pid":13764}

      158 |       if (code !== 0 || !result) { reject(new Error(`worker exited ${code}: ${output}`)); return; }
      159 |       // Query shapes, outcomes, fixture identifiers and process IDs only; never parameters.
    > 160 |       console.warn('PG17_PROCESS', JSON.stringify({ name, old, options: { ...options, cursor: options.cursor ? '<cursor>' : undefined },
          |               ^
      161 |         result: result.result, failure: result.failure, queries: result.queries.length, pid: result.pid }));
      162 |       resolveDone(result);
      163 |     };

      at settleWorker (test/utils/g2-pg17-harness.ts:160:15)
      at ChildProcess.<anonymous> (test/utils/g2-pg17-harness.ts:165:51)

  console.warn
    PG17_PROCESS {"name":"g2p17_128","old":false,"options":{"action":"entities","family":"workouts","cursor":"<cursor>"},"failure":{"status":400,"message":"malformed cursor"},"queries":0,"pid":13778}

      158 |       if (code !== 0 || !result) { reject(new Error(`worker exited ${code}: ${output}`)); return; }
      159 |       // Query shapes, outcomes, fixture identifiers and process IDs only; never parameters.
    > 160 |       console.warn('PG17_PROCESS', JSON.stringify({ name, old, options: { ...options, cursor: options.cursor ? '<cursor>' : undefined },
          |               ^
      161 |         result: result.result, failure: result.failure, queries: result.queries.length, pid: result.pid }));
      162 |       resolveDone(result);
      163 |     };

      at settleWorker (test/utils/g2-pg17-harness.ts:160:15)
      at ChildProcess.<anonymous> (test/utils/g2-pg17-harness.ts:165:51)

  console.warn
    PG17_PROCESS {"name":"g2p17_129","old":false,"options":{"action":"entities","family":"workouts","cursor":"<cursor>"},"failure":{"status":400,"message":"malformed cursor"},"queries":0,"pid":13793}

      158 |       if (code !== 0 || !result) { reject(new Error(`worker exited ${code}: ${output}`)); return; }
      159 |       // Query shapes, outcomes, fixture identifiers and process IDs only; never parameters.
    > 160 |       console.warn('PG17_PROCESS', JSON.stringify({ name, old, options: { ...options, cursor: options.cursor ? '<cursor>' : undefined },
          |               ^
      161 |         result: result.result, failure: result.failure, queries: result.queries.length, pid: result.pid }));
      162 |       resolveDone(result);
      163 |     };

      at settleWorker (test/utils/g2-pg17-harness.ts:160:15)
      at ChildProcess.<anonymous> (test/utils/g2-pg17-harness.ts:165:51)

  console.warn
    PG17_PROCESS {"name":"g2p17_130","old":false,"options":{"action":"entities","family":"workouts","cursor":"<cursor>"},"failure":{"status":400,"message":"malformed cursor"},"queries":0,"pid":13806}

      158 |       if (code !== 0 || !result) { reject(new Error(`worker exited ${code}: ${output}`)); return; }
      159 |       // Query shapes, outcomes, fixture identifiers and process IDs only; never parameters.
    > 160 |       console.warn('PG17_PROCESS', JSON.stringify({ name, old, options: { ...options, cursor: options.cursor ? '<cursor>' : undefined },
          |               ^
      161 |         result: result.result, failure: result.failure, queries: result.queries.length, pid: result.pid }));
      162 |       resolveDone(result);
      163 |     };

      at settleWorker (test/utils/g2-pg17-harness.ts:160:15)
      at ChildProcess.<anonymous> (test/utils/g2-pg17-harness.ts:165:51)

  console.warn
    PG17_PROCESS {"name":"g2p17_131","old":false,"options":{"action":"entities","family":"workouts","cursor":"<cursor>"},"failure":{"status":400,"message":"malformed cursor"},"queries":0,"pid":13819}

      158 |       if (code !== 0 || !result) { reject(new Error(`worker exited ${code}: ${output}`)); return; }
      159 |       // Query shapes, outcomes, fixture identifiers and process IDs only; never parameters.
    > 160 |       console.warn('PG17_PROCESS', JSON.stringify({ name, old, options: { ...options, cursor: options.cursor ? '<cursor>' : undefined },
          |               ^
      161 |         result: result.result, failure: result.failure, queries: result.queries.length, pid: result.pid }));
      162 |       resolveDone(result);
      163 |     };

      at settleWorker (test/utils/g2-pg17-harness.ts:160:15)
      at ChildProcess.<anonymous> (test/utils/g2-pg17-harness.ts:165:51)

  console.warn
    PG17_PROCESS {"name":"g2p17_132","old":false,"options":{"action":"entities","family":"workouts","cursor":"<cursor>"},"result":{"intent_id":"intent","family":"workouts","entities":[{"id":"073afbd1-f2e3-466b-a609-654d5cd666bc","source_platform":"truecoach","entity_type":"workouts","source_id":"a","client_source_id":"client-new","label":"Synthetic A","created_at":"2026-09-20T18:31:02.369Z","updated_at":"2026-09-20T18:31:02.369Z"}],"page_count":1,"next_cursor":null},"queries":6,"pid":13832}

      158 |       if (code !== 0 || !result) { reject(new Error(`worker exited ${code}: ${output}`)); return; }
      159 |       // Query shapes, outcomes, fixture identifiers and process IDs only; never parameters.
    > 160 |       console.warn('PG17_PROCESS', JSON.stringify({ name, old, options: { ...options, cursor: options.cursor ? '<cursor>' : undefined },
          |               ^
      161 |         result: result.result, failure: result.failure, queries: result.queries.length, pid: result.pid }));
      162 |       resolveDone(result);
      163 |     };

      at settleWorker (test/utils/g2-pg17-harness.ts:160:15)
      at ChildProcess.<anonymous> (test/utils/g2-pg17-harness.ts:165:51)

  console.warn
    PG17_PROCESS {"name":"g2p17_133","old":false,"options":{},"result":{"intent_id":"intent","staged":2,"reconstructed":2,"skipped":0,"failed":0},"queries":20,"pid":13857}

      158 |       if (code !== 0 || !result) { reject(new Error(`worker exited ${code}: ${output}`)); return; }
      159 |       // Query shapes, outcomes, fixture identifiers and process IDs only; never parameters.
    > 160 |       console.warn('PG17_PROCESS', JSON.stringify({ name, old, options: { ...options, cursor: options.cursor ? '<cursor>' : undefined },
          |               ^
      161 |         result: result.result, failure: result.failure, queries: result.queries.length, pid: result.pid }));
      162 |       resolveDone(result);
      163 |     };

      at settleWorker (test/utils/g2-pg17-harness.ts:160:15)
      at ChildProcess.<anonymous> (test/utils/g2-pg17-harness.ts:165:51)

FAIL rls-live test/rls-g2-pg17-etq0.spec.ts (160.335 s)
  stage 1: E on a populated narrow base with the actual O binary
    ✕ populates synthetic legacy history without a provenance column and O reconstructs 600 staged rows (3108 ms)
    ✕ applies E: rows, OIDs, keys, RLS and policies preserved; column nullable without default (123 ms)
    ✕ keeps the actual O writer and readers working on E, creating NULL provenance (2752 ms)
    ✓ retains forced RLS denial for anon/authenticated on every touched table, even with a hostile claim (967 ms)
    ✓ refuses a wrong public index owner in up on the populated base (388 ms)
    ✓ refuses a wrong public index owner in down on the populated base (276 ms)
    ✓ schema-qualifies both directions despite search_path decoys, leaving 1230 populated rows intact (364 ms)
    ✕ forced-RLS non-bypass owning role cannot drop hidden provenance (populated=true) (158 ms)
    ✕ forced-RLS non-bypass owning role cannot drop hidden provenance (populated=false) (31 ms)
    ✕ rolls E back only while every provenance is NULL, preserving rows, then re-applies (83 ms)
  stage 2: E recorded through the real release mechanism
    ✕ prisma migrate deploy applies exactly E on the populated database and records history (1114 ms)
  stage 3: T provenance, atomicity, accounting and collisions on PostgreSQL 17
    ✕ claims historical NULL history at volume with honest multi-page accounting and identical replay (4773 ms)
    ✓ claims only the exact coach/intent/family identity and leaves adjacent tenants untouched (2109 ms)
    ✓ creates every outcome with actual provenance, isolates failures and replays honestly (2112 ms)
    ✓ claims historical NULL on reconstructed attempts (1005 ms)
    ✓ claims historical NULL on skipped attempts (977 ms)
    ✓ claims historical NULL on failed attempts (1084 ms)
    ✓ rolls back new and pre-existing clients target changes on late mismatch (3093 ms)
    ✓ rolls back new and pre-existing workouts target changes on late mismatch (3281 ms)
    ✓ fail-stops mid-batch on a legacy provenance contradiction, keeping earlier committed rows and honest durable counts (2080 ms)
    ✓ preserves success and reason on skip failure/skip, but still checks mismatch (2799 ms)
    ✓ preserves success and reason on throw failure/skip, but still checks mismatch (2805 ms)
    ✓ preserves success and reason on database failure/skip, but still checks mismatch (3031 ms)
    ✓ rejects invalid staging before writes and preserves narrow staging/ledger identities (6658 ms)
    ✓ cross-intent same source: same platform converges on one Person, different platform mints a second (4022 ms)
    ✓ characterizes the retained narrow ledger collision: one intent cannot carry two platforms for one source (997 ms)
    ✓ characterizes actual O after T: provenance stays but O can downgrade success (3828 ms)
  stage 3b: deterministically coordinated T/T and O/T processes on PostgreSQL 17
    ✓ concurrent success replays with false old winner converge on one target (2052 ms)
    ✓ concurrent success replays with true old winner converge on one target (2023 ms)
    ✓ two absent skip inserts observe real P2002 contention and bounded full-transaction retry (1737 ms)
    ✓ retries real PostgreSQL serialization failure once for skip (1151 ms)
    ✓ retries real PostgreSQL serialization failure once for throw (1171 ms)
    ✓ retries real PostgreSQL serialization failure once for success (1225 ms)
    ✓ exhausted real ledger serialization conflicts stop after two transactions with no invented tally (1169 ms)
    ✓ success holds claim while a failing false old writer waits (2169 ms)
    ✓ success holds claim while a failing true old writer waits (2133 ms)
    ✓ success holds claim while a skipped false old writer waits (2060 ms)
    ✓ success holds claim while a skipped true old writer waits (1955 ms)
    ✓ T success upgrades serialized skip while target write is open (1940 ms)
    ✓ T success upgrades serialized throw while target write is open (1900 ms)
    ✓ concurrent different-platform NULL claims serialize and the loser rolls back target changes (2014 ms)
  stage 4: Q0 real scoped reads, cursor boundaries and unchanged emission
    ✓ enumerates exact narrow-schema clients page union and retains NULL legacy history (8712 ms)
    ✓ enumerates exact narrow-schema workouts page union and retains NULL legacy history (9054 ms)
    ✓ characterizes clients ties ONLY in a temporary future-schema fixture (5346 ms)
    ✓ characterizes workouts ties ONLY in a temporary future-schema fixture (3704 ms)
    ✓ bounds clients cursor tokens at 8,192 characters and rejects every malformed shape without reflection (14943 ms)
    ✓ bounds workouts cursor tokens at 8,192 characters and rejects every malformed shape without reflection (14861 ms)
  stage 5: rollout recovery boundaries after T has claimed provenance
    ✕ refuses destructive E rollback while any claim exists, keeps history, and only a drained ledger can roll back (1262 ms)
    ✕ E/down lock budgets fail atomically against a live writer transaction instead of queueing behind it (5919 ms)

  ● stage 1: E on a populated narrow base with the actual O binary › populates synthetic legacy history without a provenance column and O reconstructs 600 staged rows

    worker exited 0: [33m[Nest] 10765  - [39m09/20/2026, 6:29:04 PM [33m   WARN[39m [38;5;3m[ScoutReconstructService] [39m[33mscout.reconstruct completed with failures {"intent_id":"intent","coach_id":"coach","staged":600,"reconstructed":596,"skipped":8,"failed":21}[39m

      156 |       const code = exitCode;
      157 |       clearTimeout(timer);
    > 158 |       if (code !== 0 || !result) { reject(new Error(`worker exited ${code}: ${output}`)); return; }
          |                                           ^
      159 |       // Query shapes, outcomes, fixture identifiers and process IDs only; never parameters.
      160 |       console.warn('PG17_PROCESS', JSON.stringify({ name, old, options: { ...options, cursor: options.cursor ? '<cursor>' : undefined },
      161 |         result: result.result, failure: result.failure, queries: result.queries.length, pid: result.pid }));

      at settleWorker (test/utils/g2-pg17-harness.ts:158:43)
      at ChildProcess.<anonymous> (test/utils/g2-pg17-harness.ts:165:51)

  ● stage 1: E on a populated narrow base with the actual O binary › applies E: rows, OIDs, keys, RLS and policies preserved; column nullable without default

    expect(received).toEqual(expected) // deep equality

    Expected: undefined
    Received: [{"coach_id": "c2", "created_at": "2026-09-20T18:29:01.166", "entity_type": "client_history", "id": "c2-i2-client_history-00001", "intent_id": "i2", "reason": "legacy-reason", "source_id": "h00001", "status": "failed", "target_id": "legacy-target"}, {"coach_id": "c2", "created_at": "2026-09-20T18:29:01.166", "entity_type": "client_history", "id": "c2-i2-client_history-00002", "intent_id": "i2", "reason": "legacy-reason", "source_id": "h00002", "status": "reconstructed", "target_id": "legacy-target"}, {"coach_id": "c2", "created_at": "2026-09-20T18:29:01.166", "entity_type": "client_history", "id": "c2-i2-client_history-00003", "intent_id": "i2", "reason": "legacy-reason", "source_id": "h00003", "status": "skipped", "target_id": "legacy-target"}, {"coach_id": "c2", "created_at": "2026-09-20T18:29:01.166", "entity_type": "client_history", "id": "c2-i2-client_history-00004", "intent_id": "i2", "reason": "legacy-reason", "source_id": "h00004", "status": "failed", "target_id": "legacy-target"}, {"coach_id": "c2", "created_at": "2026-09-20T18:29:01.166", "entity_type": "client_history", "id": "c2-i2-client_history-00005", "intent_id": "i2", "reason": "legacy-reason", "source_id": "h00005", "status": "reconstructed", "target_id": "legacy-target"}, {"coach_id": "c2", "created_at": "2026-09-20T18:29:01.166", "entity_type": "client_history", "id": "c2-i2-client_history-00006", "intent_id": "i2", "reason": "legacy-reason", "source_id": "h00006", "status": "skipped", "target_id": "legacy-target"}, {"coach_id": "c2", "created_at": "2026-09-20T18:29:01.166", "entity_type": "client_history", "id": "c2-i2-client_history-00007", "intent_id": "i2", "reason": "legacy-reason", "source_id": "h00007", "status": "failed", "target_id": "legacy-target"}, {"coach_id": "c2", "created_at": "2026-09-20T18:29:01.166", "entity_type": "client_history", "id": "c2-i2-client_history-00008", "intent_id": "i2", "reason": "legacy-reason", "source_id": "h00008", "status": "reconstructed", "target_id": "legacy-target"}, {"coach_id": "c2", "created_at": "2026-09-20T18:29:01.166", "entity_type": "client_history", "id": "c2-i2-client_history-00009", "intent_id": "i2", "reason": "legacy-reason", "source_id": "h00009", "status": "skipped", "target_id": "legacy-target"}, {"coach_id": "c2", "created_at": "2026-09-20T18:29:01.166", "entity_type": "client_history", "id": "c2-i2-client_history-00010", "intent_id": "i2", "reason": "legacy-reason", "source_id": "h00010", "status": "failed", "target_id": "legacy-target"}, …]

      142 |     sql(up);
      143 |     expect(hasColumn()).toBe('1');
    > 144 |     expect(allLedger().map((r: any) => { const { source_platform, ...rest } = r; return rest; })).toEqual(before);
          |                                                                                                   ^
      145 |     expect(sql('SELECT count(*) FROM "ScoutReconstructionLedger" WHERE source_platform IS NOT NULL')).toBe('0');
      146 |     expect(catalog()).toBe(beforeCatalog);
      147 |     expect(sql(`SELECT is_nullable||':'||data_type||':'||COALESCE(column_default,'NONE')

      at Object.<anonymous> (test/rls-g2-pg17-etq0.spec.ts:144:99)

  ● stage 1: E on a populated narrow base with the actual O binary › keeps the actual O writer and readers working on E, creating NULL provenance

    worker exited 0: [33m[Nest] 10817  - [39m09/20/2026, 6:29:06 PM [33m   WARN[39m [38;5;3m[ScoutReconstructService] [39m[33mscout.reconstruct completed with failures {"intent_id":"intent","coach_id":"coach","staged":600,"reconstructed":596,"skipped":8,"failed":21}[39m

      156 |       const code = exitCode;
      157 |       clearTimeout(timer);
    > 158 |       if (code !== 0 || !result) { reject(new Error(`worker exited ${code}: ${output}`)); return; }
          |                                           ^
      159 |       // Query shapes, outcomes, fixture identifiers and process IDs only; never parameters.
      160 |       console.warn('PG17_PROCESS', JSON.stringify({ name, old, options: { ...options, cursor: options.cursor ? '<cursor>' : undefined },
      161 |         result: result.result, failure: result.failure, queries: result.queries.length, pid: result.pid }));

      at settleWorker (test/utils/g2-pg17-harness.ts:158:43)
      at ChildProcess.<anonymous> (test/utils/g2-pg17-harness.ts:165:51)

  ● stage 1: E on a populated narrow base with the actual O binary › forced-RLS non-bypass owning role cannot drop hidden provenance (populated=true)

    Command failed: /usr/bin/psql -X -w -qAt -v ON_ERROR_STOP=1 postgresql://postgres@127.0.0.1:54325/g2_s5_etq0_disposable?connect_timeout=5
    ERROR:  role "g2p_ledger_owner" cannot be dropped because some objects depend on it
    DETAIL:  privileges for schema public

      33 | const adminUrl = asRole(G2_PG17_ADMIN_ROLE);
      34 |
    > 35 | const psqlRun = (url: string, args: string[], input?: string) => execFileSync(
         |                                                                              ^
      36 |   psql!, ['-X', '-w', '-qAt', '-v', 'ON_ERROR_STOP=1', ...args, url],
      37 |   { input, encoding: 'utf8', timeout: 60000, env: psqlEnv, stdio: [input === undefined ? 'ignore' : 'pipe', 'pipe', 'pipe'] },
      38 | ).trim();

      at psqlRun (test/utils/g2-pg17-harness.ts:35:78)
      at sql (test/utils/g2-pg17-harness.ts:39:46)
      at test/rls-g2-pg17-etq0.spec.ts:245:10

  ● stage 1: E on a populated narrow base with the actual O binary › forced-RLS non-bypass owning role cannot drop hidden provenance (populated=false)

    Command failed: /usr/bin/psql -X -w -qAt -v ON_ERROR_STOP=1 postgresql://postgres@127.0.0.1:54325/g2_s5_etq0_disposable?connect_timeout=5
    ERROR:  role "g2p_ledger_owner" already exists

      33 | const adminUrl = asRole(G2_PG17_ADMIN_ROLE);
      34 |
    > 35 | const psqlRun = (url: string, args: string[], input?: string) => execFileSync(
         |                                                                              ^
      36 |   psql!, ['-X', '-w', '-qAt', '-v', 'ON_ERROR_STOP=1', ...args, url],
      37 |   { input, encoding: 'utf8', timeout: 60000, env: psqlEnv, stdio: [input === undefined ? 'ignore' : 'pipe', 'pipe', 'pipe'] },
      38 | ).trim();

      at psqlRun (test/utils/g2-pg17-harness.ts:35:78)
      at sql (test/utils/g2-pg17-harness.ts:39:46)
      at test/rls-g2-pg17-etq0.spec.ts:234:8

  ● stage 1: E on a populated narrow base with the actual O binary › rolls E back only while every provenance is NULL, preserving rows, then re-applies

    Command failed: /usr/bin/psql -X -w -qAt -v ON_ERROR_STOP=1 postgresql://postgres@127.0.0.1:54325/g2_s5_etq0_disposable?connect_timeout=5
    ERROR:  G2-E refuses removal of assigned provenance
    CONTEXT:  PL/pgSQL function inline_code_block line 41 at RAISE

      33 | const adminUrl = asRole(G2_PG17_ADMIN_ROLE);
      34 |
    > 35 | const psqlRun = (url: string, args: string[], input?: string) => execFileSync(
         |                                                                              ^
      36 |   psql!, ['-X', '-w', '-qAt', '-v', 'ON_ERROR_STOP=1', ...args, url],
      37 |   { input, encoding: 'utf8', timeout: 60000, env: psqlEnv, stdio: [input === undefined ? 'ignore' : 'pipe', 'pipe', 'pipe'] },
      38 | ).trim();

      at psqlRun (test/utils/g2-pg17-harness.ts:35:78)
      at sql (test/utils/g2-pg17-harness.ts:39:46)
      at Object.<anonymous> (test/rls-g2-pg17-etq0.spec.ts:254:8)

  ● stage 2: E recorded through the real release mechanism › prisma migrate deploy applies exactly E on the populated database and records history

    prisma migrate deploy failed: Prisma schema loaded from prisma/schema.prisma
    Datasource "db": PostgreSQL database "g2_s5_etq0_disposable", schema "public" at "127.0.0.1:54325"

    165 migrations found in prisma/migrations

    Applying migration `20270118000000_scout_ledger_platform_expand`

    Error: ERROR: current transaction is aborted, commands ignored until end of transaction block
       0: schema_commands::commands::apply_migrations::Applying migration
               with migration_name="20270118000000_scout_ledger_platform_expand"
                 at schema-engine/commands/src/commands/apply_migrations.rs:95
       1: schema_core::state::ApplyMigrations
                 at schema-engine/core/src/state.rs:260

      215 | export function prismaMigrateDeploy(schemaRoot: string): string {
      216 |   const result = prisma(schemaRoot, ['migrate', 'deploy']);
    > 217 |   if (!result.ok) throw new Error(`prisma migrate deploy failed: ${result.output}`);
          |                         ^
      218 |   return result.output;
      219 | }
      220 |

      at prismaMigrateDeploy (test/utils/g2-pg17-harness.ts:217:25)
      at Object.<anonymous> (test/rls-g2-pg17-etq0.spec.ts:272:39)

  ● stage 3: T provenance, atomicity, accounting and collisions on PostgreSQL 17 › claims historical NULL history at volume with honest multi-page accounting and identical replay

    worker exited 0: [33m[Nest] 11010  - [39m09/20/2026, 6:29:15 PM [33m   WARN[39m [38;5;3m[ScoutReconstructService] [39m[33mscout.reconstruct completed with failures {"intent_id":"intent","coach_id":"coach","staged":1050,"reconstructed":1040,"skipped":0,"failed":10}[39m

      156 |       const code = exitCode;
      157 |       clearTimeout(timer);
    > 158 |       if (code !== 0 || !result) { reject(new Error(`worker exited ${code}: ${output}`)); return; }
          |                                           ^
      159 |       // Query shapes, outcomes, fixture identifiers and process IDs only; never parameters.
      160 |       console.warn('PG17_PROCESS', JSON.stringify({ name, old, options: { ...options, cursor: options.cursor ? '<cursor>' : undefined },
      161 |         result: result.result, failure: result.failure, queries: result.queries.length, pid: result.pid }));

      at settleWorker (test/utils/g2-pg17-harness.ts:158:43)
      at ChildProcess.<anonymous> (test/utils/g2-pg17-harness.ts:165:51)

  ● stage 5: rollout recovery boundaries after T has claimed provenance › refuses destructive E rollback while any claim exists, keeps history, and only a drained ledger can roll back

    expect(received).toBe(expected) // Object.is equality

    Expected: "165"
    Received: "164"

      744 |     expect(hasColumn()).toBe('1');
      745 |     expect(catalog()).toBe(before);
    > 746 |     expect(appliedMigrations()).toBe('165');
          |                                 ^
      747 |     // Simulated operator drain (SQL cannot prove an actual writer drain): every claim removed.
      748 |     sql(`UPDATE "ScoutReconstructionLedger" SET source_platform=NULL`);
      749 |     const narrowRows = allLedger().map((r: any) => { const { source_platform, ...rest } = r; return rest; });

      at Object.<anonymous> (test/rls-g2-pg17-etq0.spec.ts:746:33)

  ● stage 5: rollout recovery boundaries after T has claimed provenance › E/down lock budgets fail atomically against a live writer transaction instead of queueing behind it

    expect(received).toContain(expected) // indexOf

    Expected substring: "lock timeout"
    Received string:    "Error: Command failed: /usr/bin/psql -X -w -qAt -v ON_ERROR_STOP=1 postgresql://postgres@127.0.0.1:54325/g2_s5_etq0_disposable?connect_timeout=5
    ERROR:  G2-E platform column already exists
    CONTEXT:  PL/pgSQL function inline_code_block line 33 at RAISE
    "

      49 |   try { sql(statement); } catch (e) { error = e; }
      50 |   if (error === undefined) throw new Error('SQL unexpectedly succeeded');
    > 51 |   expect(String(error)).toContain(message);
         |                         ^
      52 | }
      53 |
      54 | export const stageSql = resolve(root, 'prisma/migrations', E_MIGRATION);

      at refused (test/utils/g2-pg17-harness.ts:51:25)
      at Object.<anonymous> (test/rls-g2-pg17-etq0.spec.ts:793:14)

Test Suites: 1 failed, 1 total
Tests:       10 failed, 39 passed, 49 total
Snapshots:   0 total
Time:        160.582 s
Ran all test suites matching test/rls-g2-pg17-etq0.spec.ts.
PROOF_EXIT=1 STAGE=all TS=20260920T182819Z
