Prisma schema loaded from ../../../../../tmp/tmp.KMwyla2FfU/prisma/schema.prisma
Datasource "db": PostgreSQL database "s1_rls_proof", schema "public" at "127.0.0.1:54321"

164 migrations found in prisma/migrations

Applying migration `00000000000000_baseline`
Applying migration `20260423190000_add_indexes_and_orphan_fks`
Applying migration `20260424000000_add_invite_codes`
Applying migration `20260424120000_add_coach_messages`
Applying migration `20260424180000_add_coach_nudges`
Applying migration `20260424200000_add_meal_plans_and_extend_checkins`
Applying migration `20260425030000_add_community_win_and_coach_guideline`
Applying migration `20260425030001_add_community_win_visibility`
Applying migration `20260427000000_add_owner_role_and_coach_profile`
Applying migration `20260427000100_add_saas_billing_and_drafts`
Applying migration `20260427120000_add_audit_log_and_gdpr_lifecycle`
Applying migration `20260428000000_add_client_coach_consent`
Applying migration `20260429210000_add_diet_and_workout_cadence_to_user_profile`
Applying migration `20260430000000_drop_doctrine_drift_remnants`
Applying migration `20260430120000_add_equipment_access_to_user_profile`
Applying migration `20260506000000_add_ptm_phase_1`
Applying migration `20260506010000_add_diagnostic_engine`
Applying migration `20260506020000_add_build_week`
Applying migration `20260506030000_add_coach_signals`
Applying migration `20260506040000_add_voice_notes_and_coach_onboarding`
Applying migration `20260506050000_add_first_win`
Applying migration `20260506060000_add_leaderboard`
Applying migration `20260507000000_add_notification_center`
Applying migration `20260507100000_add_gdpr_deletion_flow`
Applying migration `20260508000000_add_data_export`
Applying migration `20260508000000_add_workout_builder`
Applying migration `20260508000001_rls_workout_builder`
Applying migration `20260508000002_workout_exercise_soft_delete`
Applying migration `20260508000003_workout_builder_idempotency_and_completion`
Applying migration `20260509000000_add_sprint_b_macros_meals_insights`
Applying migration `20260509120000_coach_practice_type_stage3`
Applying migration `20260510000000_add_ai_gateway_audit_and_drafts`
Applying migration `20260510000000_add_team_mode`
Applying migration `20260510000001_team_audit_revenue_sharing_changed`
Applying migration `20260511000000_add_bloodwork`
Applying migration `20260512000000_concierge_scheduling`
Applying migration `20260513000000_food_logger_trainerize_floor`
Applying migration `20260515100000_add_secret_rotation_log`
Applying migration `20260516000000_kms_wrap_bloodwork_and_calendar`
Applying migration `20260517000000_booking_notifications`
Applying migration `20260520000000_setnull_owner_rels`
Applying migration `20260520000001_add_gcal_channel_tracking_to_calendar_connection`
Applying migration `20260521000000_add_connect_account`
Applying migration `20260524000000_add_sub_coach_assignment_and_idempotency`
Applying migration `20260525000000_sub_coach_rls_and_fks`
Applying migration `20260525120000_add_coach_brief_tables`
Applying migration `20260525130000_add_coach_brief_last_push_date`
Applying migration `20260525170000_data_export_one_active_per_user`
Applying migration `20260525180000_recent_auth_nonce`
Applying migration `20260528000000_stream1_coach_ai_credits`
Applying migration `20260528120000_stream1_round1_fixes`
Applying migration `20260530000000_coach_ai_engine_v1`
Applying migration `20260531000000_wearables_foundation`
Applying migration `20260601000000_add_connect_packages_purchases_customers`
Applying migration `20260601000000_add_email_send_log`
Applying migration `20260601000000_add_exercise_catalog_video`
Applying migration `20260602000000_add_connect_fee_split_and_dunning`
Applying migration `20260602000000_add_exercise_video_provider_fields`
Applying migration `20260603000000_add_connect_payout_reconciliation_refund_dispute`
Applying migration `20260604000000_add_team_profile_and_sub_coach_invite`
Applying migration `20260604000001_subcoach_invite_token_hash`
Applying migration `20260605000000_add_meal_plan_days_json`
Applying migration `20260606000000_add_expo_push_token`
Applying migration `20260606000001_payment_failure_event_unique`
Applying migration `20260606000002_food_entry_client_uuid`
Applying migration `20260606000003_rls_financial_tables`
Applying migration `20260607000000_rls_remaining_gaps`
Applying migration `20260607000001_workout_assignment_completion_payload`
Applying migration `20260608000000_rls_team_tables`
Applying migration `20260609000000_add_coach_direct_enabled`
Applying migration `20260610000000_fasting_unique_active`
Applying migration `20260611000000_invite_intended_email`
Applying migration `20260611000001_messagedraft_rls`
Applying migration `20260612000000_add_message_model_and_checkin_reviewed`
Applying migration `20260612000001_message_rls`
Applying migration `20260613000000_message_rls_split_update`
Applying migration `20260613000001_message_fk_cascade`
Applying migration `20260613000002_message_thread_reverse_index`
Applying migration `20260614000000_coach_subscription_tier`
Applying migration `20260614065425_add_coach_first_payment_notification`
Applying migration `20260615000000_drop_coach_direct_enabled`
Applying migration `20260616000000_add_message_reports_and_user_blocks`
Applying migration `20260617000000_fix_message_report_rls_participation_check`
Applying migration `20260618000000_add_rls_payment_revenue_tables`
Applying migration `20260619000000_add_churn_intervention`
Applying migration `20260620000000_workout_builder_p1_fixes`
Applying migration `20260621000000_fix_workout_rls_policies`
Applying migration `20260701235900_add_sub_coach_role_value`
Applying migration `20260702000000_fix_workout_rls_coach_role`
Applying migration `20260703000000_add_coach_brief_generation_lease`
Applying migration `20260703000001_add_coach_brief_push_ledger`
Applying migration `20260703000002_add_coach_brief_check_constraints`
Applying migration `20260704000000_coach_brief_push_ledger_bounded_retry`
Applying migration `20260704000000_rls01_helper_searchpath_hibp`
Applying migration `20260704000001_coach_brief_cwa_index_concurrent`
Applying migration `20260801000000_r43_storefront_phase1`
Applying migration `20260803000000_share_token_21char_invalidate_legacy`
Applying migration `20260804000000_guest_checkout_retryable_conversion`
Applying migration `20260805000000_guest_checkout_pii_retention`
Applying migration `20260806000000_share_link_expiry_revoke`
Applying migration `20260901000000_r46_landing_page_builder_phase1`
Applying migration `20260902000000_r47_landing_pages_phase3_crm_sync`
Applying migration `20260903000000_r47_lead_sync_persistent_state`
Applying migration `20260903000000_r52_landing_pages_renderer_v2`
Applying migration `20260920000000_r48_checkout_hardening`
Applying migration `20260921000000_add_refunded_disputed_to_guest_checkout_status`
Applying migration `20261001000000_dunning_v1`
Applying migration `20261002000000_dunning_v1_send_retry_cas`
Applying migration `20261002000000_nudge_v1`
Applying migration `20261110000000_ai_action_draft_materialised`
Applying migration `20261201000000_stream2_ai_execution_draft_links`
Applying migration `20261202000000_pr3_drip_schema_foundation`
Applying migration `20261203000000_pr7_meal_plan_drip_drop_unique`
Applying migration `20261203100000_pr6_packages_publish_pricing`
Applying migration `20261204000000_pr9_drip_resolver_marker`
Applying migration `20261205000000_pr10_scheduled_drop_retry_lock`
Applying migration `20261206000000_pr12_coach_media_upload_status`
Applying migration `20261207000000_pr14_client_purchase_landing_page_id_and_guest_subscription`
Applying migration `20261207000001_pr14_client_purchase_landing_page_idx_concurrent`
Applying migration `20261208000000_pr15_coach_new_purchase_prefs`
Applying migration `20261209000000_pr17_scheduled_drop_push_seq`
Applying migration `20261210000000_pr_wave0_ai_quota_ltv_peak`
Applying migration `20261211000000_add_sleep_consistency_metrics`
Applying migration `20261211000001_seed_sleep_consistency_metric_defs`
Applying migration `20261212000000_community_v1_1_schema`
Applying migration `20261212000000_rls_helper_search_path`
Applying migration `20261212010000_rls_tier2_coach_team`
Applying migration `20261213000000_rls_tier1_phi_financial_privacy`
Applying migration `20261213000000_rls_tier2_sessions`
Applying migration `20261213000000_rls_tier3_nutrition`
Applying migration `20261213000000_rls_tier3_workouts`
Applying migration `20261213000000_rls_tier4_learning_analytics`
Applying migration `20261213000000_rls_tier5_notifications_community`
Applying migration `20261214000000_dunning_v2_lockout_recovery`
Applying migration `20261215000000_b5_digital_contracts`
Applying migration `20261215000000_mwb_1_data_model`
Applying migration `20261215000000_payouts_v2_bank_payout_methods`
Applying migration `20261215000100_seed_b5_contract_templates`
Applying migration `20261215000200_contracts_rls`
Applying migration `20261215000300_named_regimes_and_partial_refund_decision`
Applying migration `20261216000000_add_roman_chat`
Applying migration `20261216000100_add_plan_context_payload`
Applying migration `20261216000200_community_classroom_posts`
Applying migration `20261217000000_community_voice_notes`
Applying migration `20261217000100_community_search_index`
Applying migration `20261217000200_community_wearable_prompts`
Applying migration `20261218000000_add_coach_reviewed_at`
Applying migration `20261218000100_rls_partial_refund_decision`
Applying migration `20261218000200_rename_decided_by_coach_user_id`
Applying migration `20261219000000_community_wearable_prompts_uuid_id`
Applying migration `20261219000000_conv_review_coach_reviewed_at_idx`
Applying migration `20261220000000_talent_marketplace_rls`
Applying migration `20261220000010_marketplace_idempotency_claim_nonce`
Applying migration `20261220000020_marketplace_abuse_signal_rls`
Applying migration `20261220000030_marketplace_connect_event`
Applying migration `20261220000031_application_applicant_listing_unique`
Applying migration `20261221000000_enable_pg_stat_statements`
Applying migration `20261221010000_add_signup_ref_to_user`
Applying migration `20261222000000_add_extension_pair_codes`
Applying migration `20261222000000_scout_ingest_entity`
Applying migration `20261222000000_scout_progress_and_completion`
Applying migration `20261223000100_scout_import_state`
Applying migration `20261223000200_scout_reconstruction`
Applying migration `20261223000300_scout_reconstructed_entity`

The following migration(s) have been applied:

migrations/
  └─ 00000000000000_baseline/
    └─ migration.sql
  └─ 20260423190000_add_indexes_and_orphan_fks/
    └─ migration.sql
  └─ 20260424000000_add_invite_codes/
    └─ migration.sql
  └─ 20260424120000_add_coach_messages/
    └─ migration.sql
  └─ 20260424180000_add_coach_nudges/
    └─ migration.sql
  └─ 20260424200000_add_meal_plans_and_extend_checkins/
    └─ migration.sql
  └─ 20260425030000_add_community_win_and_coach_guideline/
    └─ migration.sql
  └─ 20260425030001_add_community_win_visibility/
    └─ migration.sql
  └─ 20260427000000_add_owner_role_and_coach_profile/
    └─ migration.sql
  └─ 20260427000100_add_saas_billing_and_drafts/
    └─ migration.sql
  └─ 20260427120000_add_audit_log_and_gdpr_lifecycle/
    └─ migration.sql
  └─ 20260428000000_add_client_coach_consent/
    └─ migration.sql
  └─ 20260429210000_add_diet_and_workout_cadence_to_user_profile/
    └─ migration.sql
  └─ 20260430000000_drop_doctrine_drift_remnants/
    └─ migration.sql
  └─ 20260430120000_add_equipment_access_to_user_profile/
    └─ migration.sql
  └─ 20260506000000_add_ptm_phase_1/
    └─ migration.sql
  └─ 20260506010000_add_diagnostic_engine/
    └─ migration.sql
  └─ 20260506020000_add_build_week/
    └─ migration.sql
  └─ 20260506030000_add_coach_signals/
    └─ migration.sql
  └─ 20260506040000_add_voice_notes_and_coach_onboarding/
    └─ migration.sql
  └─ 20260506050000_add_first_win/
    └─ migration.sql
  └─ 20260506060000_add_leaderboard/
    └─ migration.sql
  └─ 20260507000000_add_notification_center/
    └─ migration.sql
  └─ 20260507100000_add_gdpr_deletion_flow/
    └─ migration.sql
  └─ 20260508000000_add_data_export/
    └─ migration.sql
  └─ 20260508000000_add_workout_builder/
    └─ migration.sql
  └─ 20260508000001_rls_workout_builder/
    └─ migration.sql
  └─ 20260508000002_workout_exercise_soft_delete/
    └─ migration.sql
  └─ 20260508000003_workout_builder_idempotency_and_completion/
    └─ migration.sql
  └─ 20260509000000_add_sprint_b_macros_meals_insights/
    └─ migration.sql
  └─ 20260509120000_coach_practice_type_stage3/
    └─ migration.sql
  └─ 20260510000000_add_ai_gateway_audit_and_drafts/
    └─ migration.sql
  └─ 20260510000000_add_team_mode/
    └─ migration.sql
  └─ 20260510000001_team_audit_revenue_sharing_changed/
    └─ migration.sql
  └─ 20260511000000_add_bloodwork/
    └─ migration.sql
  └─ 20260512000000_concierge_scheduling/
    └─ migration.sql
  └─ 20260513000000_food_logger_trainerize_floor/
    └─ migration.sql
  └─ 20260515100000_add_secret_rotation_log/
    └─ migration.sql
  └─ 20260516000000_kms_wrap_bloodwork_and_calendar/
    └─ migration.sql
  └─ 20260517000000_booking_notifications/
    └─ migration.sql
  └─ 20260520000000_setnull_owner_rels/
    └─ migration.sql
  └─ 20260520000001_add_gcal_channel_tracking_to_calendar_connection/
    └─ migration.sql
  └─ 20260521000000_add_connect_account/
    └─ migration.sql
  └─ 20260524000000_add_sub_coach_assignment_and_idempotency/
    └─ migration.sql
  └─ 20260525000000_sub_coach_rls_and_fks/
    └─ migration.sql
  └─ 20260525120000_add_coach_brief_tables/
    └─ migration.sql
  └─ 20260525130000_add_coach_brief_last_push_date/
    └─ migration.sql
  └─ 20260525170000_data_export_one_active_per_user/
    └─ migration.sql
  └─ 20260525180000_recent_auth_nonce/
    └─ migration.sql
  └─ 20260528000000_stream1_coach_ai_credits/
    └─ migration.sql
  └─ 20260528120000_stream1_round1_fixes/
    └─ migration.sql
  └─ 20260530000000_coach_ai_engine_v1/
    └─ migration.sql
  └─ 20260531000000_wearables_foundation/
    └─ migration.sql
  └─ 20260601000000_add_connect_packages_purchases_customers/
    └─ migration.sql
  └─ 20260601000000_add_email_send_log/
    └─ migration.sql
  └─ 20260601000000_add_exercise_catalog_video/
    └─ migration.sql
  └─ 20260602000000_add_connect_fee_split_and_dunning/
    └─ migration.sql
  └─ 20260602000000_add_exercise_video_provider_fields/
    └─ migration.sql
  └─ 20260603000000_add_connect_payout_reconciliation_refund_dispute/
    └─ migration.sql
  └─ 20260604000000_add_team_profile_and_sub_coach_invite/
    └─ migration.sql
  └─ 20260604000001_subcoach_invite_token_hash/
    └─ migration.sql
  └─ 20260605000000_add_meal_plan_days_json/
    └─ migration.sql
  └─ 20260606000000_add_expo_push_token/
    └─ migration.sql
  └─ 20260606000001_payment_failure_event_unique/
    └─ migration.sql
  └─ 20260606000002_food_entry_client_uuid/
    └─ migration.sql
  └─ 20260606000003_rls_financial_tables/
    └─ migration.sql
  └─ 20260607000000_rls_remaining_gaps/
    └─ migration.sql
  └─ 20260607000001_workout_assignment_completion_payload/
    └─ migration.sql
  └─ 20260608000000_rls_team_tables/
    └─ migration.sql
  └─ 20260609000000_add_coach_direct_enabled/
    └─ migration.sql
  └─ 20260610000000_fasting_unique_active/
    └─ migration.sql
  └─ 20260611000000_invite_intended_email/
    └─ migration.sql
  └─ 20260611000001_messagedraft_rls/
    └─ migration.sql
  └─ 20260612000000_add_message_model_and_checkin_reviewed/
    └─ migration.sql
  └─ 20260612000001_message_rls/
    └─ migration.sql
  └─ 20260613000000_message_rls_split_update/
    └─ migration.sql
  └─ 20260613000001_message_fk_cascade/
    └─ migration.sql
  └─ 20260613000002_message_thread_reverse_index/
    └─ migration.sql
  └─ 20260614000000_coach_subscription_tier/
    └─ migration.sql
  └─ 20260614065425_add_coach_first_payment_notification/
    └─ migration.sql
  └─ 20260615000000_drop_coach_direct_enabled/
    └─ migration.sql
  └─ 20260616000000_add_message_reports_and_user_blocks/
    └─ migration.sql
  └─ 20260617000000_fix_message_report_rls_participation_check/
    └─ migration.sql
  └─ 20260618000000_add_rls_payment_revenue_tables/
    └─ migration.sql
  └─ 20260619000000_add_churn_intervention/
    └─ migration.sql
  └─ 20260620000000_workout_builder_p1_fixes/
    └─ migration.sql
  └─ 20260621000000_fix_workout_rls_policies/
    └─ migration.sql
  └─ 20260701235900_add_sub_coach_role_value/
    └─ migration.sql
  └─ 20260702000000_fix_workout_rls_coach_role/
    └─ migration.sql
  └─ 20260703000000_add_coach_brief_generation_lease/
    └─ migration.sql
  └─ 20260703000001_add_coach_brief_push_ledger/
    └─ migration.sql
  └─ 20260703000002_add_coach_brief_check_constraints/
    └─ migration.sql
  └─ 20260704000000_coach_brief_push_ledger_bounded_retry/
    └─ migration.sql
  └─ 20260704000000_rls01_helper_searchpath_hibp/
    └─ migration.sql
  └─ 20260704000001_coach_brief_cwa_index_concurrent/
    └─ migration.sql
  └─ 20260801000000_r43_storefront_phase1/
    └─ migration.sql
  └─ 20260803000000_share_token_21char_invalidate_legacy/
    └─ migration.sql
  └─ 20260804000000_guest_checkout_retryable_conversion/
    └─ migration.sql
  └─ 20260805000000_guest_checkout_pii_retention/
    └─ migration.sql
  └─ 20260806000000_share_link_expiry_revoke/
    └─ migration.sql
  └─ 20260901000000_r46_landing_page_builder_phase1/
    └─ migration.sql
  └─ 20260902000000_r47_landing_pages_phase3_crm_sync/
    └─ migration.sql
  └─ 20260903000000_r47_lead_sync_persistent_state/
    └─ migration.sql
  └─ 20260903000000_r52_landing_pages_renderer_v2/
    └─ migration.sql
  └─ 20260920000000_r48_checkout_hardening/
    └─ migration.sql
  └─ 20260921000000_add_refunded_disputed_to_guest_checkout_status/
    └─ migration.sql
  └─ 20261001000000_dunning_v1/
    └─ migration.sql
  └─ 20261002000000_dunning_v1_send_retry_cas/
    └─ migration.sql
  └─ 20261002000000_nudge_v1/
    └─ migration.sql
  └─ 20261110000000_ai_action_draft_materialised/
    └─ migration.sql
  └─ 20261201000000_stream2_ai_execution_draft_links/
    └─ migration.sql
  └─ 20261202000000_pr3_drip_schema_foundation/
    └─ migration.sql
  └─ 20261203000000_pr7_meal_plan_drip_drop_unique/
    └─ migration.sql
  └─ 20261203100000_pr6_packages_publish_pricing/
    └─ migration.sql
  └─ 20261204000000_pr9_drip_resolver_marker/
    └─ migration.sql
  └─ 20261205000000_pr10_scheduled_drop_retry_lock/
    └─ migration.sql
  └─ 20261206000000_pr12_coach_media_upload_status/
    └─ migration.sql
  └─ 20261207000000_pr14_client_purchase_landing_page_id_and_guest_subscription/
    └─ migration.sql
  └─ 20261207000001_pr14_client_purchase_landing_page_idx_concurrent/
    └─ migration.sql
  └─ 20261208000000_pr15_coach_new_purchase_prefs/
    └─ migration.sql
  └─ 20261209000000_pr17_scheduled_drop_push_seq/
    └─ migration.sql
  └─ 20261210000000_pr_wave0_ai_quota_ltv_peak/
    └─ migration.sql
  └─ 20261211000000_add_sleep_consistency_metrics/
    └─ migration.sql
  └─ 20261211000001_seed_sleep_consistency_metric_defs/
    └─ migration.sql
  └─ 20261212000000_community_v1_1_schema/
    └─ migration.sql
  └─ 20261212000000_rls_helper_search_path/
    └─ migration.sql
  └─ 20261212010000_rls_tier2_coach_team/
    └─ migration.sql
  └─ 20261213000000_rls_tier1_phi_financial_privacy/
    └─ migration.sql
  └─ 20261213000000_rls_tier2_sessions/
    └─ migration.sql
  └─ 20261213000000_rls_tier3_nutrition/
    └─ migration.sql
  └─ 20261213000000_rls_tier3_workouts/
    └─ migration.sql
  └─ 20261213000000_rls_tier4_learning_analytics/
    └─ migration.sql
  └─ 20261213000000_rls_tier5_notifications_community/
    └─ migration.sql
  └─ 20261214000000_dunning_v2_lockout_recovery/
    └─ migration.sql
  └─ 20261215000000_b5_digital_contracts/
    └─ migration.sql
  └─ 20261215000000_mwb_1_data_model/
    └─ migration.sql
  └─ 20261215000000_payouts_v2_bank_payout_methods/
    └─ migration.sql
  └─ 20261215000100_seed_b5_contract_templates/
    └─ migration.sql
  └─ 20261215000200_contracts_rls/
    └─ migration.sql
  └─ 20261215000300_named_regimes_and_partial_refund_decision/
    └─ migration.sql
  └─ 20261216000000_add_roman_chat/
    └─ migration.sql
  └─ 20261216000100_add_plan_context_payload/
    └─ migration.sql
  └─ 20261216000200_community_classroom_posts/
    └─ migration.sql
  └─ 20261217000000_community_voice_notes/
    └─ migration.sql
  └─ 20261217000100_community_search_index/
    └─ migration.sql
  └─ 20261217000200_community_wearable_prompts/
    └─ migration.sql
  └─ 20261218000000_add_coach_reviewed_at/
    └─ migration.sql
  └─ 20261218000100_rls_partial_refund_decision/
    └─ migration.sql
  └─ 20261218000200_rename_decided_by_coach_user_id/
    └─ migration.sql
  └─ 20261219000000_community_wearable_prompts_uuid_id/
    └─ migration.sql
  └─ 20261219000000_conv_review_coach_reviewed_at_idx/
    └─ migration.sql
  └─ 20261220000000_talent_marketplace_rls/
    └─ migration.sql
  └─ 20261220000010_marketplace_idempotency_claim_nonce/
    └─ migration.sql
  └─ 20261220000020_marketplace_abuse_signal_rls/
    └─ migration.sql
  └─ 20261220000030_marketplace_connect_event/
    └─ migration.sql
  └─ 20261220000031_application_applicant_listing_unique/
    └─ migration.sql
  └─ 20261221000000_enable_pg_stat_statements/
    └─ migration.sql
  └─ 20261221010000_add_signup_ref_to_user/
    └─ migration.sql
  └─ 20261222000000_add_extension_pair_codes/
    └─ migration.sql
  └─ 20261222000000_scout_ingest_entity/
    └─ migration.sql
  └─ 20261222000000_scout_progress_and_completion/
    └─ migration.sql
  └─ 20261223000100_scout_import_state/
    └─ migration.sql
  └─ 20261223000200_scout_reconstruction/
    └─ migration.sql
  └─ 20261223000300_scout_reconstructed_entity/
    └─ migration.sql
      
All migrations have been successfully applied.
psql:prisma/migrations/20261224000000_rls_close_public_exposure/verify.sql:157: ERROR:  S1-DB-01 VERIFY FAILED (241 problem(s)): "ClientAssetGrant": RLS not enabled; "ClientAssetGrant": RLS not forced; "ClientAssetGrant": service_role bypass policy missing; "ClientAssetGrant": restrictive deny-all policy for anon missing; "ClientAssetGrant": anon still holds SELECT; "ClientAssetGrant": anon still holds INSERT; "ClientAssetGrant": anon still holds UPDATE; "ClientAssetGrant": anon still holds DELETE; "ClientAssetGrant": restrictive deny-all policy for authenticated missing; "ClientAssetGrant": authenticated still holds SELECT; "ClientAssetGrant": authenticated still holds INSERT; "ClientAssetGrant": authenticated still holds UPDATE; "ClientAssetGrant": authenticated still holds DELETE; "CoachMediaAsset": RLS not enabled; "CoachMediaAsset": RLS not forced; "CoachMediaAsset": service_role bypass policy missing; "CoachMediaAsset": restrictive deny-all policy for anon missing; "CoachMediaAsset": anon still holds SELECT; "CoachMediaAsset": anon still holds INSERT; "CoachMediaAsset": anon still holds UPDATE; "CoachMediaAsset": anon still holds DELETE; "CoachMediaAsset": restrictive deny-all policy for authenticated missing; "CoachMediaAsset": authenticated still holds SELECT; "CoachMediaAsset": authenticated still holds INSERT; "CoachMediaAsset": authenticated still holds UPDATE; "CoachMediaAsset": authenticated still holds DELETE; "CoachPackageContent": RLS not enabled; "CoachPackageContent": RLS not forced; "CoachPackageContent": service_role bypass policy missing; "CoachPackageContent": restrictive deny-all policy for anon missing; "CoachPackageContent": anon still holds SELECT; "CoachPackageContent": anon still holds INSERT; "CoachPackageContent": anon still holds UPDATE; "CoachPackageContent": anon still holds DELETE; "CoachPackageContent": restrictive deny-all policy for authenticated missing; "CoachPackageContent": authenticated still holds SELECT; "CoachPackageContent": authenticated still holds INSERT; "CoachPackageContent": authenticated still holds UPDATE; "CoachPackageContent": authenticated still holds DELETE; "DripResolverMarker": RLS not enabled; "DripResolverMarker": RLS not forced; "DripResolverMarker": service_role bypass policy missing; "DripResolverMarker": restrictive deny-all policy for anon missing; "DripResolverMarker": anon still holds SELECT; "DripResolverMarker": anon still holds INSERT; "DripResolverMarker": anon still holds UPDATE; "DripResolverMarker": anon still holds DELETE; "DripResolverMarker": restrictive deny-all policy for authenticated missing; "DripResolverMarker": authenticated still holds SELECT; "DripResolverMarker": authenticated still holds INSERT; "DripResolverMarker": authenticated still holds UPDATE; "DripResolverMarker": authenticated still holds DELETE; "DunningAttempt": RLS not enabled; "DunningAttempt": RLS not forced; "DunningAttempt": service_role bypass policy missing; "DunningAttempt": restrictive deny-all policy for anon missing; "DunningAttempt": anon still holds SELECT; "DunningAttempt": anon still holds INSERT; "DunningAttempt": anon still holds UPDATE; "DunningAttempt": anon still holds DELETE; "DunningAttempt": restrictive deny-all policy for authenticated missing; "DunningAttempt": authenticated still holds SELECT; "DunningAttempt": authenticated still holds INSERT; "DunningAttempt": authenticated still holds UPDATE; "DunningAttempt": authenticated still holds DELETE; "MuxProcessedEvent": RLS not enabled; "MuxProcessedEvent": RLS not forced; "MuxProcessedEvent": service_role bypass policy missing; "MuxProcessedEvent": restrictive deny-all policy for anon missing; "MuxProcessedEvent": anon still holds SELECT; "MuxProcessedEvent": anon still holds INSERT; "MuxProcessedEvent": anon still holds UPDATE; "MuxProcessedEvent": anon still holds DELETE; "MuxProcessedEvent": restrictive deny-all policy for authenticated missing; "MuxProcessedEvent": authenticated still holds SELECT; "MuxProcessedEvent": authenticated still holds INSERT; "MuxProcessedEvent": authenticated still holds UPDATE; "MuxProcessedEvent": authenticated still holds DELETE; "NudgeLog": RLS not enabled; "NudgeLog": RLS not forced; "NudgeLog": service_role bypass policy missing; "NudgeLog": restrictive deny-all policy for anon missing; "NudgeLog": anon still holds SELECT; "NudgeLog": anon still holds INSERT; "NudgeLog": anon still holds UPDATE; "NudgeLog": anon still holds DELETE; "NudgeLog": restrictive deny-all policy for authenticated missing; "NudgeLog": authenticated still holds SELECT; "NudgeLog": authenticated still holds INSERT; "NudgeLog": authenticated still holds UPDATE; "NudgeLog": authenticated still holds DELETE; "PaymentRecoveryToken": RLS not enabled; "PaymentRecoveryToken": RLS not forced; "PaymentRecoveryToken": service_role bypass policy missing; "PaymentRecoveryToken": restrictive deny-all policy for anon missing; "PaymentRecoveryToken": anon still holds SELECT; "PaymentRecoveryToken": anon still holds INSERT; "PaymentRecoveryToken": anon still holds UPDATE; "PaymentRecoveryToken": anon still holds DELETE; "PaymentRecoveryToken": restrictive deny-all policy for authenticated missing; "PaymentRecoveryToken": authenticated still holds SELECT; "PaymentRecoveryToken": authenticated still holds INSERT; "PaymentRecoveryToken": authenticated still holds UPDATE; "PaymentRecoveryToken": authenticated still holds DELETE; "PayoutMethod": RLS not enabled; "PayoutMethod": RLS not forced; "PayoutMethod": service_role bypass policy missing; "PayoutMethod": restrictive deny-all policy for anon missing; "PayoutMethod": anon still holds SELECT; "PayoutMethod": anon still holds INSERT; "PayoutMethod": anon still holds UPDATE; "PayoutMethod": anon still holds DELETE; "PayoutMethod": restrictive deny-all policy for authenticated missing; "PayoutMethod": authenticated still holds SELECT; "PayoutMethod": authenticated still holds INSERT; "PayoutMethod": authenticated still holds UPDATE; "PayoutMethod": authenticated still holds DELETE; "PurchaseFanout": RLS not enabled; "PurchaseFanout": RLS not forced; "PurchaseFanout": service_role bypass policy missing; "PurchaseFanout": restrictive deny-all policy for anon missing; "PurchaseFanout": anon still holds SELECT; "PurchaseFanout": anon still holds INSERT; "PurchaseFanout": anon still holds UPDATE; "PurchaseFanout": anon still holds DELETE; "PurchaseFanout": restrictive deny-all policy for authenticated missing; "PurchaseFanout": authenticated still holds SELECT; "PurchaseFanout": authenticated still holds INSERT; "PurchaseFanout": authenticated still holds UPDATE; "PurchaseFanout": authenticated still holds DELETE; "ScheduledDrop": RLS not enabled; "ScheduledDrop": RLS not forced; "ScheduledDrop": service_role bypass policy missing; "ScheduledDrop": restrictive deny-all policy for anon missing; "ScheduledDrop": anon still holds SELECT; "ScheduledDrop": anon still holds INSERT; "ScheduledDrop": anon still holds UPDATE; "ScheduledDrop": anon still holds DELETE; "ScheduledDrop": restrictive deny-all policy for authenticated missing; "ScheduledDrop": authenticated still holds SELECT; "ScheduledDrop": authenticated still holds INSERT; "ScheduledDrop": authenticated still holds UPDATE; "ScheduledDrop": authenticated still holds DELETE; "UserAIQuota": RLS not enabled; "UserAIQuota": RLS not forced; "UserAIQuota": service_role bypass policy missing; "UserAIQuota": restrictive deny-all policy for anon missing; "UserAIQuota": anon still holds SELECT; "UserAIQuota": anon still holds INSERT; "UserAIQuota": anon still holds UPDATE; "UserAIQuota": anon still holds DELETE; "UserAIQuota": restrictive deny-all policy for authenticated missing; "UserAIQuota": authenticated still holds SELECT; "UserAIQuota": authenticated still holds INSERT; "UserAIQuota": authenticated still holds UPDATE; "UserAIQuota": authenticated still holds DELETE; coach_ltv_peak: RLS not enabled; coach_ltv_peak: RLS not forced; coach_ltv_peak: service_role bypass policy missing; coach_ltv_peak: restrictive deny-all policy for anon missing; coach_ltv_peak: anon still holds SELECT; coach_ltv_peak: anon still holds INSERT; coach_ltv_peak: anon still holds UPDATE; coach_ltv_peak: anon still holds DELETE; coach_ltv_peak: restrictive deny-all policy for authenticated missing; coach_ltv_peak: authenticated still holds SELECT; coach_ltv_peak: authenticated still holds INSERT; coach_ltv_peak: authenticated still holds UPDATE; coach_ltv_peak: authenticated still holds DELETE; recent_auth_nonce: RLS not enabled; recent_auth_nonce: RLS not forced; recent_auth_nonce: service_role bypass policy missing; recent_auth_nonce: restrictive deny-all policy for anon missing; recent_auth_nonce: anon still holds SELECT; recent_auth_nonce: anon still holds INSERT; recent_auth_nonce: anon still holds UPDATE; recent_auth_nonce: anon still holds DELETE; recent_auth_nonce: restrictive deny-all policy for authenticated missing; recent_auth_nonce: authenticated still holds SELECT; recent_auth_nonce: authenticated still holds INSERT; recent_auth_nonce: authenticated still holds UPDATE; recent_auth_nonce: authenticated still holds DELETE; community_messages_2026_12: RLS not enabled; community_messages_2026_12: RLS not forced; community_messages_2026_12: service_role bypass policy missing; community_messages_2026_12: restrictive deny-all policy for anon missing; community_messages_2026_12: anon still holds SELECT; community_messages_2026_12: anon still holds INSERT; community_messages_2026_12: anon still holds UPDATE; community_messages_2026_12: anon still holds DELETE; community_messages_2026_12: restrictive deny-all policy for authenticated missing; community_messages_2026_12: authenticated still holds SELECT; community_messages_2026_12: authenticated still holds INSERT; community_messages_2026_12: authenticated still holds UPDATE; community_messages_2026_12: authenticated still holds DELETE; community_messages_2027_01: RLS not enabled; community_messages_2027_01: RLS not forced; community_messages_2027_01: service_role bypass policy missing; community_messages_2027_01: restrictive deny-all policy for anon missing; community_messages_2027_01: anon still holds SELECT; community_messages_2027_01: anon still holds INSERT; community_messages_2027_01: anon still holds UPDATE; community_messages_2027_01: anon still holds DELETE; community_messages_2027_01: restrictive deny-all policy for authenticated missing; community_messages_2027_01: authenticated still holds SELECT; community_messages_2027_01: authenticated still holds INSERT; community_messages_2027_01: authenticated still holds UPDATE; community_messages_2027_01: authenticated still holds DELETE; community_messages_2027_02: RLS not enabled; community_messages_2027_02: RLS not forced; community_messages_2027_02: service_role bypass policy missing; community_messages_2027_02: restrictive deny-all policy for anon missing; community_messages_2027_02: anon still holds SELECT; community_messages_2027_02: anon still holds INSERT; community_messages_2027_02: anon still holds UPDATE; community_messages_2027_02: anon still holds DELETE; community_messages_2027_02: restrictive deny-all policy for authenticated missing; community_messages_2027_02: authenticated still holds SELECT; community_messages_2027_02: authenticated still holds INSERT; community_messages_2027_02: authenticated still holds UPDATE; community_messages_2027_02: authenticated still holds DELETE; community_messages_default: RLS not enabled; community_messages_default: RLS not forced; community_messages_default: service_role bypass policy missing; community_messages_default: restrictive deny-all policy for anon missing; community_messages_default: anon still holds SELECT; community_messages_default: anon still holds INSERT; community_messages_default: anon still holds UPDATE; community_messages_default: anon still holds DELETE; community_messages_default: restrictive deny-all policy for authenticated missing; community_messages_default: authenticated still holds SELECT; community_messages_default: authenticated still holds INSERT; community_messages_default: authenticated still holds UPDATE; community_messages_default: authenticated still holds DELETE; public.community_messages_create_month_partition: search_path not pinned; public.community_messages_create_month_partition: anon can EXECUTE; public.community_messages_create_month_partition: authenticated can EXECUTE; app.is_community_workspace_coach: search_path not pinned; app.is_community_workspace_member: search_path not pinned; app.shares_community_cohort: search_path not pinned; one or more S1-DB-01 functions missing
CONTEXT:  PL/pgSQL function inline_code_block line 136 at RAISE
Prisma schema loaded from ../../../../../tmp/tmp.KMwyla2FfU/prisma/schema.prisma
Datasource "db": PostgreSQL database "s1_rls_proof_lock", schema "public" at "127.0.0.1:54321"

164 migrations found in prisma/migrations

Applying migration `00000000000000_baseline`
Applying migration `20260423190000_add_indexes_and_orphan_fks`
Applying migration `20260424000000_add_invite_codes`
Applying migration `20260424120000_add_coach_messages`
Applying migration `20260424180000_add_coach_nudges`
Applying migration `20260424200000_add_meal_plans_and_extend_checkins`
Applying migration `20260425030000_add_community_win_and_coach_guideline`
Applying migration `20260425030001_add_community_win_visibility`
Applying migration `20260427000000_add_owner_role_and_coach_profile`
Applying migration `20260427000100_add_saas_billing_and_drafts`
Applying migration `20260427120000_add_audit_log_and_gdpr_lifecycle`
Applying migration `20260428000000_add_client_coach_consent`
Applying migration `20260429210000_add_diet_and_workout_cadence_to_user_profile`
Applying migration `20260430000000_drop_doctrine_drift_remnants`
Applying migration `20260430120000_add_equipment_access_to_user_profile`
Applying migration `20260506000000_add_ptm_phase_1`
Applying migration `20260506010000_add_diagnostic_engine`
Applying migration `20260506020000_add_build_week`
Applying migration `20260506030000_add_coach_signals`
Applying migration `20260506040000_add_voice_notes_and_coach_onboarding`
Applying migration `20260506050000_add_first_win`
Applying migration `20260506060000_add_leaderboard`
Applying migration `20260507000000_add_notification_center`
Applying migration `20260507100000_add_gdpr_deletion_flow`
Applying migration `20260508000000_add_data_export`
Applying migration `20260508000000_add_workout_builder`
Applying migration `20260508000001_rls_workout_builder`
Applying migration `20260508000002_workout_exercise_soft_delete`
Applying migration `20260508000003_workout_builder_idempotency_and_completion`
Applying migration `20260509000000_add_sprint_b_macros_meals_insights`
Applying migration `20260509120000_coach_practice_type_stage3`
Applying migration `20260510000000_add_ai_gateway_audit_and_drafts`
Applying migration `20260510000000_add_team_mode`
Applying migration `20260510000001_team_audit_revenue_sharing_changed`
Applying migration `20260511000000_add_bloodwork`
Applying migration `20260512000000_concierge_scheduling`
Applying migration `20260513000000_food_logger_trainerize_floor`
Applying migration `20260515100000_add_secret_rotation_log`
Applying migration `20260516000000_kms_wrap_bloodwork_and_calendar`
Applying migration `20260517000000_booking_notifications`
Applying migration `20260520000000_setnull_owner_rels`
Applying migration `20260520000001_add_gcal_channel_tracking_to_calendar_connection`
Applying migration `20260521000000_add_connect_account`
Applying migration `20260524000000_add_sub_coach_assignment_and_idempotency`
Applying migration `20260525000000_sub_coach_rls_and_fks`
Applying migration `20260525120000_add_coach_brief_tables`
Applying migration `20260525130000_add_coach_brief_last_push_date`
Applying migration `20260525170000_data_export_one_active_per_user`
Applying migration `20260525180000_recent_auth_nonce`
Applying migration `20260528000000_stream1_coach_ai_credits`
Applying migration `20260528120000_stream1_round1_fixes`
Applying migration `20260530000000_coach_ai_engine_v1`
Applying migration `20260531000000_wearables_foundation`
Applying migration `20260601000000_add_connect_packages_purchases_customers`
Applying migration `20260601000000_add_email_send_log`
Applying migration `20260601000000_add_exercise_catalog_video`
Applying migration `20260602000000_add_connect_fee_split_and_dunning`
Applying migration `20260602000000_add_exercise_video_provider_fields`
Applying migration `20260603000000_add_connect_payout_reconciliation_refund_dispute`
Applying migration `20260604000000_add_team_profile_and_sub_coach_invite`
Applying migration `20260604000001_subcoach_invite_token_hash`
Applying migration `20260605000000_add_meal_plan_days_json`
Applying migration `20260606000000_add_expo_push_token`
Applying migration `20260606000001_payment_failure_event_unique`
Applying migration `20260606000002_food_entry_client_uuid`
Applying migration `20260606000003_rls_financial_tables`
Applying migration `20260607000000_rls_remaining_gaps`
Applying migration `20260607000001_workout_assignment_completion_payload`
Applying migration `20260608000000_rls_team_tables`
Applying migration `20260609000000_add_coach_direct_enabled`
Applying migration `20260610000000_fasting_unique_active`
Applying migration `20260611000000_invite_intended_email`
Applying migration `20260611000001_messagedraft_rls`
Applying migration `20260612000000_add_message_model_and_checkin_reviewed`
Applying migration `20260612000001_message_rls`
Applying migration `20260613000000_message_rls_split_update`
Applying migration `20260613000001_message_fk_cascade`
Applying migration `20260613000002_message_thread_reverse_index`
Applying migration `20260614000000_coach_subscription_tier`
Applying migration `20260614065425_add_coach_first_payment_notification`
Applying migration `20260615000000_drop_coach_direct_enabled`
Applying migration `20260616000000_add_message_reports_and_user_blocks`
Applying migration `20260617000000_fix_message_report_rls_participation_check`
Applying migration `20260618000000_add_rls_payment_revenue_tables`
Applying migration `20260619000000_add_churn_intervention`
Applying migration `20260620000000_workout_builder_p1_fixes`
Applying migration `20260621000000_fix_workout_rls_policies`
Applying migration `20260701235900_add_sub_coach_role_value`
Applying migration `20260702000000_fix_workout_rls_coach_role`
Applying migration `20260703000000_add_coach_brief_generation_lease`
Applying migration `20260703000001_add_coach_brief_push_ledger`
Applying migration `20260703000002_add_coach_brief_check_constraints`
Applying migration `20260704000000_coach_brief_push_ledger_bounded_retry`
Applying migration `20260704000000_rls01_helper_searchpath_hibp`
Applying migration `20260704000001_coach_brief_cwa_index_concurrent`
Applying migration `20260801000000_r43_storefront_phase1`
Applying migration `20260803000000_share_token_21char_invalidate_legacy`
Applying migration `20260804000000_guest_checkout_retryable_conversion`
Applying migration `20260805000000_guest_checkout_pii_retention`
Applying migration `20260806000000_share_link_expiry_revoke`
Applying migration `20260901000000_r46_landing_page_builder_phase1`
Applying migration `20260902000000_r47_landing_pages_phase3_crm_sync`
Applying migration `20260903000000_r47_lead_sync_persistent_state`
Applying migration `20260903000000_r52_landing_pages_renderer_v2`
Applying migration `20260920000000_r48_checkout_hardening`
Applying migration `20260921000000_add_refunded_disputed_to_guest_checkout_status`
Applying migration `20261001000000_dunning_v1`
Applying migration `20261002000000_dunning_v1_send_retry_cas`
Applying migration `20261002000000_nudge_v1`
Applying migration `20261110000000_ai_action_draft_materialised`
Applying migration `20261201000000_stream2_ai_execution_draft_links`
Applying migration `20261202000000_pr3_drip_schema_foundation`
Applying migration `20261203000000_pr7_meal_plan_drip_drop_unique`
Applying migration `20261203100000_pr6_packages_publish_pricing`
Applying migration `20261204000000_pr9_drip_resolver_marker`
Applying migration `20261205000000_pr10_scheduled_drop_retry_lock`
Applying migration `20261206000000_pr12_coach_media_upload_status`
Applying migration `20261207000000_pr14_client_purchase_landing_page_id_and_guest_subscription`
Applying migration `20261207000001_pr14_client_purchase_landing_page_idx_concurrent`
Applying migration `20261208000000_pr15_coach_new_purchase_prefs`
Applying migration `20261209000000_pr17_scheduled_drop_push_seq`
Applying migration `20261210000000_pr_wave0_ai_quota_ltv_peak`
Applying migration `20261211000000_add_sleep_consistency_metrics`
Applying migration `20261211000001_seed_sleep_consistency_metric_defs`
Applying migration `20261212000000_community_v1_1_schema`
Applying migration `20261212000000_rls_helper_search_path`
Applying migration `20261212010000_rls_tier2_coach_team`
Applying migration `20261213000000_rls_tier1_phi_financial_privacy`
Applying migration `20261213000000_rls_tier2_sessions`
Applying migration `20261213000000_rls_tier3_nutrition`
Applying migration `20261213000000_rls_tier3_workouts`
Applying migration `20261213000000_rls_tier4_learning_analytics`
Applying migration `20261213000000_rls_tier5_notifications_community`
Applying migration `20261214000000_dunning_v2_lockout_recovery`
Applying migration `20261215000000_b5_digital_contracts`
Applying migration `20261215000000_mwb_1_data_model`
Applying migration `20261215000000_payouts_v2_bank_payout_methods`
Applying migration `20261215000100_seed_b5_contract_templates`
Applying migration `20261215000200_contracts_rls`
Applying migration `20261215000300_named_regimes_and_partial_refund_decision`
Applying migration `20261216000000_add_roman_chat`
Applying migration `20261216000100_add_plan_context_payload`
Applying migration `20261216000200_community_classroom_posts`
Applying migration `20261217000000_community_voice_notes`
Applying migration `20261217000100_community_search_index`
Applying migration `20261217000200_community_wearable_prompts`
Applying migration `20261218000000_add_coach_reviewed_at`
Applying migration `20261218000100_rls_partial_refund_decision`
Applying migration `20261218000200_rename_decided_by_coach_user_id`
Applying migration `20261219000000_community_wearable_prompts_uuid_id`
Applying migration `20261219000000_conv_review_coach_reviewed_at_idx`
Applying migration `20261220000000_talent_marketplace_rls`
Applying migration `20261220000010_marketplace_idempotency_claim_nonce`
Applying migration `20261220000020_marketplace_abuse_signal_rls`
Applying migration `20261220000030_marketplace_connect_event`
Applying migration `20261220000031_application_applicant_listing_unique`
Applying migration `20261221000000_enable_pg_stat_statements`
Applying migration `20261221010000_add_signup_ref_to_user`
Applying migration `20261222000000_add_extension_pair_codes`
Applying migration `20261222000000_scout_ingest_entity`
Applying migration `20261222000000_scout_progress_and_completion`
Applying migration `20261223000100_scout_import_state`
Applying migration `20261223000200_scout_reconstruction`
Applying migration `20261223000300_scout_reconstructed_entity`

The following migration(s) have been applied:

migrations/
  └─ 00000000000000_baseline/
    └─ migration.sql
  └─ 20260423190000_add_indexes_and_orphan_fks/
    └─ migration.sql
  └─ 20260424000000_add_invite_codes/
    └─ migration.sql
  └─ 20260424120000_add_coach_messages/
    └─ migration.sql
  └─ 20260424180000_add_coach_nudges/
    └─ migration.sql
  └─ 20260424200000_add_meal_plans_and_extend_checkins/
    └─ migration.sql
  └─ 20260425030000_add_community_win_and_coach_guideline/
    └─ migration.sql
  └─ 20260425030001_add_community_win_visibility/
    └─ migration.sql
  └─ 20260427000000_add_owner_role_and_coach_profile/
    └─ migration.sql
  └─ 20260427000100_add_saas_billing_and_drafts/
    └─ migration.sql
  └─ 20260427120000_add_audit_log_and_gdpr_lifecycle/
    └─ migration.sql
  └─ 20260428000000_add_client_coach_consent/
    └─ migration.sql
  └─ 20260429210000_add_diet_and_workout_cadence_to_user_profile/
    └─ migration.sql
  └─ 20260430000000_drop_doctrine_drift_remnants/
    └─ migration.sql
  └─ 20260430120000_add_equipment_access_to_user_profile/
    └─ migration.sql
  └─ 20260506000000_add_ptm_phase_1/
    └─ migration.sql
  └─ 20260506010000_add_diagnostic_engine/
    └─ migration.sql
  └─ 20260506020000_add_build_week/
    └─ migration.sql
  └─ 20260506030000_add_coach_signals/
    └─ migration.sql
  └─ 20260506040000_add_voice_notes_and_coach_onboarding/
    └─ migration.sql
  └─ 20260506050000_add_first_win/
    └─ migration.sql
  └─ 20260506060000_add_leaderboard/
    └─ migration.sql
  └─ 20260507000000_add_notification_center/
    └─ migration.sql
  └─ 20260507100000_add_gdpr_deletion_flow/
    └─ migration.sql
  └─ 20260508000000_add_data_export/
    └─ migration.sql
  └─ 20260508000000_add_workout_builder/
    └─ migration.sql
  └─ 20260508000001_rls_workout_builder/
    └─ migration.sql
  └─ 20260508000002_workout_exercise_soft_delete/
    └─ migration.sql
  └─ 20260508000003_workout_builder_idempotency_and_completion/
    └─ migration.sql
  └─ 20260509000000_add_sprint_b_macros_meals_insights/
    └─ migration.sql
  └─ 20260509120000_coach_practice_type_stage3/
    └─ migration.sql
  └─ 20260510000000_add_ai_gateway_audit_and_drafts/
    └─ migration.sql
  └─ 20260510000000_add_team_mode/
    └─ migration.sql
  └─ 20260510000001_team_audit_revenue_sharing_changed/
    └─ migration.sql
  └─ 20260511000000_add_bloodwork/
    └─ migration.sql
  └─ 20260512000000_concierge_scheduling/
    └─ migration.sql
  └─ 20260513000000_food_logger_trainerize_floor/
    └─ migration.sql
  └─ 20260515100000_add_secret_rotation_log/
    └─ migration.sql
  └─ 20260516000000_kms_wrap_bloodwork_and_calendar/
    └─ migration.sql
  └─ 20260517000000_booking_notifications/
    └─ migration.sql
  └─ 20260520000000_setnull_owner_rels/
    └─ migration.sql
  └─ 20260520000001_add_gcal_channel_tracking_to_calendar_connection/
    └─ migration.sql
  └─ 20260521000000_add_connect_account/
    └─ migration.sql
  └─ 20260524000000_add_sub_coach_assignment_and_idempotency/
    └─ migration.sql
  └─ 20260525000000_sub_coach_rls_and_fks/
    └─ migration.sql
  └─ 20260525120000_add_coach_brief_tables/
    └─ migration.sql
  └─ 20260525130000_add_coach_brief_last_push_date/
    └─ migration.sql
  └─ 20260525170000_data_export_one_active_per_user/
    └─ migration.sql
  └─ 20260525180000_recent_auth_nonce/
    └─ migration.sql
  └─ 20260528000000_stream1_coach_ai_credits/
    └─ migration.sql
  └─ 20260528120000_stream1_round1_fixes/
    └─ migration.sql
  └─ 20260530000000_coach_ai_engine_v1/
    └─ migration.sql
  └─ 20260531000000_wearables_foundation/
    └─ migration.sql
  └─ 20260601000000_add_connect_packages_purchases_customers/
    └─ migration.sql
  └─ 20260601000000_add_email_send_log/
    └─ migration.sql
  └─ 20260601000000_add_exercise_catalog_video/
    └─ migration.sql
  └─ 20260602000000_add_connect_fee_split_and_dunning/
    └─ migration.sql
  └─ 20260602000000_add_exercise_video_provider_fields/
    └─ migration.sql
  └─ 20260603000000_add_connect_payout_reconciliation_refund_dispute/
    └─ migration.sql
  └─ 20260604000000_add_team_profile_and_sub_coach_invite/
    └─ migration.sql
  └─ 20260604000001_subcoach_invite_token_hash/
    └─ migration.sql
  └─ 20260605000000_add_meal_plan_days_json/
    └─ migration.sql
  └─ 20260606000000_add_expo_push_token/
    └─ migration.sql
  └─ 20260606000001_payment_failure_event_unique/
    └─ migration.sql
  └─ 20260606000002_food_entry_client_uuid/
    └─ migration.sql
  └─ 20260606000003_rls_financial_tables/
    └─ migration.sql
  └─ 20260607000000_rls_remaining_gaps/
    └─ migration.sql
  └─ 20260607000001_workout_assignment_completion_payload/
    └─ migration.sql
  └─ 20260608000000_rls_team_tables/
    └─ migration.sql
  └─ 20260609000000_add_coach_direct_enabled/
    └─ migration.sql
  └─ 20260610000000_fasting_unique_active/
    └─ migration.sql
  └─ 20260611000000_invite_intended_email/
    └─ migration.sql
  └─ 20260611000001_messagedraft_rls/
    └─ migration.sql
  └─ 20260612000000_add_message_model_and_checkin_reviewed/
    └─ migration.sql
  └─ 20260612000001_message_rls/
    └─ migration.sql
  └─ 20260613000000_message_rls_split_update/
    └─ migration.sql
  └─ 20260613000001_message_fk_cascade/
    └─ migration.sql
  └─ 20260613000002_message_thread_reverse_index/
    └─ migration.sql
  └─ 20260614000000_coach_subscription_tier/
    └─ migration.sql
  └─ 20260614065425_add_coach_first_payment_notification/
    └─ migration.sql
  └─ 20260615000000_drop_coach_direct_enabled/
    └─ migration.sql
  └─ 20260616000000_add_message_reports_and_user_blocks/
    └─ migration.sql
  └─ 20260617000000_fix_message_report_rls_participation_check/
    └─ migration.sql
  └─ 20260618000000_add_rls_payment_revenue_tables/
    └─ migration.sql
  └─ 20260619000000_add_churn_intervention/
    └─ migration.sql
  └─ 20260620000000_workout_builder_p1_fixes/
    └─ migration.sql
  └─ 20260621000000_fix_workout_rls_policies/
    └─ migration.sql
  └─ 20260701235900_add_sub_coach_role_value/
    └─ migration.sql
  └─ 20260702000000_fix_workout_rls_coach_role/
    └─ migration.sql
  └─ 20260703000000_add_coach_brief_generation_lease/
    └─ migration.sql
  └─ 20260703000001_add_coach_brief_push_ledger/
    └─ migration.sql
  └─ 20260703000002_add_coach_brief_check_constraints/
    └─ migration.sql
  └─ 20260704000000_coach_brief_push_ledger_bounded_retry/
    └─ migration.sql
  └─ 20260704000000_rls01_helper_searchpath_hibp/
    └─ migration.sql
  └─ 20260704000001_coach_brief_cwa_index_concurrent/
    └─ migration.sql
  └─ 20260801000000_r43_storefront_phase1/
    └─ migration.sql
  └─ 20260803000000_share_token_21char_invalidate_legacy/
    └─ migration.sql
  └─ 20260804000000_guest_checkout_retryable_conversion/
    └─ migration.sql
  └─ 20260805000000_guest_checkout_pii_retention/
    └─ migration.sql
  └─ 20260806000000_share_link_expiry_revoke/
    └─ migration.sql
  └─ 20260901000000_r46_landing_page_builder_phase1/
    └─ migration.sql
  └─ 20260902000000_r47_landing_pages_phase3_crm_sync/
    └─ migration.sql
  └─ 20260903000000_r47_lead_sync_persistent_state/
    └─ migration.sql
  └─ 20260903000000_r52_landing_pages_renderer_v2/
    └─ migration.sql
  └─ 20260920000000_r48_checkout_hardening/
    └─ migration.sql
  └─ 20260921000000_add_refunded_disputed_to_guest_checkout_status/
    └─ migration.sql
  └─ 20261001000000_dunning_v1/
    └─ migration.sql
  └─ 20261002000000_dunning_v1_send_retry_cas/
    └─ migration.sql
  └─ 20261002000000_nudge_v1/
    └─ migration.sql
  └─ 20261110000000_ai_action_draft_materialised/
    └─ migration.sql
  └─ 20261201000000_stream2_ai_execution_draft_links/
    └─ migration.sql
  └─ 20261202000000_pr3_drip_schema_foundation/
    └─ migration.sql
  └─ 20261203000000_pr7_meal_plan_drip_drop_unique/
    └─ migration.sql
  └─ 20261203100000_pr6_packages_publish_pricing/
    └─ migration.sql
  └─ 20261204000000_pr9_drip_resolver_marker/
    └─ migration.sql
  └─ 20261205000000_pr10_scheduled_drop_retry_lock/
    └─ migration.sql
  └─ 20261206000000_pr12_coach_media_upload_status/
    └─ migration.sql
  └─ 20261207000000_pr14_client_purchase_landing_page_id_and_guest_subscription/
    └─ migration.sql
  └─ 20261207000001_pr14_client_purchase_landing_page_idx_concurrent/
    └─ migration.sql
  └─ 20261208000000_pr15_coach_new_purchase_prefs/
    └─ migration.sql
  └─ 20261209000000_pr17_scheduled_drop_push_seq/
    └─ migration.sql
  └─ 20261210000000_pr_wave0_ai_quota_ltv_peak/
    └─ migration.sql
  └─ 20261211000000_add_sleep_consistency_metrics/
    └─ migration.sql
  └─ 20261211000001_seed_sleep_consistency_metric_defs/
    └─ migration.sql
  └─ 20261212000000_community_v1_1_schema/
    └─ migration.sql
  └─ 20261212000000_rls_helper_search_path/
    └─ migration.sql
  └─ 20261212010000_rls_tier2_coach_team/
    └─ migration.sql
  └─ 20261213000000_rls_tier1_phi_financial_privacy/
    └─ migration.sql
  └─ 20261213000000_rls_tier2_sessions/
    └─ migration.sql
  └─ 20261213000000_rls_tier3_nutrition/
    └─ migration.sql
  └─ 20261213000000_rls_tier3_workouts/
    └─ migration.sql
  └─ 20261213000000_rls_tier4_learning_analytics/
    └─ migration.sql
  └─ 20261213000000_rls_tier5_notifications_community/
    └─ migration.sql
  └─ 20261214000000_dunning_v2_lockout_recovery/
    └─ migration.sql
  └─ 20261215000000_b5_digital_contracts/
    └─ migration.sql
  └─ 20261215000000_mwb_1_data_model/
    └─ migration.sql
  └─ 20261215000000_payouts_v2_bank_payout_methods/
    └─ migration.sql
  └─ 20261215000100_seed_b5_contract_templates/
    └─ migration.sql
  └─ 20261215000200_contracts_rls/
    └─ migration.sql
  └─ 20261215000300_named_regimes_and_partial_refund_decision/
    └─ migration.sql
  └─ 20261216000000_add_roman_chat/
    └─ migration.sql
  └─ 20261216000100_add_plan_context_payload/
    └─ migration.sql
  └─ 20261216000200_community_classroom_posts/
    └─ migration.sql
  └─ 20261217000000_community_voice_notes/
    └─ migration.sql
  └─ 20261217000100_community_search_index/
    └─ migration.sql
  └─ 20261217000200_community_wearable_prompts/
    └─ migration.sql
  └─ 20261218000000_add_coach_reviewed_at/
    └─ migration.sql
  └─ 20261218000100_rls_partial_refund_decision/
    └─ migration.sql
  └─ 20261218000200_rename_decided_by_coach_user_id/
    └─ migration.sql
  └─ 20261219000000_community_wearable_prompts_uuid_id/
    └─ migration.sql
  └─ 20261219000000_conv_review_coach_reviewed_at_idx/
    └─ migration.sql
  └─ 20261220000000_talent_marketplace_rls/
    └─ migration.sql
  └─ 20261220000010_marketplace_idempotency_claim_nonce/
    └─ migration.sql
  └─ 20261220000020_marketplace_abuse_signal_rls/
    └─ migration.sql
  └─ 20261220000030_marketplace_connect_event/
    └─ migration.sql
  └─ 20261220000031_application_applicant_listing_unique/
    └─ migration.sql
  └─ 20261221000000_enable_pg_stat_statements/
    └─ migration.sql
  └─ 20261221010000_add_signup_ref_to_user/
    └─ migration.sql
  └─ 20261222000000_add_extension_pair_codes/
    └─ migration.sql
  └─ 20261222000000_scout_ingest_entity/
    └─ migration.sql
  └─ 20261222000000_scout_progress_and_completion/
    └─ migration.sql
  └─ 20261223000100_scout_import_state/
    └─ migration.sql
  └─ 20261223000200_scout_reconstruction/
    └─ migration.sql
  └─ 20261223000300_scout_reconstructed_entity/
    └─ migration.sql
      
All migrations have been successfully applied.
psql:prisma/migrations/20261224000000_rls_close_public_exposure/migration.sql:129: ERROR:  55P03: canceling statement due to lock timeout
CONTEXT:  SQL statement "ALTER TABLE public."DunningAttempt" ENABLE ROW LEVEL SECURITY"
PL/pgSQL function inline_code_block line 23 at EXECUTE
LOCATION:  ProcessInterrupts, postgres.c:3400
Prisma schema loaded from prisma/schema.prisma
Datasource "db": PostgreSQL database "s1_rls_proof_lock", schema "public" at "127.0.0.1:54321"

165 migrations found in prisma/migrations

Applying migration `20261224000000_rls_close_public_exposure`
Error: P3018

A migration failed to apply. New migrations cannot be applied before the error is recovered from. Read more about how to resolve migration issues in a production database: https://pris.ly/d/migrate-resolve

Migration name: 20261224000000_rls_close_public_exposure

Database error code: 55P03

Database error:
ERROR: canceling statement due to lock timeout

DbError { severity: "ERROR", parsed_severity: Some(Error), code: SqlState(E55P03), message: "canceling statement due to lock timeout", detail: None, hint: None, position: None, where_: Some("SQL statement \"ALTER TABLE public.\"DunningAttempt\" ENABLE ROW LEVEL SECURITY\"\nPL/pgSQL function inline_code_block line 23 at EXECUTE"), schema: None, table: None, column: None, datatype: None, constraint: None, file: Some("postgres.c"), line: Some(3400), routine: Some("ProcessInterrupts") }


psql:prisma/migrations/20261224000000_rls_close_public_exposure/verify.sql:157: ERROR:  S1-DB-01 VERIFY FAILED (241 problem(s)): "ClientAssetGrant": RLS not enabled; "ClientAssetGrant": RLS not forced; "ClientAssetGrant": service_role bypass policy missing; "ClientAssetGrant": restrictive deny-all policy for anon missing; "ClientAssetGrant": anon still holds SELECT; "ClientAssetGrant": anon still holds INSERT; "ClientAssetGrant": anon still holds UPDATE; "ClientAssetGrant": anon still holds DELETE; "ClientAssetGrant": restrictive deny-all policy for authenticated missing; "ClientAssetGrant": authenticated still holds SELECT; "ClientAssetGrant": authenticated still holds INSERT; "ClientAssetGrant": authenticated still holds UPDATE; "ClientAssetGrant": authenticated still holds DELETE; "CoachMediaAsset": RLS not enabled; "CoachMediaAsset": RLS not forced; "CoachMediaAsset": service_role bypass policy missing; "CoachMediaAsset": restrictive deny-all policy for anon missing; "CoachMediaAsset": anon still holds SELECT; "CoachMediaAsset": anon still holds INSERT; "CoachMediaAsset": anon still holds UPDATE; "CoachMediaAsset": anon still holds DELETE; "CoachMediaAsset": restrictive deny-all policy for authenticated missing; "CoachMediaAsset": authenticated still holds SELECT; "CoachMediaAsset": authenticated still holds INSERT; "CoachMediaAsset": authenticated still holds UPDATE; "CoachMediaAsset": authenticated still holds DELETE; "CoachPackageContent": RLS not enabled; "CoachPackageContent": RLS not forced; "CoachPackageContent": service_role bypass policy missing; "CoachPackageContent": restrictive deny-all policy for anon missing; "CoachPackageContent": anon still holds SELECT; "CoachPackageContent": anon still holds INSERT; "CoachPackageContent": anon still holds UPDATE; "CoachPackageContent": anon still holds DELETE; "CoachPackageContent": restrictive deny-all policy for authenticated missing; "CoachPackageContent": authenticated still holds SELECT; "CoachPackageContent": authenticated still holds INSERT; "CoachPackageContent": authenticated still holds UPDATE; "CoachPackageContent": authenticated still holds DELETE; "DripResolverMarker": RLS not enabled; "DripResolverMarker": RLS not forced; "DripResolverMarker": service_role bypass policy missing; "DripResolverMarker": restrictive deny-all policy for anon missing; "DripResolverMarker": anon still holds SELECT; "DripResolverMarker": anon still holds INSERT; "DripResolverMarker": anon still holds UPDATE; "DripResolverMarker": anon still holds DELETE; "DripResolverMarker": restrictive deny-all policy for authenticated missing; "DripResolverMarker": authenticated still holds SELECT; "DripResolverMarker": authenticated still holds INSERT; "DripResolverMarker": authenticated still holds UPDATE; "DripResolverMarker": authenticated still holds DELETE; "DunningAttempt": RLS not enabled; "DunningAttempt": RLS not forced; "DunningAttempt": service_role bypass policy missing; "DunningAttempt": restrictive deny-all policy for anon missing; "DunningAttempt": anon still holds SELECT; "DunningAttempt": anon still holds INSERT; "DunningAttempt": anon still holds UPDATE; "DunningAttempt": anon still holds DELETE; "DunningAttempt": restrictive deny-all policy for authenticated missing; "DunningAttempt": authenticated still holds SELECT; "DunningAttempt": authenticated still holds INSERT; "DunningAttempt": authenticated still holds UPDATE; "DunningAttempt": authenticated still holds DELETE; "MuxProcessedEvent": RLS not enabled; "MuxProcessedEvent": RLS not forced; "MuxProcessedEvent": service_role bypass policy missing; "MuxProcessedEvent": restrictive deny-all policy for anon missing; "MuxProcessedEvent": anon still holds SELECT; "MuxProcessedEvent": anon still holds INSERT; "MuxProcessedEvent": anon still holds UPDATE; "MuxProcessedEvent": anon still holds DELETE; "MuxProcessedEvent": restrictive deny-all policy for authenticated missing; "MuxProcessedEvent": authenticated still holds SELECT; "MuxProcessedEvent": authenticated still holds INSERT; "MuxProcessedEvent": authenticated still holds UPDATE; "MuxProcessedEvent": authenticated still holds DELETE; "NudgeLog": RLS not enabled; "NudgeLog": RLS not forced; "NudgeLog": service_role bypass policy missing; "NudgeLog": restrictive deny-all policy for anon missing; "NudgeLog": anon still holds SELECT; "NudgeLog": anon still holds INSERT; "NudgeLog": anon still holds UPDATE; "NudgeLog": anon still holds DELETE; "NudgeLog": restrictive deny-all policy for authenticated missing; "NudgeLog": authenticated still holds SELECT; "NudgeLog": authenticated still holds INSERT; "NudgeLog": authenticated still holds UPDATE; "NudgeLog": authenticated still holds DELETE; "PaymentRecoveryToken": RLS not enabled; "PaymentRecoveryToken": RLS not forced; "PaymentRecoveryToken": service_role bypass policy missing; "PaymentRecoveryToken": restrictive deny-all policy for anon missing; "PaymentRecoveryToken": anon still holds SELECT; "PaymentRecoveryToken": anon still holds INSERT; "PaymentRecoveryToken": anon still holds UPDATE; "PaymentRecoveryToken": anon still holds DELETE; "PaymentRecoveryToken": restrictive deny-all policy for authenticated missing; "PaymentRecoveryToken": authenticated still holds SELECT; "PaymentRecoveryToken": authenticated still holds INSERT; "PaymentRecoveryToken": authenticated still holds UPDATE; "PaymentRecoveryToken": authenticated still holds DELETE; "PayoutMethod": RLS not enabled; "PayoutMethod": RLS not forced; "PayoutMethod": service_role bypass policy missing; "PayoutMethod": restrictive deny-all policy for anon missing; "PayoutMethod": anon still holds SELECT; "PayoutMethod": anon still holds INSERT; "PayoutMethod": anon still holds UPDATE; "PayoutMethod": anon still holds DELETE; "PayoutMethod": restrictive deny-all policy for authenticated missing; "PayoutMethod": authenticated still holds SELECT; "PayoutMethod": authenticated still holds INSERT; "PayoutMethod": authenticated still holds UPDATE; "PayoutMethod": authenticated still holds DELETE; "PurchaseFanout": RLS not enabled; "PurchaseFanout": RLS not forced; "PurchaseFanout": service_role bypass policy missing; "PurchaseFanout": restrictive deny-all policy for anon missing; "PurchaseFanout": anon still holds SELECT; "PurchaseFanout": anon still holds INSERT; "PurchaseFanout": anon still holds UPDATE; "PurchaseFanout": anon still holds DELETE; "PurchaseFanout": restrictive deny-all policy for authenticated missing; "PurchaseFanout": authenticated still holds SELECT; "PurchaseFanout": authenticated still holds INSERT; "PurchaseFanout": authenticated still holds UPDATE; "PurchaseFanout": authenticated still holds DELETE; "ScheduledDrop": RLS not enabled; "ScheduledDrop": RLS not forced; "ScheduledDrop": service_role bypass policy missing; "ScheduledDrop": restrictive deny-all policy for anon missing; "ScheduledDrop": anon still holds SELECT; "ScheduledDrop": anon still holds INSERT; "ScheduledDrop": anon still holds UPDATE; "ScheduledDrop": anon still holds DELETE; "ScheduledDrop": restrictive deny-all policy for authenticated missing; "ScheduledDrop": authenticated still holds SELECT; "ScheduledDrop": authenticated still holds INSERT; "ScheduledDrop": authenticated still holds UPDATE; "ScheduledDrop": authenticated still holds DELETE; "UserAIQuota": RLS not enabled; "UserAIQuota": RLS not forced; "UserAIQuota": service_role bypass policy missing; "UserAIQuota": restrictive deny-all policy for anon missing; "UserAIQuota": anon still holds SELECT; "UserAIQuota": anon still holds INSERT; "UserAIQuota": anon still holds UPDATE; "UserAIQuota": anon still holds DELETE; "UserAIQuota": restrictive deny-all policy for authenticated missing; "UserAIQuota": authenticated still holds SELECT; "UserAIQuota": authenticated still holds INSERT; "UserAIQuota": authenticated still holds UPDATE; "UserAIQuota": authenticated still holds DELETE; coach_ltv_peak: RLS not enabled; coach_ltv_peak: RLS not forced; coach_ltv_peak: service_role bypass policy missing; coach_ltv_peak: restrictive deny-all policy for anon missing; coach_ltv_peak: anon still holds SELECT; coach_ltv_peak: anon still holds INSERT; coach_ltv_peak: anon still holds UPDATE; coach_ltv_peak: anon still holds DELETE; coach_ltv_peak: restrictive deny-all policy for authenticated missing; coach_ltv_peak: authenticated still holds SELECT; coach_ltv_peak: authenticated still holds INSERT; coach_ltv_peak: authenticated still holds UPDATE; coach_ltv_peak: authenticated still holds DELETE; recent_auth_nonce: RLS not enabled; recent_auth_nonce: RLS not forced; recent_auth_nonce: service_role bypass policy missing; recent_auth_nonce: restrictive deny-all policy for anon missing; recent_auth_nonce: anon still holds SELECT; recent_auth_nonce: anon still holds INSERT; recent_auth_nonce: anon still holds UPDATE; recent_auth_nonce: anon still holds DELETE; recent_auth_nonce: restrictive deny-all policy for authenticated missing; recent_auth_nonce: authenticated still holds SELECT; recent_auth_nonce: authenticated still holds INSERT; recent_auth_nonce: authenticated still holds UPDATE; recent_auth_nonce: authenticated still holds DELETE; community_messages_2026_12: RLS not enabled; community_messages_2026_12: RLS not forced; community_messages_2026_12: service_role bypass policy missing; community_messages_2026_12: restrictive deny-all policy for anon missing; community_messages_2026_12: anon still holds SELECT; community_messages_2026_12: anon still holds INSERT; community_messages_2026_12: anon still holds UPDATE; community_messages_2026_12: anon still holds DELETE; community_messages_2026_12: restrictive deny-all policy for authenticated missing; community_messages_2026_12: authenticated still holds SELECT; community_messages_2026_12: authenticated still holds INSERT; community_messages_2026_12: authenticated still holds UPDATE; community_messages_2026_12: authenticated still holds DELETE; community_messages_2027_01: RLS not enabled; community_messages_2027_01: RLS not forced; community_messages_2027_01: service_role bypass policy missing; community_messages_2027_01: restrictive deny-all policy for anon missing; community_messages_2027_01: anon still holds SELECT; community_messages_2027_01: anon still holds INSERT; community_messages_2027_01: anon still holds UPDATE; community_messages_2027_01: anon still holds DELETE; community_messages_2027_01: restrictive deny-all policy for authenticated missing; community_messages_2027_01: authenticated still holds SELECT; community_messages_2027_01: authenticated still holds INSERT; community_messages_2027_01: authenticated still holds UPDATE; community_messages_2027_01: authenticated still holds DELETE; community_messages_2027_02: RLS not enabled; community_messages_2027_02: RLS not forced; community_messages_2027_02: service_role bypass policy missing; community_messages_2027_02: restrictive deny-all policy for anon missing; community_messages_2027_02: anon still holds SELECT; community_messages_2027_02: anon still holds INSERT; community_messages_2027_02: anon still holds UPDATE; community_messages_2027_02: anon still holds DELETE; community_messages_2027_02: restrictive deny-all policy for authenticated missing; community_messages_2027_02: authenticated still holds SELECT; community_messages_2027_02: authenticated still holds INSERT; community_messages_2027_02: authenticated still holds UPDATE; community_messages_2027_02: authenticated still holds DELETE; community_messages_default: RLS not enabled; community_messages_default: RLS not forced; community_messages_default: service_role bypass policy missing; community_messages_default: restrictive deny-all policy for anon missing; community_messages_default: anon still holds SELECT; community_messages_default: anon still holds INSERT; community_messages_default: anon still holds UPDATE; community_messages_default: anon still holds DELETE; community_messages_default: restrictive deny-all policy for authenticated missing; community_messages_default: authenticated still holds SELECT; community_messages_default: authenticated still holds INSERT; community_messages_default: authenticated still holds UPDATE; community_messages_default: authenticated still holds DELETE; public.community_messages_create_month_partition: search_path not pinned; public.community_messages_create_month_partition: anon can EXECUTE; public.community_messages_create_month_partition: authenticated can EXECUTE; app.is_community_workspace_coach: search_path not pinned; app.is_community_workspace_member: search_path not pinned; app.shares_community_cohort: search_path not pinned; one or more S1-DB-01 functions missing
CONTEXT:  PL/pgSQL function inline_code_block line 136 at RAISE
Prisma schema loaded from prisma/schema.prisma
Datasource "db": PostgreSQL database "s1_rls_proof_lock", schema "public" at "127.0.0.1:54321"

Migration 20261224000000_rls_close_public_exposure marked as rolled back.

Prisma schema loaded from prisma/schema.prisma
Datasource "db": PostgreSQL database "s1_rls_proof_lock", schema "public" at "127.0.0.1:54321"

165 migrations found in prisma/migrations

Applying migration `20261224000000_rls_close_public_exposure`

The following migration(s) have been applied:

migrations/
  └─ 20261224000000_rls_close_public_exposure/
    └─ migration.sql
      
All migrations have been successfully applied.
Prisma schema loaded from prisma/schema.prisma
Datasource "db": PostgreSQL database "s1_rls_proof_lock", schema "public" at "127.0.0.1:54321"

Migration 20261224000000_rls_close_public_exposure marked as rolled back.

psql:prisma/migrations/20261224000000_rls_close_public_exposure/verify.sql:157: ERROR:  S1-DB-01 VERIFY FAILED (241 problem(s)): "ClientAssetGrant": RLS not enabled; "ClientAssetGrant": RLS not forced; "ClientAssetGrant": service_role bypass policy missing; "ClientAssetGrant": restrictive deny-all policy for anon missing; "ClientAssetGrant": anon still holds SELECT; "ClientAssetGrant": anon still holds INSERT; "ClientAssetGrant": anon still holds UPDATE; "ClientAssetGrant": anon still holds DELETE; "ClientAssetGrant": restrictive deny-all policy for authenticated missing; "ClientAssetGrant": authenticated still holds SELECT; "ClientAssetGrant": authenticated still holds INSERT; "ClientAssetGrant": authenticated still holds UPDATE; "ClientAssetGrant": authenticated still holds DELETE; "CoachMediaAsset": RLS not enabled; "CoachMediaAsset": RLS not forced; "CoachMediaAsset": service_role bypass policy missing; "CoachMediaAsset": restrictive deny-all policy for anon missing; "CoachMediaAsset": anon still holds SELECT; "CoachMediaAsset": anon still holds INSERT; "CoachMediaAsset": anon still holds UPDATE; "CoachMediaAsset": anon still holds DELETE; "CoachMediaAsset": restrictive deny-all policy for authenticated missing; "CoachMediaAsset": authenticated still holds SELECT; "CoachMediaAsset": authenticated still holds INSERT; "CoachMediaAsset": authenticated still holds UPDATE; "CoachMediaAsset": authenticated still holds DELETE; "CoachPackageContent": RLS not enabled; "CoachPackageContent": RLS not forced; "CoachPackageContent": service_role bypass policy missing; "CoachPackageContent": restrictive deny-all policy for anon missing; "CoachPackageContent": anon still holds SELECT; "CoachPackageContent": anon still holds INSERT; "CoachPackageContent": anon still holds UPDATE; "CoachPackageContent": anon still holds DELETE; "CoachPackageContent": restrictive deny-all policy for authenticated missing; "CoachPackageContent": authenticated still holds SELECT; "CoachPackageContent": authenticated still holds INSERT; "CoachPackageContent": authenticated still holds UPDATE; "CoachPackageContent": authenticated still holds DELETE; "DripResolverMarker": RLS not enabled; "DripResolverMarker": RLS not forced; "DripResolverMarker": service_role bypass policy missing; "DripResolverMarker": restrictive deny-all policy for anon missing; "DripResolverMarker": anon still holds SELECT; "DripResolverMarker": anon still holds INSERT; "DripResolverMarker": anon still holds UPDATE; "DripResolverMarker": anon still holds DELETE; "DripResolverMarker": restrictive deny-all policy for authenticated missing; "DripResolverMarker": authenticated still holds SELECT; "DripResolverMarker": authenticated still holds INSERT; "DripResolverMarker": authenticated still holds UPDATE; "DripResolverMarker": authenticated still holds DELETE; "DunningAttempt": RLS not enabled; "DunningAttempt": RLS not forced; "DunningAttempt": service_role bypass policy missing; "DunningAttempt": restrictive deny-all policy for anon missing; "DunningAttempt": anon still holds SELECT; "DunningAttempt": anon still holds INSERT; "DunningAttempt": anon still holds UPDATE; "DunningAttempt": anon still holds DELETE; "DunningAttempt": restrictive deny-all policy for authenticated missing; "DunningAttempt": authenticated still holds SELECT; "DunningAttempt": authenticated still holds INSERT; "DunningAttempt": authenticated still holds UPDATE; "DunningAttempt": authenticated still holds DELETE; "MuxProcessedEvent": RLS not enabled; "MuxProcessedEvent": RLS not forced; "MuxProcessedEvent": service_role bypass policy missing; "MuxProcessedEvent": restrictive deny-all policy for anon missing; "MuxProcessedEvent": anon still holds SELECT; "MuxProcessedEvent": anon still holds INSERT; "MuxProcessedEvent": anon still holds UPDATE; "MuxProcessedEvent": anon still holds DELETE; "MuxProcessedEvent": restrictive deny-all policy for authenticated missing; "MuxProcessedEvent": authenticated still holds SELECT; "MuxProcessedEvent": authenticated still holds INSERT; "MuxProcessedEvent": authenticated still holds UPDATE; "MuxProcessedEvent": authenticated still holds DELETE; "NudgeLog": RLS not enabled; "NudgeLog": RLS not forced; "NudgeLog": service_role bypass policy missing; "NudgeLog": restrictive deny-all policy for anon missing; "NudgeLog": anon still holds SELECT; "NudgeLog": anon still holds INSERT; "NudgeLog": anon still holds UPDATE; "NudgeLog": anon still holds DELETE; "NudgeLog": restrictive deny-all policy for authenticated missing; "NudgeLog": authenticated still holds SELECT; "NudgeLog": authenticated still holds INSERT; "NudgeLog": authenticated still holds UPDATE; "NudgeLog": authenticated still holds DELETE; "PaymentRecoveryToken": RLS not enabled; "PaymentRecoveryToken": RLS not forced; "PaymentRecoveryToken": service_role bypass policy missing; "PaymentRecoveryToken": restrictive deny-all policy for anon missing; "PaymentRecoveryToken": anon still holds SELECT; "PaymentRecoveryToken": anon still holds INSERT; "PaymentRecoveryToken": anon still holds UPDATE; "PaymentRecoveryToken": anon still holds DELETE; "PaymentRecoveryToken": restrictive deny-all policy for authenticated missing; "PaymentRecoveryToken": authenticated still holds SELECT; "PaymentRecoveryToken": authenticated still holds INSERT; "PaymentRecoveryToken": authenticated still holds UPDATE; "PaymentRecoveryToken": authenticated still holds DELETE; "PayoutMethod": RLS not enabled; "PayoutMethod": RLS not forced; "PayoutMethod": service_role bypass policy missing; "PayoutMethod": restrictive deny-all policy for anon missing; "PayoutMethod": anon still holds SELECT; "PayoutMethod": anon still holds INSERT; "PayoutMethod": anon still holds UPDATE; "PayoutMethod": anon still holds DELETE; "PayoutMethod": restrictive deny-all policy for authenticated missing; "PayoutMethod": authenticated still holds SELECT; "PayoutMethod": authenticated still holds INSERT; "PayoutMethod": authenticated still holds UPDATE; "PayoutMethod": authenticated still holds DELETE; "PurchaseFanout": RLS not enabled; "PurchaseFanout": RLS not forced; "PurchaseFanout": service_role bypass policy missing; "PurchaseFanout": restrictive deny-all policy for anon missing; "PurchaseFanout": anon still holds SELECT; "PurchaseFanout": anon still holds INSERT; "PurchaseFanout": anon still holds UPDATE; "PurchaseFanout": anon still holds DELETE; "PurchaseFanout": restrictive deny-all policy for authenticated missing; "PurchaseFanout": authenticated still holds SELECT; "PurchaseFanout": authenticated still holds INSERT; "PurchaseFanout": authenticated still holds UPDATE; "PurchaseFanout": authenticated still holds DELETE; "ScheduledDrop": RLS not enabled; "ScheduledDrop": RLS not forced; "ScheduledDrop": service_role bypass policy missing; "ScheduledDrop": restrictive deny-all policy for anon missing; "ScheduledDrop": anon still holds SELECT; "ScheduledDrop": anon still holds INSERT; "ScheduledDrop": anon still holds UPDATE; "ScheduledDrop": anon still holds DELETE; "ScheduledDrop": restrictive deny-all policy for authenticated missing; "ScheduledDrop": authenticated still holds SELECT; "ScheduledDrop": authenticated still holds INSERT; "ScheduledDrop": authenticated still holds UPDATE; "ScheduledDrop": authenticated still holds DELETE; "UserAIQuota": RLS not enabled; "UserAIQuota": RLS not forced; "UserAIQuota": service_role bypass policy missing; "UserAIQuota": restrictive deny-all policy for anon missing; "UserAIQuota": anon still holds SELECT; "UserAIQuota": anon still holds INSERT; "UserAIQuota": anon still holds UPDATE; "UserAIQuota": anon still holds DELETE; "UserAIQuota": restrictive deny-all policy for authenticated missing; "UserAIQuota": authenticated still holds SELECT; "UserAIQuota": authenticated still holds INSERT; "UserAIQuota": authenticated still holds UPDATE; "UserAIQuota": authenticated still holds DELETE; coach_ltv_peak: RLS not enabled; coach_ltv_peak: RLS not forced; coach_ltv_peak: service_role bypass policy missing; coach_ltv_peak: restrictive deny-all policy for anon missing; coach_ltv_peak: anon still holds SELECT; coach_ltv_peak: anon still holds INSERT; coach_ltv_peak: anon still holds UPDATE; coach_ltv_peak: anon still holds DELETE; coach_ltv_peak: restrictive deny-all policy for authenticated missing; coach_ltv_peak: authenticated still holds SELECT; coach_ltv_peak: authenticated still holds INSERT; coach_ltv_peak: authenticated still holds UPDATE; coach_ltv_peak: authenticated still holds DELETE; recent_auth_nonce: RLS not enabled; recent_auth_nonce: RLS not forced; recent_auth_nonce: service_role bypass policy missing; recent_auth_nonce: restrictive deny-all policy for anon missing; recent_auth_nonce: anon still holds SELECT; recent_auth_nonce: anon still holds INSERT; recent_auth_nonce: anon still holds UPDATE; recent_auth_nonce: anon still holds DELETE; recent_auth_nonce: restrictive deny-all policy for authenticated missing; recent_auth_nonce: authenticated still holds SELECT; recent_auth_nonce: authenticated still holds INSERT; recent_auth_nonce: authenticated still holds UPDATE; recent_auth_nonce: authenticated still holds DELETE; community_messages_2026_12: RLS not enabled; community_messages_2026_12: RLS not forced; community_messages_2026_12: service_role bypass policy missing; community_messages_2026_12: restrictive deny-all policy for anon missing; community_messages_2026_12: anon still holds SELECT; community_messages_2026_12: anon still holds INSERT; community_messages_2026_12: anon still holds UPDATE; community_messages_2026_12: anon still holds DELETE; community_messages_2026_12: restrictive deny-all policy for authenticated missing; community_messages_2026_12: authenticated still holds SELECT; community_messages_2026_12: authenticated still holds INSERT; community_messages_2026_12: authenticated still holds UPDATE; community_messages_2026_12: authenticated still holds DELETE; community_messages_2027_01: RLS not enabled; community_messages_2027_01: RLS not forced; community_messages_2027_01: service_role bypass policy missing; community_messages_2027_01: restrictive deny-all policy for anon missing; community_messages_2027_01: anon still holds SELECT; community_messages_2027_01: anon still holds INSERT; community_messages_2027_01: anon still holds UPDATE; community_messages_2027_01: anon still holds DELETE; community_messages_2027_01: restrictive deny-all policy for authenticated missing; community_messages_2027_01: authenticated still holds SELECT; community_messages_2027_01: authenticated still holds INSERT; community_messages_2027_01: authenticated still holds UPDATE; community_messages_2027_01: authenticated still holds DELETE; community_messages_2027_02: RLS not enabled; community_messages_2027_02: RLS not forced; community_messages_2027_02: service_role bypass policy missing; community_messages_2027_02: restrictive deny-all policy for anon missing; community_messages_2027_02: anon still holds SELECT; community_messages_2027_02: anon still holds INSERT; community_messages_2027_02: anon still holds UPDATE; community_messages_2027_02: anon still holds DELETE; community_messages_2027_02: restrictive deny-all policy for authenticated missing; community_messages_2027_02: authenticated still holds SELECT; community_messages_2027_02: authenticated still holds INSERT; community_messages_2027_02: authenticated still holds UPDATE; community_messages_2027_02: authenticated still holds DELETE; community_messages_default: RLS not enabled; community_messages_default: RLS not forced; community_messages_default: service_role bypass policy missing; community_messages_default: restrictive deny-all policy for anon missing; community_messages_default: anon still holds SELECT; community_messages_default: anon still holds INSERT; community_messages_default: anon still holds UPDATE; community_messages_default: anon still holds DELETE; community_messages_default: restrictive deny-all policy for authenticated missing; community_messages_default: authenticated still holds SELECT; community_messages_default: authenticated still holds INSERT; community_messages_default: authenticated still holds UPDATE; community_messages_default: authenticated still holds DELETE; public.community_messages_create_month_partition: search_path not pinned; public.community_messages_create_month_partition: anon can EXECUTE; public.community_messages_create_month_partition: authenticated can EXECUTE; app.is_community_workspace_coach: search_path not pinned; app.is_community_workspace_member: search_path not pinned; app.shares_community_cohort: search_path not pinned; one or more S1-DB-01 functions missing
CONTEXT:  PL/pgSQL function inline_code_block line 136 at RAISE
Prisma schema loaded from prisma/schema.prisma
Datasource "db": PostgreSQL database "s1_rls_proof", schema "public" at "127.0.0.1:54321"

165 migrations found in prisma/migrations

Applying migration `20261224000000_rls_close_public_exposure`

The following migration(s) have been applied:

migrations/
  └─ 20261224000000_rls_close_public_exposure/
    └─ migration.sql
      
All migrations have been successfully applied.
psql:<stdin>:2: ERROR:  42501: permission denied for table ClientAssetGrant
LOCATION:  aclcheck_error, aclchk.c:2845
psql:<stdin>:2: ERROR:  42501: permission denied for table ClientAssetGrant
LOCATION:  aclcheck_error, aclchk.c:2845
psql:<stdin>:2: ERROR:  42501: permission denied for table ClientAssetGrant
LOCATION:  aclcheck_error, aclchk.c:2845
psql:<stdin>:2: ERROR:  42501: permission denied for table ClientAssetGrant
LOCATION:  aclcheck_error, aclchk.c:2845
psql:<stdin>:2: ERROR:  42501: permission denied for table CoachMediaAsset
LOCATION:  aclcheck_error, aclchk.c:2845
psql:<stdin>:2: ERROR:  42501: permission denied for table CoachMediaAsset
LOCATION:  aclcheck_error, aclchk.c:2845
psql:<stdin>:2: ERROR:  42501: permission denied for table CoachMediaAsset
LOCATION:  aclcheck_error, aclchk.c:2845
psql:<stdin>:2: ERROR:  42501: permission denied for table CoachMediaAsset
LOCATION:  aclcheck_error, aclchk.c:2845
psql:<stdin>:2: ERROR:  42501: permission denied for table CoachPackageContent
LOCATION:  aclcheck_error, aclchk.c:2845
psql:<stdin>:2: ERROR:  42501: permission denied for table CoachPackageContent
LOCATION:  aclcheck_error, aclchk.c:2845
psql:<stdin>:2: ERROR:  42501: permission denied for table CoachPackageContent
LOCATION:  aclcheck_error, aclchk.c:2845
psql:<stdin>:2: ERROR:  42501: permission denied for table CoachPackageContent
LOCATION:  aclcheck_error, aclchk.c:2845
psql:<stdin>:2: ERROR:  42501: permission denied for table DripResolverMarker
LOCATION:  aclcheck_error, aclchk.c:2845
psql:<stdin>:2: ERROR:  42501: permission denied for table DripResolverMarker
LOCATION:  aclcheck_error, aclchk.c:2845
psql:<stdin>:2: ERROR:  42501: permission denied for table DripResolverMarker
LOCATION:  aclcheck_error, aclchk.c:2845
psql:<stdin>:2: ERROR:  42501: permission denied for table DripResolverMarker
LOCATION:  aclcheck_error, aclchk.c:2845
psql:<stdin>:2: ERROR:  42501: permission denied for table DunningAttempt
LOCATION:  aclcheck_error, aclchk.c:2845
psql:<stdin>:2: ERROR:  42501: permission denied for table DunningAttempt
LOCATION:  aclcheck_error, aclchk.c:2845
psql:<stdin>:2: ERROR:  42501: permission denied for table DunningAttempt
LOCATION:  aclcheck_error, aclchk.c:2845
psql:<stdin>:2: ERROR:  42501: permission denied for table DunningAttempt
LOCATION:  aclcheck_error, aclchk.c:2845
psql:<stdin>:2: ERROR:  42501: permission denied for table MuxProcessedEvent
LOCATION:  aclcheck_error, aclchk.c:2845
psql:<stdin>:2: ERROR:  42501: permission denied for table MuxProcessedEvent
LOCATION:  aclcheck_error, aclchk.c:2845
psql:<stdin>:2: ERROR:  42501: permission denied for table MuxProcessedEvent
LOCATION:  aclcheck_error, aclchk.c:2845
psql:<stdin>:2: ERROR:  42501: permission denied for table MuxProcessedEvent
LOCATION:  aclcheck_error, aclchk.c:2845
psql:<stdin>:2: ERROR:  42501: permission denied for table NudgeLog
LOCATION:  aclcheck_error, aclchk.c:2845
psql:<stdin>:2: ERROR:  42501: permission denied for table NudgeLog
LOCATION:  aclcheck_error, aclchk.c:2845
psql:<stdin>:2: ERROR:  42501: permission denied for table NudgeLog
LOCATION:  aclcheck_error, aclchk.c:2845
psql:<stdin>:2: ERROR:  42501: permission denied for table NudgeLog
LOCATION:  aclcheck_error, aclchk.c:2845
psql:<stdin>:2: ERROR:  42501: permission denied for table PaymentRecoveryToken
LOCATION:  aclcheck_error, aclchk.c:2845
psql:<stdin>:2: ERROR:  42501: permission denied for table PaymentRecoveryToken
LOCATION:  aclcheck_error, aclchk.c:2845
psql:<stdin>:2: ERROR:  42501: permission denied for table PaymentRecoveryToken
LOCATION:  aclcheck_error, aclchk.c:2845
psql:<stdin>:2: ERROR:  42501: permission denied for table PaymentRecoveryToken
LOCATION:  aclcheck_error, aclchk.c:2845
psql:<stdin>:2: ERROR:  42501: permission denied for table PayoutMethod
LOCATION:  aclcheck_error, aclchk.c:2845
psql:<stdin>:2: ERROR:  42501: permission denied for table PayoutMethod
LOCATION:  aclcheck_error, aclchk.c:2845
psql:<stdin>:2: ERROR:  42501: permission denied for table PayoutMethod
LOCATION:  aclcheck_error, aclchk.c:2845
psql:<stdin>:2: ERROR:  42501: permission denied for table PayoutMethod
LOCATION:  aclcheck_error, aclchk.c:2845
psql:<stdin>:2: ERROR:  42501: permission denied for table PurchaseFanout
LOCATION:  aclcheck_error, aclchk.c:2845
psql:<stdin>:2: ERROR:  42501: permission denied for table PurchaseFanout
LOCATION:  aclcheck_error, aclchk.c:2845
psql:<stdin>:2: ERROR:  42501: permission denied for table PurchaseFanout
LOCATION:  aclcheck_error, aclchk.c:2845
psql:<stdin>:2: ERROR:  42501: permission denied for table PurchaseFanout
LOCATION:  aclcheck_error, aclchk.c:2845
psql:<stdin>:2: ERROR:  42501: permission denied for table ScheduledDrop
LOCATION:  aclcheck_error, aclchk.c:2845
psql:<stdin>:2: ERROR:  42501: permission denied for table ScheduledDrop
LOCATION:  aclcheck_error, aclchk.c:2845
psql:<stdin>:2: ERROR:  42501: permission denied for table ScheduledDrop
LOCATION:  aclcheck_error, aclchk.c:2845
psql:<stdin>:2: ERROR:  42501: permission denied for table ScheduledDrop
LOCATION:  aclcheck_error, aclchk.c:2845
psql:<stdin>:2: ERROR:  42501: permission denied for table UserAIQuota
LOCATION:  aclcheck_error, aclchk.c:2845
psql:<stdin>:2: ERROR:  42501: permission denied for table UserAIQuota
LOCATION:  aclcheck_error, aclchk.c:2845
psql:<stdin>:2: ERROR:  42501: permission denied for table UserAIQuota
LOCATION:  aclcheck_error, aclchk.c:2845
psql:<stdin>:2: ERROR:  42501: permission denied for table UserAIQuota
LOCATION:  aclcheck_error, aclchk.c:2845
psql:<stdin>:2: ERROR:  42501: permission denied for table coach_ltv_peak
LOCATION:  aclcheck_error, aclchk.c:2845
psql:<stdin>:2: ERROR:  42501: permission denied for table coach_ltv_peak
LOCATION:  aclcheck_error, aclchk.c:2845
psql:<stdin>:2: ERROR:  42501: permission denied for table coach_ltv_peak
LOCATION:  aclcheck_error, aclchk.c:2845
psql:<stdin>:2: ERROR:  42501: permission denied for table coach_ltv_peak
LOCATION:  aclcheck_error, aclchk.c:2845
psql:<stdin>:2: ERROR:  42501: permission denied for table recent_auth_nonce
LOCATION:  aclcheck_error, aclchk.c:2845
psql:<stdin>:2: ERROR:  42501: permission denied for table recent_auth_nonce
LOCATION:  aclcheck_error, aclchk.c:2845
psql:<stdin>:2: ERROR:  42501: permission denied for table recent_auth_nonce
LOCATION:  aclcheck_error, aclchk.c:2845
psql:<stdin>:2: ERROR:  42501: permission denied for table recent_auth_nonce
LOCATION:  aclcheck_error, aclchk.c:2845
psql:<stdin>:2: ERROR:  42501: permission denied for table community_messages_2026_12
LOCATION:  aclcheck_error, aclchk.c:2845
psql:<stdin>:2: ERROR:  42501: permission denied for table community_messages_2026_12
LOCATION:  aclcheck_error, aclchk.c:2845
psql:<stdin>:2: ERROR:  42501: permission denied for table community_messages_2026_12
LOCATION:  aclcheck_error, aclchk.c:2845
psql:<stdin>:2: ERROR:  42501: permission denied for table community_messages_2026_12
LOCATION:  aclcheck_error, aclchk.c:2845
psql:<stdin>:2: ERROR:  42501: permission denied for table community_messages_2027_01
LOCATION:  aclcheck_error, aclchk.c:2845
psql:<stdin>:2: ERROR:  42501: permission denied for table community_messages_2027_01
LOCATION:  aclcheck_error, aclchk.c:2845
psql:<stdin>:2: ERROR:  42501: permission denied for table community_messages_2027_01
LOCATION:  aclcheck_error, aclchk.c:2845
psql:<stdin>:2: ERROR:  42501: permission denied for table community_messages_2027_01
LOCATION:  aclcheck_error, aclchk.c:2845
psql:<stdin>:2: ERROR:  42501: permission denied for table community_messages_2027_02
LOCATION:  aclcheck_error, aclchk.c:2845
psql:<stdin>:2: ERROR:  42501: permission denied for table community_messages_2027_02
LOCATION:  aclcheck_error, aclchk.c:2845
psql:<stdin>:2: ERROR:  42501: permission denied for table community_messages_2027_02
LOCATION:  aclcheck_error, aclchk.c:2845
psql:<stdin>:2: ERROR:  42501: permission denied for table community_messages_2027_02
LOCATION:  aclcheck_error, aclchk.c:2845
psql:<stdin>:2: ERROR:  42501: permission denied for table community_messages_default
LOCATION:  aclcheck_error, aclchk.c:2845
psql:<stdin>:2: ERROR:  42501: permission denied for table community_messages_default
LOCATION:  aclcheck_error, aclchk.c:2845
psql:<stdin>:2: ERROR:  42501: permission denied for table community_messages_default
LOCATION:  aclcheck_error, aclchk.c:2845
psql:<stdin>:2: ERROR:  42501: permission denied for table community_messages_default
LOCATION:  aclcheck_error, aclchk.c:2845
psql:<stdin>:2: ERROR:  42501: permission denied for function community_messages_create_month_partition
LOCATION:  aclcheck_error, aclchk.c:2845
psql:<stdin>:2: ERROR:  42501: permission denied for table ClientAssetGrant
LOCATION:  aclcheck_error, aclchk.c:2845
psql:<stdin>:2: ERROR:  42501: permission denied for table ClientAssetGrant
LOCATION:  aclcheck_error, aclchk.c:2845
psql:<stdin>:2: ERROR:  42501: permission denied for table ClientAssetGrant
LOCATION:  aclcheck_error, aclchk.c:2845
psql:<stdin>:2: ERROR:  42501: permission denied for table ClientAssetGrant
LOCATION:  aclcheck_error, aclchk.c:2845
psql:<stdin>:2: ERROR:  42501: permission denied for table CoachMediaAsset
LOCATION:  aclcheck_error, aclchk.c:2845
psql:<stdin>:2: ERROR:  42501: permission denied for table CoachMediaAsset
LOCATION:  aclcheck_error, aclchk.c:2845
psql:<stdin>:2: ERROR:  42501: permission denied for table CoachMediaAsset
LOCATION:  aclcheck_error, aclchk.c:2845
psql:<stdin>:2: ERROR:  42501: permission denied for table CoachMediaAsset
LOCATION:  aclcheck_error, aclchk.c:2845
psql:<stdin>:2: ERROR:  42501: permission denied for table CoachPackageContent
LOCATION:  aclcheck_error, aclchk.c:2845
psql:<stdin>:2: ERROR:  42501: permission denied for table CoachPackageContent
LOCATION:  aclcheck_error, aclchk.c:2845
psql:<stdin>:2: ERROR:  42501: permission denied for table CoachPackageContent
LOCATION:  aclcheck_error, aclchk.c:2845
psql:<stdin>:2: ERROR:  42501: permission denied for table CoachPackageContent
LOCATION:  aclcheck_error, aclchk.c:2845
psql:<stdin>:2: ERROR:  42501: permission denied for table DripResolverMarker
LOCATION:  aclcheck_error, aclchk.c:2845
psql:<stdin>:2: ERROR:  42501: permission denied for table DripResolverMarker
LOCATION:  aclcheck_error, aclchk.c:2845
psql:<stdin>:2: ERROR:  42501: permission denied for table DripResolverMarker
LOCATION:  aclcheck_error, aclchk.c:2845
psql:<stdin>:2: ERROR:  42501: permission denied for table DripResolverMarker
LOCATION:  aclcheck_error, aclchk.c:2845
psql:<stdin>:2: ERROR:  42501: permission denied for table DunningAttempt
LOCATION:  aclcheck_error, aclchk.c:2845
psql:<stdin>:2: ERROR:  42501: permission denied for table DunningAttempt
LOCATION:  aclcheck_error, aclchk.c:2845
psql:<stdin>:2: ERROR:  42501: permission denied for table DunningAttempt
LOCATION:  aclcheck_error, aclchk.c:2845
psql:<stdin>:2: ERROR:  42501: permission denied for table DunningAttempt
LOCATION:  aclcheck_error, aclchk.c:2845
psql:<stdin>:2: ERROR:  42501: permission denied for table MuxProcessedEvent
LOCATION:  aclcheck_error, aclchk.c:2845
psql:<stdin>:2: ERROR:  42501: permission denied for table MuxProcessedEvent
LOCATION:  aclcheck_error, aclchk.c:2845
psql:<stdin>:2: ERROR:  42501: permission denied for table MuxProcessedEvent
LOCATION:  aclcheck_error, aclchk.c:2845
psql:<stdin>:2: ERROR:  42501: permission denied for table MuxProcessedEvent
LOCATION:  aclcheck_error, aclchk.c:2845
psql:<stdin>:2: ERROR:  42501: permission denied for table NudgeLog
LOCATION:  aclcheck_error, aclchk.c:2845
psql:<stdin>:2: ERROR:  42501: permission denied for table NudgeLog
LOCATION:  aclcheck_error, aclchk.c:2845
psql:<stdin>:2: ERROR:  42501: permission denied for table NudgeLog
LOCATION:  aclcheck_error, aclchk.c:2845
psql:<stdin>:2: ERROR:  42501: permission denied for table NudgeLog
LOCATION:  aclcheck_error, aclchk.c:2845
psql:<stdin>:2: ERROR:  42501: permission denied for table PaymentRecoveryToken
LOCATION:  aclcheck_error, aclchk.c:2845
psql:<stdin>:2: ERROR:  42501: permission denied for table PaymentRecoveryToken
LOCATION:  aclcheck_error, aclchk.c:2845
psql:<stdin>:2: ERROR:  42501: permission denied for table PaymentRecoveryToken
LOCATION:  aclcheck_error, aclchk.c:2845
psql:<stdin>:2: ERROR:  42501: permission denied for table PaymentRecoveryToken
LOCATION:  aclcheck_error, aclchk.c:2845
psql:<stdin>:2: ERROR:  42501: permission denied for table PayoutMethod
LOCATION:  aclcheck_error, aclchk.c:2845
psql:<stdin>:2: ERROR:  42501: permission denied for table PayoutMethod
LOCATION:  aclcheck_error, aclchk.c:2845
psql:<stdin>:2: ERROR:  42501: permission denied for table PayoutMethod
LOCATION:  aclcheck_error, aclchk.c:2845
psql:<stdin>:2: ERROR:  42501: permission denied for table PayoutMethod
LOCATION:  aclcheck_error, aclchk.c:2845
psql:<stdin>:2: ERROR:  42501: permission denied for table PurchaseFanout
LOCATION:  aclcheck_error, aclchk.c:2845
psql:<stdin>:2: ERROR:  42501: permission denied for table PurchaseFanout
LOCATION:  aclcheck_error, aclchk.c:2845
psql:<stdin>:2: ERROR:  42501: permission denied for table PurchaseFanout
LOCATION:  aclcheck_error, aclchk.c:2845
psql:<stdin>:2: ERROR:  42501: permission denied for table PurchaseFanout
LOCATION:  aclcheck_error, aclchk.c:2845
psql:<stdin>:2: ERROR:  42501: permission denied for table ScheduledDrop
LOCATION:  aclcheck_error, aclchk.c:2845
psql:<stdin>:2: ERROR:  42501: permission denied for table ScheduledDrop
LOCATION:  aclcheck_error, aclchk.c:2845
psql:<stdin>:2: ERROR:  42501: permission denied for table ScheduledDrop
LOCATION:  aclcheck_error, aclchk.c:2845
psql:<stdin>:2: ERROR:  42501: permission denied for table ScheduledDrop
LOCATION:  aclcheck_error, aclchk.c:2845
psql:<stdin>:2: ERROR:  42501: permission denied for table UserAIQuota
LOCATION:  aclcheck_error, aclchk.c:2845
psql:<stdin>:2: ERROR:  42501: permission denied for table UserAIQuota
LOCATION:  aclcheck_error, aclchk.c:2845
psql:<stdin>:2: ERROR:  42501: permission denied for table UserAIQuota
LOCATION:  aclcheck_error, aclchk.c:2845
psql:<stdin>:2: ERROR:  42501: permission denied for table UserAIQuota
LOCATION:  aclcheck_error, aclchk.c:2845
psql:<stdin>:2: ERROR:  42501: permission denied for table coach_ltv_peak
LOCATION:  aclcheck_error, aclchk.c:2845
psql:<stdin>:2: ERROR:  42501: permission denied for table coach_ltv_peak
LOCATION:  aclcheck_error, aclchk.c:2845
psql:<stdin>:2: ERROR:  42501: permission denied for table coach_ltv_peak
LOCATION:  aclcheck_error, aclchk.c:2845
psql:<stdin>:2: ERROR:  42501: permission denied for table coach_ltv_peak
LOCATION:  aclcheck_error, aclchk.c:2845
psql:<stdin>:2: ERROR:  42501: permission denied for table recent_auth_nonce
LOCATION:  aclcheck_error, aclchk.c:2845
psql:<stdin>:2: ERROR:  42501: permission denied for table recent_auth_nonce
LOCATION:  aclcheck_error, aclchk.c:2845
psql:<stdin>:2: ERROR:  42501: permission denied for table recent_auth_nonce
LOCATION:  aclcheck_error, aclchk.c:2845
psql:<stdin>:2: ERROR:  42501: permission denied for table recent_auth_nonce
LOCATION:  aclcheck_error, aclchk.c:2845
psql:<stdin>:2: ERROR:  42501: permission denied for table community_messages_2026_12
LOCATION:  aclcheck_error, aclchk.c:2845
psql:<stdin>:2: ERROR:  42501: permission denied for table community_messages_2026_12
LOCATION:  aclcheck_error, aclchk.c:2845
psql:<stdin>:2: ERROR:  42501: permission denied for table community_messages_2026_12
LOCATION:  aclcheck_error, aclchk.c:2845
psql:<stdin>:2: ERROR:  42501: permission denied for table community_messages_2026_12
LOCATION:  aclcheck_error, aclchk.c:2845
psql:<stdin>:2: ERROR:  42501: permission denied for table community_messages_2027_01
LOCATION:  aclcheck_error, aclchk.c:2845
psql:<stdin>:2: ERROR:  42501: permission denied for table community_messages_2027_01
LOCATION:  aclcheck_error, aclchk.c:2845
psql:<stdin>:2: ERROR:  42501: permission denied for table community_messages_2027_01
LOCATION:  aclcheck_error, aclchk.c:2845
psql:<stdin>:2: ERROR:  42501: permission denied for table community_messages_2027_01
LOCATION:  aclcheck_error, aclchk.c:2845
psql:<stdin>:2: ERROR:  42501: permission denied for table community_messages_2027_02
LOCATION:  aclcheck_error, aclchk.c:2845
psql:<stdin>:2: ERROR:  42501: permission denied for table community_messages_2027_02
LOCATION:  aclcheck_error, aclchk.c:2845
psql:<stdin>:2: ERROR:  42501: permission denied for table community_messages_2027_02
LOCATION:  aclcheck_error, aclchk.c:2845
psql:<stdin>:2: ERROR:  42501: permission denied for table community_messages_2027_02
LOCATION:  aclcheck_error, aclchk.c:2845
psql:<stdin>:2: ERROR:  42501: permission denied for table community_messages_default
LOCATION:  aclcheck_error, aclchk.c:2845
psql:<stdin>:2: ERROR:  42501: permission denied for table community_messages_default
LOCATION:  aclcheck_error, aclchk.c:2845
psql:<stdin>:2: ERROR:  42501: permission denied for table community_messages_default
LOCATION:  aclcheck_error, aclchk.c:2845
psql:<stdin>:2: ERROR:  42501: permission denied for table community_messages_default
LOCATION:  aclcheck_error, aclchk.c:2845
psql:<stdin>:2: ERROR:  42501: permission denied for function community_messages_create_month_partition
LOCATION:  aclcheck_error, aclchk.c:2845
psql:<stdin>:1: ERROR:  42501: new row violates row-level security policy for table "recent_auth_nonce"
LOCATION:  ExecWithCheckOptions, execMain.c:2161
psql:<stdin>:2: ERROR:  42501: new row violates row-level security policy for table "community_messages"
LOCATION:  ExecWithCheckOptions, execMain.c:2161
psql:<stdin>:2: ERROR:  42501: permission denied for table community_messages_2028_03
LOCATION:  aclcheck_error, aclchk.c:2845
Prisma schema loaded from prisma/schema.prisma
Datasource "db": PostgreSQL database "s1_rls_proof", schema "public" at "127.0.0.1:54321"

165 migrations found in prisma/migrations

Database schema is up to date!
Prisma schema loaded from prisma/schema.prisma
Datasource "db": PostgreSQL database "s1_rls_proof", schema "public" at "127.0.0.1:54321"
Error: P3012

Migration `20261224000000_rls_close_public_exposure` cannot be rolled back because it is not in a failed state.
psql:prisma/migrations/20261224000000_rls_close_public_exposure/verify.sql:157: ERROR:  S1-DB-01 VERIFY FAILED (254 problem(s)): "ClientAssetGrant": RLS not enabled; "ClientAssetGrant": RLS not forced; "ClientAssetGrant": service_role bypass policy missing; "ClientAssetGrant": restrictive deny-all policy for anon missing; "ClientAssetGrant": anon still holds SELECT; "ClientAssetGrant": anon still holds INSERT; "ClientAssetGrant": anon still holds UPDATE; "ClientAssetGrant": anon still holds DELETE; "ClientAssetGrant": restrictive deny-all policy for authenticated missing; "ClientAssetGrant": authenticated still holds SELECT; "ClientAssetGrant": authenticated still holds INSERT; "ClientAssetGrant": authenticated still holds UPDATE; "ClientAssetGrant": authenticated still holds DELETE; "CoachMediaAsset": RLS not enabled; "CoachMediaAsset": RLS not forced; "CoachMediaAsset": service_role bypass policy missing; "CoachMediaAsset": restrictive deny-all policy for anon missing; "CoachMediaAsset": anon still holds SELECT; "CoachMediaAsset": anon still holds INSERT; "CoachMediaAsset": anon still holds UPDATE; "CoachMediaAsset": anon still holds DELETE; "CoachMediaAsset": restrictive deny-all policy for authenticated missing; "CoachMediaAsset": authenticated still holds SELECT; "CoachMediaAsset": authenticated still holds INSERT; "CoachMediaAsset": authenticated still holds UPDATE; "CoachMediaAsset": authenticated still holds DELETE; "CoachPackageContent": RLS not enabled; "CoachPackageContent": RLS not forced; "CoachPackageContent": service_role bypass policy missing; "CoachPackageContent": restrictive deny-all policy for anon missing; "CoachPackageContent": anon still holds SELECT; "CoachPackageContent": anon still holds INSERT; "CoachPackageContent": anon still holds UPDATE; "CoachPackageContent": anon still holds DELETE; "CoachPackageContent": restrictive deny-all policy for authenticated missing; "CoachPackageContent": authenticated still holds SELECT; "CoachPackageContent": authenticated still holds INSERT; "CoachPackageContent": authenticated still holds UPDATE; "CoachPackageContent": authenticated still holds DELETE; "DripResolverMarker": RLS not enabled; "DripResolverMarker": RLS not forced; "DripResolverMarker": service_role bypass policy missing; "DripResolverMarker": restrictive deny-all policy for anon missing; "DripResolverMarker": anon still holds SELECT; "DripResolverMarker": anon still holds INSERT; "DripResolverMarker": anon still holds UPDATE; "DripResolverMarker": anon still holds DELETE; "DripResolverMarker": restrictive deny-all policy for authenticated missing; "DripResolverMarker": authenticated still holds SELECT; "DripResolverMarker": authenticated still holds INSERT; "DripResolverMarker": authenticated still holds UPDATE; "DripResolverMarker": authenticated still holds DELETE; "DunningAttempt": RLS not enabled; "DunningAttempt": RLS not forced; "DunningAttempt": service_role bypass policy missing; "DunningAttempt": restrictive deny-all policy for anon missing; "DunningAttempt": anon still holds SELECT; "DunningAttempt": anon still holds INSERT; "DunningAttempt": anon still holds UPDATE; "DunningAttempt": anon still holds DELETE; "DunningAttempt": restrictive deny-all policy for authenticated missing; "DunningAttempt": authenticated still holds SELECT; "DunningAttempt": authenticated still holds INSERT; "DunningAttempt": authenticated still holds UPDATE; "DunningAttempt": authenticated still holds DELETE; "MuxProcessedEvent": RLS not enabled; "MuxProcessedEvent": RLS not forced; "MuxProcessedEvent": service_role bypass policy missing; "MuxProcessedEvent": restrictive deny-all policy for anon missing; "MuxProcessedEvent": anon still holds SELECT; "MuxProcessedEvent": anon still holds INSERT; "MuxProcessedEvent": anon still holds UPDATE; "MuxProcessedEvent": anon still holds DELETE; "MuxProcessedEvent": restrictive deny-all policy for authenticated missing; "MuxProcessedEvent": authenticated still holds SELECT; "MuxProcessedEvent": authenticated still holds INSERT; "MuxProcessedEvent": authenticated still holds UPDATE; "MuxProcessedEvent": authenticated still holds DELETE; "NudgeLog": RLS not enabled; "NudgeLog": RLS not forced; "NudgeLog": service_role bypass policy missing; "NudgeLog": restrictive deny-all policy for anon missing; "NudgeLog": anon still holds SELECT; "NudgeLog": anon still holds INSERT; "NudgeLog": anon still holds UPDATE; "NudgeLog": anon still holds DELETE; "NudgeLog": restrictive deny-all policy for authenticated missing; "NudgeLog": authenticated still holds SELECT; "NudgeLog": authenticated still holds INSERT; "NudgeLog": authenticated still holds UPDATE; "NudgeLog": authenticated still holds DELETE; "PaymentRecoveryToken": RLS not enabled; "PaymentRecoveryToken": RLS not forced; "PaymentRecoveryToken": service_role bypass policy missing; "PaymentRecoveryToken": restrictive deny-all policy for anon missing; "PaymentRecoveryToken": anon still holds SELECT; "PaymentRecoveryToken": anon still holds INSERT; "PaymentRecoveryToken": anon still holds UPDATE; "PaymentRecoveryToken": anon still holds DELETE; "PaymentRecoveryToken": restrictive deny-all policy for authenticated missing; "PaymentRecoveryToken": authenticated still holds SELECT; "PaymentRecoveryToken": authenticated still holds INSERT; "PaymentRecoveryToken": authenticated still holds UPDATE; "PaymentRecoveryToken": authenticated still holds DELETE; "PayoutMethod": RLS not enabled; "PayoutMethod": RLS not forced; "PayoutMethod": service_role bypass policy missing; "PayoutMethod": restrictive deny-all policy for anon missing; "PayoutMethod": anon still holds SELECT; "PayoutMethod": anon still holds INSERT; "PayoutMethod": anon still holds UPDATE; "PayoutMethod": anon still holds DELETE; "PayoutMethod": restrictive deny-all policy for authenticated missing; "PayoutMethod": authenticated still holds SELECT; "PayoutMethod": authenticated still holds INSERT; "PayoutMethod": authenticated still holds UPDATE; "PayoutMethod": authenticated still holds DELETE; "PurchaseFanout": RLS not enabled; "PurchaseFanout": RLS not forced; "PurchaseFanout": service_role bypass policy missing; "PurchaseFanout": restrictive deny-all policy for anon missing; "PurchaseFanout": anon still holds SELECT; "PurchaseFanout": anon still holds INSERT; "PurchaseFanout": anon still holds UPDATE; "PurchaseFanout": anon still holds DELETE; "PurchaseFanout": restrictive deny-all policy for authenticated missing; "PurchaseFanout": authenticated still holds SELECT; "PurchaseFanout": authenticated still holds INSERT; "PurchaseFanout": authenticated still holds UPDATE; "PurchaseFanout": authenticated still holds DELETE; "ScheduledDrop": RLS not enabled; "ScheduledDrop": RLS not forced; "ScheduledDrop": service_role bypass policy missing; "ScheduledDrop": restrictive deny-all policy for anon missing; "ScheduledDrop": anon still holds SELECT; "ScheduledDrop": anon still holds INSERT; "ScheduledDrop": anon still holds UPDATE; "ScheduledDrop": anon still holds DELETE; "ScheduledDrop": restrictive deny-all policy for authenticated missing; "ScheduledDrop": authenticated still holds SELECT; "ScheduledDrop": authenticated still holds INSERT; "ScheduledDrop": authenticated still holds UPDATE; "ScheduledDrop": authenticated still holds DELETE; "UserAIQuota": RLS not enabled; "UserAIQuota": RLS not forced; "UserAIQuota": service_role bypass policy missing; "UserAIQuota": restrictive deny-all policy for anon missing; "UserAIQuota": anon still holds SELECT; "UserAIQuota": anon still holds INSERT; "UserAIQuota": anon still holds UPDATE; "UserAIQuota": anon still holds DELETE; "UserAIQuota": restrictive deny-all policy for authenticated missing; "UserAIQuota": authenticated still holds SELECT; "UserAIQuota": authenticated still holds INSERT; "UserAIQuota": authenticated still holds UPDATE; "UserAIQuota": authenticated still holds DELETE; coach_ltv_peak: RLS not enabled; coach_ltv_peak: RLS not forced; coach_ltv_peak: service_role bypass policy missing; coach_ltv_peak: restrictive deny-all policy for anon missing; coach_ltv_peak: anon still holds SELECT; coach_ltv_peak: anon still holds INSERT; coach_ltv_peak: anon still holds UPDATE; coach_ltv_peak: anon still holds DELETE; coach_ltv_peak: restrictive deny-all policy for authenticated missing; coach_ltv_peak: authenticated still holds SELECT; coach_ltv_peak: authenticated still holds INSERT; coach_ltv_peak: authenticated still holds UPDATE; coach_ltv_peak: authenticated still holds DELETE; recent_auth_nonce: RLS not enabled; recent_auth_nonce: RLS not forced; recent_auth_nonce: service_role bypass policy missing; recent_auth_nonce: restrictive deny-all policy for anon missing; recent_auth_nonce: anon still holds SELECT; recent_auth_nonce: anon still holds INSERT; recent_auth_nonce: anon still holds UPDATE; recent_auth_nonce: anon still holds DELETE; recent_auth_nonce: restrictive deny-all policy for authenticated missing; recent_auth_nonce: authenticated still holds SELECT; recent_auth_nonce: authenticated still holds INSERT; recent_auth_nonce: authenticated still holds UPDATE; recent_auth_nonce: authenticated still holds DELETE; community_messages_2026_12: RLS not enabled; community_messages_2026_12: RLS not forced; community_messages_2026_12: service_role bypass policy missing; community_messages_2026_12: restrictive deny-all policy for anon missing; community_messages_2026_12: anon still holds SELECT; community_messages_2026_12: anon still holds INSERT; community_messages_2026_12: anon still holds UPDATE; community_messages_2026_12: anon still holds DELETE; community_messages_2026_12: restrictive deny-all policy for authenticated missing; community_messages_2026_12: authenticated still holds SELECT; community_messages_2026_12: authenticated still holds INSERT; community_messages_2026_12: authenticated still holds UPDATE; community_messages_2026_12: authenticated still holds DELETE; community_messages_2027_01: RLS not enabled; community_messages_2027_01: RLS not forced; community_messages_2027_01: service_role bypass policy missing; community_messages_2027_01: restrictive deny-all policy for anon missing; community_messages_2027_01: anon still holds SELECT; community_messages_2027_01: anon still holds INSERT; community_messages_2027_01: anon still holds UPDATE; community_messages_2027_01: anon still holds DELETE; community_messages_2027_01: restrictive deny-all policy for authenticated missing; community_messages_2027_01: authenticated still holds SELECT; community_messages_2027_01: authenticated still holds INSERT; community_messages_2027_01: authenticated still holds UPDATE; community_messages_2027_01: authenticated still holds DELETE; community_messages_2027_02: RLS not enabled; community_messages_2027_02: RLS not forced; community_messages_2027_02: service_role bypass policy missing; community_messages_2027_02: restrictive deny-all policy for anon missing; community_messages_2027_02: anon still holds SELECT; community_messages_2027_02: anon still holds INSERT; community_messages_2027_02: anon still holds UPDATE; community_messages_2027_02: anon still holds DELETE; community_messages_2027_02: restrictive deny-all policy for authenticated missing; community_messages_2027_02: authenticated still holds SELECT; community_messages_2027_02: authenticated still holds INSERT; community_messages_2027_02: authenticated still holds UPDATE; community_messages_2027_02: authenticated still holds DELETE; community_messages_2028_03: RLS not enabled; community_messages_2028_03: RLS not forced; community_messages_2028_03: service_role bypass policy missing; community_messages_2028_03: restrictive deny-all policy for anon missing; community_messages_2028_03: anon still holds SELECT; community_messages_2028_03: anon still holds INSERT; community_messages_2028_03: anon still holds UPDATE; community_messages_2028_03: anon still holds DELETE; community_messages_2028_03: restrictive deny-all policy for authenticated missing; community_messages_2028_03: authenticated still holds SELECT; community_messages_2028_03: authenticated still holds INSERT; community_messages_2028_03: authenticated still holds UPDATE; community_messages_2028_03: authenticated still holds DELETE; community_messages_default: RLS not enabled; community_messages_default: RLS not forced; community_messages_default: service_role bypass policy missing; community_messages_default: restrictive deny-all policy for anon missing; community_messages_default: anon still holds SELECT; community_messages_default: anon still holds INSERT; community_messages_default: anon still holds UPDATE; community_messages_default: anon still holds DELETE; community_messages_default: restrictive deny-all policy for authenticated missing; community_messages_default: authenticated still holds SELECT; community_messages_default: authenticated still holds INSERT; community_messages_default: authenticated still holds UPDATE; community_messages_default: authenticated still holds DELETE; public.community_messages_create_month_partition: search_path not pinned; public.community_messages_create_month_partition: anon can EXECUTE; public.community_messages_create_month_partition: authenticated can EXECUTE; app.is_community_workspace_coach: search_path not pinned; app.is_community_workspace_member: search_path not pinned; app.shares_community_cohort: search_path not pinned; one or more S1-DB-01 functions missing
CONTEXT:  PL/pgSQL function inline_code_block line 136 at RAISE
