PASS rls-live test/rls-g2-s10b.spec.ts (93.033 s)
  ● Console

    console.warn
      PG17_PROCESS {"name":"g2s10b_1","options":{"action":"start","coach":"coach","intent":"a4d3f548-6e22-47d7-8f15-8874efd6ed06"},"result":{"intent_id":"a4d3f548-6e22-47d7-8f15-8874efd6ed06","mode":"server","phase":"discovering","execution_epoch":1,"accepted_start_at":"2026-09-27T21:23:27.684Z","deadline_at":"2026-09-27T21:28:27.684Z"},"queries":3,"pid":3922}

    [0m [90m 168 |[39m       }
     [90m 169 |[39m       [90m// Query shapes, outcomes, fixture identifiers and process IDs only; never parameters.[39m
    [31m[1m>[22m[39m[90m 170 |[39m       console[33m.[39mwarn(
     [90m     |[39m               [31m[1m^[22m[39m
     [90m 171 |[39m         [32m'PG17_PROCESS'[39m[33m,[39m
     [90m 172 |[39m         [33mJSON[39m[33m.[39mstringify({
     [90m 173 |[39m           name[33m,[39m[0m

      at settleWorker (test/utils/g2-s10b-pg-harness.ts:170:15)
      at ChildProcess.<anonymous> (test/utils/g2-s10b-pg-harness.ts:189:7)

    console.warn
      PG17_PROCESS {"name":"g2s10b_2","options":{"registry":{"synthetic-src-a":["clients","programs","workouts"],"synthetic-src-b":["clients"]},"action":"declare","coach":"coach","intent":"a4d3f548-6e22-47d7-8f15-8874efd6ed06"},"result":{"intent_id":"a4d3f548-6e22-47d7-8f15-8874efd6ed06","challenge_b64":"t5+sznyQMp+OtkoNy2Th+U1j98RW0Ps+ERTNFd0kHCg=","declared_at":"2026-09-27T21:23:28.967Z"},"queries":11,"pid":3941}

    [0m [90m 168 |[39m       }
     [90m 169 |[39m       [90m// Query shapes, outcomes, fixture identifiers and process IDs only; never parameters.[39m
    [31m[1m>[22m[39m[90m 170 |[39m       console[33m.[39mwarn(
     [90m     |[39m               [31m[1m^[22m[39m
     [90m 171 |[39m         [32m'PG17_PROCESS'[39m[33m,[39m
     [90m 172 |[39m         [33mJSON[39m[33m.[39mstringify({
     [90m 173 |[39m           name[33m,[39m[0m

      at settleWorker (test/utils/g2-s10b-pg-harness.ts:170:15)
      at ChildProcess.<anonymous> (test/utils/g2-s10b-pg-harness.ts:189:7)

    console.warn
      PG17_PROCESS {"name":"g2s10b_3","options":{"registry":{"synthetic-src-a":["clients","programs","workouts"],"synthetic-src-b":["clients"]},"action":"declare","coach":"coach","intent":"a4d3f548-6e22-47d7-8f15-8874efd6ed06"},"result":{"intent_id":"a4d3f548-6e22-47d7-8f15-8874efd6ed06","challenge_b64":"t5+sznyQMp+OtkoNy2Th+U1j98RW0Ps+ERTNFd0kHCg=","declared_at":"2026-09-27T21:23:28.967Z"},"queries":6,"pid":3962}

    [0m [90m 168 |[39m       }
     [90m 169 |[39m       [90m// Query shapes, outcomes, fixture identifiers and process IDs only; never parameters.[39m
    [31m[1m>[22m[39m[90m 170 |[39m       console[33m.[39mwarn(
     [90m     |[39m               [31m[1m^[22m[39m
     [90m 171 |[39m         [32m'PG17_PROCESS'[39m[33m,[39m
     [90m 172 |[39m         [33mJSON[39m[33m.[39mstringify({
     [90m 173 |[39m           name[33m,[39m[0m

      at settleWorker (test/utils/g2-s10b-pg-harness.ts:170:15)
      at ChildProcess.<anonymous> (test/utils/g2-s10b-pg-harness.ts:189:7)

    console.warn
      PG17_PROCESS {"name":"g2s10b_4","options":{"action":"start","coach":"coach","intent":"ffd1449a-c862-42a2-938d-4944cd7eccb1"},"result":{"intent_id":"ffd1449a-c862-42a2-938d-4944cd7eccb1","mode":"server","phase":"discovering","execution_epoch":1,"accepted_start_at":"2026-09-27T21:23:31.592Z","deadline_at":"2026-09-27T21:28:31.592Z"},"queries":3,"pid":3989}

    [0m [90m 168 |[39m       }
     [90m 169 |[39m       [90m// Query shapes, outcomes, fixture identifiers and process IDs only; never parameters.[39m
    [31m[1m>[22m[39m[90m 170 |[39m       console[33m.[39mwarn(
     [90m     |[39m               [31m[1m^[22m[39m
     [90m 171 |[39m         [32m'PG17_PROCESS'[39m[33m,[39m
     [90m 172 |[39m         [33mJSON[39m[33m.[39mstringify({
     [90m 173 |[39m           name[33m,[39m[0m

      at settleWorker (test/utils/g2-s10b-pg-harness.ts:170:15)
      at ChildProcess.<anonymous> (test/utils/g2-s10b-pg-harness.ts:189:7)

    console.warn
      PG17_PROCESS {"name":"g2s10b_5","options":{"registry":{"synthetic-src-a":["clients","programs","workouts"],"synthetic-src-b":["clients"]},"action":"declare","coach":"coach","intent":"ffd1449a-c862-42a2-938d-4944cd7eccb1"},"result":{"intent_id":"ffd1449a-c862-42a2-938d-4944cd7eccb1","challenge_b64":"X6prdKH1g2PZvNMFOvGvWOGHHLO8TfVgsTQmnGR+r30=","declared_at":"2026-09-27T21:23:32.881Z"},"queries":11,"pid":4008}

    [0m [90m 168 |[39m       }
     [90m 169 |[39m       [90m// Query shapes, outcomes, fixture identifiers and process IDs only; never parameters.[39m
    [31m[1m>[22m[39m[90m 170 |[39m       console[33m.[39mwarn(
     [90m     |[39m               [31m[1m^[22m[39m
     [90m 171 |[39m         [32m'PG17_PROCESS'[39m[33m,[39m
     [90m 172 |[39m         [33mJSON[39m[33m.[39mstringify({
     [90m 173 |[39m           name[33m,[39m[0m

      at settleWorker (test/utils/g2-s10b-pg-harness.ts:170:15)
      at ChildProcess.<anonymous> (test/utils/g2-s10b-pg-harness.ts:189:7)

    console.warn
      PG17_PROCESS {"name":"g2s10b_6","options":{"registry":{"synthetic-src-a":["clients","programs","workouts"],"synthetic-src-b":["clients"]},"action":"declare","coach":"coach","intent":"ffd1449a-c862-42a2-938d-4944cd7eccb1"},"failure":{"status":409,"message":"The run already holds a different declaration; it is immutable.","response":{"code":"declaration_conflict","message":"The run already holds a different declaration; it is immutable."},"injected":false},"queries":6,"pid":4030}

    [0m [90m 168 |[39m       }
     [90m 169 |[39m       [90m// Query shapes, outcomes, fixture identifiers and process IDs only; never parameters.[39m
    [31m[1m>[22m[39m[90m 170 |[39m       console[33m.[39mwarn(
     [90m     |[39m               [31m[1m^[22m[39m
     [90m 171 |[39m         [32m'PG17_PROCESS'[39m[33m,[39m
     [90m 172 |[39m         [33mJSON[39m[33m.[39mstringify({
     [90m 173 |[39m           name[33m,[39m[0m

      at settleWorker (test/utils/g2-s10b-pg-harness.ts:170:15)
      at ChildProcess.<anonymous> (test/utils/g2-s10b-pg-harness.ts:189:7)

    console.warn
      PG17_PROCESS {"name":"g2s10b_7","options":{"registry":{"synthetic-src-a":["clients","programs","workouts"],"synthetic-src-b":["clients"]},"action":"declare","coach":"coach","intent":"ffd1449a-c862-42a2-938d-4944cd7eccb1"},"failure":{"status":409,"message":"The run already holds a different declaration; it is immutable.","response":{"code":"declaration_conflict","message":"The run already holds a different declaration; it is immutable."},"injected":false},"queries":6,"pid":4051}

    [0m [90m 168 |[39m       }
     [90m 169 |[39m       [90m// Query shapes, outcomes, fixture identifiers and process IDs only; never parameters.[39m
    [31m[1m>[22m[39m[90m 170 |[39m       console[33m.[39mwarn(
     [90m     |[39m               [31m[1m^[22m[39m
     [90m 171 |[39m         [32m'PG17_PROCESS'[39m[33m,[39m
     [90m 172 |[39m         [33mJSON[39m[33m.[39mstringify({
     [90m 173 |[39m           name[33m,[39m[0m

      at settleWorker (test/utils/g2-s10b-pg-harness.ts:170:15)
      at ChildProcess.<anonymous> (test/utils/g2-s10b-pg-harness.ts:189:7)

    console.warn
      PG17_PROCESS {"name":"g2s10b_8","options":{"action":"start","coach":"coach","intent":"d0abc5ff-77c2-412f-9cac-46c16be424bc"},"result":{"intent_id":"d0abc5ff-77c2-412f-9cac-46c16be424bc","mode":"server","phase":"discovering","execution_epoch":1,"accepted_start_at":"2026-09-27T21:23:36.813Z","deadline_at":"2026-09-27T21:28:36.813Z"},"queries":3,"pid":4080}

    [0m [90m 168 |[39m       }
     [90m 169 |[39m       [90m// Query shapes, outcomes, fixture identifiers and process IDs only; never parameters.[39m
    [31m[1m>[22m[39m[90m 170 |[39m       console[33m.[39mwarn(
     [90m     |[39m               [31m[1m^[22m[39m
     [90m 171 |[39m         [32m'PG17_PROCESS'[39m[33m,[39m
     [90m 172 |[39m         [33mJSON[39m[33m.[39mstringify({
     [90m 173 |[39m           name[33m,[39m[0m

      at settleWorker (test/utils/g2-s10b-pg-harness.ts:170:15)
      at ChildProcess.<anonymous> (test/utils/g2-s10b-pg-harness.ts:189:7)

    console.warn
      PG17_PROCESS {"name":"g2s10b_9","options":{"registry":{"synthetic-src-a":["clients","programs","workouts"],"synthetic-src-b":["clients"]},"action":"declare","coach":"coach","intent":"d0abc5ff-77c2-412f-9cac-46c16be424bc"},"failure":{"status":400,"message":"platforms must be a non-empty list of unique canonical slugs, each with a non-empty unique list of 64-hex scope digests","response":{"message":"platforms must be a non-empty list of unique canonical slugs, each with a non-empty unique list of 64-hex scope digests","error":"Bad Request","statusCode":400},"injected":false},"queries":0,"pid":4099}

    [0m [90m 168 |[39m       }
     [90m 169 |[39m       [90m// Query shapes, outcomes, fixture identifiers and process IDs only; never parameters.[39m
    [31m[1m>[22m[39m[90m 170 |[39m       console[33m.[39mwarn(
     [90m     |[39m               [31m[1m^[22m[39m
     [90m 171 |[39m         [32m'PG17_PROCESS'[39m[33m,[39m
     [90m 172 |[39m         [33mJSON[39m[33m.[39mstringify({
     [90m 173 |[39m           name[33m,[39m[0m

      at settleWorker (test/utils/g2-s10b-pg-harness.ts:170:15)
      at ChildProcess.<anonymous> (test/utils/g2-s10b-pg-harness.ts:189:7)

    console.warn
      PG17_PROCESS {"name":"g2s10b_10","options":{"registry":{"synthetic-src-a":["clients","programs","workouts"],"synthetic-src-b":["clients"]},"action":"declare","coach":"coach","intent":"d0abc5ff-77c2-412f-9cac-46c16be424bc"},"failure":{"status":400,"message":"platforms must be a non-empty list of unique canonical slugs, each with a non-empty unique list of 64-hex scope digests","response":{"message":"platforms must be a non-empty list of unique canonical slugs, each with a non-empty unique list of 64-hex scope digests","error":"Bad Request","statusCode":400},"injected":false},"queries":0,"pid":4115}

    [0m [90m 168 |[39m       }
     [90m 169 |[39m       [90m// Query shapes, outcomes, fixture identifiers and process IDs only; never parameters.[39m
    [31m[1m>[22m[39m[90m 170 |[39m       console[33m.[39mwarn(
     [90m     |[39m               [31m[1m^[22m[39m
     [90m 171 |[39m         [32m'PG17_PROCESS'[39m[33m,[39m
     [90m 172 |[39m         [33mJSON[39m[33m.[39mstringify({
     [90m 173 |[39m           name[33m,[39m[0m

      at settleWorker (test/utils/g2-s10b-pg-harness.ts:170:15)
      at ChildProcess.<anonymous> (test/utils/g2-s10b-pg-harness.ts:189:7)

    console.warn
      PG17_PROCESS {"name":"g2s10b_11","options":{"registry":{"synthetic-src-a":["clients","programs","workouts"],"synthetic-src-b":["clients"]},"action":"declare","coach":"coach","intent":"d0abc5ff-77c2-412f-9cac-46c16be424bc"},"failure":{"status":400,"message":"platforms must be a non-empty list of unique canonical slugs, each with a non-empty unique list of 64-hex scope digests","response":{"message":"platforms must be a non-empty list of unique canonical slugs, each with a non-empty unique list of 64-hex scope digests","error":"Bad Request","statusCode":400},"injected":false},"queries":0,"pid":4131}

    [0m [90m 168 |[39m       }
     [90m 169 |[39m       [90m// Query shapes, outcomes, fixture identifiers and process IDs only; never parameters.[39m
    [31m[1m>[22m[39m[90m 170 |[39m       console[33m.[39mwarn(
     [90m     |[39m               [31m[1m^[22m[39m
     [90m 171 |[39m         [32m'PG17_PROCESS'[39m[33m,[39m
     [90m 172 |[39m         [33mJSON[39m[33m.[39mstringify({
     [90m 173 |[39m           name[33m,[39m[0m

      at settleWorker (test/utils/g2-s10b-pg-harness.ts:170:15)
      at ChildProcess.<anonymous> (test/utils/g2-s10b-pg-harness.ts:189:7)

    console.warn
      PG17_PROCESS {"name":"g2s10b_12","options":{"registry":{"synthetic-src-a":["clients","programs","workouts"],"synthetic-src-b":["clients"]},"action":"declare","coach":"coach","intent":"d0abc5ff-77c2-412f-9cac-46c16be424bc"},"failure":{"status":400,"message":"platforms must be a non-empty list of unique canonical slugs, each with a non-empty unique list of 64-hex scope digests","response":{"message":"platforms must be a non-empty list of unique canonical slugs, each with a non-empty unique list of 64-hex scope digests","error":"Bad Request","statusCode":400},"injected":false},"queries":0,"pid":4147}

    [0m [90m 168 |[39m       }
     [90m 169 |[39m       [90m// Query shapes, outcomes, fixture identifiers and process IDs only; never parameters.[39m
    [31m[1m>[22m[39m[90m 170 |[39m       console[33m.[39mwarn(
     [90m     |[39m               [31m[1m^[22m[39m
     [90m 171 |[39m         [32m'PG17_PROCESS'[39m[33m,[39m
     [90m 172 |[39m         [33mJSON[39m[33m.[39mstringify({
     [90m 173 |[39m           name[33m,[39m[0m

      at settleWorker (test/utils/g2-s10b-pg-harness.ts:170:15)
      at ChildProcess.<anonymous> (test/utils/g2-s10b-pg-harness.ts:189:7)

    console.warn
      PG17_PROCESS {"name":"g2s10b_13","options":{"registry":{"synthetic-src-a":["clients","programs","workouts"],"synthetic-src-b":["clients"]},"action":"declare","coach":"coach","intent":"d0abc5ff-77c2-412f-9cac-46c16be424bc"},"failure":{"status":409,"message":"The run has already staged rows or a claim; it can no longer be declared.","response":{"code":"declaration_after_ingest","message":"The run has already staged rows or a claim; it can no longer be declared."},"injected":false},"queries":8,"pid":4168}

    [0m [90m 168 |[39m       }
     [90m 169 |[39m       [90m// Query shapes, outcomes, fixture identifiers and process IDs only; never parameters.[39m
    [31m[1m>[22m[39m[90m 170 |[39m       console[33m.[39mwarn(
     [90m     |[39m               [31m[1m^[22m[39m
     [90m 171 |[39m         [32m'PG17_PROCESS'[39m[33m,[39m
     [90m 172 |[39m         [33mJSON[39m[33m.[39mstringify({
     [90m 173 |[39m           name[33m,[39m[0m

      at settleWorker (test/utils/g2-s10b-pg-harness.ts:170:15)
      at ChildProcess.<anonymous> (test/utils/g2-s10b-pg-harness.ts:189:7)

    console.warn
      PG17_PROCESS {"name":"g2s10b_14","options":{"action":"start","coach":"coach","intent":"24111566-b773-4fef-a6f8-bc01109fd136"},"result":{"intent_id":"24111566-b773-4fef-a6f8-bc01109fd136","mode":"server","phase":"discovering","execution_epoch":1,"accepted_start_at":"2026-09-27T21:23:45.493Z","deadline_at":"2026-09-27T21:28:45.493Z"},"queries":3,"pid":4195}

    [0m [90m 168 |[39m       }
     [90m 169 |[39m       [90m// Query shapes, outcomes, fixture identifiers and process IDs only; never parameters.[39m
    [31m[1m>[22m[39m[90m 170 |[39m       console[33m.[39mwarn(
     [90m     |[39m               [31m[1m^[22m[39m
     [90m 171 |[39m         [32m'PG17_PROCESS'[39m[33m,[39m
     [90m 172 |[39m         [33mJSON[39m[33m.[39mstringify({
     [90m 173 |[39m           name[33m,[39m[0m

      at settleWorker (test/utils/g2-s10b-pg-harness.ts:170:15)
      at ChildProcess.<anonymous> (test/utils/g2-s10b-pg-harness.ts:189:7)

    console.warn
      PG17_PROCESS {"name":"g2s10b_15","options":{"registry":{"synthetic-src-a":["clients","programs","workouts"],"synthetic-src-b":["clients"]},"action":"declare","coach":"coach","intent":"24111566-b773-4fef-a6f8-bc01109fd136","failAfter":{"model":"scoutRunDeclaration","n":2}},"failure":{"status":500,"message":"Internal server error","injected":true},"queries":10,"pid":4214}

    [0m [90m 168 |[39m       }
     [90m 169 |[39m       [90m// Query shapes, outcomes, fixture identifiers and process IDs only; never parameters.[39m
    [31m[1m>[22m[39m[90m 170 |[39m       console[33m.[39mwarn(
     [90m     |[39m               [31m[1m^[22m[39m
     [90m 171 |[39m         [32m'PG17_PROCESS'[39m[33m,[39m
     [90m 172 |[39m         [33mJSON[39m[33m.[39mstringify({
     [90m 173 |[39m           name[33m,[39m[0m

      at settleWorker (test/utils/g2-s10b-pg-harness.ts:170:15)
      at ChildProcess.<anonymous> (test/utils/g2-s10b-pg-harness.ts:189:7)

    console.warn
      PG17_PROCESS {"name":"g2s10b_16","options":{"action":"start","coach":"coach","intent":"06046c96-db28-4f3e-b6dd-63cbf20c2aa2"},"result":{"intent_id":"06046c96-db28-4f3e-b6dd-63cbf20c2aa2","mode":"server","phase":"discovering","execution_epoch":1,"accepted_start_at":"2026-09-27T21:23:48.107Z","deadline_at":"2026-09-27T21:28:48.107Z"},"queries":3,"pid":4241}

    [0m [90m 168 |[39m       }
     [90m 169 |[39m       [90m// Query shapes, outcomes, fixture identifiers and process IDs only; never parameters.[39m
    [31m[1m>[22m[39m[90m 170 |[39m       console[33m.[39mwarn(
     [90m     |[39m               [31m[1m^[22m[39m
     [90m 171 |[39m         [32m'PG17_PROCESS'[39m[33m,[39m
     [90m 172 |[39m         [33mJSON[39m[33m.[39mstringify({
     [90m 173 |[39m           name[33m,[39m[0m

      at settleWorker (test/utils/g2-s10b-pg-harness.ts:170:15)
      at ChildProcess.<anonymous> (test/utils/g2-s10b-pg-harness.ts:189:7)

    console.warn
      PG17_PROCESS {"name":"g2s10b_17","options":{"action":"cancel","coach":"coach","intent":"06046c96-db28-4f3e-b6dd-63cbf20c2aa2"},"result":{"intent_id":"06046c96-db28-4f3e-b6dd-63cbf20c2aa2","status":"cancelled","execution_epoch":2},"queries":8,"pid":4261}

    [0m [90m 168 |[39m       }
     [90m 169 |[39m       [90m// Query shapes, outcomes, fixture identifiers and process IDs only; never parameters.[39m
    [31m[1m>[22m[39m[90m 170 |[39m       console[33m.[39mwarn(
     [90m     |[39m               [31m[1m^[22m[39m
     [90m 171 |[39m         [32m'PG17_PROCESS'[39m[33m,[39m
     [90m 172 |[39m         [33mJSON[39m[33m.[39mstringify({
     [90m 173 |[39m           name[33m,[39m[0m

      at settleWorker (test/utils/g2-s10b-pg-harness.ts:170:15)
      at ChildProcess.<anonymous> (test/utils/g2-s10b-pg-harness.ts:189:7)

    console.warn
      PG17_PROCESS {"name":"g2s10b_18","options":{"registry":{"synthetic-src-a":["clients","programs","workouts"],"synthetic-src-b":["clients"]},"action":"declare","coach":"coach","intent":"06046c96-db28-4f3e-b6dd-63cbf20c2aa2"},"failure":{"status":409,"message":"The run for this intent is fenced; no further writes are accepted.","response":{"code":"run_fenced","message":"The run for this intent is fenced; no further writes are accepted.","fence_reason":"cancelled"},"injected":false},"queries":5,"pid":4281}

    [0m [90m 168 |[39m       }
     [90m 169 |[39m       [90m// Query shapes, outcomes, fixture identifiers and process IDs only; never parameters.[39m
    [31m[1m>[22m[39m[90m 170 |[39m       console[33m.[39mwarn(
     [90m     |[39m               [31m[1m^[22m[39m
     [90m 171 |[39m         [32m'PG17_PROCESS'[39m[33m,[39m
     [90m 172 |[39m         [33mJSON[39m[33m.[39mstringify({
     [90m 173 |[39m           name[33m,[39m[0m

      at settleWorker (test/utils/g2-s10b-pg-harness.ts:170:15)
      at ChildProcess.<anonymous> (test/utils/g2-s10b-pg-harness.ts:189:7)

    console.warn
      PG17_PROCESS {"name":"g2s10b_19","options":{"action":"start","coach":"other-coach","intent":"b84fd0f2-e00d-4f7d-8fe9-30e53be4f7b2"},"result":{"intent_id":"b84fd0f2-e00d-4f7d-8fe9-30e53be4f7b2","mode":"server","phase":"discovering","execution_epoch":1,"accepted_start_at":"2026-09-27T21:23:51.968Z","deadline_at":"2026-09-27T21:28:51.968Z"},"queries":3,"pid":4304}

    [0m [90m 168 |[39m       }
     [90m 169 |[39m       [90m// Query shapes, outcomes, fixture identifiers and process IDs only; never parameters.[39m
    [31m[1m>[22m[39m[90m 170 |[39m       console[33m.[39mwarn(
     [90m     |[39m               [31m[1m^[22m[39m
     [90m 171 |[39m         [32m'PG17_PROCESS'[39m[33m,[39m
     [90m 172 |[39m         [33mJSON[39m[33m.[39mstringify({
     [90m 173 |[39m           name[33m,[39m[0m

      at settleWorker (test/utils/g2-s10b-pg-harness.ts:170:15)
      at ChildProcess.<anonymous> (test/utils/g2-s10b-pg-harness.ts:189:7)

    console.warn
      PG17_PROCESS {"name":"g2s10b_20","options":{"registry":{"synthetic-src-a":["clients","programs","workouts"],"synthetic-src-b":["clients"]},"action":"declare","coach":"other-coach","intent":"b84fd0f2-e00d-4f7d-8fe9-30e53be4f7b2"},"failure":{"status":409,"message":"The run for this intent is fenced; no further writes are accepted.","response":{"code":"run_fenced","message":"The run for this intent is fenced; no further writes are accepted.","fence_reason":"timed_out"},"injected":false},"queries":13,"pid":4325}

    [0m [90m 168 |[39m       }
     [90m 169 |[39m       [90m// Query shapes, outcomes, fixture identifiers and process IDs only; never parameters.[39m
    [31m[1m>[22m[39m[90m 170 |[39m       console[33m.[39mwarn(
     [90m     |[39m               [31m[1m^[22m[39m
     [90m 171 |[39m         [32m'PG17_PROCESS'[39m[33m,[39m
     [90m 172 |[39m         [33mJSON[39m[33m.[39mstringify({
     [90m 173 |[39m           name[33m,[39m[0m

      at settleWorker (test/utils/g2-s10b-pg-harness.ts:170:15)
      at ChildProcess.<anonymous> (test/utils/g2-s10b-pg-harness.ts:189:7)

    console.warn
      PG17_PROCESS {"name":"g2s10b_21","options":{"registry":{"synthetic-src-a":["clients","programs","workouts"],"synthetic-src-b":["clients"]},"action":"declare","coach":"coach","intent":"intent_legacy_s10b"},"failure":{"status":409,"message":"This intent names a legacy run, which the server does not own.","response":{"code":"legacy_run","message":"This intent names a legacy run, which the server does not own."},"injected":false},"queries":6,"pid":4350}

    [0m [90m 168 |[39m       }
     [90m 169 |[39m       [90m// Query shapes, outcomes, fixture identifiers and process IDs only; never parameters.[39m
    [31m[1m>[22m[39m[90m 170 |[39m       console[33m.[39mwarn(
     [90m     |[39m               [31m[1m^[22m[39m
     [90m 171 |[39m         [32m'PG17_PROCESS'[39m[33m,[39m
     [90m 172 |[39m         [33mJSON[39m[33m.[39mstringify({
     [90m 173 |[39m           name[33m,[39m[0m

      at settleWorker (test/utils/g2-s10b-pg-harness.ts:170:15)
      at ChildProcess.<anonymous> (test/utils/g2-s10b-pg-harness.ts:189:7)

    console.warn
      PG17_PROCESS {"name":"g2s10b_22","options":{"action":"start","coach":"coach","intent":"20bf9850-dc3a-43f3-b701-92516c1decc7"},"result":{"intent_id":"20bf9850-dc3a-43f3-b701-92516c1decc7","mode":"server","phase":"discovering","execution_epoch":1,"accepted_start_at":"2026-09-27T21:23:55.863Z","deadline_at":"2026-09-27T21:28:55.863Z"},"queries":3,"pid":4373}

    [0m [90m 168 |[39m       }
     [90m 169 |[39m       [90m// Query shapes, outcomes, fixture identifiers and process IDs only; never parameters.[39m
    [31m[1m>[22m[39m[90m 170 |[39m       console[33m.[39mwarn(
     [90m     |[39m               [31m[1m^[22m[39m
     [90m 171 |[39m         [32m'PG17_PROCESS'[39m[33m,[39m
     [90m 172 |[39m         [33mJSON[39m[33m.[39mstringify({
     [90m 173 |[39m           name[33m,[39m[0m

      at settleWorker (test/utils/g2-s10b-pg-harness.ts:170:15)
      at ChildProcess.<anonymous> (test/utils/g2-s10b-pg-harness.ts:189:7)

    console.warn
      PG17_PROCESS {"name":"g2s10b_23","options":{"registry":{"synthetic-src-a":["clients","programs","workouts"],"synthetic-src-b":["clients"]},"action":"declare","coach":"other-coach","intent":"20bf9850-dc3a-43f3-b701-92516c1decc7"},"failure":{"status":404,"message":"Not Found","response":{"message":"Not Found","statusCode":404},"injected":false},"queries":7,"pid":4392}

    [0m [90m 168 |[39m       }
     [90m 169 |[39m       [90m// Query shapes, outcomes, fixture identifiers and process IDs only; never parameters.[39m
    [31m[1m>[22m[39m[90m 170 |[39m       console[33m.[39mwarn(
     [90m     |[39m               [31m[1m^[22m[39m
     [90m 171 |[39m         [32m'PG17_PROCESS'[39m[33m,[39m
     [90m 172 |[39m         [33mJSON[39m[33m.[39mstringify({
     [90m 173 |[39m           name[33m,[39m[0m

      at settleWorker (test/utils/g2-s10b-pg-harness.ts:170:15)
      at ChildProcess.<anonymous> (test/utils/g2-s10b-pg-harness.ts:189:7)

    console.warn
      PG17_PROCESS {"name":"g2s10b_24","options":{"action":"start","coach":"coach","intent":"181e5b37-8284-4fe7-a96f-8293eb420153"},"result":{"intent_id":"181e5b37-8284-4fe7-a96f-8293eb420153","mode":"server","phase":"discovering","execution_epoch":1,"accepted_start_at":"2026-09-27T21:23:58.470Z","deadline_at":"2026-09-27T21:28:58.470Z"},"queries":3,"pid":4419}

    [0m [90m 168 |[39m       }
     [90m 169 |[39m       [90m// Query shapes, outcomes, fixture identifiers and process IDs only; never parameters.[39m
    [31m[1m>[22m[39m[90m 170 |[39m       console[33m.[39mwarn(
     [90m     |[39m               [31m[1m^[22m[39m
     [90m 171 |[39m         [32m'PG17_PROCESS'[39m[33m,[39m
     [90m 172 |[39m         [33mJSON[39m[33m.[39mstringify({
     [90m 173 |[39m           name[33m,[39m[0m

      at settleWorker (test/utils/g2-s10b-pg-harness.ts:170:15)
      at ChildProcess.<anonymous> (test/utils/g2-s10b-pg-harness.ts:189:7)

    console.warn
      PG17_PROCESS {"name":"g2s10b_25","options":{"registry":{"synthetic-src-a":["clients","programs","workouts"],"synthetic-src-b":["clients"]},"action":"observe","coach":"coach","intent":"181e5b37-8284-4fe7-a96f-8293eb420153"},"failure":{"status":409,"message":"The run has no declaration; declare its platforms and scopes first.","response":{"code":"declaration_missing","message":"The run has no declaration; declare its platforms and scopes first."},"injected":false},"queries":7,"pid":4438}

    [0m [90m 168 |[39m       }
     [90m 169 |[39m       [90m// Query shapes, outcomes, fixture identifiers and process IDs only; never parameters.[39m
    [31m[1m>[22m[39m[90m 170 |[39m       console[33m.[39mwarn(
     [90m     |[39m               [31m[1m^[22m[39m
     [90m 171 |[39m         [32m'PG17_PROCESS'[39m[33m,[39m
     [90m 172 |[39m         [33mJSON[39m[33m.[39mstringify({
     [90m 173 |[39m           name[33m,[39m[0m

      at settleWorker (test/utils/g2-s10b-pg-harness.ts:170:15)
      at ChildProcess.<anonymous> (test/utils/g2-s10b-pg-harness.ts:189:7)

    console.warn
      PG17_PROCESS {"name":"g2s10b_26","options":{"registry":{"synthetic-src-a":["clients","programs","workouts"],"synthetic-src-b":["clients"]},"action":"declare","coach":"coach","intent":"181e5b37-8284-4fe7-a96f-8293eb420153"},"result":{"intent_id":"181e5b37-8284-4fe7-a96f-8293eb420153","challenge_b64":"Ox/3btmFQ70H3ilmCHstHxusLzc2AlG1Eia3K5h9NSw=","declared_at":"2026-09-27T21:24:01.012Z"},"queries":11,"pid":4457}

    [0m [90m 168 |[39m       }
     [90m 169 |[39m       [90m// Query shapes, outcomes, fixture identifiers and process IDs only; never parameters.[39m
    [31m[1m>[22m[39m[90m 170 |[39m       console[33m.[39mwarn(
     [90m     |[39m               [31m[1m^[22m[39m
     [90m 171 |[39m         [32m'PG17_PROCESS'[39m[33m,[39m
     [90m 172 |[39m         [33mJSON[39m[33m.[39mstringify({
     [90m 173 |[39m           name[33m,[39m[0m

      at settleWorker (test/utils/g2-s10b-pg-harness.ts:170:15)
      at ChildProcess.<anonymous> (test/utils/g2-s10b-pg-harness.ts:189:7)

    console.warn
      PG17_PROCESS {"name":"g2s10b_27","options":{"registry":{"synthetic-src-a":["clients","programs","workouts"],"synthetic-src-b":["clients"]},"action":"observe","coach":"coach","intent":"181e5b37-8284-4fe7-a96f-8293eb420153"},"result":{"intent_id":"181e5b37-8284-4fe7-a96f-8293eb420153","execution_epoch":1,"stored":2,"replayed":0},"queries":10,"pid":4476}

    [0m [90m 168 |[39m       }
     [90m 169 |[39m       [90m// Query shapes, outcomes, fixture identifiers and process IDs only; never parameters.[39m
    [31m[1m>[22m[39m[90m 170 |[39m       console[33m.[39mwarn(
     [90m     |[39m               [31m[1m^[22m[39m
     [90m 171 |[39m         [32m'PG17_PROCESS'[39m[33m,[39m
     [90m 172 |[39m         [33mJSON[39m[33m.[39mstringify({
     [90m 173 |[39m           name[33m,[39m[0m

      at settleWorker (test/utils/g2-s10b-pg-harness.ts:170:15)
      at ChildProcess.<anonymous> (test/utils/g2-s10b-pg-harness.ts:189:7)

    console.warn
      PG17_PROCESS {"name":"g2s10b_28","options":{"registry":{"synthetic-src-a":["clients","programs","workouts"],"synthetic-src-b":["clients"]},"action":"observe","coach":"coach","intent":"181e5b37-8284-4fe7-a96f-8293eb420153"},"result":{"intent_id":"181e5b37-8284-4fe7-a96f-8293eb420153","execution_epoch":1,"stored":0,"replayed":1},"queries":8,"pid":4504}

    [0m [90m 168 |[39m       }
     [90m 169 |[39m       [90m// Query shapes, outcomes, fixture identifiers and process IDs only; never parameters.[39m
    [31m[1m>[22m[39m[90m 170 |[39m       console[33m.[39mwarn(
     [90m     |[39m               [31m[1m^[22m[39m
     [90m 171 |[39m         [32m'PG17_PROCESS'[39m[33m,[39m
     [90m 172 |[39m         [33mJSON[39m[33m.[39mstringify({
     [90m 173 |[39m           name[33m,[39m[0m

      at settleWorker (test/utils/g2-s10b-pg-harness.ts:170:15)
      at ChildProcess.<anonymous> (test/utils/g2-s10b-pg-harness.ts:189:7)

    console.warn
      PG17_PROCESS {"name":"g2s10b_29","options":{"registry":{"synthetic-src-a":["clients","programs","workouts"],"synthetic-src-b":["clients"]},"action":"observe","coach":"coach","intent":"181e5b37-8284-4fe7-a96f-8293eb420153"},"failure":{"status":409,"message":"A different observation is already stored for this unit and epoch.","response":{"code":"observation_conflict","message":"A different observation is already stored for this unit and epoch."},"injected":false},"queries":8,"pid":4525}

    [0m [90m 168 |[39m       }
     [90m 169 |[39m       [90m// Query shapes, outcomes, fixture identifiers and process IDs only; never parameters.[39m
    [31m[1m>[22m[39m[90m 170 |[39m       console[33m.[39mwarn(
     [90m     |[39m               [31m[1m^[22m[39m
     [90m 171 |[39m         [32m'PG17_PROCESS'[39m[33m,[39m
     [90m 172 |[39m         [33mJSON[39m[33m.[39mstringify({
     [90m 173 |[39m           name[33m,[39m[0m

      at settleWorker (test/utils/g2-s10b-pg-harness.ts:170:15)
      at ChildProcess.<anonymous> (test/utils/g2-s10b-pg-harness.ts:189:7)

    console.warn
      PG17_PROCESS {"name":"g2s10b_30","options":{"action":"start","coach":"coach","intent":"8dd34f23-f4a1-49c2-aa0a-806ff830194a"},"result":{"intent_id":"8dd34f23-f4a1-49c2-aa0a-806ff830194a","mode":"server","phase":"discovering","execution_epoch":1,"accepted_start_at":"2026-09-27T21:24:06.258Z","deadline_at":"2026-09-27T21:29:06.258Z"},"queries":3,"pid":4552}

    [0m [90m 168 |[39m       }
     [90m 169 |[39m       [90m// Query shapes, outcomes, fixture identifiers and process IDs only; never parameters.[39m
    [31m[1m>[22m[39m[90m 170 |[39m       console[33m.[39mwarn(
     [90m     |[39m               [31m[1m^[22m[39m
     [90m 171 |[39m         [32m'PG17_PROCESS'[39m[33m,[39m
     [90m 172 |[39m         [33mJSON[39m[33m.[39mstringify({
     [90m 173 |[39m           name[33m,[39m[0m

      at settleWorker (test/utils/g2-s10b-pg-harness.ts:170:15)
      at ChildProcess.<anonymous> (test/utils/g2-s10b-pg-harness.ts:189:7)

    console.warn
      PG17_PROCESS {"name":"g2s10b_31","options":{"registry":{"synthetic-src-a":["clients","programs","workouts"],"synthetic-src-b":["clients"]},"action":"declare","coach":"coach","intent":"8dd34f23-f4a1-49c2-aa0a-806ff830194a"},"result":{"intent_id":"8dd34f23-f4a1-49c2-aa0a-806ff830194a","challenge_b64":"jqtzQYy8JpBj6RWePd8rcY5ImEuyGMKqhr/VMucB+9E=","declared_at":"2026-09-27T21:24:07.550Z"},"queries":11,"pid":4572}

    [0m [90m 168 |[39m       }
     [90m 169 |[39m       [90m// Query shapes, outcomes, fixture identifiers and process IDs only; never parameters.[39m
    [31m[1m>[22m[39m[90m 170 |[39m       console[33m.[39mwarn(
     [90m     |[39m               [31m[1m^[22m[39m
     [90m 171 |[39m         [32m'PG17_PROCESS'[39m[33m,[39m
     [90m 172 |[39m         [33mJSON[39m[33m.[39mstringify({
     [90m 173 |[39m           name[33m,[39m[0m

      at settleWorker (test/utils/g2-s10b-pg-harness.ts:170:15)
      at ChildProcess.<anonymous> (test/utils/g2-s10b-pg-harness.ts:189:7)

    console.warn
      PG17_PROCESS {"name":"g2s10b_32","options":{"registry":{"synthetic-src-a":["clients","programs","workouts"],"synthetic-src-b":["clients"]},"action":"observe","coach":"coach","intent":"8dd34f23-f4a1-49c2-aa0a-806ff830194a"},"result":{"intent_id":"8dd34f23-f4a1-49c2-aa0a-806ff830194a","execution_epoch":1,"stored":1,"replayed":0},"queries":9,"pid":4591}

    [0m [90m 168 |[39m       }
     [90m 169 |[39m       [90m// Query shapes, outcomes, fixture identifiers and process IDs only; never parameters.[39m
    [31m[1m>[22m[39m[90m 170 |[39m       console[33m.[39mwarn(
     [90m     |[39m               [31m[1m^[22m[39m
     [90m 171 |[39m         [32m'PG17_PROCESS'[39m[33m,[39m
     [90m 172 |[39m         [33mJSON[39m[33m.[39mstringify({
     [90m 173 |[39m           name[33m,[39m[0m

      at settleWorker (test/utils/g2-s10b-pg-harness.ts:170:15)
      at ChildProcess.<anonymous> (test/utils/g2-s10b-pg-harness.ts:189:7)

    console.warn
      PG17_PROCESS {"name":"g2s10b_33","options":{"registry":{"synthetic-src-a":["clients","programs","workouts"],"synthetic-src-b":["clients"]},"action":"observe","coach":"coach","intent":"8dd34f23-f4a1-49c2-aa0a-806ff830194a"},"result":{"intent_id":"8dd34f23-f4a1-49c2-aa0a-806ff830194a","execution_epoch":2,"stored":1,"replayed":0},"queries":9,"pid":4612}

    [0m [90m 168 |[39m       }
     [90m 169 |[39m       [90m// Query shapes, outcomes, fixture identifiers and process IDs only; never parameters.[39m
    [31m[1m>[22m[39m[90m 170 |[39m       console[33m.[39mwarn(
     [90m     |[39m               [31m[1m^[22m[39m
     [90m 171 |[39m         [32m'PG17_PROCESS'[39m[33m,[39m
     [90m 172 |[39m         [33mJSON[39m[33m.[39mstringify({
     [90m 173 |[39m           name[33m,[39m[0m

      at settleWorker (test/utils/g2-s10b-pg-harness.ts:170:15)
      at ChildProcess.<anonymous> (test/utils/g2-s10b-pg-harness.ts:189:7)

    console.warn
      PG17_PROCESS {"name":"g2s10b_34","options":{"action":"start","coach":"coach","intent":"7d0d4b62-35c2-406c-a832-eafde7e8775b"},"result":{"intent_id":"7d0d4b62-35c2-406c-a832-eafde7e8775b","mode":"server","phase":"discovering","execution_epoch":1,"accepted_start_at":"2026-09-27T21:24:11.446Z","deadline_at":"2026-09-27T21:29:11.446Z"},"queries":3,"pid":4639}

    [0m [90m 168 |[39m       }
     [90m 169 |[39m       [90m// Query shapes, outcomes, fixture identifiers and process IDs only; never parameters.[39m
    [31m[1m>[22m[39m[90m 170 |[39m       console[33m.[39mwarn(
     [90m     |[39m               [31m[1m^[22m[39m
     [90m 171 |[39m         [32m'PG17_PROCESS'[39m[33m,[39m
     [90m 172 |[39m         [33mJSON[39m[33m.[39mstringify({
     [90m 173 |[39m           name[33m,[39m[0m

      at settleWorker (test/utils/g2-s10b-pg-harness.ts:170:15)
      at ChildProcess.<anonymous> (test/utils/g2-s10b-pg-harness.ts:189:7)

    console.warn
      PG17_PROCESS {"name":"g2s10b_35","options":{"registry":{"synthetic-src-a":["clients","programs","workouts"],"synthetic-src-b":["clients"]},"action":"declare","coach":"coach","intent":"7d0d4b62-35c2-406c-a832-eafde7e8775b"},"result":{"intent_id":"7d0d4b62-35c2-406c-a832-eafde7e8775b","challenge_b64":"AvusZnKZUNKlzRLJ8lQu+7yLByw5CDDZrTGstBmsDto=","declared_at":"2026-09-27T21:24:12.722Z"},"queries":12,"pid":4659}

    [0m [90m 168 |[39m       }
     [90m 169 |[39m       [90m// Query shapes, outcomes, fixture identifiers and process IDs only; never parameters.[39m
    [31m[1m>[22m[39m[90m 170 |[39m       console[33m.[39mwarn(
     [90m     |[39m               [31m[1m^[22m[39m
     [90m 171 |[39m         [32m'PG17_PROCESS'[39m[33m,[39m
     [90m 172 |[39m         [33mJSON[39m[33m.[39mstringify({
     [90m 173 |[39m           name[33m,[39m[0m

      at settleWorker (test/utils/g2-s10b-pg-harness.ts:170:15)
      at ChildProcess.<anonymous> (test/utils/g2-s10b-pg-harness.ts:189:7)

    console.warn
      PG17_PROCESS {"name":"g2s10b_36","options":{"registry":{"synthetic-src-a":["clients","programs","workouts"],"synthetic-src-b":["clients"]},"action":"observe","coach":"coach","intent":"7d0d4b62-35c2-406c-a832-eafde7e8775b"},"failure":{"status":409,"message":"The observation names a platform, scope or family the run did not declare.","response":{"code":"observation_not_declared","message":"The observation names a platform, scope or family the run did not declare."},"injected":false},"queries":9,"pid":4678}

    [0m [90m 168 |[39m       }
     [90m 169 |[39m       [90m// Query shapes, outcomes, fixture identifiers and process IDs only; never parameters.[39m
    [31m[1m>[22m[39m[90m 170 |[39m       console[33m.[39mwarn(
     [90m     |[39m               [31m[1m^[22m[39m
     [90m 171 |[39m         [32m'PG17_PROCESS'[39m[33m,[39m
     [90m 172 |[39m         [33mJSON[39m[33m.[39mstringify({
     [90m 173 |[39m           name[33m,[39m[0m

      at settleWorker (test/utils/g2-s10b-pg-harness.ts:170:15)
      at ChildProcess.<anonymous> (test/utils/g2-s10b-pg-harness.ts:189:7)

    console.warn
      PG17_PROCESS {"name":"g2s10b_37","options":{"registry":{"synthetic-src-a":["clients","programs","workouts"],"synthetic-src-b":["clients"]},"action":"observe","coach":"coach","intent":"7d0d4b62-35c2-406c-a832-eafde7e8775b"},"failure":{"status":409,"message":"The observation names a platform, scope or family the run did not declare.","response":{"code":"observation_not_declared","message":"The observation names a platform, scope or family the run did not declare."},"injected":false},"queries":9,"pid":4697}

    [0m [90m 168 |[39m       }
     [90m 169 |[39m       [90m// Query shapes, outcomes, fixture identifiers and process IDs only; never parameters.[39m
    [31m[1m>[22m[39m[90m 170 |[39m       console[33m.[39mwarn(
     [90m     |[39m               [31m[1m^[22m[39m
     [90m 171 |[39m         [32m'PG17_PROCESS'[39m[33m,[39m
     [90m 172 |[39m         [33mJSON[39m[33m.[39mstringify({
     [90m 173 |[39m           name[33m,[39m[0m

      at settleWorker (test/utils/g2-s10b-pg-harness.ts:170:15)
      at ChildProcess.<anonymous> (test/utils/g2-s10b-pg-harness.ts:189:7)

    console.warn
      PG17_PROCESS {"name":"g2s10b_38","options":{"registry":{"synthetic-src-a":["clients","programs","workouts"],"synthetic-src-b":["clients"]},"action":"observe","coach":"coach","intent":"7d0d4b62-35c2-406c-a832-eafde7e8775b"},"failure":{"status":409,"message":"The observation names a platform, scope or family the run did not declare.","response":{"code":"observation_not_declared","message":"The observation names a platform, scope or family the run did not declare."},"injected":false},"queries":9,"pid":4716}

    [0m [90m 168 |[39m       }
     [90m 169 |[39m       [90m// Query shapes, outcomes, fixture identifiers and process IDs only; never parameters.[39m
    [31m[1m>[22m[39m[90m 170 |[39m       console[33m.[39mwarn(
     [90m     |[39m               [31m[1m^[22m[39m
     [90m 171 |[39m         [32m'PG17_PROCESS'[39m[33m,[39m
     [90m 172 |[39m         [33mJSON[39m[33m.[39mstringify({
     [90m 173 |[39m           name[33m,[39m[0m

      at settleWorker (test/utils/g2-s10b-pg-harness.ts:170:15)
      at ChildProcess.<anonymous> (test/utils/g2-s10b-pg-harness.ts:189:7)

    console.warn
      PG17_PROCESS {"name":"g2s10b_39","options":{"action":"start","coach":"coach","intent":"33c45cac-d177-4e1a-9c5b-4cb4efe6e5dd"},"result":{"intent_id":"33c45cac-d177-4e1a-9c5b-4cb4efe6e5dd","mode":"server","phase":"discovering","execution_epoch":1,"accepted_start_at":"2026-09-27T21:24:17.892Z","deadline_at":"2026-09-27T21:29:17.892Z"},"queries":3,"pid":4743}

    [0m [90m 168 |[39m       }
     [90m 169 |[39m       [90m// Query shapes, outcomes, fixture identifiers and process IDs only; never parameters.[39m
    [31m[1m>[22m[39m[90m 170 |[39m       console[33m.[39mwarn(
     [90m     |[39m               [31m[1m^[22m[39m
     [90m 171 |[39m         [32m'PG17_PROCESS'[39m[33m,[39m
     [90m 172 |[39m         [33mJSON[39m[33m.[39mstringify({
     [90m 173 |[39m           name[33m,[39m[0m

      at settleWorker (test/utils/g2-s10b-pg-harness.ts:170:15)
      at ChildProcess.<anonymous> (test/utils/g2-s10b-pg-harness.ts:189:7)

    console.warn
      PG17_PROCESS {"name":"g2s10b_40","options":{"registry":{"synthetic-src-a":["clients","programs","workouts"],"synthetic-src-b":["clients"]},"action":"declare","coach":"coach","intent":"33c45cac-d177-4e1a-9c5b-4cb4efe6e5dd"},"result":{"intent_id":"33c45cac-d177-4e1a-9c5b-4cb4efe6e5dd","challenge_b64":"WuIXpc0orQQwt8US/mYMrSpcp0NqhbJqQJukMdQ9Zfw=","declared_at":"2026-09-27T21:24:19.173Z"},"queries":11,"pid":4762}

    [0m [90m 168 |[39m       }
     [90m 169 |[39m       [90m// Query shapes, outcomes, fixture identifiers and process IDs only; never parameters.[39m
    [31m[1m>[22m[39m[90m 170 |[39m       console[33m.[39mwarn(
     [90m     |[39m               [31m[1m^[22m[39m
     [90m 171 |[39m         [32m'PG17_PROCESS'[39m[33m,[39m
     [90m 172 |[39m         [33mJSON[39m[33m.[39mstringify({
     [90m 173 |[39m           name[33m,[39m[0m

      at settleWorker (test/utils/g2-s10b-pg-harness.ts:170:15)
      at ChildProcess.<anonymous> (test/utils/g2-s10b-pg-harness.ts:189:7)

    console.warn
      PG17_PROCESS {"name":"g2s10b_41","options":{"registry":{"synthetic-src-a":["clients","programs","workouts"],"synthetic-src-b":["clients"]},"action":"observe","coach":"coach","intent":"33c45cac-d177-4e1a-9c5b-4cb4efe6e5dd","failAfter":{"model":"scoutRunObservation","n":1}},"failure":{"status":500,"message":"Internal server error","injected":true},"queries":9,"pid":4782}

    [0m [90m 168 |[39m       }
     [90m 169 |[39m       [90m// Query shapes, outcomes, fixture identifiers and process IDs only; never parameters.[39m
    [31m[1m>[22m[39m[90m 170 |[39m       console[33m.[39mwarn(
     [90m     |[39m               [31m[1m^[22m[39m
     [90m 171 |[39m         [32m'PG17_PROCESS'[39m[33m,[39m
     [90m 172 |[39m         [33mJSON[39m[33m.[39mstringify({
     [90m 173 |[39m           name[33m,[39m[0m

      at settleWorker (test/utils/g2-s10b-pg-harness.ts:170:15)
      at ChildProcess.<anonymous> (test/utils/g2-s10b-pg-harness.ts:189:7)

    console.warn
      PG17_PROCESS {"name":"g2s10b_42","options":{"action":"start","coach":"coach","intent":"a23f2ffe-4ed0-47fe-9507-282618a93df3"},"result":{"intent_id":"a23f2ffe-4ed0-47fe-9507-282618a93df3","mode":"server","phase":"discovering","execution_epoch":1,"accepted_start_at":"2026-09-27T21:24:21.788Z","deadline_at":"2026-09-27T21:29:21.788Z"},"queries":3,"pid":4810}

    [0m [90m 168 |[39m       }
     [90m 169 |[39m       [90m// Query shapes, outcomes, fixture identifiers and process IDs only; never parameters.[39m
    [31m[1m>[22m[39m[90m 170 |[39m       console[33m.[39mwarn(
     [90m     |[39m               [31m[1m^[22m[39m
     [90m 171 |[39m         [32m'PG17_PROCESS'[39m[33m,[39m
     [90m 172 |[39m         [33mJSON[39m[33m.[39mstringify({
     [90m 173 |[39m           name[33m,[39m[0m

      at settleWorker (test/utils/g2-s10b-pg-harness.ts:170:15)
      at ChildProcess.<anonymous> (test/utils/g2-s10b-pg-harness.ts:189:7)

    console.warn
      PG17_PROCESS {"name":"g2s10b_43","options":{"registry":{"synthetic-src-a":["clients","programs","workouts"],"synthetic-src-b":["clients"]},"action":"declare","coach":"coach","intent":"a23f2ffe-4ed0-47fe-9507-282618a93df3"},"result":{"intent_id":"a23f2ffe-4ed0-47fe-9507-282618a93df3","challenge_b64":"prE4DPxG8x+HqlibpUo1fm2QZzfV9sSEsxVXwJo0Aww=","declared_at":"2026-09-27T21:24:23.083Z"},"queries":11,"pid":4829}

    [0m [90m 168 |[39m       }
     [90m 169 |[39m       [90m// Query shapes, outcomes, fixture identifiers and process IDs only; never parameters.[39m
    [31m[1m>[22m[39m[90m 170 |[39m       console[33m.[39mwarn(
     [90m     |[39m               [31m[1m^[22m[39m
     [90m 171 |[39m         [32m'PG17_PROCESS'[39m[33m,[39m
     [90m 172 |[39m         [33mJSON[39m[33m.[39mstringify({
     [90m 173 |[39m           name[33m,[39m[0m

      at settleWorker (test/utils/g2-s10b-pg-harness.ts:170:15)
      at ChildProcess.<anonymous> (test/utils/g2-s10b-pg-harness.ts:189:7)

    console.warn
      PG17_PROCESS {"name":"g2s10b_44","options":{"registry":{"synthetic-src-a":["clients","programs","workouts"],"synthetic-src-b":["clients"]},"action":"observe","coach":"coach","intent":"a23f2ffe-4ed0-47fe-9507-282618a93df3","rawBytes":32769},"failure":{"status":400,"message":"observation body rejected: too_large","response":{"message":"observation body rejected: too_large","error":"Bad Request","statusCode":400},"injected":false},"queries":0,"pid":4848}

    [0m [90m 168 |[39m       }
     [90m 169 |[39m       [90m// Query shapes, outcomes, fixture identifiers and process IDs only; never parameters.[39m
    [31m[1m>[22m[39m[90m 170 |[39m       console[33m.[39mwarn(
     [90m     |[39m               [31m[1m^[22m[39m
     [90m 171 |[39m         [32m'PG17_PROCESS'[39m[33m,[39m
     [90m 172 |[39m         [33mJSON[39m[33m.[39mstringify({
     [90m 173 |[39m           name[33m,[39m[0m

      at settleWorker (test/utils/g2-s10b-pg-harness.ts:170:15)
      at ChildProcess.<anonymous> (test/utils/g2-s10b-pg-harness.ts:189:7)

    console.warn
      PG17_PROCESS {"name":"g2s10b_45","options":{"registry":{"synthetic-src-a":["clients","programs","workouts"],"synthetic-src-b":["clients"]},"action":"observe","coach":"other-coach","intent":"a23f2ffe-4ed0-47fe-9507-282618a93df3"},"failure":{"status":404,"message":"Not Found","response":{"message":"Not Found","statusCode":404},"injected":false},"queries":7,"pid":4864}

    [0m [90m 168 |[39m       }
     [90m 169 |[39m       [90m// Query shapes, outcomes, fixture identifiers and process IDs only; never parameters.[39m
    [31m[1m>[22m[39m[90m 170 |[39m       console[33m.[39mwarn(
     [90m     |[39m               [31m[1m^[22m[39m
     [90m 171 |[39m         [32m'PG17_PROCESS'[39m[33m,[39m
     [90m 172 |[39m         [33mJSON[39m[33m.[39mstringify({
     [90m 173 |[39m           name[33m,[39m[0m

      at settleWorker (test/utils/g2-s10b-pg-harness.ts:170:15)
      at ChildProcess.<anonymous> (test/utils/g2-s10b-pg-harness.ts:189:7)

    console.warn
      PG17_PROCESS {"name":"g2s10b_46","options":{"action":"complete","coach":"coach","intent":"a23f2ffe-4ed0-47fe-9507-282618a93df3"},"result":{"acknowledged":true,"intent_id":"a23f2ffe-4ed0-47fe-9507-282618a93df3"},"queries":27,"pid":4883}

    [0m [90m 168 |[39m       }
     [90m 169 |[39m       [90m// Query shapes, outcomes, fixture identifiers and process IDs only; never parameters.[39m
    [31m[1m>[22m[39m[90m 170 |[39m       console[33m.[39mwarn(
     [90m     |[39m               [31m[1m^[22m[39m
     [90m 171 |[39m         [32m'PG17_PROCESS'[39m[33m,[39m
     [90m 172 |[39m         [33mJSON[39m[33m.[39mstringify({
     [90m 173 |[39m           name[33m,[39m[0m

      at settleWorker (test/utils/g2-s10b-pg-harness.ts:170:15)
      at ChildProcess.<anonymous> (test/utils/g2-s10b-pg-harness.ts:189:7)

    console.warn
      PG17_PROCESS {"name":"g2s10b_47","options":{"registry":{"synthetic-src-a":["clients","programs","workouts"],"synthetic-src-b":["clients"]},"action":"observe","coach":"coach","intent":"a23f2ffe-4ed0-47fe-9507-282618a93df3"},"failure":{"status":409,"message":"The run for this intent has already reached a terminal state.","response":{"code":"run_terminal","message":"The run for this intent has already reached a terminal state."},"injected":false},"queries":5,"pid":4905}

    [0m [90m 168 |[39m       }
     [90m 169 |[39m       [90m// Query shapes, outcomes, fixture identifiers and process IDs only; never parameters.[39m
    [31m[1m>[22m[39m[90m 170 |[39m       console[33m.[39mwarn(
     [90m     |[39m               [31m[1m^[22m[39m
     [90m 171 |[39m         [32m'PG17_PROCESS'[39m[33m,[39m
     [90m 172 |[39m         [33mJSON[39m[33m.[39mstringify({
     [90m 173 |[39m           name[33m,[39m[0m

      at settleWorker (test/utils/g2-s10b-pg-harness.ts:170:15)
      at ChildProcess.<anonymous> (test/utils/g2-s10b-pg-harness.ts:189:7)

    console.warn
      PG17_PROCESS {"name":"g2s10b_48","options":{"action":"start","coach":"coach","intent":"e1a44717-2c22-4d53-8287-c2904f3d00e6"},"result":{"intent_id":"e1a44717-2c22-4d53-8287-c2904f3d00e6","mode":"server","phase":"discovering","execution_epoch":1,"accepted_start_at":"2026-09-27T21:24:30.713Z","deadline_at":"2026-09-27T21:29:30.713Z"},"queries":3,"pid":5088}

    [0m [90m 168 |[39m       }
     [90m 169 |[39m       [90m// Query shapes, outcomes, fixture identifiers and process IDs only; never parameters.[39m
    [31m[1m>[22m[39m[90m 170 |[39m       console[33m.[39mwarn(
     [90m     |[39m               [31m[1m^[22m[39m
     [90m 171 |[39m         [32m'PG17_PROCESS'[39m[33m,[39m
     [90m 172 |[39m         [33mJSON[39m[33m.[39mstringify({
     [90m 173 |[39m           name[33m,[39m[0m

      at settleWorker (test/utils/g2-s10b-pg-harness.ts:170:15)
      at ChildProcess.<anonymous> (test/utils/g2-s10b-pg-harness.ts:189:7)

    console.warn
      PG17_BLOCKED {"name":"g2s10b_49","rows":[{"type":"Lock","wait":"transactionid"}]}

    [0m [90m 200 |[39m [32m      FROM pg_stat_activity WHERE application_name=${quote(name)} AND wait_event_type='Lock'`[39m)[33m;[39m
     [90m 201 |[39m     [36mif[39m (rows[33m.[39mlength [33m>[39m [35m0[39m) {
    [31m[1m>[22m[39m[90m 202 |[39m       console[33m.[39mwarn([32m'PG17_BLOCKED'[39m[33m,[39m [33mJSON[39m[33m.[39mstringify({ name[33m,[39m rows }))[33m;[39m
     [90m     |[39m               [31m[1m^[22m[39m
     [90m 203 |[39m       [36mreturn[39m[33m;[39m
     [90m 204 |[39m     }
     [90m 205 |[39m     [36mawait[39m [36mnew[39m [33mPromise[39m((r) [33m=>[39m setTimeout(r[33m,[39m [35m25[39m))[33m;[39m[0m

      at blocked (test/utils/g2-s10b-pg-harness.ts:202:15)
      at Object.<anonymous> (test/rls-g2-s10b.spec.ts:573:5)

    console.warn
      PG17_PROCESS {"name":"g2s10b_49","options":{"registry":{"synthetic-src-a":["clients","programs","workouts"],"synthetic-src-b":["clients"]},"action":"declare","coach":"coach","intent":"e1a44717-2c22-4d53-8287-c2904f3d00e6"},"failure":{"status":409,"message":"The run has already staged rows or a claim; it can no longer be declared.","response":{"code":"declaration_after_ingest","message":"The run has already staged rows or a claim; it can no longer be declared."},"injected":false},"queries":8,"pid":5111}

    [0m [90m 168 |[39m       }
     [90m 169 |[39m       [90m// Query shapes, outcomes, fixture identifiers and process IDs only; never parameters.[39m
    [31m[1m>[22m[39m[90m 170 |[39m       console[33m.[39mwarn(
     [90m     |[39m               [31m[1m^[22m[39m
     [90m 171 |[39m         [32m'PG17_PROCESS'[39m[33m,[39m
     [90m 172 |[39m         [33mJSON[39m[33m.[39mstringify({
     [90m 173 |[39m           name[33m,[39m[0m

      at settleWorker (test/utils/g2-s10b-pg-harness.ts:170:15)
      at ChildProcess.<anonymous> (test/utils/g2-s10b-pg-harness.ts:189:7)

    console.warn
      PG17_PROCESS {"name":"g2s10b_50","options":{"action":"start","coach":"coach","intent":"21c895af-fbea-4f28-8b71-8a2f1b2a0454"},"result":{"intent_id":"21c895af-fbea-4f28-8b71-8a2f1b2a0454","mode":"server","phase":"discovering","execution_epoch":1,"accepted_start_at":"2026-09-27T21:24:33.479Z","deadline_at":"2026-09-27T21:29:33.479Z"},"queries":3,"pid":5196}

    [0m [90m 168 |[39m       }
     [90m 169 |[39m       [90m// Query shapes, outcomes, fixture identifiers and process IDs only; never parameters.[39m
    [31m[1m>[22m[39m[90m 170 |[39m       console[33m.[39mwarn(
     [90m     |[39m               [31m[1m^[22m[39m
     [90m 171 |[39m         [32m'PG17_PROCESS'[39m[33m,[39m
     [90m 172 |[39m         [33mJSON[39m[33m.[39mstringify({
     [90m 173 |[39m           name[33m,[39m[0m

      at settleWorker (test/utils/g2-s10b-pg-harness.ts:170:15)
      at ChildProcess.<anonymous> (test/utils/g2-s10b-pg-harness.ts:189:7)

    console.warn
      PG17_BLOCKED {"name":"g2s10b_52","rows":[{"type":"Lock","wait":"transactionid"}]}

    [0m [90m 200 |[39m [32m      FROM pg_stat_activity WHERE application_name=${quote(name)} AND wait_event_type='Lock'`[39m)[33m;[39m
     [90m 201 |[39m     [36mif[39m (rows[33m.[39mlength [33m>[39m [35m0[39m) {
    [31m[1m>[22m[39m[90m 202 |[39m       console[33m.[39mwarn([32m'PG17_BLOCKED'[39m[33m,[39m [33mJSON[39m[33m.[39mstringify({ name[33m,[39m rows }))[33m;[39m
     [90m     |[39m               [31m[1m^[22m[39m
     [90m 203 |[39m       [36mreturn[39m[33m;[39m
     [90m 204 |[39m     }
     [90m 205 |[39m     [36mawait[39m [36mnew[39m [33mPromise[39m((r) [33m=>[39m setTimeout(r[33m,[39m [35m25[39m))[33m;[39m[0m

      at blocked (test/utils/g2-s10b-pg-harness.ts:202:15)
      at Object.<anonymous> (test/rls-g2-s10b.spec.ts:594:5)

    console.warn
      PG17_PROCESS {"name":"g2s10b_51","options":{"registry":{"synthetic-src-a":["clients","programs","workouts"],"synthetic-src-b":["clients"]},"action":"declare","coach":"coach","intent":"21c895af-fbea-4f28-8b71-8a2f1b2a0454","pause":"locked","txTimeout":60000},"result":{"intent_id":"21c895af-fbea-4f28-8b71-8a2f1b2a0454","challenge_b64":"87ZQq+FPVHz8bKuN1QGrk/gZe1ad2W3bu0s33QbzxOw=","declared_at":"2026-09-27T21:24:36.102Z"},"queries":11,"pid":5215}

    [0m [90m 168 |[39m       }
     [90m 169 |[39m       [90m// Query shapes, outcomes, fixture identifiers and process IDs only; never parameters.[39m
    [31m[1m>[22m[39m[90m 170 |[39m       console[33m.[39mwarn(
     [90m     |[39m               [31m[1m^[22m[39m
     [90m 171 |[39m         [32m'PG17_PROCESS'[39m[33m,[39m
     [90m 172 |[39m         [33mJSON[39m[33m.[39mstringify({
     [90m 173 |[39m           name[33m,[39m[0m

      at settleWorker (test/utils/g2-s10b-pg-harness.ts:170:15)
      at ChildProcess.<anonymous> (test/utils/g2-s10b-pg-harness.ts:189:7)

    console.warn
      PG17_PROCESS {"name":"g2s10b_52","options":{"action":"ingest","coach":"coach","intent":"21c895af-fbea-4f28-8b71-8a2f1b2a0454"},"result":{"received":1,"deduped":0},"queries":8,"pid":5235}

    [0m [90m 168 |[39m       }
     [90m 169 |[39m       [90m// Query shapes, outcomes, fixture identifiers and process IDs only; never parameters.[39m
    [31m[1m>[22m[39m[90m 170 |[39m       console[33m.[39mwarn(
     [90m     |[39m               [31m[1m^[22m[39m
     [90m 171 |[39m         [32m'PG17_PROCESS'[39m[33m,[39m
     [90m 172 |[39m         [33mJSON[39m[33m.[39mstringify({
     [90m 173 |[39m           name[33m,[39m[0m

      at settleWorker (test/utils/g2-s10b-pg-harness.ts:170:15)
      at ChildProcess.<anonymous> (test/utils/g2-s10b-pg-harness.ts:189:7)

    console.warn
      PG17_PROCESS {"name":"g2s10b_53","options":{"action":"start","coach":"coach","intent":"7d7815d4-d8a7-49db-b2cb-4a6125c9c457"},"result":{"intent_id":"7d7815d4-d8a7-49db-b2cb-4a6125c9c457","mode":"server","phase":"discovering","execution_epoch":1,"accepted_start_at":"2026-09-27T21:24:37.468Z","deadline_at":"2026-09-27T21:29:37.468Z"},"queries":3,"pid":5323}

    [0m [90m 168 |[39m       }
     [90m 169 |[39m       [90m// Query shapes, outcomes, fixture identifiers and process IDs only; never parameters.[39m
    [31m[1m>[22m[39m[90m 170 |[39m       console[33m.[39mwarn(
     [90m     |[39m               [31m[1m^[22m[39m
     [90m 171 |[39m         [32m'PG17_PROCESS'[39m[33m,[39m
     [90m 172 |[39m         [33mJSON[39m[33m.[39mstringify({
     [90m 173 |[39m           name[33m,[39m[0m

      at settleWorker (test/utils/g2-s10b-pg-harness.ts:170:15)
      at ChildProcess.<anonymous> (test/utils/g2-s10b-pg-harness.ts:189:7)

    console.warn
      PG17_PROCESS {"name":"g2s10b_54","options":{"registry":{"synthetic-src-a":["clients","programs","workouts"],"synthetic-src-b":["clients"]},"action":"declare","coach":"coach","intent":"7d7815d4-d8a7-49db-b2cb-4a6125c9c457"},"result":{"intent_id":"7d7815d4-d8a7-49db-b2cb-4a6125c9c457","challenge_b64":"XmvDEY3BDkz4SZR4cKleIwr7PdzI4plAalWhnUYivLE=","declared_at":"2026-09-27T21:24:38.744Z"},"queries":11,"pid":5342}

    [0m [90m 168 |[39m       }
     [90m 169 |[39m       [90m// Query shapes, outcomes, fixture identifiers and process IDs only; never parameters.[39m
    [31m[1m>[22m[39m[90m 170 |[39m       console[33m.[39mwarn(
     [90m     |[39m               [31m[1m^[22m[39m
     [90m 171 |[39m         [32m'PG17_PROCESS'[39m[33m,[39m
     [90m 172 |[39m         [33mJSON[39m[33m.[39mstringify({
     [90m 173 |[39m           name[33m,[39m[0m

      at settleWorker (test/utils/g2-s10b-pg-harness.ts:170:15)
      at ChildProcess.<anonymous> (test/utils/g2-s10b-pg-harness.ts:189:7)

    console.warn
      PG17_BLOCKED {"name":"g2s10b_56","rows":[{"type":"Lock","wait":"transactionid"}]}

    [0m [90m 200 |[39m [32m      FROM pg_stat_activity WHERE application_name=${quote(name)} AND wait_event_type='Lock'`[39m)[33m;[39m
     [90m 201 |[39m     [36mif[39m (rows[33m.[39mlength [33m>[39m [35m0[39m) {
    [31m[1m>[22m[39m[90m 202 |[39m       console[33m.[39mwarn([32m'PG17_BLOCKED'[39m[33m,[39m [33mJSON[39m[33m.[39mstringify({ name[33m,[39m rows }))[33m;[39m
     [90m     |[39m               [31m[1m^[22m[39m
     [90m 203 |[39m       [36mreturn[39m[33m;[39m
     [90m 204 |[39m     }
     [90m 205 |[39m     [36mawait[39m [36mnew[39m [33mPromise[39m((r) [33m=>[39m setTimeout(r[33m,[39m [35m25[39m))[33m;[39m[0m

      at blocked (test/utils/g2-s10b-pg-harness.ts:202:15)
      at Object.<anonymous> (test/rls-g2-s10b.spec.ts:623:5)

    console.warn
      PG17_PROCESS {"name":"g2s10b_56","options":{"registry":{"synthetic-src-a":["clients","programs","workouts"],"synthetic-src-b":["clients"]},"action":"observe","coach":"coach","intent":"7d7815d4-d8a7-49db-b2cb-4a6125c9c457"},"failure":{"status":409,"message":"The run has already been claimed; no further observations are accepted.","response":{"code":"observation_after_claim","message":"The run has already been claimed; no further observations are accepted."},"injected":false},"queries":6,"pid":5382}

    [0m [90m 168 |[39m       }
     [90m 169 |[39m       [90m// Query shapes, outcomes, fixture identifiers and process IDs only; never parameters.[39m
    [31m[1m>[22m[39m[90m 170 |[39m       console[33m.[39mwarn(
     [90m     |[39m               [31m[1m^[22m[39m
     [90m 171 |[39m         [32m'PG17_PROCESS'[39m[33m,[39m
     [90m 172 |[39m         [33mJSON[39m[33m.[39mstringify({
     [90m 173 |[39m           name[33m,[39m[0m

      at settleWorker (test/utils/g2-s10b-pg-harness.ts:170:15)
      at ChildProcess.<anonymous> (test/utils/g2-s10b-pg-harness.ts:189:7)

    console.warn
      PG17_PROCESS {"name":"g2s10b_55","options":{"action":"complete","coach":"coach","intent":"7d7815d4-d8a7-49db-b2cb-4a6125c9c457","pause":"gated","txTimeout":60000},"result":{"acknowledged":true,"intent_id":"7d7815d4-d8a7-49db-b2cb-4a6125c9c457"},"queries":27,"pid":5361}

    [0m [90m 168 |[39m       }
     [90m 169 |[39m       [90m// Query shapes, outcomes, fixture identifiers and process IDs only; never parameters.[39m
    [31m[1m>[22m[39m[90m 170 |[39m       console[33m.[39mwarn(
     [90m     |[39m               [31m[1m^[22m[39m
     [90m 171 |[39m         [32m'PG17_PROCESS'[39m[33m,[39m
     [90m 172 |[39m         [33mJSON[39m[33m.[39mstringify({
     [90m 173 |[39m           name[33m,[39m[0m

      at settleWorker (test/utils/g2-s10b-pg-harness.ts:170:15)
      at ChildProcess.<anonymous> (test/utils/g2-s10b-pg-harness.ts:189:7)

    console.warn
      PG17_PROCESS {"name":"g2s10b_57","options":{"action":"start","coach":"coach","intent":"b10c084a-08c4-4560-96d9-230a86a1ae0d"},"result":{"intent_id":"b10c084a-08c4-4560-96d9-230a86a1ae0d","mode":"server","phase":"discovering","execution_epoch":1,"accepted_start_at":"2026-09-27T21:24:42.762Z","deadline_at":"2026-09-27T21:29:42.762Z"},"queries":3,"pid":5469}

    [0m [90m 168 |[39m       }
     [90m 169 |[39m       [90m// Query shapes, outcomes, fixture identifiers and process IDs only; never parameters.[39m
    [31m[1m>[22m[39m[90m 170 |[39m       console[33m.[39mwarn(
     [90m     |[39m               [31m[1m^[22m[39m
     [90m 171 |[39m         [32m'PG17_PROCESS'[39m[33m,[39m
     [90m 172 |[39m         [33mJSON[39m[33m.[39mstringify({
     [90m 173 |[39m           name[33m,[39m[0m

      at settleWorker (test/utils/g2-s10b-pg-harness.ts:170:15)
      at ChildProcess.<anonymous> (test/utils/g2-s10b-pg-harness.ts:189:7)

    console.warn
      PG17_PROCESS {"name":"g2s10b_58","options":{"registry":{"synthetic-src-a":["clients","programs","workouts"],"synthetic-src-b":["clients"]},"action":"declare","coach":"coach","intent":"b10c084a-08c4-4560-96d9-230a86a1ae0d"},"result":{"intent_id":"b10c084a-08c4-4560-96d9-230a86a1ae0d","challenge_b64":"ej7c9GbLTAZIRhcDK7m9CzjK2KjHGFKqFkagHK+CG5E=","declared_at":"2026-09-27T21:24:44.043Z"},"queries":11,"pid":5488}

    [0m [90m 168 |[39m       }
     [90m 169 |[39m       [90m// Query shapes, outcomes, fixture identifiers and process IDs only; never parameters.[39m
    [31m[1m>[22m[39m[90m 170 |[39m       console[33m.[39mwarn(
     [90m     |[39m               [31m[1m^[22m[39m
     [90m 171 |[39m         [32m'PG17_PROCESS'[39m[33m,[39m
     [90m 172 |[39m         [33mJSON[39m[33m.[39mstringify({
     [90m 173 |[39m           name[33m,[39m[0m

      at settleWorker (test/utils/g2-s10b-pg-harness.ts:170:15)
      at ChildProcess.<anonymous> (test/utils/g2-s10b-pg-harness.ts:189:7)

    console.warn
      PG17_BLOCKED {"name":"g2s10b_60","rows":[{"type":"Lock","wait":"transactionid"}]}

    [0m [90m 200 |[39m [32m      FROM pg_stat_activity WHERE application_name=${quote(name)} AND wait_event_type='Lock'`[39m)[33m;[39m
     [90m 201 |[39m     [36mif[39m (rows[33m.[39mlength [33m>[39m [35m0[39m) {
    [31m[1m>[22m[39m[90m 202 |[39m       console[33m.[39mwarn([32m'PG17_BLOCKED'[39m[33m,[39m [33mJSON[39m[33m.[39mstringify({ name[33m,[39m rows }))[33m;[39m
     [90m     |[39m               [31m[1m^[22m[39m
     [90m 203 |[39m       [36mreturn[39m[33m;[39m
     [90m 204 |[39m     }
     [90m 205 |[39m     [36mawait[39m [36mnew[39m [33mPromise[39m((r) [33m=>[39m setTimeout(r[33m,[39m [35m25[39m))[33m;[39m[0m

      at blocked (test/utils/g2-s10b-pg-harness.ts:202:15)
      at Object.<anonymous> (test/rls-g2-s10b.spec.ts:647:5)

    console.warn
      PG17_PROCESS {"name":"g2s10b_59","options":{"registry":{"synthetic-src-a":["clients","programs","workouts"],"synthetic-src-b":["clients"]},"action":"observe","coach":"coach","intent":"b10c084a-08c4-4560-96d9-230a86a1ae0d","pause":"locked","txTimeout":60000},"result":{"intent_id":"b10c084a-08c4-4560-96d9-230a86a1ae0d","execution_epoch":1,"stored":1,"replayed":0},"queries":9,"pid":5507}

    [0m [90m 168 |[39m       }
     [90m 169 |[39m       [90m// Query shapes, outcomes, fixture identifiers and process IDs only; never parameters.[39m
    [31m[1m>[22m[39m[90m 170 |[39m       console[33m.[39mwarn(
     [90m     |[39m               [31m[1m^[22m[39m
     [90m 171 |[39m         [32m'PG17_PROCESS'[39m[33m,[39m
     [90m 172 |[39m         [33mJSON[39m[33m.[39mstringify({
     [90m 173 |[39m           name[33m,[39m[0m

      at settleWorker (test/utils/g2-s10b-pg-harness.ts:170:15)
      at ChildProcess.<anonymous> (test/utils/g2-s10b-pg-harness.ts:189:7)

    console.warn
      PG17_PROCESS {"name":"g2s10b_60","options":{"action":"complete","coach":"coach","intent":"b10c084a-08c4-4560-96d9-230a86a1ae0d"},"result":{"acknowledged":true,"intent_id":"b10c084a-08c4-4560-96d9-230a86a1ae0d"},"queries":27,"pid":5527}

    [0m [90m 168 |[39m       }
     [90m 169 |[39m       [90m// Query shapes, outcomes, fixture identifiers and process IDs only; never parameters.[39m
    [31m[1m>[22m[39m[90m 170 |[39m       console[33m.[39mwarn(
     [90m     |[39m               [31m[1m^[22m[39m
     [90m 171 |[39m         [32m'PG17_PROCESS'[39m[33m,[39m
     [90m 172 |[39m         [33mJSON[39m[33m.[39mstringify({
     [90m 173 |[39m           name[33m,[39m[0m

      at settleWorker (test/utils/g2-s10b-pg-harness.ts:170:15)
      at ChildProcess.<anonymous> (test/utils/g2-s10b-pg-harness.ts:189:7)

PASS rls-live test/rls-g2-s10c.spec.ts (52.195 s)
  ● Console

    console.warn
      PG17_PROCESS {"name":"g2s10b_1","options":{"action":"start","coach":"coach","intent":"1f2cab6c-cbed-4f35-bb54-57dde84d6e65"},"result":{"intent_id":"1f2cab6c-cbed-4f35-bb54-57dde84d6e65","mode":"server","phase":"discovering","execution_epoch":1,"accepted_start_at":"2026-09-27T21:24:49.334Z","deadline_at":"2026-09-27T21:29:49.334Z"},"queries":3,"pid":5662}

    [0m [90m 168 |[39m       }
     [90m 169 |[39m       [90m// Query shapes, outcomes, fixture identifiers and process IDs only; never parameters.[39m
    [31m[1m>[22m[39m[90m 170 |[39m       console[33m.[39mwarn(
     [90m     |[39m               [31m[1m^[22m[39m
     [90m 171 |[39m         [32m'PG17_PROCESS'[39m[33m,[39m
     [90m 172 |[39m         [33mJSON[39m[33m.[39mstringify({
     [90m 173 |[39m           name[33m,[39m[0m

      at settleWorker (test/utils/g2-s10b-pg-harness.ts:170:15)
      at ChildProcess.<anonymous> (test/utils/g2-s10b-pg-harness.ts:189:7)

    console.warn
      PG17_PROCESS {"name":"g2s10b_2","options":{"registry":{"synthetic-src-a":["clients","programs","workouts"],"synthetic-src-b":["clients"]},"action":"declare","coach":"coach","intent":"1f2cab6c-cbed-4f35-bb54-57dde84d6e65"},"result":{"intent_id":"1f2cab6c-cbed-4f35-bb54-57dde84d6e65","challenge_b64":"AcuRvq3JdLOP0G7EJr8RmGn5LwEgQ3jMK7xObe2QkoM=","declared_at":"2026-09-27T21:24:50.620Z"},"queries":11,"pid":5682}

    [0m [90m 168 |[39m       }
     [90m 169 |[39m       [90m// Query shapes, outcomes, fixture identifiers and process IDs only; never parameters.[39m
    [31m[1m>[22m[39m[90m 170 |[39m       console[33m.[39mwarn(
     [90m     |[39m               [31m[1m^[22m[39m
     [90m 171 |[39m         [32m'PG17_PROCESS'[39m[33m,[39m
     [90m 172 |[39m         [33mJSON[39m[33m.[39mstringify({
     [90m 173 |[39m           name[33m,[39m[0m

      at settleWorker (test/utils/g2-s10b-pg-harness.ts:170:15)
      at ChildProcess.<anonymous> (test/utils/g2-s10b-pg-harness.ts:189:7)

    console.warn
      PG17_PROCESS {"name":"g2s10b_3","options":{"registry":{"synthetic-src-a":["clients","programs","workouts"],"synthetic-src-b":["clients"]},"action":"observe","coach":"coach","intent":"1f2cab6c-cbed-4f35-bb54-57dde84d6e65"},"result":{"intent_id":"1f2cab6c-cbed-4f35-bb54-57dde84d6e65","execution_epoch":1,"stored":1,"replayed":0},"queries":9,"pid":5705}

    [0m [90m 168 |[39m       }
     [90m 169 |[39m       [90m// Query shapes, outcomes, fixture identifiers and process IDs only; never parameters.[39m
    [31m[1m>[22m[39m[90m 170 |[39m       console[33m.[39mwarn(
     [90m     |[39m               [31m[1m^[22m[39m
     [90m 171 |[39m         [32m'PG17_PROCESS'[39m[33m,[39m
     [90m 172 |[39m         [33mJSON[39m[33m.[39mstringify({
     [90m 173 |[39m           name[33m,[39m[0m

      at settleWorker (test/utils/g2-s10b-pg-harness.ts:170:15)
      at ChildProcess.<anonymous> (test/utils/g2-s10b-pg-harness.ts:189:7)

    console.warn
      PG17_PROCESS {"name":"g2s10b_4","options":{"action":"complete","coach":"coach","intent":"1f2cab6c-cbed-4f35-bb54-57dde84d6e65"},"result":{"acknowledged":true,"intent_id":"1f2cab6c-cbed-4f35-bb54-57dde84d6e65"},"queries":47,"pid":5729}

    [0m [90m 168 |[39m       }
     [90m 169 |[39m       [90m// Query shapes, outcomes, fixture identifiers and process IDs only; never parameters.[39m
    [31m[1m>[22m[39m[90m 170 |[39m       console[33m.[39mwarn(
     [90m     |[39m               [31m[1m^[22m[39m
     [90m 171 |[39m         [32m'PG17_PROCESS'[39m[33m,[39m
     [90m 172 |[39m         [33mJSON[39m[33m.[39mstringify({
     [90m 173 |[39m           name[33m,[39m[0m

      at settleWorker (test/utils/g2-s10b-pg-harness.ts:170:15)
      at ChildProcess.<anonymous> (test/utils/g2-s10b-pg-harness.ts:189:7)

    console.warn
      PG17_PROCESS {"name":"g2s10b_5","options":{"action":"start","coach":"coach","intent":"5477f0d2-b6d3-4c0c-b92d-d889dabd6b05"},"result":{"intent_id":"5477f0d2-b6d3-4c0c-b92d-d889dabd6b05","mode":"server","phase":"discovering","execution_epoch":1,"accepted_start_at":"2026-09-27T21:24:54.676Z","deadline_at":"2026-09-27T21:29:54.676Z"},"queries":3,"pid":5763}

    [0m [90m 168 |[39m       }
     [90m 169 |[39m       [90m// Query shapes, outcomes, fixture identifiers and process IDs only; never parameters.[39m
    [31m[1m>[22m[39m[90m 170 |[39m       console[33m.[39mwarn(
     [90m     |[39m               [31m[1m^[22m[39m
     [90m 171 |[39m         [32m'PG17_PROCESS'[39m[33m,[39m
     [90m 172 |[39m         [33mJSON[39m[33m.[39mstringify({
     [90m 173 |[39m           name[33m,[39m[0m

      at settleWorker (test/utils/g2-s10b-pg-harness.ts:170:15)
      at ChildProcess.<anonymous> (test/utils/g2-s10b-pg-harness.ts:189:7)

    console.warn
      PG17_PROCESS {"name":"g2s10b_6","options":{"registry":{"synthetic-src-a":["clients","programs","workouts"],"synthetic-src-b":["clients"]},"action":"declare","coach":"coach","intent":"5477f0d2-b6d3-4c0c-b92d-d889dabd6b05"},"result":{"intent_id":"5477f0d2-b6d3-4c0c-b92d-d889dabd6b05","challenge_b64":"2g7V+85NY0NDOBWLOx+3ssHN9YKjwsk+5jecqihD19E=","declared_at":"2026-09-27T21:24:55.940Z"},"queries":11,"pid":5782}

    [0m [90m 168 |[39m       }
     [90m 169 |[39m       [90m// Query shapes, outcomes, fixture identifiers and process IDs only; never parameters.[39m
    [31m[1m>[22m[39m[90m 170 |[39m       console[33m.[39mwarn(
     [90m     |[39m               [31m[1m^[22m[39m
     [90m 171 |[39m         [32m'PG17_PROCESS'[39m[33m,[39m
     [90m 172 |[39m         [33mJSON[39m[33m.[39mstringify({
     [90m 173 |[39m           name[33m,[39m[0m

      at settleWorker (test/utils/g2-s10b-pg-harness.ts:170:15)
      at ChildProcess.<anonymous> (test/utils/g2-s10b-pg-harness.ts:189:7)

    console.warn
      PG17_PROCESS {"name":"g2s10b_7","options":{"registry":{"synthetic-src-a":["clients","programs","workouts"],"synthetic-src-b":["clients"]},"action":"observe","coach":"coach","intent":"5477f0d2-b6d3-4c0c-b92d-d889dabd6b05"},"result":{"intent_id":"5477f0d2-b6d3-4c0c-b92d-d889dabd6b05","execution_epoch":1,"stored":1,"replayed":0},"queries":9,"pid":5805}

    [0m [90m 168 |[39m       }
     [90m 169 |[39m       [90m// Query shapes, outcomes, fixture identifiers and process IDs only; never parameters.[39m
    [31m[1m>[22m[39m[90m 170 |[39m       console[33m.[39mwarn(
     [90m     |[39m               [31m[1m^[22m[39m
     [90m 171 |[39m         [32m'PG17_PROCESS'[39m[33m,[39m
     [90m 172 |[39m         [33mJSON[39m[33m.[39mstringify({
     [90m 173 |[39m           name[33m,[39m[0m

      at settleWorker (test/utils/g2-s10b-pg-harness.ts:170:15)
      at ChildProcess.<anonymous> (test/utils/g2-s10b-pg-harness.ts:189:7)

    console.warn
      PG17_PROCESS {"name":"g2s10b_8","options":{"action":"complete","coach":"coach","intent":"5477f0d2-b6d3-4c0c-b92d-d889dabd6b05"},"result":{"acknowledged":true,"intent_id":"5477f0d2-b6d3-4c0c-b92d-d889dabd6b05"},"queries":47,"pid":5828}

    [0m [90m 168 |[39m       }
     [90m 169 |[39m       [90m// Query shapes, outcomes, fixture identifiers and process IDs only; never parameters.[39m
    [31m[1m>[22m[39m[90m 170 |[39m       console[33m.[39mwarn(
     [90m     |[39m               [31m[1m^[22m[39m
     [90m 171 |[39m         [32m'PG17_PROCESS'[39m[33m,[39m
     [90m 172 |[39m         [33mJSON[39m[33m.[39mstringify({
     [90m 173 |[39m           name[33m,[39m[0m

      at settleWorker (test/utils/g2-s10b-pg-harness.ts:170:15)
      at ChildProcess.<anonymous> (test/utils/g2-s10b-pg-harness.ts:189:7)

    console.warn
      PG17_PROCESS {"name":"g2s10b_9","options":{"action":"complete","coach":"coach","intent":"5477f0d2-b6d3-4c0c-b92d-d889dabd6b05"},"result":{"acknowledged":true,"intent_id":"5477f0d2-b6d3-4c0c-b92d-d889dabd6b05"},"queries":8,"pid":5850}

    [0m [90m 168 |[39m       }
     [90m 169 |[39m       [90m// Query shapes, outcomes, fixture identifiers and process IDs only; never parameters.[39m
    [31m[1m>[22m[39m[90m 170 |[39m       console[33m.[39mwarn(
     [90m     |[39m               [31m[1m^[22m[39m
     [90m 171 |[39m         [32m'PG17_PROCESS'[39m[33m,[39m
     [90m 172 |[39m         [33mJSON[39m[33m.[39mstringify({
     [90m 173 |[39m           name[33m,[39m[0m

      at settleWorker (test/utils/g2-s10b-pg-harness.ts:170:15)
      at ChildProcess.<anonymous> (test/utils/g2-s10b-pg-harness.ts:189:7)

    console.warn
      PG17_PROCESS {"name":"g2s10b_10","options":{"action":"start","coach":"coach","intent":"2400e164-c604-4660-916e-38b74f4e4e9c"},"result":{"intent_id":"2400e164-c604-4660-916e-38b74f4e4e9c","mode":"server","phase":"discovering","execution_epoch":1,"accepted_start_at":"2026-09-27T21:25:01.279Z","deadline_at":"2026-09-27T21:30:01.279Z"},"queries":3,"pid":5880}

    [0m [90m 168 |[39m       }
     [90m 169 |[39m       [90m// Query shapes, outcomes, fixture identifiers and process IDs only; never parameters.[39m
    [31m[1m>[22m[39m[90m 170 |[39m       console[33m.[39mwarn(
     [90m     |[39m               [31m[1m^[22m[39m
     [90m 171 |[39m         [32m'PG17_PROCESS'[39m[33m,[39m
     [90m 172 |[39m         [33mJSON[39m[33m.[39mstringify({
     [90m 173 |[39m           name[33m,[39m[0m

      at settleWorker (test/utils/g2-s10b-pg-harness.ts:170:15)
      at ChildProcess.<anonymous> (test/utils/g2-s10b-pg-harness.ts:189:7)

    console.warn
      PG17_PROCESS {"name":"g2s10b_11","options":{"registry":{"synthetic-src-a":["clients","programs","workouts"],"synthetic-src-b":["clients"]},"action":"declare","coach":"coach","intent":"2400e164-c604-4660-916e-38b74f4e4e9c"},"result":{"intent_id":"2400e164-c604-4660-916e-38b74f4e4e9c","challenge_b64":"AuKewGEhyYITMWxGEXnWRSAcW89u/bhjlmsCaGibMzo=","declared_at":"2026-09-27T21:25:02.559Z"},"queries":11,"pid":5902}

    [0m [90m 168 |[39m       }
     [90m 169 |[39m       [90m// Query shapes, outcomes, fixture identifiers and process IDs only; never parameters.[39m
    [31m[1m>[22m[39m[90m 170 |[39m       console[33m.[39mwarn(
     [90m     |[39m               [31m[1m^[22m[39m
     [90m 171 |[39m         [32m'PG17_PROCESS'[39m[33m,[39m
     [90m 172 |[39m         [33mJSON[39m[33m.[39mstringify({
     [90m 173 |[39m           name[33m,[39m[0m

      at settleWorker (test/utils/g2-s10b-pg-harness.ts:170:15)
      at ChildProcess.<anonymous> (test/utils/g2-s10b-pg-harness.ts:189:7)

    console.warn
      PG17_PROCESS {"name":"g2s10b_12","options":{"registry":{"synthetic-src-a":["clients","programs","workouts"],"synthetic-src-b":["clients"]},"action":"observe","coach":"coach","intent":"2400e164-c604-4660-916e-38b74f4e4e9c"},"result":{"intent_id":"2400e164-c604-4660-916e-38b74f4e4e9c","execution_epoch":1,"stored":1,"replayed":0},"queries":9,"pid":5926}

    [0m [90m 168 |[39m       }
     [90m 169 |[39m       [90m// Query shapes, outcomes, fixture identifiers and process IDs only; never parameters.[39m
    [31m[1m>[22m[39m[90m 170 |[39m       console[33m.[39mwarn(
     [90m     |[39m               [31m[1m^[22m[39m
     [90m 171 |[39m         [32m'PG17_PROCESS'[39m[33m,[39m
     [90m 172 |[39m         [33mJSON[39m[33m.[39mstringify({
     [90m 173 |[39m           name[33m,[39m[0m

      at settleWorker (test/utils/g2-s10b-pg-harness.ts:170:15)
      at ChildProcess.<anonymous> (test/utils/g2-s10b-pg-harness.ts:189:7)

    console.warn
      PG17_PROCESS {"name":"g2s10b_13","options":{"action":"complete","coach":"coach","intent":"2400e164-c604-4660-916e-38b74f4e4e9c"},"result":{"acknowledged":true,"intent_id":"2400e164-c604-4660-916e-38b74f4e4e9c"},"queries":47,"pid":5949}

    [0m [90m 168 |[39m       }
     [90m 169 |[39m       [90m// Query shapes, outcomes, fixture identifiers and process IDs only; never parameters.[39m
    [31m[1m>[22m[39m[90m 170 |[39m       console[33m.[39mwarn(
     [90m     |[39m               [31m[1m^[22m[39m
     [90m 171 |[39m         [32m'PG17_PROCESS'[39m[33m,[39m
     [90m 172 |[39m         [33mJSON[39m[33m.[39mstringify({
     [90m 173 |[39m           name[33m,[39m[0m

      at settleWorker (test/utils/g2-s10b-pg-harness.ts:170:15)
      at ChildProcess.<anonymous> (test/utils/g2-s10b-pg-harness.ts:189:7)

    console.warn
      PG17_PROCESS {"name":"g2s10b_14","options":{"action":"start","coach":"coach","intent":"2941f2c8-1d82-4904-9a74-a6a378e28c8a"},"result":{"intent_id":"2941f2c8-1d82-4904-9a74-a6a378e28c8a","mode":"server","phase":"discovering","execution_epoch":1,"accepted_start_at":"2026-09-27T21:25:06.557Z","deadline_at":"2026-09-27T21:30:06.557Z"},"queries":3,"pid":5979}

    [0m [90m 168 |[39m       }
     [90m 169 |[39m       [90m// Query shapes, outcomes, fixture identifiers and process IDs only; never parameters.[39m
    [31m[1m>[22m[39m[90m 170 |[39m       console[33m.[39mwarn(
     [90m     |[39m               [31m[1m^[22m[39m
     [90m 171 |[39m         [32m'PG17_PROCESS'[39m[33m,[39m
     [90m 172 |[39m         [33mJSON[39m[33m.[39mstringify({
     [90m 173 |[39m           name[33m,[39m[0m

      at settleWorker (test/utils/g2-s10b-pg-harness.ts:170:15)
      at ChildProcess.<anonymous> (test/utils/g2-s10b-pg-harness.ts:189:7)

    console.warn
      PG17_PROCESS {"name":"g2s10b_15","options":{"registry":{"synthetic-src-a":["clients","programs","workouts"],"synthetic-src-b":["clients"]},"action":"declare","coach":"coach","intent":"2941f2c8-1d82-4904-9a74-a6a378e28c8a"},"result":{"intent_id":"2941f2c8-1d82-4904-9a74-a6a378e28c8a","challenge_b64":"dgnQan6TTPGaCIIi0sRDqFF3iLZFwAVPq5p3BHxjlss=","declared_at":"2026-09-27T21:25:07.830Z"},"queries":11,"pid":5998}

    [0m [90m 168 |[39m       }
     [90m 169 |[39m       [90m// Query shapes, outcomes, fixture identifiers and process IDs only; never parameters.[39m
    [31m[1m>[22m[39m[90m 170 |[39m       console[33m.[39mwarn(
     [90m     |[39m               [31m[1m^[22m[39m
     [90m 171 |[39m         [32m'PG17_PROCESS'[39m[33m,[39m
     [90m 172 |[39m         [33mJSON[39m[33m.[39mstringify({
     [90m 173 |[39m           name[33m,[39m[0m

      at settleWorker (test/utils/g2-s10b-pg-harness.ts:170:15)
      at ChildProcess.<anonymous> (test/utils/g2-s10b-pg-harness.ts:189:7)

    console.warn
      PG17_PROCESS {"name":"g2s10b_16","options":{"registry":{"synthetic-src-a":["clients","programs","workouts"],"synthetic-src-b":["clients"]},"action":"observe","coach":"coach","intent":"2941f2c8-1d82-4904-9a74-a6a378e28c8a"},"result":{"intent_id":"2941f2c8-1d82-4904-9a74-a6a378e28c8a","execution_epoch":1,"stored":1,"replayed":0},"queries":9,"pid":6021}

    [0m [90m 168 |[39m       }
     [90m 169 |[39m       [90m// Query shapes, outcomes, fixture identifiers and process IDs only; never parameters.[39m
    [31m[1m>[22m[39m[90m 170 |[39m       console[33m.[39mwarn(
     [90m     |[39m               [31m[1m^[22m[39m
     [90m 171 |[39m         [32m'PG17_PROCESS'[39m[33m,[39m
     [90m 172 |[39m         [33mJSON[39m[33m.[39mstringify({
     [90m 173 |[39m           name[33m,[39m[0m

      at settleWorker (test/utils/g2-s10b-pg-harness.ts:170:15)
      at ChildProcess.<anonymous> (test/utils/g2-s10b-pg-harness.ts:189:7)

    console.warn
      PG17_PROCESS {"name":"g2s10b_17","options":{"action":"fence","coach":"coach","intent":"2941f2c8-1d82-4904-9a74-a6a378e28c8a"},"result":{"terminal_status":"blocked","reason_code":"revoked","execution_epoch":2},"queries":7,"pid":6044}

    [0m [90m 168 |[39m       }
     [90m 169 |[39m       [90m// Query shapes, outcomes, fixture identifiers and process IDs only; never parameters.[39m
    [31m[1m>[22m[39m[90m 170 |[39m       console[33m.[39mwarn(
     [90m     |[39m               [31m[1m^[22m[39m
     [90m 171 |[39m         [32m'PG17_PROCESS'[39m[33m,[39m
     [90m 172 |[39m         [33mJSON[39m[33m.[39mstringify({
     [90m 173 |[39m           name[33m,[39m[0m

      at settleWorker (test/utils/g2-s10b-pg-harness.ts:170:15)
      at ChildProcess.<anonymous> (test/utils/g2-s10b-pg-harness.ts:189:7)

    console.warn
      PG17_PROCESS {"name":"g2s10b_18","options":{"action":"complete","coach":"coach","intent":"2941f2c8-1d82-4904-9a74-a6a378e28c8a"},"result":{"acknowledged":true,"intent_id":"2941f2c8-1d82-4904-9a74-a6a378e28c8a"},"queries":8,"pid":6068}

    [0m [90m 168 |[39m       }
     [90m 169 |[39m       [90m// Query shapes, outcomes, fixture identifiers and process IDs only; never parameters.[39m
    [31m[1m>[22m[39m[90m 170 |[39m       console[33m.[39mwarn(
     [90m     |[39m               [31m[1m^[22m[39m
     [90m 171 |[39m         [32m'PG17_PROCESS'[39m[33m,[39m
     [90m 172 |[39m         [33mJSON[39m[33m.[39mstringify({
     [90m 173 |[39m           name[33m,[39m[0m

      at settleWorker (test/utils/g2-s10b-pg-harness.ts:170:15)
      at ChildProcess.<anonymous> (test/utils/g2-s10b-pg-harness.ts:189:7)

    console.warn
      PG17_PROCESS {"name":"g2s10b_19","options":{"action":"start","coach":"coach","intent":"9501d256-4674-4a52-8a17-d015dbaaae21"},"result":{"intent_id":"9501d256-4674-4a52-8a17-d015dbaaae21","mode":"server","phase":"discovering","execution_epoch":1,"accepted_start_at":"2026-09-27T21:25:13.113Z","deadline_at":"2026-09-27T21:30:13.113Z"},"queries":3,"pid":6099}

    [0m [90m 168 |[39m       }
     [90m 169 |[39m       [90m// Query shapes, outcomes, fixture identifiers and process IDs only; never parameters.[39m
    [31m[1m>[22m[39m[90m 170 |[39m       console[33m.[39mwarn(
     [90m     |[39m               [31m[1m^[22m[39m
     [90m 171 |[39m         [32m'PG17_PROCESS'[39m[33m,[39m
     [90m 172 |[39m         [33mJSON[39m[33m.[39mstringify({
     [90m 173 |[39m           name[33m,[39m[0m

      at settleWorker (test/utils/g2-s10b-pg-harness.ts:170:15)
      at ChildProcess.<anonymous> (test/utils/g2-s10b-pg-harness.ts:189:7)

    console.warn
      PG17_PROCESS {"name":"g2s10b_20","options":{"registry":{"synthetic-src-a":["clients","programs","workouts"],"synthetic-src-b":["clients"]},"action":"declare","coach":"coach","intent":"9501d256-4674-4a52-8a17-d015dbaaae21"},"result":{"intent_id":"9501d256-4674-4a52-8a17-d015dbaaae21","challenge_b64":"rTBDA9TFzk/M08VsVQPm/OuTKsN75Gk824UZ2R7Wzu4=","declared_at":"2026-09-27T21:25:14.390Z"},"queries":11,"pid":6118}

    [0m [90m 168 |[39m       }
     [90m 169 |[39m       [90m// Query shapes, outcomes, fixture identifiers and process IDs only; never parameters.[39m
    [31m[1m>[22m[39m[90m 170 |[39m       console[33m.[39mwarn(
     [90m     |[39m               [31m[1m^[22m[39m
     [90m 171 |[39m         [32m'PG17_PROCESS'[39m[33m,[39m
     [90m 172 |[39m         [33mJSON[39m[33m.[39mstringify({
     [90m 173 |[39m           name[33m,[39m[0m

      at settleWorker (test/utils/g2-s10b-pg-harness.ts:170:15)
      at ChildProcess.<anonymous> (test/utils/g2-s10b-pg-harness.ts:189:7)

    console.warn
      PG17_PROCESS {"name":"g2s10b_21","options":{"registry":{"synthetic-src-a":["clients","programs","workouts"],"synthetic-src-b":["clients"]},"action":"observe","coach":"coach","intent":"9501d256-4674-4a52-8a17-d015dbaaae21"},"result":{"intent_id":"9501d256-4674-4a52-8a17-d015dbaaae21","execution_epoch":1,"stored":1,"replayed":0},"queries":9,"pid":6141}

    [0m [90m 168 |[39m       }
     [90m 169 |[39m       [90m// Query shapes, outcomes, fixture identifiers and process IDs only; never parameters.[39m
    [31m[1m>[22m[39m[90m 170 |[39m       console[33m.[39mwarn(
     [90m     |[39m               [31m[1m^[22m[39m
     [90m 171 |[39m         [32m'PG17_PROCESS'[39m[33m,[39m
     [90m 172 |[39m         [33mJSON[39m[33m.[39mstringify({
     [90m 173 |[39m           name[33m,[39m[0m

      at settleWorker (test/utils/g2-s10b-pg-harness.ts:170:15)
      at ChildProcess.<anonymous> (test/utils/g2-s10b-pg-harness.ts:189:7)

    console.warn
      PG17_PROCESS {"name":"g2s10b_22","options":{"action":"complete","coach":"coach","intent":"9501d256-4674-4a52-8a17-d015dbaaae21","failAfter":{"model":"scoutRunSettledBasis","n":0}},"failure":{"status":500,"message":"Internal server error","injected":true},"queries":46,"pid":6164}

    [0m [90m 168 |[39m       }
     [90m 169 |[39m       [90m// Query shapes, outcomes, fixture identifiers and process IDs only; never parameters.[39m
    [31m[1m>[22m[39m[90m 170 |[39m       console[33m.[39mwarn(
     [90m     |[39m               [31m[1m^[22m[39m
     [90m 171 |[39m         [32m'PG17_PROCESS'[39m[33m,[39m
     [90m 172 |[39m         [33mJSON[39m[33m.[39mstringify({
     [90m 173 |[39m           name[33m,[39m[0m

      at settleWorker (test/utils/g2-s10b-pg-harness.ts:170:15)
      at ChildProcess.<anonymous> (test/utils/g2-s10b-pg-harness.ts:189:7)

    console.warn
      PG17_PROCESS {"name":"g2s10b_23","options":{"action":"complete","coach":"coach","intent":"9501d256-4674-4a52-8a17-d015dbaaae21"},"result":{"acknowledged":true,"intent_id":"9501d256-4674-4a52-8a17-d015dbaaae21"},"queries":52,"pid":6188}

    [0m [90m 168 |[39m       }
     [90m 169 |[39m       [90m// Query shapes, outcomes, fixture identifiers and process IDs only; never parameters.[39m
    [31m[1m>[22m[39m[90m 170 |[39m       console[33m.[39mwarn(
     [90m     |[39m               [31m[1m^[22m[39m
     [90m 171 |[39m         [32m'PG17_PROCESS'[39m[33m,[39m
     [90m 172 |[39m         [33mJSON[39m[33m.[39mstringify({
     [90m 173 |[39m           name[33m,[39m[0m

      at settleWorker (test/utils/g2-s10b-pg-harness.ts:170:15)
      at ChildProcess.<anonymous> (test/utils/g2-s10b-pg-harness.ts:189:7)

    console.warn
      PG17_PROCESS {"name":"g2s10b_24","options":{"action":"start","coach":"coach","intent":"6428701b-e242-4257-8d1b-e751bc4b0f72"},"result":{"intent_id":"6428701b-e242-4257-8d1b-e751bc4b0f72","mode":"server","phase":"discovering","execution_epoch":1,"accepted_start_at":"2026-09-27T21:25:19.754Z","deadline_at":"2026-09-27T21:30:19.754Z"},"queries":3,"pid":6219}

    [0m [90m 168 |[39m       }
     [90m 169 |[39m       [90m// Query shapes, outcomes, fixture identifiers and process IDs only; never parameters.[39m
    [31m[1m>[22m[39m[90m 170 |[39m       console[33m.[39mwarn(
     [90m     |[39m               [31m[1m^[22m[39m
     [90m 171 |[39m         [32m'PG17_PROCESS'[39m[33m,[39m
     [90m 172 |[39m         [33mJSON[39m[33m.[39mstringify({
     [90m 173 |[39m           name[33m,[39m[0m

      at settleWorker (test/utils/g2-s10b-pg-harness.ts:170:15)
      at ChildProcess.<anonymous> (test/utils/g2-s10b-pg-harness.ts:189:7)

    console.warn
      PG17_PROCESS {"name":"g2s10b_25","options":{"registry":{"synthetic-src-a":["clients","programs","workouts"],"synthetic-src-b":["clients"]},"action":"declare","coach":"coach","intent":"6428701b-e242-4257-8d1b-e751bc4b0f72"},"result":{"intent_id":"6428701b-e242-4257-8d1b-e751bc4b0f72","challenge_b64":"6tYfnR6ffcOAcU9MsaYdrrmclCw4LzaVDrWfPGkjBXU=","declared_at":"2026-09-27T21:25:21.018Z"},"queries":11,"pid":6238}

    [0m [90m 168 |[39m       }
     [90m 169 |[39m       [90m// Query shapes, outcomes, fixture identifiers and process IDs only; never parameters.[39m
    [31m[1m>[22m[39m[90m 170 |[39m       console[33m.[39mwarn(
     [90m     |[39m               [31m[1m^[22m[39m
     [90m 171 |[39m         [32m'PG17_PROCESS'[39m[33m,[39m
     [90m 172 |[39m         [33mJSON[39m[33m.[39mstringify({
     [90m 173 |[39m           name[33m,[39m[0m

      at settleWorker (test/utils/g2-s10b-pg-harness.ts:170:15)
      at ChildProcess.<anonymous> (test/utils/g2-s10b-pg-harness.ts:189:7)

    console.warn
      PG17_PROCESS {"name":"g2s10b_26","options":{"registry":{"synthetic-src-a":["clients","programs","workouts"],"synthetic-src-b":["clients"]},"action":"observe","coach":"coach","intent":"6428701b-e242-4257-8d1b-e751bc4b0f72"},"result":{"intent_id":"6428701b-e242-4257-8d1b-e751bc4b0f72","execution_epoch":1,"stored":1,"replayed":0},"queries":9,"pid":6261}

    [0m [90m 168 |[39m       }
     [90m 169 |[39m       [90m// Query shapes, outcomes, fixture identifiers and process IDs only; never parameters.[39m
    [31m[1m>[22m[39m[90m 170 |[39m       console[33m.[39mwarn(
     [90m     |[39m               [31m[1m^[22m[39m
     [90m 171 |[39m         [32m'PG17_PROCESS'[39m[33m,[39m
     [90m 172 |[39m         [33mJSON[39m[33m.[39mstringify({
     [90m 173 |[39m           name[33m,[39m[0m

      at settleWorker (test/utils/g2-s10b-pg-harness.ts:170:15)
      at ChildProcess.<anonymous> (test/utils/g2-s10b-pg-harness.ts:189:7)

    console.warn
      PG17_BLOCKED {"name":"g2s10b_28","rows":[{"type":"Lock","wait":"transactionid"}]}

    [0m [90m 200 |[39m [32m      FROM pg_stat_activity WHERE application_name=${quote(name)} AND wait_event_type='Lock'`[39m)[33m;[39m
     [90m 201 |[39m     [36mif[39m (rows[33m.[39mlength [33m>[39m [35m0[39m) {
    [31m[1m>[22m[39m[90m 202 |[39m       console[33m.[39mwarn([32m'PG17_BLOCKED'[39m[33m,[39m [33mJSON[39m[33m.[39mstringify({ name[33m,[39m rows }))[33m;[39m
     [90m     |[39m               [31m[1m^[22m[39m
     [90m 203 |[39m       [36mreturn[39m[33m;[39m
     [90m 204 |[39m     }
     [90m 205 |[39m     [36mawait[39m [36mnew[39m [33mPromise[39m((r) [33m=>[39m setTimeout(r[33m,[39m [35m25[39m))[33m;[39m[0m

      at blocked (test/utils/g2-s10b-pg-harness.ts:202:15)
      at Object.<anonymous> (test/rls-g2-s10c.spec.ts:262:5)

    console.warn
      PG17_PROCESS {"name":"g2s10b_27","options":{"action":"complete","coach":"coach","intent":"6428701b-e242-4257-8d1b-e751bc4b0f72","pause":"locked","txTimeout":60000},"result":{"acknowledged":true,"intent_id":"6428701b-e242-4257-8d1b-e751bc4b0f72"},"queries":47,"pid":6284}

    [0m [90m 168 |[39m       }
     [90m 169 |[39m       [90m// Query shapes, outcomes, fixture identifiers and process IDs only; never parameters.[39m
    [31m[1m>[22m[39m[90m 170 |[39m       console[33m.[39mwarn(
     [90m     |[39m               [31m[1m^[22m[39m
     [90m 171 |[39m         [32m'PG17_PROCESS'[39m[33m,[39m
     [90m 172 |[39m         [33mJSON[39m[33m.[39mstringify({
     [90m 173 |[39m           name[33m,[39m[0m

      at settleWorker (test/utils/g2-s10b-pg-harness.ts:170:15)
      at ChildProcess.<anonymous> (test/utils/g2-s10b-pg-harness.ts:189:7)

    console.warn
      PG17_PROCESS {"name":"g2s10b_28","options":{"action":"complete","coach":"coach","intent":"6428701b-e242-4257-8d1b-e751bc4b0f72"},"result":{"acknowledged":true,"intent_id":"6428701b-e242-4257-8d1b-e751bc4b0f72"},"queries":8,"pid":6304}

    [0m [90m 168 |[39m       }
     [90m 169 |[39m       [90m// Query shapes, outcomes, fixture identifiers and process IDs only; never parameters.[39m
    [31m[1m>[22m[39m[90m 170 |[39m       console[33m.[39mwarn(
     [90m     |[39m               [31m[1m^[22m[39m
     [90m 171 |[39m         [32m'PG17_PROCESS'[39m[33m,[39m
     [90m 172 |[39m         [33mJSON[39m[33m.[39mstringify({
     [90m 173 |[39m           name[33m,[39m[0m

      at settleWorker (test/utils/g2-s10b-pg-harness.ts:170:15)
      at ChildProcess.<anonymous> (test/utils/g2-s10b-pg-harness.ts:189:7)

    console.warn
      PG17_PROCESS {"name":"g2s10b_29","options":{"action":"start","coach":"coach","intent":"f3779468-1851-4340-86f3-096ac850c65b"},"result":{"intent_id":"f3779468-1851-4340-86f3-096ac850c65b","mode":"server","phase":"discovering","execution_epoch":1,"accepted_start_at":"2026-09-27T21:25:26.360Z","deadline_at":"2026-09-27T21:30:26.360Z"},"queries":3,"pid":6394}

    [0m [90m 168 |[39m       }
     [90m 169 |[39m       [90m// Query shapes, outcomes, fixture identifiers and process IDs only; never parameters.[39m
    [31m[1m>[22m[39m[90m 170 |[39m       console[33m.[39mwarn(
     [90m     |[39m               [31m[1m^[22m[39m
     [90m 171 |[39m         [32m'PG17_PROCESS'[39m[33m,[39m
     [90m 172 |[39m         [33mJSON[39m[33m.[39mstringify({
     [90m 173 |[39m           name[33m,[39m[0m

      at settleWorker (test/utils/g2-s10b-pg-harness.ts:170:15)
      at ChildProcess.<anonymous> (test/utils/g2-s10b-pg-harness.ts:189:7)

    console.warn
      PG17_PROCESS {"name":"g2s10b_30","options":{"registry":{"synthetic-src-a":["clients","programs","workouts"],"synthetic-src-b":["clients"]},"action":"declare","coach":"coach","intent":"f3779468-1851-4340-86f3-096ac850c65b"},"result":{"intent_id":"f3779468-1851-4340-86f3-096ac850c65b","challenge_b64":"Vx7uFoKG8HXVgjWUdBmZmh0Jhki3iwytOPPlu5MdWZA=","declared_at":"2026-09-27T21:25:27.635Z"},"queries":11,"pid":6413}

    [0m [90m 168 |[39m       }
     [90m 169 |[39m       [90m// Query shapes, outcomes, fixture identifiers and process IDs only; never parameters.[39m
    [31m[1m>[22m[39m[90m 170 |[39m       console[33m.[39mwarn(
     [90m     |[39m               [31m[1m^[22m[39m
     [90m 171 |[39m         [32m'PG17_PROCESS'[39m[33m,[39m
     [90m 172 |[39m         [33mJSON[39m[33m.[39mstringify({
     [90m 173 |[39m           name[33m,[39m[0m

      at settleWorker (test/utils/g2-s10b-pg-harness.ts:170:15)
      at ChildProcess.<anonymous> (test/utils/g2-s10b-pg-harness.ts:189:7)

    console.warn
      PG17_PROCESS {"name":"g2s10b_31","options":{"registry":{"synthetic-src-a":["clients","programs","workouts"],"synthetic-src-b":["clients"]},"action":"observe","coach":"coach","intent":"f3779468-1851-4340-86f3-096ac850c65b"},"result":{"intent_id":"f3779468-1851-4340-86f3-096ac850c65b","execution_epoch":1,"stored":1,"replayed":0},"queries":9,"pid":6436}

    [0m [90m 168 |[39m       }
     [90m 169 |[39m       [90m// Query shapes, outcomes, fixture identifiers and process IDs only; never parameters.[39m
    [31m[1m>[22m[39m[90m 170 |[39m       console[33m.[39mwarn(
     [90m     |[39m               [31m[1m^[22m[39m
     [90m 171 |[39m         [32m'PG17_PROCESS'[39m[33m,[39m
     [90m 172 |[39m         [33mJSON[39m[33m.[39mstringify({
     [90m 173 |[39m           name[33m,[39m[0m

      at settleWorker (test/utils/g2-s10b-pg-harness.ts:170:15)
      at ChildProcess.<anonymous> (test/utils/g2-s10b-pg-harness.ts:189:7)

    console.warn
      PG17_PROCESS {"name":"g2s10b_32","options":{"action":"complete","coach":"coach","intent":"f3779468-1851-4340-86f3-096ac850c65b"},"result":{"acknowledged":true,"intent_id":"f3779468-1851-4340-86f3-096ac850c65b"},"queries":47,"pid":6459}

    [0m [90m 168 |[39m       }
     [90m 169 |[39m       [90m// Query shapes, outcomes, fixture identifiers and process IDs only; never parameters.[39m
    [31m[1m>[22m[39m[90m 170 |[39m       console[33m.[39mwarn(
     [90m     |[39m               [31m[1m^[22m[39m
     [90m 171 |[39m         [32m'PG17_PROCESS'[39m[33m,[39m
     [90m 172 |[39m         [33mJSON[39m[33m.[39mstringify({
     [90m 173 |[39m           name[33m,[39m[0m

      at settleWorker (test/utils/g2-s10b-pg-harness.ts:170:15)
      at ChildProcess.<anonymous> (test/utils/g2-s10b-pg-harness.ts:189:7)

    console.warn
      PG17_PROCESS {"name":"g2s10b_33","options":{"action":"status","coach":"coach","intent":"f3779468-1851-4340-86f3-096ac850c65b"},"result":{"intent_id":"f3779468-1851-4340-86f3-096ac850c65b","status":"partial","entity_counts":[{"entity_type":"clients","committed":2}],"started_at":"2026-09-27T21:25:27.673Z","completed_at":"2026-09-27T21:25:30.272Z","mode":"server","phase":"reconciling","accepted_start_at":"2026-09-27T21:25:26.360Z","deadline_at":"2026-09-27T21:30:26.360Z","last_observed_at":"2026-09-27T21:25:30.267Z","execution_epoch":1,"reason_code":"unresolved_family","claimed_status":"success","families":[{"family":"clients","observed_unique":null,"staged_unique":2,"created_native":null,"already_present_verified":null,"rejected":2,"unresolved":0,"ledger":{"reconstructed":0,"skipped":2,"failed":0},"canonical_family":null,"native_present_verified":0,"completeness_basis":"none","relationship_closure":"not_applicable","reasons":[{"code":"unsupported_platform:synthetic-src-a","count":2}],"qualifiers":[]}]},"queries":9,"pid":6479}

    [0m [90m 168 |[39m       }
     [90m 169 |[39m       [90m// Query shapes, outcomes, fixture identifiers and process IDs only; never parameters.[39m
    [31m[1m>[22m[39m[90m 170 |[39m       console[33m.[39mwarn(
     [90m     |[39m               [31m[1m^[22m[39m
     [90m 171 |[39m         [32m'PG17_PROCESS'[39m[33m,[39m
     [90m 172 |[39m         [33mJSON[39m[33m.[39mstringify({
     [90m 173 |[39m           name[33m,[39m[0m

      at settleWorker (test/utils/g2-s10b-pg-harness.ts:170:15)
      at ChildProcess.<anonymous> (test/utils/g2-s10b-pg-harness.ts:189:7)

    console.warn
      PG17_PROCESS {"name":"g2s10b_34","options":{"action":"status","coach":"coach","intent":"f3779468-1851-4340-86f3-096ac850c65b"},"result":{"intent_id":"f3779468-1851-4340-86f3-096ac850c65b","status":"partial","entity_counts":[{"entity_type":"clients","committed":3}],"started_at":"2026-09-27T21:25:27.673Z","completed_at":"2026-09-27T21:25:30.272Z","mode":"server","phase":"reconciling","accepted_start_at":"2026-09-27T21:25:26.360Z","deadline_at":"2026-09-27T21:30:26.360Z","last_observed_at":"2026-09-27T21:25:30.267Z","execution_epoch":1,"reason_code":"unresolved_family","claimed_status":"success","families":[{"family":"clients","observed_unique":null,"staged_unique":3,"created_native":null,"already_present_verified":null,"rejected":2,"unresolved":0,"ledger":{"reconstructed":0,"skipped":2,"failed":0},"canonical_family":null,"native_present_verified":0,"completeness_basis":"none","relationship_closure":"not_applicable","reasons":[{"code":"unsupported_platform:synthetic-src-a","count":2}],"qualifiers":[]}]},"queries":9,"pid":6506}

    [0m [90m 168 |[39m       }
     [90m 169 |[39m       [90m// Query shapes, outcomes, fixture identifiers and process IDs only; never parameters.[39m
    [31m[1m>[22m[39m[90m 170 |[39m       console[33m.[39mwarn(
     [90m     |[39m               [31m[1m^[22m[39m
     [90m 171 |[39m         [32m'PG17_PROCESS'[39m[33m,[39m
     [90m 172 |[39m         [33mJSON[39m[33m.[39mstringify({
     [90m 173 |[39m           name[33m,[39m[0m

      at settleWorker (test/utils/g2-s10b-pg-harness.ts:170:15)
      at ChildProcess.<anonymous> (test/utils/g2-s10b-pg-harness.ts:189:7)

    console.warn
      PG17_PROCESS {"name":"g2s10b_35","options":{"action":"start","coach":"coach","intent":"b567b545-5e73-43d2-9a08-fa4c7c9a3c41"},"result":{"intent_id":"b567b545-5e73-43d2-9a08-fa4c7c9a3c41","mode":"server","phase":"discovering","execution_epoch":1,"accepted_start_at":"2026-09-27T21:25:34.217Z","deadline_at":"2026-09-27T21:30:34.217Z"},"queries":3,"pid":6535}

    [0m [90m 168 |[39m       }
     [90m 169 |[39m       [90m// Query shapes, outcomes, fixture identifiers and process IDs only; never parameters.[39m
    [31m[1m>[22m[39m[90m 170 |[39m       console[33m.[39mwarn(
     [90m     |[39m               [31m[1m^[22m[39m
     [90m 171 |[39m         [32m'PG17_PROCESS'[39m[33m,[39m
     [90m 172 |[39m         [33mJSON[39m[33m.[39mstringify({
     [90m 173 |[39m           name[33m,[39m[0m

      at settleWorker (test/utils/g2-s10b-pg-harness.ts:170:15)
      at ChildProcess.<anonymous> (test/utils/g2-s10b-pg-harness.ts:189:7)

    console.warn
      PG17_PROCESS {"name":"g2s10b_36","options":{"registry":{"synthetic-src-a":["clients","programs","workouts"],"synthetic-src-b":["clients"]},"action":"declare","coach":"coach","intent":"b567b545-5e73-43d2-9a08-fa4c7c9a3c41"},"result":{"intent_id":"b567b545-5e73-43d2-9a08-fa4c7c9a3c41","challenge_b64":"HwsNxT3v7ctDHvYSfQ8jwGrcjKp2ZXJ0JYFlEWUAG98=","declared_at":"2026-09-27T21:25:35.481Z"},"queries":11,"pid":6554}

    [0m [90m 168 |[39m       }
     [90m 169 |[39m       [90m// Query shapes, outcomes, fixture identifiers and process IDs only; never parameters.[39m
    [31m[1m>[22m[39m[90m 170 |[39m       console[33m.[39mwarn(
     [90m     |[39m               [31m[1m^[22m[39m
     [90m 171 |[39m         [32m'PG17_PROCESS'[39m[33m,[39m
     [90m 172 |[39m         [33mJSON[39m[33m.[39mstringify({
     [90m 173 |[39m           name[33m,[39m[0m

      at settleWorker (test/utils/g2-s10b-pg-harness.ts:170:15)
      at ChildProcess.<anonymous> (test/utils/g2-s10b-pg-harness.ts:189:7)

    console.warn
      PG17_PROCESS {"name":"g2s10b_37","options":{"registry":{"synthetic-src-a":["clients","programs","workouts"],"synthetic-src-b":["clients"]},"action":"observe","coach":"coach","intent":"b567b545-5e73-43d2-9a08-fa4c7c9a3c41"},"result":{"intent_id":"b567b545-5e73-43d2-9a08-fa4c7c9a3c41","execution_epoch":1,"stored":1,"replayed":0},"queries":9,"pid":6578}

    [0m [90m 168 |[39m       }
     [90m 169 |[39m       [90m// Query shapes, outcomes, fixture identifiers and process IDs only; never parameters.[39m
    [31m[1m>[22m[39m[90m 170 |[39m       console[33m.[39mwarn(
     [90m     |[39m               [31m[1m^[22m[39m
     [90m 171 |[39m         [32m'PG17_PROCESS'[39m[33m,[39m
     [90m 172 |[39m         [33mJSON[39m[33m.[39mstringify({
     [90m 173 |[39m           name[33m,[39m[0m

      at settleWorker (test/utils/g2-s10b-pg-harness.ts:170:15)
      at ChildProcess.<anonymous> (test/utils/g2-s10b-pg-harness.ts:189:7)

    console.warn
      PG17_PROCESS {"name":"g2s10b_38","options":{"action":"complete","coach":"coach","intent":"b567b545-5e73-43d2-9a08-fa4c7c9a3c41"},"result":{"acknowledged":true,"intent_id":"b567b545-5e73-43d2-9a08-fa4c7c9a3c41"},"queries":47,"pid":6601}

    [0m [90m 168 |[39m       }
     [90m 169 |[39m       [90m// Query shapes, outcomes, fixture identifiers and process IDs only; never parameters.[39m
    [31m[1m>[22m[39m[90m 170 |[39m       console[33m.[39mwarn(
     [90m     |[39m               [31m[1m^[22m[39m
     [90m 171 |[39m         [32m'PG17_PROCESS'[39m[33m,[39m
     [90m 172 |[39m         [33mJSON[39m[33m.[39mstringify({
     [90m 173 |[39m           name[33m,[39m[0m

      at settleWorker (test/utils/g2-s10b-pg-harness.ts:170:15)
      at ChildProcess.<anonymous> (test/utils/g2-s10b-pg-harness.ts:189:7)

    console.warn
      PG17_PROCESS {"name":"g2s10b_39","options":{"action":"status","coach":"other-coach","intent":"b567b545-5e73-43d2-9a08-fa4c7c9a3c41"},"failure":{"status":404,"message":"Not Found","response":{"message":"Not Found","statusCode":404},"injected":false},"queries":6,"pid":6621}

    [0m [90m 168 |[39m       }
     [90m 169 |[39m       [90m// Query shapes, outcomes, fixture identifiers and process IDs only; never parameters.[39m
    [31m[1m>[22m[39m[90m 170 |[39m       console[33m.[39mwarn(
     [90m     |[39m               [31m[1m^[22m[39m
     [90m 171 |[39m         [32m'PG17_PROCESS'[39m[33m,[39m
     [90m 172 |[39m         [33mJSON[39m[33m.[39mstringify({
     [90m 173 |[39m           name[33m,[39m[0m

      at settleWorker (test/utils/g2-s10b-pg-harness.ts:170:15)
      at ChildProcess.<anonymous> (test/utils/g2-s10b-pg-harness.ts:189:7)


Test Suites: 2 passed, 2 total
Tests:       32 passed, 32 total
Snapshots:   0 total
Time:        145.672 s
Ran all test suites within paths "test/rls-g2-s10b.spec.ts", "test/rls-g2-s10c.spec.ts".
