0 verbose cli /usr/local/bin/node /usr/local/bin/npm
1 info using npm@10.8.2
2 info using node@v20.20.1
3 silly config load:file:/usr/local/lib/node_modules/npm/npmrc
4 silly config load:file:/home/user/workspace/worktrees/s6-diagnostic/.npmrc
5 silly config load:file:/home/user/.npmrc
6 silly config load:file:/usr/local/etc/npmrc
7 verbose title npm ci
8 verbose argv "ci" "--no-audit" "--no-fund" "--loglevel" "error" "--logs-dir" "/home/user/workspace/execution/s6-diagnostic/logs/setup-v3/npm-logs" "--logs-max" "10"
9 verbose logfile logs-max:10 dir:/home/user/workspace/execution/s6-diagnostic/logs/setup-v3/npm-logs/2026-09-23T17_16_05_313Z-
10 verbose logfile /home/user/workspace/execution/s6-diagnostic/logs/setup-v3/npm-logs/2026-09-23T17_16_05_313Z-debug-0.log
11 silly packumentCache heap:2197815296 maxSize:549453824 maxEntrySize:274726912
12 silly logfile done cleaning log files
13 silly idealTree buildDeps
14 warn EBADENGINE Unsupported engine {
14 warn EBADENGINE   package: '@testing-library/react-native@14.0.0',
14 warn EBADENGINE   required: { node: '^22.13.0 || >=24' },
14 warn EBADENGINE   current: { node: 'v20.20.1', npm: '10.8.2' }
14 warn EBADENGINE }
15 silly reify moves {}
16 verbose reify failed optional dependency /home/user/workspace/worktrees/s6-diagnostic/node_modules/lightningcss-win32-x64-msvc
17 silly reify mark deleted [
17 silly reify   '/home/user/workspace/worktrees/s6-diagnostic/node_modules/lightningcss-win32-x64-msvc'
17 silly reify ]
18 verbose reify failed optional dependency /home/user/workspace/worktrees/s6-diagnostic/node_modules/lightningcss-win32-arm64-msvc
19 silly reify mark deleted [
19 silly reify   '/home/user/workspace/worktrees/s6-diagnostic/node_modules/lightningcss-win32-arm64-msvc'
19 silly reify ]
20 verbose reify failed optional dependency /home/user/workspace/worktrees/s6-diagnostic/node_modules/lightningcss-linux-x64-musl
21 silly reify mark deleted [
21 silly reify   '/home/user/workspace/worktrees/s6-diagnostic/node_modules/lightningcss-linux-x64-musl'
21 silly reify ]
22 verbose reify failed optional dependency /home/user/workspace/worktrees/s6-diagnostic/node_modules/lightningcss-linux-arm64-musl
23 silly reify mark deleted [
23 silly reify   '/home/user/workspace/worktrees/s6-diagnostic/node_modules/lightningcss-linux-arm64-musl'
23 silly reify ]
24 verbose reify failed optional dependency /home/user/workspace/worktrees/s6-diagnostic/node_modules/lightningcss-linux-arm64-gnu
25 silly reify mark deleted [
25 silly reify   '/home/user/workspace/worktrees/s6-diagnostic/node_modules/lightningcss-linux-arm64-gnu'
25 silly reify ]
26 verbose reify failed optional dependency /home/user/workspace/worktrees/s6-diagnostic/node_modules/lightningcss-linux-arm-gnueabihf
27 silly reify mark deleted [
27 silly reify   '/home/user/workspace/worktrees/s6-diagnostic/node_modules/lightningcss-linux-arm-gnueabihf'
27 silly reify ]
28 verbose reify failed optional dependency /home/user/workspace/worktrees/s6-diagnostic/node_modules/lightningcss-freebsd-x64
29 silly reify mark deleted [
29 silly reify   '/home/user/workspace/worktrees/s6-diagnostic/node_modules/lightningcss-freebsd-x64'
29 silly reify ]
30 verbose reify failed optional dependency /home/user/workspace/worktrees/s6-diagnostic/node_modules/lightningcss-darwin-x64
31 silly reify mark deleted [
31 silly reify   '/home/user/workspace/worktrees/s6-diagnostic/node_modules/lightningcss-darwin-x64'
31 silly reify ]
32 verbose reify failed optional dependency /home/user/workspace/worktrees/s6-diagnostic/node_modules/lightningcss-darwin-arm64
33 silly reify mark deleted [
33 silly reify   '/home/user/workspace/worktrees/s6-diagnostic/node_modules/lightningcss-darwin-arm64'
33 silly reify ]
34 verbose reify failed optional dependency /home/user/workspace/worktrees/s6-diagnostic/node_modules/lightningcss-android-arm64
35 silly reify mark deleted [
35 silly reify   '/home/user/workspace/worktrees/s6-diagnostic/node_modules/lightningcss-android-arm64'
35 silly reify ]
36 verbose reify failed optional dependency /home/user/workspace/worktrees/s6-diagnostic/node_modules/fsevents
37 silly reify mark deleted [
37 silly reify   '/home/user/workspace/worktrees/s6-diagnostic/node_modules/fsevents'
37 silly reify ]
38 verbose reify failed optional dependency /home/user/workspace/worktrees/s6-diagnostic/node_modules/@sentry/cli-win32-x64
39 silly reify mark deleted [
39 silly reify   '/home/user/workspace/worktrees/s6-diagnostic/node_modules/@sentry/cli-win32-x64'
39 silly reify ]
40 verbose reify failed optional dependency /home/user/workspace/worktrees/s6-diagnostic/node_modules/@sentry/cli-win32-i686
41 silly reify mark deleted [
41 silly reify   '/home/user/workspace/worktrees/s6-diagnostic/node_modules/@sentry/cli-win32-i686'
41 silly reify ]
42 verbose reify failed optional dependency /home/user/workspace/worktrees/s6-diagnostic/node_modules/@sentry/cli-win32-arm64
43 silly reify mark deleted [
43 silly reify   '/home/user/workspace/worktrees/s6-diagnostic/node_modules/@sentry/cli-win32-arm64'
43 silly reify ]
44 verbose reify failed optional dependency /home/user/workspace/worktrees/s6-diagnostic/node_modules/@sentry/cli-linux-i686
45 silly reify mark deleted [
45 silly reify   '/home/user/workspace/worktrees/s6-diagnostic/node_modules/@sentry/cli-linux-i686'
45 silly reify ]
46 verbose reify failed optional dependency /home/user/workspace/worktrees/s6-diagnostic/node_modules/@sentry/cli-linux-arm64
47 silly reify mark deleted [
47 silly reify   '/home/user/workspace/worktrees/s6-diagnostic/node_modules/@sentry/cli-linux-arm64'
47 silly reify ]
48 verbose reify failed optional dependency /home/user/workspace/worktrees/s6-diagnostic/node_modules/@sentry/cli-linux-arm
49 silly reify mark deleted [
49 silly reify   '/home/user/workspace/worktrees/s6-diagnostic/node_modules/@sentry/cli-linux-arm'
49 silly reify ]
50 verbose reify failed optional dependency /home/user/workspace/worktrees/s6-diagnostic/node_modules/@sentry/cli-darwin
51 silly reify mark deleted [
51 silly reify   '/home/user/workspace/worktrees/s6-diagnostic/node_modules/@sentry/cli-darwin'
51 silly reify ]
52 silly tarball no local data for zustand@https://registry.npmjs.org/zustand/-/zustand-5.0.13.tgz. Extracting by manifest.
53 silly tarball no local data for zod@https://registry.npmjs.org/zod/-/zod-3.25.76.tgz. Extracting by manifest.
54 silly tarball no local data for yaml@https://registry.npmjs.org/yaml/-/yaml-2.9.0.tgz. Extracting by manifest.
55 silly tarball no local data for xmlchars@https://registry.npmjs.org/xmlchars/-/xmlchars-2.2.0.tgz. Extracting by manifest.
56 silly tarball no local data for xmlbuilder@https://registry.npmjs.org/xmlbuilder/-/xmlbuilder-15.1.1.tgz. Extracting by manifest.
57 silly tarball no local data for xml2js@https://registry.npmjs.org/xml2js/-/xml2js-0.6.0.tgz. Extracting by manifest.
58 silly tarball no local data for xml-name-validator@https://registry.npmjs.org/xml-name-validator/-/xml-name-validator-4.0.0.tgz. Extracting by manifest.
59 silly tarball no local data for xcode@https://registry.npmjs.org/xcode/-/xcode-3.0.1.tgz. Extracting by manifest.
60 silly tarball no local data for write-file-atomic@https://registry.npmjs.org/write-file-atomic/-/write-file-atomic-4.0.2.tgz. Extracting by manifest.
61 silly tarball no local data for which-builtin-type@https://registry.npmjs.org/which-builtin-type/-/which-builtin-type-1.2.1.tgz. Extracting by manifest.
62 silly tarball no local data for whatwg-url-minimum@https://registry.npmjs.org/whatwg-url-minimum/-/whatwg-url-minimum-0.1.2.tgz. Extracting by manifest.
63 silly tarball no local data for whatwg-url@https://registry.npmjs.org/whatwg-url/-/whatwg-url-11.0.0.tgz. Extracting by manifest.
64 silly tarball no local data for whatwg-mimetype@https://registry.npmjs.org/whatwg-mimetype/-/whatwg-mimetype-3.0.0.tgz. Extracting by manifest.
65 silly tarball no local data for whatwg-fetch@https://registry.npmjs.org/whatwg-fetch/-/whatwg-fetch-3.6.20.tgz. Extracting by manifest.
66 silly tarball no local data for whatwg-encoding@https://registry.npmjs.org/whatwg-encoding/-/whatwg-encoding-2.0.0.tgz. Extracting by manifest.
67 silly tarball no local data for webidl-conversions@https://registry.npmjs.org/webidl-conversions/-/webidl-conversions-7.0.0.tgz. Extracting by manifest.
68 silly tarball no local data for warn-once@https://registry.npmjs.org/warn-once/-/warn-once-0.1.1.tgz. Extracting by manifest.
69 silly tarball no local data for w3c-xmlserializer@https://registry.npmjs.org/w3c-xmlserializer/-/w3c-xmlserializer-4.0.0.tgz. Extracting by manifest.
70 silly tarball no local data for vlq@https://registry.npmjs.org/vlq/-/vlq-1.0.1.tgz. Extracting by manifest.
71 silly tarball no local data for validate-npm-package-name@https://registry.npmjs.org/validate-npm-package-name/-/validate-npm-package-name-5.0.1.tgz. Extracting by manifest.
72 silly tarball no local data for uuid@https://registry.npmjs.org/uuid/-/uuid-7.0.3.tgz. Extracting by manifest.
73 silly tarball no local data for utrie@https://registry.npmjs.org/utrie/-/utrie-1.0.2.tgz. Extracting by manifest.
74 silly tarball no local data for use-sync-external-store@https://registry.npmjs.org/use-sync-external-store/-/use-sync-external-store-1.6.0.tgz. Extracting by manifest.
75 silly tarball no local data for use-latest-callback@https://registry.npmjs.org/use-latest-callback/-/use-latest-callback-0.2.6.tgz. Extracting by manifest.
76 silly tarball no local data for url-parse@https://registry.npmjs.org/url-parse/-/url-parse-1.5.10.tgz. Extracting by manifest.
77 silly tarball no local data for universalify@https://registry.npmjs.org/universalify/-/universalify-0.2.0.tgz. Extracting by manifest.
78 silly tarball no local data for undici-types@https://registry.npmjs.org/undici-types/-/undici-types-7.24.6.tgz. Extracting by manifest.
79 silly tarball no local data for unbox-primitive@https://registry.npmjs.org/unbox-primitive/-/unbox-primitive-1.1.0.tgz. Extracting by manifest.
80 silly tarball no local data for ua-parser-js@https://registry.npmjs.org/ua-parser-js/-/ua-parser-js-0.7.41.tgz. Extracting by manifest.
81 silly tarball no local data for typescript@https://registry.npmjs.org/typescript/-/typescript-6.0.3.tgz. Extracting by manifest.
82 silly tarball no local data for typed-array-length@https://registry.npmjs.org/typed-array-length/-/typed-array-length-1.0.7.tgz. Extracting by manifest.
83 silly tarball no local data for typed-array-byte-offset@https://registry.npmjs.org/typed-array-byte-offset/-/typed-array-byte-offset-1.0.4.tgz. Extracting by manifest.
84 silly tarball no local data for typed-array-byte-length@https://registry.npmjs.org/typed-array-byte-length/-/typed-array-byte-length-1.0.3.tgz. Extracting by manifest.
85 silly tarball no local data for typed-array-buffer@https://registry.npmjs.org/typed-array-buffer/-/typed-array-buffer-1.0.3.tgz. Extracting by manifest.
86 silly tarball no local data for type-fest@https://registry.npmjs.org/type-fest/-/type-fest-0.20.2.tgz. Extracting by manifest.
87 silly tarball no local data for ts-api-utils@https://registry.npmjs.org/ts-api-utils/-/ts-api-utils-1.4.3.tgz. Extracting by manifest.
88 silly tarball no local data for tr46@https://registry.npmjs.org/tr46/-/tr46-3.0.0.tgz. Extracting by manifest.
89 silly tarball no local data for tough-cookie@https://registry.npmjs.org/tough-cookie/-/tough-cookie-4.1.4.tgz. Extracting by manifest.
90 silly tarball no local data for toqr@https://registry.npmjs.org/toqr/-/toqr-0.1.1.tgz. Extracting by manifest.
91 silly tarball no local data for tinyglobby@https://registry.npmjs.org/tinyglobby/-/tinyglobby-0.2.16.tgz. Extracting by manifest.
92 silly tarball no local data for throat@https://registry.npmjs.org/throat/-/throat-5.0.0.tgz. Extracting by manifest.
93 silly tarball no local data for text-table@https://registry.npmjs.org/text-table/-/text-table-0.2.0.tgz. Extracting by manifest.
94 silly tarball no local data for text-segmentation@https://registry.npmjs.org/text-segmentation/-/text-segmentation-1.0.3.tgz. Extracting by manifest.
95 silly tarball no local data for test-renderer@https://registry.npmjs.org/test-renderer/-/test-renderer-1.2.0.tgz. Extracting by manifest.
96 silly tarball no local data for terser@https://registry.npmjs.org/terser/-/terser-5.48.0.tgz. Extracting by manifest.
97 silly tarball no local data for terminal-link@https://registry.npmjs.org/terminal-link/-/terminal-link-2.1.1.tgz. Extracting by manifest.
98 silly tarball no local data for symbol-tree@https://registry.npmjs.org/symbol-tree/-/symbol-tree-3.2.4.tgz. Extracting by manifest.
99 silly tarball no local data for supports-hyperlinks@https://registry.npmjs.org/supports-hyperlinks/-/supports-hyperlinks-2.3.0.tgz. Extracting by manifest.
100 silly tarball no local data for styleq@https://registry.npmjs.org/styleq/-/styleq-0.1.3.tgz. Extracting by manifest.
101 silly tarball no local data for structured-headers@https://registry.npmjs.org/structured-headers/-/structured-headers-0.4.1.tgz. Extracting by manifest.
102 silly tarball no local data for strip-indent@https://registry.npmjs.org/strip-indent/-/strip-indent-3.0.0.tgz. Extracting by manifest.
103 silly tarball no local data for string.prototype.trimstart@https://registry.npmjs.org/string.prototype.trimstart/-/string.prototype.trimstart-1.0.8.tgz. Extracting by manifest.
104 silly tarball no local data for string.prototype.trimend@https://registry.npmjs.org/string.prototype.trimend/-/string.prototype.trimend-1.0.9.tgz. Extracting by manifest.
105 silly tarball no local data for string.prototype.trim@https://registry.npmjs.org/string.prototype.trim/-/string.prototype.trim-1.2.10.tgz. Extracting by manifest.
106 silly tarball no local data for string.prototype.repeat@https://registry.npmjs.org/string.prototype.repeat/-/string.prototype.repeat-1.0.0.tgz. Extracting by manifest.
107 silly tarball no local data for string.prototype.matchall@https://registry.npmjs.org/string.prototype.matchall/-/string.prototype.matchall-4.0.12.tgz. Extracting by manifest.
108 silly tarball no local data for strict-uri-encode@https://registry.npmjs.org/strict-uri-encode/-/strict-uri-encode-2.0.0.tgz. Extracting by manifest.
109 silly tarball no local data for stream-buffers@https://registry.npmjs.org/stream-buffers/-/stream-buffers-2.2.0.tgz. Extracting by manifest.
110 silly tarball no local data for statuses@https://registry.npmjs.org/statuses/-/statuses-1.5.0.tgz. Extracting by manifest.
111 silly tarball no local data for standard-navigation@https://registry.npmjs.org/standard-navigation/-/standard-navigation-0.0.7.tgz. Extracting by manifest.
112 silly tarball no local data for stacktrace-parser@https://registry.npmjs.org/stacktrace-parser/-/stacktrace-parser-0.1.11.tgz. Extracting by manifest.
113 silly tarball no local data for stacktrace-js@https://registry.npmjs.org/stacktrace-js/-/stacktrace-js-2.0.2.tgz. Extracting by manifest.
114 silly tarball no local data for stacktrace-gps@https://registry.npmjs.org/stacktrace-gps/-/stacktrace-gps-3.1.2.tgz. Extracting by manifest.
115 silly tarball no local data for stackframe@https://registry.npmjs.org/stackframe/-/stackframe-1.3.4.tgz. Extracting by manifest.
116 silly tarball no local data for stack-generator@https://registry.npmjs.org/stack-generator/-/stack-generator-2.0.10.tgz. Extracting by manifest.
117 silly tarball no local data for split-on-first@https://registry.npmjs.org/split-on-first/-/split-on-first-1.1.0.tgz. Extracting by manifest.
118 silly tarball no local data for slugify@https://registry.npmjs.org/slugify/-/slugify-1.6.9.tgz. Extracting by manifest.
119 silly tarball no local data for sisteransi@https://registry.npmjs.org/sisteransi/-/sisteransi-1.0.5.tgz. Extracting by manifest.
120 silly tarball no local data for simple-swizzle@https://registry.npmjs.org/simple-swizzle/-/simple-swizzle-0.2.4.tgz. Extracting by manifest.
121 silly tarball no local data for simple-plist@https://registry.npmjs.org/simple-plist/-/simple-plist-1.3.1.tgz. Extracting by manifest.
122 silly tarball no local data for shell-quote@https://registry.npmjs.org/shell-quote/-/shell-quote-1.8.4.tgz. Extracting by manifest.
123 silly tarball no local data for sf-symbols-typescript@https://registry.npmjs.org/sf-symbols-typescript/-/sf-symbols-typescript-2.2.0.tgz. Extracting by manifest.
124 silly tarball no local data for setimmediate@https://registry.npmjs.org/setimmediate/-/setimmediate-1.0.5.tgz. Extracting by manifest.
125 silly tarball no local data for set-proto@https://registry.npmjs.org/set-proto/-/set-proto-1.0.0.tgz. Extracting by manifest.
126 silly tarball no local data for server-only@https://registry.npmjs.org/server-only/-/server-only-0.0.1.tgz. Extracting by manifest.
127 silly tarball no local data for serve-static@https://registry.npmjs.org/serve-static/-/serve-static-1.16.3.tgz. Extracting by manifest.
128 silly tarball no local data for serialize-error@https://registry.npmjs.org/serialize-error/-/serialize-error-2.1.0.tgz. Extracting by manifest.
129 silly tarball no local data for send@https://registry.npmjs.org/send/-/send-0.19.2.tgz. Extracting by manifest.
130 silly tarball no local data for semver@https://registry.npmjs.org/semver/-/semver-7.8.1.tgz. Extracting by manifest.
131 silly tarball no local data for scheduler@https://registry.npmjs.org/scheduler/-/scheduler-0.27.0.tgz. Extracting by manifest.
132 silly tarball no local data for saxes@https://registry.npmjs.org/saxes/-/saxes-6.0.0.tgz. Extracting by manifest.
133 silly tarball no local data for sax@https://registry.npmjs.org/sax/-/sax-1.6.0.tgz. Extracting by manifest.
134 silly tarball no local data for safe-push-apply@https://registry.npmjs.org/safe-push-apply/-/safe-push-apply-1.0.0.tgz. Extracting by manifest.
135 silly tarball no local data for safe-array-concat@https://registry.npmjs.org/safe-array-concat/-/safe-array-concat-1.1.4.tgz. Extracting by manifest.
136 silly tarball no local data for rtl-detect@https://registry.npmjs.org/rtl-detect/-/rtl-detect-1.1.2.tgz. Extracting by manifest.
137 silly tarball no local data for rimraf@https://registry.npmjs.org/rimraf/-/rimraf-3.0.2.tgz. Extracting by manifest.
138 silly tarball no local data for restore-cursor@https://registry.npmjs.org/restore-cursor/-/restore-cursor-2.0.0.tgz. Extracting by manifest.
139 silly tarball no local data for resolve.exports@https://registry.npmjs.org/resolve.exports/-/resolve.exports-2.0.3.tgz. Extracting by manifest.
140 silly tarball no local data for resolve-workspace-root@https://registry.npmjs.org/resolve-workspace-root/-/resolve-workspace-root-2.0.1.tgz. Extracting by manifest.
141 silly tarball no local data for requires-port@https://registry.npmjs.org/requires-port/-/requires-port-1.0.0.tgz. Extracting by manifest.
142 silly tarball no local data for reflect.getprototypeof@https://registry.npmjs.org/reflect.getprototypeof/-/reflect.getprototypeof-1.0.10.tgz. Extracting by manifest.
143 silly tarball no local data for redent@https://registry.npmjs.org/redent/-/redent-3.0.0.tgz. Extracting by manifest.
144 silly tarball no local data for react-test-renderer@https://registry.npmjs.org/react-test-renderer/-/react-test-renderer-19.2.3.tgz. Extracting by manifest.
145 silly tarball no local data for react-refresh@https://registry.npmjs.org/react-refresh/-/react-refresh-0.14.2.tgz. Extracting by manifest.
146 silly tarball no local data for react-reconciler@https://registry.npmjs.org/react-reconciler/-/react-reconciler-0.33.0.tgz. Extracting by manifest.
147 silly tarball no local data for react-native-worklets@https://registry.npmjs.org/react-native-worklets/-/react-native-worklets-0.8.3.tgz. Extracting by manifest.
148 silly tarball no local data for react-native-webview@https://registry.npmjs.org/react-native-webview/-/react-native-webview-13.16.1.tgz. Extracting by manifest.
149 silly tarball no local data for react-native-web@https://registry.npmjs.org/react-native-web/-/react-native-web-0.21.2.tgz. Extracting by manifest.
150 silly tarball no local data for react-native-view-shot@https://registry.npmjs.org/react-native-view-shot/-/react-native-view-shot-4.0.3.tgz. Extracting by manifest.
151 silly tarball no local data for react-native-svg@https://registry.npmjs.org/react-native-svg/-/react-native-svg-15.15.5.tgz. Extracting by manifest.
152 silly tarball no local data for react-native-screens@https://registry.npmjs.org/react-native-screens/-/react-native-screens-4.25.2.tgz. Extracting by manifest.
153 silly tarball no local data for react-native-safe-area-context@https://registry.npmjs.org/react-native-safe-area-context/-/react-native-safe-area-context-5.8.0.tgz. Extracting by manifest.
154 silly tarball no local data for react-native-reanimated@https://registry.npmjs.org/react-native-reanimated/-/react-native-reanimated-4.3.1.tgz. Extracting by manifest.
155 silly tarball no local data for react-native-is-edge-to-edge@https://registry.npmjs.org/react-native-is-edge-to-edge/-/react-native-is-edge-to-edge-1.3.1.tgz. Extracting by manifest.
156 silly tarball no local data for react-native-health-connect@https://registry.npmjs.org/react-native-health-connect/-/react-native-health-connect-3.5.3.tgz. Extracting by manifest.
157 silly tarball no local data for react-native-health@https://registry.npmjs.org/react-native-health/-/react-native-health-1.19.0.tgz. Extracting by manifest.
158 silly tarball no local data for react-native-get-random-values@https://registry.npmjs.org/react-native-get-random-values/-/react-native-get-random-values-2.0.0.tgz. Extracting by manifest.
159 silly tarball no local data for react-native-gesture-handler@https://registry.npmjs.org/react-native-gesture-handler/-/react-native-gesture-handler-2.31.2.tgz. Extracting by manifest.
160 silly tarball no local data for react-native@https://registry.npmjs.org/react-native/-/react-native-0.85.3.tgz. Extracting by manifest.
161 silly tarball no local data for react-freeze@https://registry.npmjs.org/react-freeze/-/react-freeze-1.0.4.tgz. Extracting by manifest.
162 silly tarball no local data for react-dom@https://registry.npmjs.org/react-dom/-/react-dom-19.2.3.tgz. Extracting by manifest.
163 silly tarball no local data for react-devtools-core@https://registry.npmjs.org/react-devtools-core/-/react-devtools-core-6.1.5.tgz. Extracting by manifest.
164 silly tarball no local data for react@https://registry.npmjs.org/react/-/react-19.2.3.tgz. Extracting by manifest.
165 silly tarball no local data for queue@https://registry.npmjs.org/queue/-/queue-6.0.2.tgz. Extracting by manifest.
166 silly tarball no local data for querystringify@https://registry.npmjs.org/querystringify/-/querystringify-2.2.0.tgz. Extracting by manifest.
167 silly tarball no local data for query-string@https://registry.npmjs.org/query-string/-/query-string-7.1.3.tgz. Extracting by manifest.
168 silly tarball no local data for psl@https://registry.npmjs.org/psl/-/psl-1.15.0.tgz. Extracting by manifest.
169 silly tarball no local data for proxy-from-env@https://registry.npmjs.org/proxy-from-env/-/proxy-from-env-1.1.0.tgz. Extracting by manifest.
170 silly tarball no local data for prompts@https://registry.npmjs.org/prompts/-/prompts-2.4.2.tgz. Extracting by manifest.
171 silly tarball no local data for promise@https://registry.npmjs.org/promise/-/promise-8.3.0.tgz. Extracting by manifest.
172 silly tarball no local data for progress@https://registry.npmjs.org/progress/-/progress-2.0.3.tgz. Extracting by manifest.
173 silly tarball no local data for proc-log@https://registry.npmjs.org/proc-log/-/proc-log-4.2.0.tgz. Extracting by manifest.
174 silly tarball no local data for pretty-format@https://registry.npmjs.org/pretty-format/-/pretty-format-29.7.0.tgz. Extracting by manifest.
175 silly tarball no local data for posthog-react-native@https://registry.npmjs.org/posthog-react-native/-/posthog-react-native-4.45.14.tgz. Extracting by manifest.
176 silly tarball no local data for postcss@https://registry.npmjs.org/postcss/-/postcss-8.5.15.tgz. Extracting by manifest.
177 silly tarball no local data for pngjs@https://registry.npmjs.org/pngjs/-/pngjs-3.4.0.tgz. Extracting by manifest.
178 silly tarball no local data for plist@https://registry.npmjs.org/plist/-/plist-3.1.1.tgz. Extracting by manifest.
179 silly tarball no local data for parse5@https://registry.npmjs.org/parse5/-/parse5-7.3.0.tgz. Extracting by manifest.
180 silly tarball no local data for parse-png@https://registry.npmjs.org/parse-png/-/parse-png-2.1.0.tgz. Extracting by manifest.
181 silly tarball no local data for own-keys@https://registry.npmjs.org/own-keys/-/own-keys-1.0.1.tgz. Extracting by manifest.
182 silly tarball no local data for ora@https://registry.npmjs.org/ora/-/ora-3.4.0.tgz. Extracting by manifest.
183 silly tarball no local data for open@https://registry.npmjs.org/open/-/open-7.4.2.tgz. Extracting by manifest.
184 silly tarball no local data for on-finished@https://registry.npmjs.org/on-finished/-/on-finished-2.3.0.tgz. Extracting by manifest.
185 silly tarball no local data for object.values@https://registry.npmjs.org/object.values/-/object.values-1.2.1.tgz. Extracting by manifest.
186 silly tarball no local data for object.fromentries@https://registry.npmjs.org/object.fromentries/-/object.fromentries-2.0.8.tgz. Extracting by manifest.
187 silly tarball no local data for object.entries@https://registry.npmjs.org/object.entries/-/object.entries-1.1.9.tgz. Extracting by manifest.
188 silly tarball no local data for ob1@https://registry.npmjs.org/ob1/-/ob1-0.84.4.tgz. Extracting by manifest.
189 silly tarball no local data for nwsapi@https://registry.npmjs.org/nwsapi/-/nwsapi-2.2.23.tgz. Extracting by manifest.
190 silly tarball no local data for nullthrows@https://registry.npmjs.org/nullthrows/-/nullthrows-1.1.1.tgz. Extracting by manifest.
191 silly tarball no local data for nth-check@https://registry.npmjs.org/nth-check/-/nth-check-2.1.1.tgz. Extracting by manifest.
192 silly tarball no local data for npm-package-arg@https://registry.npmjs.org/npm-package-arg/-/npm-package-arg-11.0.3.tgz. Extracting by manifest.
193 silly tarball no local data for node-releases@https://registry.npmjs.org/node-releases/-/node-releases-2.0.46.tgz. Extracting by manifest.
194 silly tarball no local data for node-forge@https://registry.npmjs.org/node-forge/-/node-forge-1.4.0.tgz. Extracting by manifest.
195 silly tarball no local data for node-exports-info@https://registry.npmjs.org/node-exports-info/-/node-exports-info-1.6.0.tgz. Extracting by manifest.
196 silly tarball no local data for negotiator@https://registry.npmjs.org/negotiator/-/negotiator-0.6.3.tgz. Extracting by manifest.
197 silly tarball no local data for nanoid@https://registry.npmjs.org/nanoid/-/nanoid-3.3.12.tgz. Extracting by manifest.
198 silly tarball no local data for multitars@https://registry.npmjs.org/multitars/-/multitars-1.0.0.tgz. Extracting by manifest.
199 silly tarball no local data for mkdirp@https://registry.npmjs.org/mkdirp/-/mkdirp-1.0.4.tgz. Extracting by manifest.
200 silly tarball no local data for min-indent@https://registry.npmjs.org/min-indent/-/min-indent-1.0.1.tgz. Extracting by manifest.
201 silly tarball no local data for mime@https://registry.npmjs.org/mime/-/mime-1.6.0.tgz. Extracting by manifest.
202 silly tarball no local data for metro-transform-worker@https://registry.npmjs.org/metro-transform-worker/-/metro-transform-worker-0.84.4.tgz. Extracting by manifest.
203 silly tarball no local data for metro-transform-plugins@https://registry.npmjs.org/metro-transform-plugins/-/metro-transform-plugins-0.84.4.tgz. Extracting by manifest.
204 silly tarball no local data for metro-symbolicate@https://registry.npmjs.org/metro-symbolicate/-/metro-symbolicate-0.84.4.tgz. Extracting by manifest.
205 silly tarball no local data for metro-source-map@https://registry.npmjs.org/metro-source-map/-/metro-source-map-0.84.4.tgz. Extracting by manifest.
206 silly tarball no local data for metro-runtime@https://registry.npmjs.org/metro-runtime/-/metro-runtime-0.84.4.tgz. Extracting by manifest.
207 silly tarball no local data for metro-resolver@https://registry.npmjs.org/metro-resolver/-/metro-resolver-0.84.4.tgz. Extracting by manifest.
208 silly tarball no local data for metro-minify-terser@https://registry.npmjs.org/metro-minify-terser/-/metro-minify-terser-0.84.4.tgz. Extracting by manifest.
209 silly tarball no local data for metro-file-map@https://registry.npmjs.org/metro-file-map/-/metro-file-map-0.84.4.tgz. Extracting by manifest.
210 silly tarball no local data for metro-core@https://registry.npmjs.org/metro-core/-/metro-core-0.84.4.tgz. Extracting by manifest.
211 silly tarball no local data for metro-config@https://registry.npmjs.org/metro-config/-/metro-config-0.84.4.tgz. Extracting by manifest.
212 silly tarball no local data for metro-cache-key@https://registry.npmjs.org/metro-cache-key/-/metro-cache-key-0.84.4.tgz. Extracting by manifest.
213 silly tarball no local data for metro-cache@https://registry.npmjs.org/metro-cache/-/metro-cache-0.84.4.tgz. Extracting by manifest.
214 silly tarball no local data for metro-babel-transformer@https://registry.npmjs.org/metro-babel-transformer/-/metro-babel-transformer-0.84.4.tgz. Extracting by manifest.
215 silly tarball no local data for metro@https://registry.npmjs.org/metro/-/metro-0.84.4.tgz. Extracting by manifest.
216 silly tarball no local data for memoize-one@https://registry.npmjs.org/memoize-one/-/memoize-one-5.2.1.tgz. Extracting by manifest.
217 silly tarball no local data for mdn-data@https://registry.npmjs.org/mdn-data/-/mdn-data-2.0.14.tgz. Extracting by manifest.
218 silly tarball no local data for marky@https://registry.npmjs.org/marky/-/marky-1.3.0.tgz. Extracting by manifest.
219 silly tarball no local data for log-symbols@https://registry.npmjs.org/log-symbols/-/log-symbols-2.2.0.tgz. Extracting by manifest.
220 silly tarball no local data for lodash.throttle@https://registry.npmjs.org/lodash.throttle/-/lodash.throttle-4.1.1.tgz. Extracting by manifest.
221 silly tarball no local data for lodash.merge@https://registry.npmjs.org/lodash.merge/-/lodash.merge-4.6.2.tgz. Extracting by manifest.
222 silly tarball no local data for lighthouse-logger@https://registry.npmjs.org/lighthouse-logger/-/lighthouse-logger-1.4.2.tgz. Extracting by manifest.
223 silly tarball no local data for lan-network@https://registry.npmjs.org/lan-network/-/lan-network-0.2.1.tgz. Extracting by manifest.
224 silly tarball no local data for kleur@https://registry.npmjs.org/kleur/-/kleur-3.0.3.tgz. Extracting by manifest.
225 silly tarball no local data for jsx-ast-utils@https://registry.npmjs.org/jsx-ast-utils/-/jsx-ast-utils-3.3.5.tgz. Extracting by manifest.
226 silly tarball no local data for jsdom@https://registry.npmjs.org/jsdom/-/jsdom-20.0.3.tgz. Extracting by manifest.
227 silly tarball no local data for jsc-safe-url@https://registry.npmjs.org/jsc-safe-url/-/jsc-safe-url-0.2.4.tgz. Extracting by manifest.
228 silly tarball no local data for jimp-compact@https://registry.npmjs.org/jimp-compact/-/jimp-compact-0.16.1.tgz. Extracting by manifest.
229 silly tarball no local data for jest-worker@https://registry.npmjs.org/jest-worker/-/jest-worker-29.7.0.tgz. Extracting by manifest.
230 silly tarball no local data for jest-watcher@https://registry.npmjs.org/jest-watcher/-/jest-watcher-29.7.0.tgz. Extracting by manifest.
231 silly tarball no local data for jest-watch-typeahead@https://registry.npmjs.org/jest-watch-typeahead/-/jest-watch-typeahead-2.2.1.tgz. Extracting by manifest.
232 silly tarball no local data for jest-watch-select-projects@https://registry.npmjs.org/jest-watch-select-projects/-/jest-watch-select-projects-2.0.0.tgz. Extracting by manifest.
233 silly tarball no local data for jest-validate@https://registry.npmjs.org/jest-validate/-/jest-validate-29.7.0.tgz. Extracting by manifest.
234 silly tarball no local data for jest-util@https://registry.npmjs.org/jest-util/-/jest-util-29.7.0.tgz. Extracting by manifest.
235 silly tarball no local data for jest-snapshot@https://registry.npmjs.org/jest-snapshot/-/jest-snapshot-29.7.0.tgz. Extracting by manifest.
236 silly tarball no local data for jest-runtime@https://registry.npmjs.org/jest-runtime/-/jest-runtime-29.7.0.tgz. Extracting by manifest.
237 silly tarball no local data for jest-runner@https://registry.npmjs.org/jest-runner/-/jest-runner-29.7.0.tgz. Extracting by manifest.
238 silly tarball no local data for jest-resolve-dependencies@https://registry.npmjs.org/jest-resolve-dependencies/-/jest-resolve-dependencies-29.7.0.tgz. Extracting by manifest.
239 silly tarball no local data for jest-resolve@https://registry.npmjs.org/jest-resolve/-/jest-resolve-29.7.0.tgz. Extracting by manifest.
240 silly tarball no local data for jest-regex-util@https://registry.npmjs.org/jest-regex-util/-/jest-regex-util-29.6.3.tgz. Extracting by manifest.
241 silly tarball no local data for jest-mock@https://registry.npmjs.org/jest-mock/-/jest-mock-29.7.0.tgz. Extracting by manifest.
242 silly tarball no local data for jest-message-util@https://registry.npmjs.org/jest-message-util/-/jest-message-util-29.7.0.tgz. Extracting by manifest.
243 silly tarball no local data for jest-leak-detector@https://registry.npmjs.org/jest-leak-detector/-/jest-leak-detector-29.7.0.tgz. Extracting by manifest.
244 silly tarball no local data for jest-haste-map@https://registry.npmjs.org/jest-haste-map/-/jest-haste-map-29.7.0.tgz. Extracting by manifest.
245 silly tarball no local data for jest-get-type@https://registry.npmjs.org/jest-get-type/-/jest-get-type-29.6.3.tgz. Extracting by manifest.
246 silly tarball no local data for jest-expo@https://registry.npmjs.org/jest-expo/-/jest-expo-56.0.4.tgz. Extracting by manifest.
247 silly tarball no local data for jest-environment-node@https://registry.npmjs.org/jest-environment-node/-/jest-environment-node-29.7.0.tgz. Extracting by manifest.
248 silly tarball no local data for jest-environment-jsdom@https://registry.npmjs.org/jest-environment-jsdom/-/jest-environment-jsdom-29.7.0.tgz. Extracting by manifest.
249 silly tarball no local data for jest-each@https://registry.npmjs.org/jest-each/-/jest-each-29.7.0.tgz. Extracting by manifest.
250 silly tarball no local data for jest-docblock@https://registry.npmjs.org/jest-docblock/-/jest-docblock-29.7.0.tgz. Extracting by manifest.
251 silly tarball no local data for jest-config@https://registry.npmjs.org/jest-config/-/jest-config-29.7.0.tgz. Extracting by manifest.
252 silly tarball no local data for jest-cli@https://registry.npmjs.org/jest-cli/-/jest-cli-29.7.0.tgz. Extracting by manifest.
253 silly tarball no local data for jest-circus@https://registry.npmjs.org/jest-circus/-/jest-circus-29.7.0.tgz. Extracting by manifest.
254 silly tarball no local data for jest-changed-files@https://registry.npmjs.org/jest-changed-files/-/jest-changed-files-29.7.0.tgz. Extracting by manifest.
255 silly tarball no local data for jest@https://registry.npmjs.org/jest/-/jest-29.7.0.tgz. Extracting by manifest.
256 silly tarball no local data for iterator.prototype@https://registry.npmjs.org/iterator.prototype/-/iterator.prototype-1.1.5.tgz. Extracting by manifest.
257 silly tarball no local data for istanbul-lib-source-maps@https://registry.npmjs.org/istanbul-lib-source-maps/-/istanbul-lib-source-maps-4.0.1.tgz. Extracting by manifest.
258 silly tarball no local data for istanbul-lib-instrument@https://registry.npmjs.org/istanbul-lib-instrument/-/istanbul-lib-instrument-5.2.1.tgz. Extracting by manifest.
259 silly tarball no local data for is-wsl@https://registry.npmjs.org/is-wsl/-/is-wsl-2.2.0.tgz. Extracting by manifest.
260 silly tarball no local data for is-weakref@https://registry.npmjs.org/is-weakref/-/is-weakref-1.1.1.tgz. Extracting by manifest.
261 silly tarball no local data for is-typed-array@https://registry.npmjs.org/is-typed-array/-/is-typed-array-1.1.15.tgz. Extracting by manifest.
262 silly tarball no local data for is-potential-custom-element-name@https://registry.npmjs.org/is-potential-custom-element-name/-/is-potential-custom-element-name-1.0.1.tgz. Extracting by manifest.
263 silly tarball no local data for is-path-inside@https://registry.npmjs.org/is-path-inside/-/is-path-inside-3.0.3.tgz. Extracting by manifest.
264 silly tarball no local data for is-negative-zero@https://registry.npmjs.org/is-negative-zero/-/is-negative-zero-2.0.3.tgz. Extracting by manifest.
265 silly tarball no local data for is-generator-function@https://registry.npmjs.org/is-generator-function/-/is-generator-function-1.1.2.tgz. Extracting by manifest.
266 silly tarball no local data for is-finalizationregistry@https://registry.npmjs.org/is-finalizationregistry/-/is-finalizationregistry-1.1.1.tgz. Extracting by manifest.
267 silly tarball no local data for is-docker@https://registry.npmjs.org/is-docker/-/is-docker-2.2.1.tgz. Extracting by manifest.
268 silly tarball no local data for is-data-view@https://registry.npmjs.org/is-data-view/-/is-data-view-1.0.2.tgz. Extracting by manifest.
269 silly tarball no local data for is-async-function@https://registry.npmjs.org/is-async-function/-/is-async-function-2.1.1.tgz. Extracting by manifest.
270 silly tarball no local data for invariant@https://registry.npmjs.org/invariant/-/invariant-2.2.4.tgz. Extracting by manifest.
271 silly tarball no local data for inline-style-prefixer@https://registry.npmjs.org/inline-style-prefixer/-/inline-style-prefixer-7.0.1.tgz. Extracting by manifest.
272 silly tarball no local data for indent-string@https://registry.npmjs.org/indent-string/-/indent-string-4.0.0.tgz. Extracting by manifest.
273 silly tarball no local data for image-size@https://registry.npmjs.org/image-size/-/image-size-1.2.1.tgz. Extracting by manifest.
274 silly tarball no local data for idb@https://registry.npmjs.org/idb/-/idb-8.0.3.tgz. Extracting by manifest.
275 silly tarball no local data for iconv-lite@https://registry.npmjs.org/iconv-lite/-/iconv-lite-0.6.3.tgz. Extracting by manifest.
276 silly tarball no local data for hyphenate-style-name@https://registry.npmjs.org/hyphenate-style-name/-/hyphenate-style-name-1.1.0.tgz. Extracting by manifest.
277 silly tarball no local data for html2canvas@https://registry.npmjs.org/html2canvas/-/html2canvas-1.4.1.tgz. Extracting by manifest.
278 silly tarball no local data for html-encoding-sniffer@https://registry.npmjs.org/html-encoding-sniffer/-/html-encoding-sniffer-3.0.0.tgz. Extracting by manifest.
279 silly tarball no local data for hosted-git-info@https://registry.npmjs.org/hosted-git-info/-/hosted-git-info-7.0.2.tgz. Extracting by manifest.
280 silly tarball no local data for hoist-non-react-statics@https://registry.npmjs.org/hoist-non-react-statics/-/hoist-non-react-statics-3.3.2.tgz. Extracting by manifest.
281 silly tarball no local data for hermes-parser@https://registry.npmjs.org/hermes-parser/-/hermes-parser-0.33.3.tgz. Extracting by manifest.
282 silly tarball no local data for hermes-estree@https://registry.npmjs.org/hermes-estree/-/hermes-estree-0.33.3.tgz. Extracting by manifest.
283 silly tarball no local data for hermes-compiler@https://registry.npmjs.org/hermes-compiler/-/hermes-compiler-250829098.0.10.tgz. Extracting by manifest.
284 silly tarball no local data for has-proto@https://registry.npmjs.org/has-proto/-/has-proto-1.2.0.tgz. Extracting by manifest.
285 silly tarball no local data for graphemer@https://registry.npmjs.org/graphemer/-/graphemer-1.4.0.tgz. Extracting by manifest.
286 silly tarball no local data for globby@https://registry.npmjs.org/globby/-/globby-11.1.0.tgz. Extracting by manifest.
287 silly tarball no local data for globalthis@https://registry.npmjs.org/globalthis/-/globalthis-1.0.4.tgz. Extracting by manifest.
288 silly tarball no local data for globals@https://registry.npmjs.org/globals/-/globals-13.24.0.tgz. Extracting by manifest.
289 silly tarball no local data for getenv@https://registry.npmjs.org/getenv/-/getenv-2.0.0.tgz. Extracting by manifest.
290 silly tarball no local data for get-symbol-description@https://registry.npmjs.org/get-symbol-description/-/get-symbol-description-1.1.0.tgz. Extracting by manifest.
291 silly tarball no local data for generator-function@https://registry.npmjs.org/generator-function/-/generator-function-2.0.1.tgz. Extracting by manifest.
292 silly tarball no local data for function.prototype.name@https://registry.npmjs.org/function.prototype.name/-/function.prototype.name-1.1.8.tgz. Extracting by manifest.
293 silly tarball no local data for fresh@https://registry.npmjs.org/fresh/-/fresh-0.5.2.tgz. Extracting by manifest.
294 silly tarball no local data for fontfaceobserver@https://registry.npmjs.org/fontfaceobserver/-/fontfaceobserver-2.3.0.tgz. Extracting by manifest.
295 silly tarball no local data for flow-enums-runtime@https://registry.npmjs.org/flow-enums-runtime/-/flow-enums-runtime-0.0.6.tgz. Extracting by manifest.
296 silly tarball no local data for flat-cache@https://registry.npmjs.org/flat-cache/-/flat-cache-3.2.0.tgz. Extracting by manifest.
297 silly tarball no local data for finalhandler@https://registry.npmjs.org/finalhandler/-/finalhandler-1.1.2.tgz. Extracting by manifest.
298 silly tarball no local data for filter-obj@https://registry.npmjs.org/filter-obj/-/filter-obj-1.1.0.tgz. Extracting by manifest.
299 silly tarball no local data for file-entry-cache@https://registry.npmjs.org/file-entry-cache/-/file-entry-cache-6.0.1.tgz. Extracting by manifest.
300 silly tarball no local data for fetch-nodeshim@https://registry.npmjs.org/fetch-nodeshim/-/fetch-nodeshim-0.4.10.tgz. Extracting by manifest.
301 silly tarball no local data for fbjs-css-vars@https://registry.npmjs.org/fbjs-css-vars/-/fbjs-css-vars-1.0.2.tgz. Extracting by manifest.
302 silly tarball no local data for fbjs@https://registry.npmjs.org/fbjs/-/fbjs-3.0.5.tgz. Extracting by manifest.
303 silly tarball no local data for fb-dotslash@https://registry.npmjs.org/fb-dotslash/-/fb-dotslash-0.5.8.tgz. Extracting by manifest.
304 silly tarball no local data for fastq@https://registry.npmjs.org/fastq/-/fastq-1.20.1.tgz. Extracting by manifest.
305 silly tarball no local data for fast-base64-decode@https://registry.npmjs.org/fast-base64-decode/-/fast-base64-decode-1.0.0.tgz. Extracting by manifest.
306 silly tarball no local data for exponential-backoff@https://registry.npmjs.org/exponential-backoff/-/exponential-backoff-3.1.3.tgz. Extracting by manifest.
307 silly tarball no local data for expo-web-browser@https://registry.npmjs.org/expo-web-browser/-/expo-web-browser-56.0.5.tgz. Extracting by manifest.
308 silly tarball no local data for expo-video@https://registry.npmjs.org/expo-video/-/expo-video-56.1.4.tgz. Extracting by manifest.
309 silly tarball no local data for expo-status-bar@https://registry.npmjs.org/expo-status-bar/-/expo-status-bar-56.0.4.tgz. Extracting by manifest.
310 silly tarball no local data for expo-sqlite@https://registry.npmjs.org/expo-sqlite/-/expo-sqlite-56.0.5.tgz. Extracting by manifest.
311 silly tarball no local data for expo-splash-screen@https://registry.npmjs.org/expo-splash-screen/-/expo-splash-screen-56.0.10.tgz. Extracting by manifest.
312 silly tarball no local data for expo-sharing@https://registry.npmjs.org/expo-sharing/-/expo-sharing-56.0.18.tgz. Extracting by manifest.
313 silly tarball no local data for expo-server@https://registry.npmjs.org/expo-server/-/expo-server-56.0.5.tgz. Extracting by manifest.
314 silly tarball no local data for expo-secure-store@https://registry.npmjs.org/expo-secure-store/-/expo-secure-store-56.0.4.tgz. Extracting by manifest.
315 silly tarball no local data for expo-notifications@https://registry.npmjs.org/expo-notifications/-/expo-notifications-56.0.18.tgz. Extracting by manifest.
316 silly tarball no local data for expo-modules-jsi@https://registry.npmjs.org/expo-modules-jsi/-/expo-modules-jsi-56.0.10.tgz. Extracting by manifest.
317 silly tarball no local data for expo-modules-core@https://registry.npmjs.org/expo-modules-core/-/expo-modules-core-56.0.17.tgz. Extracting by manifest.
318 silly tarball no local data for expo-modules-autolinking@https://registry.npmjs.org/expo-modules-autolinking/-/expo-modules-autolinking-56.0.16.tgz. Extracting by manifest.
319 silly tarball no local data for expo-localization@https://registry.npmjs.org/expo-localization/-/expo-localization-56.0.6.tgz. Extracting by manifest.
320 silly tarball no local data for expo-local-authentication@https://registry.npmjs.org/expo-local-authentication/-/expo-local-authentication-56.0.4.tgz. Extracting by manifest.
321 silly tarball no local data for expo-linking@https://registry.npmjs.org/expo-linking/-/expo-linking-56.0.14.tgz. Extracting by manifest.
322 silly tarball no local data for expo-linear-gradient@https://registry.npmjs.org/expo-linear-gradient/-/expo-linear-gradient-56.0.4.tgz. Extracting by manifest.
323 silly tarball no local data for expo-keep-awake@https://registry.npmjs.org/expo-keep-awake/-/expo-keep-awake-56.0.3.tgz. Extracting by manifest.
324 silly tarball no local data for expo-haptics@https://registry.npmjs.org/expo-haptics/-/expo-haptics-56.0.3.tgz. Extracting by manifest.
325 silly tarball no local data for expo-font@https://registry.npmjs.org/expo-font/-/expo-font-56.0.7.tgz. Extracting by manifest.
326 silly tarball no local data for expo-file-system@https://registry.npmjs.org/expo-file-system/-/expo-file-system-56.0.8.tgz. Extracting by manifest.
327 silly tarball no local data for expo-document-picker@https://registry.npmjs.org/expo-document-picker/-/expo-document-picker-56.0.4.tgz. Extracting by manifest.
328 silly tarball no local data for expo-device@https://registry.npmjs.org/expo-device/-/expo-device-56.0.4.tgz. Extracting by manifest.
329 silly tarball no local data for expo-crypto@https://registry.npmjs.org/expo-crypto/-/expo-crypto-56.0.4.tgz. Extracting by manifest.
330 silly tarball no local data for expo-constants@https://registry.npmjs.org/expo-constants/-/expo-constants-56.0.18.tgz. Extracting by manifest.
331 silly tarball no local data for expo-clipboard@https://registry.npmjs.org/expo-clipboard/-/expo-clipboard-56.0.4.tgz. Extracting by manifest.
332 silly tarball no local data for expo-auth-session@https://registry.npmjs.org/expo-auth-session/-/expo-auth-session-56.0.14.tgz. Extracting by manifest.
333 silly tarball no local data for expo-asset@https://registry.npmjs.org/expo-asset/-/expo-asset-56.0.17.tgz. Extracting by manifest.
334 silly tarball no local data for expo-application@https://registry.npmjs.org/expo-application/-/expo-application-56.0.3.tgz. Extracting by manifest.
335 silly tarball no local data for expo-apple-authentication@https://registry.npmjs.org/expo-apple-authentication/-/expo-apple-authentication-56.0.4.tgz. Extracting by manifest.
336 silly tarball no local data for expo@https://registry.npmjs.org/expo/-/expo-56.0.12.tgz. Extracting by manifest.
337 silly tarball no local data for expect@https://registry.npmjs.org/expect/-/expect-29.7.0.tgz. Extracting by manifest.
338 silly tarball no local data for exit@https://registry.npmjs.org/exit/-/exit-0.1.2.tgz. Extracting by manifest.
339 silly tarball no local data for eventemitter3@https://registry.npmjs.org/eventemitter3/-/eventemitter3-5.0.4.tgz. Extracting by manifest.
340 silly tarball no local data for event-target-shim@https://registry.npmjs.org/event-target-shim/-/event-target-shim-5.0.1.tgz. Extracting by manifest.
341 silly tarball no local data for espree@https://registry.npmjs.org/espree/-/espree-9.6.1.tgz. Extracting by manifest.
342 silly tarball no local data for eslint-scope@https://registry.npmjs.org/eslint-scope/-/eslint-scope-7.2.2.tgz. Extracting by manifest.
343 silly tarball no local data for eslint-plugin-react-hooks@https://registry.npmjs.org/eslint-plugin-react-hooks/-/eslint-plugin-react-hooks-4.6.2.tgz. Extracting by manifest.
344 silly tarball no local data for eslint-plugin-react@https://registry.npmjs.org/eslint-plugin-react/-/eslint-plugin-react-7.37.5.tgz. Extracting by manifest.
345 silly tarball no local data for eslint@https://registry.npmjs.org/eslint/-/eslint-8.57.1.tgz. Extracting by manifest.
346 silly tarball no local data for escodegen@https://registry.npmjs.org/escodegen/-/escodegen-2.1.0.tgz. Extracting by manifest.
347 silly tarball no local data for es-to-primitive@https://registry.npmjs.org/es-to-primitive/-/es-to-primitive-1.3.0.tgz. Extracting by manifest.
348 silly tarball no local data for es-shim-unscopables@https://registry.npmjs.org/es-shim-unscopables/-/es-shim-unscopables-1.1.0.tgz. Extracting by manifest.
349 silly tarball no local data for es-iterator-helpers@https://registry.npmjs.org/es-iterator-helpers/-/es-iterator-helpers-1.3.2.tgz. Extracting by manifest.
350 silly tarball no local data for es-abstract@https://registry.npmjs.org/es-abstract/-/es-abstract-1.24.2.tgz. Extracting by manifest.
351 silly tarball no local data for error-stack-parser@https://registry.npmjs.org/error-stack-parser/-/error-stack-parser-2.1.4.tgz. Extracting by manifest.
352 silly tarball no local data for entities@https://registry.npmjs.org/entities/-/entities-6.0.1.tgz. Extracting by manifest.
353 silly tarball no local data for encodeurl@https://registry.npmjs.org/encodeurl/-/encodeurl-1.0.2.tgz. Extracting by manifest.
354 silly tarball no local data for electron-to-chromium@https://registry.npmjs.org/electron-to-chromium/-/electron-to-chromium-1.5.361.tgz. Extracting by manifest.
355 silly tarball no local data for domutils@https://registry.npmjs.org/domutils/-/domutils-3.2.2.tgz. Extracting by manifest.
356 silly tarball no local data for domhandler@https://registry.npmjs.org/domhandler/-/domhandler-5.0.3.tgz. Extracting by manifest.
357 silly tarball no local data for domexception@https://registry.npmjs.org/domexception/-/domexception-4.0.0.tgz. Extracting by manifest.
358 silly tarball no local data for domelementtype@https://registry.npmjs.org/domelementtype/-/domelementtype-2.3.0.tgz. Extracting by manifest.
359 silly tarball no local data for dom-serializer@https://registry.npmjs.org/dom-serializer/-/dom-serializer-2.0.0.tgz. Extracting by manifest.
360 silly tarball no local data for doctrine@https://registry.npmjs.org/doctrine/-/doctrine-3.0.0.tgz. Extracting by manifest.
361 silly tarball no local data for dnssd-advertise@https://registry.npmjs.org/dnssd-advertise/-/dnssd-advertise-1.1.6.tgz. Extracting by manifest.
362 silly tarball no local data for dir-glob@https://registry.npmjs.org/dir-glob/-/dir-glob-3.0.1.tgz. Extracting by manifest.
363 silly tarball no local data for diff-sequences@https://registry.npmjs.org/diff-sequences/-/diff-sequences-29.6.3.tgz. Extracting by manifest.
364 silly tarball no local data for destroy@https://registry.npmjs.org/destroy/-/destroy-1.2.0.tgz. Extracting by manifest.
365 silly tarball no local data for decode-uri-component@https://registry.npmjs.org/decode-uri-component/-/decode-uri-component-0.2.2.tgz. Extracting by manifest.
366 silly tarball no local data for decimal.js@https://registry.npmjs.org/decimal.js/-/decimal.js-10.6.0.tgz. Extracting by manifest.
367 silly tarball no local data for data-view-byte-offset@https://registry.npmjs.org/data-view-byte-offset/-/data-view-byte-offset-1.0.1.tgz. Extracting by manifest.
368 silly tarball no local data for data-view-byte-length@https://registry.npmjs.org/data-view-byte-length/-/data-view-byte-length-1.0.2.tgz. Extracting by manifest.
369 silly tarball no local data for data-view-buffer@https://registry.npmjs.org/data-view-buffer/-/data-view-buffer-1.0.2.tgz. Extracting by manifest.
370 silly tarball no local data for data-urls@https://registry.npmjs.org/data-urls/-/data-urls-3.0.2.tgz. Extracting by manifest.
371 silly tarball no local data for cssstyle@https://registry.npmjs.org/cssstyle/-/cssstyle-2.3.0.tgz. Extracting by manifest.
372 silly tarball no local data for cssom@https://registry.npmjs.org/cssom/-/cssom-0.5.0.tgz. Extracting by manifest.
373 silly tarball no local data for css-what@https://registry.npmjs.org/css-what/-/css-what-6.2.2.tgz. Extracting by manifest.
374 silly tarball no local data for css-tree@https://registry.npmjs.org/css-tree/-/css-tree-1.1.3.tgz. Extracting by manifest.
375 silly tarball no local data for css-select@https://registry.npmjs.org/css-select/-/css-select-5.2.2.tgz. Extracting by manifest.
376 silly tarball no local data for css-line-break@https://registry.npmjs.org/css-line-break/-/css-line-break-2.1.0.tgz. Extracting by manifest.
377 silly tarball no local data for css-in-js-utils@https://registry.npmjs.org/css-in-js-utils/-/css-in-js-utils-3.1.0.tgz. Extracting by manifest.
378 silly tarball no local data for cross-fetch@https://registry.npmjs.org/cross-fetch/-/cross-fetch-3.2.0.tgz. Extracting by manifest.
379 silly tarball no local data for crisp-sdk-react-native@https://registry.npmjs.org/crisp-sdk-react-native/-/crisp-sdk-react-native-0.2.1.tgz. Extracting by manifest.
380 silly tarball no local data for create-jest@https://registry.npmjs.org/create-jest/-/create-jest-29.7.0.tgz. Extracting by manifest.
381 silly tarball no local data for connect@https://registry.npmjs.org/connect/-/connect-3.7.0.tgz. Extracting by manifest.
382 silly tarball no local data for compression@https://registry.npmjs.org/compression/-/compression-1.8.1.tgz. Extracting by manifest.
383 silly tarball no local data for compressible@https://registry.npmjs.org/compressible/-/compressible-2.0.18.tgz. Extracting by manifest.
384 silly tarball no local data for commander@https://registry.npmjs.org/commander/-/commander-7.2.0.tgz. Extracting by manifest.
385 silly tarball no local data for color-string@https://registry.npmjs.org/color-string/-/color-string-1.9.1.tgz. Extracting by manifest.
386 silly tarball no local data for color@https://registry.npmjs.org/color/-/color-4.2.3.tgz. Extracting by manifest.
387 silly tarball no local data for cli-cursor@https://registry.npmjs.org/cli-cursor/-/cli-cursor-2.1.0.tgz. Extracting by manifest.
388 silly tarball no local data for cjs-module-lexer@https://registry.npmjs.org/cjs-module-lexer/-/cjs-module-lexer-1.4.3.tgz. Extracting by manifest.
389 silly tarball no local data for ci-info@https://registry.npmjs.org/ci-info/-/ci-info-3.9.0.tgz. Extracting by manifest.
390 silly tarball no local data for chromium-edge-launcher@https://registry.npmjs.org/chromium-edge-launcher/-/chromium-edge-launcher-0.3.0.tgz. Extracting by manifest.
391 silly tarball no local data for chrome-launcher@https://registry.npmjs.org/chrome-launcher/-/chrome-launcher-0.15.2.tgz. Extracting by manifest.
392 silly tarball no local data for caniuse-lite@https://registry.npmjs.org/caniuse-lite/-/caniuse-lite-1.0.30001793.tgz. Extracting by manifest.
393 silly tarball no local data for bplist-parser@https://registry.npmjs.org/bplist-parser/-/bplist-parser-0.3.2.tgz. Extracting by manifest.
394 silly tarball no local data for bplist-creator@https://registry.npmjs.org/bplist-creator/-/bplist-creator-0.1.0.tgz. Extracting by manifest.
395 silly tarball no local data for boolbase@https://registry.npmjs.org/boolbase/-/boolbase-1.0.0.tgz. Extracting by manifest.
396 silly tarball no local data for big-integer@https://registry.npmjs.org/big-integer/-/big-integer-1.6.52.tgz. Extracting by manifest.
397 silly tarball no local data for baseline-browser-mapping@https://registry.npmjs.org/baseline-browser-mapping/-/baseline-browser-mapping-2.10.32.tgz. Extracting by manifest.
398 silly tarball no local data for base64-arraybuffer@https://registry.npmjs.org/base64-arraybuffer/-/base64-arraybuffer-1.0.2.tgz. Extracting by manifest.
399 silly tarball no local data for badgin@https://registry.npmjs.org/badgin/-/badgin-1.2.3.tgz. Extracting by manifest.
400 silly tarball no local data for babel-preset-jest@https://registry.npmjs.org/babel-preset-jest/-/babel-preset-jest-29.6.3.tgz. Extracting by manifest.
401 silly tarball no local data for babel-preset-expo@https://registry.npmjs.org/babel-preset-expo/-/babel-preset-expo-56.0.15.tgz. Extracting by manifest.
402 silly tarball no local data for babel-plugin-transform-flow-enums@https://registry.npmjs.org/babel-plugin-transform-flow-enums/-/babel-plugin-transform-flow-enums-0.0.2.tgz. Extracting by manifest.
403 silly tarball no local data for babel-plugin-syntax-hermes-parser@https://registry.npmjs.org/babel-plugin-syntax-hermes-parser/-/babel-plugin-syntax-hermes-parser-0.33.3.tgz. Extracting by manifest.
404 silly tarball no local data for babel-plugin-react-native-web@https://registry.npmjs.org/babel-plugin-react-native-web/-/babel-plugin-react-native-web-0.21.2.tgz. Extracting by manifest.
405 silly tarball no local data for babel-plugin-react-compiler@https://registry.npmjs.org/babel-plugin-react-compiler/-/babel-plugin-react-compiler-1.0.0.tgz. Extracting by manifest.
406 silly tarball no local data for babel-plugin-polyfill-corejs3@https://registry.npmjs.org/babel-plugin-polyfill-corejs3/-/babel-plugin-polyfill-corejs3-0.13.0.tgz. Extracting by manifest.
407 silly tarball no local data for babel-plugin-jest-hoist@https://registry.npmjs.org/babel-plugin-jest-hoist/-/babel-plugin-jest-hoist-29.6.3.tgz. Extracting by manifest.
408 silly tarball no local data for babel-plugin-istanbul@https://registry.npmjs.org/babel-plugin-istanbul/-/babel-plugin-istanbul-6.1.1.tgz. Extracting by manifest.
409 silly tarball no local data for babel-jest@https://registry.npmjs.org/babel-jest/-/babel-jest-29.7.0.tgz. Extracting by manifest.
410 silly tarball no local data for axios@https://registry.npmjs.org/axios/-/axios-1.16.1.tgz. Extracting by manifest.
411 silly tarball no local data for await-lock@https://registry.npmjs.org/await-lock/-/await-lock-2.2.2.tgz. Extracting by manifest.
412 silly tarball no local data for async-function@https://registry.npmjs.org/async-function/-/async-function-1.0.0.tgz. Extracting by manifest.
413 silly tarball no local data for asap@https://registry.npmjs.org/asap/-/asap-2.0.6.tgz. Extracting by manifest.
414 silly tarball no local data for arraybuffer.prototype.slice@https://registry.npmjs.org/arraybuffer.prototype.slice/-/arraybuffer.prototype.slice-1.0.4.tgz. Extracting by manifest.
415 silly tarball no local data for array.prototype.tosorted@https://registry.npmjs.org/array.prototype.tosorted/-/array.prototype.tosorted-1.1.4.tgz. Extracting by manifest.
416 silly tarball no local data for array.prototype.flatmap@https://registry.npmjs.org/array.prototype.flatmap/-/array.prototype.flatmap-1.3.3.tgz. Extracting by manifest.
417 silly tarball no local data for array.prototype.flat@https://registry.npmjs.org/array.prototype.flat/-/array.prototype.flat-1.3.3.tgz. Extracting by manifest.
418 silly tarball no local data for array.prototype.findlast@https://registry.npmjs.org/array.prototype.findlast/-/array.prototype.findlast-1.2.5.tgz. Extracting by manifest.
419 silly tarball no local data for array-union@https://registry.npmjs.org/array-union/-/array-union-2.1.0.tgz. Extracting by manifest.
420 silly tarball no local data for array-includes@https://registry.npmjs.org/array-includes/-/array-includes-3.1.9.tgz. Extracting by manifest.
421 silly tarball no local data for anser@https://registry.npmjs.org/anser/-/anser-1.4.10.tgz. Extracting by manifest.
422 silly tarball no local data for acorn-globals@https://registry.npmjs.org/acorn-globals/-/acorn-globals-7.0.1.tgz. Extracting by manifest.
423 silly tarball no local data for accepts@https://registry.npmjs.org/accepts/-/accepts-1.3.8.tgz. Extracting by manifest.
424 silly tarball no local data for abort-controller@https://registry.npmjs.org/abort-controller/-/abort-controller-3.0.0.tgz. Extracting by manifest.
425 silly tarball no local data for abab@https://registry.npmjs.org/abab/-/abab-2.0.6.tgz. Extracting by manifest.
426 silly tarball no local data for @xmldom/xmldom@https://registry.npmjs.org/@xmldom/xmldom/-/xmldom-0.8.13.tgz. Extracting by manifest.
427 silly tarball no local data for @ungap/structured-clone@https://registry.npmjs.org/@ungap/structured-clone/-/structured-clone-1.3.1.tgz. Extracting by manifest.
428 silly tarball no local data for @typescript-eslint/visitor-keys@https://registry.npmjs.org/@typescript-eslint/visitor-keys/-/visitor-keys-7.18.0.tgz. Extracting by manifest.
429 silly tarball no local data for @typescript-eslint/utils@https://registry.npmjs.org/@typescript-eslint/utils/-/utils-7.18.0.tgz. Extracting by manifest.
430 silly tarball no local data for @typescript-eslint/typescript-estree@https://registry.npmjs.org/@typescript-eslint/typescript-estree/-/typescript-estree-7.18.0.tgz. Extracting by manifest.
431 silly tarball no local data for @typescript-eslint/types@https://registry.npmjs.org/@typescript-eslint/types/-/types-7.18.0.tgz. Extracting by manifest.
432 silly tarball no local data for @typescript-eslint/type-utils@https://registry.npmjs.org/@typescript-eslint/type-utils/-/type-utils-7.18.0.tgz. Extracting by manifest.
433 silly tarball no local data for @typescript-eslint/scope-manager@https://registry.npmjs.org/@typescript-eslint/scope-manager/-/scope-manager-7.18.0.tgz. Extracting by manifest.
434 silly tarball no local data for @typescript-eslint/parser@https://registry.npmjs.org/@typescript-eslint/parser/-/parser-7.18.0.tgz. Extracting by manifest.
435 silly tarball no local data for @typescript-eslint/eslint-plugin@https://registry.npmjs.org/@typescript-eslint/eslint-plugin/-/eslint-plugin-7.18.0.tgz. Extracting by manifest.
436 silly tarball no local data for @types/tough-cookie@https://registry.npmjs.org/@types/tough-cookie/-/tough-cookie-4.0.5.tgz. Extracting by manifest.
437 silly tarball no local data for @types/react-test-renderer@https://registry.npmjs.org/@types/react-test-renderer/-/react-test-renderer-19.1.0.tgz. Extracting by manifest.
438 silly tarball no local data for @types/react-reconciler@https://registry.npmjs.org/@types/react-reconciler/-/react-reconciler-0.33.0.tgz. Extracting by manifest.
439 silly tarball no local data for @types/react@https://registry.npmjs.org/@types/react/-/react-19.2.15.tgz. Extracting by manifest.
440 silly tarball no local data for @types/node@https://registry.npmjs.org/@types/node/-/node-25.9.1.tgz. Extracting by manifest.
441 silly tarball no local data for @types/jsdom@https://registry.npmjs.org/@types/jsdom/-/jsdom-20.0.1.tgz. Extracting by manifest.
442 silly tarball no local data for @types/jest@https://registry.npmjs.org/@types/jest/-/jest-29.5.14.tgz. Extracting by manifest.
443 silly tarball no local data for @types/hammerjs@https://registry.npmjs.org/@types/hammerjs/-/hammerjs-2.0.46.tgz. Extracting by manifest.
444 silly tarball no local data for @types/graceful-fs@https://registry.npmjs.org/@types/graceful-fs/-/graceful-fs-4.1.9.tgz. Extracting by manifest.
445 silly tarball no local data for @testing-library/react-native@https://registry.npmjs.org/@testing-library/react-native/-/react-native-14.0.0.tgz. Extracting by manifest.
446 silly tarball no local data for @tanstack/react-query-persist-client@https://registry.npmjs.org/@tanstack/react-query-persist-client/-/react-query-persist-client-5.100.14.tgz. Extracting by manifest.
447 silly tarball no local data for @tanstack/query-persist-client-core@https://registry.npmjs.org/@tanstack/query-persist-client-core/-/query-persist-client-core-5.100.14.tgz. Extracting by manifest.
448 silly tarball no local data for @tanstack/query-core@https://registry.npmjs.org/@tanstack/query-core/-/query-core-5.100.14.tgz. Extracting by manifest.
449 silly tarball no local data for @tanstack/query-async-storage-persister@https://registry.npmjs.org/@tanstack/query-async-storage-persister/-/query-async-storage-persister-5.100.14.tgz. Extracting by manifest.
450 silly tarball no local data for @supabase/supabase-js@https://registry.npmjs.org/@supabase/supabase-js/-/supabase-js-2.106.1.tgz. Extracting by manifest.
451 silly tarball no local data for @supabase/storage-js@https://registry.npmjs.org/@supabase/storage-js/-/storage-js-2.106.1.tgz. Extracting by manifest.
452 silly tarball no local data for @supabase/realtime-js@https://registry.npmjs.org/@supabase/realtime-js/-/realtime-js-2.106.1.tgz. Extracting by manifest.
453 silly tarball no local data for @supabase/postgrest-js@https://registry.npmjs.org/@supabase/postgrest-js/-/postgrest-js-2.106.1.tgz. Extracting by manifest.
454 silly tarball no local data for @supabase/functions-js@https://registry.npmjs.org/@supabase/functions-js/-/functions-js-2.106.1.tgz. Extracting by manifest.
455 silly tarball no local data for @supabase/auth-js@https://registry.npmjs.org/@supabase/auth-js/-/auth-js-2.106.1.tgz. Extracting by manifest.
456 silly tarball no local data for @stripe/stripe-react-native@https://registry.npmjs.org/@stripe/stripe-react-native/-/stripe-react-native-0.64.0.tgz. Extracting by manifest.
457 silly tarball no local data for @sinonjs/fake-timers@https://registry.npmjs.org/@sinonjs/fake-timers/-/fake-timers-10.3.0.tgz. Extracting by manifest.
458 silly tarball no local data for @sinclair/typebox@https://registry.npmjs.org/@sinclair/typebox/-/typebox-0.27.10.tgz. Extracting by manifest.
459 silly tarball no local data for @sentry/types@https://registry.npmjs.org/@sentry/types/-/types-10.37.0.tgz. Extracting by manifest.
460 silly tarball no local data for @sentry/react-native@https://registry.npmjs.org/@sentry/react-native/-/react-native-7.11.0.tgz. Extracting by manifest.
461 silly tarball no local data for @tanstack/react-query@https://registry.npmjs.org/@tanstack/react-query/-/react-query-5.100.14.tgz. Extracting by manifest.
462 silly tarball no local data for @sentry/react@https://registry.npmjs.org/@sentry/react/-/react-10.37.0.tgz. Extracting by manifest.
463 silly tarball no local data for @sentry/core@https://registry.npmjs.org/@sentry/core/-/core-10.37.0.tgz. Extracting by manifest.
464 silly tarball no local data for @sentry/cli-linux-x64@https://registry.npmjs.org/@sentry/cli-linux-x64/-/cli-linux-x64-2.58.4.tgz. Extracting by manifest.
465 silly tarball no local data for @sentry/cli@https://registry.npmjs.org/@sentry/cli/-/cli-2.58.4.tgz. Extracting by manifest.
466 silly tarball no local data for @sentry/browser@https://registry.npmjs.org/@sentry/browser/-/browser-10.37.0.tgz. Extracting by manifest.
467 silly tarball no local data for @sentry/babel-plugin-component-annotate@https://registry.npmjs.org/@sentry/babel-plugin-component-annotate/-/babel-plugin-component-annotate-4.8.0.tgz. Extracting by manifest.
468 silly tarball no local data for @sentry-internal/replay-canvas@https://registry.npmjs.org/@sentry-internal/replay-canvas/-/replay-canvas-10.37.0.tgz. Extracting by manifest.
469 silly tarball no local data for @sentry-internal/replay@https://registry.npmjs.org/@sentry-internal/replay/-/replay-10.37.0.tgz. Extracting by manifest.
470 silly tarball no local data for @sentry-internal/feedback@https://registry.npmjs.org/@sentry-internal/feedback/-/feedback-10.37.0.tgz. Extracting by manifest.
471 silly tarball no local data for @sentry-internal/browser-utils@https://registry.npmjs.org/@sentry-internal/browser-utils/-/browser-utils-10.37.0.tgz. Extracting by manifest.
472 silly tarball no local data for @react-navigation/routers@https://registry.npmjs.org/@react-navigation/routers/-/routers-7.6.0.tgz. Extracting by manifest.
473 silly tarball no local data for @react-navigation/native-stack@https://registry.npmjs.org/@react-navigation/native-stack/-/native-stack-7.17.5.tgz. Extracting by manifest.
474 silly tarball no local data for @react-navigation/native@https://registry.npmjs.org/@react-navigation/native/-/native-7.3.3.tgz. Extracting by manifest.
475 silly tarball no local data for @react-navigation/elements@https://registry.npmjs.org/@react-navigation/elements/-/elements-2.9.25.tgz. Extracting by manifest.
476 silly tarball no local data for @react-navigation/core@https://registry.npmjs.org/@react-navigation/core/-/core-7.21.1.tgz. Extracting by manifest.
477 silly tarball no local data for @react-navigation/bottom-tabs@https://registry.npmjs.org/@react-navigation/bottom-tabs/-/bottom-tabs-7.18.2.tgz. Extracting by manifest.
478 silly tarball no local data for @react-native/virtualized-lists@https://registry.npmjs.org/@react-native/virtualized-lists/-/virtualized-lists-0.85.3.tgz. Extracting by manifest.
479 silly tarball no local data for @react-native/normalize-colors@https://registry.npmjs.org/@react-native/normalize-colors/-/normalize-colors-0.85.3.tgz. Extracting by manifest.
480 silly tarball no local data for @react-native/normalize-color@https://registry.npmjs.org/@react-native/normalize-color/-/normalize-color-2.1.0.tgz. Extracting by manifest.
481 silly tarball no local data for @react-native/metro-config@https://registry.npmjs.org/@react-native/metro-config/-/metro-config-0.85.3.tgz. Extracting by manifest.
482 silly tarball no local data for @react-native/metro-babel-transformer@https://registry.npmjs.org/@react-native/metro-babel-transformer/-/metro-babel-transformer-0.85.3.tgz. Extracting by manifest.
483 silly tarball no local data for @react-native/js-polyfills@https://registry.npmjs.org/@react-native/js-polyfills/-/js-polyfills-0.85.3.tgz. Extracting by manifest.
484 silly tarball no local data for @react-native/jest-preset@https://registry.npmjs.org/@react-native/jest-preset/-/jest-preset-0.85.3.tgz. Extracting by manifest.
485 silly tarball no local data for @react-native/gradle-plugin@https://registry.npmjs.org/@react-native/gradle-plugin/-/gradle-plugin-0.85.3.tgz. Extracting by manifest.
486 silly tarball no local data for @react-native/dev-middleware@https://registry.npmjs.org/@react-native/dev-middleware/-/dev-middleware-0.85.3.tgz. Extracting by manifest.
487 silly tarball no local data for @react-native/debugger-shell@https://registry.npmjs.org/@react-native/debugger-shell/-/debugger-shell-0.85.3.tgz. Extracting by manifest.
488 silly tarball no local data for @react-native/debugger-frontend@https://registry.npmjs.org/@react-native/debugger-frontend/-/debugger-frontend-0.85.3.tgz. Extracting by manifest.
489 silly tarball no local data for @react-native/community-cli-plugin@https://registry.npmjs.org/@react-native/community-cli-plugin/-/community-cli-plugin-0.85.3.tgz. Extracting by manifest.
490 silly tarball no local data for @react-native/codegen@https://registry.npmjs.org/@react-native/codegen/-/codegen-0.85.3.tgz. Extracting by manifest.
491 silly tarball no local data for @react-native/babel-preset@https://registry.npmjs.org/@react-native/babel-preset/-/babel-preset-0.85.3.tgz. Extracting by manifest.
492 silly tarball no local data for @react-native/babel-plugin-codegen@https://registry.npmjs.org/@react-native/babel-plugin-codegen/-/babel-plugin-codegen-0.85.3.tgz. Extracting by manifest.
493 silly tarball no local data for @react-native/assets-registry@https://registry.npmjs.org/@react-native/assets-registry/-/assets-registry-0.85.3.tgz. Extracting by manifest.
494 silly tarball no local data for @react-native-community/netinfo@https://registry.npmjs.org/@react-native-community/netinfo/-/netinfo-12.0.1.tgz. Extracting by manifest.
495 silly tarball no local data for @react-native-community/datetimepicker@https://registry.npmjs.org/@react-native-community/datetimepicker/-/datetimepicker-9.1.0.tgz. Extracting by manifest.
496 silly tarball no local data for @react-native-async-storage/async-storage@https://registry.npmjs.org/@react-native-async-storage/async-storage/-/async-storage-3.1.1.tgz. Extracting by manifest.
497 silly tarball no local data for @posthog/types@https://registry.npmjs.org/@posthog/types/-/types-1.376.0.tgz. Extracting by manifest.
498 silly tarball no local data for @posthog/core@https://registry.npmjs.org/@posthog/core/-/core-1.29.9.tgz. Extracting by manifest.
499 silly tarball no local data for @jest/types@https://registry.npmjs.org/@jest/types/-/types-29.6.3.tgz. Extracting by manifest.
500 silly tarball no local data for @jest/transform@https://registry.npmjs.org/@jest/transform/-/transform-29.7.0.tgz. Extracting by manifest.
501 silly tarball no local data for @jest/test-sequencer@https://registry.npmjs.org/@jest/test-sequencer/-/test-sequencer-29.7.0.tgz. Extracting by manifest.
502 silly tarball no local data for @jest/test-result@https://registry.npmjs.org/@jest/test-result/-/test-result-29.7.0.tgz. Extracting by manifest.
503 silly tarball no local data for @jest/source-map@https://registry.npmjs.org/@jest/source-map/-/source-map-29.6.3.tgz. Extracting by manifest.
504 silly tarball no local data for @jest/schemas@https://registry.npmjs.org/@jest/schemas/-/schemas-29.6.3.tgz. Extracting by manifest.
505 silly tarball no local data for @jest/reporters@https://registry.npmjs.org/@jest/reporters/-/reporters-29.7.0.tgz. Extracting by manifest.
506 silly tarball no local data for @jest/globals@https://registry.npmjs.org/@jest/globals/-/globals-29.7.0.tgz. Extracting by manifest.
507 silly tarball no local data for @jest/fake-timers@https://registry.npmjs.org/@jest/fake-timers/-/fake-timers-29.7.0.tgz. Extracting by manifest.
508 silly tarball no local data for @jest/expect-utils@https://registry.npmjs.org/@jest/expect-utils/-/expect-utils-29.7.0.tgz. Extracting by manifest.
509 silly tarball no local data for @jest/expect@https://registry.npmjs.org/@jest/expect/-/expect-29.7.0.tgz. Extracting by manifest.
510 silly tarball no local data for @jest/environment@https://registry.npmjs.org/@jest/environment/-/environment-29.7.0.tgz. Extracting by manifest.
511 silly tarball no local data for @jest/create-cache-key-function@https://registry.npmjs.org/@jest/create-cache-key-function/-/create-cache-key-function-29.7.0.tgz. Extracting by manifest.
512 silly tarball no local data for @jest/core@https://registry.npmjs.org/@jest/core/-/core-29.7.0.tgz. Extracting by manifest.
513 silly tarball no local data for @jest/console@https://registry.npmjs.org/@jest/console/-/console-29.7.0.tgz. Extracting by manifest.
514 silly tarball no local data for @isaacs/ttlcache@https://registry.npmjs.org/@isaacs/ttlcache/-/ttlcache-1.4.1.tgz. Extracting by manifest.
515 silly tarball no local data for @humanwhocodes/object-schema@https://registry.npmjs.org/@humanwhocodes/object-schema/-/object-schema-2.0.3.tgz. Extracting by manifest.
516 silly tarball no local data for @humanwhocodes/config-array@https://registry.npmjs.org/@humanwhocodes/config-array/-/config-array-0.13.0.tgz. Extracting by manifest.
517 silly tarball no local data for @expo/xcpretty@https://registry.npmjs.org/@expo/xcpretty/-/xcpretty-4.4.4.tgz. Extracting by manifest.
518 silly tarball no local data for @expo/ws-tunnel@https://registry.npmjs.org/@expo/ws-tunnel/-/ws-tunnel-2.0.0.tgz. Extracting by manifest.
519 silly tarball no local data for @expo/vector-icons@https://registry.npmjs.org/@expo/vector-icons/-/vector-icons-15.1.1.tgz. Extracting by manifest.
520 silly tarball no local data for @expo/sudo-prompt@https://registry.npmjs.org/@expo/sudo-prompt/-/sudo-prompt-9.3.2.tgz. Extracting by manifest.
521 silly tarball no local data for @expo/spawn-async@https://registry.npmjs.org/@expo/spawn-async/-/spawn-async-1.8.0.tgz. Extracting by manifest.
522 silly tarball no local data for @expo/sdk-runtime-versions@https://registry.npmjs.org/@expo/sdk-runtime-versions/-/sdk-runtime-versions-1.0.0.tgz. Extracting by manifest.
523 silly tarball no local data for @expo/schema-utils@https://registry.npmjs.org/@expo/schema-utils/-/schema-utils-56.0.1.tgz. Extracting by manifest.
524 silly tarball no local data for @expo/require-utils@https://registry.npmjs.org/@expo/require-utils/-/require-utils-56.1.3.tgz. Extracting by manifest.
525 silly tarball no local data for @expo/prebuild-config@https://registry.npmjs.org/@expo/prebuild-config/-/prebuild-config-56.0.16.tgz. Extracting by manifest.
526 silly tarball no local data for @expo/plist@https://registry.npmjs.org/@expo/plist/-/plist-0.7.0.tgz. Extracting by manifest.
527 silly tarball no local data for @expo/package-manager@https://registry.npmjs.org/@expo/package-manager/-/package-manager-1.12.1.tgz. Extracting by manifest.
528 silly tarball no local data for @expo/osascript@https://registry.npmjs.org/@expo/osascript/-/osascript-2.6.0.tgz. Extracting by manifest.
529 silly tarball no local data for @expo/metro-runtime@https://registry.npmjs.org/@expo/metro-runtime/-/metro-runtime-56.0.15.tgz. Extracting by manifest.
530 silly tarball no local data for @expo/metro-file-map@https://registry.npmjs.org/@expo/metro-file-map/-/metro-file-map-56.0.3.tgz. Extracting by manifest.
531 silly tarball no local data for @expo/metro-config@https://registry.npmjs.org/@expo/metro-config/-/metro-config-56.0.14.tgz. Extracting by manifest.
532 silly tarball no local data for @expo/metro@https://registry.npmjs.org/@expo/metro/-/metro-56.0.0.tgz. Extracting by manifest.
533 silly tarball no local data for @expo/log-box@https://registry.npmjs.org/@expo/log-box/-/log-box-56.0.13.tgz. Extracting by manifest.
534 silly tarball no local data for @expo/local-build-cache-provider@https://registry.npmjs.org/@expo/local-build-cache-provider/-/local-build-cache-provider-56.0.8.tgz. Extracting by manifest.
535 silly tarball no local data for @expo/json-file@https://registry.npmjs.org/@expo/json-file/-/json-file-10.2.0.tgz. Extracting by manifest.
536 silly tarball no local data for @expo/inline-modules@https://registry.npmjs.org/@expo/inline-modules/-/inline-modules-0.0.12.tgz. Extracting by manifest.
537 silly tarball no local data for @expo/image-utils@https://registry.npmjs.org/@expo/image-utils/-/image-utils-0.10.1.tgz. Extracting by manifest.
538 silly tarball no local data for @expo/fingerprint@https://registry.npmjs.org/@expo/fingerprint/-/fingerprint-0.19.4.tgz. Extracting by manifest.
539 silly tarball no local data for @expo/expo-modules-macros-plugin@https://registry.npmjs.org/@expo/expo-modules-macros-plugin/-/expo-modules-macros-plugin-0.2.2.tgz. Extracting by manifest.
540 silly tarball no local data for @expo/env@https://registry.npmjs.org/@expo/env/-/env-2.3.0.tgz. Extracting by manifest.
541 silly tarball no local data for @expo/dom-webview@https://registry.npmjs.org/@expo/dom-webview/-/dom-webview-56.0.5.tgz. Extracting by manifest.
542 silly tarball no local data for @expo/devtools@https://registry.npmjs.org/@expo/devtools/-/devtools-56.0.2.tgz. Extracting by manifest.
543 silly tarball no local data for @expo/devcert@https://registry.npmjs.org/@expo/devcert/-/devcert-1.2.1.tgz. Extracting by manifest.
544 silly tarball no local data for @expo/config-types@https://registry.npmjs.org/@expo/config-types/-/config-types-56.0.6.tgz. Extracting by manifest.
545 silly tarball no local data for @expo/config-plugins@https://registry.npmjs.org/@expo/config-plugins/-/config-plugins-56.0.9.tgz. Extracting by manifest.
546 silly tarball no local data for @expo/config@https://registry.npmjs.org/@expo/config/-/config-56.0.9.tgz. Extracting by manifest.
547 silly tarball no local data for @expo/code-signing-certificates@https://registry.npmjs.org/@expo/code-signing-certificates/-/code-signing-certificates-0.0.6.tgz. Extracting by manifest.
548 silly tarball no local data for @expo-google-fonts/inter@https://registry.npmjs.org/@expo-google-fonts/inter/-/inter-0.4.2.tgz. Extracting by manifest.
549 silly tarball no local data for @expo-google-fonts/cormorant-garamond@https://registry.npmjs.org/@expo-google-fonts/cormorant-garamond/-/cormorant-garamond-0.4.1.tgz. Extracting by manifest.
550 silly tarball no local data for @eslint/js@https://registry.npmjs.org/@eslint/js/-/js-8.57.1.tgz. Extracting by manifest.
551 silly tarball no local data for @eslint/eslintrc@https://registry.npmjs.org/@eslint/eslintrc/-/eslintrc-2.1.4.tgz. Extracting by manifest.
552 silly tarball no local data for @egjs/hammerjs@https://registry.npmjs.org/@egjs/hammerjs/-/hammerjs-2.0.17.tgz. Extracting by manifest.
553 silly tarball no local data for @babel/types@https://registry.npmjs.org/@babel/types/-/types-7.29.0.tgz. Extracting by manifest.
554 silly tarball no local data for @babel/traverse@https://registry.npmjs.org/@babel/traverse/-/traverse-7.29.0.tgz. Extracting by manifest.
555 silly tarball no local data for @babel/template@https://registry.npmjs.org/@babel/template/-/template-7.28.6.tgz. Extracting by manifest.
556 silly tarball no local data for @babel/preset-typescript@https://registry.npmjs.org/@babel/preset-typescript/-/preset-typescript-7.28.5.tgz. Extracting by manifest.
557 silly tarball no local data for @babel/plugin-transform-unicode-regex@https://registry.npmjs.org/@babel/plugin-transform-unicode-regex/-/plugin-transform-unicode-regex-7.27.1.tgz. Extracting by manifest.
558 silly tarball no local data for @babel/plugin-transform-typescript@https://registry.npmjs.org/@babel/plugin-transform-typescript/-/plugin-transform-typescript-7.28.6.tgz. Extracting by manifest.
559 silly tarball no local data for @babel/plugin-transform-template-literals@https://registry.npmjs.org/@babel/plugin-transform-template-literals/-/plugin-transform-template-literals-7.27.1.tgz. Extracting by manifest.
560 silly tarball no local data for @babel/plugin-transform-shorthand-properties@https://registry.npmjs.org/@babel/plugin-transform-shorthand-properties/-/plugin-transform-shorthand-properties-7.27.1.tgz. Extracting by manifest.
561 silly tarball no local data for @babel/plugin-transform-runtime@https://registry.npmjs.org/@babel/plugin-transform-runtime/-/plugin-transform-runtime-7.29.0.tgz. Extracting by manifest.
562 silly tarball no local data for @babel/plugin-transform-react-pure-annotations@https://registry.npmjs.org/@babel/plugin-transform-react-pure-annotations/-/plugin-transform-react-pure-annotations-7.27.1.tgz. Extracting by manifest.
563 silly tarball no local data for @babel/plugin-transform-react-jsx-development@https://registry.npmjs.org/@babel/plugin-transform-react-jsx-development/-/plugin-transform-react-jsx-development-7.27.1.tgz. Extracting by manifest.
564 silly tarball no local data for @babel/plugin-transform-react-jsx@https://registry.npmjs.org/@babel/plugin-transform-react-jsx/-/plugin-transform-react-jsx-7.28.6.tgz. Extracting by manifest.
565 silly tarball no local data for @babel/plugin-transform-react-display-name@https://registry.npmjs.org/@babel/plugin-transform-react-display-name/-/plugin-transform-react-display-name-7.28.0.tgz. Extracting by manifest.
566 silly tarball no local data for @babel/plugin-transform-private-property-in-object@https://registry.npmjs.org/@babel/plugin-transform-private-property-in-object/-/plugin-transform-private-property-in-object-7.28.6.tgz. Extracting by manifest.
567 silly tarball no local data for @babel/plugin-transform-private-methods@https://registry.npmjs.org/@babel/plugin-transform-private-methods/-/plugin-transform-private-methods-7.28.6.tgz. Extracting by manifest.
568 silly tarball no local data for @babel/plugin-transform-parameters@https://registry.npmjs.org/@babel/plugin-transform-parameters/-/plugin-transform-parameters-7.27.7.tgz. Extracting by manifest.
569 silly tarball no local data for @babel/plugin-transform-optional-chaining@https://registry.npmjs.org/@babel/plugin-transform-optional-chaining/-/plugin-transform-optional-chaining-7.28.6.tgz. Extracting by manifest.
570 silly tarball no local data for @babel/plugin-transform-optional-catch-binding@https://registry.npmjs.org/@babel/plugin-transform-optional-catch-binding/-/plugin-transform-optional-catch-binding-7.28.6.tgz. Extracting by manifest.
571 silly tarball no local data for @babel/plugin-transform-object-rest-spread@https://registry.npmjs.org/@babel/plugin-transform-object-rest-spread/-/plugin-transform-object-rest-spread-7.28.6.tgz. Extracting by manifest.
572 silly tarball no local data for @babel/plugin-transform-nullish-coalescing-operator@https://registry.npmjs.org/@babel/plugin-transform-nullish-coalescing-operator/-/plugin-transform-nullish-coalescing-operator-7.28.6.tgz. Extracting by manifest.
573 silly tarball no local data for @babel/plugin-transform-named-capturing-groups-regex@https://registry.npmjs.org/@babel/plugin-transform-named-capturing-groups-regex/-/plugin-transform-named-capturing-groups-regex-7.29.0.tgz. Extracting by manifest.
574 silly tarball no local data for @babel/plugin-transform-modules-commonjs@https://registry.npmjs.org/@babel/plugin-transform-modules-commonjs/-/plugin-transform-modules-commonjs-7.28.6.tgz. Extracting by manifest.
575 silly tarball no local data for @babel/plugin-transform-logical-assignment-operators@https://registry.npmjs.org/@babel/plugin-transform-logical-assignment-operators/-/plugin-transform-logical-assignment-operators-7.28.6.tgz. Extracting by manifest.
576 silly tarball no local data for @babel/plugin-transform-for-of@https://registry.npmjs.org/@babel/plugin-transform-for-of/-/plugin-transform-for-of-7.27.1.tgz. Extracting by manifest.
577 silly tarball no local data for @babel/plugin-transform-flow-strip-types@https://registry.npmjs.org/@babel/plugin-transform-flow-strip-types/-/plugin-transform-flow-strip-types-7.27.1.tgz. Extracting by manifest.
578 silly tarball no local data for @babel/plugin-transform-export-namespace-from@https://registry.npmjs.org/@babel/plugin-transform-export-namespace-from/-/plugin-transform-export-namespace-from-7.27.1.tgz. Extracting by manifest.
579 silly tarball no local data for @babel/plugin-transform-destructuring@https://registry.npmjs.org/@babel/plugin-transform-destructuring/-/plugin-transform-destructuring-7.28.5.tgz. Extracting by manifest.
580 silly tarball no local data for @babel/plugin-transform-classes@https://registry.npmjs.org/@babel/plugin-transform-classes/-/plugin-transform-classes-7.28.6.tgz. Extracting by manifest.
581 silly tarball no local data for @babel/plugin-transform-class-static-block@https://registry.npmjs.org/@babel/plugin-transform-class-static-block/-/plugin-transform-class-static-block-7.28.6.tgz. Extracting by manifest.
582 silly tarball no local data for @babel/plugin-transform-class-properties@https://registry.npmjs.org/@babel/plugin-transform-class-properties/-/plugin-transform-class-properties-7.28.6.tgz. Extracting by manifest.
583 silly tarball no local data for @babel/plugin-transform-block-scoping@https://registry.npmjs.org/@babel/plugin-transform-block-scoping/-/plugin-transform-block-scoping-7.28.6.tgz. Extracting by manifest.
584 silly tarball no local data for @babel/plugin-transform-async-to-generator@https://registry.npmjs.org/@babel/plugin-transform-async-to-generator/-/plugin-transform-async-to-generator-7.28.6.tgz. Extracting by manifest.
585 silly tarball no local data for @babel/plugin-transform-async-generator-functions@https://registry.npmjs.org/@babel/plugin-transform-async-generator-functions/-/plugin-transform-async-generator-functions-7.29.0.tgz. Extracting by manifest.
586 silly tarball no local data for @babel/plugin-transform-arrow-functions@https://registry.npmjs.org/@babel/plugin-transform-arrow-functions/-/plugin-transform-arrow-functions-7.27.1.tgz. Extracting by manifest.
587 silly tarball no local data for @babel/plugin-syntax-import-attributes@https://registry.npmjs.org/@babel/plugin-syntax-import-attributes/-/plugin-syntax-import-attributes-7.28.6.tgz. Extracting by manifest.
588 silly tarball no local data for @babel/plugin-syntax-flow@https://registry.npmjs.org/@babel/plugin-syntax-flow/-/plugin-syntax-flow-7.28.6.tgz. Extracting by manifest.
589 silly tarball no local data for @babel/plugin-syntax-export-default-from@https://registry.npmjs.org/@babel/plugin-syntax-export-default-from/-/plugin-syntax-export-default-from-7.28.6.tgz. Extracting by manifest.
590 silly tarball no local data for @babel/plugin-syntax-dynamic-import@https://registry.npmjs.org/@babel/plugin-syntax-dynamic-import/-/plugin-syntax-dynamic-import-7.8.3.tgz. Extracting by manifest.
591 silly tarball no local data for @babel/plugin-syntax-decorators@https://registry.npmjs.org/@babel/plugin-syntax-decorators/-/plugin-syntax-decorators-7.28.6.tgz. Extracting by manifest.
592 silly tarball no local data for @babel/plugin-proposal-export-default-from@https://registry.npmjs.org/@babel/plugin-proposal-export-default-from/-/plugin-proposal-export-default-from-7.27.1.tgz. Extracting by manifest.
593 silly tarball no local data for @babel/plugin-proposal-decorators@https://registry.npmjs.org/@babel/plugin-proposal-decorators/-/plugin-proposal-decorators-7.29.0.tgz. Extracting by manifest.
594 silly tarball no local data for @babel/parser@https://registry.npmjs.org/@babel/parser/-/parser-7.29.3.tgz. Extracting by manifest.
595 silly tarball no local data for @babel/highlight@https://registry.npmjs.org/@babel/highlight/-/highlight-7.25.9.tgz. Extracting by manifest.
596 silly tarball no local data for @babel/helper-wrap-function@https://registry.npmjs.org/@babel/helper-wrap-function/-/helper-wrap-function-7.28.6.tgz. Extracting by manifest.
597 silly tarball no local data for @babel/helper-validator-option@https://registry.npmjs.org/@babel/helper-validator-option/-/helper-validator-option-7.27.1.tgz. Extracting by manifest.
598 silly tarball no local data for @babel/helper-validator-identifier@https://registry.npmjs.org/@babel/helper-validator-identifier/-/helper-validator-identifier-7.28.5.tgz. Extracting by manifest.
599 silly tarball no local data for @babel/helper-string-parser@https://registry.npmjs.org/@babel/helper-string-parser/-/helper-string-parser-7.27.1.tgz. Extracting by manifest.
600 silly tarball no local data for @babel/helper-skip-transparent-expression-wrappers@https://registry.npmjs.org/@babel/helper-skip-transparent-expression-wrappers/-/helper-skip-transparent-expression-wrappers-7.27.1.tgz. Extracting by manifest.
601 silly tarball no local data for @babel/helper-replace-supers@https://registry.npmjs.org/@babel/helper-replace-supers/-/helper-replace-supers-7.28.6.tgz. Extracting by manifest.
602 silly tarball no local data for @babel/helper-remap-async-to-generator@https://registry.npmjs.org/@babel/helper-remap-async-to-generator/-/helper-remap-async-to-generator-7.27.1.tgz. Extracting by manifest.
603 silly tarball no local data for @babel/helper-optimise-call-expression@https://registry.npmjs.org/@babel/helper-optimise-call-expression/-/helper-optimise-call-expression-7.27.1.tgz. Extracting by manifest.
604 silly tarball no local data for @babel/helper-module-transforms@https://registry.npmjs.org/@babel/helper-module-transforms/-/helper-module-transforms-7.28.6.tgz. Extracting by manifest.
605 silly tarball no local data for @babel/helper-module-imports@https://registry.npmjs.org/@babel/helper-module-imports/-/helper-module-imports-7.28.6.tgz. Extracting by manifest.
606 silly tarball no local data for @babel/helper-member-expression-to-functions@https://registry.npmjs.org/@babel/helper-member-expression-to-functions/-/helper-member-expression-to-functions-7.28.5.tgz. Extracting by manifest.
607 silly tarball no local data for @babel/helper-globals@https://registry.npmjs.org/@babel/helper-globals/-/helper-globals-7.28.0.tgz. Extracting by manifest.
608 silly tarball no local data for @babel/helper-create-regexp-features-plugin@https://registry.npmjs.org/@babel/helper-create-regexp-features-plugin/-/helper-create-regexp-features-plugin-7.28.5.tgz. Extracting by manifest.
609 silly tarball no local data for @babel/helper-create-class-features-plugin@https://registry.npmjs.org/@babel/helper-create-class-features-plugin/-/helper-create-class-features-plugin-7.29.3.tgz. Extracting by manifest.
610 silly tarball no local data for @babel/helper-compilation-targets@https://registry.npmjs.org/@babel/helper-compilation-targets/-/helper-compilation-targets-7.28.6.tgz. Extracting by manifest.
611 silly tarball no local data for @babel/helper-annotate-as-pure@https://registry.npmjs.org/@babel/helper-annotate-as-pure/-/helper-annotate-as-pure-7.27.3.tgz. Extracting by manifest.
612 silly tarball no local data for @babel/generator@https://registry.npmjs.org/@babel/generator/-/generator-7.29.1.tgz. Extracting by manifest.
613 silly tarball no local data for @babel/compat-data@https://registry.npmjs.org/@babel/compat-data/-/compat-data-7.29.3.tgz. Extracting by manifest.
614 silly tarball no local data for @babel/code-frame@https://registry.npmjs.org/@babel/code-frame/-/code-frame-7.29.0.tgz. Extracting by manifest.
615 silly tarball no local data for xmlbuilder@https://registry.npmjs.org/xmlbuilder/-/xmlbuilder-11.0.1.tgz. Extracting by manifest.
616 silly tarball no local data for brace-expansion@https://registry.npmjs.org/brace-expansion/-/brace-expansion-1.1.14.tgz. Extracting by manifest.
617 silly tarball no local data for type-fest@https://registry.npmjs.org/type-fest/-/type-fest-0.7.1.tgz. Extracting by manifest.
618 silly tarball no local data for source-map@https://registry.npmjs.org/source-map/-/source-map-0.5.6.tgz. Extracting by manifest.
619 silly tarball no local data for is-arrayish@https://registry.npmjs.org/is-arrayish/-/is-arrayish-0.3.4.tgz. Extracting by manifest.
620 silly tarball no local data for bplist-parser@https://registry.npmjs.org/bplist-parser/-/bplist-parser-0.3.1.tgz. Extracting by manifest.
621 silly tarball no local data for brace-expansion@https://registry.npmjs.org/brace-expansion/-/brace-expansion-1.1.14.tgz. Extracting by manifest.
622 silly tarball no local data for onetime@https://registry.npmjs.org/onetime/-/onetime-2.0.1.tgz. Extracting by manifest.
623 silly tarball no local data for mimic-fn@https://registry.npmjs.org/mimic-fn/-/mimic-fn-1.2.0.tgz. Extracting by manifest.
624 silly tarball no local data for memoize-one@https://registry.npmjs.org/memoize-one/-/memoize-one-6.0.0.tgz. Extracting by manifest.
625 silly tarball no local data for @react-native/normalize-colors@https://registry.npmjs.org/@react-native/normalize-colors/-/normalize-colors-0.74.89.tgz. Extracting by manifest.
626 silly tarball no local data for xmlbuilder@https://registry.npmjs.org/xmlbuilder/-/xmlbuilder-14.0.0.tgz. Extracting by manifest.
627 silly tarball no local data for write-file-atomic@https://registry.npmjs.org/write-file-atomic/-/write-file-atomic-2.4.3.tgz. Extracting by manifest.
628 silly tarball no local data for glob@https://registry.npmjs.org/glob/-/glob-7.1.6.tgz. Extracting by manifest.
629 silly tarball no local data for getenv@https://registry.npmjs.org/getenv/-/getenv-1.0.0.tgz. Extracting by manifest.
630 silly tarball no local data for brace-expansion@https://registry.npmjs.org/brace-expansion/-/brace-expansion-1.1.15.tgz. Extracting by manifest.
631 silly tarball no local data for @xmldom/xmldom@https://registry.npmjs.org/@xmldom/xmldom/-/xmldom-0.7.13.tgz. Extracting by manifest.
632 silly tarball no local data for @expo/plist@https://registry.npmjs.org/@expo/plist/-/plist-0.1.3.tgz. Extracting by manifest.
633 silly tarball no local data for @expo/json-file@https://registry.npmjs.org/@expo/json-file/-/json-file-8.3.3.tgz. Extracting by manifest.
634 silly tarball no local data for @expo/fingerprint@https://registry.npmjs.org/@expo/fingerprint/-/fingerprint-0.6.1.tgz. Extracting by manifest.
635 silly tarball no local data for @expo/config-types@https://registry.npmjs.org/@expo/config-types/-/config-types-50.0.1.tgz. Extracting by manifest.
636 silly tarball no local data for @expo/config-plugins@https://registry.npmjs.org/@expo/config-plugins/-/config-plugins-7.9.2.tgz. Extracting by manifest.
637 silly tarball no local data for @babel/code-frame@https://registry.npmjs.org/@babel/code-frame/-/code-frame-7.10.4.tgz. Extracting by manifest.
638 silly tarball no local data for ws@https://registry.npmjs.org/ws/-/ws-7.5.11.tgz. Extracting by manifest.
639 silly tarball no local data for commander@https://registry.npmjs.org/commander/-/commander-12.1.0.tgz. Extracting by manifest.
640 silly tarball no local data for ws@https://registry.npmjs.org/ws/-/ws-7.5.11.tgz. Extracting by manifest.
641 silly tarball no local data for @xmldom/xmldom@https://registry.npmjs.org/@xmldom/xmldom/-/xmldom-0.9.10.tgz. Extracting by manifest.
642 silly tarball no local data for lru-cache@https://registry.npmjs.org/lru-cache/-/lru-cache-11.5.0.tgz. Extracting by manifest.
643 silly tarball no local data for strip-ansi@https://registry.npmjs.org/strip-ansi/-/strip-ansi-5.2.0.tgz. Extracting by manifest.
644 silly tarball no local data for ansi-regex@https://registry.npmjs.org/ansi-regex/-/ansi-regex-4.1.1.tgz. Extracting by manifest.
645 silly tarball no local data for source-map@https://registry.npmjs.org/source-map/-/source-map-0.5.7.tgz. Extracting by manifest.
646 silly tarball no local data for source-map@https://registry.npmjs.org/source-map/-/source-map-0.5.7.tgz. Extracting by manifest.
647 silly tarball no local data for hermes-parser@https://registry.npmjs.org/hermes-parser/-/hermes-parser-0.35.0.tgz. Extracting by manifest.
648 silly tarball no local data for hermes-estree@https://registry.npmjs.org/hermes-estree/-/hermes-estree-0.35.0.tgz. Extracting by manifest.
649 silly tarball no local data for ws@https://registry.npmjs.org/ws/-/ws-7.5.11.tgz. Extracting by manifest.
650 silly tarball no local data for source-map@https://registry.npmjs.org/source-map/-/source-map-0.5.7.tgz. Extracting by manifest.
651 silly tarball no local data for hermes-parser@https://registry.npmjs.org/hermes-parser/-/hermes-parser-0.35.0.tgz. Extracting by manifest.
652 silly tarball no local data for hermes-estree@https://registry.npmjs.org/hermes-estree/-/hermes-estree-0.35.0.tgz. Extracting by manifest.
653 silly tarball no local data for ci-info@https://registry.npmjs.org/ci-info/-/ci-info-2.0.0.tgz. Extracting by manifest.
654 silly tarball no local data for string-length@https://registry.npmjs.org/string-length/-/string-length-5.0.1.tgz. Extracting by manifest.
655 silly tarball no local data for slash@https://registry.npmjs.org/slash/-/slash-5.1.0.tgz. Extracting by manifest.
656 silly tarball no local data for char-regex@https://registry.npmjs.org/char-regex/-/char-regex-2.0.2.tgz. Extracting by manifest.
657 silly tarball no local data for ansi-escapes@https://registry.npmjs.org/ansi-escapes/-/ansi-escapes-6.2.1.tgz. Extracting by manifest.
658 silly tarball no local data for chalk@https://registry.npmjs.org/chalk/-/chalk-3.0.0.tgz. Extracting by manifest.
659 silly tarball no local data for jest-matcher-utils@https://registry.npmjs.org/jest-matcher-utils/-/jest-matcher-utils-29.7.0.tgz. Extracting by manifest.
660 silly tarball no local data for jest-diff@https://registry.npmjs.org/jest-diff/-/jest-diff-29.7.0.tgz. Extracting by manifest.
661 silly tarball no local data for brace-expansion@https://registry.npmjs.org/brace-expansion/-/brace-expansion-1.1.14.tgz. Extracting by manifest.
662 silly tarball no local data for brace-expansion@https://registry.npmjs.org/brace-expansion/-/brace-expansion-1.1.14.tgz. Extracting by manifest.
663 silly tarball no local data for jest-matcher-utils@https://registry.npmjs.org/jest-matcher-utils/-/jest-matcher-utils-29.7.0.tgz. Extracting by manifest.
664 silly tarball no local data for jest-diff@https://registry.npmjs.org/jest-diff/-/jest-diff-29.7.0.tgz. Extracting by manifest.
665 silly tarball no local data for ua-parser-js@https://registry.npmjs.org/ua-parser-js/-/ua-parser-js-1.0.41.tgz. Extracting by manifest.
666 silly tarball no local data for promise@https://registry.npmjs.org/promise/-/promise-7.3.1.tgz. Extracting by manifest.
667 silly tarball no local data for @expo/cli@https://registry.npmjs.org/@expo/cli/-/cli-56.1.16.tgz. Extracting by manifest.
668 silly tarball no local data for @expo/router-server@https://registry.npmjs.org/@expo/router-server/-/router-server-56.0.14.tgz. Extracting by manifest.
669 silly tarball no local data for jest-matcher-utils@https://registry.npmjs.org/jest-matcher-utils/-/jest-matcher-utils-29.7.0.tgz. Extracting by manifest.
670 silly tarball no local data for jest-diff@https://registry.npmjs.org/jest-diff/-/jest-diff-29.7.0.tgz. Extracting by manifest.
671 silly tarball no local data for resolve@https://registry.npmjs.org/resolve/-/resolve-2.0.0-next.7.tgz. Extracting by manifest.
672 silly tarball no local data for doctrine@https://registry.npmjs.org/doctrine/-/doctrine-2.1.0.tgz. Extracting by manifest.
673 silly tarball no local data for brace-expansion@https://registry.npmjs.org/brace-expansion/-/brace-expansion-1.1.14.tgz. Extracting by manifest.
674 silly tarball no local data for brace-expansion@https://registry.npmjs.org/brace-expansion/-/brace-expansion-1.1.14.tgz. Extracting by manifest.
675 silly tarball no local data for entities@https://registry.npmjs.org/entities/-/entities-4.5.0.tgz. Extracting by manifest.
676 silly tarball no local data for cssom@https://registry.npmjs.org/cssom/-/cssom-0.3.8.tgz. Extracting by manifest.
677 silly tarball no local data for negotiator@https://registry.npmjs.org/negotiator/-/negotiator-0.6.4.tgz. Extracting by manifest.
678 silly tarball no local data for ws@https://registry.npmjs.org/ws/-/ws-7.5.11.tgz. Extracting by manifest.
679 silly tarball no local data for brace-expansion@https://registry.npmjs.org/brace-expansion/-/brace-expansion-1.1.14.tgz. Extracting by manifest.
680 silly tarball no local data for brace-expansion@https://registry.npmjs.org/brace-expansion/-/brace-expansion-1.1.14.tgz. Extracting by manifest.
681 silly tarball no local data for debug@https://registry.npmjs.org/debug/-/debug-3.2.7.tgz. Extracting by manifest.
682 silly tarball no local data for brace-expansion@https://registry.npmjs.org/brace-expansion/-/brace-expansion-1.1.14.tgz. Extracting by manifest.
683 warn deprecated inflight@1.0.6: This module is not supported, and leaks memory. Do not use it. Check out lru-cache if you want a good and tested way to coalesce async requests by a key value, which is much more comprehensive and powerful.
684 warn deprecated glob@7.2.3: Old versions of glob are not supported, and contain widely publicized security vulnerabilities, which have been fixed in the current version. Please update. Support for old versions may be purchased (at exorbitant rates) by contacting i@izs.me
685 warn deprecated glob@7.2.3: Old versions of glob are not supported, and contain widely publicized security vulnerabilities, which have been fixed in the current version. Please update. Support for old versions may be purchased (at exorbitant rates) by contacting i@izs.me
686 warn deprecated glob@7.2.3: Old versions of glob are not supported, and contain widely publicized security vulnerabilities, which have been fixed in the current version. Please update. Support for old versions may be purchased (at exorbitant rates) by contacting i@izs.me
687 warn deprecated glob@7.2.3: Old versions of glob are not supported, and contain widely publicized security vulnerabilities, which have been fixed in the current version. Please update. Support for old versions may be purchased (at exorbitant rates) by contacting i@izs.me
688 warn deprecated glob@7.2.3: Old versions of glob are not supported, and contain widely publicized security vulnerabilities, which have been fixed in the current version. Please update. Support for old versions may be purchased (at exorbitant rates) by contacting i@izs.me
689 http fetch GET 200 https://registry.npmjs.org/supports-hyperlinks/-/supports-hyperlinks-2.3.0.tgz 33923ms (cache miss)
690 http fetch GET 200 https://registry.npmjs.org/strip-indent/-/strip-indent-3.0.0.tgz 34224ms (cache miss)
691 http fetch GET 200 https://registry.npmjs.org/standard-navigation/-/standard-navigation-0.0.7.tgz 34220ms (cache miss)
692 http fetch GET 200 https://registry.npmjs.org/simple-swizzle/-/simple-swizzle-0.2.4.tgz 34217ms (cache miss)
693 http fetch GET 200 https://registry.npmjs.org/slugify/-/slugify-1.6.9.tgz 34218ms (cache miss)
694 http fetch GET 200 https://registry.npmjs.org/server-only/-/server-only-0.0.1.tgz 34213ms (cache miss)
695 http fetch GET 200 https://registry.npmjs.org/setimmediate/-/setimmediate-1.0.5.tgz 34618ms (cache miss)
696 http fetch GET 200 https://registry.npmjs.org/serialize-error/-/serialize-error-2.1.0.tgz 34610ms (cache miss)
697 http fetch GET 200 https://registry.npmjs.org/safe-push-apply/-/safe-push-apply-1.0.0.tgz 34609ms (cache miss)
698 http fetch GET 200 https://registry.npmjs.org/restore-cursor/-/restore-cursor-2.0.0.tgz 34607ms (cache miss)
699 http fetch GET 200 https://registry.npmjs.org/redent/-/redent-3.0.0.tgz 34605ms (cache miss)
700 http fetch GET 200 https://registry.npmjs.org/react-freeze/-/react-freeze-1.0.4.tgz 34982ms (cache miss)
701 http fetch GET 200 https://registry.npmjs.org/styleq/-/styleq-0.1.3.tgz 35041ms (cache miss)
702 http fetch GET 200 https://registry.npmjs.org/queue/-/queue-6.0.2.tgz 35401ms (cache miss)
703 http fetch GET 200 https://registry.npmjs.org/querystringify/-/querystringify-2.2.0.tgz 35400ms (cache miss)
704 http fetch GET 200 https://registry.npmjs.org/react-native-is-edge-to-edge/-/react-native-is-edge-to-edge-1.3.1.tgz 35421ms (cache miss)
705 http fetch GET 200 https://registry.npmjs.org/parse-png/-/parse-png-2.1.0.tgz 35380ms (cache miss)
706 http fetch GET 200 https://registry.npmjs.org/ora/-/ora-3.4.0.tgz 35379ms (cache miss)
707 http fetch GET 200 https://registry.npmjs.org/open/-/open-7.4.2.tgz 35378ms (cache miss)
708 http fetch GET 200 https://registry.npmjs.org/pretty-format/-/pretty-format-29.7.0.tgz 35384ms (cache miss)
709 http fetch GET 200 https://registry.npmjs.org/ob1/-/ob1-0.84.4.tgz 35377ms (cache miss)
710 http fetch GET 200 https://registry.npmjs.org/npm-package-arg/-/npm-package-arg-11.0.3.tgz 35375ms (cache miss)
711 http fetch GET 200 https://registry.npmjs.org/on-finished/-/on-finished-2.3.0.tgz 35379ms (cache miss)
712 http fetch GET 200 https://registry.npmjs.org/negotiator/-/negotiator-0.6.3.tgz 35374ms (cache miss)
713 http fetch GET 200 https://registry.npmjs.org/mkdirp/-/mkdirp-1.0.4.tgz 35373ms (cache miss)
714 http fetch GET 200 https://registry.npmjs.org/proc-log/-/proc-log-4.2.0.tgz 35386ms (cache miss)
715 http fetch GET 200 https://registry.npmjs.org/nullthrows/-/nullthrows-1.1.1.tgz 35377ms (cache miss)
716 http fetch GET 200 https://registry.npmjs.org/min-indent/-/min-indent-1.0.1.tgz 35372ms (cache miss)
717 http fetch GET 200 https://registry.npmjs.org/metro-minify-terser/-/metro-minify-terser-0.84.4.tgz 35371ms (cache miss)
718 http fetch GET 200 https://registry.npmjs.org/metro-core/-/metro-core-0.84.4.tgz 35370ms (cache miss)
719 http fetch GET 200 https://registry.npmjs.org/metro-cache/-/metro-cache-0.84.4.tgz 35368ms (cache miss)
720 http fetch GET 200 https://registry.npmjs.org/metro-cache-key/-/metro-cache-key-0.84.4.tgz 35381ms (cache miss)
721 http fetch GET 200 https://registry.npmjs.org/log-symbols/-/log-symbols-2.2.0.tgz 35377ms (cache miss)
722 http fetch GET 200 https://registry.npmjs.org/memoize-one/-/memoize-one-5.2.1.tgz 35379ms (cache miss)
723 http fetch GET 200 https://registry.npmjs.org/lodash.merge/-/lodash.merge-4.6.2.tgz 35374ms (cache miss)
724 http fetch GET 200 https://registry.npmjs.org/nanoid/-/nanoid-3.3.12.tgz 35389ms (cache miss)
725 http fetch GET 200 https://registry.npmjs.org/metro-babel-transformer/-/metro-babel-transformer-0.84.4.tgz 35381ms (cache miss)
726 http fetch GET 200 https://registry.npmjs.org/lan-network/-/lan-network-0.2.1.tgz 35373ms (cache miss)
727 http fetch GET 200 https://registry.npmjs.org/lodash.throttle/-/lodash.throttle-4.1.1.tgz 35376ms (cache miss)
728 http fetch GET 200 https://registry.npmjs.org/kleur/-/kleur-3.0.3.tgz 35373ms (cache miss)
729 http fetch GET 200 https://registry.npmjs.org/jest-watcher/-/jest-watcher-29.7.0.tgz 35370ms (cache miss)
730 http fetch GET 200 https://registry.npmjs.org/jsc-safe-url/-/jsc-safe-url-0.2.4.tgz 35372ms (cache miss)
731 http fetch GET 200 https://registry.npmjs.org/jest-watch-typeahead/-/jest-watch-typeahead-2.2.1.tgz 35371ms (cache miss)
732 http fetch GET 200 https://registry.npmjs.org/jest-resolve-dependencies/-/jest-resolve-dependencies-29.7.0.tgz 35363ms (cache miss)
733 http fetch GET 200 https://registry.npmjs.org/jest-resolve/-/jest-resolve-29.7.0.tgz 35362ms (cache miss)
734 http fetch GET 200 https://registry.npmjs.org/jest-mock/-/jest-mock-29.7.0.tgz 35361ms (cache miss)
735 http fetch GET 200 https://registry.npmjs.org/jest-regex-util/-/jest-regex-util-29.6.3.tgz 35363ms (cache miss)
736 http fetch GET 200 https://registry.npmjs.org/jest-validate/-/jest-validate-29.7.0.tgz 35366ms (cache miss)
737 http fetch GET 200 https://registry.npmjs.org/jest-get-type/-/jest-get-type-29.6.3.tgz 35360ms (cache miss)
738 http fetch GET 200 https://registry.npmjs.org/jest-environment-node/-/jest-environment-node-29.7.0.tgz 35359ms (cache miss)
739 http fetch GET 200 https://registry.npmjs.org/jest-leak-detector/-/jest-leak-detector-29.7.0.tgz 35361ms (cache miss)
740 http fetch GET 200 https://registry.npmjs.org/jest-runner/-/jest-runner-29.7.0.tgz 35365ms (cache miss)
741 http fetch GET 200 https://registry.npmjs.org/is-weakref/-/is-weakref-1.1.1.tgz 35354ms (cache miss)
742 http fetch GET 200 https://registry.npmjs.org/jest-cli/-/jest-cli-29.7.0.tgz 35358ms (cache miss)
743 http fetch GET 200 https://registry.npmjs.org/node-releases/-/node-releases-2.0.46.tgz 35396ms (cache miss)
744 http fetch GET 200 https://registry.npmjs.org/jest/-/jest-29.7.0.tgz 35359ms (cache miss)
745 http fetch GET 200 https://registry.npmjs.org/nth-check/-/nth-check-2.1.1.tgz 35400ms (cache miss)
746 http fetch GET 200 https://registry.npmjs.org/iterator.prototype/-/iterator.prototype-1.1.5.tgz 35362ms (cache miss)
747 http fetch GET 200 https://registry.npmjs.org/is-wsl/-/is-wsl-2.2.0.tgz 35363ms (cache miss)
748 http fetch GET 200 https://registry.npmjs.org/is-typed-array/-/is-typed-array-1.1.15.tgz 35362ms (cache miss)
749 http fetch GET 200 https://registry.npmjs.org/is-finalizationregistry/-/is-finalizationregistry-1.1.1.tgz 35359ms (cache miss)
750 http fetch GET 200 https://registry.npmjs.org/is-docker/-/is-docker-2.2.1.tgz 35360ms (cache miss)
751 http fetch GET 200 https://registry.npmjs.org/is-path-inside/-/is-path-inside-3.0.3.tgz 35362ms (cache miss)
752 http fetch GET 200 https://registry.npmjs.org/is-async-function/-/is-async-function-2.1.1.tgz 35359ms (cache miss)
753 http fetch GET 200 https://registry.npmjs.org/invariant/-/invariant-2.2.4.tgz 35358ms (cache miss)
754 http fetch GET 200 https://registry.npmjs.org/is-negative-zero/-/is-negative-zero-2.0.3.tgz 35361ms (cache miss)
755 http fetch GET 200 https://registry.npmjs.org/is-potential-custom-element-name/-/is-potential-custom-element-name-1.0.1.tgz 35363ms (cache miss)
756 http fetch GET 200 https://registry.npmjs.org/indent-string/-/indent-string-4.0.0.tgz 35358ms (cache miss)
757 http fetch GET 200 https://registry.npmjs.org/html-encoding-sniffer/-/html-encoding-sniffer-3.0.0.tgz 35350ms (cache miss)
758 http fetch GET 200 https://registry.npmjs.org/hyphenate-style-name/-/hyphenate-style-name-1.1.0.tgz 35352ms (cache miss)
759 http fetch GET 200 https://registry.npmjs.org/has-proto/-/has-proto-1.2.0.tgz 35344ms (cache miss)
760 http fetch GET 200 https://registry.npmjs.org/get-symbol-description/-/get-symbol-description-1.1.0.tgz 35340ms (cache miss)
761 http fetch GET 200 https://registry.npmjs.org/generator-function/-/generator-function-2.0.1.tgz 35340ms (cache miss)
762 http fetch GET 200 https://registry.npmjs.org/fontfaceobserver/-/fontfaceobserver-2.3.0.tgz 35339ms (cache miss)
763 http fetch GET 200 https://registry.npmjs.org/fresh/-/fresh-0.5.2.tgz 35340ms (cache miss)
764 http fetch GET 200 https://registry.npmjs.org/fbjs-css-vars/-/fbjs-css-vars-1.0.2.tgz 35331ms (cache miss)
765 http fetch GET 200 https://registry.npmjs.org/file-entry-cache/-/file-entry-cache-6.0.1.tgz 35332ms (cache miss)
766 http fetch GET 200 https://registry.npmjs.org/filter-obj/-/filter-obj-1.1.0.tgz 35334ms (cache miss)
767 http fetch GET 200 https://registry.npmjs.org/fast-base64-decode/-/fast-base64-decode-1.0.0.tgz 35330ms (cache miss)
768 http fetch GET 200 https://registry.npmjs.org/fastq/-/fastq-1.20.1.tgz 35331ms (cache miss)
769 http fetch GET 200 https://registry.npmjs.org/inline-style-prefixer/-/inline-style-prefixer-7.0.1.tgz 35363ms (cache miss)
770 http fetch GET 200 https://registry.npmjs.org/exit/-/exit-0.1.2.tgz 35312ms (cache miss)
771 http fetch GET 200 https://registry.npmjs.org/finalhandler/-/finalhandler-1.1.2.tgz 35336ms (cache miss)
772 http fetch GET 200 https://registry.npmjs.org/warn-once/-/warn-once-0.1.1.tgz 36301ms (cache miss)
773 http fetch GET 200 https://registry.npmjs.org/vlq/-/vlq-1.0.1.tgz 36303ms (cache miss)
774 http fetch GET 200 https://registry.npmjs.org/strict-uri-encode/-/strict-uri-encode-2.0.0.tgz 36272ms (cache miss)
775 http fetch GET 200 https://registry.npmjs.org/statuses/-/statuses-1.5.0.tgz 36467ms (cache miss)
776 http fetch GET 200 https://registry.npmjs.org/stackframe/-/stackframe-1.3.4.tgz 36669ms (cache miss)
777 http fetch GET 200 https://registry.npmjs.org/rimraf/-/rimraf-3.0.2.tgz 36755ms (cache miss)
778 warn deprecated rimraf@3.0.2: Rimraf versions prior to v4 are no longer supported
779 http fetch GET 200 https://registry.npmjs.org/resolve.exports/-/resolve.exports-2.0.3.tgz 36754ms (cache miss)
780 http fetch GET 200 https://registry.npmjs.org/safe-array-concat/-/safe-array-concat-1.1.4.tgz 36757ms (cache miss)
781 http fetch GET 200 https://registry.npmjs.org/requires-port/-/requires-port-1.0.0.tgz 36754ms (cache miss)
782 http fetch GET 200 https://registry.npmjs.org/serve-static/-/serve-static-1.16.3.tgz 36762ms (cache miss)
783 http fetch GET 200 https://registry.npmjs.org/resolve-workspace-root/-/resolve-workspace-root-2.0.1.tgz 36756ms (cache miss)
784 http fetch GET 200 https://registry.npmjs.org/hosted-git-info/-/hosted-git-info-7.0.2.tgz 36734ms (cache miss)
785 http fetch GET 200 https://registry.npmjs.org/encodeurl/-/encodeurl-1.0.2.tgz 36687ms (cache miss)
786 http fetch GET 200 https://registry.npmjs.org/error-stack-parser/-/error-stack-parser-2.1.4.tgz 36689ms (cache miss)
787 http fetch GET 200 https://registry.npmjs.org/es-to-primitive/-/es-to-primitive-1.3.0.tgz 36692ms (cache miss)
788 http fetch GET 200 https://registry.npmjs.org/es-shim-unscopables/-/es-shim-unscopables-1.1.0.tgz 36891ms (cache miss)
789 http fetch GET 200 https://registry.npmjs.org/decode-uri-component/-/decode-uri-component-0.2.2.tgz 37382ms (cache miss)
790 http fetch GET 200 https://registry.npmjs.org/destroy/-/destroy-1.2.0.tgz 37383ms (cache miss)
791 http fetch GET 200 https://registry.npmjs.org/domelementtype/-/domelementtype-2.3.0.tgz 37394ms (cache miss)
792 http fetch GET 200 https://registry.npmjs.org/data-view-byte-offset/-/data-view-byte-offset-1.0.1.tgz 37382ms (cache miss)
793 http fetch GET 200 https://registry.npmjs.org/domhandler/-/domhandler-5.0.3.tgz 37603ms (cache miss)
794 http fetch GET 200 https://registry.npmjs.org/data-urls/-/data-urls-3.0.2.tgz 37792ms (cache miss)
795 http fetch GET 200 https://registry.npmjs.org/data-view-buffer/-/data-view-buffer-1.0.2.tgz 37794ms (cache miss)
796 http fetch GET 200 https://registry.npmjs.org/data-view-byte-length/-/data-view-byte-length-1.0.2.tgz 37795ms (cache miss)
797 http fetch GET 200 https://registry.npmjs.org/cssom/-/cssom-0.5.0.tgz 37793ms (cache miss)
798 http fetch GET 200 https://registry.npmjs.org/domexception/-/domexception-4.0.0.tgz 37807ms (cache miss)
799 http fetch GET 200 https://registry.npmjs.org/css-what/-/css-what-6.2.2.tgz 37794ms (cache miss)
800 http fetch GET 200 https://registry.npmjs.org/compression/-/compression-1.8.1.tgz 37791ms (cache miss)
801 http fetch GET 200 https://registry.npmjs.org/compressible/-/compressible-2.0.18.tgz 37790ms (cache miss)
802 http fetch GET 200 https://registry.npmjs.org/color-string/-/color-string-1.9.1.tgz 37790ms (cache miss)
803 http fetch GET 200 https://registry.npmjs.org/proxy-from-env/-/proxy-from-env-1.1.0.tgz 37935ms (cache miss)
804 http fetch GET 200 https://registry.npmjs.org/dir-glob/-/dir-glob-3.0.1.tgz 37802ms (cache miss)
805 http fetch GET 200 https://registry.npmjs.org/query-string/-/query-string-7.1.3.tgz 37942ms (cache miss)
806 http fetch GET 200 https://registry.npmjs.org/own-keys/-/own-keys-1.0.1.tgz 37927ms (cache miss)
807 http fetch GET 200 https://registry.npmjs.org/lighthouse-logger/-/lighthouse-logger-1.4.2.tgz 37906ms (cache miss)
808 http fetch GET 200 https://registry.npmjs.org/jest-util/-/jest-util-29.7.0.tgz 37897ms (cache miss)
809 http fetch GET 200 https://registry.npmjs.org/jest-watch-select-projects/-/jest-watch-select-projects-2.0.0.tgz 37902ms (cache miss)
810 http fetch GET 200 https://registry.npmjs.org/jest-message-util/-/jest-message-util-29.7.0.tgz 37893ms (cache miss)
811 http fetch GET 200 https://registry.npmjs.org/jest-environment-jsdom/-/jest-environment-jsdom-29.7.0.tgz 37891ms (cache miss)
812 http fetch GET 200 https://registry.npmjs.org/jest-runtime/-/jest-runtime-29.7.0.tgz 37897ms (cache miss)
813 http fetch GET 200 https://registry.npmjs.org/jest-docblock/-/jest-docblock-29.7.0.tgz 37890ms (cache miss)
814 http fetch GET 200 https://registry.npmjs.org/jest-changed-files/-/jest-changed-files-29.7.0.tgz 37888ms (cache miss)
815 http fetch GET 200 https://registry.npmjs.org/create-jest/-/create-jest-29.7.0.tgz 37807ms (cache miss)
816 http fetch GET 200 https://registry.npmjs.org/bplist-parser/-/bplist-parser-0.3.2.tgz 37790ms (cache miss)
817 http fetch GET 200 https://registry.npmjs.org/boolbase/-/boolbase-1.0.0.tgz 37789ms (cache miss)
818 http fetch GET 200 https://registry.npmjs.org/babel-preset-jest/-/babel-preset-jest-29.6.3.tgz 37787ms (cache miss)
819 http fetch GET 200 https://registry.npmjs.org/badgin/-/badgin-1.2.3.tgz 37788ms (cache miss)
820 http fetch GET 200 https://registry.npmjs.org/babel-plugin-transform-flow-enums/-/babel-plugin-transform-flow-enums-0.0.2.tgz 37786ms (cache miss)
821 http fetch GET 200 https://registry.npmjs.org/babel-plugin-react-native-web/-/babel-plugin-react-native-web-0.21.2.tgz 37785ms (cache miss)
822 http fetch GET 200 https://registry.npmjs.org/babel-plugin-syntax-hermes-parser/-/babel-plugin-syntax-hermes-parser-0.33.3.tgz 37786ms (cache miss)
823 http fetch GET 200 https://registry.npmjs.org/base64-arraybuffer/-/base64-arraybuffer-1.0.2.tgz 37789ms (cache miss)
824 http fetch GET 200 https://registry.npmjs.org/babel-jest/-/babel-jest-29.7.0.tgz 37784ms (cache miss)
825 http fetch GET 200 https://registry.npmjs.org/babel-plugin-istanbul/-/babel-plugin-istanbul-6.1.1.tgz 37784ms (cache miss)
826 http fetch GET 200 https://registry.npmjs.org/babel-plugin-jest-hoist/-/babel-plugin-jest-hoist-29.6.3.tgz 37786ms (cache miss)
827 http fetch GET 200 https://registry.npmjs.org/await-lock/-/await-lock-2.2.2.tgz 37784ms (cache miss)
828 http fetch GET 200 https://registry.npmjs.org/async-function/-/async-function-1.0.0.tgz 37784ms (cache miss)
829 http fetch GET 200 https://registry.npmjs.org/asap/-/asap-2.0.6.tgz 37783ms (cache miss)
830 http fetch GET 200 https://registry.npmjs.org/arraybuffer.prototype.slice/-/arraybuffer.prototype.slice-1.0.4.tgz 37783ms (cache miss)
831 http fetch GET 200 https://registry.npmjs.org/array.prototype.tosorted/-/array.prototype.tosorted-1.1.4.tgz 37783ms (cache miss)
832 http fetch GET 200 https://registry.npmjs.org/array.prototype.flatmap/-/array.prototype.flatmap-1.3.3.tgz 37961ms (cache miss)
833 http fetch GET 200 https://registry.npmjs.org/array-union/-/array-union-2.1.0.tgz 37960ms (cache miss)
834 http fetch GET 200 https://registry.npmjs.org/accepts/-/accepts-1.3.8.tgz 37951ms (cache miss)
835 http fetch GET 200 https://registry.npmjs.org/anser/-/anser-1.4.10.tgz 37953ms (cache miss)
836 http fetch GET 200 https://registry.npmjs.org/array.prototype.findlast/-/array.prototype.findlast-1.2.5.tgz 37961ms (cache miss)
837 http fetch GET 200 https://registry.npmjs.org/abab/-/abab-2.0.6.tgz 37950ms (cache miss)
838 warn deprecated abab@2.0.6: Use your platform's native atob() and btoa() methods instead
839 http fetch GET 200 https://registry.npmjs.org/@typescript-eslint/visitor-keys/-/visitor-keys-7.18.0.tgz 37951ms (cache miss)
840 http fetch GET 200 https://registry.npmjs.org/@types/jsdom/-/jsdom-20.0.1.tgz 38146ms (cache miss)
841 http fetch GET 200 https://registry.npmjs.org/@types/tough-cookie/-/tough-cookie-4.0.5.tgz 38250ms (cache miss)
842 http fetch GET 200 https://registry.npmjs.org/@tanstack/react-query-persist-client/-/react-query-persist-client-5.100.14.tgz 38245ms (cache miss)
843 http fetch GET 200 https://registry.npmjs.org/@sentry/types/-/types-10.37.0.tgz 38234ms (cache miss)
844 http fetch GET 200 https://registry.npmjs.org/cli-cursor/-/cli-cursor-2.1.0.tgz 38494ms (cache miss)
845 http fetch GET 200 https://registry.npmjs.org/@types/react-test-renderer/-/react-test-renderer-19.1.0.tgz 38452ms (cache miss)
846 http fetch GET 200 https://registry.npmjs.org/globals/-/globals-13.24.0.tgz 38560ms (cache miss)
847 http fetch GET 200 https://registry.npmjs.org/flow-enums-runtime/-/flow-enums-runtime-0.0.6.tgz 38558ms (cache miss)
848 http fetch GET 200 https://registry.npmjs.org/getenv/-/getenv-2.0.0.tgz 38865ms (cache miss)
849 http fetch GET 200 https://registry.npmjs.org/is-data-view/-/is-data-view-1.0.2.tgz 38885ms (cache miss)
850 http fetch GET 200 https://registry.npmjs.org/flat-cache/-/flat-cache-3.2.0.tgz 38857ms (cache miss)
851 http fetch GET 200 https://registry.npmjs.org/globby/-/globby-11.1.0.tgz 38866ms (cache miss)
852 http fetch GET 200 https://registry.npmjs.org/@typescript-eslint/parser/-/parser-7.18.0.tgz 38766ms (cache miss)
853 http fetch GET 200 https://registry.npmjs.org/@react-native/normalize-colors/-/normalize-colors-0.85.3.tgz 38735ms (cache miss)
854 http fetch GET 200 https://registry.npmjs.org/@react-native/metro-config/-/metro-config-0.85.3.tgz 38744ms (cache miss)
855 http fetch GET 200 https://registry.npmjs.org/@react-native/normalize-color/-/normalize-color-2.1.0.tgz 38744ms (cache miss)
856 http fetch GET 200 https://registry.npmjs.org/@react-native/jest-preset/-/jest-preset-0.85.3.tgz 38743ms (cache miss)
857 http fetch GET 200 https://registry.npmjs.org/@react-native/babel-preset/-/babel-preset-0.85.3.tgz 38740ms (cache miss)
858 http fetch GET 200 https://registry.npmjs.org/@react-native/babel-plugin-codegen/-/babel-plugin-codegen-0.85.3.tgz 38739ms (cache miss)
859 http fetch GET 200 https://registry.npmjs.org/universalify/-/universalify-0.2.0.tgz 39066ms (cache miss)
860 http fetch GET 200 https://registry.npmjs.org/use-latest-callback/-/use-latest-callback-0.2.6.tgz 39069ms (cache miss)
861 http fetch GET 200 https://registry.npmjs.org/terminal-link/-/terminal-link-2.1.1.tgz 39044ms (cache miss)
862 http fetch GET 200 https://registry.npmjs.org/dom-serializer/-/dom-serializer-2.0.0.tgz 38843ms (cache miss)
863 http fetch GET 200 https://registry.npmjs.org/escodegen/-/escodegen-2.1.0.tgz 38856ms (cache miss)
864 http fetch GET 200 https://registry.npmjs.org/@jest/transform/-/transform-29.7.0.tgz 38916ms (cache miss)
865 http fetch GET 200 https://registry.npmjs.org/stack-generator/-/stack-generator-2.0.10.tgz 39213ms (cache miss)
866 http fetch GET 200 https://registry.npmjs.org/@jest/source-map/-/source-map-29.6.3.tgz 38915ms (cache miss)
867 http fetch GET 200 https://registry.npmjs.org/stacktrace-parser/-/stacktrace-parser-0.1.11.tgz 39216ms (cache miss)
868 http fetch GET 200 https://registry.npmjs.org/@jest/schemas/-/schemas-29.6.3.tgz 38915ms (cache miss)
869 http fetch GET 200 https://registry.npmjs.org/@react-native/assets-registry/-/assets-registry-0.85.3.tgz 38921ms (cache miss)
870 http fetch GET 200 https://registry.npmjs.org/@jest/globals/-/globals-29.7.0.tgz 39014ms (cache miss)
871 http fetch GET 200 https://registry.npmjs.org/@jest/environment/-/environment-29.7.0.tgz 39012ms (cache miss)
872 http fetch GET 200 https://registry.npmjs.org/@humanwhocodes/object-schema/-/object-schema-2.0.3.tgz 39005ms (cache miss)
873 warn deprecated @humanwhocodes/object-schema@2.0.3: Use @eslint/object-schema instead
874 http fetch GET 200 https://registry.npmjs.org/@jest/create-cache-key-function/-/create-cache-key-function-29.7.0.tgz 39013ms (cache miss)
875 http fetch GET 200 https://registry.npmjs.org/@jest/console/-/console-29.7.0.tgz 39007ms (cache miss)
876 http fetch GET 200 https://registry.npmjs.org/@jest/fake-timers/-/fake-timers-29.7.0.tgz 39016ms (cache miss)
877 http fetch GET 200 https://registry.npmjs.org/@expo/plist/-/plist-0.7.0.tgz 39001ms (cache miss)
878 http fetch GET 200 https://registry.npmjs.org/@expo/spawn-async/-/spawn-async-1.8.0.tgz 39004ms (cache miss)
879 http fetch GET 200 https://registry.npmjs.org/@expo/metro-runtime/-/metro-runtime-56.0.15.tgz 39202ms (cache miss)
880 http fetch GET 200 https://registry.npmjs.org/@expo/json-file/-/json-file-10.2.0.tgz 39200ms (cache miss)
881 http fetch GET 200 https://registry.npmjs.org/@expo/local-build-cache-provider/-/local-build-cache-provider-56.0.8.tgz 39200ms (cache miss)
882 http fetch GET 200 https://registry.npmjs.org/@expo/inline-modules/-/inline-modules-0.0.12.tgz 39200ms (cache miss)
883 http fetch GET 200 https://registry.npmjs.org/@expo/osascript/-/osascript-2.6.0.tgz 39204ms (cache miss)
884 http fetch GET 200 https://registry.npmjs.org/@expo/config-types/-/config-types-56.0.6.tgz 39189ms (cache miss)
885 http fetch GET 200 https://registry.npmjs.org/diff-sequences/-/diff-sequences-29.6.3.tgz 39324ms (cache miss)
886 http fetch GET 200 https://registry.npmjs.org/split-on-first/-/split-on-first-1.1.0.tgz 39926ms (cache miss)
887 http fetch GET 200 https://registry.npmjs.org/@jest/test-sequencer/-/test-sequencer-29.7.0.tgz 39834ms (cache miss)
888 http fetch GET 200 https://registry.npmjs.org/@expo/sdk-runtime-versions/-/sdk-runtime-versions-1.0.0.tgz 40018ms (cache miss)
889 http fetch GET 200 https://registry.npmjs.org/@babel/plugin-transform-unicode-regex/-/plugin-transform-unicode-regex-7.27.1.tgz 39996ms (cache miss)
890 http fetch GET 200 https://registry.npmjs.org/@babel/plugin-transform-template-literals/-/plugin-transform-template-literals-7.27.1.tgz 39995ms (cache miss)
891 http fetch GET 200 https://registry.npmjs.org/@babel/plugin-transform-react-jsx-development/-/plugin-transform-react-jsx-development-7.27.1.tgz 39993ms (cache miss)
892 http fetch GET 200 https://registry.npmjs.org/@babel/plugin-transform-private-property-in-object/-/plugin-transform-private-property-in-object-7.28.6.tgz 39993ms (cache miss)
893 http fetch GET 200 https://registry.npmjs.org/@babel/plugin-transform-react-pure-annotations/-/plugin-transform-react-pure-annotations-7.27.1.tgz 39995ms (cache miss)
894 http fetch GET 200 https://registry.npmjs.org/@babel/plugin-transform-optional-chaining/-/plugin-transform-optional-chaining-7.28.6.tgz 39991ms (cache miss)
895 http fetch GET 200 https://registry.npmjs.org/@babel/plugin-transform-runtime/-/plugin-transform-runtime-7.29.0.tgz 39995ms (cache miss)
896 http fetch GET 200 https://registry.npmjs.org/@babel/plugin-transform-private-methods/-/plugin-transform-private-methods-7.28.6.tgz 39992ms (cache miss)
897 http fetch GET 200 https://registry.npmjs.org/@babel/plugin-transform-optional-catch-binding/-/plugin-transform-optional-catch-binding-7.28.6.tgz 39992ms (cache miss)
898 http fetch GET 200 https://registry.npmjs.org/@jest/test-result/-/test-result-29.7.0.tgz 40038ms (cache miss)
899 http fetch GET 200 https://registry.npmjs.org/@babel/plugin-transform-nullish-coalescing-operator/-/plugin-transform-nullish-coalescing-operator-7.28.6.tgz 39991ms (cache miss)
900 http fetch GET 200 https://registry.npmjs.org/@babel/plugin-transform-for-of/-/plugin-transform-for-of-7.27.1.tgz 39984ms (cache miss)
901 http fetch GET 200 https://registry.npmjs.org/@babel/plugin-transform-named-capturing-groups-regex/-/plugin-transform-named-capturing-groups-regex-7.29.0.tgz 39985ms (cache miss)
902 http fetch GET 200 https://registry.npmjs.org/@babel/plugin-transform-logical-assignment-operators/-/plugin-transform-logical-assignment-operators-7.28.6.tgz 39984ms (cache miss)
903 http fetch GET 200 https://registry.npmjs.org/@babel/plugin-transform-flow-strip-types/-/plugin-transform-flow-strip-types-7.27.1.tgz 39983ms (cache miss)
904 http fetch GET 200 https://registry.npmjs.org/@babel/plugin-transform-export-namespace-from/-/plugin-transform-export-namespace-from-7.27.1.tgz 39983ms (cache miss)
905 http fetch GET 200 https://registry.npmjs.org/@babel/plugin-transform-arrow-functions/-/plugin-transform-arrow-functions-7.27.1.tgz 39980ms (cache miss)
906 http fetch GET 200 https://registry.npmjs.org/@babel/plugin-transform-class-properties/-/plugin-transform-class-properties-7.28.6.tgz 39982ms (cache miss)
907 http fetch GET 200 https://registry.npmjs.org/@babel/plugin-transform-async-to-generator/-/plugin-transform-async-to-generator-7.28.6.tgz 39981ms (cache miss)
908 http fetch GET 200 https://registry.npmjs.org/@babel/plugin-syntax-dynamic-import/-/plugin-syntax-dynamic-import-7.8.3.tgz 39978ms (cache miss)
909 http fetch GET 200 https://registry.npmjs.org/@babel/plugin-proposal-export-default-from/-/plugin-proposal-export-default-from-7.27.1.tgz 39978ms (cache miss)
910 http fetch GET 200 https://registry.npmjs.org/@babel/plugin-syntax-export-default-from/-/plugin-syntax-export-default-from-7.28.6.tgz 39979ms (cache miss)
911 http fetch GET 200 https://registry.npmjs.org/@babel/plugin-syntax-flow/-/plugin-syntax-flow-7.28.6.tgz 39980ms (cache miss)
912 http fetch GET 200 https://registry.npmjs.org/@babel/plugin-transform-async-generator-functions/-/plugin-transform-async-generator-functions-7.29.0.tgz 39981ms (cache miss)
913 http fetch GET 200 https://registry.npmjs.org/@babel/highlight/-/highlight-7.25.9.tgz 39977ms (cache miss)
914 http fetch GET 200 https://registry.npmjs.org/@babel/helper-wrap-function/-/helper-wrap-function-7.28.6.tgz 39977ms (cache miss)
915 http fetch GET 200 https://registry.npmjs.org/@babel/helper-validator-option/-/helper-validator-option-7.27.1.tgz 39976ms (cache miss)
916 http fetch GET 200 https://registry.npmjs.org/@babel/helper-skip-transparent-expression-wrappers/-/helper-skip-transparent-expression-wrappers-7.27.1.tgz 39975ms (cache miss)
917 http fetch GET 200 https://registry.npmjs.org/@babel/helper-create-regexp-features-plugin/-/helper-create-regexp-features-plugin-7.28.5.tgz 39967ms (cache miss)
918 http fetch GET 200 https://registry.npmjs.org/@babel/helper-compilation-targets/-/helper-compilation-targets-7.28.6.tgz 39966ms (cache miss)
919 http fetch GET 200 https://registry.npmjs.org/@babel/helper-optimise-call-expression/-/helper-optimise-call-expression-7.27.1.tgz 39969ms (cache miss)
920 http fetch GET 200 https://registry.npmjs.org/@babel/helper-member-expression-to-functions/-/helper-member-expression-to-functions-7.28.5.tgz 39969ms (cache miss)
921 http fetch GET 200 https://registry.npmjs.org/@babel/plugin-syntax-import-attributes/-/plugin-syntax-import-attributes-7.28.6.tgz 39983ms (cache miss)
922 http fetch GET 200 https://registry.npmjs.org/@babel/helper-globals/-/helper-globals-7.28.0.tgz 39969ms (cache miss)
923 http fetch GET 200 https://registry.npmjs.org/@babel/plugin-transform-shorthand-properties/-/plugin-transform-shorthand-properties-7.27.1.tgz 40005ms (cache miss)
924 http fetch GET 200 https://registry.npmjs.org/array.prototype.flat/-/array.prototype.flat-1.3.3.tgz 40110ms (cache miss)
925 http fetch GET 200 https://registry.npmjs.org/acorn-globals/-/acorn-globals-7.0.1.tgz 40103ms (cache miss)
926 http fetch GET 200 https://registry.npmjs.org/@eslint/js/-/js-8.57.1.tgz 40012ms (cache miss)
927 http fetch GET 200 https://registry.npmjs.org/color/-/color-4.2.3.tgz 40139ms (cache miss)
928 http fetch GET 200 https://registry.npmjs.org/@types/react-reconciler/-/react-reconciler-0.33.0.tgz 40095ms (cache miss)
929 http fetch GET 200 https://registry.npmjs.org/@types/graceful-fs/-/graceful-fs-4.1.9.tgz 40093ms (cache miss)
930 http fetch GET 200 https://registry.npmjs.org/hoist-non-react-statics/-/hoist-non-react-statics-3.3.2.tgz 40210ms (cache miss)
931 http fetch GET 200 https://registry.npmjs.org/@babel/compat-data/-/compat-data-7.29.3.tgz 39973ms (cache miss)
932 http fetch GET 200 https://registry.npmjs.org/type-fest/-/type-fest-0.7.1.tgz 39971ms (cache miss)
933 http fetch GET 200 https://registry.npmjs.org/@babel/helper-annotate-as-pure/-/helper-annotate-as-pure-7.27.3.tgz 40058ms (cache miss)
934 http fetch GET 200 https://registry.npmjs.org/is-arrayish/-/is-arrayish-0.3.4.tgz 40054ms (cache miss)
935 http fetch GET 200 https://registry.npmjs.org/bplist-parser/-/bplist-parser-0.3.1.tgz 40054ms (cache miss)
936 http fetch GET 200 https://registry.npmjs.org/onetime/-/onetime-2.0.1.tgz 40053ms (cache miss)
937 http fetch GET 200 https://registry.npmjs.org/@babel/helper-remap-async-to-generator/-/helper-remap-async-to-generator-7.27.1.tgz 40063ms (cache miss)
938 http fetch GET 200 https://registry.npmjs.org/mimic-fn/-/mimic-fn-1.2.0.tgz 40053ms (cache miss)
939 http fetch GET 200 https://registry.npmjs.org/brace-expansion/-/brace-expansion-1.1.15.tgz 40050ms (cache miss)
940 http fetch GET 200 https://registry.npmjs.org/@expo/json-file/-/json-file-8.3.3.tgz 40040ms (cache miss)
941 http fetch GET 200 https://registry.npmjs.org/@expo/plist/-/plist-0.1.3.tgz 40050ms (cache miss)
942 http fetch GET 200 https://registry.npmjs.org/strip-ansi/-/strip-ansi-5.2.0.tgz 40030ms (cache miss)
943 http fetch GET 200 https://registry.npmjs.org/write-file-atomic/-/write-file-atomic-2.4.3.tgz 40053ms (cache miss)
944 http fetch GET 200 https://registry.npmjs.org/brace-expansion/-/brace-expansion-1.1.14.tgz 40152ms (cache miss)
945 http fetch GET 200 https://registry.npmjs.org/ansi-regex/-/ansi-regex-4.1.1.tgz 40126ms (cache miss)
946 http fetch GET 200 https://registry.npmjs.org/ci-info/-/ci-info-2.0.0.tgz 40118ms (cache miss)
947 http fetch GET 200 https://registry.npmjs.org/string-length/-/string-length-5.0.1.tgz 40116ms (cache miss)
948 http fetch GET 200 https://registry.npmjs.org/chalk/-/chalk-3.0.0.tgz 40114ms (cache miss)
949 http fetch GET 200 https://registry.npmjs.org/@babel/code-frame/-/code-frame-7.10.4.tgz 40337ms (cache miss)
950 http fetch GET 200 https://registry.npmjs.org/slash/-/slash-5.1.0.tgz 40419ms (cache miss)
951 http fetch GET 200 https://registry.npmjs.org/jest-matcher-utils/-/jest-matcher-utils-29.7.0.tgz 40417ms (cache miss)
952 http fetch GET 200 https://registry.npmjs.org/ansi-escapes/-/ansi-escapes-6.2.1.tgz 40419ms (cache miss)
953 http fetch GET 200 https://registry.npmjs.org/negotiator/-/negotiator-0.6.4.tgz 40396ms (cache miss)
954 http fetch GET 200 https://registry.npmjs.org/@react-native/normalize-colors/-/normalize-colors-0.74.89.tgz 40456ms (cache miss)
955 http fetch GET 200 https://registry.npmjs.org/write-file-atomic/-/write-file-atomic-4.0.2.tgz 40883ms (cache miss)
956 http fetch GET 200 https://registry.npmjs.org/@react-native/metro-babel-transformer/-/metro-babel-transformer-0.85.3.tgz 40753ms (cache miss)
957 http fetch GET 200 https://registry.npmjs.org/@react-native/js-polyfills/-/js-polyfills-0.85.3.tgz 40855ms (cache miss)
958 http fetch GET 200 https://registry.npmjs.org/validate-npm-package-name/-/validate-npm-package-name-5.0.1.tgz 41181ms (cache miss)
959 http fetch GET 200 https://registry.npmjs.org/throat/-/throat-5.0.0.tgz 41474ms (cache miss)
960 http fetch GET 200 https://registry.npmjs.org/@types/jest/-/jest-29.5.14.tgz 41294ms (cache miss)
961 http fetch GET 200 https://registry.npmjs.org/string.prototype.repeat/-/string.prototype.repeat-1.0.0.tgz 41554ms (cache miss)
962 http fetch GET 200 https://registry.npmjs.org/@sinonjs/fake-timers/-/fake-timers-10.3.0.tgz 41282ms (cache miss)
963 http fetch GET 200 https://registry.npmjs.org/react-refresh/-/react-refresh-0.14.2.tgz 41529ms (cache miss)
964 http fetch GET 200 https://registry.npmjs.org/set-proto/-/set-proto-1.0.0.tgz 41546ms (cache miss)
965 http fetch GET 200 https://registry.npmjs.org/whatwg-encoding/-/whatwg-encoding-2.0.0.tgz 41592ms (cache miss)
966 warn deprecated whatwg-encoding@2.0.0: Use @exodus/bytes instead for a more spec-conformant and faster implementation
967 http fetch GET 200 https://registry.npmjs.org/sisteransi/-/sisteransi-1.0.5.tgz 41552ms (cache miss)
968 http fetch GET 200 https://registry.npmjs.org/typed-array-length/-/typed-array-length-1.0.7.tgz 41586ms (cache miss)
969 http fetch GET 200 https://registry.npmjs.org/symbol-tree/-/symbol-tree-3.2.4.tgz 41565ms (cache miss)
970 http fetch GET 200 https://registry.npmjs.org/getenv/-/getenv-1.0.0.tgz 41173ms (cache miss)
971 http fetch GET 200 https://registry.npmjs.org/@types/hammerjs/-/hammerjs-2.0.46.tgz 41302ms (cache miss)
972 http fetch GET 200 https://registry.npmjs.org/@jest/expect-utils/-/expect-utils-29.7.0.tgz 41256ms (cache miss)
973 http fetch GET 200 https://registry.npmjs.org/@expo/sudo-prompt/-/sudo-prompt-9.3.2.tgz 41246ms (cache miss)
974 http fetch GET 200 https://registry.npmjs.org/@isaacs/ttlcache/-/ttlcache-1.4.1.tgz 41248ms (cache miss)
975 http fetch GET 200 https://registry.npmjs.org/@humanwhocodes/config-array/-/config-array-0.13.0.tgz 41248ms (cache miss)
976 warn deprecated @humanwhocodes/config-array@0.13.0: Use @eslint/config-array instead
977 http fetch GET 200 https://registry.npmjs.org/@jest/types/-/types-29.6.3.tgz 41263ms (cache miss)
978 http fetch GET 200 https://registry.npmjs.org/connect/-/connect-3.7.0.tgz 41355ms (cache miss)
979 http fetch GET 200 https://registry.npmjs.org/mime/-/mime-1.6.0.tgz 41478ms (cache miss)
980 http fetch GET 200 https://registry.npmjs.org/istanbul-lib-instrument/-/istanbul-lib-instrument-5.2.1.tgz 41632ms (cache miss)
981 http fetch GET 200 https://registry.npmjs.org/@babel/plugin-transform-destructuring/-/plugin-transform-destructuring-7.28.5.tgz 41701ms (cache miss)
982 http fetch GET 200 https://registry.npmjs.org/@babel/plugin-transform-class-static-block/-/plugin-transform-class-static-block-7.28.6.tgz 41800ms (cache miss)
983 http fetch GET 200 https://registry.npmjs.org/@babel/plugin-proposal-decorators/-/plugin-proposal-decorators-7.29.0.tgz 41795ms (cache miss)
984 http fetch GET 200 https://registry.npmjs.org/@babel/plugin-transform-react-display-name/-/plugin-transform-react-display-name-7.28.0.tgz 41815ms (cache miss)
985 http fetch GET 200 https://registry.npmjs.org/@babel/plugin-syntax-decorators/-/plugin-syntax-decorators-7.28.6.tgz 41796ms (cache miss)
986 http fetch GET 200 https://registry.npmjs.org/@babel/helper-string-parser/-/helper-string-parser-7.27.1.tgz 41793ms (cache miss)
987 http fetch GET 200 https://registry.npmjs.org/@babel/preset-typescript/-/preset-typescript-7.28.5.tgz 41821ms (cache miss)
988 http fetch GET 200 https://registry.npmjs.org/@babel/code-frame/-/code-frame-7.29.0.tgz 41783ms (cache miss)
989 http fetch GET 200 https://registry.npmjs.org/ci-info/-/ci-info-3.9.0.tgz 41946ms (cache miss)
990 http fetch GET 200 https://registry.npmjs.org/@babel/helper-replace-supers/-/helper-replace-supers-7.28.6.tgz 42099ms (cache miss)
991 http fetch GET 200 https://registry.npmjs.org/glob/-/glob-7.1.6.tgz 42285ms (cache miss)
992 warn deprecated glob@7.1.6: Old versions of glob are not supported, and contain widely publicized security vulnerabilities, which have been fixed in the current version. Please update. Support for old versions may be purchased (at exorbitant rates) by contacting i@izs.me
993 http fetch GET 200 https://registry.npmjs.org/@expo/config-types/-/config-types-50.0.1.tgz 42373ms (cache miss)
994 http fetch GET 200 https://registry.npmjs.org/char-regex/-/char-regex-2.0.2.tgz 42459ms (cache miss)
995 http fetch GET 200 https://registry.npmjs.org/@babel/plugin-transform-object-rest-spread/-/plugin-transform-object-rest-spread-7.28.6.tgz 42730ms (cache miss)
996 http fetch GET 200 https://registry.npmjs.org/toqr/-/toqr-0.1.1.tgz 43209ms (cache miss)
997 http fetch GET 200 https://registry.npmjs.org/send/-/send-0.19.2.tgz 43171ms (cache miss)
998 http fetch GET 200 https://registry.npmjs.org/sax/-/sax-1.6.0.tgz 43169ms (cache miss)
999 http fetch GET 200 https://registry.npmjs.org/w3c-xmlserializer/-/w3c-xmlserializer-4.0.0.tgz 43235ms (cache miss)
1000 http fetch GET 200 https://registry.npmjs.org/@jest/expect/-/expect-29.7.0.tgz 42897ms (cache miss)
1001 http fetch GET 200 https://registry.npmjs.org/eslint-plugin-react-hooks/-/eslint-plugin-react-hooks-4.6.2.tgz 43020ms (cache miss)
1002 warn deprecated domexception@4.0.0: Use your platform's native DOMException instead
1003 http fetch GET 200 https://registry.npmjs.org/marky/-/marky-1.3.0.tgz 43113ms (cache miss)
1004 http fetch GET 200 https://registry.npmjs.org/istanbul-lib-source-maps/-/istanbul-lib-source-maps-4.0.1.tgz 43086ms (cache miss)
1005 http fetch GET 200 https://registry.npmjs.org/nwsapi/-/nwsapi-2.2.23.tgz 43127ms (cache miss)
1006 http fetch GET 200 https://registry.npmjs.org/@babel/plugin-transform-modules-commonjs/-/plugin-transform-modules-commonjs-7.28.6.tgz 42854ms (cache miss)
1007 http fetch GET 200 https://registry.npmjs.org/@babel/plugin-transform-classes/-/plugin-transform-classes-7.28.6.tgz 42853ms (cache miss)
1008 http fetch GET 200 https://registry.npmjs.org/@babel/helper-validator-identifier/-/helper-validator-identifier-7.28.5.tgz 42845ms (cache miss)
1009 http fetch GET 200 https://registry.npmjs.org/@babel/plugin-transform-react-jsx/-/plugin-transform-react-jsx-7.28.6.tgz 42939ms (cache miss)
1010 http fetch GET 200 https://registry.npmjs.org/jest-each/-/jest-each-29.7.0.tgz 43468ms (cache miss)
1011 http fetch GET 200 https://registry.npmjs.org/idb/-/idb-8.0.3.tgz 43862ms (cache miss)
1012 http fetch GET 200 https://registry.npmjs.org/debug/-/debug-3.2.7.tgz 43750ms (cache miss)
1013 http fetch GET 200 https://registry.npmjs.org/progress/-/progress-2.0.3.tgz 44432ms (cache miss)
1014 http fetch GET 200 https://registry.npmjs.org/object.fromentries/-/object.fromentries-2.0.8.tgz 44621ms (cache miss)
1015 http fetch GET 200 https://registry.npmjs.org/eventemitter3/-/eventemitter3-5.0.4.tgz 44948ms (cache miss)
1016 http fetch GET 200 https://registry.npmjs.org/memoize-one/-/memoize-one-6.0.0.tgz 44846ms (cache miss)
1017 http fetch GET 200 https://registry.npmjs.org/xml-name-validator/-/xml-name-validator-4.0.0.tgz 45373ms (cache miss)
1018 http fetch GET 200 https://registry.npmjs.org/tinyglobby/-/tinyglobby-0.2.16.tgz 45460ms (cache miss)
1019 http fetch GET 200 https://registry.npmjs.org/reflect.getprototypeof/-/reflect.getprototypeof-1.0.10.tgz 45612ms (cache miss)
1020 http fetch GET 200 https://registry.npmjs.org/commander/-/commander-7.2.0.tgz 45631ms (cache miss)
1021 http fetch GET 200 https://registry.npmjs.org/is-generator-function/-/is-generator-function-1.1.2.tgz 46022ms (cache miss)
1022 http fetch GET 200 https://registry.npmjs.org/globalthis/-/globalthis-1.0.4.tgz 46337ms (cache miss)
1023 http fetch GET 200 https://registry.npmjs.org/fetch-nodeshim/-/fetch-nodeshim-0.4.10.tgz 46499ms (cache miss)
1024 http fetch GET 200 https://registry.npmjs.org/abort-controller/-/abort-controller-3.0.0.tgz 46412ms (cache miss)
1025 http fetch GET 200 https://registry.npmjs.org/brace-expansion/-/brace-expansion-1.1.14.tgz 46430ms (cache miss)
1026 http fetch GET 200 https://registry.npmjs.org/brace-expansion/-/brace-expansion-1.1.14.tgz 46512ms (cache miss)
1027 http fetch GET 200 https://registry.npmjs.org/brace-expansion/-/brace-expansion-1.1.14.tgz 46513ms (cache miss)
1028 http fetch GET 200 https://registry.npmjs.org/brace-expansion/-/brace-expansion-1.1.14.tgz 46504ms (cache miss)
1029 http fetch GET 200 https://registry.npmjs.org/brace-expansion/-/brace-expansion-1.1.14.tgz 46503ms (cache miss)
1030 http fetch GET 200 https://registry.npmjs.org/brace-expansion/-/brace-expansion-1.1.14.tgz 46503ms (cache miss)
1031 http fetch GET 200 https://registry.npmjs.org/brace-expansion/-/brace-expansion-1.1.14.tgz 46522ms (cache miss)
1032 http fetch GET 200 https://registry.npmjs.org/brace-expansion/-/brace-expansion-1.1.14.tgz 46575ms (cache miss)
1033 http fetch GET 200 https://registry.npmjs.org/jest-matcher-utils/-/jest-matcher-utils-29.7.0.tgz 46525ms (cache miss)
1034 http fetch GET 200 https://registry.npmjs.org/jest-matcher-utils/-/jest-matcher-utils-29.7.0.tgz 46722ms (cache miss)
1035 http fetch GET 200 https://registry.npmjs.org/@babel/plugin-transform-parameters/-/plugin-transform-parameters-7.27.7.tgz 46815ms (cache miss)
1036 http fetch GET 200 https://registry.npmjs.org/@babel/helper-module-imports/-/helper-module-imports-7.28.6.tgz 46810ms (cache miss)
1037 http fetch GET 200 https://registry.npmjs.org/typed-array-byte-offset/-/typed-array-byte-offset-1.0.4.tgz 47290ms (cache miss)
1038 http fetch GET 200 https://registry.npmjs.org/typed-array-byte-length/-/typed-array-byte-length-1.0.3.tgz 47290ms (cache miss)
1039 http fetch GET 200 https://registry.npmjs.org/espree/-/espree-9.6.1.tgz 47129ms (cache miss)
1040 http fetch GET 200 https://registry.npmjs.org/doctrine/-/doctrine-3.0.0.tgz 47112ms (cache miss)
1041 http fetch GET 200 https://registry.npmjs.org/webidl-conversions/-/webidl-conversions-7.0.0.tgz 47348ms (cache miss)
1042 http fetch GET 200 https://registry.npmjs.org/typed-array-buffer/-/typed-array-buffer-1.0.3.tgz 47340ms (cache miss)
1043 http fetch GET 200 https://registry.npmjs.org/@expo/env/-/env-2.3.0.tgz 46998ms (cache miss)
1044 http fetch GET 200 https://registry.npmjs.org/cjs-module-lexer/-/cjs-module-lexer-1.4.3.tgz 47247ms (cache miss)
1045 http fetch GET 200 https://registry.npmjs.org/bplist-creator/-/bplist-creator-0.1.0.tgz 47540ms (cache miss)
1046 http fetch GET 200 https://registry.npmjs.org/big-integer/-/big-integer-1.6.52.tgz 47639ms (cache miss)
1047 http fetch GET 200 https://registry.npmjs.org/whatwg-mimetype/-/whatwg-mimetype-3.0.0.tgz 48209ms (cache miss)
1048 http fetch GET 200 https://registry.npmjs.org/rtl-detect/-/rtl-detect-1.1.2.tgz 48268ms (cache miss)
1049 http fetch GET 200 https://registry.npmjs.org/multitars/-/multitars-1.0.0.tgz 48417ms (cache miss)
1050 http fetch GET 200 https://registry.npmjs.org/object.values/-/object.values-1.2.1.tgz 48725ms (cache miss)
1051 http fetch GET 200 https://registry.npmjs.org/metro-transform-worker/-/metro-transform-worker-0.84.4.tgz 48912ms (cache miss)
1052 http fetch GET 200 https://registry.npmjs.org/array-includes/-/array-includes-3.1.9.tgz 48860ms (cache miss)
1053 http fetch GET 200 https://registry.npmjs.org/doctrine/-/doctrine-2.1.0.tgz 48664ms (cache miss)
1054 http fetch GET 200 https://registry.npmjs.org/shell-quote/-/shell-quote-1.8.4.tgz 49301ms (cache miss)
1055 http fetch GET 200 https://registry.npmjs.org/object.entries/-/object.entries-1.1.9.tgz 49435ms (cache miss)
1056 http fetch GET 200 https://registry.npmjs.org/unbox-primitive/-/unbox-primitive-1.1.0.tgz 50346ms (cache miss)
1057 http fetch GET 200 https://registry.npmjs.org/string.prototype.matchall/-/string.prototype.matchall-4.0.12.tgz 50321ms (cache miss)
1058 http fetch GET 200 https://registry.npmjs.org/text-table/-/text-table-0.2.0.tgz 50529ms (cache miss)
1059 http fetch GET 200 https://registry.npmjs.org/@babel/plugin-transform-block-scoping/-/plugin-transform-block-scoping-7.28.6.tgz 50767ms (cache miss)
1060 http fetch GET 200 https://registry.npmjs.org/@expo/code-signing-certificates/-/code-signing-certificates-0.0.6.tgz 51504ms (cache miss)
1061 http fetch GET 200 https://registry.npmjs.org/@ungap/structured-clone/-/structured-clone-1.3.1.tgz 52096ms (cache miss)
1062 http fetch GET 200 https://registry.npmjs.org/jest-diff/-/jest-diff-29.7.0.tgz 52324ms (cache miss)
1063 http fetch GET 200 https://registry.npmjs.org/ua-parser-js/-/ua-parser-js-1.0.41.tgz 52517ms (cache miss)
1064 http fetch GET 200 https://registry.npmjs.org/jest-diff/-/jest-diff-29.7.0.tgz 52623ms (cache miss)
1065 http fetch GET 200 https://registry.npmjs.org/jest-diff/-/jest-diff-29.7.0.tgz 52816ms (cache miss)
1066 http fetch GET 200 https://registry.npmjs.org/scheduler/-/scheduler-0.27.0.tgz 53443ms (cache miss)
1067 http fetch GET 200 https://registry.npmjs.org/function.prototype.name/-/function.prototype.name-1.1.8.tgz 53715ms (cache miss)
1068 http fetch GET 200 https://registry.npmjs.org/electron-to-chromium/-/electron-to-chromium-1.5.361.tgz 53981ms (cache miss)
1069 http fetch GET 200 https://registry.npmjs.org/dnssd-advertise/-/dnssd-advertise-1.1.6.tgz 54172ms (cache miss)
1070 http fetch GET 200 https://registry.npmjs.org/use-sync-external-store/-/use-sync-external-store-1.6.0.tgz 54509ms (cache miss)
1071 http fetch GET 200 https://registry.npmjs.org/jest-snapshot/-/jest-snapshot-29.7.0.tgz 54465ms (cache miss)
1072 http fetch GET 200 https://registry.npmjs.org/react-native-get-random-values/-/react-native-get-random-values-2.0.0.tgz 55143ms (cache miss)
1073 http fetch GET 200 https://registry.npmjs.org/eslint-scope/-/eslint-scope-7.2.2.tgz 55201ms (cache miss)
1074 http fetch GET 200 https://registry.npmjs.org/stacktrace-gps/-/stacktrace-gps-3.1.2.tgz 55383ms (cache miss)
1075 http fetch GET 200 https://registry.npmjs.org/simple-plist/-/simple-plist-1.3.1.tgz 55380ms (cache miss)
1076 http fetch GET 200 https://registry.npmjs.org/@expo/ws-tunnel/-/ws-tunnel-2.0.0.tgz 55074ms (cache miss)
1077 http fetch GET 200 https://registry.npmjs.org/@expo/schema-utils/-/schema-utils-56.0.1.tgz 55071ms (cache miss)
1078 http fetch GET 200 https://registry.npmjs.org/cross-fetch/-/cross-fetch-3.2.0.tgz 55481ms (cache miss)
1079 http fetch GET 200 https://registry.npmjs.org/which-builtin-type/-/which-builtin-type-1.2.1.tgz 56335ms (cache miss)
1080 http fetch GET 200 https://registry.npmjs.org/expect/-/expect-29.7.0.tgz 56222ms (cache miss)
1081 http fetch GET 200 https://registry.npmjs.org/event-target-shim/-/event-target-shim-5.0.1.tgz 57131ms (cache miss)
1082 http fetch GET 200 https://registry.npmjs.org/whatwg-fetch/-/whatwg-fetch-3.6.20.tgz 57452ms (cache miss)
1083 http fetch GET 200 https://registry.npmjs.org/string.prototype.trimstart/-/string.prototype.trimstart-1.0.8.tgz 57624ms (cache miss)
1084 http fetch GET 200 https://registry.npmjs.org/decimal.js/-/decimal.js-10.6.0.tgz 57721ms (cache miss)
1085 http fetch GET 200 https://registry.npmjs.org/@babel/plugin-transform-typescript/-/plugin-transform-typescript-7.28.6.tgz 57586ms (cache miss)
1086 http fetch GET 200 https://registry.npmjs.org/@babel/template/-/template-7.28.6.tgz 57787ms (cache miss)
1087 http fetch GET 200 https://registry.npmjs.org/string.prototype.trim/-/string.prototype.trim-1.2.10.tgz 58634ms (cache miss)
1088 http fetch GET 200 https://registry.npmjs.org/jest-circus/-/jest-circus-29.7.0.tgz 58514ms (cache miss)
1089 http fetch GET 200 https://registry.npmjs.org/baseline-browser-mapping/-/baseline-browser-mapping-2.10.32.tgz 58822ms (cache miss)
1090 http fetch GET 200 https://registry.npmjs.org/cssom/-/cssom-0.3.8.tgz 58696ms (cache miss)
1091 http fetch GET 200 https://registry.npmjs.org/url-parse/-/url-parse-1.5.10.tgz 59373ms (cache miss)
1092 http fetch GET 200 https://registry.npmjs.org/@xmldom/xmldom/-/xmldom-0.7.13.tgz 59056ms (cache miss)
1093 http fetch GET 200 https://registry.npmjs.org/string.prototype.trimend/-/string.prototype.trimend-1.0.9.tgz 59447ms (cache miss)
1094 http fetch GET 200 https://registry.npmjs.org/commander/-/commander-12.1.0.tgz 59553ms (cache miss)
1095 http fetch GET 200 https://registry.npmjs.org/metro-transform-plugins/-/metro-transform-plugins-0.84.4.tgz 60677ms (cache miss)
1096 http fetch GET 200 https://registry.npmjs.org/@xmldom/xmldom/-/xmldom-0.8.13.tgz 60918ms (cache miss)
1097 http fetch GET 200 https://registry.npmjs.org/saxes/-/saxes-6.0.0.tgz 61555ms (cache miss)
1098 http fetch GET 200 https://registry.npmjs.org/xml2js/-/xml2js-0.6.0.tgz 61816ms (cache miss)
1099 http fetch GET 200 https://registry.npmjs.org/jest-worker/-/jest-worker-29.7.0.tgz 61877ms (cache miss)
1100 http fetch GET 200 https://registry.npmjs.org/jest-config/-/jest-config-29.7.0.tgz 62059ms (cache miss)
1101 http fetch GET 200 https://registry.npmjs.org/@babel/helper-module-transforms/-/helper-module-transforms-7.28.6.tgz 61805ms (cache miss)
1102 http fetch GET 200 https://registry.npmjs.org/ws/-/ws-7.5.11.tgz 61743ms (cache miss)
1103 warn deprecated @xmldom/xmldom@0.7.13: this version has critical issues, please update to the latest version
1104 http fetch GET 200 https://registry.npmjs.org/tr46/-/tr46-3.0.0.tgz 62611ms (cache miss)
1105 http fetch GET 200 https://registry.npmjs.org/ws/-/ws-7.5.11.tgz 62283ms (cache miss)
1106 http fetch GET 200 https://registry.npmjs.org/test-renderer/-/test-renderer-1.2.0.tgz 63506ms (cache miss)
1107 http fetch GET 200 https://registry.npmjs.org/babel-plugin-polyfill-corejs3/-/babel-plugin-polyfill-corejs3-0.13.0.tgz 63467ms (cache miss)
1108 http fetch GET 200 https://registry.npmjs.org/metro-symbolicate/-/metro-symbolicate-0.84.4.tgz 63915ms (cache miss)
1109 http fetch GET 200 https://registry.npmjs.org/ws/-/ws-7.5.11.tgz 64309ms (cache miss)
1110 http fetch GET 200 https://registry.npmjs.org/sf-symbols-typescript/-/sf-symbols-typescript-2.2.0.tgz 64805ms (cache miss)
1111 http fetch GET 200 https://registry.npmjs.org/ws/-/ws-7.5.11.tgz 64407ms (cache miss)
1112 http fetch GET 200 https://registry.npmjs.org/@sentry/babel-plugin-component-annotate/-/babel-plugin-component-annotate-4.8.0.tgz 65351ms (cache miss)
1113 http fetch GET 200 https://registry.npmjs.org/@typescript-eslint/types/-/types-7.18.0.tgz 65784ms (cache miss)
1114 http fetch GET 200 https://registry.npmjs.org/stream-buffers/-/stream-buffers-2.2.0.tgz 66338ms (cache miss)
1115 http fetch GET 200 https://registry.npmjs.org/metro-runtime/-/metro-runtime-0.84.4.tgz 66558ms (cache miss)
1116 http fetch GET 200 https://registry.npmjs.org/@expo/require-utils/-/require-utils-56.1.3.tgz 67235ms (cache miss)
1117 http fetch GET 200 https://registry.npmjs.org/jest-haste-map/-/jest-haste-map-29.7.0.tgz 68244ms (cache miss)
1118 http fetch GET 200 https://registry.npmjs.org/@sentry/cli/-/cli-2.58.4.tgz 68291ms (cache miss)
1119 http fetch GET 200 https://registry.npmjs.org/jimp-compact/-/jimp-compact-0.16.1.tgz 68772ms (cache miss)
1120 http fetch GET 200 https://registry.npmjs.org/node-exports-info/-/node-exports-info-1.6.0.tgz 69100ms (cache miss)
1121 http fetch GET 200 https://registry.npmjs.org/chrome-launcher/-/chrome-launcher-0.15.2.tgz 69465ms (cache miss)
1122 http fetch GET 200 https://registry.npmjs.org/structured-headers/-/structured-headers-0.4.1.tgz 69891ms (cache miss)
1123 http fetch GET 200 https://registry.npmjs.org/@expo/image-utils/-/image-utils-0.10.1.tgz 69970ms (cache miss)
1124 http fetch GET 200 https://registry.npmjs.org/@jest/reporters/-/reporters-29.7.0.tgz 69992ms (cache miss)
1125 http fetch GET 200 https://registry.npmjs.org/xmlchars/-/xmlchars-2.2.0.tgz 71443ms (cache miss)
1126 http fetch GET 200 https://registry.npmjs.org/ts-api-utils/-/ts-api-utils-1.4.3.tgz 71629ms (cache miss)
1127 http fetch GET 200 https://registry.npmjs.org/whatwg-url/-/whatwg-url-11.0.0.tgz 72455ms (cache miss)
1128 http fetch GET 200 https://registry.npmjs.org/chromium-edge-launcher/-/chromium-edge-launcher-0.3.0.tgz 72606ms (cache miss)
1129 http fetch GET 200 https://registry.npmjs.org/xcode/-/xcode-3.0.1.tgz 73172ms (cache miss)
1130 http fetch GET 200 https://registry.npmjs.org/react/-/react-19.2.3.tgz 73182ms (cache miss)
1131 http fetch GET 200 https://registry.npmjs.org/ua-parser-js/-/ua-parser-js-0.7.41.tgz 73675ms (cache miss)
1132 http fetch GET 200 https://registry.npmjs.org/tough-cookie/-/tough-cookie-4.1.4.tgz 75494ms (cache miss)
1133 http fetch GET 200 https://registry.npmjs.org/whatwg-url-minimum/-/whatwg-url-minimum-0.1.2.tgz 76031ms (cache miss)
1134 http fetch GET 200 https://registry.npmjs.org/@types/react/-/react-19.2.15.tgz 75947ms (cache miss)
1135 http fetch GET 200 https://registry.npmjs.org/@xmldom/xmldom/-/xmldom-0.9.10.tgz 76101ms (cache miss)
1136 http fetch GET 200 https://registry.npmjs.org/@babel/helper-create-class-features-plugin/-/helper-create-class-features-plugin-7.29.3.tgz 76940ms (cache miss)
1137 http fetch GET 200 https://registry.npmjs.org/hermes-estree/-/hermes-estree-0.33.3.tgz 78289ms (cache miss)
1138 http fetch GET 200 https://registry.npmjs.org/@tanstack/query-async-storage-persister/-/query-async-storage-persister-5.100.14.tgz 78775ms (cache miss)
1139 http fetch GET 200 https://registry.npmjs.org/type-fest/-/type-fest-0.20.2.tgz 79064ms (cache miss)
1140 http fetch GET 200 https://registry.npmjs.org/promise/-/promise-7.3.1.tgz 79424ms (cache miss)
1141 http fetch GET 200 https://registry.npmjs.org/text-segmentation/-/text-segmentation-1.0.3.tgz 80283ms (cache miss)
1142 http fetch GET 200 https://registry.npmjs.org/promise/-/promise-8.3.0.tgz 80711ms (cache miss)
1143 http fetch GET 200 https://registry.npmjs.org/hermes-estree/-/hermes-estree-0.35.0.tgz 80966ms (cache miss)
1144 http fetch GET 200 https://registry.npmjs.org/css-in-js-utils/-/css-in-js-utils-3.1.0.tgz 81181ms (cache miss)
1145 http fetch GET 200 https://registry.npmjs.org/@expo/package-manager/-/package-manager-1.12.1.tgz 82383ms (cache miss)
1146 http fetch GET 200 https://registry.npmjs.org/@react-native/virtualized-lists/-/virtualized-lists-0.85.3.tgz 82419ms (cache miss)
1147 http fetch GET 200 https://registry.npmjs.org/hermes-estree/-/hermes-estree-0.35.0.tgz 82594ms (cache miss)
1148 http fetch GET 200 https://registry.npmjs.org/@react-native/community-cli-plugin/-/community-cli-plugin-0.85.3.tgz 84235ms (cache miss)
1149 http fetch GET 200 https://registry.npmjs.org/css-line-break/-/css-line-break-2.1.0.tgz 84523ms (cache miss)
1150 http fetch GET 200 https://registry.npmjs.org/xmlbuilder/-/xmlbuilder-11.0.1.tgz 85766ms (cache miss)
1151 http fetch GET 200 https://registry.npmjs.org/mdn-data/-/mdn-data-2.0.14.tgz 87166ms (cache miss)
1152 http fetch GET 200 https://registry.npmjs.org/metro-config/-/metro-config-0.84.4.tgz 87474ms (cache miss)
1153 http fetch GET 200 https://registry.npmjs.org/@expo/fingerprint/-/fingerprint-0.6.1.tgz 89285ms (cache miss)
1154 http fetch GET 200 https://registry.npmjs.org/@jest/core/-/core-29.7.0.tgz 89683ms (cache miss)
1155 http fetch GET 200 https://registry.npmjs.org/metro-source-map/-/metro-source-map-0.84.4.tgz 91625ms (cache miss)
1156 http fetch GET 200 https://registry.npmjs.org/graphemer/-/graphemer-1.4.0.tgz 92077ms (cache miss)
1157 http fetch GET 200 https://registry.npmjs.org/image-size/-/image-size-1.2.1.tgz 92404ms (cache miss)
1158 http fetch GET 200 https://registry.npmjs.org/@expo/devcert/-/devcert-1.2.1.tgz 94526ms (cache miss)
1159 http fetch GET 200 https://registry.npmjs.org/@expo/config/-/config-56.0.9.tgz 94526ms (cache miss)
1160 http fetch GET 200 https://registry.npmjs.org/psl/-/psl-1.15.0.tgz 94795ms (cache miss)
1161 http fetch GET 200 https://registry.npmjs.org/utrie/-/utrie-1.0.2.tgz 95303ms (cache miss)
1162 http fetch GET 200 https://registry.npmjs.org/iconv-lite/-/iconv-lite-0.6.3.tgz 95133ms (cache miss)
1163 http fetch GET 200 https://registry.npmjs.org/@react-navigation/routers/-/routers-7.6.0.tgz 94992ms (cache miss)
1164 http fetch GET 200 https://registry.npmjs.org/pngjs/-/pngjs-3.4.0.tgz 96405ms (cache miss)
1165 http fetch GET 200 https://registry.npmjs.org/jest-expo/-/jest-expo-56.0.4.tgz 97590ms (cache miss)
1166 http fetch GET 200 https://registry.npmjs.org/@expo/devtools/-/devtools-56.0.2.tgz 97674ms (cache miss)
1167 http fetch GET 200 https://registry.npmjs.org/expo-apple-authentication/-/expo-apple-authentication-56.0.4.tgz 99851ms (cache miss)
1168 http fetch GET 200 https://registry.npmjs.org/react-test-renderer/-/react-test-renderer-19.2.3.tgz 100415ms (cache miss)
1169 http fetch GET 200 https://registry.npmjs.org/zustand/-/zustand-5.0.13.tgz 100788ms (cache miss)
1170 http fetch GET 200 https://registry.npmjs.org/@expo/xcpretty/-/xcpretty-4.4.4.tgz 100636ms (cache miss)
1171 http fetch GET 200 https://registry.npmjs.org/exponential-backoff/-/exponential-backoff-3.1.3.tgz 101289ms (cache miss)
1172 http fetch GET 200 https://registry.npmjs.org/xmlbuilder/-/xmlbuilder-14.0.0.tgz 101265ms (cache miss)
1173 http fetch GET 200 https://registry.npmjs.org/source-map/-/source-map-0.5.7.tgz 101451ms (cache miss)
1174 http fetch GET 200 https://registry.npmjs.org/source-map/-/source-map-0.5.7.tgz 101453ms (cache miss)
1175 http fetch GET 200 https://registry.npmjs.org/@typescript-eslint/type-utils/-/type-utils-7.18.0.tgz 101917ms (cache miss)
1176 http fetch GET 200 https://registry.npmjs.org/undici-types/-/undici-types-7.24.6.tgz 102604ms (cache miss)
1177 http fetch GET 200 https://registry.npmjs.org/postcss/-/postcss-8.5.15.tgz 102805ms (cache miss)
1178 http fetch GET 200 https://registry.npmjs.org/@sinclair/typebox/-/typebox-0.27.10.tgz 102917ms (cache miss)
1179 http fetch GET 200 https://registry.npmjs.org/expo-keep-awake/-/expo-keep-awake-56.0.3.tgz 103222ms (cache miss)
1180 http fetch GET 200 https://registry.npmjs.org/source-map/-/source-map-0.5.7.tgz 103175ms (cache miss)
1181 http fetch GET 200 https://registry.npmjs.org/expo-constants/-/expo-constants-56.0.18.tgz 103829ms (cache miss)
1182 http fetch GET 200 https://registry.npmjs.org/domutils/-/domutils-3.2.2.tgz 103821ms (cache miss)
1183 http fetch GET 200 https://registry.npmjs.org/semver/-/semver-7.8.1.tgz 104292ms (cache miss)
1184 http fetch GET 200 https://registry.npmjs.org/@sentry-internal/replay-canvas/-/replay-canvas-10.37.0.tgz 104140ms (cache miss)
1185 http fetch GET 200 https://registry.npmjs.org/source-map/-/source-map-0.5.6.tgz 104530ms (cache miss)
1186 http fetch GET 200 https://registry.npmjs.org/@supabase/functions-js/-/functions-js-2.106.1.tgz 105352ms (cache miss)
1187 http fetch GET 200 https://registry.npmjs.org/metro-resolver/-/metro-resolver-0.84.4.tgz 105732ms (cache miss)
1188 http fetch GET 200 https://registry.npmjs.org/@tanstack/query-persist-client-core/-/query-persist-client-core-5.100.14.tgz 106171ms (cache miss)
1189 http fetch GET 200 https://registry.npmjs.org/uuid/-/uuid-7.0.3.tgz 106567ms (cache miss)
1190 warn deprecated uuid@7.0.3: uuid@10 and below is no longer supported.  For ESM codebases, update to uuid@latest.  For CommonJS codebases, use uuid@11 (but be aware this version will likely be deprecated in 2028).
1191 http fetch GET 200 https://registry.npmjs.org/@eslint/eslintrc/-/eslintrc-2.1.4.tgz 106502ms (cache miss)
1192 http fetch GET 200 https://registry.npmjs.org/plist/-/plist-3.1.1.tgz 107165ms (cache miss)
1193 http fetch GET 200 https://registry.npmjs.org/crisp-sdk-react-native/-/crisp-sdk-react-native-0.2.1.tgz 107240ms (cache miss)
1194 http fetch GET 200 https://registry.npmjs.org/@supabase/supabase-js/-/supabase-js-2.106.1.tgz 107390ms (cache miss)
1195 http fetch GET 200 https://registry.npmjs.org/@posthog/types/-/types-1.376.0.tgz 107861ms (cache miss)
1196 http fetch GET 200 https://registry.npmjs.org/@react-native/dev-middleware/-/dev-middleware-0.85.3.tgz 110101ms (cache miss)
1197 http fetch GET 200 https://registry.npmjs.org/@babel/generator/-/generator-7.29.1.tgz 110521ms (cache miss)
1198 http fetch GET 200 https://registry.npmjs.org/expo-status-bar/-/expo-status-bar-56.0.4.tgz 112059ms (cache miss)
1199 http fetch GET 200 https://registry.npmjs.org/prompts/-/prompts-2.4.2.tgz 114292ms (cache miss)
1200 http fetch GET 200 https://registry.npmjs.org/entities/-/entities-4.5.0.tgz 114220ms (cache miss)
1201 http fetch GET 200 https://registry.npmjs.org/expo-application/-/expo-application-56.0.3.tgz 114485ms (cache miss)
1202 http fetch GET 200 https://registry.npmjs.org/expo-device/-/expo-device-56.0.4.tgz 114693ms (cache miss)
1203 http fetch GET 200 https://registry.npmjs.org/expo-haptics/-/expo-haptics-56.0.3.tgz 115000ms (cache miss)
1204 http fetch GET 200 https://registry.npmjs.org/@react-native/debugger-shell/-/debugger-shell-0.85.3.tgz 115286ms (cache miss)
1205 http fetch GET 200 https://registry.npmjs.org/expo-local-authentication/-/expo-local-authentication-56.0.4.tgz 117547ms (cache miss)
1206 http fetch GET 200 https://registry.npmjs.org/cssstyle/-/cssstyle-2.3.0.tgz 117822ms (cache miss)
1207 http fetch GET 200 https://registry.npmjs.org/expo-linear-gradient/-/expo-linear-gradient-56.0.4.tgz 119168ms (cache miss)
1208 http fetch GET 200 https://registry.npmjs.org/@supabase/storage-js/-/storage-js-2.106.1.tgz 119378ms (cache miss)
1209 http fetch GET 200 https://registry.npmjs.org/xmlbuilder/-/xmlbuilder-15.1.1.tgz 119983ms (cache miss)
1210 http fetch GET 200 https://registry.npmjs.org/@expo/prebuild-config/-/prebuild-config-56.0.16.tgz 120031ms (cache miss)
1211 http fetch GET 200 https://registry.npmjs.org/stacktrace-js/-/stacktrace-js-2.0.2.tgz 121367ms (cache miss)
1212 http fetch GET 200 https://registry.npmjs.org/@expo/dom-webview/-/dom-webview-56.0.5.tgz 121958ms (cache miss)
1213 http fetch GET 200 https://registry.npmjs.org/expo-document-picker/-/expo-document-picker-56.0.4.tgz 123748ms (cache miss)
1214 http fetch GET 200 https://registry.npmjs.org/react-reconciler/-/react-reconciler-0.33.0.tgz 124498ms (cache miss)
1215 http fetch GET 200 https://registry.npmjs.org/expo-localization/-/expo-localization-56.0.6.tgz 124357ms (cache miss)
1216 http fetch GET 200 https://registry.npmjs.org/@supabase/postgrest-js/-/postgrest-js-2.106.1.tgz 126603ms (cache miss)
1217 http fetch GET 200 https://registry.npmjs.org/jsx-ast-utils/-/jsx-ast-utils-3.3.5.tgz 127881ms (cache miss)
1218 http fetch GET 200 https://registry.npmjs.org/@babel/traverse/-/traverse-7.29.0.tgz 129889ms (cache miss)
1219 http fetch GET 200 https://registry.npmjs.org/@expo/fingerprint/-/fingerprint-0.19.4.tgz 130327ms (cache miss)
1220 http fetch GET 200 https://registry.npmjs.org/@expo/metro-file-map/-/metro-file-map-56.0.3.tgz 130512ms (cache miss)
1221 http fetch GET 200 https://registry.npmjs.org/entities/-/entities-6.0.1.tgz 130644ms (cache miss)
1222 http fetch GET 200 https://registry.npmjs.org/@babel/parser/-/parser-7.29.3.tgz 131888ms (cache miss)
1223 http fetch GET 200 https://registry.npmjs.org/expo-web-browser/-/expo-web-browser-56.0.5.tgz 132500ms (cache miss)
1224 http fetch GET 200 https://registry.npmjs.org/@react-navigation/native-stack/-/native-stack-7.17.5.tgz 132384ms (cache miss)
1225 http fetch GET 200 https://registry.npmjs.org/expo-secure-store/-/expo-secure-store-56.0.4.tgz 133413ms (cache miss)
1226 http fetch GET 200 https://registry.npmjs.org/expo-modules-jsi/-/expo-modules-jsi-56.0.10.tgz 134124ms (cache miss)
1227 http fetch GET 200 https://registry.npmjs.org/babel-preset-expo/-/babel-preset-expo-56.0.15.tgz 134365ms (cache miss)
1228 http fetch GET 200 https://registry.npmjs.org/expo-auth-session/-/expo-auth-session-56.0.14.tgz 135127ms (cache miss)
1229 http fetch GET 200 https://registry.npmjs.org/expo-linking/-/expo-linking-56.0.14.tgz 135635ms (cache miss)
1230 http fetch GET 200 https://registry.npmjs.org/parse5/-/parse5-7.3.0.tgz 136739ms (cache miss)
1231 http fetch GET 200 https://registry.npmjs.org/expo-clipboard/-/expo-clipboard-56.0.4.tgz 136847ms (cache miss)
1232 http fetch GET 200 https://registry.npmjs.org/css-select/-/css-select-5.2.2.tgz 136821ms (cache miss)
1233 http fetch GET 200 https://registry.npmjs.org/@react-native-community/datetimepicker/-/datetimepicker-9.1.0.tgz 144234ms (cache miss)
1234 http fetch GET 200 https://registry.npmjs.org/es-iterator-helpers/-/es-iterator-helpers-1.3.2.tgz 152464ms (cache miss)
1235 http fetch GET 200 https://registry.npmjs.org/@expo/router-server/-/router-server-56.0.14.tgz 152613ms (cache miss)
1236 http fetch GET 200 https://registry.npmjs.org/@egjs/hammerjs/-/hammerjs-2.0.17.tgz 155346ms (cache miss)
1237 http fetch GET 200 https://registry.npmjs.org/node-forge/-/node-forge-1.4.0.tgz 156103ms (cache miss)
1238 http fetch GET 200 https://registry.npmjs.org/react-native-view-shot/-/react-native-view-shot-4.0.3.tgz 156163ms (cache miss)
1239 http fetch GET 200 https://registry.npmjs.org/react-native-health/-/react-native-health-1.19.0.tgz 157667ms (cache miss)
1240 http fetch GET 200 https://registry.npmjs.org/@typescript-eslint/utils/-/utils-7.18.0.tgz 158778ms (cache miss)
1241 http fetch GET 200 https://registry.npmjs.org/@typescript-eslint/typescript-estree/-/typescript-estree-7.18.0.tgz 159282ms (cache miss)
1242 http fetch GET 200 https://registry.npmjs.org/metro-file-map/-/metro-file-map-0.84.4.tgz 160153ms (cache miss)
1243 http fetch GET 200 https://registry.npmjs.org/expo-splash-screen/-/expo-splash-screen-56.0.10.tgz 160283ms (cache miss)
1244 http fetch GET 200 https://registry.npmjs.org/@react-navigation/native/-/native-7.3.3.tgz 161992ms (cache miss)
1245 http fetch GET 200 https://registry.npmjs.org/hermes-parser/-/hermes-parser-0.33.3.tgz 162142ms (cache miss)
1246 http fetch GET 200 https://registry.npmjs.org/expo-asset/-/expo-asset-56.0.17.tgz 163115ms (cache miss)
1247 http fetch GET 200 https://registry.npmjs.org/expo-crypto/-/expo-crypto-56.0.4.tgz 166157ms (cache miss)
1248 http fetch GET 200 https://registry.npmjs.org/@sentry/react/-/react-10.37.0.tgz 166159ms (cache miss)
1249 http fetch GET 200 https://registry.npmjs.org/@expo/log-box/-/log-box-56.0.13.tgz 166417ms (cache miss)
1250 http fetch GET 200 https://registry.npmjs.org/@supabase/realtime-js/-/realtime-js-2.106.1.tgz 166882ms (cache miss)
1251 http fetch GET 200 https://registry.npmjs.org/hermes-parser/-/hermes-parser-0.35.0.tgz 166736ms (cache miss)
1252 http fetch GET 200 https://registry.npmjs.org/hermes-parser/-/hermes-parser-0.35.0.tgz 166847ms (cache miss)
1253 http fetch GET 200 https://registry.npmjs.org/react-native-webview/-/react-native-webview-13.16.1.tgz 168248ms (cache miss)
1254 http fetch GET 200 https://registry.npmjs.org/posthog-react-native/-/posthog-react-native-4.45.14.tgz 168399ms (cache miss)
1255 http fetch GET 200 https://registry.npmjs.org/resolve/-/resolve-2.0.0-next.7.tgz 168543ms (cache miss)
1256 http fetch GET 200 https://registry.npmjs.org/css-tree/-/css-tree-1.1.3.tgz 171933ms (cache miss)
1257 http fetch GET 200 https://registry.npmjs.org/terser/-/terser-5.48.0.tgz 172539ms (cache miss)
1258 http fetch GET 200 https://registry.npmjs.org/@sentry-internal/feedback/-/feedback-10.37.0.tgz 173168ms (cache miss)
1259 http fetch GET 200 https://registry.npmjs.org/expo-sharing/-/expo-sharing-56.0.18.tgz 173682ms (cache miss)
1260 http fetch GET 200 https://registry.npmjs.org/babel-plugin-react-compiler/-/babel-plugin-react-compiler-1.0.0.tgz 173925ms (cache miss)
1261 http fetch GET 200 https://registry.npmjs.org/expo-server/-/expo-server-56.0.5.tgz 174192ms (cache miss)
1262 http fetch GET 200 https://registry.npmjs.org/react-native-health-connect/-/react-native-health-connect-3.5.3.tgz 176037ms (cache miss)
1263 http fetch GET 200 https://registry.npmjs.org/@react-navigation/bottom-tabs/-/bottom-tabs-7.18.2.tgz 175901ms (cache miss)
1264 http fetch GET 200 https://registry.npmjs.org/react-native-safe-area-context/-/react-native-safe-area-context-5.8.0.tgz 177273ms (cache miss)
1265 http fetch GET 200 https://registry.npmjs.org/@react-navigation/elements/-/elements-2.9.25.tgz 178345ms (cache miss)
1266 http fetch GET 200 https://registry.npmjs.org/fbjs/-/fbjs-3.0.5.tgz 180592ms (cache miss)
1267 http fetch GET 200 https://registry.npmjs.org/@expo/metro-config/-/metro-config-56.0.14.tgz 181043ms (cache miss)
1268 http fetch GET 200 https://registry.npmjs.org/@react-native-community/netinfo/-/netinfo-12.0.1.tgz 181592ms (cache miss)
1269 http fetch GET 200 https://registry.npmjs.org/@types/node/-/node-25.9.1.tgz 181634ms (cache miss)
1270 http fetch GET 200 https://registry.npmjs.org/expo-font/-/expo-font-56.0.7.tgz 182936ms (cache miss)
1271 http fetch GET 200 https://registry.npmjs.org/lru-cache/-/lru-cache-11.5.0.tgz 183927ms (cache miss)
1272 http fetch GET 200 https://registry.npmjs.org/axios/-/axios-1.16.1.tgz 187456ms (cache miss)
1273 http fetch GET 200 https://registry.npmjs.org/@react-native/codegen/-/codegen-0.85.3.tgz 192171ms (cache miss)
1274 http fetch GET 200 https://registry.npmjs.org/@react-native/gradle-plugin/-/gradle-plugin-0.85.3.tgz 202719ms (cache miss)
1275 http fetch GET 200 https://registry.npmjs.org/@expo/config-plugins/-/config-plugins-7.9.2.tgz 205261ms (cache miss)
1276 http fetch GET 200 https://registry.npmjs.org/@posthog/core/-/core-1.29.9.tgz 205971ms (cache miss)
1277 http fetch GET 200 https://registry.npmjs.org/yaml/-/yaml-2.9.0.tgz 207116ms (cache miss)
1278 http fetch GET 200 https://registry.npmjs.org/@expo/config-plugins/-/config-plugins-56.0.9.tgz 207247ms (cache miss)
1279 http fetch GET 200 https://registry.npmjs.org/@supabase/auth-js/-/auth-js-2.106.1.tgz 210153ms (cache miss)
1280 http fetch GET 200 https://registry.npmjs.org/@babel/types/-/types-7.29.0.tgz 210284ms (cache miss)
1281 http fetch GET 200 https://registry.npmjs.org/@testing-library/react-native/-/react-native-14.0.0.tgz 211379ms (cache miss)
1282 http fetch GET 200 https://registry.npmjs.org/@react-navigation/core/-/core-7.21.1.tgz 216136ms (cache miss)
1283 http fetch GET 200 https://registry.npmjs.org/@sentry-internal/browser-utils/-/browser-utils-10.37.0.tgz 220720ms (cache miss)
1284 http fetch GET 200 https://registry.npmjs.org/@sentry-internal/replay/-/replay-10.37.0.tgz 221334ms (cache miss)
1285 http fetch GET 200 https://registry.npmjs.org/eslint-plugin-react/-/eslint-plugin-react-7.37.5.tgz 222436ms (cache miss)
1286 http fetch GET 200 https://registry.npmjs.org/@tanstack/react-query/-/react-query-5.100.14.tgz 224482ms (cache miss)
1287 http fetch GET 200 https://registry.npmjs.org/react-dom/-/react-dom-19.2.3.tgz 225517ms (cache miss)
1288 http fetch GET 200 https://registry.npmjs.org/@tanstack/query-core/-/query-core-5.100.14.tgz 226328ms (cache miss)
1289 http fetch GET 200 https://registry.npmjs.org/metro/-/metro-0.84.4.tgz 227630ms (cache miss)
1290 http fetch GET 200 https://registry.npmjs.org/@expo-google-fonts/cormorant-garamond/-/cormorant-garamond-0.4.1.tgz 229524ms (cache miss)
1291 http fetch GET 200 https://registry.npmjs.org/@expo/metro/-/metro-56.0.0.tgz 229541ms (cache miss)
1292 http fetch GET 200 https://registry.npmjs.org/expo-modules-autolinking/-/expo-modules-autolinking-56.0.16.tgz 236671ms (cache miss)
1293 http fetch GET 200 https://registry.npmjs.org/expo/-/expo-56.0.12.tgz 236958ms (cache miss)
1294 http fetch GET 200 https://registry.npmjs.org/fb-dotslash/-/fb-dotslash-0.5.8.tgz 239007ms (cache miss)
1295 http fetch GET 200 https://registry.npmjs.org/@typescript-eslint/scope-manager/-/scope-manager-7.18.0.tgz 245416ms (cache miss)
1296 http fetch GET 200 https://registry.npmjs.org/@expo/vector-icons/-/vector-icons-15.1.1.tgz 247792ms (cache miss)
1297 http fetch GET 200 https://registry.npmjs.org/eslint/-/eslint-8.57.1.tgz 253533ms (cache miss)
1298 warn deprecated eslint@8.57.1: This version is no longer supported. Please see https://eslint.org/version-support for other options.
1299 http fetch GET 200 https://registry.npmjs.org/@expo-google-fonts/inter/-/inter-0.4.2.tgz 254099ms (cache miss)
1300 http fetch GET 200 https://registry.npmjs.org/react-native-worklets/-/react-native-worklets-0.8.3.tgz 256430ms (cache miss)
1301 http fetch GET 200 https://registry.npmjs.org/jsdom/-/jsdom-20.0.3.tgz 261751ms (cache miss)
1302 http fetch GET 200 https://registry.npmjs.org/html2canvas/-/html2canvas-1.4.1.tgz 262116ms (cache miss)
1303 http fetch GET 200 https://registry.npmjs.org/expo-file-system/-/expo-file-system-56.0.8.tgz 263397ms (cache miss)
1304 http fetch GET 200 https://registry.npmjs.org/@typescript-eslint/eslint-plugin/-/eslint-plugin-7.18.0.tgz 267480ms (cache miss)
1305 http fetch GET 200 https://registry.npmjs.org/zod/-/zod-3.25.76.tgz 279647ms (cache miss)
1306 http fetch GET 200 https://registry.npmjs.org/@expo/expo-modules-macros-plugin/-/expo-modules-macros-plugin-0.2.2.tgz 283139ms (cache miss)
1307 http fetch GET 200 https://registry.npmjs.org/caniuse-lite/-/caniuse-lite-1.0.30001793.tgz 285182ms (cache miss)
1308 http fetch GET 200 https://registry.npmjs.org/expo-video/-/expo-video-56.1.4.tgz 293836ms (cache miss)
1309 http fetch GET 200 https://registry.npmjs.org/react-devtools-core/-/react-devtools-core-6.1.5.tgz 295160ms (cache miss)
1310 http fetch GET 200 https://registry.npmjs.org/expo-notifications/-/expo-notifications-56.0.18.tgz 295049ms (cache miss)
1311 http fetch GET 200 https://registry.npmjs.org/@stripe/stripe-react-native/-/stripe-react-native-0.64.0.tgz 299301ms (cache miss)
1312 http fetch GET 200 https://registry.npmjs.org/@sentry/browser/-/browser-10.37.0.tgz 305804ms (cache miss)
1313 http fetch GET 200 https://registry.npmjs.org/@sentry/cli-linux-x64/-/cli-linux-x64-2.58.4.tgz 312679ms (cache miss)
1314 http fetch GET 200 https://registry.npmjs.org/@expo/cli/-/cli-56.1.16.tgz 320927ms (cache miss)
1315 http fetch GET 200 https://registry.npmjs.org/@sentry/react-native/-/react-native-7.11.0.tgz 324430ms (cache miss)
1316 http fetch GET 200 https://registry.npmjs.org/typescript/-/typescript-6.0.3.tgz 330516ms (cache miss)
1317 http fetch GET 200 https://registry.npmjs.org/react-native-gesture-handler/-/react-native-gesture-handler-2.31.2.tgz 336228ms (cache miss)
1318 http fetch GET 200 https://registry.npmjs.org/react-native-svg/-/react-native-svg-15.15.5.tgz 347776ms (cache miss)
1319 http fetch GET 200 https://registry.npmjs.org/@sentry/core/-/core-10.37.0.tgz 353301ms (cache miss)
1320 http fetch GET 200 https://registry.npmjs.org/es-abstract/-/es-abstract-1.24.2.tgz 359691ms (cache miss)
1321 http fetch GET 200 https://registry.npmjs.org/react-native-screens/-/react-native-screens-4.25.2.tgz 360468ms (cache miss)
1322 http fetch GET 200 https://registry.npmjs.org/react-native-web/-/react-native-web-0.21.2.tgz 361877ms (cache miss)
1323 http fetch GET 200 https://registry.npmjs.org/@react-native/debugger-frontend/-/debugger-frontend-0.85.3.tgz 366575ms (cache miss)
1324 http fetch GET 200 https://registry.npmjs.org/react-native-reanimated/-/react-native-reanimated-4.3.1.tgz 367635ms (cache miss)
1325 http fetch GET 200 https://registry.npmjs.org/hermes-compiler/-/hermes-compiler-250829098.0.10.tgz 368776ms (cache miss)
1326 http fetch GET 200 https://registry.npmjs.org/expo-modules-core/-/expo-modules-core-56.0.17.tgz 370503ms (cache miss)
1327 http fetch GET 200 https://registry.npmjs.org/@react-native-async-storage/async-storage/-/async-storage-3.1.1.tgz 370385ms (cache miss)
1328 http fetch GET 200 https://registry.npmjs.org/expo-sqlite/-/expo-sqlite-56.0.5.tgz 374353ms (cache miss)
1329 http fetch GET 200 https://registry.npmjs.org/react-native/-/react-native-0.85.3.tgz 381850ms (cache miss)
1330 info run @sentry/cli@2.58.4 postinstall node_modules/@sentry/cli node ./scripts/install.js
1331 info run @sentry/cli@2.58.4 postinstall { code: 0, signal: null }
1332 silly ADD node_modules/zustand
1333 silly ADD node_modules/zod
1334 silly ADD node_modules/yocto-queue
1335 silly ADD node_modules/yargs-parser
1336 silly ADD node_modules/yargs
1337 silly ADD node_modules/yaml
1338 silly ADD node_modules/yallist
1339 silly ADD node_modules/y18n
1340 silly ADD node_modules/xmlchars
1341 silly ADD node_modules/xmlbuilder
1342 silly ADD node_modules/xml2js
1343 silly ADD node_modules/xml2js/node_modules/xmlbuilder
1344 silly ADD node_modules/xml-name-validator
1345 silly ADD node_modules/xcode
1346 silly ADD node_modules/ws
1347 silly ADD node_modules/write-file-atomic
1348 silly ADD node_modules/wrappy
1349 silly ADD node_modules/wrap-ansi
1350 silly ADD node_modules/word-wrap
1351 silly ADD node_modules/which-typed-array
1352 silly ADD node_modules/which-collection
1353 silly ADD node_modules/which-builtin-type
1354 silly ADD node_modules/which-boxed-primitive
1355 silly ADD node_modules/which
1356 silly ADD node_modules/whatwg-url-minimum
1357 silly ADD node_modules/whatwg-url
1358 silly ADD node_modules/whatwg-mimetype
1359 silly ADD node_modules/whatwg-fetch
1360 silly ADD node_modules/whatwg-encoding
1361 silly ADD node_modules/webidl-conversions
1362 silly ADD node_modules/wcwidth
1363 silly ADD node_modules/warn-once
1364 silly ADD node_modules/walker
1365 silly ADD node_modules/w3c-xmlserializer
1366 silly ADD node_modules/vlq
1367 silly ADD node_modules/vary
1368 silly ADD node_modules/validate-npm-package-name
1369 silly ADD node_modules/v8-to-istanbul
1370 silly ADD node_modules/uuid
1371 silly ADD node_modules/utrie
1372 silly ADD node_modules/utils-merge
1373 silly ADD node_modules/use-sync-external-store
1374 silly ADD node_modules/use-latest-callback
1375 silly ADD node_modules/url-parse
1376 silly ADD node_modules/uri-js
1377 silly ADD node_modules/update-browserslist-db
1378 silly ADD node_modules/unpipe
1379 silly ADD node_modules/universalify
1380 silly ADD node_modules/unicode-property-aliases-ecmascript
1381 silly ADD node_modules/unicode-match-property-value-ecmascript
1382 silly ADD node_modules/unicode-match-property-ecmascript
1383 silly ADD node_modules/unicode-canonical-property-names-ecmascript
1384 silly ADD node_modules/undici-types
1385 silly ADD node_modules/unbox-primitive
1386 silly ADD node_modules/ua-parser-js
1387 silly ADD node_modules/typescript
1388 silly ADD node_modules/typed-array-length
1389 silly ADD node_modules/typed-array-byte-offset
1390 silly ADD node_modules/typed-array-byte-length
1391 silly ADD node_modules/typed-array-buffer
1392 silly ADD node_modules/type-fest
1393 silly ADD node_modules/type-detect
1394 silly ADD node_modules/type-check
1395 silly ADD node_modules/tslib
1396 silly ADD node_modules/ts-api-utils
1397 silly ADD node_modules/tr46
1398 silly ADD node_modules/tough-cookie
1399 silly ADD node_modules/toqr
1400 silly ADD node_modules/toidentifier
1401 silly ADD node_modules/to-regex-range
1402 silly ADD node_modules/tmpl
1403 silly ADD node_modules/tinyglobby
1404 silly ADD node_modules/throat
1405 silly ADD node_modules/text-table
1406 silly ADD node_modules/text-segmentation
1407 silly ADD node_modules/test-renderer
1408 silly ADD node_modules/test-exclude
1409 silly ADD node_modules/test-exclude/node_modules/minimatch
1410 silly ADD node_modules/test-exclude/node_modules/glob
1411 silly ADD node_modules/test-exclude/node_modules/brace-expansion
1412 silly ADD node_modules/terser
1413 silly ADD node_modules/terser/node_modules/source-map-support
1414 silly ADD node_modules/terser/node_modules/commander
1415 silly ADD node_modules/terminal-link
1416 silly ADD node_modules/symbol-tree
1417 silly ADD node_modules/supports-preserve-symlinks-flag
1418 silly ADD node_modules/supports-hyperlinks
1419 silly ADD node_modules/supports-color
1420 silly ADD node_modules/styleq
1421 silly ADD node_modules/structured-headers
1422 silly ADD node_modules/strip-json-comments
1423 silly ADD node_modules/strip-indent
1424 silly ADD node_modules/strip-final-newline
1425 silly ADD node_modules/strip-bom
1426 silly ADD node_modules/strip-ansi
1427 silly ADD node_modules/string.prototype.trimstart
1428 silly ADD node_modules/string.prototype.trimend
1429 silly ADD node_modules/string.prototype.trim
1430 silly ADD node_modules/string.prototype.repeat
1431 silly ADD node_modules/string.prototype.matchall
1432 silly ADD node_modules/string-width
1433 silly ADD node_modules/string-length
1434 silly ADD node_modules/strict-uri-encode
1435 silly ADD node_modules/stream-buffers
1436 silly ADD node_modules/stop-iteration-iterator
1437 silly ADD node_modules/statuses
1438 silly ADD node_modules/standard-navigation
1439 silly ADD node_modules/stacktrace-parser
1440 silly ADD node_modules/stacktrace-parser/node_modules/type-fest
1441 silly ADD node_modules/stacktrace-js
1442 silly ADD node_modules/stacktrace-gps
1443 silly ADD node_modules/stacktrace-gps/node_modules/source-map
1444 silly ADD node_modules/stackframe
1445 silly ADD node_modules/stack-utils
1446 silly ADD node_modules/stack-utils/node_modules/escape-string-regexp
1447 silly ADD node_modules/stack-generator
1448 silly ADD node_modules/sprintf-js
1449 silly ADD node_modules/split-on-first
1450 silly ADD node_modules/source-map-support
1451 silly ADD node_modules/source-map-js
1452 silly ADD node_modules/source-map
1453 silly ADD node_modules/slugify
1454 silly ADD node_modules/slash
1455 silly ADD node_modules/sisteransi
1456 silly ADD node_modules/simple-swizzle
1457 silly ADD node_modules/simple-swizzle/node_modules/is-arrayish
1458 silly ADD node_modules/simple-plist
1459 silly ADD node_modules/simple-plist/node_modules/bplist-parser
1460 silly ADD node_modules/signal-exit
1461 silly ADD node_modules/side-channel-weakmap
1462 silly ADD node_modules/side-channel-map
1463 silly ADD node_modules/side-channel-list
1464 silly ADD node_modules/side-channel
1465 silly ADD node_modules/shell-quote
1466 silly ADD node_modules/shebang-regex
1467 silly ADD node_modules/shebang-command
1468 silly ADD node_modules/sf-symbols-typescript
1469 silly ADD node_modules/setprototypeof
1470 silly ADD node_modules/setimmediate
1471 silly ADD node_modules/set-proto
1472 silly ADD node_modules/set-function-name
1473 silly ADD node_modules/set-function-length
1474 silly ADD node_modules/server-only
1475 silly ADD node_modules/serve-static
1476 silly ADD node_modules/serve-static/node_modules/encodeurl
1477 silly ADD node_modules/serialize-error
1478 silly ADD node_modules/send
1479 silly ADD node_modules/send/node_modules/statuses
1480 silly ADD node_modules/send/node_modules/on-finished
1481 silly ADD node_modules/send/node_modules/encodeurl
1482 silly ADD node_modules/send/node_modules/debug
1483 silly ADD node_modules/send/node_modules/debug/node_modules/ms
1484 silly ADD node_modules/semver
1485 silly ADD node_modules/scheduler
1486 silly ADD node_modules/saxes
1487 silly ADD node_modules/sax
1488 silly ADD node_modules/safer-buffer
1489 silly ADD node_modules/safe-regex-test
1490 silly ADD node_modules/safe-push-apply
1491 silly ADD node_modules/safe-buffer
1492 silly ADD node_modules/safe-array-concat
1493 silly ADD node_modules/run-parallel
1494 silly ADD node_modules/rtl-detect
1495 silly ADD node_modules/rimraf
1496 silly ADD node_modules/rimraf/node_modules/minimatch
1497 silly ADD node_modules/rimraf/node_modules/glob
1498 silly ADD node_modules/rimraf/node_modules/brace-expansion
1499 silly ADD node_modules/reusify
1500 silly ADD node_modules/restore-cursor
1501 silly ADD node_modules/restore-cursor/node_modules/onetime
1502 silly ADD node_modules/restore-cursor/node_modules/mimic-fn
1503 silly ADD node_modules/resolve.exports
1504 silly ADD node_modules/resolve-workspace-root
1505 silly ADD node_modules/resolve-from
1506 silly ADD node_modules/resolve-cwd
1507 silly ADD node_modules/resolve
1508 silly ADD node_modules/requires-port
1509 silly ADD node_modules/require-directory
1510 silly ADD node_modules/regjsparser
1511 silly ADD node_modules/regjsgen
1512 silly ADD node_modules/regexpu-core
1513 silly ADD node_modules/regexp.prototype.flags
1514 silly ADD node_modules/regenerator-runtime
1515 silly ADD node_modules/regenerate-unicode-properties
1516 silly ADD node_modules/regenerate
1517 silly ADD node_modules/reflect.getprototypeof
1518 silly ADD node_modules/redent
1519 silly ADD node_modules/react-test-renderer
1520 silly ADD node_modules/react-refresh
1521 silly ADD node_modules/react-reconciler
1522 silly ADD node_modules/react-native-worklets
1523 silly ADD node_modules/react-native-webview
1524 silly ADD node_modules/react-native-web
1525 silly ADD node_modules/react-native-web/node_modules/memoize-one
1526 silly ADD node_modules/react-native-web/node_modules/@react-native/normalize-colors
1527 silly ADD node_modules/react-native-view-shot
1528 silly ADD node_modules/react-native-svg
1529 silly ADD node_modules/react-native-screens
1530 silly ADD node_modules/react-native-safe-area-context
1531 silly ADD node_modules/react-native-reanimated
1532 silly ADD node_modules/react-native-is-edge-to-edge
1533 silly ADD node_modules/react-native-health-connect
1534 silly ADD node_modules/react-native-health
1535 silly ADD node_modules/react-native-health/node_modules/xmlbuilder
1536 silly ADD node_modules/react-native-health/node_modules/write-file-atomic
1537 silly ADD node_modules/react-native-health/node_modules/p-locate
1538 silly ADD node_modules/react-native-health/node_modules/minimatch
1539 silly ADD node_modules/react-native-health/node_modules/locate-path
1540 silly ADD node_modules/react-native-health/node_modules/glob
1541 silly ADD node_modules/react-native-health/node_modules/getenv
1542 silly ADD node_modules/react-native-health/node_modules/find-up
1543 silly ADD node_modules/react-native-health/node_modules/brace-expansion
1544 silly ADD node_modules/react-native-health/node_modules/@xmldom/xmldom
1545 silly ADD node_modules/react-native-health/node_modules/@expo/plist
1546 silly ADD node_modules/react-native-health/node_modules/@expo/json-file
1547 silly ADD node_modules/react-native-health/node_modules/@expo/fingerprint
1548 silly ADD node_modules/react-native-health/node_modules/@expo/config-types
1549 silly ADD node_modules/react-native-health/node_modules/@expo/config-plugins
1550 silly ADD node_modules/react-native-health/node_modules/@babel/code-frame
1551 silly ADD node_modules/react-native-get-random-values
1552 silly ADD node_modules/react-native-gesture-handler
1553 silly ADD node_modules/react-native
1554 silly ADD node_modules/react-native/node_modules/ws
1555 silly ADD node_modules/react-native/node_modules/commander
1556 silly ADD node_modules/react-is-19
1557 silly ADD node_modules/react-is-18
1558 silly ADD node_modules/react-is
1559 silly ADD node_modules/react-freeze
1560 silly ADD node_modules/react-dom
1561 silly ADD node_modules/react-devtools-core
1562 silly ADD node_modules/react-devtools-core/node_modules/ws
1563 silly ADD node_modules/react
1564 silly ADD node_modules/range-parser
1565 silly ADD node_modules/queue-microtask
1566 silly ADD node_modules/queue
1567 silly ADD node_modules/querystringify
1568 silly ADD node_modules/query-string
1569 silly ADD node_modules/pure-rand
1570 silly ADD node_modules/punycode
1571 silly ADD node_modules/psl
1572 silly ADD node_modules/proxy-from-env
1573 silly ADD node_modules/prop-types
1574 silly ADD node_modules/prop-types/node_modules/react-is
1575 silly ADD node_modules/prompts
1576 silly ADD node_modules/promise
1577 silly ADD node_modules/progress
1578 silly ADD node_modules/proc-log
1579 silly ADD node_modules/pretty-format
1580 silly ADD node_modules/pretty-format/node_modules/react-is
1581 silly ADD node_modules/pretty-format/node_modules/ansi-styles
1582 silly ADD node_modules/prelude-ls
1583 silly ADD node_modules/posthog-react-native
1584 silly ADD node_modules/postcss-value-parser
1585 silly ADD node_modules/postcss
1586 silly ADD node_modules/possible-typed-array-names
1587 silly ADD node_modules/pngjs
1588 silly ADD node_modules/plist
1589 silly ADD node_modules/plist/node_modules/@xmldom/xmldom
1590 silly ADD node_modules/pkg-dir
1591 silly ADD node_modules/pirates
1592 silly ADD node_modules/picomatch
1593 silly ADD node_modules/picocolors
1594 silly ADD node_modules/path-type
1595 silly ADD node_modules/path-scurry
1596 silly ADD node_modules/path-scurry/node_modules/lru-cache
1597 silly ADD node_modules/path-parse
1598 silly ADD node_modules/path-key
1599 silly ADD node_modules/path-is-absolute
1600 silly ADD node_modules/path-exists
1601 silly ADD node_modules/parseurl
1602 silly ADD node_modules/parse5
1603 silly ADD node_modules/parse-png
1604 silly ADD node_modules/parse-json
1605 silly ADD node_modules/parent-module
1606 silly ADD node_modules/p-try
1607 silly ADD node_modules/p-locate
1608 silly ADD node_modules/p-locate/node_modules/p-limit
1609 silly ADD node_modules/p-limit
1610 silly ADD node_modules/own-keys
1611 silly ADD node_modules/ora
1612 silly ADD node_modules/ora/node_modules/supports-color
1613 silly ADD node_modules/ora/node_modules/strip-ansi
1614 silly ADD node_modules/ora/node_modules/has-flag
1615 silly ADD node_modules/ora/node_modules/escape-string-regexp
1616 silly ADD node_modules/ora/node_modules/color-name
1617 silly ADD node_modules/ora/node_modules/color-convert
1618 silly ADD node_modules/ora/node_modules/chalk
1619 silly ADD node_modules/ora/node_modules/ansi-styles
1620 silly ADD node_modules/ora/node_modules/ansi-regex
1621 silly ADD node_modules/optionator
1622 silly ADD node_modules/open
1623 silly ADD node_modules/onetime
1624 silly ADD node_modules/once
1625 silly ADD node_modules/on-headers
1626 silly ADD node_modules/on-finished
1627 silly ADD node_modules/object.values
1628 silly ADD node_modules/object.fromentries
1629 silly ADD node_modules/object.entries
1630 silly ADD node_modules/object.assign
1631 silly ADD node_modules/object-keys
1632 silly ADD node_modules/object-inspect
1633 silly ADD node_modules/object-assign
1634 silly ADD node_modules/ob1
1635 silly ADD node_modules/nwsapi
1636 silly ADD node_modules/nullthrows
1637 silly ADD node_modules/nth-check
1638 silly ADD node_modules/npm-run-path
1639 silly ADD node_modules/npm-package-arg
1640 silly ADD node_modules/normalize-path
1641 silly ADD node_modules/node-releases
1642 silly ADD node_modules/node-int64
1643 silly ADD node_modules/node-forge
1644 silly ADD node_modules/node-fetch
1645 silly ADD node_modules/node-fetch/node_modules/whatwg-url
1646 silly ADD node_modules/node-fetch/node_modules/webidl-conversions
1647 silly ADD node_modules/node-fetch/node_modules/tr46
1648 silly ADD node_modules/node-exports-info
1649 silly ADD node_modules/node-exports-info/node_modules/semver
1650 silly ADD node_modules/negotiator
1651 silly ADD node_modules/natural-compare
1652 silly ADD node_modules/nanoid
1653 silly ADD node_modules/multitars
1654 silly ADD node_modules/ms
1655 silly ADD node_modules/mkdirp
1656 silly ADD node_modules/minipass
1657 silly ADD node_modules/minimatch
1658 silly ADD node_modules/min-indent
1659 silly ADD node_modules/mimic-fn
1660 silly ADD node_modules/mime-types
1661 silly ADD node_modules/mime-types/node_modules/mime-db
1662 silly ADD node_modules/mime-db
1663 silly ADD node_modules/mime
1664 silly ADD node_modules/micromatch
1665 silly ADD node_modules/micromatch/node_modules/picomatch
1666 silly ADD node_modules/metro-transform-worker
1667 silly ADD node_modules/metro-transform-plugins
1668 silly ADD node_modules/metro-symbolicate
1669 silly ADD node_modules/metro-symbolicate/node_modules/source-map
1670 silly ADD node_modules/metro-source-map
1671 silly ADD node_modules/metro-source-map/node_modules/source-map
1672 silly ADD node_modules/metro-runtime
1673 silly ADD node_modules/metro-resolver
1674 silly ADD node_modules/metro-minify-terser
1675 silly ADD node_modules/metro-file-map
1676 silly ADD node_modules/metro-core
1677 silly ADD node_modules/metro-config
1678 silly ADD node_modules/metro-cache-key
1679 silly ADD node_modules/metro-cache
1680 silly ADD node_modules/metro-cache/node_modules/https-proxy-agent
1681 silly ADD node_modules/metro-cache/node_modules/agent-base
1682 silly ADD node_modules/metro-babel-transformer
1683 silly ADD node_modules/metro-babel-transformer/node_modules/hermes-parser
1684 silly ADD node_modules/metro-babel-transformer/node_modules/hermes-estree
1685 silly ADD node_modules/metro
1686 silly ADD node_modules/metro/node_modules/ws
1687 silly ADD node_modules/metro/node_modules/source-map
1688 silly ADD node_modules/metro/node_modules/negotiator
1689 silly ADD node_modules/metro/node_modules/mime-types
1690 silly ADD node_modules/metro/node_modules/hermes-parser
1691 silly ADD node_modules/metro/node_modules/hermes-estree
1692 silly ADD node_modules/metro/node_modules/ci-info
1693 silly ADD node_modules/metro/node_modules/accepts
1694 silly ADD node_modules/merge2
1695 silly ADD node_modules/merge-stream
1696 silly ADD node_modules/memoize-one
1697 silly ADD node_modules/mdn-data
1698 silly ADD node_modules/math-intrinsics
1699 silly ADD node_modules/marky
1700 silly ADD node_modules/makeerror
1701 silly ADD node_modules/make-dir
1702 silly ADD node_modules/lru-cache
1703 silly ADD node_modules/loose-envify
1704 silly ADD node_modules/log-symbols
1705 silly ADD node_modules/log-symbols/node_modules/supports-color
1706 silly ADD node_modules/log-symbols/node_modules/has-flag
1707 silly ADD node_modules/log-symbols/node_modules/escape-string-regexp
1708 silly ADD node_modules/log-symbols/node_modules/color-name
1709 silly ADD node_modules/log-symbols/node_modules/color-convert
1710 silly ADD node_modules/log-symbols/node_modules/chalk
1711 silly ADD node_modules/log-symbols/node_modules/ansi-styles
1712 silly ADD node_modules/lodash.throttle
1713 silly ADD node_modules/lodash.merge
1714 silly ADD node_modules/lodash.debounce
1715 silly ADD node_modules/lodash
1716 silly ADD node_modules/locate-path
1717 silly ADD node_modules/lines-and-columns
1718 silly ADD
1719 silly ADD
1720 silly ADD
1721 silly ADD node_modules/lightningcss-linux-x64-gnu
1722 silly ADD
1723 silly ADD
1724 silly ADD
1725 silly ADD
1726 silly ADD
1727 silly ADD
1728 silly ADD
1729 silly ADD node_modules/lightningcss
1730 silly ADD node_modules/lighthouse-logger
1731 silly ADD node_modules/lighthouse-logger/node_modules/ms
1732 silly ADD node_modules/lighthouse-logger/node_modules/debug
1733 silly ADD node_modules/levn
1734 silly ADD node_modules/leven
1735 silly ADD node_modules/lan-network
1736 silly ADD node_modules/kleur
1737 silly ADD node_modules/keyv
1738 silly ADD node_modules/jsx-ast-utils
1739 silly ADD node_modules/json5
1740 silly ADD node_modules/json-stable-stringify-without-jsonify
1741 silly ADD node_modules/json-schema-traverse
1742 silly ADD node_modules/json-parse-even-better-errors
1743 silly ADD node_modules/json-buffer
1744 silly ADD node_modules/jsesc
1745 silly ADD node_modules/jsdom
1746 silly ADD node_modules/jsc-safe-url
1747 silly ADD node_modules/js-yaml
1748 silly ADD node_modules/js-tokens
1749 silly ADD node_modules/jimp-compact
1750 silly ADD node_modules/jest-worker
1751 silly ADD node_modules/jest-worker/node_modules/supports-color
1752 silly ADD node_modules/jest-watcher
1753 silly ADD node_modules/jest-watch-typeahead
1754 silly ADD node_modules/jest-watch-typeahead/node_modules/strip-ansi
1755 silly ADD node_modules/jest-watch-typeahead/node_modules/string-length
1756 silly ADD node_modules/jest-watch-typeahead/node_modules/slash
1757 silly ADD node_modules/jest-watch-typeahead/node_modules/char-regex
1758 silly ADD node_modules/jest-watch-typeahead/node_modules/ansi-regex
1759 silly ADD node_modules/jest-watch-typeahead/node_modules/ansi-escapes
1760 silly ADD node_modules/jest-watch-select-projects
1761 silly ADD node_modules/jest-watch-select-projects/node_modules/chalk
1762 silly ADD node_modules/jest-validate
1763 silly ADD node_modules/jest-validate/node_modules/camelcase
1764 silly ADD node_modules/jest-util
1765 silly ADD node_modules/jest-util/node_modules/picomatch
1766 silly ADD node_modules/jest-snapshot
1767 silly ADD node_modules/jest-snapshot/node_modules/jest-matcher-utils
1768 silly ADD node_modules/jest-snapshot/node_modules/jest-diff
1769 silly ADD node_modules/jest-runtime
1770 silly ADD node_modules/jest-runtime/node_modules/minimatch
1771 silly ADD node_modules/jest-runtime/node_modules/glob
1772 silly ADD node_modules/jest-runtime/node_modules/brace-expansion
1773 silly ADD node_modules/jest-runner
1774 silly ADD node_modules/jest-resolve-dependencies
1775 silly ADD node_modules/jest-resolve
1776 silly ADD node_modules/jest-regex-util
1777 silly ADD node_modules/jest-pnp-resolver
1778 silly ADD node_modules/jest-mock
1779 silly ADD node_modules/jest-message-util
1780 silly ADD node_modules/jest-matcher-utils
1781 silly ADD node_modules/jest-matcher-utils/node_modules/pretty-format
1782 silly ADD node_modules/jest-matcher-utils/node_modules/ansi-styles
1783 silly ADD node_modules/jest-matcher-utils/node_modules/@sinclair/typebox
1784 silly ADD node_modules/jest-matcher-utils/node_modules/@jest/schemas
1785 silly ADD node_modules/jest-leak-detector
1786 silly ADD node_modules/jest-haste-map
1787 silly ADD node_modules/jest-get-type
1788 silly ADD node_modules/jest-expo
1789 silly ADD node_modules/jest-environment-node
1790 silly ADD node_modules/jest-environment-jsdom
1791 silly ADD node_modules/jest-each
1792 silly ADD node_modules/jest-docblock
1793 silly ADD node_modules/jest-diff
1794 silly ADD node_modules/jest-diff/node_modules/pretty-format
1795 silly ADD node_modules/jest-diff/node_modules/ansi-styles
1796 silly ADD node_modules/jest-diff/node_modules/@sinclair/typebox
1797 silly ADD node_modules/jest-diff/node_modules/@jest/schemas
1798 silly ADD node_modules/jest-config
1799 silly ADD node_modules/jest-config/node_modules/minimatch
1800 silly ADD node_modules/jest-config/node_modules/glob
1801 silly ADD node_modules/jest-config/node_modules/brace-expansion
1802 silly ADD node_modules/jest-cli
1803 silly ADD node_modules/jest-circus
1804 silly ADD node_modules/jest-circus/node_modules/jest-matcher-utils
1805 silly ADD node_modules/jest-circus/node_modules/jest-diff
1806 silly ADD node_modules/jest-changed-files
1807 silly ADD node_modules/jest
1808 silly ADD node_modules/iterator.prototype
1809 silly ADD node_modules/istanbul-reports
1810 silly ADD node_modules/istanbul-lib-source-maps
1811 silly ADD node_modules/istanbul-lib-report
1812 silly ADD node_modules/istanbul-lib-instrument
1813 silly ADD node_modules/istanbul-lib-instrument/node_modules/semver
1814 silly ADD node_modules/istanbul-lib-coverage
1815 silly ADD node_modules/isexe
1816 silly ADD node_modules/isarray
1817 silly ADD node_modules/is-wsl
1818 silly ADD node_modules/is-weakset
1819 silly ADD node_modules/is-weakref
1820 silly ADD node_modules/is-weakmap
1821 silly ADD node_modules/is-typed-array
1822 silly ADD node_modules/is-symbol
1823 silly ADD node_modules/is-string
1824 silly ADD node_modules/is-stream
1825 silly ADD node_modules/is-shared-array-buffer
1826 silly ADD node_modules/is-set
1827 silly ADD node_modules/is-regex
1828 silly ADD node_modules/is-potential-custom-element-name
1829 silly ADD node_modules/is-path-inside
1830 silly ADD node_modules/is-number-object
1831 silly ADD node_modules/is-number
1832 silly ADD node_modules/is-negative-zero
1833 silly ADD node_modules/is-map
1834 silly ADD node_modules/is-glob
1835 silly ADD node_modules/is-generator-function
1836 silly ADD node_modules/is-generator-fn
1837 silly ADD node_modules/is-fullwidth-code-point
1838 silly ADD node_modules/is-finalizationregistry
1839 silly ADD node_modules/is-extglob
1840 silly ADD node_modules/is-docker
1841 silly ADD node_modules/is-date-object
1842 silly ADD node_modules/is-data-view
1843 silly ADD node_modules/is-core-module
1844 silly ADD node_modules/is-callable
1845 silly ADD node_modules/is-boolean-object
1846 silly ADD node_modules/is-bigint
1847 silly ADD node_modules/is-async-function
1848 silly ADD node_modules/is-arrayish
1849 silly ADD node_modules/is-array-buffer
1850 silly ADD node_modules/invariant
1851 silly ADD node_modules/internal-slot
1852 silly ADD node_modules/inline-style-prefixer
1853 silly ADD node_modules/inherits
1854 silly ADD node_modules/inflight
1855 silly ADD node_modules/indent-string
1856 silly ADD node_modules/imurmurhash
1857 silly ADD node_modules/import-local
1858 silly ADD node_modules/import-fresh
1859 silly ADD node_modules/import-fresh/node_modules/resolve-from
1860 silly ADD node_modules/image-size
1861 silly ADD node_modules/ignore
1862 silly ADD node_modules/idb
1863 silly ADD node_modules/iconv-lite
1864 silly ADD node_modules/iceberg-js
1865 silly ADD node_modules/hyphenate-style-name
1866 silly ADD node_modules/human-signals
1867 silly ADD node_modules/https-proxy-agent
1868 silly ADD node_modules/http-proxy-agent
1869 silly ADD node_modules/http-errors
1870 silly ADD node_modules/http-errors/node_modules/statuses
1871 silly ADD node_modules/html2canvas
1872 silly ADD node_modules/html-escaper
1873 silly ADD node_modules/html-encoding-sniffer
1874 silly ADD node_modules/hosted-git-info
1875 silly ADD node_modules/hosted-git-info/node_modules/lru-cache
1876 silly ADD node_modules/hoist-non-react-statics
1877 silly ADD node_modules/hoist-non-react-statics/node_modules/react-is
1878 silly ADD node_modules/hermes-parser
1879 silly ADD node_modules/hermes-estree
1880 silly ADD node_modules/hermes-compiler
1881 silly ADD node_modules/hasown
1882 silly ADD node_modules/has-tostringtag
1883 silly ADD node_modules/has-symbols
1884 silly ADD node_modules/has-proto
1885 silly ADD node_modules/has-property-descriptors
1886 silly ADD node_modules/has-flag
1887 silly ADD node_modules/has-bigints
1888 silly ADD node_modules/graphemer
1889 silly ADD node_modules/graceful-fs
1890 silly ADD node_modules/gopd
1891 silly ADD node_modules/globby
1892 silly ADD node_modules/globalthis
1893 silly ADD node_modules/globals
1894 silly ADD node_modules/glob-parent
1895 silly ADD node_modules/glob
1896 silly ADD node_modules/glob/node_modules/minimatch
1897 silly ADD node_modules/glob/node_modules/brace-expansion
1898 silly ADD node_modules/glob/node_modules/balanced-match
1899 silly ADD node_modules/getenv
1900 silly ADD node_modules/get-symbol-description
1901 silly ADD node_modules/get-stream
1902 silly ADD node_modules/get-proto
1903 silly ADD node_modules/get-package-type
1904 silly ADD node_modules/get-intrinsic
1905 silly ADD node_modules/get-caller-file
1906 silly ADD node_modules/gensync
1907 silly ADD node_modules/generator-function
1908 silly ADD node_modules/functions-have-names
1909 silly ADD node_modules/function.prototype.name
1910 silly ADD node_modules/function-bind
1911 silly ADD
1912 silly ADD node_modules/fs.realpath
1913 silly ADD node_modules/fresh
1914 silly ADD node_modules/form-data
1915 silly ADD node_modules/for-each
1916 silly ADD node_modules/fontfaceobserver
1917 silly ADD node_modules/follow-redirects
1918 silly ADD node_modules/flow-enums-runtime
1919 silly ADD node_modules/flatted
1920 silly ADD node_modules/flat-cache
1921 silly ADD node_modules/find-up
1922 silly ADD node_modules/finalhandler
1923 silly ADD node_modules/finalhandler/node_modules/ms
1924 silly ADD node_modules/finalhandler/node_modules/debug
1925 silly ADD node_modules/filter-obj
1926 silly ADD node_modules/fill-range
1927 silly ADD node_modules/file-entry-cache
1928 silly ADD node_modules/fetch-nodeshim
1929 silly ADD node_modules/fdir
1930 silly ADD node_modules/fbjs-css-vars
1931 silly ADD node_modules/fbjs
1932 silly ADD node_modules/fbjs/node_modules/ua-parser-js
1933 silly ADD node_modules/fbjs/node_modules/promise
1934 silly ADD node_modules/fb-watchman
1935 silly ADD node_modules/fb-dotslash
1936 silly ADD node_modules/fastq
1937 silly ADD node_modules/fast-levenshtein
1938 silly ADD node_modules/fast-json-stable-stringify
1939 silly ADD node_modules/fast-glob
1940 silly ADD node_modules/fast-glob/node_modules/glob-parent
1941 silly ADD node_modules/fast-deep-equal
1942 silly ADD node_modules/fast-base64-decode
1943 silly ADD node_modules/exponential-backoff
1944 silly ADD node_modules/expo-web-browser
1945 silly ADD node_modules/expo-video
1946 silly ADD node_modules/expo-status-bar
1947 silly ADD node_modules/expo-sqlite
1948 silly ADD node_modules/expo-splash-screen
1949 silly ADD node_modules/expo-sharing
1950 silly ADD node_modules/expo-server
1951 silly ADD node_modules/expo-secure-store
1952 silly ADD node_modules/expo-notifications
1953 silly ADD node_modules/expo-modules-jsi
1954 silly ADD node_modules/expo-modules-core
1955 silly ADD node_modules/expo-modules-autolinking
1956 silly ADD node_modules/expo-localization
1957 silly ADD node_modules/expo-local-authentication
1958 silly ADD node_modules/expo-linking
1959 silly ADD node_modules/expo-linear-gradient
1960 silly ADD node_modules/expo-keep-awake
1961 silly ADD node_modules/expo-haptics
1962 silly ADD node_modules/expo-font
1963 silly ADD node_modules/expo-file-system
1964 silly ADD node_modules/expo-document-picker
1965 silly ADD node_modules/expo-device
1966 silly ADD node_modules/expo-crypto
1967 silly ADD node_modules/expo-constants
1968 silly ADD node_modules/expo-clipboard
1969 silly ADD node_modules/expo-auth-session
1970 silly ADD node_modules/expo-asset
1971 silly ADD node_modules/expo-application
1972 silly ADD node_modules/expo-apple-authentication
1973 silly ADD node_modules/expo
1974 silly ADD node_modules/expo/node_modules/@expo/cli
1975 silly ADD node_modules/expo/node_modules/@expo/cli/node_modules/@expo/router-server
1976 silly ADD node_modules/expect
1977 silly ADD node_modules/expect/node_modules/jest-matcher-utils
1978 silly ADD node_modules/expect/node_modules/jest-diff
1979 silly ADD node_modules/exit
1980 silly ADD node_modules/execa
1981 silly ADD node_modules/eventemitter3
1982 silly ADD node_modules/event-target-shim
1983 silly ADD node_modules/etag
1984 silly ADD node_modules/esutils
1985 silly ADD node_modules/estraverse
1986 silly ADD node_modules/esrecurse
1987 silly ADD node_modules/esquery
1988 silly ADD node_modules/esprima
1989 silly ADD node_modules/espree
1990 silly ADD node_modules/eslint-visitor-keys
1991 silly ADD node_modules/eslint-scope
1992 silly ADD node_modules/eslint-plugin-react-hooks
1993 silly ADD node_modules/eslint-plugin-react
1994 silly ADD node_modules/eslint-plugin-react/node_modules/semver
1995 silly ADD node_modules/eslint-plugin-react/node_modules/resolve
1996 silly ADD node_modules/eslint-plugin-react/node_modules/minimatch
1997 silly ADD node_modules/eslint-plugin-react/node_modules/doctrine
1998 silly ADD node_modules/eslint-plugin-react/node_modules/brace-expansion
1999 silly ADD node_modules/eslint
2000 silly ADD node_modules/eslint/node_modules/p-locate
2001 silly ADD node_modules/eslint/node_modules/minimatch
2002 silly ADD node_modules/eslint/node_modules/locate-path
2003 silly ADD node_modules/eslint/node_modules/js-yaml
2004 silly ADD node_modules/eslint/node_modules/find-up
2005 silly ADD node_modules/eslint/node_modules/brace-expansion
2006 silly ADD node_modules/eslint/node_modules/argparse
2007 silly ADD node_modules/escodegen
2008 silly ADD node_modules/escape-string-regexp
2009 silly ADD node_modules/escape-html
2010 silly ADD node_modules/escalade
2011 silly ADD node_modules/es-to-primitive
2012 silly ADD node_modules/es-shim-unscopables
2013 silly ADD node_modules/es-set-tostringtag
2014 silly ADD node_modules/es-object-atoms
2015 silly ADD node_modules/es-iterator-helpers
2016 silly ADD node_modules/es-errors
2017 silly ADD node_modules/es-define-property
2018 silly ADD node_modules/es-abstract
2019 silly ADD node_modules/error-stack-parser
2020 silly ADD node_modules/error-ex
2021 silly ADD node_modules/entities
2022 silly ADD node_modules/encodeurl
2023 silly ADD node_modules/emoji-regex
2024 silly ADD node_modules/emittery
2025 silly ADD node_modules/electron-to-chromium
2026 silly ADD node_modules/ee-first
2027 silly ADD node_modules/dunder-proto
2028 silly ADD node_modules/domutils
2029 silly ADD node_modules/domhandler
2030 silly ADD node_modules/domexception
2031 silly ADD node_modules/domelementtype
2032 silly ADD node_modules/dom-serializer
2033 silly ADD node_modules/dom-serializer/node_modules/entities
2034 silly ADD node_modules/doctrine
2035 silly ADD node_modules/dnssd-advertise
2036 silly ADD node_modules/dir-glob
2037 silly ADD node_modules/diff-sequences
2038 silly ADD node_modules/detect-newline
2039 silly ADD node_modules/detect-libc
2040 silly ADD node_modules/destroy
2041 silly ADD node_modules/depd
2042 silly ADD node_modules/delayed-stream
2043 silly ADD node_modules/define-properties
2044 silly ADD node_modules/define-data-property
2045 silly ADD node_modules/defaults
2046 silly ADD node_modules/deepmerge
2047 silly ADD node_modules/deep-is
2048 silly ADD node_modules/dedent
2049 silly ADD node_modules/decode-uri-component
2050 silly ADD node_modules/decimal.js
2051 silly ADD node_modules/debug
2052 silly ADD node_modules/data-view-byte-offset
2053 silly ADD node_modules/data-view-byte-length
2054 silly ADD node_modules/data-view-buffer
2055 silly ADD node_modules/data-urls
2056 silly ADD node_modules/csstype
2057 silly ADD node_modules/cssstyle
2058 silly ADD node_modules/cssstyle/node_modules/cssom
2059 silly ADD node_modules/cssom
2060 silly ADD node_modules/css-what
2061 silly ADD node_modules/css-tree
2062 silly ADD node_modules/css-select
2063 silly ADD node_modules/css-line-break
2064 silly ADD node_modules/css-in-js-utils
2065 silly ADD node_modules/cross-spawn
2066 silly ADD node_modules/cross-fetch
2067 silly ADD node_modules/crisp-sdk-react-native
2068 silly ADD node_modules/create-jest
2069 silly ADD node_modules/core-js-compat
2070 silly ADD node_modules/convert-source-map
2071 silly ADD node_modules/connect
2072 silly ADD node_modules/connect/node_modules/ms
2073 silly ADD node_modules/connect/node_modules/debug
2074 silly ADD node_modules/concat-map
2075 silly ADD node_modules/compression
2076 silly ADD node_modules/compression/node_modules/negotiator
2077 silly ADD node_modules/compression/node_modules/ms
2078 silly ADD node_modules/compression/node_modules/debug
2079 silly ADD node_modules/compressible
2080 silly ADD node_modules/commander
2081 silly ADD node_modules/combined-stream
2082 silly ADD node_modules/color-string
2083 silly ADD node_modules/color-name
2084 silly ADD node_modules/color-convert
2085 silly ADD node_modules/color
2086 silly ADD node_modules/collect-v8-coverage
2087 silly ADD node_modules/co
2088 silly ADD node_modules/clone
2089 silly ADD node_modules/cliui
2090 silly ADD node_modules/cli-spinners
2091 silly ADD node_modules/cli-cursor
2092 silly ADD node_modules/cjs-module-lexer
2093 silly ADD node_modules/ci-info
2094 silly ADD node_modules/chromium-edge-launcher
2095 silly ADD node_modules/chrome-launcher
2096 silly ADD node_modules/char-regex
2097 silly ADD node_modules/chalk
2098 silly ADD node_modules/caniuse-lite
2099 silly ADD node_modules/camelcase
2100 silly ADD node_modules/callsites
2101 silly ADD node_modules/call-bound
2102 silly ADD node_modules/call-bind-apply-helpers
2103 silly ADD node_modules/call-bind
2104 silly ADD node_modules/bytes
2105 silly ADD node_modules/buffer-from
2106 silly ADD node_modules/bser
2107 silly ADD node_modules/browserslist
2108 silly ADD node_modules/braces
2109 silly ADD node_modules/brace-expansion
2110 silly ADD node_modules/bplist-parser
2111 silly ADD node_modules/bplist-creator
2112 silly ADD node_modules/boolbase
2113 silly ADD node_modules/big-integer
2114 silly ADD node_modules/baseline-browser-mapping
2115 silly ADD node_modules/base64-js
2116 silly ADD node_modules/base64-arraybuffer
2117 silly ADD node_modules/balanced-match
2118 silly ADD node_modules/badgin
2119 silly ADD node_modules/babel-preset-jest
2120 silly ADD node_modules/babel-preset-expo
2121 silly ADD node_modules/babel-preset-current-node-syntax
2122 silly ADD node_modules/babel-plugin-transform-flow-enums
2123 silly ADD node_modules/babel-plugin-syntax-hermes-parser
2124 silly ADD node_modules/babel-plugin-react-native-web
2125 silly ADD node_modules/babel-plugin-react-compiler
2126 silly ADD node_modules/babel-plugin-polyfill-regenerator
2127 silly ADD node_modules/babel-plugin-polyfill-corejs3
2128 silly ADD node_modules/babel-plugin-polyfill-corejs2
2129 silly ADD node_modules/babel-plugin-polyfill-corejs2/node_modules/semver
2130 silly ADD node_modules/babel-plugin-jest-hoist
2131 silly ADD node_modules/babel-plugin-istanbul
2132 silly ADD node_modules/babel-jest
2133 silly ADD node_modules/axios
2134 silly ADD node_modules/axios/node_modules/proxy-from-env
2135 silly ADD node_modules/await-lock
2136 silly ADD node_modules/available-typed-arrays
2137 silly ADD node_modules/asynckit
2138 silly ADD node_modules/async-function
2139 silly ADD node_modules/asap
2140 silly ADD node_modules/arraybuffer.prototype.slice
2141 silly ADD node_modules/array.prototype.tosorted
2142 silly ADD node_modules/array.prototype.flatmap
2143 silly ADD node_modules/array.prototype.flat
2144 silly ADD node_modules/array.prototype.findlast
2145 silly ADD node_modules/array-union
2146 silly ADD node_modules/array-includes
2147 silly ADD node_modules/array-buffer-byte-length
2148 silly ADD node_modules/argparse
2149 silly ADD node_modules/arg
2150 silly ADD node_modules/anymatch
2151 silly ADD node_modules/anymatch/node_modules/picomatch
2152 silly ADD node_modules/ansi-styles
2153 silly ADD node_modules/ansi-regex
2154 silly ADD node_modules/ansi-escapes
2155 silly ADD node_modules/ansi-escapes/node_modules/type-fest
2156 silly ADD node_modules/anser
2157 silly ADD node_modules/ajv
2158 silly ADD node_modules/agent-base
2159 silly ADD node_modules/acorn-walk
2160 silly ADD node_modules/acorn-jsx
2161 silly ADD node_modules/acorn-globals
2162 silly ADD node_modules/acorn
2163 silly ADD node_modules/accepts
2164 silly ADD node_modules/abort-controller
2165 silly ADD node_modules/abab
2166 silly ADD node_modules/@xmldom/xmldom
2167 silly ADD node_modules/@ungap/structured-clone
2168 silly ADD node_modules/@typescript-eslint/visitor-keys
2169 silly ADD node_modules/@typescript-eslint/utils
2170 silly ADD node_modules/@typescript-eslint/typescript-estree
2171 silly ADD node_modules/@typescript-eslint/types
2172 silly ADD node_modules/@typescript-eslint/type-utils
2173 silly ADD node_modules/@typescript-eslint/scope-manager
2174 silly ADD node_modules/@typescript-eslint/parser
2175 silly ADD node_modules/@typescript-eslint/eslint-plugin
2176 silly ADD node_modules/@types/yargs-parser
2177 silly ADD node_modules/@types/yargs
2178 silly ADD node_modules/@types/tough-cookie
2179 silly ADD node_modules/@types/stack-utils
2180 silly ADD node_modules/@types/react-test-renderer
2181 silly ADD node_modules/@types/react-reconciler
2182 silly ADD node_modules/@types/react
2183 silly ADD node_modules/@types/node
2184 silly ADD node_modules/@types/jsdom
2185 silly ADD node_modules/@types/jest
2186 silly ADD node_modules/@types/istanbul-reports
2187 silly ADD node_modules/@types/istanbul-lib-report
2188 silly ADD node_modules/@types/istanbul-lib-coverage
2189 silly ADD node_modules/@types/hammerjs
2190 silly ADD node_modules/@types/graceful-fs
2191 silly ADD node_modules/@types/babel__traverse
2192 silly ADD node_modules/@types/babel__template
2193 silly ADD node_modules/@types/babel__generator
2194 silly ADD node_modules/@types/babel__core
2195 silly ADD node_modules/@tootallnate/once
2196 silly ADD node_modules/@testing-library/react-native
2197 silly ADD node_modules/@testing-library/react-native/node_modules/pretty-format
2198 silly ADD node_modules/@testing-library/react-native/node_modules/ansi-styles
2199 silly ADD node_modules/@testing-library/react-native/node_modules/@sinclair/typebox
2200 silly ADD node_modules/@testing-library/react-native/node_modules/@jest/schemas
2201 silly ADD node_modules/@tanstack/react-query-persist-client
2202 silly ADD node_modules/@tanstack/react-query
2203 silly ADD node_modules/@tanstack/query-persist-client-core
2204 silly ADD node_modules/@tanstack/query-core
2205 silly ADD node_modules/@tanstack/query-async-storage-persister
2206 silly ADD node_modules/@supabase/supabase-js
2207 silly ADD node_modules/@supabase/storage-js
2208 silly ADD node_modules/@supabase/realtime-js
2209 silly ADD node_modules/@supabase/postgrest-js
2210 silly ADD node_modules/@supabase/phoenix
2211 silly ADD node_modules/@supabase/functions-js
2212 silly ADD node_modules/@supabase/auth-js
2213 silly ADD node_modules/@stripe/stripe-react-native
2214 silly ADD node_modules/@sinonjs/fake-timers
2215 silly ADD node_modules/@sinonjs/commons
2216 silly ADD node_modules/@sinclair/typebox
2217 silly ADD node_modules/@sentry/types
2218 silly ADD node_modules/@sentry/react-native
2219 silly ADD node_modules/@sentry/react
2220 silly ADD node_modules/@sentry/core
2221 silly ADD
2222 silly ADD
2223 silly ADD
2224 silly ADD node_modules/@sentry/cli-linux-x64
2225 silly ADD
2226 silly ADD
2227 silly ADD
2228 silly ADD
2229 silly ADD node_modules/@sentry/cli
2230 silly ADD node_modules/@sentry/browser
2231 silly ADD node_modules/@sentry/babel-plugin-component-annotate
2232 silly ADD node_modules/@sentry-internal/replay-canvas
2233 silly ADD node_modules/@sentry-internal/replay
2234 silly ADD node_modules/@sentry-internal/feedback
2235 silly ADD node_modules/@sentry-internal/browser-utils
2236 silly ADD node_modules/@react-navigation/routers
2237 silly ADD node_modules/@react-navigation/native-stack
2238 silly ADD node_modules/@react-navigation/native
2239 silly ADD node_modules/@react-navigation/elements
2240 silly ADD node_modules/@react-navigation/core
2241 silly ADD node_modules/@react-navigation/bottom-tabs
2242 silly ADD node_modules/@react-native/virtualized-lists
2243 silly ADD node_modules/@react-native/normalize-colors
2244 silly ADD node_modules/@react-native/normalize-color
2245 silly ADD node_modules/@react-native/metro-config
2246 silly ADD node_modules/@react-native/metro-babel-transformer
2247 silly ADD node_modules/@react-native/js-polyfills
2248 silly ADD node_modules/@react-native/jest-preset
2249 silly ADD node_modules/@react-native/gradle-plugin
2250 silly ADD node_modules/@react-native/dev-middleware
2251 silly ADD node_modules/@react-native/dev-middleware/node_modules/ws
2252 silly ADD node_modules/@react-native/debugger-shell
2253 silly ADD node_modules/@react-native/debugger-frontend
2254 silly ADD node_modules/@react-native/community-cli-plugin
2255 silly ADD node_modules/@react-native/codegen
2256 silly ADD node_modules/@react-native/babel-preset
2257 silly ADD node_modules/@react-native/babel-plugin-codegen
2258 silly ADD node_modules/@react-native/assets-registry
2259 silly ADD node_modules/@react-native-community/netinfo
2260 silly ADD node_modules/@react-native-community/datetimepicker
2261 silly ADD node_modules/@react-native-async-storage/async-storage
2262 silly ADD node_modules/@posthog/types
2263 silly ADD node_modules/@posthog/core
2264 silly ADD node_modules/@nodelib/fs.walk
2265 silly ADD node_modules/@nodelib/fs.stat
2266 silly ADD node_modules/@nodelib/fs.scandir
2267 silly ADD node_modules/@jridgewell/trace-mapping
2268 silly ADD node_modules/@jridgewell/sourcemap-codec
2269 silly ADD node_modules/@jridgewell/source-map
2270 silly ADD node_modules/@jridgewell/resolve-uri
2271 silly ADD node_modules/@jridgewell/remapping
2272 silly ADD node_modules/@jridgewell/gen-mapping
2273 silly ADD node_modules/@jest/types
2274 silly ADD node_modules/@jest/transform
2275 silly ADD node_modules/@jest/test-sequencer
2276 silly ADD node_modules/@jest/test-result
2277 silly ADD node_modules/@jest/source-map
2278 silly ADD node_modules/@jest/schemas
2279 silly ADD node_modules/@jest/reporters
2280 silly ADD node_modules/@jest/reporters/node_modules/minimatch
2281 silly ADD node_modules/@jest/reporters/node_modules/istanbul-lib-instrument
2282 silly ADD node_modules/@jest/reporters/node_modules/glob
2283 silly ADD node_modules/@jest/reporters/node_modules/brace-expansion
2284 silly ADD node_modules/@jest/globals
2285 silly ADD node_modules/@jest/get-type
2286 silly ADD node_modules/@jest/fake-timers
2287 silly ADD node_modules/@jest/expect-utils
2288 silly ADD node_modules/@jest/expect
2289 silly ADD node_modules/@jest/environment
2290 silly ADD node_modules/@jest/diff-sequences
2291 silly ADD node_modules/@jest/create-cache-key-function
2292 silly ADD node_modules/@jest/core
2293 silly ADD node_modules/@jest/console
2294 silly ADD node_modules/@istanbuljs/schema
2295 silly ADD node_modules/@istanbuljs/load-nyc-config
2296 silly ADD node_modules/@isaacs/ttlcache
2297 silly ADD node_modules/@humanwhocodes/object-schema
2298 silly ADD node_modules/@humanwhocodes/module-importer
2299 silly ADD node_modules/@humanwhocodes/config-array
2300 silly ADD node_modules/@humanwhocodes/config-array/node_modules/minimatch
2301 silly ADD node_modules/@humanwhocodes/config-array/node_modules/brace-expansion
2302 silly ADD node_modules/@expo/xcpretty
2303 silly ADD node_modules/@expo/xcpretty/node_modules/js-yaml
2304 silly ADD node_modules/@expo/xcpretty/node_modules/argparse
2305 silly ADD node_modules/@expo/ws-tunnel
2306 silly ADD node_modules/@expo/vector-icons
2307 silly ADD node_modules/@expo/sudo-prompt
2308 silly ADD node_modules/@expo/spawn-async
2309 silly ADD node_modules/@expo/sdk-runtime-versions
2310 silly ADD node_modules/@expo/schema-utils
2311 silly ADD node_modules/@expo/require-utils
2312 silly ADD node_modules/@expo/prebuild-config
2313 silly ADD node_modules/@expo/plist
2314 silly ADD node_modules/@expo/package-manager
2315 silly ADD node_modules/@expo/osascript
2316 silly ADD node_modules/@expo/metro-runtime
2317 silly ADD node_modules/@expo/metro-file-map
2318 silly ADD node_modules/@expo/metro-config
2319 silly ADD node_modules/@expo/metro
2320 silly ADD node_modules/@expo/log-box
2321 silly ADD node_modules/@expo/local-build-cache-provider
2322 silly ADD node_modules/@expo/json-file
2323 silly ADD node_modules/@expo/inline-modules
2324 silly ADD node_modules/@expo/image-utils
2325 silly ADD node_modules/@expo/fingerprint
2326 silly ADD node_modules/@expo/fingerprint/node_modules/minimatch
2327 silly ADD node_modules/@expo/fingerprint/node_modules/brace-expansion
2328 silly ADD node_modules/@expo/fingerprint/node_modules/balanced-match
2329 silly ADD node_modules/@expo/expo-modules-macros-plugin
2330 silly ADD node_modules/@expo/env
2331 silly ADD node_modules/@expo/dom-webview
2332 silly ADD node_modules/@expo/devtools
2333 silly ADD node_modules/@expo/devcert
2334 silly ADD node_modules/@expo/devcert/node_modules/debug
2335 silly ADD node_modules/@expo/config-types
2336 silly ADD node_modules/@expo/config-plugins
2337 silly ADD node_modules/@expo/config
2338 silly ADD node_modules/@expo/code-signing-certificates
2339 silly ADD node_modules/@expo-google-fonts/inter
2340 silly ADD node_modules/@expo-google-fonts/cormorant-garamond
2341 silly ADD node_modules/@eslint/js
2342 silly ADD node_modules/@eslint/eslintrc
2343 silly ADD node_modules/@eslint/eslintrc/node_modules/minimatch
2344 silly ADD node_modules/@eslint/eslintrc/node_modules/js-yaml
2345 silly ADD node_modules/@eslint/eslintrc/node_modules/brace-expansion
2346 silly ADD node_modules/@eslint/eslintrc/node_modules/argparse
2347 silly ADD node_modules/@eslint-community/regexpp
2348 silly ADD node_modules/@eslint-community/eslint-utils
2349 silly ADD node_modules/@egjs/hammerjs
2350 silly ADD node_modules/@bcoe/v8-coverage
2351 silly ADD node_modules/@babel/types
2352 silly ADD node_modules/@babel/traverse
2353 silly ADD node_modules/@babel/template
2354 silly ADD node_modules/@babel/runtime
2355 silly ADD node_modules/@babel/preset-typescript
2356 silly ADD node_modules/@babel/plugin-transform-unicode-regex
2357 silly ADD node_modules/@babel/plugin-transform-typescript
2358 silly ADD node_modules/@babel/plugin-transform-template-literals
2359 silly ADD node_modules/@babel/plugin-transform-shorthand-properties
2360 silly ADD node_modules/@babel/plugin-transform-runtime
2361 silly ADD node_modules/@babel/plugin-transform-runtime/node_modules/semver
2362 silly ADD node_modules/@babel/plugin-transform-regenerator
2363 silly ADD node_modules/@babel/plugin-transform-react-pure-annotations
2364 silly ADD node_modules/@babel/plugin-transform-react-jsx-source
2365 silly ADD node_modules/@babel/plugin-transform-react-jsx-self
2366 silly ADD node_modules/@babel/plugin-transform-react-jsx-development
2367 silly ADD node_modules/@babel/plugin-transform-react-jsx
2368 silly ADD node_modules/@babel/plugin-transform-react-display-name
2369 silly ADD node_modules/@babel/plugin-transform-private-property-in-object
2370 silly ADD node_modules/@babel/plugin-transform-private-methods
2371 silly ADD node_modules/@babel/plugin-transform-parameters
2372 silly ADD node_modules/@babel/plugin-transform-optional-chaining
2373 silly ADD node_modules/@babel/plugin-transform-optional-catch-binding
2374 silly ADD node_modules/@babel/plugin-transform-object-rest-spread
2375 silly ADD node_modules/@babel/plugin-transform-nullish-coalescing-operator
2376 silly ADD node_modules/@babel/plugin-transform-named-capturing-groups-regex
2377 silly ADD node_modules/@babel/plugin-transform-modules-commonjs
2378 silly ADD node_modules/@babel/plugin-transform-logical-assignment-operators
2379 silly ADD node_modules/@babel/plugin-transform-for-of
2380 silly ADD node_modules/@babel/plugin-transform-flow-strip-types
2381 silly ADD node_modules/@babel/plugin-transform-export-namespace-from
2382 silly ADD node_modules/@babel/plugin-transform-destructuring
2383 silly ADD node_modules/@babel/plugin-transform-classes
2384 silly ADD node_modules/@babel/plugin-transform-class-static-block
2385 silly ADD node_modules/@babel/plugin-transform-class-properties
2386 silly ADD node_modules/@babel/plugin-transform-block-scoping
2387 silly ADD node_modules/@babel/plugin-transform-async-to-generator
2388 silly ADD node_modules/@babel/plugin-transform-async-generator-functions
2389 silly ADD node_modules/@babel/plugin-transform-arrow-functions
2390 silly ADD node_modules/@babel/plugin-syntax-typescript
2391 silly ADD node_modules/@babel/plugin-syntax-top-level-await
2392 silly ADD node_modules/@babel/plugin-syntax-private-property-in-object
2393 silly ADD node_modules/@babel/plugin-syntax-optional-chaining
2394 silly ADD node_modules/@babel/plugin-syntax-optional-catch-binding
2395 silly ADD node_modules/@babel/plugin-syntax-object-rest-spread
2396 silly ADD node_modules/@babel/plugin-syntax-numeric-separator
2397 silly ADD node_modules/@babel/plugin-syntax-nullish-coalescing-operator
2398 silly ADD node_modules/@babel/plugin-syntax-logical-assignment-operators
2399 silly ADD node_modules/@babel/plugin-syntax-jsx
2400 silly ADD node_modules/@babel/plugin-syntax-json-strings
2401 silly ADD node_modules/@babel/plugin-syntax-import-meta
2402 silly ADD node_modules/@babel/plugin-syntax-import-attributes
2403 silly ADD node_modules/@babel/plugin-syntax-flow
2404 silly ADD node_modules/@babel/plugin-syntax-export-default-from
2405 silly ADD node_modules/@babel/plugin-syntax-dynamic-import
2406 silly ADD node_modules/@babel/plugin-syntax-decorators
2407 silly ADD node_modules/@babel/plugin-syntax-class-static-block
2408 silly ADD node_modules/@babel/plugin-syntax-class-properties
2409 silly ADD node_modules/@babel/plugin-syntax-bigint
2410 silly ADD node_modules/@babel/plugin-syntax-async-generators
2411 silly ADD node_modules/@babel/plugin-proposal-export-default-from
2412 silly ADD node_modules/@babel/plugin-proposal-decorators
2413 silly ADD node_modules/@babel/parser
2414 silly ADD node_modules/@babel/highlight
2415 silly ADD node_modules/@babel/highlight/node_modules/supports-color
2416 silly ADD node_modules/@babel/highlight/node_modules/has-flag
2417 silly ADD node_modules/@babel/highlight/node_modules/escape-string-regexp
2418 silly ADD node_modules/@babel/highlight/node_modules/color-name
2419 silly ADD node_modules/@babel/highlight/node_modules/color-convert
2420 silly ADD node_modules/@babel/highlight/node_modules/chalk
2421 silly ADD node_modules/@babel/highlight/node_modules/ansi-styles
2422 silly ADD node_modules/@babel/helpers
2423 silly ADD node_modules/@babel/helper-wrap-function
2424 silly ADD node_modules/@babel/helper-validator-option
2425 silly ADD node_modules/@babel/helper-validator-identifier
2426 silly ADD node_modules/@babel/helper-string-parser
2427 silly ADD node_modules/@babel/helper-skip-transparent-expression-wrappers
2428 silly ADD node_modules/@babel/helper-replace-supers
2429 silly ADD node_modules/@babel/helper-remap-async-to-generator
2430 silly ADD node_modules/@babel/helper-plugin-utils
2431 silly ADD node_modules/@babel/helper-optimise-call-expression
2432 silly ADD node_modules/@babel/helper-module-transforms
2433 silly ADD node_modules/@babel/helper-module-imports
2434 silly ADD node_modules/@babel/helper-member-expression-to-functions
2435 silly ADD node_modules/@babel/helper-globals
2436 silly ADD node_modules/@babel/helper-define-polyfill-provider
2437 silly ADD node_modules/@babel/helper-create-regexp-features-plugin
2438 silly ADD node_modules/@babel/helper-create-regexp-features-plugin/node_modules/semver
2439 silly ADD node_modules/@babel/helper-create-class-features-plugin
2440 silly ADD node_modules/@babel/helper-create-class-features-plugin/node_modules/semver
2441 silly ADD node_modules/@babel/helper-compilation-targets
2442 silly ADD node_modules/@babel/helper-compilation-targets/node_modules/semver
2443 silly ADD node_modules/@babel/helper-annotate-as-pure
2444 silly ADD node_modules/@babel/generator
2445 silly ADD node_modules/@babel/core
2446 silly ADD node_modules/@babel/core/node_modules/semver
2447 silly ADD node_modules/@babel/compat-data
2448 silly ADD node_modules/@babel/code-frame
2449 verbose cwd /home/user/workspace/worktrees/s6-diagnostic
2450 verbose os Linux 6.1.155+
2451 verbose node v20.20.1
2452 verbose npm  v10.8.2
2453 verbose exit 0
2454 info ok
