PASS src/hooks/__tests__/useAutosave.test.tsx
  ● Console

    console.warn
      [[useAutosave] conflict - awaiting server truth then rebasing] { planId: 'p1', head: 9, error: 'autosave_conflict_retry', attempt: 0 }

    [0m [90m 16 |[39m [36mfunction[39m log(level[33m:[39m [33mLogLevel[39m[33m,[39m context[33m:[39m string[33m,[39m [33m...[39margs[33m:[39m unknown[]) {
     [90m 17 |[39m   [36mif[39m (__DEV__) {
    [31m[1m>[22m[39m[90m 18 |[39m     console[level]([32m`[${context}]`[39m[33m,[39m [33m...[39margs)[33m;[39m
     [90m    |[39m                   [31m[1m^[22m[39m
     [90m 19 |[39m   }
     [90m 20 |[39m   [90m// In production, could forward to Sentry breadcrumbs here[39m
     [90m 21 |[39m }[0m

      at log (src/utils/logger.ts:18:19)
      at Object.log [as warn] (src/utils/logger.ts:25:50)
      at warn (src/hooks/useAutosave.ts:805:18)
          at Generator.throw (<anonymous>)
      at asyncGeneratorStep (node_modules/@babel/runtime/helpers/asyncToGenerator.js:3:17)
      at _throw (node_modules/@babel/runtime/helpers/asyncToGenerator.js:20:9)

    console.warn
      [[useAutosave] bootstrap stale-lock - syncing + rebasing local ops] { planId: 'p1', head: 9, error: 'autosave_lock_stale', attempt: 0 }

    [0m [90m 16 |[39m [36mfunction[39m log(level[33m:[39m [33mLogLevel[39m[33m,[39m context[33m:[39m string[33m,[39m [33m...[39margs[33m:[39m unknown[]) {
     [90m 17 |[39m   [36mif[39m (__DEV__) {
    [31m[1m>[22m[39m[90m 18 |[39m     console[level]([32m`[${context}]`[39m[33m,[39m [33m...[39margs)[33m;[39m
     [90m    |[39m                   [31m[1m^[22m[39m
     [90m 19 |[39m   }
     [90m 20 |[39m   [90m// In production, could forward to Sentry breadcrumbs here[39m
     [90m 21 |[39m }[0m

      at log (src/utils/logger.ts:18:19)
      at Object.log [as warn] (src/utils/logger.ts:25:50)
      at warn (src/hooks/useAutosave.ts:805:18)
          at Generator.throw (<anonymous>)
      at asyncGeneratorStep (node_modules/@babel/runtime/helpers/asyncToGenerator.js:3:17)
      at _throw (node_modules/@babel/runtime/helpers/asyncToGenerator.js:20:9)

    console.warn
      [[useAutosave] conflict - awaiting server truth then rebasing] { planId: 'p1', head: 9, error: 'autosave_lock_stale', attempt: 0 }

    [0m [90m 16 |[39m [36mfunction[39m log(level[33m:[39m [33mLogLevel[39m[33m,[39m context[33m:[39m string[33m,[39m [33m...[39margs[33m:[39m unknown[]) {
     [90m 17 |[39m   [36mif[39m (__DEV__) {
    [31m[1m>[22m[39m[90m 18 |[39m     console[level]([32m`[${context}]`[39m[33m,[39m [33m...[39margs)[33m;[39m
     [90m    |[39m                   [31m[1m^[22m[39m
     [90m 19 |[39m   }
     [90m 20 |[39m   [90m// In production, could forward to Sentry breadcrumbs here[39m
     [90m 21 |[39m }[0m

      at log (src/utils/logger.ts:18:19)
      at Object.log [as warn] (src/utils/logger.ts:25:50)
      at warn (src/hooks/useAutosave.ts:805:18)
          at Generator.throw (<anonymous>)
      at asyncGeneratorStep (node_modules/@babel/runtime/helpers/asyncToGenerator.js:3:17)
      at _throw (node_modules/@babel/runtime/helpers/asyncToGenerator.js:20:9)

    console.warn
      [[useAutosave] bootstrap stale-lock - syncing + rebasing local ops] { planId: 'p1', head: 5, error: 'autosave_lock_stale', attempt: 0 }

    [0m [90m 16 |[39m [36mfunction[39m log(level[33m:[39m [33mLogLevel[39m[33m,[39m context[33m:[39m string[33m,[39m [33m...[39margs[33m:[39m unknown[]) {
     [90m 17 |[39m   [36mif[39m (__DEV__) {
    [31m[1m>[22m[39m[90m 18 |[39m     console[level]([32m`[${context}]`[39m[33m,[39m [33m...[39margs)[33m;[39m
     [90m    |[39m                   [31m[1m^[22m[39m
     [90m 19 |[39m   }
     [90m 20 |[39m   [90m// In production, could forward to Sentry breadcrumbs here[39m
     [90m 21 |[39m }[0m

      at log (src/utils/logger.ts:18:19)
      at Object.log [as warn] (src/utils/logger.ts:25:50)
      at warn (src/hooks/useAutosave.ts:805:18)
          at Generator.throw (<anonymous>)
      at asyncGeneratorStep (node_modules/@babel/runtime/helpers/asyncToGenerator.js:3:17)
      at _throw (node_modules/@babel/runtime/helpers/asyncToGenerator.js:20:9)

    console.warn
      [[useAutosave] bootstrap stale-lock - syncing + rebasing local ops] { planId: 'p1', head: 6, error: 'autosave_lock_stale', attempt: 0 }

    [0m [90m 16 |[39m [36mfunction[39m log(level[33m:[39m [33mLogLevel[39m[33m,[39m context[33m:[39m string[33m,[39m [33m...[39margs[33m:[39m unknown[]) {
     [90m 17 |[39m   [36mif[39m (__DEV__) {
    [31m[1m>[22m[39m[90m 18 |[39m     console[level]([32m`[${context}]`[39m[33m,[39m [33m...[39margs)[33m;[39m
     [90m    |[39m                   [31m[1m^[22m[39m
     [90m 19 |[39m   }
     [90m 20 |[39m   [90m// In production, could forward to Sentry breadcrumbs here[39m
     [90m 21 |[39m }[0m

      at log (src/utils/logger.ts:18:19)
      at Object.log [as warn] (src/utils/logger.ts:25:50)
      at warn (src/hooks/useAutosave.ts:805:18)
          at Generator.throw (<anonymous>)
      at asyncGeneratorStep (node_modules/@babel/runtime/helpers/asyncToGenerator.js:3:17)
      at _throw (node_modules/@babel/runtime/helpers/asyncToGenerator.js:20:9)

    console.warn
      [[useAutosave] flush deferred (offline/server)] { planId: 'p1', kind: 'network', attempt: 0 }

    [0m [90m 16 |[39m [36mfunction[39m log(level[33m:[39m [33mLogLevel[39m[33m,[39m context[33m:[39m string[33m,[39m [33m...[39margs[33m:[39m unknown[]) {
     [90m 17 |[39m   [36mif[39m (__DEV__) {
    [31m[1m>[22m[39m[90m 18 |[39m     console[level]([32m`[${context}]`[39m[33m,[39m [33m...[39margs)[33m;[39m
     [90m    |[39m                   [31m[1m^[22m[39m
     [90m 19 |[39m   }
     [90m 20 |[39m   [90m// In production, could forward to Sentry breadcrumbs here[39m
     [90m 21 |[39m }[0m

      at log (src/utils/logger.ts:18:19)
      at Object.log [as warn] (src/utils/logger.ts:25:50)
      at warn (src/hooks/useAutosave.ts:925:18)
          at Generator.throw (<anonymous>)
      at asyncGeneratorStep (node_modules/@babel/runtime/helpers/asyncToGenerator.js:3:17)
      at _throw (node_modules/@babel/runtime/helpers/asyncToGenerator.js:20:9)

    console.warn
      [[useAutosave] conflict - awaiting server truth then rebasing] { planId: 'p1', head: 9, error: 'autosave_conflict_retry', attempt: 0 }

    [0m [90m 16 |[39m [36mfunction[39m log(level[33m:[39m [33mLogLevel[39m[33m,[39m context[33m:[39m string[33m,[39m [33m...[39margs[33m:[39m unknown[]) {
     [90m 17 |[39m   [36mif[39m (__DEV__) {
    [31m[1m>[22m[39m[90m 18 |[39m     console[level]([32m`[${context}]`[39m[33m,[39m [33m...[39margs)[33m;[39m
     [90m    |[39m                   [31m[1m^[22m[39m
     [90m 19 |[39m   }
     [90m 20 |[39m   [90m// In production, could forward to Sentry breadcrumbs here[39m
     [90m 21 |[39m }[0m

      at log (src/utils/logger.ts:18:19)
      at Object.log [as warn] (src/utils/logger.ts:25:50)
      at warn (src/hooks/useAutosave.ts:805:18)
          at Generator.throw (<anonymous>)
      at asyncGeneratorStep (node_modules/@babel/runtime/helpers/asyncToGenerator.js:3:17)
      at _throw (node_modules/@babel/runtime/helpers/asyncToGenerator.js:20:9)

    console.error
      [[useAutosave] mirror write failed (durability degraded)] {
        planId: 'p1',
        err: Error: mirror write failed (storage unavailable)
            at /home/user/workspace/worktrees/s6/src/hooks/__tests__/useAutosave.test.tsx:876:13
            at Generator.next (<anonymous>)
            at asyncGeneratorStep (/home/user/workspace/worktrees/s6/node_modules/@babel/runtime/helpers/asyncToGenerator.js:3:17)
            at _next (/home/user/workspace/worktrees/s6/node_modules/@babel/runtime/helpers/asyncToGenerator.js:17:9)
            at /home/user/workspace/worktrees/s6/node_modules/@babel/runtime/helpers/asyncToGenerator.js:22:7
            at new Promise (<anonymous>)
            at /home/user/workspace/worktrees/s6/node_modules/@babel/runtime/helpers/asyncToGenerator.js:14:12
            at /home/user/workspace/worktrees/s6/node_modules/jest-mock/build/index.js:397:39
            at /home/user/workspace/worktrees/s6/node_modules/jest-mock/build/index.js:404:13
            at mockConstructor (/home/user/workspace/worktrees/s6/node_modules/jest-mock/build/index.js:148:19)
            at Object.<anonymous> (/home/user/workspace/worktrees/s6/src/hooks/useAutosave.ts:984:34)
            at Generator.next (<anonymous>)
            at asyncGeneratorStep (/home/user/workspace/worktrees/s6/node_modules/@babel/runtime/helpers/asyncToGenerator.js:3:17)
            at _next (/home/user/workspace/worktrees/s6/node_modules/@babel/runtime/helpers/asyncToGenerator.js:17:9)
            at /home/user/workspace/worktrees/s6/node_modules/@babel/runtime/helpers/asyncToGenerator.js:22:7
            at new Promise (<anonymous>)
            at Object.<anonymous> (/home/user/workspace/worktrees/s6/node_modules/@babel/runtime/helpers/asyncToGenerator.js:14:12)
            at Object.apply [as current] (/home/user/workspace/worktrees/s6/src/hooks/useAutosave.ts:999:6)
            at current (/home/user/workspace/worktrees/s6/src/hooks/useAutosave.ts:891:56)
            at Generator.next (<anonymous>)
            at asyncGeneratorStep (/home/user/workspace/worktrees/s6/node_modules/@babel/runtime/helpers/asyncToGenerator.js:3:17)
            at _next (/home/user/workspace/worktrees/s6/node_modules/@babel/runtime/helpers/asyncToGenerator.js:17:9)
      }

    [0m [90m 16 |[39m [36mfunction[39m log(level[33m:[39m [33mLogLevel[39m[33m,[39m context[33m:[39m string[33m,[39m [33m...[39margs[33m:[39m unknown[]) {
     [90m 17 |[39m   [36mif[39m (__DEV__) {
    [31m[1m>[22m[39m[90m 18 |[39m     console[level]([32m`[${context}]`[39m[33m,[39m [33m...[39margs)[33m;[39m
     [90m    |[39m                   [31m[1m^[22m[39m
     [90m 19 |[39m   }
     [90m 20 |[39m   [90m// In production, could forward to Sentry breadcrumbs here[39m
     [90m 21 |[39m }[0m

      at log (src/utils/logger.ts:18:19)
      at Object.log [as error] (src/utils/logger.ts:26:51)
      at Object.error (src/hooks/useAutosave.ts:993:16)
          at Generator.throw (<anonymous>)
      at asyncGeneratorStep (node_modules/@babel/runtime/helpers/asyncToGenerator.js:3:17)
      at _throw (node_modules/@babel/runtime/helpers/asyncToGenerator.js:20:9)

    console.warn
      [[useAutosave] flush deferred (offline/server)] { planId: 'p1', kind: 'network', attempt: 0 }

    [0m [90m 16 |[39m [36mfunction[39m log(level[33m:[39m [33mLogLevel[39m[33m,[39m context[33m:[39m string[33m,[39m [33m...[39margs[33m:[39m unknown[]) {
     [90m 17 |[39m   [36mif[39m (__DEV__) {
    [31m[1m>[22m[39m[90m 18 |[39m     console[level]([32m`[${context}]`[39m[33m,[39m [33m...[39margs)[33m;[39m
     [90m    |[39m                   [31m[1m^[22m[39m
     [90m 19 |[39m   }
     [90m 20 |[39m   [90m// In production, could forward to Sentry breadcrumbs here[39m
     [90m 21 |[39m }[0m

      at log (src/utils/logger.ts:18:19)
      at Object.log [as warn] (src/utils/logger.ts:25:50)
      at warn (src/hooks/useAutosave.ts:925:18)
          at Generator.throw (<anonymous>)
      at asyncGeneratorStep (node_modules/@babel/runtime/helpers/asyncToGenerator.js:3:17)
      at _throw (node_modules/@babel/runtime/helpers/asyncToGenerator.js:20:9)

    console.warn
      [[useAutosave] flush deferred (offline/server)] { planId: 'p1', kind: 'network', attempt: 0 }

    [0m [90m 16 |[39m [36mfunction[39m log(level[33m:[39m [33mLogLevel[39m[33m,[39m context[33m:[39m string[33m,[39m [33m...[39margs[33m:[39m unknown[]) {
     [90m 17 |[39m   [36mif[39m (__DEV__) {
    [31m[1m>[22m[39m[90m 18 |[39m     console[level]([32m`[${context}]`[39m[33m,[39m [33m...[39margs)[33m;[39m
     [90m    |[39m                   [31m[1m^[22m[39m
     [90m 19 |[39m   }
     [90m 20 |[39m   [90m// In production, could forward to Sentry breadcrumbs here[39m
     [90m 21 |[39m }[0m

      at log (src/utils/logger.ts:18:19)
      at Object.log [as warn] (src/utils/logger.ts:25:50)
      at warn (src/hooks/useAutosave.ts:925:18)
          at Generator.throw (<anonymous>)
      at asyncGeneratorStep (node_modules/@babel/runtime/helpers/asyncToGenerator.js:3:17)
      at _throw (node_modules/@babel/runtime/helpers/asyncToGenerator.js:20:9)

    console.warn
      [[useAutosave] conflict - awaiting server truth then rebasing] { planId: 'p1', head: 9, error: 'autosave_conflict_retry', attempt: 0 }

    [0m [90m 16 |[39m [36mfunction[39m log(level[33m:[39m [33mLogLevel[39m[33m,[39m context[33m:[39m string[33m,[39m [33m...[39margs[33m:[39m unknown[]) {
     [90m 17 |[39m   [36mif[39m (__DEV__) {
    [31m[1m>[22m[39m[90m 18 |[39m     console[level]([32m`[${context}]`[39m[33m,[39m [33m...[39margs)[33m;[39m
     [90m    |[39m                   [31m[1m^[22m[39m
     [90m 19 |[39m   }
     [90m 20 |[39m   [90m// In production, could forward to Sentry breadcrumbs here[39m
     [90m 21 |[39m }[0m

      at log (src/utils/logger.ts:18:19)
      at Object.log [as warn] (src/utils/logger.ts:25:50)
      at warn (src/hooks/useAutosave.ts:805:18)
          at Generator.throw (<anonymous>)
      at asyncGeneratorStep (node_modules/@babel/runtime/helpers/asyncToGenerator.js:3:17)
      at _throw (node_modules/@babel/runtime/helpers/asyncToGenerator.js:20:9)

    console.warn
      [[useAutosave] conflict - awaiting server truth then rebasing] { planId: 'p1', head: 9, error: 'autosave_conflict_retry', attempt: 0 }

    [0m [90m 16 |[39m [36mfunction[39m log(level[33m:[39m [33mLogLevel[39m[33m,[39m context[33m:[39m string[33m,[39m [33m...[39margs[33m:[39m unknown[]) {
     [90m 17 |[39m   [36mif[39m (__DEV__) {
    [31m[1m>[22m[39m[90m 18 |[39m     console[level]([32m`[${context}]`[39m[33m,[39m [33m...[39margs)[33m;[39m
     [90m    |[39m                   [31m[1m^[22m[39m
     [90m 19 |[39m   }
     [90m 20 |[39m   [90m// In production, could forward to Sentry breadcrumbs here[39m
     [90m 21 |[39m }[0m

      at log (src/utils/logger.ts:18:19)
      at Object.log [as warn] (src/utils/logger.ts:25:50)
      at warn (src/hooks/useAutosave.ts:805:18)
          at Generator.throw (<anonymous>)
      at asyncGeneratorStep (node_modules/@babel/runtime/helpers/asyncToGenerator.js:3:17)
      at _throw (node_modules/@babel/runtime/helpers/asyncToGenerator.js:20:9)

    console.error
      [[useAutosave] server-truth adoption failed on conflict - manual recovery] {
        planId: 'p1',
        err: Error: refetch failed
            at Object.<anonymous> (/home/user/workspace/worktrees/s6/src/hooks/__tests__/useAutosave.test.tsx:1151:13)
            at Generator.next (<anonymous>)
            at asyncGeneratorStep (/home/user/workspace/worktrees/s6/node_modules/@babel/runtime/helpers/asyncToGenerator.js:3:17)
            at _next (/home/user/workspace/worktrees/s6/node_modules/@babel/runtime/helpers/asyncToGenerator.js:17:9)
      }

    [0m [90m 16 |[39m [36mfunction[39m log(level[33m:[39m [33mLogLevel[39m[33m,[39m context[33m:[39m string[33m,[39m [33m...[39margs[33m:[39m unknown[]) {
     [90m 17 |[39m   [36mif[39m (__DEV__) {
    [31m[1m>[22m[39m[90m 18 |[39m     console[level]([32m`[${context}]`[39m[33m,[39m [33m...[39margs)[33m;[39m
     [90m    |[39m                   [31m[1m^[22m[39m
     [90m 19 |[39m   }
     [90m 20 |[39m   [90m// In production, could forward to Sentry breadcrumbs here[39m
     [90m 21 |[39m }[0m

      at log (src/utils/logger.ts:18:19)
      at Object.log [as error] (src/utils/logger.ts:26:51)
      at error (src/hooks/useAutosave.ts:850:20)
          at Generator.throw (<anonymous>)
      at asyncGeneratorStep (node_modules/@babel/runtime/helpers/asyncToGenerator.js:3:17)
      at _throw (node_modules/@babel/runtime/helpers/asyncToGenerator.js:20:9)

    console.warn
      [[useAutosave] conflict - awaiting server truth then rebasing] { planId: 'p1', head: 9, error: 'autosave_conflict_retry', attempt: 0 }

    [0m [90m 16 |[39m [36mfunction[39m log(level[33m:[39m [33mLogLevel[39m[33m,[39m context[33m:[39m string[33m,[39m [33m...[39margs[33m:[39m unknown[]) {
     [90m 17 |[39m   [36mif[39m (__DEV__) {
    [31m[1m>[22m[39m[90m 18 |[39m     console[level]([32m`[${context}]`[39m[33m,[39m [33m...[39margs)[33m;[39m
     [90m    |[39m                   [31m[1m^[22m[39m
     [90m 19 |[39m   }
     [90m 20 |[39m   [90m// In production, could forward to Sentry breadcrumbs here[39m
     [90m 21 |[39m }[0m

      at log (src/utils/logger.ts:18:19)
      at Object.log [as warn] (src/utils/logger.ts:25:50)
      at warn (src/hooks/useAutosave.ts:805:18)
          at Generator.throw (<anonymous>)
      at asyncGeneratorStep (node_modules/@babel/runtime/helpers/asyncToGenerator.js:3:17)
      at _throw (node_modules/@babel/runtime/helpers/asyncToGenerator.js:20:9)

    console.warn
      [[useAutosave] conflict - awaiting server truth then rebasing] { planId: 'p1', head: 9, error: 'autosave_conflict_retry', attempt: 1 }

    [0m [90m 16 |[39m [36mfunction[39m log(level[33m:[39m [33mLogLevel[39m[33m,[39m context[33m:[39m string[33m,[39m [33m...[39margs[33m:[39m unknown[]) {
     [90m 17 |[39m   [36mif[39m (__DEV__) {
    [31m[1m>[22m[39m[90m 18 |[39m     console[level]([32m`[${context}]`[39m[33m,[39m [33m...[39margs)[33m;[39m
     [90m    |[39m                   [31m[1m^[22m[39m
     [90m 19 |[39m   }
     [90m 20 |[39m   [90m// In production, could forward to Sentry breadcrumbs here[39m
     [90m 21 |[39m }[0m

      at log (src/utils/logger.ts:18:19)
      at Object.log [as warn] (src/utils/logger.ts:25:50)
      at warn (src/hooks/useAutosave.ts:805:18)
          at Generator.throw (<anonymous>)
      at asyncGeneratorStep (node_modules/@babel/runtime/helpers/asyncToGenerator.js:3:17)
      at _throw (node_modules/@babel/runtime/helpers/asyncToGenerator.js:20:9)

    console.warn
      [[useAutosave] conflict - awaiting server truth then rebasing] { planId: 'p1', head: 9, error: 'autosave_conflict_retry', attempt: 2 }

    [0m [90m 16 |[39m [36mfunction[39m log(level[33m:[39m [33mLogLevel[39m[33m,[39m context[33m:[39m string[33m,[39m [33m...[39margs[33m:[39m unknown[]) {
     [90m 17 |[39m   [36mif[39m (__DEV__) {
    [31m[1m>[22m[39m[90m 18 |[39m     console[level]([32m`[${context}]`[39m[33m,[39m [33m...[39margs)[33m;[39m
     [90m    |[39m                   [31m[1m^[22m[39m
     [90m 19 |[39m   }
     [90m 20 |[39m   [90m// In production, could forward to Sentry breadcrumbs here[39m
     [90m 21 |[39m }[0m

      at log (src/utils/logger.ts:18:19)
      at Object.log [as warn] (src/utils/logger.ts:25:50)
      at warn (src/hooks/useAutosave.ts:805:18)
          at Generator.throw (<anonymous>)
      at asyncGeneratorStep (node_modules/@babel/runtime/helpers/asyncToGenerator.js:3:17)
      at _throw (node_modules/@babel/runtime/helpers/asyncToGenerator.js:20:9)

    console.warn
      [[useAutosave] conflict - awaiting server truth then rebasing] { planId: 'p1', head: 9, error: 'autosave_conflict_retry', attempt: 3 }

    [0m [90m 16 |[39m [36mfunction[39m log(level[33m:[39m [33mLogLevel[39m[33m,[39m context[33m:[39m string[33m,[39m [33m...[39margs[33m:[39m unknown[]) {
     [90m 17 |[39m   [36mif[39m (__DEV__) {
    [31m[1m>[22m[39m[90m 18 |[39m     console[level]([32m`[${context}]`[39m[33m,[39m [33m...[39margs)[33m;[39m
     [90m    |[39m                   [31m[1m^[22m[39m
     [90m 19 |[39m   }
     [90m 20 |[39m   [90m// In production, could forward to Sentry breadcrumbs here[39m
     [90m 21 |[39m }[0m

      at log (src/utils/logger.ts:18:19)
      at Object.log [as warn] (src/utils/logger.ts:25:50)
      at warn (src/hooks/useAutosave.ts:805:18)
          at Generator.throw (<anonymous>)
      at asyncGeneratorStep (node_modules/@babel/runtime/helpers/asyncToGenerator.js:3:17)
      at _throw (node_modules/@babel/runtime/helpers/asyncToGenerator.js:20:9)

    console.warn
      [[useAutosave] conflict - awaiting server truth then rebasing] { planId: 'p1', head: 9, error: 'autosave_conflict_retry', attempt: 4 }

    [0m [90m 16 |[39m [36mfunction[39m log(level[33m:[39m [33mLogLevel[39m[33m,[39m context[33m:[39m string[33m,[39m [33m...[39margs[33m:[39m unknown[]) {
     [90m 17 |[39m   [36mif[39m (__DEV__) {
    [31m[1m>[22m[39m[90m 18 |[39m     console[level]([32m`[${context}]`[39m[33m,[39m [33m...[39margs)[33m;[39m
     [90m    |[39m                   [31m[1m^[22m[39m
     [90m 19 |[39m   }
     [90m 20 |[39m   [90m// In production, could forward to Sentry breadcrumbs here[39m
     [90m 21 |[39m }[0m

      at log (src/utils/logger.ts:18:19)
      at Object.log [as warn] (src/utils/logger.ts:25:50)
      at warn (src/hooks/useAutosave.ts:805:18)
          at Generator.throw (<anonymous>)
      at asyncGeneratorStep (node_modules/@babel/runtime/helpers/asyncToGenerator.js:3:17)
      at _throw (node_modules/@babel/runtime/helpers/asyncToGenerator.js:20:9)

    console.warn
      [[useAutosave] conflict budget exhausted - manual recovery (no auto-retry)] { planId: 'p1', attempts: 5 }

    [0m [90m 16 |[39m [36mfunction[39m log(level[33m:[39m [33mLogLevel[39m[33m,[39m context[33m:[39m string[33m,[39m [33m...[39margs[33m:[39m unknown[]) {
     [90m 17 |[39m   [36mif[39m (__DEV__) {
    [31m[1m>[22m[39m[90m 18 |[39m     console[level]([32m`[${context}]`[39m[33m,[39m [33m...[39margs)[33m;[39m
     [90m    |[39m                   [31m[1m^[22m[39m
     [90m 19 |[39m   }
     [90m 20 |[39m   [90m// In production, could forward to Sentry breadcrumbs here[39m
     [90m 21 |[39m }[0m

      at log (src/utils/logger.ts:18:19)
      at Object.log [as warn] (src/utils/logger.ts:25:50)
      at warn (src/hooks/useAutosave.ts:786:20)
          at Generator.throw (<anonymous>)
      at asyncGeneratorStep (node_modules/@babel/runtime/helpers/asyncToGenerator.js:3:17)
      at _throw (node_modules/@babel/runtime/helpers/asyncToGenerator.js:20:9)

    console.warn
      [[useAutosave] conflict budget exhausted - manual recovery (no auto-retry)] { planId: 'p1', attempts: 5 }

    [0m [90m 16 |[39m [36mfunction[39m log(level[33m:[39m [33mLogLevel[39m[33m,[39m context[33m:[39m string[33m,[39m [33m...[39margs[33m:[39m unknown[]) {
     [90m 17 |[39m   [36mif[39m (__DEV__) {
    [31m[1m>[22m[39m[90m 18 |[39m     console[level]([32m`[${context}]`[39m[33m,[39m [33m...[39margs)[33m;[39m
     [90m    |[39m                   [31m[1m^[22m[39m
     [90m 19 |[39m   }
     [90m 20 |[39m   [90m// In production, could forward to Sentry breadcrumbs here[39m
     [90m 21 |[39m }[0m

      at log (src/utils/logger.ts:18:19)
      at Object.log [as warn] (src/utils/logger.ts:25:50)
      at warn (src/hooks/useAutosave.ts:786:20)
          at Generator.throw (<anonymous>)
      at asyncGeneratorStep (node_modules/@babel/runtime/helpers/asyncToGenerator.js:3:17)
      at _throw (node_modules/@babel/runtime/helpers/asyncToGenerator.js:20:9)

    console.error
      [[useAutosave] malformed conflict body — manual recovery (no auto-retry)] { planId: 'p1' }

    [0m [90m 16 |[39m [36mfunction[39m log(level[33m:[39m [33mLogLevel[39m[33m,[39m context[33m:[39m string[33m,[39m [33m...[39margs[33m:[39m unknown[]) {
     [90m 17 |[39m   [36mif[39m (__DEV__) {
    [31m[1m>[22m[39m[90m 18 |[39m     console[level]([32m`[${context}]`[39m[33m,[39m [33m...[39margs)[33m;[39m
     [90m    |[39m                   [31m[1m^[22m[39m
     [90m 19 |[39m   }
     [90m 20 |[39m   [90m// In production, could forward to Sentry breadcrumbs here[39m
     [90m 21 |[39m }[0m

      at log (src/utils/logger.ts:18:19)
      at Object.log [as error] (src/utils/logger.ts:26:51)
      at error (src/hooks/useAutosave.ts:742:20)
          at Generator.throw (<anonymous>)
      at asyncGeneratorStep (node_modules/@babel/runtime/helpers/asyncToGenerator.js:3:17)
      at _throw (node_modules/@babel/runtime/helpers/asyncToGenerator.js:20:9)

    console.warn
      [[useAutosave] conflict - awaiting server truth then rebasing] { planId: 'p1', head: 9, error: 'autosave_conflict_retry', attempt: 0 }

    [0m [90m 16 |[39m [36mfunction[39m log(level[33m:[39m [33mLogLevel[39m[33m,[39m context[33m:[39m string[33m,[39m [33m...[39margs[33m:[39m unknown[]) {
     [90m 17 |[39m   [36mif[39m (__DEV__) {
    [31m[1m>[22m[39m[90m 18 |[39m     console[level]([32m`[${context}]`[39m[33m,[39m [33m...[39margs)[33m;[39m
     [90m    |[39m                   [31m[1m^[22m[39m
     [90m 19 |[39m   }
     [90m 20 |[39m   [90m// In production, could forward to Sentry breadcrumbs here[39m
     [90m 21 |[39m }[0m

      at log (src/utils/logger.ts:18:19)
      at Object.log [as warn] (src/utils/logger.ts:25:50)
      at warn (src/hooks/useAutosave.ts:805:18)
          at Generator.throw (<anonymous>)
      at asyncGeneratorStep (node_modules/@babel/runtime/helpers/asyncToGenerator.js:3:17)
      at _throw (node_modules/@babel/runtime/helpers/asyncToGenerator.js:20:9)

    console.warn
      [[useAutosave] bootstrap stale-lock - syncing + rebasing local ops] { planId: 'p1', head: 9, error: 'autosave_lock_stale', attempt: 0 }

    [0m [90m 16 |[39m [36mfunction[39m log(level[33m:[39m [33mLogLevel[39m[33m,[39m context[33m:[39m string[33m,[39m [33m...[39margs[33m:[39m unknown[]) {
     [90m 17 |[39m   [36mif[39m (__DEV__) {
    [31m[1m>[22m[39m[90m 18 |[39m     console[level]([32m`[${context}]`[39m[33m,[39m [33m...[39margs)[33m;[39m
     [90m    |[39m                   [31m[1m^[22m[39m
     [90m 19 |[39m   }
     [90m 20 |[39m   [90m// In production, could forward to Sentry breadcrumbs here[39m
     [90m 21 |[39m }[0m

      at log (src/utils/logger.ts:18:19)
      at Object.log [as warn] (src/utils/logger.ts:25:50)
      at warn (src/hooks/useAutosave.ts:805:18)
          at Generator.throw (<anonymous>)
      at asyncGeneratorStep (node_modules/@babel/runtime/helpers/asyncToGenerator.js:3:17)
      at _throw (node_modules/@babel/runtime/helpers/asyncToGenerator.js:20:9)

    console.error
      An update to HookContainer inside a test was not wrapped in act(...).
      
      When testing, code that causes React state updates should be wrapped into act(...):
      
      act(() => {
        /* fire events that update state */
      });
      /* assert on the output */
      
      This ensures that you're testing the behavior the user would see in the browser. Learn more at https://react.dev/link/wrap-tests-with-act

    [0m [90m 474 |[39m   [36mconst[39m safeSet [33m=[39m useCallback(
     [90m 475 |[39m     [33m<[39m[33mT[39m[33m,[39m[33m>[39m(setter[33m:[39m (v[33m:[39m [33mT[39m) [33m=>[39m [36mvoid[39m[33m,[39m v[33m:[39m [33mT[39m) [33m=>[39m {
    [31m[1m>[22m[39m[90m 476 |[39m       [36mif[39m (mountedRef[33m.[39mcurrent) setter(v)[33m;[39m
     [90m     |[39m                               [31m[1m^[22m[39m
     [90m 477 |[39m     }[33m,[39m
     [90m 478 |[39m     [][33m,[39m
     [90m 479 |[39m   )[33m;[39m[0m

      at node_modules/react-reconciler/cjs/react-reconciler.development.js:16307:19
      at runWithFiberInDEV (node_modules/react-reconciler/cjs/react-reconciler.development.js:2508:13)
      at warnIfUpdatesNotWrappedWithActDEV (node_modules/react-reconciler/cjs/react-reconciler.development.js:16306:9)
      at scheduleUpdateOnFiber (node_modules/react-reconciler/cjs/react-reconciler.development.js:14070:11)
      at dispatchSetStateInternal (node_modules/react-reconciler/cjs/react-reconciler.development.js:6784:13)
      at dispatchSetState (node_modules/react-reconciler/cjs/react-reconciler.development.js:6741:7)
      at setter (src/hooks/useAutosave.ts:476:31)
      at safeSet (src/hooks/useAutosave.ts:641:7)
      at asyncGeneratorStep (node_modules/@babel/runtime/helpers/asyncToGenerator.js:3:17)
      at _next (node_modules/@babel/runtime/helpers/asyncToGenerator.js:17:9)
      at node_modules/@babel/runtime/helpers/asyncToGenerator.js:22:7
      at node_modules/@babel/runtime/helpers/asyncToGenerator.js:14:12
      at apply (src/hooks/useAutosave.ts:951:6)
      at Object.sendBatch [as current] (src/hooks/useAutosave.ts:1015:10)
      at current (src/hooks/useAutosave.ts:905:21)
      at asyncGeneratorStep (node_modules/@babel/runtime/helpers/asyncToGenerator.js:3:17)
      at _next (node_modules/@babel/runtime/helpers/asyncToGenerator.js:17:9)

    console.error
      An update to HookContainer inside a test was not wrapped in act(...).
      
      When testing, code that causes React state updates should be wrapped into act(...):
      
      act(() => {
        /* fire events that update state */
      });
      /* assert on the output */
      
      This ensures that you're testing the behavior the user would see in the browser. Learn more at https://react.dev/link/wrap-tests-with-act

    [0m [90m 474 |[39m   [36mconst[39m safeSet [33m=[39m useCallback(
     [90m 475 |[39m     [33m<[39m[33mT[39m[33m,[39m[33m>[39m(setter[33m:[39m (v[33m:[39m [33mT[39m) [33m=>[39m [36mvoid[39m[33m,[39m v[33m:[39m [33mT[39m) [33m=>[39m {
    [31m[1m>[22m[39m[90m 476 |[39m       [36mif[39m (mountedRef[33m.[39mcurrent) setter(v)[33m;[39m
     [90m     |[39m                               [31m[1m^[22m[39m
     [90m 477 |[39m     }[33m,[39m
     [90m 478 |[39m     [][33m,[39m
     [90m 479 |[39m   )[33m;[39m[0m

      at node_modules/react-reconciler/cjs/react-reconciler.development.js:16307:19
      at runWithFiberInDEV (node_modules/react-reconciler/cjs/react-reconciler.development.js:2508:13)
      at warnIfUpdatesNotWrappedWithActDEV (node_modules/react-reconciler/cjs/react-reconciler.development.js:16306:9)
      at scheduleUpdateOnFiber (node_modules/react-reconciler/cjs/react-reconciler.development.js:14070:11)
      at dispatchSetStateInternal (node_modules/react-reconciler/cjs/react-reconciler.development.js:6784:13)
      at dispatchSetState (node_modules/react-reconciler/cjs/react-reconciler.development.js:6741:7)
      at setter (src/hooks/useAutosave.ts:476:31)
      at safeSet (src/hooks/useAutosave.ts:531:7)
      at setDirty (src/hooks/useAutosave.ts:695:9)
      at asyncGeneratorStep (node_modules/@babel/runtime/helpers/asyncToGenerator.js:3:17)
      at _next (node_modules/@babel/runtime/helpers/asyncToGenerator.js:17:9)

    console.error
      An update to HookContainer inside a test was not wrapped in act(...).
      
      When testing, code that causes React state updates should be wrapped into act(...):
      
      act(() => {
        /* fire events that update state */
      });
      /* assert on the output */
      
      This ensures that you're testing the behavior the user would see in the browser. Learn more at https://react.dev/link/wrap-tests-with-act

    [0m [90m 474 |[39m   [36mconst[39m safeSet [33m=[39m useCallback(
     [90m 475 |[39m     [33m<[39m[33mT[39m[33m,[39m[33m>[39m(setter[33m:[39m (v[33m:[39m [33mT[39m) [33m=>[39m [36mvoid[39m[33m,[39m v[33m:[39m [33mT[39m) [33m=>[39m {
    [31m[1m>[22m[39m[90m 476 |[39m       [36mif[39m (mountedRef[33m.[39mcurrent) setter(v)[33m;[39m
     [90m     |[39m                               [31m[1m^[22m[39m
     [90m 477 |[39m     }[33m,[39m
     [90m 478 |[39m     [][33m,[39m
     [90m 479 |[39m   )[33m;[39m[0m

      at node_modules/react-reconciler/cjs/react-reconciler.development.js:16307:19
      at runWithFiberInDEV (node_modules/react-reconciler/cjs/react-reconciler.development.js:2508:13)
      at warnIfUpdatesNotWrappedWithActDEV (node_modules/react-reconciler/cjs/react-reconciler.development.js:16306:9)
      at scheduleUpdateOnFiber (node_modules/react-reconciler/cjs/react-reconciler.development.js:14070:11)
      at dispatchSetStateInternal (node_modules/react-reconciler/cjs/react-reconciler.development.js:6784:13)
      at dispatchSetState (node_modules/react-reconciler/cjs/react-reconciler.development.js:6741:7)
      at setter (src/hooks/useAutosave.ts:476:31)
      at safeSet (src/hooks/useAutosave.ts:697:9)
      at asyncGeneratorStep (node_modules/@babel/runtime/helpers/asyncToGenerator.js:3:17)
      at _next (node_modules/@babel/runtime/helpers/asyncToGenerator.js:17:9)

    console.error
      An update to HookContainer inside a test was not wrapped in act(...).
      
      When testing, code that causes React state updates should be wrapped into act(...):
      
      act(() => {
        /* fire events that update state */
      });
      /* assert on the output */
      
      This ensures that you're testing the behavior the user would see in the browser. Learn more at https://react.dev/link/wrap-tests-with-act

    [0m [90m 474 |[39m   [36mconst[39m safeSet [33m=[39m useCallback(
     [90m 475 |[39m     [33m<[39m[33mT[39m[33m,[39m[33m>[39m(setter[33m:[39m (v[33m:[39m [33mT[39m) [33m=>[39m [36mvoid[39m[33m,[39m v[33m:[39m [33mT[39m) [33m=>[39m {
    [31m[1m>[22m[39m[90m 476 |[39m       [36mif[39m (mountedRef[33m.[39mcurrent) setter(v)[33m;[39m
     [90m     |[39m                               [31m[1m^[22m[39m
     [90m 477 |[39m     }[33m,[39m
     [90m 478 |[39m     [][33m,[39m
     [90m 479 |[39m   )[33m;[39m[0m

      at node_modules/react-reconciler/cjs/react-reconciler.development.js:16307:19
      at runWithFiberInDEV (node_modules/react-reconciler/cjs/react-reconciler.development.js:2508:13)
      at warnIfUpdatesNotWrappedWithActDEV (node_modules/react-reconciler/cjs/react-reconciler.development.js:16306:9)
      at scheduleUpdateOnFiber (node_modules/react-reconciler/cjs/react-reconciler.development.js:14070:11)
      at dispatchSetStateInternal (node_modules/react-reconciler/cjs/react-reconciler.development.js:6784:13)
      at dispatchSetState (node_modules/react-reconciler/cjs/react-reconciler.development.js:6741:7)
      at setter (src/hooks/useAutosave.ts:476:31)
      at safeSet (src/hooks/useAutosave.ts:698:9)
      at asyncGeneratorStep (node_modules/@babel/runtime/helpers/asyncToGenerator.js:3:17)
      at _next (node_modules/@babel/runtime/helpers/asyncToGenerator.js:17:9)

    console.error
      An update to HookContainer inside a test was not wrapped in act(...).
      
      When testing, code that causes React state updates should be wrapped into act(...):
      
      act(() => {
        /* fire events that update state */
      });
      /* assert on the output */
      
      This ensures that you're testing the behavior the user would see in the browser. Learn more at https://react.dev/link/wrap-tests-with-act

    [0m [90m 474 |[39m   [36mconst[39m safeSet [33m=[39m useCallback(
     [90m 475 |[39m     [33m<[39m[33mT[39m[33m,[39m[33m>[39m(setter[33m:[39m (v[33m:[39m [33mT[39m) [33m=>[39m [36mvoid[39m[33m,[39m v[33m:[39m [33mT[39m) [33m=>[39m {
    [31m[1m>[22m[39m[90m 476 |[39m       [36mif[39m (mountedRef[33m.[39mcurrent) setter(v)[33m;[39m
     [90m     |[39m                               [31m[1m^[22m[39m
     [90m 477 |[39m     }[33m,[39m
     [90m 478 |[39m     [][33m,[39m
     [90m 479 |[39m   )[33m;[39m[0m

      at node_modules/react-reconciler/cjs/react-reconciler.development.js:16307:19
      at runWithFiberInDEV (node_modules/react-reconciler/cjs/react-reconciler.development.js:2508:13)
      at warnIfUpdatesNotWrappedWithActDEV (node_modules/react-reconciler/cjs/react-reconciler.development.js:16306:9)
      at scheduleUpdateOnFiber (node_modules/react-reconciler/cjs/react-reconciler.development.js:14070:11)
      at dispatchSetStateInternal (node_modules/react-reconciler/cjs/react-reconciler.development.js:6784:13)
      at dispatchSetState (node_modules/react-reconciler/cjs/react-reconciler.development.js:6741:7)
      at setter (src/hooks/useAutosave.ts:476:31)
      at safeSet (src/hooks/useAutosave.ts:699:9)
      at asyncGeneratorStep (node_modules/@babel/runtime/helpers/asyncToGenerator.js:3:17)
      at _next (node_modules/@babel/runtime/helpers/asyncToGenerator.js:17:9)

    console.error
      An update to HookContainer inside a test was not wrapped in act(...).
      
      When testing, code that causes React state updates should be wrapped into act(...):
      
      act(() => {
        /* fire events that update state */
      });
      /* assert on the output */
      
      This ensures that you're testing the behavior the user would see in the browser. Learn more at https://react.dev/link/wrap-tests-with-act

    [0m [90m 474 |[39m   [36mconst[39m safeSet [33m=[39m useCallback(
     [90m 475 |[39m     [33m<[39m[33mT[39m[33m,[39m[33m>[39m(setter[33m:[39m (v[33m:[39m [33mT[39m) [33m=>[39m [36mvoid[39m[33m,[39m v[33m:[39m [33mT[39m) [33m=>[39m {
    [31m[1m>[22m[39m[90m 476 |[39m       [36mif[39m (mountedRef[33m.[39mcurrent) setter(v)[33m;[39m
     [90m     |[39m                               [31m[1m^[22m[39m
     [90m 477 |[39m     }[33m,[39m
     [90m 478 |[39m     [][33m,[39m
     [90m 479 |[39m   )[33m;[39m[0m

      at node_modules/react-reconciler/cjs/react-reconciler.development.js:16307:19
      at runWithFiberInDEV (node_modules/react-reconciler/cjs/react-reconciler.development.js:2508:13)
      at warnIfUpdatesNotWrappedWithActDEV (node_modules/react-reconciler/cjs/react-reconciler.development.js:16306:9)
      at scheduleUpdateOnFiber (node_modules/react-reconciler/cjs/react-reconciler.development.js:14070:11)
      at dispatchSetStateInternal (node_modules/react-reconciler/cjs/react-reconciler.development.js:6784:13)
      at dispatchSetState (node_modules/react-reconciler/cjs/react-reconciler.development.js:6741:7)
      at setter (src/hooks/useAutosave.ts:476:31)
      at safeSet (src/hooks/useAutosave.ts:700:9)
      at asyncGeneratorStep (node_modules/@babel/runtime/helpers/asyncToGenerator.js:3:17)
      at _next (node_modules/@babel/runtime/helpers/asyncToGenerator.js:17:9)

    console.error
      An update to HookContainer inside a test was not wrapped in act(...).
      
      When testing, code that causes React state updates should be wrapped into act(...):
      
      act(() => {
        /* fire events that update state */
      });
      /* assert on the output */
      
      This ensures that you're testing the behavior the user would see in the browser. Learn more at https://react.dev/link/wrap-tests-with-act

    [0m [90m 474 |[39m   [36mconst[39m safeSet [33m=[39m useCallback(
     [90m 475 |[39m     [33m<[39m[33mT[39m[33m,[39m[33m>[39m(setter[33m:[39m (v[33m:[39m [33mT[39m) [33m=>[39m [36mvoid[39m[33m,[39m v[33m:[39m [33mT[39m) [33m=>[39m {
    [31m[1m>[22m[39m[90m 476 |[39m       [36mif[39m (mountedRef[33m.[39mcurrent) setter(v)[33m;[39m
     [90m     |[39m                               [31m[1m^[22m[39m
     [90m 477 |[39m     }[33m,[39m
     [90m 478 |[39m     [][33m,[39m
     [90m 479 |[39m   )[33m;[39m[0m

      at node_modules/react-reconciler/cjs/react-reconciler.development.js:16307:19
      at runWithFiberInDEV (node_modules/react-reconciler/cjs/react-reconciler.development.js:2508:13)
      at warnIfUpdatesNotWrappedWithActDEV (node_modules/react-reconciler/cjs/react-reconciler.development.js:16306:9)
      at scheduleUpdateOnFiber (node_modules/react-reconciler/cjs/react-reconciler.development.js:14070:11)
      at dispatchSetStateInternal (node_modules/react-reconciler/cjs/react-reconciler.development.js:6784:13)
      at dispatchSetState (node_modules/react-reconciler/cjs/react-reconciler.development.js:6741:7)
      at setter (src/hooks/useAutosave.ts:476:31)
      at safeSet (src/hooks/useAutosave.ts:706:9)
      at asyncGeneratorStep (node_modules/@babel/runtime/helpers/asyncToGenerator.js:3:17)
      at _next (node_modules/@babel/runtime/helpers/asyncToGenerator.js:17:9)

    console.warn
      [[useAutosave] conflict - awaiting server truth then rebasing] { planId: 'p1', head: 9, error: 'autosave_conflict_retry', attempt: 0 }

    [0m [90m 16 |[39m [36mfunction[39m log(level[33m:[39m [33mLogLevel[39m[33m,[39m context[33m:[39m string[33m,[39m [33m...[39margs[33m:[39m unknown[]) {
     [90m 17 |[39m   [36mif[39m (__DEV__) {
    [31m[1m>[22m[39m[90m 18 |[39m     console[level]([32m`[${context}]`[39m[33m,[39m [33m...[39margs)[33m;[39m
     [90m    |[39m                   [31m[1m^[22m[39m
     [90m 19 |[39m   }
     [90m 20 |[39m   [90m// In production, could forward to Sentry breadcrumbs here[39m
     [90m 21 |[39m }[0m

      at log (src/utils/logger.ts:18:19)
      at Object.log [as warn] (src/utils/logger.ts:25:50)
      at warn (src/hooks/useAutosave.ts:805:18)
          at Generator.throw (<anonymous>)
      at asyncGeneratorStep (node_modules/@babel/runtime/helpers/asyncToGenerator.js:3:17)
      at _throw (node_modules/@babel/runtime/helpers/asyncToGenerator.js:20:9)

PASS src/screens/community/__tests__/coachCommunityScreens.test.tsx
PASS src/__tests__/coachWorkoutBuilderAutosave.test.tsx
  ● Console

    console.warn
      [[useAutosave] conflict - awaiting server truth then rebasing] {
        planId: 'plan-1',
        head: 7,
        error: 'autosave_conflict_retry',
        attempt: 0
      }

    [0m [90m 16 |[39m [36mfunction[39m log(level[33m:[39m [33mLogLevel[39m[33m,[39m context[33m:[39m string[33m,[39m [33m...[39margs[33m:[39m unknown[]) {
     [90m 17 |[39m   [36mif[39m (__DEV__) {
    [31m[1m>[22m[39m[90m 18 |[39m     console[level]([32m`[${context}]`[39m[33m,[39m [33m...[39margs)[33m;[39m
     [90m    |[39m                   [31m[1m^[22m[39m
     [90m 19 |[39m   }
     [90m 20 |[39m   [90m// In production, could forward to Sentry breadcrumbs here[39m
     [90m 21 |[39m }[0m

      at log (src/utils/logger.ts:18:19)
      at Object.log [as warn] (src/utils/logger.ts:25:50)
      at warn (src/hooks/useAutosave.ts:805:18)
          at Generator.throw (<anonymous>)
      at asyncGeneratorStep (node_modules/@babel/runtime/helpers/asyncToGenerator.js:3:17)
      at _throw (node_modules/@babel/runtime/helpers/asyncToGenerator.js:20:9)

    console.error
      [[useAutosave] mirror write failed (durability degraded)] {
        planId: 'plan-1',
        err: Error: AsyncStorage quota exceeded
            at Object.<anonymous> (/home/user/workspace/worktrees/s6/src/__tests__/coachWorkoutBuilderAutosave.test.tsx:828:39)
            at Generator.next (<anonymous>)
            at asyncGeneratorStep (/home/user/workspace/worktrees/s6/node_modules/@babel/runtime/helpers/asyncToGenerator.js:3:17)
            at _next (/home/user/workspace/worktrees/s6/node_modules/@babel/runtime/helpers/asyncToGenerator.js:17:9)
            at /home/user/workspace/worktrees/s6/node_modules/@babel/runtime/helpers/asyncToGenerator.js:22:7
            at new Promise (<anonymous>)
            at Object.<anonymous> (/home/user/workspace/worktrees/s6/node_modules/@babel/runtime/helpers/asyncToGenerator.js:14:12)
            at Promise.then.completed (/home/user/workspace/worktrees/s6/node_modules/jest-circus/build/utils.js:298:28)
            at new Promise (<anonymous>)
            at callAsyncCircusFn (/home/user/workspace/worktrees/s6/node_modules/jest-circus/build/utils.js:231:10)
            at _callCircusTest (/home/user/workspace/worktrees/s6/node_modules/jest-circus/build/run.js:316:40)
            at _runTest (/home/user/workspace/worktrees/s6/node_modules/jest-circus/build/run.js:252:3)
            at _runTestsForDescribeBlock (/home/user/workspace/worktrees/s6/node_modules/jest-circus/build/run.js:126:9)
            at _runTestsForDescribeBlock (/home/user/workspace/worktrees/s6/node_modules/jest-circus/build/run.js:121:9)
            at run (/home/user/workspace/worktrees/s6/node_modules/jest-circus/build/run.js:71:3)
            at runAndTransformResultsToJestFormat (/home/user/workspace/worktrees/s6/node_modules/jest-circus/build/legacy-code-todo-rewrite/jestAdapterInit.js:122:21)
            at jestAdapter (/home/user/workspace/worktrees/s6/node_modules/jest-circus/build/legacy-code-todo-rewrite/jestAdapter.js:79:19)
            at runTestInternal (/home/user/workspace/worktrees/s6/node_modules/jest-runner/build/runTest.js:367:16)
            at runTest (/home/user/workspace/worktrees/s6/node_modules/jest-runner/build/runTest.js:444:34)
      }

    [0m [90m 16 |[39m [36mfunction[39m log(level[33m:[39m [33mLogLevel[39m[33m,[39m context[33m:[39m string[33m,[39m [33m...[39margs[33m:[39m unknown[]) {
     [90m 17 |[39m   [36mif[39m (__DEV__) {
    [31m[1m>[22m[39m[90m 18 |[39m     console[level]([32m`[${context}]`[39m[33m,[39m [33m...[39margs)[33m;[39m
     [90m    |[39m                   [31m[1m^[22m[39m
     [90m 19 |[39m   }
     [90m 20 |[39m   [90m// In production, could forward to Sentry breadcrumbs here[39m
     [90m 21 |[39m }[0m

      at log (src/utils/logger.ts:18:19)
      at Object.log [as error] (src/utils/logger.ts:26:51)
      at error (src/hooks/useAutosave.ts:993:16)
          at Generator.throw (<anonymous>)
      at asyncGeneratorStep (node_modules/@babel/runtime/helpers/asyncToGenerator.js:3:17)
      at _throw (node_modules/@babel/runtime/helpers/asyncToGenerator.js:20:9)

    console.warn
      [[useAutosave] flush deferred (offline/server)] { planId: 'plan-1', kind: 'network', attempt: 0 }

    [0m [90m 16 |[39m [36mfunction[39m log(level[33m:[39m [33mLogLevel[39m[33m,[39m context[33m:[39m string[33m,[39m [33m...[39margs[33m:[39m unknown[]) {
     [90m 17 |[39m   [36mif[39m (__DEV__) {
    [31m[1m>[22m[39m[90m 18 |[39m     console[level]([32m`[${context}]`[39m[33m,[39m [33m...[39margs)[33m;[39m
     [90m    |[39m                   [31m[1m^[22m[39m
     [90m 19 |[39m   }
     [90m 20 |[39m   [90m// In production, could forward to Sentry breadcrumbs here[39m
     [90m 21 |[39m }[0m

      at log (src/utils/logger.ts:18:19)
      at Object.log [as warn] (src/utils/logger.ts:25:50)
      at warn (src/hooks/useAutosave.ts:925:18)
          at Generator.throw (<anonymous>)
      at asyncGeneratorStep (node_modules/@babel/runtime/helpers/asyncToGenerator.js:3:17)
      at _throw (node_modules/@babel/runtime/helpers/asyncToGenerator.js:20:9)

    console.error
      [[useAutosave] mirror write failed (durability degraded)] {
        planId: 'plan-1',
        err: Error: AsyncStorage quota exceeded
            at Object.<anonymous> (/home/user/workspace/worktrees/s6/src/__tests__/coachWorkoutBuilderAutosave.test.tsx:884:30)
            at Generator.next (<anonymous>)
            at asyncGeneratorStep (/home/user/workspace/worktrees/s6/node_modules/@babel/runtime/helpers/asyncToGenerator.js:3:17)
            at _next (/home/user/workspace/worktrees/s6/node_modules/@babel/runtime/helpers/asyncToGenerator.js:17:9)
            at /home/user/workspace/worktrees/s6/node_modules/@babel/runtime/helpers/asyncToGenerator.js:22:7
            at new Promise (<anonymous>)
            at Object.<anonymous> (/home/user/workspace/worktrees/s6/node_modules/@babel/runtime/helpers/asyncToGenerator.js:14:12)
            at Promise.then.completed (/home/user/workspace/worktrees/s6/node_modules/jest-circus/build/utils.js:298:28)
            at new Promise (<anonymous>)
            at callAsyncCircusFn (/home/user/workspace/worktrees/s6/node_modules/jest-circus/build/utils.js:231:10)
            at _callCircusTest (/home/user/workspace/worktrees/s6/node_modules/jest-circus/build/run.js:316:40)
            at _runTest (/home/user/workspace/worktrees/s6/node_modules/jest-circus/build/run.js:252:3)
            at _runTestsForDescribeBlock (/home/user/workspace/worktrees/s6/node_modules/jest-circus/build/run.js:126:9)
            at _runTestsForDescribeBlock (/home/user/workspace/worktrees/s6/node_modules/jest-circus/build/run.js:121:9)
            at run (/home/user/workspace/worktrees/s6/node_modules/jest-circus/build/run.js:71:3)
            at runAndTransformResultsToJestFormat (/home/user/workspace/worktrees/s6/node_modules/jest-circus/build/legacy-code-todo-rewrite/jestAdapterInit.js:122:21)
            at jestAdapter (/home/user/workspace/worktrees/s6/node_modules/jest-circus/build/legacy-code-todo-rewrite/jestAdapter.js:79:19)
            at runTestInternal (/home/user/workspace/worktrees/s6/node_modules/jest-runner/build/runTest.js:367:16)
            at runTest (/home/user/workspace/worktrees/s6/node_modules/jest-runner/build/runTest.js:444:34)
      }

    [0m [90m 16 |[39m [36mfunction[39m log(level[33m:[39m [33mLogLevel[39m[33m,[39m context[33m:[39m string[33m,[39m [33m...[39margs[33m:[39m unknown[]) {
     [90m 17 |[39m   [36mif[39m (__DEV__) {
    [31m[1m>[22m[39m[90m 18 |[39m     console[level]([32m`[${context}]`[39m[33m,[39m [33m...[39margs)[33m;[39m
     [90m    |[39m                   [31m[1m^[22m[39m
     [90m 19 |[39m   }
     [90m 20 |[39m   [90m// In production, could forward to Sentry breadcrumbs here[39m
     [90m 21 |[39m }[0m

      at log (src/utils/logger.ts:18:19)
      at Object.log [as error] (src/utils/logger.ts:26:51)
      at error (src/hooks/useAutosave.ts:993:16)
          at Generator.throw (<anonymous>)
      at asyncGeneratorStep (node_modules/@babel/runtime/helpers/asyncToGenerator.js:3:17)
      at _throw (node_modules/@babel/runtime/helpers/asyncToGenerator.js:20:9)

PASS src/__tests__/CoachPackageContentsScreen.test.tsx
  ● Console

    console.error
      An update to CoachPackageContentsScreen inside a test was not wrapped in act(...).
      
      When testing, code that causes React state updates should be wrapped into act(...):
      
      act(() => {
        /* fire events that update state */
      });
      /* assert on the output */
      
      This ensures that you're testing the behavior the user would see in the browser. Learn more at https://react.dev/link/wrap-tests-with-act

    [0m [90m 367 |[39m       [90m// NEXT push intent can proceed once this one finishes.[39m
     [90m 368 |[39m       previewInFlightRef[33m.[39mcurrent [33m=[39m [36mfalse[39m[33m;[39m
    [31m[1m>[22m[39m[90m 369 |[39m       setAudienceCount(res[33m.[39mdata[33m.[39mcount)[33m;[39m
     [90m     |[39m       [31m[1m^[22m[39m
     [90m 370 |[39m       setBuyerNotify([36mtrue[39m)[33m;[39m
     [90m 371 |[39m       setFireAt([36mnull[39m)[33m;[39m
     [90m 372 |[39m       setPushSubmitting([36mfalse[39m)[33m;[39m[0m

      at node_modules/react-reconciler/cjs/react-reconciler.development.js:16307:19
      at runWithFiberInDEV (node_modules/react-reconciler/cjs/react-reconciler.development.js:2508:13)
      at warnIfUpdatesNotWrappedWithActDEV (node_modules/react-reconciler/cjs/react-reconciler.development.js:16306:9)
      at scheduleUpdateOnFiber (node_modules/react-reconciler/cjs/react-reconciler.development.js:14070:11)
      at dispatchSetStateInternal (node_modules/react-reconciler/cjs/react-reconciler.development.js:6784:13)
      at dispatchSetState (node_modules/react-reconciler/cjs/react-reconciler.development.js:6741:7)
      at setAudienceCount (src/screens/coach/payments/CoachPackageContentsScreen.tsx:369:7)
      at asyncGeneratorStep (node_modules/@babel/runtime/helpers/asyncToGenerator.js:3:17)
      at _next (node_modules/@babel/runtime/helpers/asyncToGenerator.js:17:9)

    console.error
      An update to CoachPackageContentsScreen inside a test was not wrapped in act(...).
      
      When testing, code that causes React state updates should be wrapped into act(...):
      
      act(() => {
        /* fire events that update state */
      });
      /* assert on the output */
      
      This ensures that you're testing the behavior the user would see in the browser. Learn more at https://react.dev/link/wrap-tests-with-act

    [0m [90m 368 |[39m       previewInFlightRef[33m.[39mcurrent [33m=[39m [36mfalse[39m[33m;[39m
     [90m 369 |[39m       setAudienceCount(res[33m.[39mdata[33m.[39mcount)[33m;[39m
    [31m[1m>[22m[39m[90m 370 |[39m       setBuyerNotify([36mtrue[39m)[33m;[39m
     [90m     |[39m       [31m[1m^[22m[39m
     [90m 371 |[39m       setFireAt([36mnull[39m)[33m;[39m
     [90m 372 |[39m       setPushSubmitting([36mfalse[39m)[33m;[39m
     [90m 373 |[39m       [90m// The push INTENT begins here: mint ONE stable idempotency key now and[39m[0m

      at node_modules/react-reconciler/cjs/react-reconciler.development.js:16307:19
      at runWithFiberInDEV (node_modules/react-reconciler/cjs/react-reconciler.development.js:2508:13)
      at warnIfUpdatesNotWrappedWithActDEV (node_modules/react-reconciler/cjs/react-reconciler.development.js:16306:9)
      at scheduleUpdateOnFiber (node_modules/react-reconciler/cjs/react-reconciler.development.js:14070:11)
      at dispatchSetStateInternal (node_modules/react-reconciler/cjs/react-reconciler.development.js:6784:13)
      at dispatchSetState (node_modules/react-reconciler/cjs/react-reconciler.development.js:6741:7)
      at setBuyerNotify (src/screens/coach/payments/CoachPackageContentsScreen.tsx:370:7)
      at asyncGeneratorStep (node_modules/@babel/runtime/helpers/asyncToGenerator.js:3:17)
      at _next (node_modules/@babel/runtime/helpers/asyncToGenerator.js:17:9)

    console.error
      An update to CoachPackageContentsScreen inside a test was not wrapped in act(...).
      
      When testing, code that causes React state updates should be wrapped into act(...):
      
      act(() => {
        /* fire events that update state */
      });
      /* assert on the output */
      
      This ensures that you're testing the behavior the user would see in the browser. Learn more at https://react.dev/link/wrap-tests-with-act

    [0m [90m 369 |[39m       setAudienceCount(res[33m.[39mdata[33m.[39mcount)[33m;[39m
     [90m 370 |[39m       setBuyerNotify([36mtrue[39m)[33m;[39m
    [31m[1m>[22m[39m[90m 371 |[39m       setFireAt([36mnull[39m)[33m;[39m
     [90m     |[39m       [31m[1m^[22m[39m
     [90m 372 |[39m       setPushSubmitting([36mfalse[39m)[33m;[39m
     [90m 373 |[39m       [90m// The push INTENT begins here: mint ONE stable idempotency key now and[39m
     [90m 374 |[39m       [90m// reuse it for the push call and any retry of this same intent. Both the[39m[0m

      at node_modules/react-reconciler/cjs/react-reconciler.development.js:16307:19
      at runWithFiberInDEV (node_modules/react-reconciler/cjs/react-reconciler.development.js:2508:13)
      at warnIfUpdatesNotWrappedWithActDEV (node_modules/react-reconciler/cjs/react-reconciler.development.js:16306:9)
      at scheduleUpdateOnFiber (node_modules/react-reconciler/cjs/react-reconciler.development.js:14070:11)
      at dispatchSetStateInternal (node_modules/react-reconciler/cjs/react-reconciler.development.js:6784:13)
      at dispatchSetState (node_modules/react-reconciler/cjs/react-reconciler.development.js:6741:7)
      at setFireAt (src/screens/coach/payments/CoachPackageContentsScreen.tsx:371:7)
      at asyncGeneratorStep (node_modules/@babel/runtime/helpers/asyncToGenerator.js:3:17)
      at _next (node_modules/@babel/runtime/helpers/asyncToGenerator.js:17:9)

    console.error
      An update to CoachPackageContentsScreen inside a test was not wrapped in act(...).
      
      When testing, code that causes React state updates should be wrapped into act(...):
      
      act(() => {
        /* fire events that update state */
      });
      /* assert on the output */
      
      This ensures that you're testing the behavior the user would see in the browser. Learn more at https://react.dev/link/wrap-tests-with-act

    [0m [90m 370 |[39m       setBuyerNotify([36mtrue[39m)[33m;[39m
     [90m 371 |[39m       setFireAt([36mnull[39m)[33m;[39m
    [31m[1m>[22m[39m[90m 372 |[39m       setPushSubmitting([36mfalse[39m)[33m;[39m
     [90m     |[39m       [31m[1m^[22m[39m
     [90m 373 |[39m       [90m// The push INTENT begins here: mint ONE stable idempotency key now and[39m
     [90m 374 |[39m       [90m// reuse it for the push call and any retry of this same intent. Both the[39m
     [90m 375 |[39m       [90m// ref (synchronous source of truth) and state (debug/inspection) carry it.[39m[0m

      at node_modules/react-reconciler/cjs/react-reconciler.development.js:16307:19
      at runWithFiberInDEV (node_modules/react-reconciler/cjs/react-reconciler.development.js:2508:13)
      at warnIfUpdatesNotWrappedWithActDEV (node_modules/react-reconciler/cjs/react-reconciler.development.js:16306:9)
      at scheduleUpdateOnFiber (node_modules/react-reconciler/cjs/react-reconciler.development.js:14070:11)
      at dispatchSetStateInternal (node_modules/react-reconciler/cjs/react-reconciler.development.js:6784:13)
      at dispatchSetState (node_modules/react-reconciler/cjs/react-reconciler.development.js:6741:7)
      at setPushSubmitting (src/screens/coach/payments/CoachPackageContentsScreen.tsx:372:7)
      at asyncGeneratorStep (node_modules/@babel/runtime/helpers/asyncToGenerator.js:3:17)
      at _next (node_modules/@babel/runtime/helpers/asyncToGenerator.js:17:9)

    console.error
      An update to CoachPackageContentsScreen inside a test was not wrapped in act(...).
      
      When testing, code that causes React state updates should be wrapped into act(...):
      
      act(() => {
        /* fire events that update state */
      });
      /* assert on the output */
      
      This ensures that you're testing the behavior the user would see in the browser. Learn more at https://react.dev/link/wrap-tests-with-act

    [0m [90m 377 |[39m       pushIdemKeyRef[33m.[39mcurrent [33m=[39m intentKey[33m;[39m
     [90m 378 |[39m       submitInFlightRef[33m.[39mcurrent [33m=[39m [36mfalse[39m[33m;[39m
    [31m[1m>[22m[39m[90m 379 |[39m       setPreviewLoading([36mfalse[39m)[33m;[39m
     [90m     |[39m       [31m[1m^[22m[39m
     [90m 380 |[39m       setConfirmVisible([36mtrue[39m)[33m;[39m
     [90m 381 |[39m     } [36mcatch[39m (err) {
     [90m 382 |[39m       [90m// Only the CURRENT intent surfaces an error / resets state. A stale[39m[0m

      at node_modules/react-reconciler/cjs/react-reconciler.development.js:16307:19
      at runWithFiberInDEV (node_modules/react-reconciler/cjs/react-reconciler.development.js:2508:13)
      at warnIfUpdatesNotWrappedWithActDEV (node_modules/react-reconciler/cjs/react-reconciler.development.js:16306:9)
      at scheduleUpdateOnFiber (node_modules/react-reconciler/cjs/react-reconciler.development.js:14070:11)
      at dispatchSetStateInternal (node_modules/react-reconciler/cjs/react-reconciler.development.js:6784:13)
      at dispatchSetState (node_modules/react-reconciler/cjs/react-reconciler.development.js:6741:7)
      at setPreviewLoading (src/screens/coach/payments/CoachPackageContentsScreen.tsx:379:7)
      at asyncGeneratorStep (node_modules/@babel/runtime/helpers/asyncToGenerator.js:3:17)
      at _next (node_modules/@babel/runtime/helpers/asyncToGenerator.js:17:9)

    console.error
      An update to CoachPackageContentsScreen inside a test was not wrapped in act(...).
      
      When testing, code that causes React state updates should be wrapped into act(...):
      
      act(() => {
        /* fire events that update state */
      });
      /* assert on the output */
      
      This ensures that you're testing the behavior the user would see in the browser. Learn more at https://react.dev/link/wrap-tests-with-act

    [0m [90m 378 |[39m       submitInFlightRef[33m.[39mcurrent [33m=[39m [36mfalse[39m[33m;[39m
     [90m 379 |[39m       setPreviewLoading([36mfalse[39m)[33m;[39m
    [31m[1m>[22m[39m[90m 380 |[39m       setConfirmVisible([36mtrue[39m)[33m;[39m
     [90m     |[39m       [31m[1m^[22m[39m
     [90m 381 |[39m     } [36mcatch[39m (err) {
     [90m 382 |[39m       [90m// Only the CURRENT intent surfaces an error / resets state. A stale[39m
     [90m 383 |[39m       [90m// failed preview is ignored so it cannot disturb an in-flight push.[39m[0m

      at node_modules/react-reconciler/cjs/react-reconciler.development.js:16307:19
      at runWithFiberInDEV (node_modules/react-reconciler/cjs/react-reconciler.development.js:2508:13)
      at warnIfUpdatesNotWrappedWithActDEV (node_modules/react-reconciler/cjs/react-reconciler.development.js:16306:9)
      at scheduleUpdateOnFiber (node_modules/react-reconciler/cjs/react-reconciler.development.js:14070:11)
      at dispatchSetStateInternal (node_modules/react-reconciler/cjs/react-reconciler.development.js:6784:13)
      at dispatchSetState (node_modules/react-reconciler/cjs/react-reconciler.development.js:6741:7)
      at setConfirmVisible (src/screens/coach/payments/CoachPackageContentsScreen.tsx:380:7)
      at asyncGeneratorStep (node_modules/@babel/runtime/helpers/asyncToGenerator.js:3:17)
      at _next (node_modules/@babel/runtime/helpers/asyncToGenerator.js:17:9)

    console.error
      An update to CoachPackageContentsScreen inside a test was not wrapped in act(...).
      
      When testing, code that causes React state updates should be wrapped into act(...):
      
      act(() => {
        /* fire events that update state */
      });
      /* assert on the output */
      
      This ensures that you're testing the behavior the user would see in the browser. Learn more at https://react.dev/link/wrap-tests-with-act

    [0m [90m 367 |[39m       [90m// NEXT push intent can proceed once this one finishes.[39m
     [90m 368 |[39m       previewInFlightRef[33m.[39mcurrent [33m=[39m [36mfalse[39m[33m;[39m
    [31m[1m>[22m[39m[90m 369 |[39m       setAudienceCount(res[33m.[39mdata[33m.[39mcount)[33m;[39m
     [90m     |[39m       [31m[1m^[22m[39m
     [90m 370 |[39m       setBuyerNotify([36mtrue[39m)[33m;[39m
     [90m 371 |[39m       setFireAt([36mnull[39m)[33m;[39m
     [90m 372 |[39m       setPushSubmitting([36mfalse[39m)[33m;[39m[0m

      at node_modules/react-reconciler/cjs/react-reconciler.development.js:16307:19
      at runWithFiberInDEV (node_modules/react-reconciler/cjs/react-reconciler.development.js:2508:13)
      at warnIfUpdatesNotWrappedWithActDEV (node_modules/react-reconciler/cjs/react-reconciler.development.js:16306:9)
      at scheduleUpdateOnFiber (node_modules/react-reconciler/cjs/react-reconciler.development.js:14070:11)
      at dispatchSetStateInternal (node_modules/react-reconciler/cjs/react-reconciler.development.js:6784:13)
      at dispatchSetState (node_modules/react-reconciler/cjs/react-reconciler.development.js:6741:7)
      at setAudienceCount (src/screens/coach/payments/CoachPackageContentsScreen.tsx:369:7)
      at asyncGeneratorStep (node_modules/@babel/runtime/helpers/asyncToGenerator.js:3:17)
      at _next (node_modules/@babel/runtime/helpers/asyncToGenerator.js:17:9)

    console.error
      An update to CoachPackageContentsScreen inside a test was not wrapped in act(...).
      
      When testing, code that causes React state updates should be wrapped into act(...):
      
      act(() => {
        /* fire events that update state */
      });
      /* assert on the output */
      
      This ensures that you're testing the behavior the user would see in the browser. Learn more at https://react.dev/link/wrap-tests-with-act

    [0m [90m 368 |[39m       previewInFlightRef[33m.[39mcurrent [33m=[39m [36mfalse[39m[33m;[39m
     [90m 369 |[39m       setAudienceCount(res[33m.[39mdata[33m.[39mcount)[33m;[39m
    [31m[1m>[22m[39m[90m 370 |[39m       setBuyerNotify([36mtrue[39m)[33m;[39m
     [90m     |[39m       [31m[1m^[22m[39m
     [90m 371 |[39m       setFireAt([36mnull[39m)[33m;[39m
     [90m 372 |[39m       setPushSubmitting([36mfalse[39m)[33m;[39m
     [90m 373 |[39m       [90m// The push INTENT begins here: mint ONE stable idempotency key now and[39m[0m

      at node_modules/react-reconciler/cjs/react-reconciler.development.js:16307:19
      at runWithFiberInDEV (node_modules/react-reconciler/cjs/react-reconciler.development.js:2508:13)
      at warnIfUpdatesNotWrappedWithActDEV (node_modules/react-reconciler/cjs/react-reconciler.development.js:16306:9)
      at scheduleUpdateOnFiber (node_modules/react-reconciler/cjs/react-reconciler.development.js:14070:11)
      at dispatchSetStateInternal (node_modules/react-reconciler/cjs/react-reconciler.development.js:6784:13)
      at dispatchSetState (node_modules/react-reconciler/cjs/react-reconciler.development.js:6741:7)
      at setBuyerNotify (src/screens/coach/payments/CoachPackageContentsScreen.tsx:370:7)
      at asyncGeneratorStep (node_modules/@babel/runtime/helpers/asyncToGenerator.js:3:17)
      at _next (node_modules/@babel/runtime/helpers/asyncToGenerator.js:17:9)

    console.error
      An update to CoachPackageContentsScreen inside a test was not wrapped in act(...).
      
      When testing, code that causes React state updates should be wrapped into act(...):
      
      act(() => {
        /* fire events that update state */
      });
      /* assert on the output */
      
      This ensures that you're testing the behavior the user would see in the browser. Learn more at https://react.dev/link/wrap-tests-with-act

    [0m [90m 369 |[39m       setAudienceCount(res[33m.[39mdata[33m.[39mcount)[33m;[39m
     [90m 370 |[39m       setBuyerNotify([36mtrue[39m)[33m;[39m
    [31m[1m>[22m[39m[90m 371 |[39m       setFireAt([36mnull[39m)[33m;[39m
     [90m     |[39m       [31m[1m^[22m[39m
     [90m 372 |[39m       setPushSubmitting([36mfalse[39m)[33m;[39m
     [90m 373 |[39m       [90m// The push INTENT begins here: mint ONE stable idempotency key now and[39m
     [90m 374 |[39m       [90m// reuse it for the push call and any retry of this same intent. Both the[39m[0m

      at node_modules/react-reconciler/cjs/react-reconciler.development.js:16307:19
      at runWithFiberInDEV (node_modules/react-reconciler/cjs/react-reconciler.development.js:2508:13)
      at warnIfUpdatesNotWrappedWithActDEV (node_modules/react-reconciler/cjs/react-reconciler.development.js:16306:9)
      at scheduleUpdateOnFiber (node_modules/react-reconciler/cjs/react-reconciler.development.js:14070:11)
      at dispatchSetStateInternal (node_modules/react-reconciler/cjs/react-reconciler.development.js:6784:13)
      at dispatchSetState (node_modules/react-reconciler/cjs/react-reconciler.development.js:6741:7)
      at setFireAt (src/screens/coach/payments/CoachPackageContentsScreen.tsx:371:7)
      at asyncGeneratorStep (node_modules/@babel/runtime/helpers/asyncToGenerator.js:3:17)
      at _next (node_modules/@babel/runtime/helpers/asyncToGenerator.js:17:9)

    console.error
      An update to CoachPackageContentsScreen inside a test was not wrapped in act(...).
      
      When testing, code that causes React state updates should be wrapped into act(...):
      
      act(() => {
        /* fire events that update state */
      });
      /* assert on the output */
      
      This ensures that you're testing the behavior the user would see in the browser. Learn more at https://react.dev/link/wrap-tests-with-act

    [0m [90m 370 |[39m       setBuyerNotify([36mtrue[39m)[33m;[39m
     [90m 371 |[39m       setFireAt([36mnull[39m)[33m;[39m
    [31m[1m>[22m[39m[90m 372 |[39m       setPushSubmitting([36mfalse[39m)[33m;[39m
     [90m     |[39m       [31m[1m^[22m[39m
     [90m 373 |[39m       [90m// The push INTENT begins here: mint ONE stable idempotency key now and[39m
     [90m 374 |[39m       [90m// reuse it for the push call and any retry of this same intent. Both the[39m
     [90m 375 |[39m       [90m// ref (synchronous source of truth) and state (debug/inspection) carry it.[39m[0m

      at node_modules/react-reconciler/cjs/react-reconciler.development.js:16307:19
      at runWithFiberInDEV (node_modules/react-reconciler/cjs/react-reconciler.development.js:2508:13)
      at warnIfUpdatesNotWrappedWithActDEV (node_modules/react-reconciler/cjs/react-reconciler.development.js:16306:9)
      at scheduleUpdateOnFiber (node_modules/react-reconciler/cjs/react-reconciler.development.js:14070:11)
      at dispatchSetStateInternal (node_modules/react-reconciler/cjs/react-reconciler.development.js:6784:13)
      at dispatchSetState (node_modules/react-reconciler/cjs/react-reconciler.development.js:6741:7)
      at setPushSubmitting (src/screens/coach/payments/CoachPackageContentsScreen.tsx:372:7)
      at asyncGeneratorStep (node_modules/@babel/runtime/helpers/asyncToGenerator.js:3:17)
      at _next (node_modules/@babel/runtime/helpers/asyncToGenerator.js:17:9)

    console.error
      An update to CoachPackageContentsScreen inside a test was not wrapped in act(...).
      
      When testing, code that causes React state updates should be wrapped into act(...):
      
      act(() => {
        /* fire events that update state */
      });
      /* assert on the output */
      
      This ensures that you're testing the behavior the user would see in the browser. Learn more at https://react.dev/link/wrap-tests-with-act

    [0m [90m 377 |[39m       pushIdemKeyRef[33m.[39mcurrent [33m=[39m intentKey[33m;[39m
     [90m 378 |[39m       submitInFlightRef[33m.[39mcurrent [33m=[39m [36mfalse[39m[33m;[39m
    [31m[1m>[22m[39m[90m 379 |[39m       setPreviewLoading([36mfalse[39m)[33m;[39m
     [90m     |[39m       [31m[1m^[22m[39m
     [90m 380 |[39m       setConfirmVisible([36mtrue[39m)[33m;[39m
     [90m 381 |[39m     } [36mcatch[39m (err) {
     [90m 382 |[39m       [90m// Only the CURRENT intent surfaces an error / resets state. A stale[39m[0m

      at node_modules/react-reconciler/cjs/react-reconciler.development.js:16307:19
      at runWithFiberInDEV (node_modules/react-reconciler/cjs/react-reconciler.development.js:2508:13)
      at warnIfUpdatesNotWrappedWithActDEV (node_modules/react-reconciler/cjs/react-reconciler.development.js:16306:9)
      at scheduleUpdateOnFiber (node_modules/react-reconciler/cjs/react-reconciler.development.js:14070:11)
      at dispatchSetStateInternal (node_modules/react-reconciler/cjs/react-reconciler.development.js:6784:13)
      at dispatchSetState (node_modules/react-reconciler/cjs/react-reconciler.development.js:6741:7)
      at setPreviewLoading (src/screens/coach/payments/CoachPackageContentsScreen.tsx:379:7)
      at asyncGeneratorStep (node_modules/@babel/runtime/helpers/asyncToGenerator.js:3:17)
      at _next (node_modules/@babel/runtime/helpers/asyncToGenerator.js:17:9)

    console.error
      An update to CoachPackageContentsScreen inside a test was not wrapped in act(...).
      
      When testing, code that causes React state updates should be wrapped into act(...):
      
      act(() => {
        /* fire events that update state */
      });
      /* assert on the output */
      
      This ensures that you're testing the behavior the user would see in the browser. Learn more at https://react.dev/link/wrap-tests-with-act

    [0m [90m 378 |[39m       submitInFlightRef[33m.[39mcurrent [33m=[39m [36mfalse[39m[33m;[39m
     [90m 379 |[39m       setPreviewLoading([36mfalse[39m)[33m;[39m
    [31m[1m>[22m[39m[90m 380 |[39m       setConfirmVisible([36mtrue[39m)[33m;[39m
     [90m     |[39m       [31m[1m^[22m[39m
     [90m 381 |[39m     } [36mcatch[39m (err) {
     [90m 382 |[39m       [90m// Only the CURRENT intent surfaces an error / resets state. A stale[39m
     [90m 383 |[39m       [90m// failed preview is ignored so it cannot disturb an in-flight push.[39m[0m

      at node_modules/react-reconciler/cjs/react-reconciler.development.js:16307:19
      at runWithFiberInDEV (node_modules/react-reconciler/cjs/react-reconciler.development.js:2508:13)
      at warnIfUpdatesNotWrappedWithActDEV (node_modules/react-reconciler/cjs/react-reconciler.development.js:16306:9)
      at scheduleUpdateOnFiber (node_modules/react-reconciler/cjs/react-reconciler.development.js:14070:11)
      at dispatchSetStateInternal (node_modules/react-reconciler/cjs/react-reconciler.development.js:6784:13)
      at dispatchSetState (node_modules/react-reconciler/cjs/react-reconciler.development.js:6741:7)
      at setConfirmVisible (src/screens/coach/payments/CoachPackageContentsScreen.tsx:380:7)
      at asyncGeneratorStep (node_modules/@babel/runtime/helpers/asyncToGenerator.js:3:17)
      at _next (node_modules/@babel/runtime/helpers/asyncToGenerator.js:17:9)

PASS src/components/roman/__tests__/romanP3HostWiring.test.tsx
  ● Console

    console.warn
      [Worklets] Couldn't determine the version of the native part of Worklets.
          See `https://docs.swmansion.com/react-native-worklets/docs/guides/troubleshooting#couldnt-determine-the-version-of-the-native-part-of-worklets` for more details.

    [0m [90m 39 |[39m   [33mLine[39m [36mas[39m [33mSvgLine[39m[33m,[39m
     [90m 40 |[39m } [36mfrom[39m [32m'react-native-svg'[39m[33m;[39m
    [31m[1m>[22m[39m[90m 41 |[39m [36mimport[39m { [33mGesture[39m[33m,[39m [33mGestureDetector[39m } [36mfrom[39m [32m'react-native-gesture-handler'[39m[33m;[39m
     [90m    |[39m [31m[1m^[22m[39m
     [90m 42 |[39m [36mimport[39m [33mAnimated[39m[33m,[39m {
     [90m 43 |[39m   [33mEasing[39m[33m,[39m
     [90m 44 |[39m   useAnimatedProps[33m,[39m[0m

      at Object.warn (node_modules/react-native-worklets/src/debug/logger.ts:11:13)
      at warn (node_modules/react-native-worklets/src/debug/checkCppVersion.ts:10:12)
      at new NativeWorklets (node_modules/react-native-worklets/src/WorkletsModule/NativeWorklets.native.ts:43:22)
      at Object.<anonymous> (node_modules/react-native-worklets/src/WorkletsModule/NativeWorklets.native.ts:327:48)
      at Object.require (node_modules/react-native-worklets/src/featureFlags/featureFlags.native.ts:3:1)
      at Object.require (node_modules/react-native-worklets/src/initializers/initializers.native.ts:12:1)
      at Object.require (node_modules/react-native-worklets/src/index.ts:3:1)
      at Object.require (node_modules/react-native-reanimated/src/initializers.ts:2:1)
      at Object.require (node_modules/react-native-reanimated/src/index.ts:5:1)
      at Object.require (node_modules/react-native-gesture-handler/src/handlers/gestures/reanimatedWrapper.ts:32:16)
      at Object.require (node_modules/react-native-gesture-handler/src/handlers/gestures/gestureStateManager.ts:1:1)
      at Object.require (node_modules/react-native-gesture-handler/src/handlers/gestures/eventReceiver.ts:11:1)
      at Object.require (node_modules/react-native-gesture-handler/src/init.ts:1:1)
      at Object.require (node_modules/react-native-gesture-handler/src/index.ts:1:1)
      at Object.require (src/screens/client/progress/ProgressChartCard.tsx:41:1)
      at Object.require (src/screens/client/ProgressScreen.tsx:51:1)
      at Object.require (src/components/roman/__tests__/romanP3HostWiring.test.tsx:60:1)

PASS src/__tests__/coachWorkoutBuilderRowIdAdoption.test.tsx
PASS src/screens/community/__tests__/CommunityChallengeDetailScreen.test.tsx
  ● Console

    console.error
      An update to CommunityChallengeDetailScreen inside a test was not wrapped in act(...).
      
      When testing, code that causes React state updates should be wrapped into act(...):
      
      act(() => {
        /* fire events that update state */
      });
      /* assert on the output */
      
      This ensures that you're testing the behavior the user would see in the browser. Learn more at https://react.dev/link/wrap-tests-with-act

      at node_modules/react-reconciler/cjs/react-reconciler.development.js:16307:19
      at runWithFiberInDEV (node_modules/react-reconciler/cjs/react-reconciler.development.js:2508:13)
      at warnIfUpdatesNotWrappedWithActDEV (node_modules/react-reconciler/cjs/react-reconciler.development.js:16306:9)
      at scheduleUpdateOnFiber (node_modules/react-reconciler/cjs/react-reconciler.development.js:14070:11)
      at forceStoreRerender (node_modules/react-reconciler/cjs/react-reconciler.development.js:5935:24)
      at node_modules/react-reconciler/cjs/react-reconciler.development.js:5920:11
      at node_modules/@tanstack/query-core/src/notifyManager.ts:73:11
      at notifyFn (node_modules/@tanstack/query-core/src/notifyManager.ts:21:5)
      at node_modules/@tanstack/query-core/src/notifyManager.ts:44:13
          at Array.forEach (<anonymous>)
      at node_modules/@tanstack/query-core/src/notifyManager.ts:43:25
      at batchNotifyFn (node_modules/@tanstack/query-core/src/notifyManager.ts:24:5)
      at Timeout._onTimeout (node_modules/@tanstack/query-core/src/notifyManager.ts:42:9)

PASS src/screens/client/wearables/__tests__/ClientWearableInsightPanel.test.tsx
  ● Console

    console.warn
      [ClientWearableInsightPanel] refused to open a non-tgp deep link { bucket: 'HEALTH_FITNESS' }

    [0m [90m 16 |[39m [36mfunction[39m log(level[33m:[39m [33mLogLevel[39m[33m,[39m context[33m:[39m string[33m,[39m [33m...[39margs[33m:[39m unknown[]) {
     [90m 17 |[39m   [36mif[39m (__DEV__) {
    [31m[1m>[22m[39m[90m 18 |[39m     console[level]([32m`[${context}]`[39m[33m,[39m [33m...[39margs)[33m;[39m
     [90m    |[39m                   [31m[1m^[22m[39m
     [90m 19 |[39m   }
     [90m 20 |[39m   [90m// In production, could forward to Sentry breadcrumbs here[39m
     [90m 21 |[39m }[0m

      at log (src/utils/logger.ts:18:19)
      at Object.log [as warn] (src/utils/logger.ts:25:50)
      at warn (src/screens/client/wearables/ClientWearableInsightPanel.tsx:154:16)
      at onCta (src/screens/client/wearables/ClientWearableInsightPanel.tsx:453:26)
      at handler (node_modules/@testing-library/react-native/src/fire-event.ts:142:19)
      at callback (node_modules/@testing-library/react-native/src/act.ts:72:33)
      at callback (node_modules/@testing-library/react-native/src/act.ts:30:24)
      at Object.<anonymous>.process.env.NODE_ENV.exports.act (node_modules/react/cjs/react.development.js:814:22)
      at actImplementation (node_modules/@testing-library/react-native/src/act.ts:29:25)
      at _act (node_modules/@testing-library/react-native/src/act.ts:72:10)
      at fireEvent (node_modules/@testing-library/react-native/src/fire-event.ts:141:12)
      at AsyncFunction.fireEvent [as press] (node_modules/@testing-library/react-native/src/fire-event.ts:159:9)
      at Object.press (src/screens/client/wearables/__tests__/ClientWearableInsightPanel.test.tsx:288:21)
      at asyncGeneratorStep (node_modules/@babel/runtime/helpers/asyncToGenerator.js:3:17)
      at _next (node_modules/@babel/runtime/helpers/asyncToGenerator.js:17:9)

    console.warn
      [ClientWearableInsightPanel] refused to open a non-tgp deep link { bucket: 'HEALTH_FITNESS' }

    [0m [90m 16 |[39m [36mfunction[39m log(level[33m:[39m [33mLogLevel[39m[33m,[39m context[33m:[39m string[33m,[39m [33m...[39margs[33m:[39m unknown[]) {
     [90m 17 |[39m   [36mif[39m (__DEV__) {
    [31m[1m>[22m[39m[90m 18 |[39m     console[level]([32m`[${context}]`[39m[33m,[39m [33m...[39margs)[33m;[39m
     [90m    |[39m                   [31m[1m^[22m[39m
     [90m 19 |[39m   }
     [90m 20 |[39m   [90m// In production, could forward to Sentry breadcrumbs here[39m
     [90m 21 |[39m }[0m

      at log (src/utils/logger.ts:18:19)
      at Object.log [as warn] (src/utils/logger.ts:25:50)
      at warn (src/screens/client/wearables/ClientWearableInsightPanel.tsx:154:16)
      at onCta (src/screens/client/wearables/ClientWearableInsightPanel.tsx:453:26)
      at handler (node_modules/@testing-library/react-native/src/fire-event.ts:142:19)
      at callback (node_modules/@testing-library/react-native/src/act.ts:72:33)
      at callback (node_modules/@testing-library/react-native/src/act.ts:30:24)
      at Object.<anonymous>.process.env.NODE_ENV.exports.act (node_modules/react/cjs/react.development.js:814:22)
      at actImplementation (node_modules/@testing-library/react-native/src/act.ts:29:25)
      at _act (node_modules/@testing-library/react-native/src/act.ts:72:10)
      at fireEvent (node_modules/@testing-library/react-native/src/fire-event.ts:141:12)
      at AsyncFunction.fireEvent [as press] (node_modules/@testing-library/react-native/src/fire-event.ts:159:9)
      at Object.press (src/screens/client/wearables/__tests__/ClientWearableInsightPanel.test.tsx:391:21)
      at asyncGeneratorStep (node_modules/@babel/runtime/helpers/asyncToGenerator.js:3:17)
      at _next (node_modules/@babel/runtime/helpers/asyncToGenerator.js:17:9)

PASS src/__tests__/BrandedCheckoutWebViewScreen.test.tsx
  ● Console

    console.error
      An update to Animated(View) inside a test was not wrapped in act(...).
      
      When testing, code that causes React state updates should be wrapped into act(...):
      
      act(() => {
        /* fire events that update state */
      });
      /* assert on the output */
      
      This ensures that you're testing the behavior the user would see in the browser. Learn more at https://react.dev/link/wrap-tests-with-act

      at node_modules/react-reconciler/cjs/react-reconciler.development.js:16307:19
      at runWithFiberInDEV (node_modules/react-reconciler/cjs/react-reconciler.development.js:2508:13)
      at warnIfUpdatesNotWrappedWithActDEV (node_modules/react-reconciler/cjs/react-reconciler.development.js:16306:9)
      at scheduleUpdateOnFiber (node_modules/react-reconciler/cjs/react-reconciler.development.js:14070:11)
      at dispatchReducerAction (node_modules/react-reconciler/cjs/react-reconciler.development.js:6731:13)
      at Object.scheduleUpdate [as current] (node_modules/react-native/src/private/animated/createAnimatedPropsHook.js:131:20)
      at AnimatedProps._callback (node_modules/react-native/src/private/animated/createAnimatedPropsHook.js:71:36)
      at AnimatedProps._callback [as update] (node_modules/react-native/Libraries/Animated/nodes/AnimatedProps.js:237:10)
      at update (node_modules/react-native/Libraries/Animated/nodes/AnimatedValue.js:67:31)
          at Set.forEach (<anonymous>)
      at forEach (node_modules/react-native/Libraries/Animated/nodes/AnimatedValue.js:67:10)
      at AnimatedValue.flushValue [as _updateValue] (node_modules/react-native/Libraries/Animated/nodes/AnimatedValue.js:361:7)
      at TimingAnimation._updateValue [as _onUpdate] (node_modules/react-native/Libraries/Animated/nodes/AnimatedValue.js:325:14)
      at TimingAnimation._onUpdate [as onUpdate] (node_modules/react-native/Libraries/Animated/animations/TimingAnimation.js:157:10)
      at Timeout.callback [as _onTimeout] (node_modules/@react-native/jest-preset/jest/setup.js:61:31)

    console.error
      An update to Animated(View) inside a test was not wrapped in act(...).
      
      When testing, code that causes React state updates should be wrapped into act(...):
      
      act(() => {
        /* fire events that update state */
      });
      /* assert on the output */
      
      This ensures that you're testing the behavior the user would see in the browser. Learn more at https://react.dev/link/wrap-tests-with-act

      at node_modules/react-reconciler/cjs/react-reconciler.development.js:16307:19
      at runWithFiberInDEV (node_modules/react-reconciler/cjs/react-reconciler.development.js:2508:13)
      at warnIfUpdatesNotWrappedWithActDEV (node_modules/react-reconciler/cjs/react-reconciler.development.js:16306:9)
      at scheduleUpdateOnFiber (node_modules/react-reconciler/cjs/react-reconciler.development.js:14070:11)
      at dispatchReducerAction (node_modules/react-reconciler/cjs/react-reconciler.development.js:6731:13)
      at Object.scheduleUpdate [as current] (node_modules/react-native/src/private/animated/createAnimatedPropsHook.js:131:20)
      at AnimatedProps._callback (node_modules/react-native/src/private/animated/createAnimatedPropsHook.js:71:36)
      at AnimatedProps._callback [as update] (node_modules/react-native/Libraries/Animated/nodes/AnimatedProps.js:237:10)
      at update (node_modules/react-native/Libraries/Animated/nodes/AnimatedValue.js:67:31)
          at Set.forEach (<anonymous>)
      at forEach (node_modules/react-native/Libraries/Animated/nodes/AnimatedValue.js:67:10)
      at AnimatedValue.flushValue [as _updateValue] (node_modules/react-native/Libraries/Animated/nodes/AnimatedValue.js:361:7)
      at TimingAnimation._updateValue [as _onUpdate] (node_modules/react-native/Libraries/Animated/nodes/AnimatedValue.js:325:14)
      at TimingAnimation._onUpdate [as onUpdate] (node_modules/react-native/Libraries/Animated/animations/TimingAnimation.js:157:10)
      at Timeout.callback [as _onTimeout] (node_modules/@react-native/jest-preset/jest/setup.js:61:31)

    console.error
      An update to Animated(View) inside a test was not wrapped in act(...).
      
      When testing, code that causes React state updates should be wrapped into act(...):
      
      act(() => {
        /* fire events that update state */
      });
      /* assert on the output */
      
      This ensures that you're testing the behavior the user would see in the browser. Learn more at https://react.dev/link/wrap-tests-with-act

      at node_modules/react-reconciler/cjs/react-reconciler.development.js:16307:19
      at runWithFiberInDEV (node_modules/react-reconciler/cjs/react-reconciler.development.js:2508:13)
      at warnIfUpdatesNotWrappedWithActDEV (node_modules/react-reconciler/cjs/react-reconciler.development.js:16306:9)
      at scheduleUpdateOnFiber (node_modules/react-reconciler/cjs/react-reconciler.development.js:14070:11)
      at dispatchReducerAction (node_modules/react-reconciler/cjs/react-reconciler.development.js:6731:13)
      at Object.scheduleUpdate [as current] (node_modules/react-native/src/private/animated/createAnimatedPropsHook.js:131:20)
      at AnimatedProps._callback (node_modules/react-native/src/private/animated/createAnimatedPropsHook.js:71:36)
      at AnimatedProps._callback [as update] (node_modules/react-native/Libraries/Animated/nodes/AnimatedProps.js:237:10)
      at update (node_modules/react-native/Libraries/Animated/nodes/AnimatedValue.js:67:31)
          at Set.forEach (<anonymous>)
      at forEach (node_modules/react-native/Libraries/Animated/nodes/AnimatedValue.js:67:10)
      at AnimatedValue.flushValue [as _updateValue] (node_modules/react-native/Libraries/Animated/nodes/AnimatedValue.js:361:7)
      at TimingAnimation._updateValue [as _onUpdate] (node_modules/react-native/Libraries/Animated/nodes/AnimatedValue.js:325:14)
      at TimingAnimation._onUpdate [as onUpdate] (node_modules/react-native/Libraries/Animated/animations/TimingAnimation.js:157:10)
      at Timeout.callback [as _onTimeout] (node_modules/@react-native/jest-preset/jest/setup.js:61:31)

    console.error
      An update to Animated(View) inside a test was not wrapped in act(...).
      
      When testing, code that causes React state updates should be wrapped into act(...):
      
      act(() => {
        /* fire events that update state */
      });
      /* assert on the output */
      
      This ensures that you're testing the behavior the user would see in the browser. Learn more at https://react.dev/link/wrap-tests-with-act

      at node_modules/react-reconciler/cjs/react-reconciler.development.js:16307:19
      at runWithFiberInDEV (node_modules/react-reconciler/cjs/react-reconciler.development.js:2508:13)
      at warnIfUpdatesNotWrappedWithActDEV (node_modules/react-reconciler/cjs/react-reconciler.development.js:16306:9)
      at scheduleUpdateOnFiber (node_modules/react-reconciler/cjs/react-reconciler.development.js:14070:11)
      at dispatchReducerAction (node_modules/react-reconciler/cjs/react-reconciler.development.js:6731:13)
      at Object.scheduleUpdate [as current] (node_modules/react-native/src/private/animated/createAnimatedPropsHook.js:131:20)
      at AnimatedProps._callback (node_modules/react-native/src/private/animated/createAnimatedPropsHook.js:71:36)
      at AnimatedProps._callback [as update] (node_modules/react-native/Libraries/Animated/nodes/AnimatedProps.js:237:10)
      at update (node_modules/react-native/Libraries/Animated/nodes/AnimatedValue.js:67:31)
          at Set.forEach (<anonymous>)
      at forEach (node_modules/react-native/Libraries/Animated/nodes/AnimatedValue.js:67:10)
      at AnimatedValue.flushValue [as _updateValue] (node_modules/react-native/Libraries/Animated/nodes/AnimatedValue.js:361:7)
      at TimingAnimation._updateValue [as _onUpdate] (node_modules/react-native/Libraries/Animated/nodes/AnimatedValue.js:325:14)
      at TimingAnimation._onUpdate [as onUpdate] (node_modules/react-native/Libraries/Animated/animations/TimingAnimation.js:157:10)
      at Timeout.callback [as _onTimeout] (node_modules/@react-native/jest-preset/jest/setup.js:61:31)

    console.error
      An update to Animated(View) inside a test was not wrapped in act(...).
      
      When testing, code that causes React state updates should be wrapped into act(...):
      
      act(() => {
        /* fire events that update state */
      });
      /* assert on the output */
      
      This ensures that you're testing the behavior the user would see in the browser. Learn more at https://react.dev/link/wrap-tests-with-act

      at node_modules/react-reconciler/cjs/react-reconciler.development.js:16307:19
      at runWithFiberInDEV (node_modules/react-reconciler/cjs/react-reconciler.development.js:2508:13)
      at warnIfUpdatesNotWrappedWithActDEV (node_modules/react-reconciler/cjs/react-reconciler.development.js:16306:9)
      at scheduleUpdateOnFiber (node_modules/react-reconciler/cjs/react-reconciler.development.js:14070:11)
      at dispatchReducerAction (node_modules/react-reconciler/cjs/react-reconciler.development.js:6731:13)
      at Object.scheduleUpdate [as current] (node_modules/react-native/src/private/animated/createAnimatedPropsHook.js:131:20)
      at AnimatedProps._callback (node_modules/react-native/src/private/animated/createAnimatedPropsHook.js:71:36)
      at AnimatedProps._callback [as update] (node_modules/react-native/Libraries/Animated/nodes/AnimatedProps.js:237:10)
      at update (node_modules/react-native/Libraries/Animated/nodes/AnimatedValue.js:67:31)
          at Set.forEach (<anonymous>)
      at forEach (node_modules/react-native/Libraries/Animated/nodes/AnimatedValue.js:67:10)
      at AnimatedValue.flushValue [as _updateValue] (node_modules/react-native/Libraries/Animated/nodes/AnimatedValue.js:361:7)
      at TimingAnimation._updateValue [as _onUpdate] (node_modules/react-native/Libraries/Animated/nodes/AnimatedValue.js:325:14)
      at TimingAnimation._onUpdate [as onUpdate] (node_modules/react-native/Libraries/Animated/animations/TimingAnimation.js:157:10)
      at Timeout.callback [as _onTimeout] (node_modules/@react-native/jest-preset/jest/setup.js:61:31)

    console.error
      An update to Animated(View) inside a test was not wrapped in act(...).
      
      When testing, code that causes React state updates should be wrapped into act(...):
      
      act(() => {
        /* fire events that update state */
      });
      /* assert on the output */
      
      This ensures that you're testing the behavior the user would see in the browser. Learn more at https://react.dev/link/wrap-tests-with-act

      at node_modules/react-reconciler/cjs/react-reconciler.development.js:16307:19
      at runWithFiberInDEV (node_modules/react-reconciler/cjs/react-reconciler.development.js:2508:13)
      at warnIfUpdatesNotWrappedWithActDEV (node_modules/react-reconciler/cjs/react-reconciler.development.js:16306:9)
      at scheduleUpdateOnFiber (node_modules/react-reconciler/cjs/react-reconciler.development.js:14070:11)
      at dispatchReducerAction (node_modules/react-reconciler/cjs/react-reconciler.development.js:6731:13)
      at Object.scheduleUpdate [as current] (node_modules/react-native/src/private/animated/createAnimatedPropsHook.js:131:20)
      at AnimatedProps._callback (node_modules/react-native/src/private/animated/createAnimatedPropsHook.js:71:36)
      at AnimatedProps._callback [as update] (node_modules/react-native/Libraries/Animated/nodes/AnimatedProps.js:237:10)
      at update (node_modules/react-native/Libraries/Animated/nodes/AnimatedValue.js:67:31)
          at Set.forEach (<anonymous>)
      at forEach (node_modules/react-native/Libraries/Animated/nodes/AnimatedValue.js:67:10)
      at AnimatedValue.flushValue [as _updateValue] (node_modules/react-native/Libraries/Animated/nodes/AnimatedValue.js:361:7)
      at TimingAnimation._updateValue [as _onUpdate] (node_modules/react-native/Libraries/Animated/nodes/AnimatedValue.js:325:14)
      at TimingAnimation._onUpdate [as onUpdate] (node_modules/react-native/Libraries/Animated/animations/TimingAnimation.js:157:10)
      at onUpdate (node_modules/react-native/Libraries/Animated/animations/TimingAnimation.js:132:67)
      at Timeout.callback [as _onTimeout] (node_modules/@react-native/jest-preset/jest/setup.js:61:31)

    console.error
      An update to Animated(View) inside a test was not wrapped in act(...).
      
      When testing, code that causes React state updates should be wrapped into act(...):
      
      act(() => {
        /* fire events that update state */
      });
      /* assert on the output */
      
      This ensures that you're testing the behavior the user would see in the browser. Learn more at https://react.dev/link/wrap-tests-with-act

      at node_modules/react-reconciler/cjs/react-reconciler.development.js:16307:19
      at runWithFiberInDEV (node_modules/react-reconciler/cjs/react-reconciler.development.js:2508:13)
      at warnIfUpdatesNotWrappedWithActDEV (node_modules/react-reconciler/cjs/react-reconciler.development.js:16306:9)
      at scheduleUpdateOnFiber (node_modules/react-reconciler/cjs/react-reconciler.development.js:14070:11)
      at dispatchReducerAction (node_modules/react-reconciler/cjs/react-reconciler.development.js:6731:13)
      at Object.scheduleUpdate [as current] (node_modules/react-native/src/private/animated/createAnimatedPropsHook.js:131:20)
      at AnimatedProps._callback (node_modules/react-native/src/private/animated/createAnimatedPropsHook.js:71:36)
      at AnimatedProps._callback [as update] (node_modules/react-native/Libraries/Animated/nodes/AnimatedProps.js:237:10)
      at update (node_modules/react-native/Libraries/Animated/nodes/AnimatedValue.js:67:31)
          at Set.forEach (<anonymous>)
      at forEach (node_modules/react-native/Libraries/Animated/nodes/AnimatedValue.js:67:10)
      at AnimatedValue.flushValue [as _updateValue] (node_modules/react-native/Libraries/Animated/nodes/AnimatedValue.js:361:7)
      at TimingAnimation._updateValue [as _onUpdate] (node_modules/react-native/Libraries/Animated/nodes/AnimatedValue.js:325:14)
      at TimingAnimation._onUpdate [as onUpdate] (node_modules/react-native/Libraries/Animated/animations/TimingAnimation.js:157:10)
      at onUpdate (node_modules/react-native/Libraries/Animated/animations/TimingAnimation.js:132:67)
      at Timeout.callback [as _onTimeout] (node_modules/@react-native/jest-preset/jest/setup.js:61:31)

    console.error
      An update to Animated(View) inside a test was not wrapped in act(...).
      
      When testing, code that causes React state updates should be wrapped into act(...):
      
      act(() => {
        /* fire events that update state */
      });
      /* assert on the output */
      
      This ensures that you're testing the behavior the user would see in the browser. Learn more at https://react.dev/link/wrap-tests-with-act

      at node_modules/react-reconciler/cjs/react-reconciler.development.js:16307:19
      at runWithFiberInDEV (node_modules/react-reconciler/cjs/react-reconciler.development.js:2508:13)
      at warnIfUpdatesNotWrappedWithActDEV (node_modules/react-reconciler/cjs/react-reconciler.development.js:16306:9)
      at scheduleUpdateOnFiber (node_modules/react-reconciler/cjs/react-reconciler.development.js:14070:11)
      at dispatchReducerAction (node_modules/react-reconciler/cjs/react-reconciler.development.js:6731:13)
      at Object.scheduleUpdate [as current] (node_modules/react-native/src/private/animated/createAnimatedPropsHook.js:131:20)
      at AnimatedProps._callback (node_modules/react-native/src/private/animated/createAnimatedPropsHook.js:71:36)
      at AnimatedProps._callback [as update] (node_modules/react-native/Libraries/Animated/nodes/AnimatedProps.js:237:10)
      at update (node_modules/react-native/Libraries/Animated/nodes/AnimatedValue.js:67:31)
          at Set.forEach (<anonymous>)
      at forEach (node_modules/react-native/Libraries/Animated/nodes/AnimatedValue.js:67:10)
      at AnimatedValue.flushValue [as _updateValue] (node_modules/react-native/Libraries/Animated/nodes/AnimatedValue.js:361:7)
      at TimingAnimation._updateValue [as _onUpdate] (node_modules/react-native/Libraries/Animated/nodes/AnimatedValue.js:325:14)
      at TimingAnimation._onUpdate [as onUpdate] (node_modules/react-native/Libraries/Animated/animations/TimingAnimation.js:157:10)
      at onUpdate (node_modules/react-native/Libraries/Animated/animations/TimingAnimation.js:132:67)
      at Timeout.callback [as _onTimeout] (node_modules/@react-native/jest-preset/jest/setup.js:61:31)

    console.error
      An update to Animated(View) inside a test was not wrapped in act(...).
      
      When testing, code that causes React state updates should be wrapped into act(...):
      
      act(() => {
        /* fire events that update state */
      });
      /* assert on the output */
      
      This ensures that you're testing the behavior the user would see in the browser. Learn more at https://react.dev/link/wrap-tests-with-act

      at node_modules/react-reconciler/cjs/react-reconciler.development.js:16307:19
      at runWithFiberInDEV (node_modules/react-reconciler/cjs/react-reconciler.development.js:2508:13)
      at warnIfUpdatesNotWrappedWithActDEV (node_modules/react-reconciler/cjs/react-reconciler.development.js:16306:9)
      at scheduleUpdateOnFiber (node_modules/react-reconciler/cjs/react-reconciler.development.js:14070:11)
      at dispatchReducerAction (node_modules/react-reconciler/cjs/react-reconciler.development.js:6731:13)
      at Object.scheduleUpdate [as current] (node_modules/react-native/src/private/animated/createAnimatedPropsHook.js:131:20)
      at AnimatedProps._callback (node_modules/react-native/src/private/animated/createAnimatedPropsHook.js:71:36)
      at AnimatedProps._callback [as update] (node_modules/react-native/Libraries/Animated/nodes/AnimatedProps.js:237:10)
      at update (node_modules/react-native/Libraries/Animated/nodes/AnimatedValue.js:67:31)
          at Set.forEach (<anonymous>)
      at forEach (node_modules/react-native/Libraries/Animated/nodes/AnimatedValue.js:67:10)
      at AnimatedValue.flushValue [as _updateValue] (node_modules/react-native/Libraries/Animated/nodes/AnimatedValue.js:361:7)
      at TimingAnimation._updateValue [as _onUpdate] (node_modules/react-native/Libraries/Animated/nodes/AnimatedValue.js:325:14)
      at TimingAnimation._onUpdate [as onUpdate] (node_modules/react-native/Libraries/Animated/animations/TimingAnimation.js:157:10)
      at onUpdate (node_modules/react-native/Libraries/Animated/animations/TimingAnimation.js:132:67)
      at Timeout.callback [as _onTimeout] (node_modules/@react-native/jest-preset/jest/setup.js:61:31)

    console.error
      An update to Animated(View) inside a test was not wrapped in act(...).
      
      When testing, code that causes React state updates should be wrapped into act(...):
      
      act(() => {
        /* fire events that update state */
      });
      /* assert on the output */
      
      This ensures that you're testing the behavior the user would see in the browser. Learn more at https://react.dev/link/wrap-tests-with-act

      at node_modules/react-reconciler/cjs/react-reconciler.development.js:16307:19
      at runWithFiberInDEV (node_modules/react-reconciler/cjs/react-reconciler.development.js:2508:13)
      at warnIfUpdatesNotWrappedWithActDEV (node_modules/react-reconciler/cjs/react-reconciler.development.js:16306:9)
      at scheduleUpdateOnFiber (node_modules/react-reconciler/cjs/react-reconciler.development.js:14070:11)
      at dispatchReducerAction (node_modules/react-reconciler/cjs/react-reconciler.development.js:6731:13)
      at Object.scheduleUpdate [as current] (node_modules/react-native/src/private/animated/createAnimatedPropsHook.js:131:20)
      at AnimatedProps._callback (node_modules/react-native/src/private/animated/createAnimatedPropsHook.js:71:36)
      at AnimatedProps._callback [as update] (node_modules/react-native/Libraries/Animated/nodes/AnimatedProps.js:237:10)
      at update (node_modules/react-native/Libraries/Animated/nodes/AnimatedValue.js:67:31)
          at Set.forEach (<anonymous>)
      at forEach (node_modules/react-native/Libraries/Animated/nodes/AnimatedValue.js:67:10)
      at AnimatedValue.flushValue [as _updateValue] (node_modules/react-native/Libraries/Animated/nodes/AnimatedValue.js:361:7)
      at TimingAnimation._updateValue [as _onUpdate] (node_modules/react-native/Libraries/Animated/nodes/AnimatedValue.js:325:14)
      at TimingAnimation._onUpdate [as onUpdate] (node_modules/react-native/Libraries/Animated/animations/TimingAnimation.js:157:10)
      at onUpdate (node_modules/react-native/Libraries/Animated/animations/TimingAnimation.js:132:67)
      at Timeout.callback [as _onTimeout] (node_modules/@react-native/jest-preset/jest/setup.js:61:31)

    console.error
      An update to Animated(View) inside a test was not wrapped in act(...).
      
      When testing, code that causes React state updates should be wrapped into act(...):
      
      act(() => {
        /* fire events that update state */
      });
      /* assert on the output */
      
      This ensures that you're testing the behavior the user would see in the browser. Learn more at https://react.dev/link/wrap-tests-with-act

      at node_modules/react-reconciler/cjs/react-reconciler.development.js:16307:19
      at runWithFiberInDEV (node_modules/react-reconciler/cjs/react-reconciler.development.js:2508:13)
      at warnIfUpdatesNotWrappedWithActDEV (node_modules/react-reconciler/cjs/react-reconciler.development.js:16306:9)
      at scheduleUpdateOnFiber (node_modules/react-reconciler/cjs/react-reconciler.development.js:14070:11)
      at dispatchReducerAction (node_modules/react-reconciler/cjs/react-reconciler.development.js:6731:13)
      at Object.scheduleUpdate [as current] (node_modules/react-native/src/private/animated/createAnimatedPropsHook.js:131:20)
      at AnimatedProps._callback (node_modules/react-native/src/private/animated/createAnimatedPropsHook.js:71:36)
      at AnimatedProps._callback [as update] (node_modules/react-native/Libraries/Animated/nodes/AnimatedProps.js:237:10)
      at update (node_modules/react-native/Libraries/Animated/nodes/AnimatedValue.js:67:31)
          at Set.forEach (<anonymous>)
      at forEach (node_modules/react-native/Libraries/Animated/nodes/AnimatedValue.js:67:10)
      at AnimatedValue.flushValue [as _updateValue] (node_modules/react-native/Libraries/Animated/nodes/AnimatedValue.js:361:7)
      at TimingAnimation._updateValue [as _onUpdate] (node_modules/react-native/Libraries/Animated/nodes/AnimatedValue.js:325:14)
      at TimingAnimation._onUpdate [as onUpdate] (node_modules/react-native/Libraries/Animated/animations/TimingAnimation.js:157:10)
      at onUpdate (node_modules/react-native/Libraries/Animated/animations/TimingAnimation.js:132:67)
      at Timeout.callback [as _onTimeout] (node_modules/@react-native/jest-preset/jest/setup.js:61:31)

    console.error
      An update to Animated(View) inside a test was not wrapped in act(...).
      
      When testing, code that causes React state updates should be wrapped into act(...):
      
      act(() => {
        /* fire events that update state */
      });
      /* assert on the output */
      
      This ensures that you're testing the behavior the user would see in the browser. Learn more at https://react.dev/link/wrap-tests-with-act

      at node_modules/react-reconciler/cjs/react-reconciler.development.js:16307:19
      at runWithFiberInDEV (node_modules/react-reconciler/cjs/react-reconciler.development.js:2508:13)
      at warnIfUpdatesNotWrappedWithActDEV (node_modules/react-reconciler/cjs/react-reconciler.development.js:16306:9)
      at scheduleUpdateOnFiber (node_modules/react-reconciler/cjs/react-reconciler.development.js:14070:11)
      at dispatchReducerAction (node_modules/react-reconciler/cjs/react-reconciler.development.js:6731:13)
      at Object.scheduleUpdate [as current] (node_modules/react-native/src/private/animated/createAnimatedPropsHook.js:131:20)
      at AnimatedProps._callback (node_modules/react-native/src/private/animated/createAnimatedPropsHook.js:71:36)
      at AnimatedProps._callback [as update] (node_modules/react-native/Libraries/Animated/nodes/AnimatedProps.js:237:10)
      at update (node_modules/react-native/Libraries/Animated/nodes/AnimatedValue.js:67:31)
          at Set.forEach (<anonymous>)
      at forEach (node_modules/react-native/Libraries/Animated/nodes/AnimatedValue.js:67:10)
      at AnimatedValue.flushValue [as _updateValue] (node_modules/react-native/Libraries/Animated/nodes/AnimatedValue.js:361:7)
      at TimingAnimation._updateValue [as _onUpdate] (node_modules/react-native/Libraries/Animated/nodes/AnimatedValue.js:325:14)
      at TimingAnimation._onUpdate [as onUpdate] (node_modules/react-native/Libraries/Animated/animations/TimingAnimation.js:157:10)
      at onUpdate (node_modules/react-native/Libraries/Animated/animations/TimingAnimation.js:132:67)
      at Timeout.callback [as _onTimeout] (node_modules/@react-native/jest-preset/jest/setup.js:61:31)

    console.error
      An update to Animated(View) inside a test was not wrapped in act(...).
      
      When testing, code that causes React state updates should be wrapped into act(...):
      
      act(() => {
        /* fire events that update state */
      });
      /* assert on the output */
      
      This ensures that you're testing the behavior the user would see in the browser. Learn more at https://react.dev/link/wrap-tests-with-act

      at node_modules/react-reconciler/cjs/react-reconciler.development.js:16307:19
      at runWithFiberInDEV (node_modules/react-reconciler/cjs/react-reconciler.development.js:2508:13)
      at warnIfUpdatesNotWrappedWithActDEV (node_modules/react-reconciler/cjs/react-reconciler.development.js:16306:9)
      at scheduleUpdateOnFiber (node_modules/react-reconciler/cjs/react-reconciler.development.js:14070:11)
      at dispatchReducerAction (node_modules/react-reconciler/cjs/react-reconciler.development.js:6731:13)
      at Object.scheduleUpdate [as current] (node_modules/react-native/src/private/animated/createAnimatedPropsHook.js:131:20)
      at AnimatedProps._callback (node_modules/react-native/src/private/animated/createAnimatedPropsHook.js:71:36)
      at AnimatedProps._callback [as update] (node_modules/react-native/Libraries/Animated/nodes/AnimatedProps.js:237:10)
      at update (node_modules/react-native/Libraries/Animated/nodes/AnimatedValue.js:67:31)
          at Set.forEach (<anonymous>)
      at forEach (node_modules/react-native/Libraries/Animated/nodes/AnimatedValue.js:67:10)
      at AnimatedValue.flushValue [as _updateValue] (node_modules/react-native/Libraries/Animated/nodes/AnimatedValue.js:361:7)
      at TimingAnimation._updateValue [as _onUpdate] (node_modules/react-native/Libraries/Animated/nodes/AnimatedValue.js:325:14)
      at TimingAnimation._onUpdate [as onUpdate] (node_modules/react-native/Libraries/Animated/animations/TimingAnimation.js:157:10)
      at onUpdate (node_modules/react-native/Libraries/Animated/animations/TimingAnimation.js:132:67)
      at Timeout.callback [as _onTimeout] (node_modules/@react-native/jest-preset/jest/setup.js:61:31)

    console.error
      An update to Animated(View) inside a test was not wrapped in act(...).
      
      When testing, code that causes React state updates should be wrapped into act(...):
      
      act(() => {
        /* fire events that update state */
      });
      /* assert on the output */
      
      This ensures that you're testing the behavior the user would see in the browser. Learn more at https://react.dev/link/wrap-tests-with-act

      at node_modules/react-reconciler/cjs/react-reconciler.development.js:16307:19
      at runWithFiberInDEV (node_modules/react-reconciler/cjs/react-reconciler.development.js:2508:13)
      at warnIfUpdatesNotWrappedWithActDEV (node_modules/react-reconciler/cjs/react-reconciler.development.js:16306:9)
      at scheduleUpdateOnFiber (node_modules/react-reconciler/cjs/react-reconciler.development.js:14070:11)
      at dispatchReducerAction (node_modules/react-reconciler/cjs/react-reconciler.development.js:6731:13)
      at Object.scheduleUpdate [as current] (node_modules/react-native/src/private/animated/createAnimatedPropsHook.js:131:20)
      at AnimatedProps._callback (node_modules/react-native/src/private/animated/createAnimatedPropsHook.js:71:36)
      at AnimatedProps._callback [as update] (node_modules/react-native/Libraries/Animated/nodes/AnimatedProps.js:237:10)
      at update (node_modules/react-native/Libraries/Animated/nodes/AnimatedValue.js:67:31)
          at Set.forEach (<anonymous>)
      at forEach (node_modules/react-native/Libraries/Animated/nodes/AnimatedValue.js:67:10)
      at AnimatedValue.flushValue [as _updateValue] (node_modules/react-native/Libraries/Animated/nodes/AnimatedValue.js:361:7)
      at TimingAnimation._updateValue [as _onUpdate] (node_modules/react-native/Libraries/Animated/nodes/AnimatedValue.js:325:14)
      at TimingAnimation._onUpdate [as onUpdate] (node_modules/react-native/Libraries/Animated/animations/TimingAnimation.js:157:10)
      at onUpdate (node_modules/react-native/Libraries/Animated/animations/TimingAnimation.js:132:67)
      at Timeout.callback [as _onTimeout] (node_modules/@react-native/jest-preset/jest/setup.js:61:31)

    console.error
      An update to Animated(View) inside a test was not wrapped in act(...).
      
      When testing, code that causes React state updates should be wrapped into act(...):
      
      act(() => {
        /* fire events that update state */
      });
      /* assert on the output */
      
      This ensures that you're testing the behavior the user would see in the browser. Learn more at https://react.dev/link/wrap-tests-with-act

      at node_modules/react-reconciler/cjs/react-reconciler.development.js:16307:19
      at runWithFiberInDEV (node_modules/react-reconciler/cjs/react-reconciler.development.js:2508:13)
      at warnIfUpdatesNotWrappedWithActDEV (node_modules/react-reconciler/cjs/react-reconciler.development.js:16306:9)
      at scheduleUpdateOnFiber (node_modules/react-reconciler/cjs/react-reconciler.development.js:14070:11)
      at dispatchReducerAction (node_modules/react-reconciler/cjs/react-reconciler.development.js:6731:13)
      at Object.scheduleUpdate [as current] (node_modules/react-native/src/private/animated/createAnimatedPropsHook.js:131:20)
      at AnimatedProps._callback (node_modules/react-native/src/private/animated/createAnimatedPropsHook.js:71:36)
      at AnimatedProps._callback [as update] (node_modules/react-native/Libraries/Animated/nodes/AnimatedProps.js:237:10)
      at update (node_modules/react-native/Libraries/Animated/nodes/AnimatedValue.js:67:31)
          at Set.forEach (<anonymous>)
      at forEach (node_modules/react-native/Libraries/Animated/nodes/AnimatedValue.js:67:10)
      at AnimatedValue.flushValue [as _updateValue] (node_modules/react-native/Libraries/Animated/nodes/AnimatedValue.js:361:7)
      at TimingAnimation._updateValue [as _onUpdate] (node_modules/react-native/Libraries/Animated/nodes/AnimatedValue.js:325:14)
      at TimingAnimation._onUpdate [as onUpdate] (node_modules/react-native/Libraries/Animated/animations/TimingAnimation.js:157:10)
      at onUpdate (node_modules/react-native/Libraries/Animated/animations/TimingAnimation.js:132:67)
      at Timeout.callback [as _onTimeout] (node_modules/@react-native/jest-preset/jest/setup.js:61:31)

    console.error
      An update to Animated(View) inside a test was not wrapped in act(...).
      
      When testing, code that causes React state updates should be wrapped into act(...):
      
      act(() => {
        /* fire events that update state */
      });
      /* assert on the output */
      
      This ensures that you're testing the behavior the user would see in the browser. Learn more at https://react.dev/link/wrap-tests-with-act

      at node_modules/react-reconciler/cjs/react-reconciler.development.js:16307:19
      at runWithFiberInDEV (node_modules/react-reconciler/cjs/react-reconciler.development.js:2508:13)
      at warnIfUpdatesNotWrappedWithActDEV (node_modules/react-reconciler/cjs/react-reconciler.development.js:16306:9)
      at scheduleUpdateOnFiber (node_modules/react-reconciler/cjs/react-reconciler.development.js:14070:11)
      at dispatchReducerAction (node_modules/react-reconciler/cjs/react-reconciler.development.js:6731:13)
      at Object.scheduleUpdate [as current] (node_modules/react-native/src/private/animated/createAnimatedPropsHook.js:131:20)
      at AnimatedProps._callback (node_modules/react-native/src/private/animated/createAnimatedPropsHook.js:71:36)
      at AnimatedProps._callback [as update] (node_modules/react-native/Libraries/Animated/nodes/AnimatedProps.js:237:10)
      at update (node_modules/react-native/Libraries/Animated/nodes/AnimatedValue.js:67:31)
          at Set.forEach (<anonymous>)
      at forEach (node_modules/react-native/Libraries/Animated/nodes/AnimatedValue.js:67:10)
      at AnimatedValue.flushValue [as _updateValue] (node_modules/react-native/Libraries/Animated/nodes/AnimatedValue.js:361:7)
      at TimingAnimation._updateValue [as _onUpdate] (node_modules/react-native/Libraries/Animated/nodes/AnimatedValue.js:325:14)
      at TimingAnimation._onUpdate [as onUpdate] (node_modules/react-native/Libraries/Animated/animations/TimingAnimation.js:157:10)
      at onUpdate (node_modules/react-native/Libraries/Animated/animations/TimingAnimation.js:132:67)
      at Timeout.callback [as _onTimeout] (node_modules/@react-native/jest-preset/jest/setup.js:61:31)

    console.error
      An update to Animated(View) inside a test was not wrapped in act(...).
      
      When testing, code that causes React state updates should be wrapped into act(...):
      
      act(() => {
        /* fire events that update state */
      });
      /* assert on the output */
      
      This ensures that you're testing the behavior the user would see in the browser. Learn more at https://react.dev/link/wrap-tests-with-act

      at node_modules/react-reconciler/cjs/react-reconciler.development.js:16307:19
      at runWithFiberInDEV (node_modules/react-reconciler/cjs/react-reconciler.development.js:2508:13)
      at warnIfUpdatesNotWrappedWithActDEV (node_modules/react-reconciler/cjs/react-reconciler.development.js:16306:9)
      at scheduleUpdateOnFiber (node_modules/react-reconciler/cjs/react-reconciler.development.js:14070:11)
      at dispatchReducerAction (node_modules/react-reconciler/cjs/react-reconciler.development.js:6731:13)
      at Object.scheduleUpdate [as current] (node_modules/react-native/src/private/animated/createAnimatedPropsHook.js:131:20)
      at AnimatedProps._callback (node_modules/react-native/src/private/animated/createAnimatedPropsHook.js:71:36)
      at AnimatedProps._callback [as update] (node_modules/react-native/Libraries/Animated/nodes/AnimatedProps.js:237:10)
      at update (node_modules/react-native/Libraries/Animated/nodes/AnimatedValue.js:67:31)
          at Set.forEach (<anonymous>)
      at forEach (node_modules/react-native/Libraries/Animated/nodes/AnimatedValue.js:67:10)
      at AnimatedValue.flushValue [as _updateValue] (node_modules/react-native/Libraries/Animated/nodes/AnimatedValue.js:361:7)
      at TimingAnimation._updateValue [as _onUpdate] (node_modules/react-native/Libraries/Animated/nodes/AnimatedValue.js:325:14)
      at TimingAnimation._onUpdate [as onUpdate] (node_modules/react-native/Libraries/Animated/animations/TimingAnimation.js:157:10)
      at onUpdate (node_modules/react-native/Libraries/Animated/animations/TimingAnimation.js:132:67)
      at Timeout.callback [as _onTimeout] (node_modules/@react-native/jest-preset/jest/setup.js:61:31)

    console.error
      An update to Animated(View) inside a test was not wrapped in act(...).
      
      When testing, code that causes React state updates should be wrapped into act(...):
      
      act(() => {
        /* fire events that update state */
      });
      /* assert on the output */
      
      This ensures that you're testing the behavior the user would see in the browser. Learn more at https://react.dev/link/wrap-tests-with-act

      at node_modules/react-reconciler/cjs/react-reconciler.development.js:16307:19
      at runWithFiberInDEV (node_modules/react-reconciler/cjs/react-reconciler.development.js:2508:13)
      at warnIfUpdatesNotWrappedWithActDEV (node_modules/react-reconciler/cjs/react-reconciler.development.js:16306:9)
      at scheduleUpdateOnFiber (node_modules/react-reconciler/cjs/react-reconciler.development.js:14070:11)
      at dispatchReducerAction (node_modules/react-reconciler/cjs/react-reconciler.development.js:6731:13)
      at Object.scheduleUpdate [as current] (node_modules/react-native/src/private/animated/createAnimatedPropsHook.js:131:20)
      at AnimatedProps._callback (node_modules/react-native/src/private/animated/createAnimatedPropsHook.js:71:36)
      at AnimatedProps._callback [as update] (node_modules/react-native/Libraries/Animated/nodes/AnimatedProps.js:237:10)
      at update (node_modules/react-native/Libraries/Animated/nodes/AnimatedValue.js:67:31)
          at Set.forEach (<anonymous>)
      at forEach (node_modules/react-native/Libraries/Animated/nodes/AnimatedValue.js:67:10)
      at AnimatedValue.flushValue [as _updateValue] (node_modules/react-native/Libraries/Animated/nodes/AnimatedValue.js:361:7)
      at TimingAnimation._updateValue [as _onUpdate] (node_modules/react-native/Libraries/Animated/nodes/AnimatedValue.js:325:14)
      at TimingAnimation._onUpdate [as onUpdate] (node_modules/react-native/Libraries/Animated/animations/TimingAnimation.js:157:10)
      at onUpdate (node_modules/react-native/Libraries/Animated/animations/TimingAnimation.js:132:67)
      at Timeout.callback [as _onTimeout] (node_modules/@react-native/jest-preset/jest/setup.js:61:31)

    console.error
      An update to Animated(View) inside a test was not wrapped in act(...).
      
      When testing, code that causes React state updates should be wrapped into act(...):
      
      act(() => {
        /* fire events that update state */
      });
      /* assert on the output */
      
      This ensures that you're testing the behavior the user would see in the browser. Learn more at https://react.dev/link/wrap-tests-with-act

      at node_modules/react-reconciler/cjs/react-reconciler.development.js:16307:19
      at runWithFiberInDEV (node_modules/react-reconciler/cjs/react-reconciler.development.js:2508:13)
      at warnIfUpdatesNotWrappedWithActDEV (node_modules/react-reconciler/cjs/react-reconciler.development.js:16306:9)
      at scheduleUpdateOnFiber (node_modules/react-reconciler/cjs/react-reconciler.development.js:14070:11)
      at dispatchReducerAction (node_modules/react-reconciler/cjs/react-reconciler.development.js:6731:13)
      at Object.scheduleUpdate [as current] (node_modules/react-native/src/private/animated/createAnimatedPropsHook.js:131:20)
      at AnimatedProps._callback (node_modules/react-native/src/private/animated/createAnimatedPropsHook.js:71:36)
      at AnimatedProps._callback [as update] (node_modules/react-native/Libraries/Animated/nodes/AnimatedProps.js:237:10)
      at update (node_modules/react-native/Libraries/Animated/nodes/AnimatedValue.js:67:31)
          at Set.forEach (<anonymous>)
      at forEach (node_modules/react-native/Libraries/Animated/nodes/AnimatedValue.js:67:10)
      at AnimatedValue.flushValue [as _updateValue] (node_modules/react-native/Libraries/Animated/nodes/AnimatedValue.js:361:7)
      at TimingAnimation._updateValue [as _onUpdate] (node_modules/react-native/Libraries/Animated/nodes/AnimatedValue.js:325:14)
      at TimingAnimation._onUpdate [as onUpdate] (node_modules/react-native/Libraries/Animated/animations/TimingAnimation.js:157:10)
      at onUpdate (node_modules/react-native/Libraries/Animated/animations/TimingAnimation.js:132:67)
      at Timeout.callback [as _onTimeout] (node_modules/@react-native/jest-preset/jest/setup.js:61:31)

    console.error
      An update to Animated(View) inside a test was not wrapped in act(...).
      
      When testing, code that causes React state updates should be wrapped into act(...):
      
      act(() => {
        /* fire events that update state */
      });
      /* assert on the output */
      
      This ensures that you're testing the behavior the user would see in the browser. Learn more at https://react.dev/link/wrap-tests-with-act

      at node_modules/react-reconciler/cjs/react-reconciler.development.js:16307:19
      at runWithFiberInDEV (node_modules/react-reconciler/cjs/react-reconciler.development.js:2508:13)
      at warnIfUpdatesNotWrappedWithActDEV (node_modules/react-reconciler/cjs/react-reconciler.development.js:16306:9)
      at scheduleUpdateOnFiber (node_modules/react-reconciler/cjs/react-reconciler.development.js:14070:11)
      at dispatchReducerAction (node_modules/react-reconciler/cjs/react-reconciler.development.js:6731:13)
      at Object.scheduleUpdate [as current] (node_modules/react-native/src/private/animated/createAnimatedPropsHook.js:131:20)
      at AnimatedProps._callback (node_modules/react-native/src/private/animated/createAnimatedPropsHook.js:71:36)
      at AnimatedProps._callback [as update] (node_modules/react-native/Libraries/Animated/nodes/AnimatedProps.js:237:10)
      at update (node_modules/react-native/Libraries/Animated/nodes/AnimatedValue.js:67:31)
          at Set.forEach (<anonymous>)
      at forEach (node_modules/react-native/Libraries/Animated/nodes/AnimatedValue.js:67:10)
      at AnimatedValue.flushValue [as _updateValue] (node_modules/react-native/Libraries/Animated/nodes/AnimatedValue.js:361:7)
      at TimingAnimation._updateValue [as _onUpdate] (node_modules/react-native/Libraries/Animated/nodes/AnimatedValue.js:325:14)
      at TimingAnimation._onUpdate [as onUpdate] (node_modules/react-native/Libraries/Animated/animations/TimingAnimation.js:157:10)
      at onUpdate (node_modules/react-native/Libraries/Animated/animations/TimingAnimation.js:132:67)
      at Timeout.callback [as _onTimeout] (node_modules/@react-native/jest-preset/jest/setup.js:61:31)

    console.error
      An update to Animated(View) inside a test was not wrapped in act(...).
      
      When testing, code that causes React state updates should be wrapped into act(...):
      
      act(() => {
        /* fire events that update state */
      });
      /* assert on the output */
      
      This ensures that you're testing the behavior the user would see in the browser. Learn more at https://react.dev/link/wrap-tests-with-act

      at node_modules/react-reconciler/cjs/react-reconciler.development.js:16307:19
      at runWithFiberInDEV (node_modules/react-reconciler/cjs/react-reconciler.development.js:2508:13)
      at warnIfUpdatesNotWrappedWithActDEV (node_modules/react-reconciler/cjs/react-reconciler.development.js:16306:9)
      at scheduleUpdateOnFiber (node_modules/react-reconciler/cjs/react-reconciler.development.js:14070:11)
      at dispatchReducerAction (node_modules/react-reconciler/cjs/react-reconciler.development.js:6731:13)
      at Object.scheduleUpdate [as current] (node_modules/react-native/src/private/animated/createAnimatedPropsHook.js:131:20)
      at AnimatedProps._callback (node_modules/react-native/src/private/animated/createAnimatedPropsHook.js:71:36)
      at AnimatedProps._callback [as update] (node_modules/react-native/Libraries/Animated/nodes/AnimatedProps.js:237:10)
      at update (node_modules/react-native/Libraries/Animated/nodes/AnimatedValue.js:67:31)
          at Set.forEach (<anonymous>)
      at forEach (node_modules/react-native/Libraries/Animated/nodes/AnimatedValue.js:67:10)
      at AnimatedValue.flushValue [as _updateValue] (node_modules/react-native/Libraries/Animated/nodes/AnimatedValue.js:361:7)
      at TimingAnimation._updateValue [as _onUpdate] (node_modules/react-native/Libraries/Animated/nodes/AnimatedValue.js:325:14)
      at TimingAnimation._onUpdate [as onUpdate] (node_modules/react-native/Libraries/Animated/animations/TimingAnimation.js:157:10)
      at onUpdate (node_modules/react-native/Libraries/Animated/animations/TimingAnimation.js:132:67)
      at Timeout.callback [as _onTimeout] (node_modules/@react-native/jest-preset/jest/setup.js:61:31)

    console.error
      An update to Animated(View) inside a test was not wrapped in act(...).
      
      When testing, code that causes React state updates should be wrapped into act(...):
      
      act(() => {
        /* fire events that update state */
      });
      /* assert on the output */
      
      This ensures that you're testing the behavior the user would see in the browser. Learn more at https://react.dev/link/wrap-tests-with-act

      at node_modules/react-reconciler/cjs/react-reconciler.development.js:16307:19
      at runWithFiberInDEV (node_modules/react-reconciler/cjs/react-reconciler.development.js:2508:13)
      at warnIfUpdatesNotWrappedWithActDEV (node_modules/react-reconciler/cjs/react-reconciler.development.js:16306:9)
      at scheduleUpdateOnFiber (node_modules/react-reconciler/cjs/react-reconciler.development.js:14070:11)
      at dispatchReducerAction (node_modules/react-reconciler/cjs/react-reconciler.development.js:6731:13)
      at Object.scheduleUpdate [as current] (node_modules/react-native/src/private/animated/createAnimatedPropsHook.js:131:20)
      at AnimatedProps._callback (node_modules/react-native/src/private/animated/createAnimatedPropsHook.js:71:36)
      at AnimatedProps._callback [as update] (node_modules/react-native/Libraries/Animated/nodes/AnimatedProps.js:237:10)
      at update (node_modules/react-native/Libraries/Animated/nodes/AnimatedValue.js:67:31)
          at Set.forEach (<anonymous>)
      at forEach (node_modules/react-native/Libraries/Animated/nodes/AnimatedValue.js:67:10)
      at AnimatedValue.flushValue [as _updateValue] (node_modules/react-native/Libraries/Animated/nodes/AnimatedValue.js:361:7)
      at TimingAnimation._updateValue [as _onUpdate] (node_modules/react-native/Libraries/Animated/nodes/AnimatedValue.js:325:14)
      at TimingAnimation._onUpdate [as onUpdate] (node_modules/react-native/Libraries/Animated/animations/TimingAnimation.js:157:10)
      at onUpdate (node_modules/react-native/Libraries/Animated/animations/TimingAnimation.js:132:67)
      at Timeout.callback [as _onTimeout] (node_modules/@react-native/jest-preset/jest/setup.js:61:31)

    console.error
      An update to Animated(View) inside a test was not wrapped in act(...).
      
      When testing, code that causes React state updates should be wrapped into act(...):
      
      act(() => {
        /* fire events that update state */
      });
      /* assert on the output */
      
      This ensures that you're testing the behavior the user would see in the browser. Learn more at https://react.dev/link/wrap-tests-with-act

      at node_modules/react-reconciler/cjs/react-reconciler.development.js:16307:19
      at runWithFiberInDEV (node_modules/react-reconciler/cjs/react-reconciler.development.js:2508:13)
      at warnIfUpdatesNotWrappedWithActDEV (node_modules/react-reconciler/cjs/react-reconciler.development.js:16306:9)
      at scheduleUpdateOnFiber (node_modules/react-reconciler/cjs/react-reconciler.development.js:14070:11)
      at dispatchReducerAction (node_modules/react-reconciler/cjs/react-reconciler.development.js:6731:13)
      at Object.scheduleUpdate [as current] (node_modules/react-native/src/private/animated/createAnimatedPropsHook.js:131:20)
      at AnimatedProps._callback (node_modules/react-native/src/private/animated/createAnimatedPropsHook.js:71:36)
      at AnimatedProps._callback [as update] (node_modules/react-native/Libraries/Animated/nodes/AnimatedProps.js:237:10)
      at update (node_modules/react-native/Libraries/Animated/nodes/AnimatedValue.js:67:31)
          at Set.forEach (<anonymous>)
      at forEach (node_modules/react-native/Libraries/Animated/nodes/AnimatedValue.js:67:10)
      at AnimatedValue.flushValue [as _updateValue] (node_modules/react-native/Libraries/Animated/nodes/AnimatedValue.js:361:7)
      at TimingAnimation._updateValue [as _onUpdate] (node_modules/react-native/Libraries/Animated/nodes/AnimatedValue.js:325:14)
      at TimingAnimation._onUpdate [as onUpdate] (node_modules/react-native/Libraries/Animated/animations/TimingAnimation.js:157:10)
      at onUpdate (node_modules/react-native/Libraries/Animated/animations/TimingAnimation.js:132:67)
      at Timeout.callback [as _onTimeout] (node_modules/@react-native/jest-preset/jest/setup.js:61:31)

    console.error
      An update to Animated(View) inside a test was not wrapped in act(...).
      
      When testing, code that causes React state updates should be wrapped into act(...):
      
      act(() => {
        /* fire events that update state */
      });
      /* assert on the output */
      
      This ensures that you're testing the behavior the user would see in the browser. Learn more at https://react.dev/link/wrap-tests-with-act

      at node_modules/react-reconciler/cjs/react-reconciler.development.js:16307:19
      at runWithFiberInDEV (node_modules/react-reconciler/cjs/react-reconciler.development.js:2508:13)
      at warnIfUpdatesNotWrappedWithActDEV (node_modules/react-reconciler/cjs/react-reconciler.development.js:16306:9)
      at scheduleUpdateOnFiber (node_modules/react-reconciler/cjs/react-reconciler.development.js:14070:11)
      at dispatchReducerAction (node_modules/react-reconciler/cjs/react-reconciler.development.js:6731:13)
      at Object.scheduleUpdate [as current] (node_modules/react-native/src/private/animated/createAnimatedPropsHook.js:131:20)
      at AnimatedProps._callback (node_modules/react-native/src/private/animated/createAnimatedPropsHook.js:71:36)
      at AnimatedProps._callback [as update] (node_modules/react-native/Libraries/Animated/nodes/AnimatedProps.js:237:10)
      at update (node_modules/react-native/Libraries/Animated/nodes/AnimatedValue.js:67:31)
          at Set.forEach (<anonymous>)
      at forEach (node_modules/react-native/Libraries/Animated/nodes/AnimatedValue.js:67:10)
      at AnimatedValue.flushValue [as _updateValue] (node_modules/react-native/Libraries/Animated/nodes/AnimatedValue.js:361:7)
      at TimingAnimation._updateValue [as _onUpdate] (node_modules/react-native/Libraries/Animated/nodes/AnimatedValue.js:325:14)
      at TimingAnimation._onUpdate [as onUpdate] (node_modules/react-native/Libraries/Animated/animations/TimingAnimation.js:157:10)
      at onUpdate (node_modules/react-native/Libraries/Animated/animations/TimingAnimation.js:132:67)
      at Timeout.callback [as _onTimeout] (node_modules/@react-native/jest-preset/jest/setup.js:61:31)

    console.error
      An update to Animated(View) inside a test was not wrapped in act(...).
      
      When testing, code that causes React state updates should be wrapped into act(...):
      
      act(() => {
        /* fire events that update state */
      });
      /* assert on the output */
      
      This ensures that you're testing the behavior the user would see in the browser. Learn more at https://react.dev/link/wrap-tests-with-act

      at node_modules/react-reconciler/cjs/react-reconciler.development.js:16307:19
      at runWithFiberInDEV (node_modules/react-reconciler/cjs/react-reconciler.development.js:2508:13)
      at warnIfUpdatesNotWrappedWithActDEV (node_modules/react-reconciler/cjs/react-reconciler.development.js:16306:9)
      at scheduleUpdateOnFiber (node_modules/react-reconciler/cjs/react-reconciler.development.js:14070:11)
      at dispatchReducerAction (node_modules/react-reconciler/cjs/react-reconciler.development.js:6731:13)
      at Object.scheduleUpdate [as current] (node_modules/react-native/src/private/animated/createAnimatedPropsHook.js:131:20)
      at AnimatedProps._callback (node_modules/react-native/src/private/animated/createAnimatedPropsHook.js:71:36)
      at AnimatedProps._callback [as update] (node_modules/react-native/Libraries/Animated/nodes/AnimatedProps.js:237:10)
      at update (node_modules/react-native/Libraries/Animated/nodes/AnimatedValue.js:67:31)
          at Set.forEach (<anonymous>)
      at forEach (node_modules/react-native/Libraries/Animated/nodes/AnimatedValue.js:67:10)
      at AnimatedValue.flushValue [as _updateValue] (node_modules/react-native/Libraries/Animated/nodes/AnimatedValue.js:361:7)
      at TimingAnimation._updateValue [as _onUpdate] (node_modules/react-native/Libraries/Animated/nodes/AnimatedValue.js:325:14)
      at TimingAnimation._onUpdate [as onUpdate] (node_modules/react-native/Libraries/Animated/animations/TimingAnimation.js:157:10)
      at onUpdate (node_modules/react-native/Libraries/Animated/animations/TimingAnimation.js:132:67)
      at Timeout.callback [as _onTimeout] (node_modules/@react-native/jest-preset/jest/setup.js:61:31)

    console.error
      An update to Animated(View) inside a test was not wrapped in act(...).
      
      When testing, code that causes React state updates should be wrapped into act(...):
      
      act(() => {
        /* fire events that update state */
      });
      /* assert on the output */
      
      This ensures that you're testing the behavior the user would see in the browser. Learn more at https://react.dev/link/wrap-tests-with-act

      at node_modules/react-reconciler/cjs/react-reconciler.development.js:16307:19
      at runWithFiberInDEV (node_modules/react-reconciler/cjs/react-reconciler.development.js:2508:13)
      at warnIfUpdatesNotWrappedWithActDEV (node_modules/react-reconciler/cjs/react-reconciler.development.js:16306:9)
      at scheduleUpdateOnFiber (node_modules/react-reconciler/cjs/react-reconciler.development.js:14070:11)
      at dispatchReducerAction (node_modules/react-reconciler/cjs/react-reconciler.development.js:6731:13)
      at Object.scheduleUpdate [as current] (node_modules/react-native/src/private/animated/createAnimatedPropsHook.js:131:20)
      at AnimatedProps._callback (node_modules/react-native/src/private/animated/createAnimatedPropsHook.js:71:36)
      at AnimatedProps._callback [as update] (node_modules/react-native/Libraries/Animated/nodes/AnimatedProps.js:237:10)
      at update (node_modules/react-native/Libraries/Animated/nodes/AnimatedValue.js:67:31)
          at Set.forEach (<anonymous>)
      at forEach (node_modules/react-native/Libraries/Animated/nodes/AnimatedValue.js:67:10)
      at AnimatedValue.flushValue [as _updateValue] (node_modules/react-native/Libraries/Animated/nodes/AnimatedValue.js:361:7)
      at TimingAnimation._updateValue [as _onUpdate] (node_modules/react-native/Libraries/Animated/nodes/AnimatedValue.js:325:14)
      at TimingAnimation._onUpdate [as onUpdate] (node_modules/react-native/Libraries/Animated/animations/TimingAnimation.js:157:10)
      at onUpdate (node_modules/react-native/Libraries/Animated/animations/TimingAnimation.js:132:67)
      at Timeout.callback [as _onTimeout] (node_modules/@react-native/jest-preset/jest/setup.js:61:31)

    console.error
      An update to Animated(View) inside a test was not wrapped in act(...).
      
      When testing, code that causes React state updates should be wrapped into act(...):
      
      act(() => {
        /* fire events that update state */
      });
      /* assert on the output */
      
      This ensures that you're testing the behavior the user would see in the browser. Learn more at https://react.dev/link/wrap-tests-with-act

      at node_modules/react-reconciler/cjs/react-reconciler.development.js:16307:19
      at runWithFiberInDEV (node_modules/react-reconciler/cjs/react-reconciler.development.js:2508:13)
      at warnIfUpdatesNotWrappedWithActDEV (node_modules/react-reconciler/cjs/react-reconciler.development.js:16306:9)
      at scheduleUpdateOnFiber (node_modules/react-reconciler/cjs/react-reconciler.development.js:14070:11)
      at dispatchReducerAction (node_modules/react-reconciler/cjs/react-reconciler.development.js:6731:13)
      at Object.scheduleUpdate [as current] (node_modules/react-native/src/private/animated/createAnimatedPropsHook.js:131:20)
      at AnimatedProps._callback (node_modules/react-native/src/private/animated/createAnimatedPropsHook.js:71:36)
      at AnimatedProps._callback [as update] (node_modules/react-native/Libraries/Animated/nodes/AnimatedProps.js:237:10)
      at update (node_modules/react-native/Libraries/Animated/nodes/AnimatedValue.js:67:31)
          at Set.forEach (<anonymous>)
      at forEach (node_modules/react-native/Libraries/Animated/nodes/AnimatedValue.js:67:10)
      at AnimatedValue.flushValue [as _updateValue] (node_modules/react-native/Libraries/Animated/nodes/AnimatedValue.js:361:7)
      at TimingAnimation._updateValue [as _onUpdate] (node_modules/react-native/Libraries/Animated/nodes/AnimatedValue.js:325:14)
      at TimingAnimation._onUpdate [as onUpdate] (node_modules/react-native/Libraries/Animated/animations/TimingAnimation.js:157:10)
      at onUpdate (node_modules/react-native/Libraries/Animated/animations/TimingAnimation.js:132:67)
      at Timeout.callback [as _onTimeout] (node_modules/@react-native/jest-preset/jest/setup.js:61:31)

    console.error
      An update to Animated(View) inside a test was not wrapped in act(...).
      
      When testing, code that causes React state updates should be wrapped into act(...):
      
      act(() => {
        /* fire events that update state */
      });
      /* assert on the output */
      
      This ensures that you're testing the behavior the user would see in the browser. Learn more at https://react.dev/link/wrap-tests-with-act

      at node_modules/react-reconciler/cjs/react-reconciler.development.js:16307:19
      at runWithFiberInDEV (node_modules/react-reconciler/cjs/react-reconciler.development.js:2508:13)
      at warnIfUpdatesNotWrappedWithActDEV (node_modules/react-reconciler/cjs/react-reconciler.development.js:16306:9)
      at scheduleUpdateOnFiber (node_modules/react-reconciler/cjs/react-reconciler.development.js:14070:11)
      at dispatchReducerAction (node_modules/react-reconciler/cjs/react-reconciler.development.js:6731:13)
      at Object.scheduleUpdate [as current] (node_modules/react-native/src/private/animated/createAnimatedPropsHook.js:131:20)
      at AnimatedProps._callback (node_modules/react-native/src/private/animated/createAnimatedPropsHook.js:71:36)
      at AnimatedProps._callback [as update] (node_modules/react-native/Libraries/Animated/nodes/AnimatedProps.js:237:10)
      at update (node_modules/react-native/Libraries/Animated/nodes/AnimatedValue.js:67:31)
          at Set.forEach (<anonymous>)
      at forEach (node_modules/react-native/Libraries/Animated/nodes/AnimatedValue.js:67:10)
      at AnimatedValue.flushValue [as _updateValue] (node_modules/react-native/Libraries/Animated/nodes/AnimatedValue.js:361:7)
      at TimingAnimation._updateValue [as _onUpdate] (node_modules/react-native/Libraries/Animated/nodes/AnimatedValue.js:325:14)
      at TimingAnimation._onUpdate [as onUpdate] (node_modules/react-native/Libraries/Animated/animations/TimingAnimation.js:157:10)
      at onUpdate (node_modules/react-native/Libraries/Animated/animations/TimingAnimation.js:132:67)
      at Timeout.callback [as _onTimeout] (node_modules/@react-native/jest-preset/jest/setup.js:61:31)

    console.error
      An update to Animated(View) inside a test was not wrapped in act(...).
      
      When testing, code that causes React state updates should be wrapped into act(...):
      
      act(() => {
        /* fire events that update state */
      });
      /* assert on the output */
      
      This ensures that you're testing the behavior the user would see in the browser. Learn more at https://react.dev/link/wrap-tests-with-act

      at node_modules/react-reconciler/cjs/react-reconciler.development.js:16307:19
      at runWithFiberInDEV (node_modules/react-reconciler/cjs/react-reconciler.development.js:2508:13)
      at warnIfUpdatesNotWrappedWithActDEV (node_modules/react-reconciler/cjs/react-reconciler.development.js:16306:9)
      at scheduleUpdateOnFiber (node_modules/react-reconciler/cjs/react-reconciler.development.js:14070:11)
      at dispatchReducerAction (node_modules/react-reconciler/cjs/react-reconciler.development.js:6731:13)
      at Object.scheduleUpdate [as current] (node_modules/react-native/src/private/animated/createAnimatedPropsHook.js:131:20)
      at AnimatedProps._callback (node_modules/react-native/src/private/animated/createAnimatedPropsHook.js:71:36)
      at AnimatedProps._callback [as update] (node_modules/react-native/Libraries/Animated/nodes/AnimatedProps.js:237:10)
      at update (node_modules/react-native/Libraries/Animated/nodes/AnimatedValue.js:67:31)
          at Set.forEach (<anonymous>)
      at forEach (node_modules/react-native/Libraries/Animated/nodes/AnimatedValue.js:67:10)
      at AnimatedValue.flushValue [as _updateValue] (node_modules/react-native/Libraries/Animated/nodes/AnimatedValue.js:361:7)
      at TimingAnimation._updateValue [as _onUpdate] (node_modules/react-native/Libraries/Animated/nodes/AnimatedValue.js:325:14)
      at TimingAnimation._onUpdate [as onUpdate] (node_modules/react-native/Libraries/Animated/animations/TimingAnimation.js:157:10)
      at onUpdate (node_modules/react-native/Libraries/Animated/animations/TimingAnimation.js:132:67)
      at Timeout.callback [as _onTimeout] (node_modules/@react-native/jest-preset/jest/setup.js:61:31)

    console.error
      An update to Animated(View) inside a test was not wrapped in act(...).
      
      When testing, code that causes React state updates should be wrapped into act(...):
      
      act(() => {
        /* fire events that update state */
      });
      /* assert on the output */
      
      This ensures that you're testing the behavior the user would see in the browser. Learn more at https://react.dev/link/wrap-tests-with-act

      at node_modules/react-reconciler/cjs/react-reconciler.development.js:16307:19
      at runWithFiberInDEV (node_modules/react-reconciler/cjs/react-reconciler.development.js:2508:13)
      at warnIfUpdatesNotWrappedWithActDEV (node_modules/react-reconciler/cjs/react-reconciler.development.js:16306:9)
      at scheduleUpdateOnFiber (node_modules/react-reconciler/cjs/react-reconciler.development.js:14070:11)
      at dispatchReducerAction (node_modules/react-reconciler/cjs/react-reconciler.development.js:6731:13)
      at Object.scheduleUpdate [as current] (node_modules/react-native/src/private/animated/createAnimatedPropsHook.js:131:20)
      at AnimatedProps._callback (node_modules/react-native/src/private/animated/createAnimatedPropsHook.js:71:36)
      at AnimatedProps._callback [as update] (node_modules/react-native/Libraries/Animated/nodes/AnimatedProps.js:237:10)
      at update (node_modules/react-native/Libraries/Animated/nodes/AnimatedValue.js:67:31)
          at Set.forEach (<anonymous>)
      at forEach (node_modules/react-native/Libraries/Animated/nodes/AnimatedValue.js:67:10)
      at AnimatedValue.flushValue [as _updateValue] (node_modules/react-native/Libraries/Animated/nodes/AnimatedValue.js:361:7)
      at TimingAnimation._updateValue [as _onUpdate] (node_modules/react-native/Libraries/Animated/nodes/AnimatedValue.js:325:14)
      at TimingAnimation._onUpdate [as onUpdate] (node_modules/react-native/Libraries/Animated/animations/TimingAnimation.js:157:10)
      at onUpdate (node_modules/react-native/Libraries/Animated/animations/TimingAnimation.js:132:67)
      at Timeout.callback [as _onTimeout] (node_modules/@react-native/jest-preset/jest/setup.js:61:31)

    console.error
      An update to Animated(View) inside a test was not wrapped in act(...).
      
      When testing, code that causes React state updates should be wrapped into act(...):
      
      act(() => {
        /* fire events that update state */
      });
      /* assert on the output */
      
      This ensures that you're testing the behavior the user would see in the browser. Learn more at https://react.dev/link/wrap-tests-with-act

      at node_modules/react-reconciler/cjs/react-reconciler.development.js:16307:19
      at runWithFiberInDEV (node_modules/react-reconciler/cjs/react-reconciler.development.js:2508:13)
      at warnIfUpdatesNotWrappedWithActDEV (node_modules/react-reconciler/cjs/react-reconciler.development.js:16306:9)
      at scheduleUpdateOnFiber (node_modules/react-reconciler/cjs/react-reconciler.development.js:14070:11)
      at dispatchReducerAction (node_modules/react-reconciler/cjs/react-reconciler.development.js:6731:13)
      at Object.scheduleUpdate [as current] (node_modules/react-native/src/private/animated/createAnimatedPropsHook.js:131:20)
      at AnimatedProps._callback (node_modules/react-native/src/private/animated/createAnimatedPropsHook.js:71:36)
      at AnimatedProps._callback [as update] (node_modules/react-native/Libraries/Animated/nodes/AnimatedProps.js:237:10)
      at update (node_modules/react-native/Libraries/Animated/nodes/AnimatedValue.js:67:31)
          at Set.forEach (<anonymous>)
      at forEach (node_modules/react-native/Libraries/Animated/nodes/AnimatedValue.js:67:10)
      at AnimatedValue.flushValue [as _updateValue] (node_modules/react-native/Libraries/Animated/nodes/AnimatedValue.js:361:7)
      at TimingAnimation._updateValue [as _onUpdate] (node_modules/react-native/Libraries/Animated/nodes/AnimatedValue.js:325:14)
      at TimingAnimation._onUpdate [as onUpdate] (node_modules/react-native/Libraries/Animated/animations/TimingAnimation.js:157:10)
      at onUpdate (node_modules/react-native/Libraries/Animated/animations/TimingAnimation.js:132:67)
      at Timeout.callback [as _onTimeout] (node_modules/@react-native/jest-preset/jest/setup.js:61:31)

    console.error
      An update to Animated(View) inside a test was not wrapped in act(...).
      
      When testing, code that causes React state updates should be wrapped into act(...):
      
      act(() => {
        /* fire events that update state */
      });
      /* assert on the output */
      
      This ensures that you're testing the behavior the user would see in the browser. Learn more at https://react.dev/link/wrap-tests-with-act

      at node_modules/react-reconciler/cjs/react-reconciler.development.js:16307:19
      at runWithFiberInDEV (node_modules/react-reconciler/cjs/react-reconciler.development.js:2508:13)
      at warnIfUpdatesNotWrappedWithActDEV (node_modules/react-reconciler/cjs/react-reconciler.development.js:16306:9)
      at scheduleUpdateOnFiber (node_modules/react-reconciler/cjs/react-reconciler.development.js:14070:11)
      at dispatchReducerAction (node_modules/react-reconciler/cjs/react-reconciler.development.js:6731:13)
      at Object.scheduleUpdate [as current] (node_modules/react-native/src/private/animated/createAnimatedPropsHook.js:131:20)
      at AnimatedProps._callback (node_modules/react-native/src/private/animated/createAnimatedPropsHook.js:71:36)
      at AnimatedProps._callback [as update] (node_modules/react-native/Libraries/Animated/nodes/AnimatedProps.js:237:10)
      at update (node_modules/react-native/Libraries/Animated/nodes/AnimatedValue.js:67:31)
          at Set.forEach (<anonymous>)
      at forEach (node_modules/react-native/Libraries/Animated/nodes/AnimatedValue.js:67:10)
      at AnimatedValue.flushValue [as _updateValue] (node_modules/react-native/Libraries/Animated/nodes/AnimatedValue.js:361:7)
      at TimingAnimation._updateValue [as _onUpdate] (node_modules/react-native/Libraries/Animated/nodes/AnimatedValue.js:325:14)
      at TimingAnimation._onUpdate [as onUpdate] (node_modules/react-native/Libraries/Animated/animations/TimingAnimation.js:157:10)
      at onUpdate (node_modules/react-native/Libraries/Animated/animations/TimingAnimation.js:132:67)
      at Timeout.callback [as _onTimeout] (node_modules/@react-native/jest-preset/jest/setup.js:61:31)

    console.error
      An update to Animated(View) inside a test was not wrapped in act(...).
      
      When testing, code that causes React state updates should be wrapped into act(...):
      
      act(() => {
        /* fire events that update state */
      });
      /* assert on the output */
      
      This ensures that you're testing the behavior the user would see in the browser. Learn more at https://react.dev/link/wrap-tests-with-act

      at node_modules/react-reconciler/cjs/react-reconciler.development.js:16307:19
      at runWithFiberInDEV (node_modules/react-reconciler/cjs/react-reconciler.development.js:2508:13)
      at warnIfUpdatesNotWrappedWithActDEV (node_modules/react-reconciler/cjs/react-reconciler.development.js:16306:9)
      at scheduleUpdateOnFiber (node_modules/react-reconciler/cjs/react-reconciler.development.js:14070:11)
      at dispatchReducerAction (node_modules/react-reconciler/cjs/react-reconciler.development.js:6731:13)
      at Object.scheduleUpdate [as current] (node_modules/react-native/src/private/animated/createAnimatedPropsHook.js:131:20)
      at AnimatedProps._callback (node_modules/react-native/src/private/animated/createAnimatedPropsHook.js:71:36)
      at AnimatedProps._callback [as update] (node_modules/react-native/Libraries/Animated/nodes/AnimatedProps.js:237:10)
      at update (node_modules/react-native/Libraries/Animated/nodes/AnimatedValue.js:67:31)
          at Set.forEach (<anonymous>)
      at forEach (node_modules/react-native/Libraries/Animated/nodes/AnimatedValue.js:67:10)
      at AnimatedValue.flushValue [as _updateValue] (node_modules/react-native/Libraries/Animated/nodes/AnimatedValue.js:361:7)
      at TimingAnimation._updateValue [as _onUpdate] (node_modules/react-native/Libraries/Animated/nodes/AnimatedValue.js:325:14)
      at TimingAnimation._onUpdate [as onUpdate] (node_modules/react-native/Libraries/Animated/animations/TimingAnimation.js:157:10)
      at onUpdate (node_modules/react-native/Libraries/Animated/animations/TimingAnimation.js:132:67)
      at Timeout.callback [as _onTimeout] (node_modules/@react-native/jest-preset/jest/setup.js:61:31)

    console.error
      An update to Animated(View) inside a test was not wrapped in act(...).
      
      When testing, code that causes React state updates should be wrapped into act(...):
      
      act(() => {
        /* fire events that update state */
      });
      /* assert on the output */
      
      This ensures that you're testing the behavior the user would see in the browser. Learn more at https://react.dev/link/wrap-tests-with-act

      at node_modules/react-reconciler/cjs/react-reconciler.development.js:16307:19
      at runWithFiberInDEV (node_modules/react-reconciler/cjs/react-reconciler.development.js:2508:13)
      at warnIfUpdatesNotWrappedWithActDEV (node_modules/react-reconciler/cjs/react-reconciler.development.js:16306:9)
      at scheduleUpdateOnFiber (node_modules/react-reconciler/cjs/react-reconciler.development.js:14070:11)
      at dispatchReducerAction (node_modules/react-reconciler/cjs/react-reconciler.development.js:6731:13)
      at Object.scheduleUpdate [as current] (node_modules/react-native/src/private/animated/createAnimatedPropsHook.js:131:20)
      at AnimatedProps._callback (node_modules/react-native/src/private/animated/createAnimatedPropsHook.js:71:36)
      at AnimatedProps._callback [as update] (node_modules/react-native/Libraries/Animated/nodes/AnimatedProps.js:237:10)
      at update (node_modules/react-native/Libraries/Animated/nodes/AnimatedValue.js:67:31)
          at Set.forEach (<anonymous>)
      at forEach (node_modules/react-native/Libraries/Animated/nodes/AnimatedValue.js:67:10)
      at AnimatedValue.flushValue [as _updateValue] (node_modules/react-native/Libraries/Animated/nodes/AnimatedValue.js:361:7)
      at TimingAnimation._updateValue [as _onUpdate] (node_modules/react-native/Libraries/Animated/nodes/AnimatedValue.js:325:14)
      at TimingAnimation._onUpdate [as onUpdate] (node_modules/react-native/Libraries/Animated/animations/TimingAnimation.js:157:10)
      at onUpdate (node_modules/react-native/Libraries/Animated/animations/TimingAnimation.js:132:67)
      at Timeout.callback [as _onTimeout] (node_modules/@react-native/jest-preset/jest/setup.js:61:31)

    console.error
      An update to Animated(View) inside a test was not wrapped in act(...).
      
      When testing, code that causes React state updates should be wrapped into act(...):
      
      act(() => {
        /* fire events that update state */
      });
      /* assert on the output */
      
      This ensures that you're testing the behavior the user would see in the browser. Learn more at https://react.dev/link/wrap-tests-with-act

      at node_modules/react-reconciler/cjs/react-reconciler.development.js:16307:19
      at runWithFiberInDEV (node_modules/react-reconciler/cjs/react-reconciler.development.js:2508:13)
      at warnIfUpdatesNotWrappedWithActDEV (node_modules/react-reconciler/cjs/react-reconciler.development.js:16306:9)
      at scheduleUpdateOnFiber (node_modules/react-reconciler/cjs/react-reconciler.development.js:14070:11)
      at dispatchReducerAction (node_modules/react-reconciler/cjs/react-reconciler.development.js:6731:13)
      at Object.scheduleUpdate [as current] (node_modules/react-native/src/private/animated/createAnimatedPropsHook.js:131:20)
      at AnimatedProps._callback (node_modules/react-native/src/private/animated/createAnimatedPropsHook.js:71:36)
      at AnimatedProps._callback [as update] (node_modules/react-native/Libraries/Animated/nodes/AnimatedProps.js:237:10)
      at update (node_modules/react-native/Libraries/Animated/nodes/AnimatedValue.js:67:31)
          at Set.forEach (<anonymous>)
      at forEach (node_modules/react-native/Libraries/Animated/nodes/AnimatedValue.js:67:10)
      at AnimatedValue.flushValue [as _updateValue] (node_modules/react-native/Libraries/Animated/nodes/AnimatedValue.js:361:7)
      at TimingAnimation._updateValue [as _onUpdate] (node_modules/react-native/Libraries/Animated/nodes/AnimatedValue.js:325:14)
      at TimingAnimation._onUpdate [as onUpdate] (node_modules/react-native/Libraries/Animated/animations/TimingAnimation.js:157:10)
      at onUpdate (node_modules/react-native/Libraries/Animated/animations/TimingAnimation.js:132:67)
      at Timeout.callback [as _onTimeout] (node_modules/@react-native/jest-preset/jest/setup.js:61:31)

    console.error
      An update to Animated(View) inside a test was not wrapped in act(...).
      
      When testing, code that causes React state updates should be wrapped into act(...):
      
      act(() => {
        /* fire events that update state */
      });
      /* assert on the output */
      
      This ensures that you're testing the behavior the user would see in the browser. Learn more at https://react.dev/link/wrap-tests-with-act

      at node_modules/react-reconciler/cjs/react-reconciler.development.js:16307:19
      at runWithFiberInDEV (node_modules/react-reconciler/cjs/react-reconciler.development.js:2508:13)
      at warnIfUpdatesNotWrappedWithActDEV (node_modules/react-reconciler/cjs/react-reconciler.development.js:16306:9)
      at scheduleUpdateOnFiber (node_modules/react-reconciler/cjs/react-reconciler.development.js:14070:11)
      at dispatchReducerAction (node_modules/react-reconciler/cjs/react-reconciler.development.js:6731:13)
      at Object.scheduleUpdate [as current] (node_modules/react-native/src/private/animated/createAnimatedPropsHook.js:131:20)
      at AnimatedProps._callback (node_modules/react-native/src/private/animated/createAnimatedPropsHook.js:71:36)
      at AnimatedProps._callback [as update] (node_modules/react-native/Libraries/Animated/nodes/AnimatedProps.js:237:10)
      at update (node_modules/react-native/Libraries/Animated/nodes/AnimatedValue.js:67:31)
          at Set.forEach (<anonymous>)
      at forEach (node_modules/react-native/Libraries/Animated/nodes/AnimatedValue.js:67:10)
      at AnimatedValue.flushValue [as _updateValue] (node_modules/react-native/Libraries/Animated/nodes/AnimatedValue.js:361:7)
      at TimingAnimation._updateValue [as _onUpdate] (node_modules/react-native/Libraries/Animated/nodes/AnimatedValue.js:325:14)
      at TimingAnimation._onUpdate [as onUpdate] (node_modules/react-native/Libraries/Animated/animations/TimingAnimation.js:157:10)
      at Timeout.callback [as _onTimeout] (node_modules/@react-native/jest-preset/jest/setup.js:61:31)

    console.error
      An update to Animated(View) inside a test was not wrapped in act(...).
      
      When testing, code that causes React state updates should be wrapped into act(...):
      
      act(() => {
        /* fire events that update state */
      });
      /* assert on the output */
      
      This ensures that you're testing the behavior the user would see in the browser. Learn more at https://react.dev/link/wrap-tests-with-act

      at node_modules/react-reconciler/cjs/react-reconciler.development.js:16307:19
      at runWithFiberInDEV (node_modules/react-reconciler/cjs/react-reconciler.development.js:2508:13)
      at warnIfUpdatesNotWrappedWithActDEV (node_modules/react-reconciler/cjs/react-reconciler.development.js:16306:9)
      at scheduleUpdateOnFiber (node_modules/react-reconciler/cjs/react-reconciler.development.js:14070:11)
      at dispatchReducerAction (node_modules/react-reconciler/cjs/react-reconciler.development.js:6731:13)
      at Object.scheduleUpdate [as current] (node_modules/react-native/src/private/animated/createAnimatedPropsHook.js:131:20)
      at AnimatedProps._callback (node_modules/react-native/src/private/animated/createAnimatedPropsHook.js:71:36)
      at AnimatedProps._callback [as update] (node_modules/react-native/Libraries/Animated/nodes/AnimatedProps.js:237:10)
      at update (node_modules/react-native/Libraries/Animated/nodes/AnimatedValue.js:67:31)
          at Set.forEach (<anonymous>)
      at forEach (node_modules/react-native/Libraries/Animated/nodes/AnimatedValue.js:67:10)
      at AnimatedValue.flushValue [as _updateValue] (node_modules/react-native/Libraries/Animated/nodes/AnimatedValue.js:361:7)
      at TimingAnimation._updateValue [as _onUpdate] (node_modules/react-native/Libraries/Animated/nodes/AnimatedValue.js:325:14)
      at TimingAnimation._onUpdate [as onUpdate] (node_modules/react-native/Libraries/Animated/animations/TimingAnimation.js:157:10)
      at Timeout.callback [as _onTimeout] (node_modules/@react-native/jest-preset/jest/setup.js:61:31)

    console.error
      An update to Animated(View) inside a test was not wrapped in act(...).
      
      When testing, code that causes React state updates should be wrapped into act(...):
      
      act(() => {
        /* fire events that update state */
      });
      /* assert on the output */
      
      This ensures that you're testing the behavior the user would see in the browser. Learn more at https://react.dev/link/wrap-tests-with-act

      at node_modules/react-reconciler/cjs/react-reconciler.development.js:16307:19
      at runWithFiberInDEV (node_modules/react-reconciler/cjs/react-reconciler.development.js:2508:13)
      at warnIfUpdatesNotWrappedWithActDEV (node_modules/react-reconciler/cjs/react-reconciler.development.js:16306:9)
      at scheduleUpdateOnFiber (node_modules/react-reconciler/cjs/react-reconciler.development.js:14070:11)
      at dispatchReducerAction (node_modules/react-reconciler/cjs/react-reconciler.development.js:6731:13)
      at Object.scheduleUpdate [as current] (node_modules/react-native/src/private/animated/createAnimatedPropsHook.js:131:20)
      at AnimatedProps._callback (node_modules/react-native/src/private/animated/createAnimatedPropsHook.js:71:36)
      at AnimatedProps._callback [as update] (node_modules/react-native/Libraries/Animated/nodes/AnimatedProps.js:237:10)
      at update (node_modules/react-native/Libraries/Animated/nodes/AnimatedValue.js:67:31)
          at Set.forEach (<anonymous>)
      at forEach (node_modules/react-native/Libraries/Animated/nodes/AnimatedValue.js:67:10)
      at AnimatedValue.flushValue [as _updateValue] (node_modules/react-native/Libraries/Animated/nodes/AnimatedValue.js:361:7)
      at TimingAnimation._updateValue [as _onUpdate] (node_modules/react-native/Libraries/Animated/nodes/AnimatedValue.js:325:14)
      at TimingAnimation._onUpdate [as onUpdate] (node_modules/react-native/Libraries/Animated/animations/TimingAnimation.js:157:10)
      at Timeout.callback [as _onTimeout] (node_modules/@react-native/jest-preset/jest/setup.js:61:31)

    console.error
      An update to Animated(View) inside a test was not wrapped in act(...).
      
      When testing, code that causes React state updates should be wrapped into act(...):
      
      act(() => {
        /* fire events that update state */
      });
      /* assert on the output */
      
      This ensures that you're testing the behavior the user would see in the browser. Learn more at https://react.dev/link/wrap-tests-with-act

      at node_modules/react-reconciler/cjs/react-reconciler.development.js:16307:19
      at runWithFiberInDEV (node_modules/react-reconciler/cjs/react-reconciler.development.js:2508:13)
      at warnIfUpdatesNotWrappedWithActDEV (node_modules/react-reconciler/cjs/react-reconciler.development.js:16306:9)
      at scheduleUpdateOnFiber (node_modules/react-reconciler/cjs/react-reconciler.development.js:14070:11)
      at dispatchReducerAction (node_modules/react-reconciler/cjs/react-reconciler.development.js:6731:13)
      at Object.scheduleUpdate [as current] (node_modules/react-native/src/private/animated/createAnimatedPropsHook.js:131:20)
      at AnimatedProps._callback (node_modules/react-native/src/private/animated/createAnimatedPropsHook.js:71:36)
      at AnimatedProps._callback [as update] (node_modules/react-native/Libraries/Animated/nodes/AnimatedProps.js:237:10)
      at update (node_modules/react-native/Libraries/Animated/nodes/AnimatedValue.js:67:31)
          at Set.forEach (<anonymous>)
      at forEach (node_modules/react-native/Libraries/Animated/nodes/AnimatedValue.js:67:10)
      at AnimatedValue.flushValue [as _updateValue] (node_modules/react-native/Libraries/Animated/nodes/AnimatedValue.js:361:7)
      at TimingAnimation._updateValue [as _onUpdate] (node_modules/react-native/Libraries/Animated/nodes/AnimatedValue.js:325:14)
      at TimingAnimation._onUpdate [as onUpdate] (node_modules/react-native/Libraries/Animated/animations/TimingAnimation.js:157:10)
      at Timeout.callback [as _onTimeout] (node_modules/@react-native/jest-preset/jest/setup.js:61:31)

    console.error
      An update to Animated(View) inside a test was not wrapped in act(...).
      
      When testing, code that causes React state updates should be wrapped into act(...):
      
      act(() => {
        /* fire events that update state */
      });
      /* assert on the output */
      
      This ensures that you're testing the behavior the user would see in the browser. Learn more at https://react.dev/link/wrap-tests-with-act

      at node_modules/react-reconciler/cjs/react-reconciler.development.js:16307:19
      at runWithFiberInDEV (node_modules/react-reconciler/cjs/react-reconciler.development.js:2508:13)
      at warnIfUpdatesNotWrappedWithActDEV (node_modules/react-reconciler/cjs/react-reconciler.development.js:16306:9)
      at scheduleUpdateOnFiber (node_modules/react-reconciler/cjs/react-reconciler.development.js:14070:11)
      at dispatchReducerAction (node_modules/react-reconciler/cjs/react-reconciler.development.js:6731:13)
      at Object.scheduleUpdate [as current] (node_modules/react-native/src/private/animated/createAnimatedPropsHook.js:131:20)
      at AnimatedProps._callback (node_modules/react-native/src/private/animated/createAnimatedPropsHook.js:71:36)
      at AnimatedProps._callback [as update] (node_modules/react-native/Libraries/Animated/nodes/AnimatedProps.js:237:10)
      at update (node_modules/react-native/Libraries/Animated/nodes/AnimatedValue.js:67:31)
          at Set.forEach (<anonymous>)
      at forEach (node_modules/react-native/Libraries/Animated/nodes/AnimatedValue.js:67:10)
      at AnimatedValue.flushValue [as _updateValue] (node_modules/react-native/Libraries/Animated/nodes/AnimatedValue.js:361:7)
      at TimingAnimation._updateValue [as _onUpdate] (node_modules/react-native/Libraries/Animated/nodes/AnimatedValue.js:325:14)
      at TimingAnimation._onUpdate [as onUpdate] (node_modules/react-native/Libraries/Animated/animations/TimingAnimation.js:157:10)
      at Timeout.callback [as _onTimeout] (node_modules/@react-native/jest-preset/jest/setup.js:61:31)

    console.error
      An update to Animated(View) inside a test was not wrapped in act(...).
      
      When testing, code that causes React state updates should be wrapped into act(...):
      
      act(() => {
        /* fire events that update state */
      });
      /* assert on the output */
      
      This ensures that you're testing the behavior the user would see in the browser. Learn more at https://react.dev/link/wrap-tests-with-act

      at node_modules/react-reconciler/cjs/react-reconciler.development.js:16307:19
      at runWithFiberInDEV (node_modules/react-reconciler/cjs/react-reconciler.development.js:2508:13)
      at warnIfUpdatesNotWrappedWithActDEV (node_modules/react-reconciler/cjs/react-reconciler.development.js:16306:9)
      at scheduleUpdateOnFiber (node_modules/react-reconciler/cjs/react-reconciler.development.js:14070:11)
      at dispatchReducerAction (node_modules/react-reconciler/cjs/react-reconciler.development.js:6731:13)
      at Object.scheduleUpdate [as current] (node_modules/react-native/src/private/animated/createAnimatedPropsHook.js:131:20)
      at AnimatedProps._callback (node_modules/react-native/src/private/animated/createAnimatedPropsHook.js:71:36)
      at AnimatedProps._callback [as update] (node_modules/react-native/Libraries/Animated/nodes/AnimatedProps.js:237:10)
      at update (node_modules/react-native/Libraries/Animated/nodes/AnimatedValue.js:67:31)
          at Set.forEach (<anonymous>)
      at forEach (node_modules/react-native/Libraries/Animated/nodes/AnimatedValue.js:67:10)
      at AnimatedValue.flushValue [as _updateValue] (node_modules/react-native/Libraries/Animated/nodes/AnimatedValue.js:361:7)
      at TimingAnimation._updateValue [as _onUpdate] (node_modules/react-native/Libraries/Animated/nodes/AnimatedValue.js:325:14)
      at TimingAnimation._onUpdate [as onUpdate] (node_modules/react-native/Libraries/Animated/animations/TimingAnimation.js:157:10)
      at onUpdate (node_modules/react-native/Libraries/Animated/animations/TimingAnimation.js:132:67)
      at Timeout.callback [as _onTimeout] (node_modules/@react-native/jest-preset/jest/setup.js:61:31)

    console.error
      An update to Animated(View) inside a test was not wrapped in act(...).
      
      When testing, code that causes React state updates should be wrapped into act(...):
      
      act(() => {
        /* fire events that update state */
      });
      /* assert on the output */
      
      This ensures that you're testing the behavior the user would see in the browser. Learn more at https://react.dev/link/wrap-tests-with-act

      at node_modules/react-reconciler/cjs/react-reconciler.development.js:16307:19
      at runWithFiberInDEV (node_modules/react-reconciler/cjs/react-reconciler.development.js:2508:13)
      at warnIfUpdatesNotWrappedWithActDEV (node_modules/react-reconciler/cjs/react-reconciler.development.js:16306:9)
      at scheduleUpdateOnFiber (node_modules/react-reconciler/cjs/react-reconciler.development.js:14070:11)
      at dispatchReducerAction (node_modules/react-reconciler/cjs/react-reconciler.development.js:6731:13)
      at Object.scheduleUpdate [as current] (node_modules/react-native/src/private/animated/createAnimatedPropsHook.js:131:20)
      at AnimatedProps._callback (node_modules/react-native/src/private/animated/createAnimatedPropsHook.js:71:36)
      at AnimatedProps._callback [as update] (node_modules/react-native/Libraries/Animated/nodes/AnimatedProps.js:237:10)
      at update (node_modules/react-native/Libraries/Animated/nodes/AnimatedValue.js:67:31)
          at Set.forEach (<anonymous>)
      at forEach (node_modules/react-native/Libraries/Animated/nodes/AnimatedValue.js:67:10)
      at AnimatedValue.flushValue [as _updateValue] (node_modules/react-native/Libraries/Animated/nodes/AnimatedValue.js:361:7)
      at TimingAnimation._updateValue [as _onUpdate] (node_modules/react-native/Libraries/Animated/nodes/AnimatedValue.js:325:14)
      at TimingAnimation._onUpdate [as onUpdate] (node_modules/react-native/Libraries/Animated/animations/TimingAnimation.js:157:10)
      at onUpdate (node_modules/react-native/Libraries/Animated/animations/TimingAnimation.js:132:67)
      at Timeout.callback [as _onTimeout] (node_modules/@react-native/jest-preset/jest/setup.js:61:31)

    console.error
      An update to Animated(View) inside a test was not wrapped in act(...).
      
      When testing, code that causes React state updates should be wrapped into act(...):
      
      act(() => {
        /* fire events that update state */
      });
      /* assert on the output */
      
      This ensures that you're testing the behavior the user would see in the browser. Learn more at https://react.dev/link/wrap-tests-with-act

      at node_modules/react-reconciler/cjs/react-reconciler.development.js:16307:19
      at runWithFiberInDEV (node_modules/react-reconciler/cjs/react-reconciler.development.js:2508:13)
      at warnIfUpdatesNotWrappedWithActDEV (node_modules/react-reconciler/cjs/react-reconciler.development.js:16306:9)
      at scheduleUpdateOnFiber (node_modules/react-reconciler/cjs/react-reconciler.development.js:14070:11)
      at dispatchReducerAction (node_modules/react-reconciler/cjs/react-reconciler.development.js:6731:13)
      at Object.scheduleUpdate [as current] (node_modules/react-native/src/private/animated/createAnimatedPropsHook.js:131:20)
      at AnimatedProps._callback (node_modules/react-native/src/private/animated/createAnimatedPropsHook.js:71:36)
      at AnimatedProps._callback [as update] (node_modules/react-native/Libraries/Animated/nodes/AnimatedProps.js:237:10)
      at update (node_modules/react-native/Libraries/Animated/nodes/AnimatedValue.js:67:31)
          at Set.forEach (<anonymous>)
      at forEach (node_modules/react-native/Libraries/Animated/nodes/AnimatedValue.js:67:10)
      at AnimatedValue.flushValue [as _updateValue] (node_modules/react-native/Libraries/Animated/nodes/AnimatedValue.js:361:7)
      at TimingAnimation._updateValue [as _onUpdate] (node_modules/react-native/Libraries/Animated/nodes/AnimatedValue.js:325:14)
      at TimingAnimation._onUpdate [as onUpdate] (node_modules/react-native/Libraries/Animated/animations/TimingAnimation.js:157:10)
      at onUpdate (node_modules/react-native/Libraries/Animated/animations/TimingAnimation.js:132:67)
      at Timeout.callback [as _onTimeout] (node_modules/@react-native/jest-preset/jest/setup.js:61:31)

    console.error
      An update to Animated(View) inside a test was not wrapped in act(...).
      
      When testing, code that causes React state updates should be wrapped into act(...):
      
      act(() => {
        /* fire events that update state */
      });
      /* assert on the output */
      
      This ensures that you're testing the behavior the user would see in the browser. Learn more at https://react.dev/link/wrap-tests-with-act

      at node_modules/react-reconciler/cjs/react-reconciler.development.js:16307:19
      at runWithFiberInDEV (node_modules/react-reconciler/cjs/react-reconciler.development.js:2508:13)
      at warnIfUpdatesNotWrappedWithActDEV (node_modules/react-reconciler/cjs/react-reconciler.development.js:16306:9)
      at scheduleUpdateOnFiber (node_modules/react-reconciler/cjs/react-reconciler.development.js:14070:11)
      at dispatchReducerAction (node_modules/react-reconciler/cjs/react-reconciler.development.js:6731:13)
      at Object.scheduleUpdate [as current] (node_modules/react-native/src/private/animated/createAnimatedPropsHook.js:131:20)
      at AnimatedProps._callback (node_modules/react-native/src/private/animated/createAnimatedPropsHook.js:71:36)
      at AnimatedProps._callback [as update] (node_modules/react-native/Libraries/Animated/nodes/AnimatedProps.js:237:10)
      at update (node_modules/react-native/Libraries/Animated/nodes/AnimatedValue.js:67:31)
          at Set.forEach (<anonymous>)
      at forEach (node_modules/react-native/Libraries/Animated/nodes/AnimatedValue.js:67:10)
      at AnimatedValue.flushValue [as _updateValue] (node_modules/react-native/Libraries/Animated/nodes/AnimatedValue.js:361:7)
      at TimingAnimation._updateValue [as _onUpdate] (node_modules/react-native/Libraries/Animated/nodes/AnimatedValue.js:325:14)
      at TimingAnimation._onUpdate [as onUpdate] (node_modules/react-native/Libraries/Animated/animations/TimingAnimation.js:157:10)
      at onUpdate (node_modules/react-native/Libraries/Animated/animations/TimingAnimation.js:132:67)
      at Timeout.callback [as _onTimeout] (node_modules/@react-native/jest-preset/jest/setup.js:61:31)

    console.error
      An update to Animated(View) inside a test was not wrapped in act(...).
      
      When testing, code that causes React state updates should be wrapped into act(...):
      
      act(() => {
        /* fire events that update state */
      });
      /* assert on the output */
      
      This ensures that you're testing the behavior the user would see in the browser. Learn more at https://react.dev/link/wrap-tests-with-act

      at node_modules/react-reconciler/cjs/react-reconciler.development.js:16307:19
      at runWithFiberInDEV (node_modules/react-reconciler/cjs/react-reconciler.development.js:2508:13)
      at warnIfUpdatesNotWrappedWithActDEV (node_modules/react-reconciler/cjs/react-reconciler.development.js:16306:9)
      at scheduleUpdateOnFiber (node_modules/react-reconciler/cjs/react-reconciler.development.js:14070:11)
      at dispatchReducerAction (node_modules/react-reconciler/cjs/react-reconciler.development.js:6731:13)
      at Object.scheduleUpdate [as current] (node_modules/react-native/src/private/animated/createAnimatedPropsHook.js:131:20)
      at AnimatedProps._callback (node_modules/react-native/src/private/animated/createAnimatedPropsHook.js:71:36)
      at AnimatedProps._callback [as update] (node_modules/react-native/Libraries/Animated/nodes/AnimatedProps.js:237:10)
      at update (node_modules/react-native/Libraries/Animated/nodes/AnimatedValue.js:67:31)
          at Set.forEach (<anonymous>)
      at forEach (node_modules/react-native/Libraries/Animated/nodes/AnimatedValue.js:67:10)
      at AnimatedValue.flushValue [as _updateValue] (node_modules/react-native/Libraries/Animated/nodes/AnimatedValue.js:361:7)
      at TimingAnimation._updateValue [as _onUpdate] (node_modules/react-native/Libraries/Animated/nodes/AnimatedValue.js:325:14)
      at TimingAnimation._onUpdate [as onUpdate] (node_modules/react-native/Libraries/Animated/animations/TimingAnimation.js:157:10)
      at onUpdate (node_modules/react-native/Libraries/Animated/animations/TimingAnimation.js:132:67)
      at Timeout.callback [as _onTimeout] (node_modules/@react-native/jest-preset/jest/setup.js:61:31)

    console.error
      An update to Animated(View) inside a test was not wrapped in act(...).
      
      When testing, code that causes React state updates should be wrapped into act(...):
      
      act(() => {
        /* fire events that update state */
      });
      /* assert on the output */
      
      This ensures that you're testing the behavior the user would see in the browser. Learn more at https://react.dev/link/wrap-tests-with-act

      at node_modules/react-reconciler/cjs/react-reconciler.development.js:16307:19
      at runWithFiberInDEV (node_modules/react-reconciler/cjs/react-reconciler.development.js:2508:13)
      at warnIfUpdatesNotWrappedWithActDEV (node_modules/react-reconciler/cjs/react-reconciler.development.js:16306:9)
      at scheduleUpdateOnFiber (node_modules/react-reconciler/cjs/react-reconciler.development.js:14070:11)
      at dispatchReducerAction (node_modules/react-reconciler/cjs/react-reconciler.development.js:6731:13)
      at Object.scheduleUpdate [as current] (node_modules/react-native/src/private/animated/createAnimatedPropsHook.js:131:20)
      at AnimatedProps._callback (node_modules/react-native/src/private/animated/createAnimatedPropsHook.js:71:36)
      at AnimatedProps._callback [as update] (node_modules/react-native/Libraries/Animated/nodes/AnimatedProps.js:237:10)
      at update (node_modules/react-native/Libraries/Animated/nodes/AnimatedValue.js:67:31)
          at Set.forEach (<anonymous>)
      at forEach (node_modules/react-native/Libraries/Animated/nodes/AnimatedValue.js:67:10)
      at AnimatedValue.flushValue [as _updateValue] (node_modules/react-native/Libraries/Animated/nodes/AnimatedValue.js:361:7)
      at TimingAnimation._updateValue [as _onUpdate] (node_modules/react-native/Libraries/Animated/nodes/AnimatedValue.js:325:14)
      at TimingAnimation._onUpdate [as onUpdate] (node_modules/react-native/Libraries/Animated/animations/TimingAnimation.js:157:10)
      at onUpdate (node_modules/react-native/Libraries/Animated/animations/TimingAnimation.js:132:67)
      at Timeout.callback [as _onTimeout] (node_modules/@react-native/jest-preset/jest/setup.js:61:31)

    console.error
      An update to Animated(View) inside a test was not wrapped in act(...).
      
      When testing, code that causes React state updates should be wrapped into act(...):
      
      act(() => {
        /* fire events that update state */
      });
      /* assert on the output */
      
      This ensures that you're testing the behavior the user would see in the browser. Learn more at https://react.dev/link/wrap-tests-with-act

      at node_modules/react-reconciler/cjs/react-reconciler.development.js:16307:19
      at runWithFiberInDEV (node_modules/react-reconciler/cjs/react-reconciler.development.js:2508:13)
      at warnIfUpdatesNotWrappedWithActDEV (node_modules/react-reconciler/cjs/react-reconciler.development.js:16306:9)
      at scheduleUpdateOnFiber (node_modules/react-reconciler/cjs/react-reconciler.development.js:14070:11)
      at dispatchReducerAction (node_modules/react-reconciler/cjs/react-reconciler.development.js:6731:13)
      at Object.scheduleUpdate [as current] (node_modules/react-native/src/private/animated/createAnimatedPropsHook.js:131:20)
      at AnimatedProps._callback (node_modules/react-native/src/private/animated/createAnimatedPropsHook.js:71:36)
      at AnimatedProps._callback [as update] (node_modules/react-native/Libraries/Animated/nodes/AnimatedProps.js:237:10)
      at update (node_modules/react-native/Libraries/Animated/nodes/AnimatedValue.js:67:31)
          at Set.forEach (<anonymous>)
      at forEach (node_modules/react-native/Libraries/Animated/nodes/AnimatedValue.js:67:10)
      at AnimatedValue.flushValue [as _updateValue] (node_modules/react-native/Libraries/Animated/nodes/AnimatedValue.js:361:7)
      at TimingAnimation._updateValue [as _onUpdate] (node_modules/react-native/Libraries/Animated/nodes/AnimatedValue.js:325:14)
      at TimingAnimation._onUpdate [as onUpdate] (node_modules/react-native/Libraries/Animated/animations/TimingAnimation.js:157:10)
      at onUpdate (node_modules/react-native/Libraries/Animated/animations/TimingAnimation.js:132:67)
      at Timeout.callback [as _onTimeout] (node_modules/@react-native/jest-preset/jest/setup.js:61:31)

    console.error
      An update to Animated(View) inside a test was not wrapped in act(...).
      
      When testing, code that causes React state updates should be wrapped into act(...):
      
      act(() => {
        /* fire events that update state */
      });
      /* assert on the output */
      
      This ensures that you're testing the behavior the user would see in the browser. Learn more at https://react.dev/link/wrap-tests-with-act

      at node_modules/react-reconciler/cjs/react-reconciler.development.js:16307:19
      at runWithFiberInDEV (node_modules/react-reconciler/cjs/react-reconciler.development.js:2508:13)
      at warnIfUpdatesNotWrappedWithActDEV (node_modules/react-reconciler/cjs/react-reconciler.development.js:16306:9)
      at scheduleUpdateOnFiber (node_modules/react-reconciler/cjs/react-reconciler.development.js:14070:11)
      at dispatchReducerAction (node_modules/react-reconciler/cjs/react-reconciler.development.js:6731:13)
      at Object.scheduleUpdate [as current] (node_modules/react-native/src/private/animated/createAnimatedPropsHook.js:131:20)
      at AnimatedProps._callback (node_modules/react-native/src/private/animated/createAnimatedPropsHook.js:71:36)
      at AnimatedProps._callback [as update] (node_modules/react-native/Libraries/Animated/nodes/AnimatedProps.js:237:10)
      at update (node_modules/react-native/Libraries/Animated/nodes/AnimatedValue.js:67:31)
          at Set.forEach (<anonymous>)
      at forEach (node_modules/react-native/Libraries/Animated/nodes/AnimatedValue.js:67:10)
      at AnimatedValue.flushValue [as _updateValue] (node_modules/react-native/Libraries/Animated/nodes/AnimatedValue.js:361:7)
      at TimingAnimation._updateValue [as _onUpdate] (node_modules/react-native/Libraries/Animated/nodes/AnimatedValue.js:325:14)
      at TimingAnimation._onUpdate [as onUpdate] (node_modules/react-native/Libraries/Animated/animations/TimingAnimation.js:157:10)
      at onUpdate (node_modules/react-native/Libraries/Animated/animations/TimingAnimation.js:132:67)
      at Timeout.callback [as _onTimeout] (node_modules/@react-native/jest-preset/jest/setup.js:61:31)

    console.error
      An update to Animated(View) inside a test was not wrapped in act(...).
      
      When testing, code that causes React state updates should be wrapped into act(...):
      
      act(() => {
        /* fire events that update state */
      });
      /* assert on the output */
      
      This ensures that you're testing the behavior the user would see in the browser. Learn more at https://react.dev/link/wrap-tests-with-act

      at node_modules/react-reconciler/cjs/react-reconciler.development.js:16307:19
      at runWithFiberInDEV (node_modules/react-reconciler/cjs/react-reconciler.development.js:2508:13)
      at warnIfUpdatesNotWrappedWithActDEV (node_modules/react-reconciler/cjs/react-reconciler.development.js:16306:9)
      at scheduleUpdateOnFiber (node_modules/react-reconciler/cjs/react-reconciler.development.js:14070:11)
      at dispatchReducerAction (node_modules/react-reconciler/cjs/react-reconciler.development.js:6731:13)
      at Object.scheduleUpdate [as current] (node_modules/react-native/src/private/animated/createAnimatedPropsHook.js:131:20)
      at AnimatedProps._callback (node_modules/react-native/src/private/animated/createAnimatedPropsHook.js:71:36)
      at AnimatedProps._callback [as update] (node_modules/react-native/Libraries/Animated/nodes/AnimatedProps.js:237:10)
      at update (node_modules/react-native/Libraries/Animated/nodes/AnimatedValue.js:67:31)
          at Set.forEach (<anonymous>)
      at forEach (node_modules/react-native/Libraries/Animated/nodes/AnimatedValue.js:67:10)
      at AnimatedValue.flushValue [as _updateValue] (node_modules/react-native/Libraries/Animated/nodes/AnimatedValue.js:361:7)
      at TimingAnimation._updateValue [as _onUpdate] (node_modules/react-native/Libraries/Animated/nodes/AnimatedValue.js:325:14)
      at TimingAnimation._onUpdate [as onUpdate] (node_modules/react-native/Libraries/Animated/animations/TimingAnimation.js:157:10)
      at onUpdate (node_modules/react-native/Libraries/Animated/animations/TimingAnimation.js:132:67)
      at Timeout.callback [as _onTimeout] (node_modules/@react-native/jest-preset/jest/setup.js:61:31)

    console.error
      An update to Animated(View) inside a test was not wrapped in act(...).
      
      When testing, code that causes React state updates should be wrapped into act(...):
      
      act(() => {
        /* fire events that update state */
      });
      /* assert on the output */
      
      This ensures that you're testing the behavior the user would see in the browser. Learn more at https://react.dev/link/wrap-tests-with-act

      at node_modules/react-reconciler/cjs/react-reconciler.development.js:16307:19
      at runWithFiberInDEV (node_modules/react-reconciler/cjs/react-reconciler.development.js:2508:13)
      at warnIfUpdatesNotWrappedWithActDEV (node_modules/react-reconciler/cjs/react-reconciler.development.js:16306:9)
      at scheduleUpdateOnFiber (node_modules/react-reconciler/cjs/react-reconciler.development.js:14070:11)
      at dispatchReducerAction (node_modules/react-reconciler/cjs/react-reconciler.development.js:6731:13)
      at Object.scheduleUpdate [as current] (node_modules/react-native/src/private/animated/createAnimatedPropsHook.js:131:20)
      at AnimatedProps._callback (node_modules/react-native/src/private/animated/createAnimatedPropsHook.js:71:36)
      at AnimatedProps._callback [as update] (node_modules/react-native/Libraries/Animated/nodes/AnimatedProps.js:237:10)
      at update (node_modules/react-native/Libraries/Animated/nodes/AnimatedValue.js:67:31)
          at Set.forEach (<anonymous>)
      at forEach (node_modules/react-native/Libraries/Animated/nodes/AnimatedValue.js:67:10)
      at AnimatedValue.flushValue [as _updateValue] (node_modules/react-native/Libraries/Animated/nodes/AnimatedValue.js:361:7)
      at TimingAnimation._updateValue [as _onUpdate] (node_modules/react-native/Libraries/Animated/nodes/AnimatedValue.js:325:14)
      at TimingAnimation._onUpdate [as onUpdate] (node_modules/react-native/Libraries/Animated/animations/TimingAnimation.js:157:10)
      at onUpdate (node_modules/react-native/Libraries/Animated/animations/TimingAnimation.js:132:67)
      at Timeout.callback [as _onTimeout] (node_modules/@react-native/jest-preset/jest/setup.js:61:31)

PASS src/__tests__/paymentsConnectPackages.test.ts
PASS src/__tests__/deliverablesScreen.test.tsx
PASS src/lib/roman/__tests__/copy.test.ts
PASS src/__tests__/purchaseUnpackScreen.test.tsx
PASS src/__tests__/syncEngine.test.ts
  ● Console

    console.warn
      [SyncEngine] push failed for record muackagab71cd25a Error: Network Error
          at Object.<anonymous> (/home/user/workspace/worktrees/s6/src/__tests__/syncEngine.test.ts:387:36)
          at Generator.next (<anonymous>)
          at asyncGeneratorStep (/home/user/workspace/worktrees/s6/node_modules/@babel/runtime/helpers/asyncToGenerator.js:3:17)
          at _next (/home/user/workspace/worktrees/s6/node_modules/@babel/runtime/helpers/asyncToGenerator.js:17:9)
          at /home/user/workspace/worktrees/s6/node_modules/@babel/runtime/helpers/asyncToGenerator.js:22:7
          at new Promise (<anonymous>)
          at Object.<anonymous> (/home/user/workspace/worktrees/s6/node_modules/@babel/runtime/helpers/asyncToGenerator.js:14:12)
          at Promise.then.completed (/home/user/workspace/worktrees/s6/node_modules/jest-circus/build/utils.js:298:28)
          at new Promise (<anonymous>)
          at callAsyncCircusFn (/home/user/workspace/worktrees/s6/node_modules/jest-circus/build/utils.js:231:10)
          at _callCircusTest (/home/user/workspace/worktrees/s6/node_modules/jest-circus/build/run.js:316:40)
          at _runTest (/home/user/workspace/worktrees/s6/node_modules/jest-circus/build/run.js:252:3)
          at _runTestsForDescribeBlock (/home/user/workspace/worktrees/s6/node_modules/jest-circus/build/run.js:126:9)
          at _runTestsForDescribeBlock (/home/user/workspace/worktrees/s6/node_modules/jest-circus/build/run.js:121:9)
          at run (/home/user/workspace/worktrees/s6/node_modules/jest-circus/build/run.js:71:3)
          at runAndTransformResultsToJestFormat (/home/user/workspace/worktrees/s6/node_modules/jest-circus/build/legacy-code-todo-rewrite/jestAdapterInit.js:122:21)
          at jestAdapter (/home/user/workspace/worktrees/s6/node_modules/jest-circus/build/legacy-code-todo-rewrite/jestAdapter.js:79:19)
          at runTestInternal (/home/user/workspace/worktrees/s6/node_modules/jest-runner/build/runTest.js:367:16)
          at runTest (/home/user/workspace/worktrees/s6/node_modules/jest-runner/build/runTest.js:444:34)

    [0m [90m 297 |[39m       [90m// transient errors (401/5xx/network): leave `pending` for the next cycle.[39m
     [90m 298 |[39m       [36mif[39m (__DEV__) {
    [31m[1m>[22m[39m[90m 299 |[39m         console[33m.[39mwarn([32m'[SyncEngine] push failed for record'[39m[33m,[39m log[33m.[39mid[33m,[39m err)[33m;[39m
     [90m     |[39m                 [31m[1m^[22m[39m
     [90m 300 |[39m       }
     [90m 301 |[39m     }
     [90m 302 |[39m   }[0m

      at warn (src/offline/sync/sync-engine.ts:299:17)
          at Generator.throw (<anonymous>)
      at asyncGeneratorStep (node_modules/@babel/runtime/helpers/asyncToGenerator.js:3:17)
      at _throw (node_modules/@babel/runtime/helpers/asyncToGenerator.js:20:9)

    console.warn
      [SyncEngine] push failed for record muackagc1a71ee7d Error: Conflict
          at Object.<anonymous> (/home/user/workspace/worktrees/s6/src/__tests__/syncEngine.test.ts:401:39)
          at Generator.next (<anonymous>)
          at asyncGeneratorStep (/home/user/workspace/worktrees/s6/node_modules/@babel/runtime/helpers/asyncToGenerator.js:3:17)
          at _next (/home/user/workspace/worktrees/s6/node_modules/@babel/runtime/helpers/asyncToGenerator.js:17:9)
          at /home/user/workspace/worktrees/s6/node_modules/@babel/runtime/helpers/asyncToGenerator.js:22:7
          at new Promise (<anonymous>)
          at Object.<anonymous> (/home/user/workspace/worktrees/s6/node_modules/@babel/runtime/helpers/asyncToGenerator.js:14:12)
          at Promise.then.completed (/home/user/workspace/worktrees/s6/node_modules/jest-circus/build/utils.js:298:28)
          at new Promise (<anonymous>)
          at callAsyncCircusFn (/home/user/workspace/worktrees/s6/node_modules/jest-circus/build/utils.js:231:10)
          at _callCircusTest (/home/user/workspace/worktrees/s6/node_modules/jest-circus/build/run.js:316:40)
          at _runTest (/home/user/workspace/worktrees/s6/node_modules/jest-circus/build/run.js:252:3)
          at _runTestsForDescribeBlock (/home/user/workspace/worktrees/s6/node_modules/jest-circus/build/run.js:126:9)
          at _runTestsForDescribeBlock (/home/user/workspace/worktrees/s6/node_modules/jest-circus/build/run.js:121:9)
          at run (/home/user/workspace/worktrees/s6/node_modules/jest-circus/build/run.js:71:3)
          at runAndTransformResultsToJestFormat (/home/user/workspace/worktrees/s6/node_modules/jest-circus/build/legacy-code-todo-rewrite/jestAdapterInit.js:122:21)
          at jestAdapter (/home/user/workspace/worktrees/s6/node_modules/jest-circus/build/legacy-code-todo-rewrite/jestAdapter.js:79:19)
          at runTestInternal (/home/user/workspace/worktrees/s6/node_modules/jest-runner/build/runTest.js:367:16)
          at runTest (/home/user/workspace/worktrees/s6/node_modules/jest-runner/build/runTest.js:444:34) {
        response: { status: 409 }
      }

    [0m [90m 297 |[39m       [90m// transient errors (401/5xx/network): leave `pending` for the next cycle.[39m
     [90m 298 |[39m       [36mif[39m (__DEV__) {
    [31m[1m>[22m[39m[90m 299 |[39m         console[33m.[39mwarn([32m'[SyncEngine] push failed for record'[39m[33m,[39m log[33m.[39mid[33m,[39m err)[33m;[39m
     [90m     |[39m                 [31m[1m^[22m[39m
     [90m 300 |[39m       }
     [90m 301 |[39m     }
     [90m 302 |[39m   }[0m

      at warn (src/offline/sync/sync-engine.ts:299:17)
      at asyncGeneratorStep (node_modules/@babel/runtime/helpers/asyncToGenerator.js:3:17)
      at _next (node_modules/@babel/runtime/helpers/asyncToGenerator.js:17:9)

    console.warn
      [SyncEngine] push dead-lettered (permanent 4xx) muackagebec70ca5 400

    [0m [90m 288 |[39m         deadLettered[33m++[39m[33m;[39m
     [90m 289 |[39m         [36mif[39m (__DEV__) {
    [31m[1m>[22m[39m[90m 290 |[39m           console[33m.[39mwarn(
     [90m     |[39m                   [31m[1m^[22m[39m
     [90m 291 |[39m             [32m'[SyncEngine] push dead-lettered (permanent 4xx)'[39m[33m,[39m
     [90m 292 |[39m             log[33m.[39mid[33m,[39m
     [90m 293 |[39m             (err [36mas[39m { response[33m?[39m[33m:[39m { status[33m?[39m[33m:[39m number } })[33m?[39m[33m.[39mresponse[33m?[39m[33m.[39mstatus[33m,[39m[0m

      at warn (src/offline/sync/sync-engine.ts:290:19)
      at asyncGeneratorStep (node_modules/@babel/runtime/helpers/asyncToGenerator.js:3:17)
      at _next (node_modules/@babel/runtime/helpers/asyncToGenerator.js:17:9)

    console.warn
      [SyncEngine] push failed for record muackagebec70ca5 Error: Bad payload
          at Object.<anonymous> (/home/user/workspace/worktrees/s6/src/__tests__/syncEngine.test.ts:426:34)
          at Generator.next (<anonymous>)
          at asyncGeneratorStep (/home/user/workspace/worktrees/s6/node_modules/@babel/runtime/helpers/asyncToGenerator.js:3:17)
          at _next (/home/user/workspace/worktrees/s6/node_modules/@babel/runtime/helpers/asyncToGenerator.js:17:9)
          at /home/user/workspace/worktrees/s6/node_modules/@babel/runtime/helpers/asyncToGenerator.js:22:7
          at new Promise (<anonymous>)
          at Object.<anonymous> (/home/user/workspace/worktrees/s6/node_modules/@babel/runtime/helpers/asyncToGenerator.js:14:12)
          at Promise.then.completed (/home/user/workspace/worktrees/s6/node_modules/jest-circus/build/utils.js:298:28)
          at new Promise (<anonymous>)
          at callAsyncCircusFn (/home/user/workspace/worktrees/s6/node_modules/jest-circus/build/utils.js:231:10)
          at _callCircusTest (/home/user/workspace/worktrees/s6/node_modules/jest-circus/build/run.js:316:40)
          at _runTest (/home/user/workspace/worktrees/s6/node_modules/jest-circus/build/run.js:252:3)
          at _runTestsForDescribeBlock (/home/user/workspace/worktrees/s6/node_modules/jest-circus/build/run.js:126:9)
          at _runTestsForDescribeBlock (/home/user/workspace/worktrees/s6/node_modules/jest-circus/build/run.js:121:9)
          at run (/home/user/workspace/worktrees/s6/node_modules/jest-circus/build/run.js:71:3)
          at runAndTransformResultsToJestFormat (/home/user/workspace/worktrees/s6/node_modules/jest-circus/build/legacy-code-todo-rewrite/jestAdapterInit.js:122:21)
          at jestAdapter (/home/user/workspace/worktrees/s6/node_modules/jest-circus/build/legacy-code-todo-rewrite/jestAdapter.js:79:19)
          at runTestInternal (/home/user/workspace/worktrees/s6/node_modules/jest-runner/build/runTest.js:367:16)
          at runTest (/home/user/workspace/worktrees/s6/node_modules/jest-runner/build/runTest.js:444:34) {
        response: { status: 400 }
      }

    [0m [90m 297 |[39m       [90m// transient errors (401/5xx/network): leave `pending` for the next cycle.[39m
     [90m 298 |[39m       [36mif[39m (__DEV__) {
    [31m[1m>[22m[39m[90m 299 |[39m         console[33m.[39mwarn([32m'[SyncEngine] push failed for record'[39m[33m,[39m log[33m.[39mid[33m,[39m err)[33m;[39m
     [90m     |[39m                 [31m[1m^[22m[39m
     [90m 300 |[39m       }
     [90m 301 |[39m     }
     [90m 302 |[39m   }[0m

      at warn (src/offline/sync/sync-engine.ts:299:17)
      at asyncGeneratorStep (node_modules/@babel/runtime/helpers/asyncToGenerator.js:3:17)
      at _next (node_modules/@babel/runtime/helpers/asyncToGenerator.js:17:9)

    console.warn
      [SyncEngine] push dead-lettered (permanent 4xx) muackagec17ce748 400

    [0m [90m 288 |[39m         deadLettered[33m++[39m[33m;[39m
     [90m 289 |[39m         [36mif[39m (__DEV__) {
    [31m[1m>[22m[39m[90m 290 |[39m           console[33m.[39mwarn(
     [90m     |[39m                   [31m[1m^[22m[39m
     [90m 291 |[39m             [32m'[SyncEngine] push dead-lettered (permanent 4xx)'[39m[33m,[39m
     [90m 292 |[39m             log[33m.[39mid[33m,[39m
     [90m 293 |[39m             (err [36mas[39m { response[33m?[39m[33m:[39m { status[33m?[39m[33m:[39m number } })[33m?[39m[33m.[39mresponse[33m?[39m[33m.[39mstatus[33m,[39m[0m

      at warn (src/offline/sync/sync-engine.ts:290:19)
      at asyncGeneratorStep (node_modules/@babel/runtime/helpers/asyncToGenerator.js:3:17)
      at _next (node_modules/@babel/runtime/helpers/asyncToGenerator.js:17:9)

    console.warn
      [SyncEngine] push failed for record muackagec17ce748 Error: Bad payload
          at Object.<anonymous> (/home/user/workspace/worktrees/s6/src/__tests__/syncEngine.test.ts:426:34)
          at Generator.next (<anonymous>)
          at asyncGeneratorStep (/home/user/workspace/worktrees/s6/node_modules/@babel/runtime/helpers/asyncToGenerator.js:3:17)
          at _next (/home/user/workspace/worktrees/s6/node_modules/@babel/runtime/helpers/asyncToGenerator.js:17:9)
          at /home/user/workspace/worktrees/s6/node_modules/@babel/runtime/helpers/asyncToGenerator.js:22:7
          at new Promise (<anonymous>)
          at Object.<anonymous> (/home/user/workspace/worktrees/s6/node_modules/@babel/runtime/helpers/asyncToGenerator.js:14:12)
          at Promise.then.completed (/home/user/workspace/worktrees/s6/node_modules/jest-circus/build/utils.js:298:28)
          at new Promise (<anonymous>)
          at callAsyncCircusFn (/home/user/workspace/worktrees/s6/node_modules/jest-circus/build/utils.js:231:10)
          at _callCircusTest (/home/user/workspace/worktrees/s6/node_modules/jest-circus/build/run.js:316:40)
          at _runTest (/home/user/workspace/worktrees/s6/node_modules/jest-circus/build/run.js:252:3)
          at _runTestsForDescribeBlock (/home/user/workspace/worktrees/s6/node_modules/jest-circus/build/run.js:126:9)
          at _runTestsForDescribeBlock (/home/user/workspace/worktrees/s6/node_modules/jest-circus/build/run.js:121:9)
          at run (/home/user/workspace/worktrees/s6/node_modules/jest-circus/build/run.js:71:3)
          at runAndTransformResultsToJestFormat (/home/user/workspace/worktrees/s6/node_modules/jest-circus/build/legacy-code-todo-rewrite/jestAdapterInit.js:122:21)
          at jestAdapter (/home/user/workspace/worktrees/s6/node_modules/jest-circus/build/legacy-code-todo-rewrite/jestAdapter.js:79:19)
          at runTestInternal (/home/user/workspace/worktrees/s6/node_modules/jest-runner/build/runTest.js:367:16)
          at runTest (/home/user/workspace/worktrees/s6/node_modules/jest-runner/build/runTest.js:444:34) {
        response: { status: 400 }
      }

    [0m [90m 297 |[39m       [90m// transient errors (401/5xx/network): leave `pending` for the next cycle.[39m
     [90m 298 |[39m       [36mif[39m (__DEV__) {
    [31m[1m>[22m[39m[90m 299 |[39m         console[33m.[39mwarn([32m'[SyncEngine] push failed for record'[39m[33m,[39m log[33m.[39mid[33m,[39m err)[33m;[39m
     [90m     |[39m                 [31m[1m^[22m[39m
     [90m 300 |[39m       }
     [90m 301 |[39m     }
     [90m 302 |[39m   }[0m

      at warn (src/offline/sync/sync-engine.ts:299:17)
      at asyncGeneratorStep (node_modules/@babel/runtime/helpers/asyncToGenerator.js:3:17)
      at _next (node_modules/@babel/runtime/helpers/asyncToGenerator.js:17:9)

    console.warn
      [SyncEngine] push failed for record muackagf6500d402 Error: SU
          at Object.<anonymous> (/home/user/workspace/worktrees/s6/src/__tests__/syncEngine.test.ts:451:32)
          at Generator.next (<anonymous>)
          at asyncGeneratorStep (/home/user/workspace/worktrees/s6/node_modules/@babel/runtime/helpers/asyncToGenerator.js:3:17)
          at _next (/home/user/workspace/worktrees/s6/node_modules/@babel/runtime/helpers/asyncToGenerator.js:17:9)
          at /home/user/workspace/worktrees/s6/node_modules/@babel/runtime/helpers/asyncToGenerator.js:22:7
          at new Promise (<anonymous>)
          at Object.<anonymous> (/home/user/workspace/worktrees/s6/node_modules/@babel/runtime/helpers/asyncToGenerator.js:14:12)
          at Promise.then.completed (/home/user/workspace/worktrees/s6/node_modules/jest-circus/build/utils.js:298:28)
          at new Promise (<anonymous>)
          at callAsyncCircusFn (/home/user/workspace/worktrees/s6/node_modules/jest-circus/build/utils.js:231:10)
          at _callCircusTest (/home/user/workspace/worktrees/s6/node_modules/jest-circus/build/run.js:316:40)
          at _runTest (/home/user/workspace/worktrees/s6/node_modules/jest-circus/build/run.js:252:3)
          at _runTestsForDescribeBlock (/home/user/workspace/worktrees/s6/node_modules/jest-circus/build/run.js:126:9)
          at _runTestsForDescribeBlock (/home/user/workspace/worktrees/s6/node_modules/jest-circus/build/run.js:121:9)
          at run (/home/user/workspace/worktrees/s6/node_modules/jest-circus/build/run.js:71:3)
          at runAndTransformResultsToJestFormat (/home/user/workspace/worktrees/s6/node_modules/jest-circus/build/legacy-code-todo-rewrite/jestAdapterInit.js:122:21)
          at jestAdapter (/home/user/workspace/worktrees/s6/node_modules/jest-circus/build/legacy-code-todo-rewrite/jestAdapter.js:79:19)
          at runTestInternal (/home/user/workspace/worktrees/s6/node_modules/jest-runner/build/runTest.js:367:16)
          at runTest (/home/user/workspace/worktrees/s6/node_modules/jest-runner/build/runTest.js:444:34) {
        response: { status: 503 }
      }

    [0m [90m 297 |[39m       [90m// transient errors (401/5xx/network): leave `pending` for the next cycle.[39m
     [90m 298 |[39m       [36mif[39m (__DEV__) {
    [31m[1m>[22m[39m[90m 299 |[39m         console[33m.[39mwarn([32m'[SyncEngine] push failed for record'[39m[33m,[39m log[33m.[39mid[33m,[39m err)[33m;[39m
     [90m     |[39m                 [31m[1m^[22m[39m
     [90m 300 |[39m       }
     [90m 301 |[39m     }
     [90m 302 |[39m   }[0m

      at warn (src/offline/sync/sync-engine.ts:299:17)
          at Generator.throw (<anonymous>)
      at asyncGeneratorStep (node_modules/@babel/runtime/helpers/asyncToGenerator.js:3:17)
      at _throw (node_modules/@babel/runtime/helpers/asyncToGenerator.js:20:9)

PASS src/screens/community/__tests__/communityEventsScreens.test.tsx
PASS src/__tests__/coachTeamP0Blockers.test.tsx
PASS src/screens/client/__tests__/ActiveWorkoutScreen.persistence.test.tsx
PASS scripts/__tests__/validateAppConfig.test.js
PASS src/api/__tests__/paymentsApi.test.ts
PASS src/api/coachCommunityApi.test.ts
PASS src/hooks/__tests__/useReconstructCounts.test.tsx
  ● Console

    console.error
      An update to HookContainer inside a test was not wrapped in act(...).
      
      When testing, code that causes React state updates should be wrapped into act(...):
      
      act(() => {
        /* fire events that update state */
      });
      /* assert on the output */
      
      This ensures that you're testing the behavior the user would see in the browser. Learn more at https://react.dev/link/wrap-tests-with-act

      at node_modules/react-reconciler/cjs/react-reconciler.development.js:16307:19
      at runWithFiberInDEV (node_modules/react-reconciler/cjs/react-reconciler.development.js:2508:13)
      at warnIfUpdatesNotWrappedWithActDEV (node_modules/react-reconciler/cjs/react-reconciler.development.js:16306:9)
      at scheduleUpdateOnFiber (node_modules/react-reconciler/cjs/react-reconciler.development.js:14070:11)
      at forceStoreRerender (node_modules/react-reconciler/cjs/react-reconciler.development.js:5935:24)
      at node_modules/react-reconciler/cjs/react-reconciler.development.js:5920:11
      at node_modules/@tanstack/query-core/src/notifyManager.ts:73:11
      at notifyFn (node_modules/@tanstack/query-core/src/notifyManager.ts:21:5)
      at node_modules/@tanstack/query-core/src/notifyManager.ts:44:13
          at Array.forEach (<anonymous>)
      at node_modules/@tanstack/query-core/src/notifyManager.ts:43:25
      at batchNotifyFn (node_modules/@tanstack/query-core/src/notifyManager.ts:24:5)
      at Timeout._onTimeout (node_modules/@tanstack/query-core/src/notifyManager.ts:42:9)

    console.error
      An update to HookContainer inside a test was not wrapped in act(...).
      
      When testing, code that causes React state updates should be wrapped into act(...):
      
      act(() => {
        /* fire events that update state */
      });
      /* assert on the output */
      
      This ensures that you're testing the behavior the user would see in the browser. Learn more at https://react.dev/link/wrap-tests-with-act

      at node_modules/react-reconciler/cjs/react-reconciler.development.js:16307:19
      at runWithFiberInDEV (node_modules/react-reconciler/cjs/react-reconciler.development.js:2508:13)
      at warnIfUpdatesNotWrappedWithActDEV (node_modules/react-reconciler/cjs/react-reconciler.development.js:16306:9)
      at scheduleUpdateOnFiber (node_modules/react-reconciler/cjs/react-reconciler.development.js:14070:11)
      at forceStoreRerender (node_modules/react-reconciler/cjs/react-reconciler.development.js:5935:24)
      at node_modules/react-reconciler/cjs/react-reconciler.development.js:5920:11
      at node_modules/@tanstack/query-core/src/notifyManager.ts:73:11
      at notifyFn (node_modules/@tanstack/query-core/src/notifyManager.ts:21:5)
      at node_modules/@tanstack/query-core/src/notifyManager.ts:44:13
          at Array.forEach (<anonymous>)
      at node_modules/@tanstack/query-core/src/notifyManager.ts:43:25
      at batchNotifyFn (node_modules/@tanstack/query-core/src/notifyManager.ts:24:5)
      at Timeout._onTimeout (node_modules/@tanstack/query-core/src/notifyManager.ts:42:9)

PASS src/__tests__/invitesApi.test.ts
PASS src/components/roman/__tests__/romanP3Surfaces.test.tsx
PASS src/screens/day-one/__tests__/day1OnboardingScreens.test.tsx
  ● Console

    console.warn
      SafeAreaView has been deprecated and will be removed in a future release. Please use 'react-native-safe-area-context' instead. See https://github.com/AppAndFlow/react-native-safe-area-context

    [0m [90m 77 |[39m
     [90m 78 |[39m   [36mreturn[39m (
    [31m[1m>[22m[39m[90m 79 |[39m     [33m<[39m[33mSafeAreaView[39m style[33m=[39m{styles[33m.[39mcontainer} testID[33m=[39m[32m"day-one-welcome"[39m[33m>[39m
     [90m    |[39m      [31m[1m^[22m[39m
     [90m 80 |[39m       [33m<[39m[33mStepHeader[39m step[33m=[39m{[35m1[39m} [33m/[39m[33m>[39m
     [90m 81 |[39m       [33m<[39m[33mView[39m style[33m=[39m{styles[33m.[39minner}[33m>[39m
     [90m 82 |[39m         [33m<[39m[33mAnimated[39m[33m.[39m[33mView[39m[0m

      at warn (node_modules/react-native/Libraries/Utilities/warnOnce.js:27:11)
      at Object.warnOnce [as SafeAreaView] (node_modules/react-native/index.js:101:5)
      at SafeAreaView (src/screens/day-one/WelcomeScreen.tsx:79:6)
      at Object.react_stack_bottom_frame (node_modules/react-reconciler/cjs/react-reconciler.development.js:17596:20)
      at renderWithHooks (node_modules/react-reconciler/cjs/react-reconciler.development.js:5335:22)
      at updateFunctionComponent (node_modules/react-reconciler/cjs/react-reconciler.development.js:7720:19)
      at beginWork (node_modules/react-reconciler/cjs/react-reconciler.development.js:9277:18)
      at runWithFiberInDEV (node_modules/react-reconciler/cjs/react-reconciler.development.js:2508:13)
      at performUnitOfWork (node_modules/react-reconciler/cjs/react-reconciler.development.js:15273:22)
      at workLoopSync (node_modules/react-reconciler/cjs/react-reconciler.development.js:15099:41)
      at renderRootSync (node_modules/react-reconciler/cjs/react-reconciler.development.js:15080:11)
      at performWorkOnRoot (node_modules/react-reconciler/cjs/react-reconciler.development.js:14165:11)
      at performWorkOnRootViaSchedulerTask (node_modules/react-reconciler/cjs/react-reconciler.development.js:3335:7)
      at flushActQueue (node_modules/react/cjs/react.development.js:590:34)
      at node_modules/react/cjs/react.development.js:847:21

    console.error
      An update to Animated(View) inside a test was not wrapped in act(...).
      
      When testing, code that causes React state updates should be wrapped into act(...):
      
      act(() => {
        /* fire events that update state */
      });
      /* assert on the output */
      
      This ensures that you're testing the behavior the user would see in the browser. Learn more at https://react.dev/link/wrap-tests-with-act

      at node_modules/react-reconciler/cjs/react-reconciler.development.js:16307:19
      at runWithFiberInDEV (node_modules/react-reconciler/cjs/react-reconciler.development.js:2508:13)
      at warnIfUpdatesNotWrappedWithActDEV (node_modules/react-reconciler/cjs/react-reconciler.development.js:16306:9)
      at scheduleUpdateOnFiber (node_modules/react-reconciler/cjs/react-reconciler.development.js:14070:11)
      at dispatchReducerAction (node_modules/react-reconciler/cjs/react-reconciler.development.js:6731:13)
      at Object.scheduleUpdate [as current] (node_modules/react-native/src/private/animated/createAnimatedPropsHook.js:131:20)
      at AnimatedProps._callback (node_modules/react-native/src/private/animated/createAnimatedPropsHook.js:71:36)
      at AnimatedProps._callback [as update] (node_modules/react-native/Libraries/Animated/nodes/AnimatedProps.js:237:10)
      at update (node_modules/react-native/Libraries/Animated/nodes/AnimatedValue.js:67:31)
          at Set.forEach (<anonymous>)
      at forEach (node_modules/react-native/Libraries/Animated/nodes/AnimatedValue.js:67:10)
      at AnimatedValue.flushValue [as _updateValue] (node_modules/react-native/Libraries/Animated/nodes/AnimatedValue.js:361:7)
      at TimingAnimation._updateValue [as _onUpdate] (node_modules/react-native/Libraries/Animated/nodes/AnimatedValue.js:325:14)
      at TimingAnimation._onUpdate [as onUpdate] (node_modules/react-native/Libraries/Animated/animations/TimingAnimation.js:157:10)
      at Timeout.callback [as _onTimeout] (node_modules/@react-native/jest-preset/jest/setup.js:61:31)

    console.error
      An update to Animated(View) inside a test was not wrapped in act(...).
      
      When testing, code that causes React state updates should be wrapped into act(...):
      
      act(() => {
        /* fire events that update state */
      });
      /* assert on the output */
      
      This ensures that you're testing the behavior the user would see in the browser. Learn more at https://react.dev/link/wrap-tests-with-act

      at node_modules/react-reconciler/cjs/react-reconciler.development.js:16307:19
      at runWithFiberInDEV (node_modules/react-reconciler/cjs/react-reconciler.development.js:2508:13)
      at warnIfUpdatesNotWrappedWithActDEV (node_modules/react-reconciler/cjs/react-reconciler.development.js:16306:9)
      at scheduleUpdateOnFiber (node_modules/react-reconciler/cjs/react-reconciler.development.js:14070:11)
      at dispatchReducerAction (node_modules/react-reconciler/cjs/react-reconciler.development.js:6731:13)
      at Object.scheduleUpdate [as current] (node_modules/react-native/src/private/animated/createAnimatedPropsHook.js:131:20)
      at AnimatedProps._callback (node_modules/react-native/src/private/animated/createAnimatedPropsHook.js:71:36)
      at AnimatedProps._callback [as update] (node_modules/react-native/Libraries/Animated/nodes/AnimatedProps.js:237:10)
      at update (node_modules/react-native/Libraries/Animated/nodes/AnimatedValue.js:67:31)
          at Set.forEach (<anonymous>)
      at forEach (node_modules/react-native/Libraries/Animated/nodes/AnimatedValue.js:67:10)
      at AnimatedValue.flushValue [as _updateValue] (node_modules/react-native/Libraries/Animated/nodes/AnimatedValue.js:361:7)
      at TimingAnimation._updateValue [as _onUpdate] (node_modules/react-native/Libraries/Animated/nodes/AnimatedValue.js:325:14)
      at TimingAnimation._onUpdate [as onUpdate] (node_modules/react-native/Libraries/Animated/animations/TimingAnimation.js:157:10)
      at onUpdate (node_modules/react-native/Libraries/Animated/animations/TimingAnimation.js:132:67)
      at Timeout.callback [as _onTimeout] (node_modules/@react-native/jest-preset/jest/setup.js:61:31)

    console.error
      An update to Animated(View) inside a test was not wrapped in act(...).
      
      When testing, code that causes React state updates should be wrapped into act(...):
      
      act(() => {
        /* fire events that update state */
      });
      /* assert on the output */
      
      This ensures that you're testing the behavior the user would see in the browser. Learn more at https://react.dev/link/wrap-tests-with-act

      at node_modules/react-reconciler/cjs/react-reconciler.development.js:16307:19
      at runWithFiberInDEV (node_modules/react-reconciler/cjs/react-reconciler.development.js:2508:13)
      at warnIfUpdatesNotWrappedWithActDEV (node_modules/react-reconciler/cjs/react-reconciler.development.js:16306:9)
      at scheduleUpdateOnFiber (node_modules/react-reconciler/cjs/react-reconciler.development.js:14070:11)
      at dispatchReducerAction (node_modules/react-reconciler/cjs/react-reconciler.development.js:6731:13)
      at Object.scheduleUpdate [as current] (node_modules/react-native/src/private/animated/createAnimatedPropsHook.js:131:20)
      at AnimatedProps._callback (node_modules/react-native/src/private/animated/createAnimatedPropsHook.js:71:36)
      at AnimatedProps._callback [as update] (node_modules/react-native/Libraries/Animated/nodes/AnimatedProps.js:237:10)
      at update (node_modules/react-native/Libraries/Animated/nodes/AnimatedValue.js:67:31)
          at Set.forEach (<anonymous>)
      at forEach (node_modules/react-native/Libraries/Animated/nodes/AnimatedValue.js:67:10)
      at AnimatedValue.flushValue [as _updateValue] (node_modules/react-native/Libraries/Animated/nodes/AnimatedValue.js:361:7)
      at TimingAnimation._updateValue [as _onUpdate] (node_modules/react-native/Libraries/Animated/nodes/AnimatedValue.js:325:14)
      at TimingAnimation._onUpdate [as onUpdate] (node_modules/react-native/Libraries/Animated/animations/TimingAnimation.js:157:10)
      at onUpdate (node_modules/react-native/Libraries/Animated/animations/TimingAnimation.js:132:67)
      at Timeout.callback [as _onTimeout] (node_modules/@react-native/jest-preset/jest/setup.js:61:31)

    console.error
      An update to Animated(View) inside a test was not wrapped in act(...).
      
      When testing, code that causes React state updates should be wrapped into act(...):
      
      act(() => {
        /* fire events that update state */
      });
      /* assert on the output */
      
      This ensures that you're testing the behavior the user would see in the browser. Learn more at https://react.dev/link/wrap-tests-with-act

      at node_modules/react-reconciler/cjs/react-reconciler.development.js:16307:19
      at runWithFiberInDEV (node_modules/react-reconciler/cjs/react-reconciler.development.js:2508:13)
      at warnIfUpdatesNotWrappedWithActDEV (node_modules/react-reconciler/cjs/react-reconciler.development.js:16306:9)
      at scheduleUpdateOnFiber (node_modules/react-reconciler/cjs/react-reconciler.development.js:14070:11)
      at dispatchReducerAction (node_modules/react-reconciler/cjs/react-reconciler.development.js:6731:13)
      at Object.scheduleUpdate [as current] (node_modules/react-native/src/private/animated/createAnimatedPropsHook.js:131:20)
      at AnimatedProps._callback (node_modules/react-native/src/private/animated/createAnimatedPropsHook.js:71:36)
      at AnimatedProps._callback [as update] (node_modules/react-native/Libraries/Animated/nodes/AnimatedProps.js:237:10)
      at update (node_modules/react-native/Libraries/Animated/nodes/AnimatedValue.js:67:31)
          at Set.forEach (<anonymous>)
      at forEach (node_modules/react-native/Libraries/Animated/nodes/AnimatedValue.js:67:10)
      at AnimatedValue.flushValue [as _updateValue] (node_modules/react-native/Libraries/Animated/nodes/AnimatedValue.js:361:7)
      at TimingAnimation._updateValue [as _onUpdate] (node_modules/react-native/Libraries/Animated/nodes/AnimatedValue.js:325:14)
      at TimingAnimation._onUpdate [as onUpdate] (node_modules/react-native/Libraries/Animated/animations/TimingAnimation.js:157:10)
      at onUpdate (node_modules/react-native/Libraries/Animated/animations/TimingAnimation.js:132:67)
      at Timeout.callback [as _onTimeout] (node_modules/@react-native/jest-preset/jest/setup.js:61:31)

    console.error
      An update to Animated(View) inside a test was not wrapped in act(...).
      
      When testing, code that causes React state updates should be wrapped into act(...):
      
      act(() => {
        /* fire events that update state */
      });
      /* assert on the output */
      
      This ensures that you're testing the behavior the user would see in the browser. Learn more at https://react.dev/link/wrap-tests-with-act

      at node_modules/react-reconciler/cjs/react-reconciler.development.js:16307:19
      at runWithFiberInDEV (node_modules/react-reconciler/cjs/react-reconciler.development.js:2508:13)
      at warnIfUpdatesNotWrappedWithActDEV (node_modules/react-reconciler/cjs/react-reconciler.development.js:16306:9)
      at scheduleUpdateOnFiber (node_modules/react-reconciler/cjs/react-reconciler.development.js:14070:11)
      at dispatchReducerAction (node_modules/react-reconciler/cjs/react-reconciler.development.js:6731:13)
      at Object.scheduleUpdate [as current] (node_modules/react-native/src/private/animated/createAnimatedPropsHook.js:131:20)
      at AnimatedProps._callback (node_modules/react-native/src/private/animated/createAnimatedPropsHook.js:71:36)
      at AnimatedProps._callback [as update] (node_modules/react-native/Libraries/Animated/nodes/AnimatedProps.js:237:10)
      at update (node_modules/react-native/Libraries/Animated/nodes/AnimatedValue.js:67:31)
          at Set.forEach (<anonymous>)
      at forEach (node_modules/react-native/Libraries/Animated/nodes/AnimatedValue.js:67:10)
      at AnimatedValue.flushValue [as _updateValue] (node_modules/react-native/Libraries/Animated/nodes/AnimatedValue.js:361:7)
      at TimingAnimation._updateValue [as _onUpdate] (node_modules/react-native/Libraries/Animated/nodes/AnimatedValue.js:325:14)
      at TimingAnimation._onUpdate [as onUpdate] (node_modules/react-native/Libraries/Animated/animations/TimingAnimation.js:157:10)
      at onUpdate (node_modules/react-native/Libraries/Animated/animations/TimingAnimation.js:132:67)
      at Timeout.callback [as _onTimeout] (node_modules/@react-native/jest-preset/jest/setup.js:61:31)

PASS src/components/roman/__tests__/romanP3FlagOffFinishWorkout.test.tsx
  ● Console

    console.warn
      [analytics] EXPO_PUBLIC_POSTHOG_KEY not set — analytics are disabled.

    [0m [90m 60 |[39m   [36mif[39m ([33m![39mkey) {
     [90m 61 |[39m     [36mif[39m ([33m![39m_warnedOnce [33m&&[39m __DEV__) {
    [31m[1m>[22m[39m[90m 62 |[39m       console[33m.[39mwarn([32m'[analytics] EXPO_PUBLIC_POSTHOG_KEY not set — analytics are disabled.'[39m)[33m;[39m
     [90m    |[39m               [31m[1m^[22m[39m
     [90m 63 |[39m       _warnedOnce [33m=[39m [36mtrue[39m[33m;[39m
     [90m 64 |[39m     }
     [90m 65 |[39m     [36mreturn[39m [36mnull[39m[33m;[39m[0m

      at warn (src/lib/analytics.ts:62:15)
      at getClient (src/lib/analytics.ts:84:5)
      at Object.<anonymous> (src/screens/client/ActiveWorkoutScreen.tsx:719:16)
      at asyncGeneratorStep (node_modules/@babel/runtime/helpers/asyncToGenerator.js:3:17)
      at _next (node_modules/@babel/runtime/helpers/asyncToGenerator.js:17:9)

PASS src/__tests__/commandCenterScreens.test.tsx
PASS src/__tests__/tgpCharts.test.tsx
PASS src/screens/community/__tests__/CommunityChallengesScreen.test.tsx
  ● Console

    console.error
      The current testing environment is not configured to support act(...)

      at isConcurrentActEnvironment (node_modules/react-reconciler/cjs/react-reconciler.development.js:13990:17)
      at warnIfUpdatesNotWrappedWithActDEV (node_modules/react-reconciler/cjs/react-reconciler.development.js:16304:7)
      at scheduleUpdateOnFiber (node_modules/react-reconciler/cjs/react-reconciler.development.js:14070:11)
      at forceStoreRerender (node_modules/react-reconciler/cjs/react-reconciler.development.js:5935:24)
      at node_modules/react-reconciler/cjs/react-reconciler.development.js:5920:11
      at node_modules/@tanstack/query-core/src/notifyManager.ts:73:11
      at notifyFn (node_modules/@tanstack/query-core/src/notifyManager.ts:21:5)
      at node_modules/@tanstack/query-core/src/notifyManager.ts:44:13
          at Array.forEach (<anonymous>)
      at node_modules/@tanstack/query-core/src/notifyManager.ts:43:25
      at batchNotifyFn (node_modules/@tanstack/query-core/src/notifyManager.ts:24:5)
      at Timeout._onTimeout (node_modules/@tanstack/query-core/src/notifyManager.ts:42:9)

PASS src/__tests__/PushConfirmModal.test.tsx
PASS src/__tests__/notificationCenter.test.tsx
PASS src/services/__tests__/authActions.test.ts
PASS src/components/coach/__tests__/ExtensionPairingPanel.test.tsx
PASS src/components/community/__tests__/CoachAckBadge.test.tsx
PASS src/components/community/__tests__/ChallengeProgressSheet.reducedMotion.test.tsx
PASS src/services/__tests__/aiGatewayClient.test.ts
PASS src/api/__tests__/romanApi.test.ts
PASS src/api/__tests__/importReviewApi.drift.test.ts
PASS src/hooks/useWearablePreference.test.tsx
  ● Console

    console.error
      [["wearables","preference","__unbound__"]]: No queryFn was passed as an option, and no default queryFn was found. The queryFn parameter is only optional when using a default queryFn. More info here: https://tanstack.com/query/latest/docs/framework/react/guides/default-query-function

    [0m [90m 213 |[39m   [90m// preference query so the rules-of-hooks hold regardless of the overload.[39m
     [90m 214 |[39m   [36mconst[39m boundMetric [33m=[39m args[33m?[39m[33m.[39mmetric[33m;[39m
    [31m[1m>[22m[39m[90m 215 |[39m   [36mconst[39m optimistic [33m=[39m useQuery[33m<[39m[33mWearableProvider[39m [33m|[39m [36mnull[39m[33m>[39m({
     [90m     |[39m                              [31m[1m^[22m[39m
     [90m 216 |[39m     queryKey[33m:[39m wearablePreferenceQueryKey(
     [90m 217 |[39m       [90m// A stable placeholder key when unbound keeps the hook count constant;[39m
     [90m 218 |[39m       [90m// its value is never read in the legacy branch.[39m[0m

      at useBaseQuery (node_modules/@tanstack/react-query/src/useBaseQuery.ts:71:15)
      at useQuery (node_modules/@tanstack/react-query/src/useQuery.ts:46:10)
      at useWearablePreference (src/hooks/useWearablePreference.ts:215:30)
      at _yield$renderHook.wrapper (src/hooks/useWearablePreference.test.tsx:102:68)
      at hookToRender (node_modules/@testing-library/react-native/src/render-hook.tsx:34:26)
      at Object.react_stack_bottom_frame (node_modules/react-reconciler/cjs/react-reconciler.development.js:17596:20)
      at renderWithHooks (node_modules/react-reconciler/cjs/react-reconciler.development.js:5335:22)
      at updateFunctionComponent (node_modules/react-reconciler/cjs/react-reconciler.development.js:7720:19)
      at beginWork (node_modules/react-reconciler/cjs/react-reconciler.development.js:9277:18)
      at runWithFiberInDEV (node_modules/react-reconciler/cjs/react-reconciler.development.js:2508:13)
      at performUnitOfWork (node_modules/react-reconciler/cjs/react-reconciler.development.js:15273:22)
      at workLoopSync (node_modules/react-reconciler/cjs/react-reconciler.development.js:15099:41)
      at renderRootSync (node_modules/react-reconciler/cjs/react-reconciler.development.js:15080:11)
      at performWorkOnRoot (node_modules/react-reconciler/cjs/react-reconciler.development.js:14165:11)
      at performWorkOnRootViaSchedulerTask (node_modules/react-reconciler/cjs/react-reconciler.development.js:3335:7)
      at flushActQueue (node_modules/react/cjs/react.development.js:590:34)
      at node_modules/react/cjs/react.development.js:847:21

    console.error
      [["wearables","preference","__unbound__"]]: No queryFn was passed as an option, and no default queryFn was found. The queryFn parameter is only optional when using a default queryFn. More info here: https://tanstack.com/query/latest/docs/framework/react/guides/default-query-function

    [0m [90m 213 |[39m   [90m// preference query so the rules-of-hooks hold regardless of the overload.[39m
     [90m 214 |[39m   [36mconst[39m boundMetric [33m=[39m args[33m?[39m[33m.[39mmetric[33m;[39m
    [31m[1m>[22m[39m[90m 215 |[39m   [36mconst[39m optimistic [33m=[39m useQuery[33m<[39m[33mWearableProvider[39m [33m|[39m [36mnull[39m[33m>[39m({
     [90m     |[39m                              [31m[1m^[22m[39m
     [90m 216 |[39m     queryKey[33m:[39m wearablePreferenceQueryKey(
     [90m 217 |[39m       [90m// A stable placeholder key when unbound keeps the hook count constant;[39m
     [90m 218 |[39m       [90m// its value is never read in the legacy branch.[39m[0m

      at useBaseQuery (node_modules/@tanstack/react-query/src/useBaseQuery.ts:71:15)
      at useQuery (node_modules/@tanstack/react-query/src/useQuery.ts:46:10)
      at useWearablePreference (src/hooks/useWearablePreference.ts:215:30)
      at _yield$renderHook.wrapper (src/hooks/useWearablePreference.test.tsx:102:68)
      at hookToRender (node_modules/@testing-library/react-native/src/render-hook.tsx:34:26)
      at Object.react_stack_bottom_frame (node_modules/react-reconciler/cjs/react-reconciler.development.js:17596:20)
      at renderWithHooks (node_modules/react-reconciler/cjs/react-reconciler.development.js:5335:22)
      at updateFunctionComponent (node_modules/react-reconciler/cjs/react-reconciler.development.js:7720:19)
      at beginWork (node_modules/react-reconciler/cjs/react-reconciler.development.js:9277:18)
      at runWithFiberInDEV (node_modules/react-reconciler/cjs/react-reconciler.development.js:2508:13)
      at performUnitOfWork (node_modules/react-reconciler/cjs/react-reconciler.development.js:15273:22)
      at workLoopSync (node_modules/react-reconciler/cjs/react-reconciler.development.js:15099:41)
      at renderRootSync (node_modules/react-reconciler/cjs/react-reconciler.development.js:15080:11)
      at performWorkOnRoot (node_modules/react-reconciler/cjs/react-reconciler.development.js:14165:11)
      at performSyncWorkOnRoot (node_modules/react-reconciler/cjs/react-reconciler.development.js:3350:7)
      at flushSyncWorkAcrossRoots_impl (node_modules/react-reconciler/cjs/react-reconciler.development.js:3192:21)
      at processRootScheduleInMicrotask (node_modules/react-reconciler/cjs/react-reconciler.development.js:3231:9)
      at node_modules/react-reconciler/cjs/react-reconciler.development.js:3370:17
      at node_modules/test-renderer/src/reconciler.ts:479:7

    console.error
      [["wearables","preference","__unbound__"]]: No queryFn was passed as an option, and no default queryFn was found. The queryFn parameter is only optional when using a default queryFn. More info here: https://tanstack.com/query/latest/docs/framework/react/guides/default-query-function

    [0m [90m 213 |[39m   [90m// preference query so the rules-of-hooks hold regardless of the overload.[39m
     [90m 214 |[39m   [36mconst[39m boundMetric [33m=[39m args[33m?[39m[33m.[39mmetric[33m;[39m
    [31m[1m>[22m[39m[90m 215 |[39m   [36mconst[39m optimistic [33m=[39m useQuery[33m<[39m[33mWearableProvider[39m [33m|[39m [36mnull[39m[33m>[39m({
     [90m     |[39m                              [31m[1m^[22m[39m
     [90m 216 |[39m     queryKey[33m:[39m wearablePreferenceQueryKey(
     [90m 217 |[39m       [90m// A stable placeholder key when unbound keeps the hook count constant;[39m
     [90m 218 |[39m       [90m// its value is never read in the legacy branch.[39m[0m

      at useBaseQuery (node_modules/@tanstack/react-query/src/useBaseQuery.ts:71:15)
      at useQuery (node_modules/@tanstack/react-query/src/useQuery.ts:46:10)
      at useWearablePreference (src/hooks/useWearablePreference.ts:215:30)
      at _yield$renderHook2.wrapper (src/hooks/useWearablePreference.test.tsx:124:68)
      at hookToRender (node_modules/@testing-library/react-native/src/render-hook.tsx:34:26)
      at Object.react_stack_bottom_frame (node_modules/react-reconciler/cjs/react-reconciler.development.js:17596:20)
      at renderWithHooks (node_modules/react-reconciler/cjs/react-reconciler.development.js:5335:22)
      at updateFunctionComponent (node_modules/react-reconciler/cjs/react-reconciler.development.js:7720:19)
      at beginWork (node_modules/react-reconciler/cjs/react-reconciler.development.js:9277:18)
      at runWithFiberInDEV (node_modules/react-reconciler/cjs/react-reconciler.development.js:2508:13)
      at performUnitOfWork (node_modules/react-reconciler/cjs/react-reconciler.development.js:15273:22)
      at workLoopSync (node_modules/react-reconciler/cjs/react-reconciler.development.js:15099:41)
      at renderRootSync (node_modules/react-reconciler/cjs/react-reconciler.development.js:15080:11)
      at performWorkOnRoot (node_modules/react-reconciler/cjs/react-reconciler.development.js:14165:11)
      at performWorkOnRootViaSchedulerTask (node_modules/react-reconciler/cjs/react-reconciler.development.js:3335:7)
      at flushActQueue (node_modules/react/cjs/react.development.js:590:34)
      at node_modules/react/cjs/react.development.js:847:21

    console.error
      [["wearables","preference","__unbound__"]]: No queryFn was passed as an option, and no default queryFn was found. The queryFn parameter is only optional when using a default queryFn. More info here: https://tanstack.com/query/latest/docs/framework/react/guides/default-query-function

    [0m [90m 213 |[39m   [90m// preference query so the rules-of-hooks hold regardless of the overload.[39m
     [90m 214 |[39m   [36mconst[39m boundMetric [33m=[39m args[33m?[39m[33m.[39mmetric[33m;[39m
    [31m[1m>[22m[39m[90m 215 |[39m   [36mconst[39m optimistic [33m=[39m useQuery[33m<[39m[33mWearableProvider[39m [33m|[39m [36mnull[39m[33m>[39m({
     [90m     |[39m                              [31m[1m^[22m[39m
     [90m 216 |[39m     queryKey[33m:[39m wearablePreferenceQueryKey(
     [90m 217 |[39m       [90m// A stable placeholder key when unbound keeps the hook count constant;[39m
     [90m 218 |[39m       [90m// its value is never read in the legacy branch.[39m[0m

      at useBaseQuery (node_modules/@tanstack/react-query/src/useBaseQuery.ts:71:15)
      at useQuery (node_modules/@tanstack/react-query/src/useQuery.ts:46:10)
      at useWearablePreference (src/hooks/useWearablePreference.ts:215:30)
      at _yield$renderHook2.wrapper (src/hooks/useWearablePreference.test.tsx:124:68)
      at hookToRender (node_modules/@testing-library/react-native/src/render-hook.tsx:34:26)
      at Object.react_stack_bottom_frame (node_modules/react-reconciler/cjs/react-reconciler.development.js:17596:20)
      at renderWithHooks (node_modules/react-reconciler/cjs/react-reconciler.development.js:5335:22)
      at updateFunctionComponent (node_modules/react-reconciler/cjs/react-reconciler.development.js:7720:19)
      at beginWork (node_modules/react-reconciler/cjs/react-reconciler.development.js:9277:18)
      at runWithFiberInDEV (node_modules/react-reconciler/cjs/react-reconciler.development.js:2508:13)
      at performUnitOfWork (node_modules/react-reconciler/cjs/react-reconciler.development.js:15273:22)
      at workLoopSync (node_modules/react-reconciler/cjs/react-reconciler.development.js:15099:41)
      at renderRootSync (node_modules/react-reconciler/cjs/react-reconciler.development.js:15080:11)
      at performWorkOnRoot (node_modules/react-reconciler/cjs/react-reconciler.development.js:14165:11)
      at performSyncWorkOnRoot (node_modules/react-reconciler/cjs/react-reconciler.development.js:3350:7)
      at flushSyncWorkAcrossRoots_impl (node_modules/react-reconciler/cjs/react-reconciler.development.js:3192:21)
      at processRootScheduleInMicrotask (node_modules/react-reconciler/cjs/react-reconciler.development.js:3231:9)
      at node_modules/react-reconciler/cjs/react-reconciler.development.js:3370:17
      at node_modules/test-renderer/src/reconciler.ts:479:7

    console.error
      [["wearables","preference","__unbound__"]]: No queryFn was passed as an option, and no default queryFn was found. The queryFn parameter is only optional when using a default queryFn. More info here: https://tanstack.com/query/latest/docs/framework/react/guides/default-query-function

    [0m [90m 213 |[39m   [90m// preference query so the rules-of-hooks hold regardless of the overload.[39m
     [90m 214 |[39m   [36mconst[39m boundMetric [33m=[39m args[33m?[39m[33m.[39mmetric[33m;[39m
    [31m[1m>[22m[39m[90m 215 |[39m   [36mconst[39m optimistic [33m=[39m useQuery[33m<[39m[33mWearableProvider[39m [33m|[39m [36mnull[39m[33m>[39m({
     [90m     |[39m                              [31m[1m^[22m[39m
     [90m 216 |[39m     queryKey[33m:[39m wearablePreferenceQueryKey(
     [90m 217 |[39m       [90m// A stable placeholder key when unbound keeps the hook count constant;[39m
     [90m 218 |[39m       [90m// its value is never read in the legacy branch.[39m[0m

      at useBaseQuery (node_modules/@tanstack/react-query/src/useBaseQuery.ts:71:15)
      at useQuery (node_modules/@tanstack/react-query/src/useQuery.ts:46:10)
      at useWearablePreference (src/hooks/useWearablePreference.ts:215:30)
      at _yield$renderHook3.wrapper (src/hooks/useWearablePreference.test.tsx:147:68)
      at hookToRender (node_modules/@testing-library/react-native/src/render-hook.tsx:34:26)
      at Object.react_stack_bottom_frame (node_modules/react-reconciler/cjs/react-reconciler.development.js:17596:20)
      at renderWithHooks (node_modules/react-reconciler/cjs/react-reconciler.development.js:5335:22)
      at updateFunctionComponent (node_modules/react-reconciler/cjs/react-reconciler.development.js:7720:19)
      at beginWork (node_modules/react-reconciler/cjs/react-reconciler.development.js:9277:18)
      at runWithFiberInDEV (node_modules/react-reconciler/cjs/react-reconciler.development.js:2508:13)
      at performUnitOfWork (node_modules/react-reconciler/cjs/react-reconciler.development.js:15273:22)
      at workLoopSync (node_modules/react-reconciler/cjs/react-reconciler.development.js:15099:41)
      at renderRootSync (node_modules/react-reconciler/cjs/react-reconciler.development.js:15080:11)
      at performWorkOnRoot (node_modules/react-reconciler/cjs/react-reconciler.development.js:14165:11)
      at performWorkOnRootViaSchedulerTask (node_modules/react-reconciler/cjs/react-reconciler.development.js:3335:7)
      at flushActQueue (node_modules/react/cjs/react.development.js:590:34)
      at node_modules/react/cjs/react.development.js:847:21

    console.error
      [["wearables","preference","__unbound__"]]: No queryFn was passed as an option, and no default queryFn was found. The queryFn parameter is only optional when using a default queryFn. More info here: https://tanstack.com/query/latest/docs/framework/react/guides/default-query-function

    [0m [90m 213 |[39m   [90m// preference query so the rules-of-hooks hold regardless of the overload.[39m
     [90m 214 |[39m   [36mconst[39m boundMetric [33m=[39m args[33m?[39m[33m.[39mmetric[33m;[39m
    [31m[1m>[22m[39m[90m 215 |[39m   [36mconst[39m optimistic [33m=[39m useQuery[33m<[39m[33mWearableProvider[39m [33m|[39m [36mnull[39m[33m>[39m({
     [90m     |[39m                              [31m[1m^[22m[39m
     [90m 216 |[39m     queryKey[33m:[39m wearablePreferenceQueryKey(
     [90m 217 |[39m       [90m// A stable placeholder key when unbound keeps the hook count constant;[39m
     [90m 218 |[39m       [90m// its value is never read in the legacy branch.[39m[0m

      at useBaseQuery (node_modules/@tanstack/react-query/src/useBaseQuery.ts:71:15)
      at useQuery (node_modules/@tanstack/react-query/src/useQuery.ts:46:10)
      at useWearablePreference (src/hooks/useWearablePreference.ts:215:30)
      at _yield$renderHook3.wrapper (src/hooks/useWearablePreference.test.tsx:147:68)
      at hookToRender (node_modules/@testing-library/react-native/src/render-hook.tsx:34:26)
      at Object.react_stack_bottom_frame (node_modules/react-reconciler/cjs/react-reconciler.development.js:17596:20)
      at renderWithHooks (node_modules/react-reconciler/cjs/react-reconciler.development.js:5335:22)
      at updateFunctionComponent (node_modules/react-reconciler/cjs/react-reconciler.development.js:7720:19)
      at beginWork (node_modules/react-reconciler/cjs/react-reconciler.development.js:9277:18)
      at runWithFiberInDEV (node_modules/react-reconciler/cjs/react-reconciler.development.js:2508:13)
      at performUnitOfWork (node_modules/react-reconciler/cjs/react-reconciler.development.js:15273:22)
      at workLoopSync (node_modules/react-reconciler/cjs/react-reconciler.development.js:15099:41)
      at renderRootSync (node_modules/react-reconciler/cjs/react-reconciler.development.js:15080:11)
      at performWorkOnRoot (node_modules/react-reconciler/cjs/react-reconciler.development.js:14165:11)
      at performSyncWorkOnRoot (node_modules/react-reconciler/cjs/react-reconciler.development.js:3350:7)
      at flushSyncWorkAcrossRoots_impl (node_modules/react-reconciler/cjs/react-reconciler.development.js:3192:21)
      at processRootScheduleInMicrotask (node_modules/react-reconciler/cjs/react-reconciler.development.js:3231:9)
      at node_modules/react-reconciler/cjs/react-reconciler.development.js:3370:17
      at node_modules/test-renderer/src/reconciler.ts:479:7

    console.error
      [["wearables","preference","__unbound__"]]: No queryFn was passed as an option, and no default queryFn was found. The queryFn parameter is only optional when using a default queryFn. More info here: https://tanstack.com/query/latest/docs/framework/react/guides/default-query-function

    [0m [90m 213 |[39m   [90m// preference query so the rules-of-hooks hold regardless of the overload.[39m
     [90m 214 |[39m   [36mconst[39m boundMetric [33m=[39m args[33m?[39m[33m.[39mmetric[33m;[39m
    [31m[1m>[22m[39m[90m 215 |[39m   [36mconst[39m optimistic [33m=[39m useQuery[33m<[39m[33mWearableProvider[39m [33m|[39m [36mnull[39m[33m>[39m({
     [90m     |[39m                              [31m[1m^[22m[39m
     [90m 216 |[39m     queryKey[33m:[39m wearablePreferenceQueryKey(
     [90m 217 |[39m       [90m// A stable placeholder key when unbound keeps the hook count constant;[39m
     [90m 218 |[39m       [90m// its value is never read in the legacy branch.[39m[0m

      at useBaseQuery (node_modules/@tanstack/react-query/src/useBaseQuery.ts:71:15)
      at useQuery (node_modules/@tanstack/react-query/src/useQuery.ts:46:10)
      at useWearablePreference (src/hooks/useWearablePreference.ts:215:30)
      at _yield$renderHook4.wrapper (src/hooks/useWearablePreference.test.tsx:166:68)
      at hookToRender (node_modules/@testing-library/react-native/src/render-hook.tsx:34:26)
      at Object.react_stack_bottom_frame (node_modules/react-reconciler/cjs/react-reconciler.development.js:17596:20)
      at renderWithHooks (node_modules/react-reconciler/cjs/react-reconciler.development.js:5335:22)
      at updateFunctionComponent (node_modules/react-reconciler/cjs/react-reconciler.development.js:7720:19)
      at beginWork (node_modules/react-reconciler/cjs/react-reconciler.development.js:9277:18)
      at runWithFiberInDEV (node_modules/react-reconciler/cjs/react-reconciler.development.js:2508:13)
      at performUnitOfWork (node_modules/react-reconciler/cjs/react-reconciler.development.js:15273:22)
      at workLoopSync (node_modules/react-reconciler/cjs/react-reconciler.development.js:15099:41)
      at renderRootSync (node_modules/react-reconciler/cjs/react-reconciler.development.js:15080:11)
      at performWorkOnRoot (node_modules/react-reconciler/cjs/react-reconciler.development.js:14165:11)
      at performWorkOnRootViaSchedulerTask (node_modules/react-reconciler/cjs/react-reconciler.development.js:3335:7)
      at flushActQueue (node_modules/react/cjs/react.development.js:590:34)
      at node_modules/react/cjs/react.development.js:847:21

    console.error
      [["wearables","preference","__unbound__"]]: No queryFn was passed as an option, and no default queryFn was found. The queryFn parameter is only optional when using a default queryFn. More info here: https://tanstack.com/query/latest/docs/framework/react/guides/default-query-function

    [0m [90m 213 |[39m   [90m// preference query so the rules-of-hooks hold regardless of the overload.[39m
     [90m 214 |[39m   [36mconst[39m boundMetric [33m=[39m args[33m?[39m[33m.[39mmetric[33m;[39m
    [31m[1m>[22m[39m[90m 215 |[39m   [36mconst[39m optimistic [33m=[39m useQuery[33m<[39m[33mWearableProvider[39m [33m|[39m [36mnull[39m[33m>[39m({
     [90m     |[39m                              [31m[1m^[22m[39m
     [90m 216 |[39m     queryKey[33m:[39m wearablePreferenceQueryKey(
     [90m 217 |[39m       [90m// A stable placeholder key when unbound keeps the hook count constant;[39m
     [90m 218 |[39m       [90m// its value is never read in the legacy branch.[39m[0m

      at useBaseQuery (node_modules/@tanstack/react-query/src/useBaseQuery.ts:71:15)
      at useQuery (node_modules/@tanstack/react-query/src/useQuery.ts:46:10)
      at useWearablePreference (src/hooks/useWearablePreference.ts:215:30)
      at _yield$renderHook4.wrapper (src/hooks/useWearablePreference.test.tsx:166:68)
      at hookToRender (node_modules/@testing-library/react-native/src/render-hook.tsx:34:26)
      at Object.react_stack_bottom_frame (node_modules/react-reconciler/cjs/react-reconciler.development.js:17596:20)
      at renderWithHooks (node_modules/react-reconciler/cjs/react-reconciler.development.js:5335:22)
      at updateFunctionComponent (node_modules/react-reconciler/cjs/react-reconciler.development.js:7720:19)
      at beginWork (node_modules/react-reconciler/cjs/react-reconciler.development.js:9277:18)
      at runWithFiberInDEV (node_modules/react-reconciler/cjs/react-reconciler.development.js:2508:13)
      at performUnitOfWork (node_modules/react-reconciler/cjs/react-reconciler.development.js:15273:22)
      at workLoopSync (node_modules/react-reconciler/cjs/react-reconciler.development.js:15099:41)
      at renderRootSync (node_modules/react-reconciler/cjs/react-reconciler.development.js:15080:11)
      at performWorkOnRoot (node_modules/react-reconciler/cjs/react-reconciler.development.js:14165:11)
      at performSyncWorkOnRoot (node_modules/react-reconciler/cjs/react-reconciler.development.js:3350:7)
      at flushSyncWorkAcrossRoots_impl (node_modules/react-reconciler/cjs/react-reconciler.development.js:3192:21)
      at processRootScheduleInMicrotask (node_modules/react-reconciler/cjs/react-reconciler.development.js:3231:9)
      at node_modules/react-reconciler/cjs/react-reconciler.development.js:3370:17
      at node_modules/test-renderer/src/reconciler.ts:479:7

    console.error
      [["wearables","preference","STEPS"]]: No queryFn was passed as an option, and no default queryFn was found. The queryFn parameter is only optional when using a default queryFn. More info here: https://tanstack.com/query/latest/docs/framework/react/guides/default-query-function

    [0m [90m 213 |[39m   [90m// preference query so the rules-of-hooks hold regardless of the overload.[39m
     [90m 214 |[39m   [36mconst[39m boundMetric [33m=[39m args[33m?[39m[33m.[39mmetric[33m;[39m
    [31m[1m>[22m[39m[90m 215 |[39m   [36mconst[39m optimistic [33m=[39m useQuery[33m<[39m[33mWearableProvider[39m [33m|[39m [36mnull[39m[33m>[39m({
     [90m     |[39m                              [31m[1m^[22m[39m
     [90m 216 |[39m     queryKey[33m:[39m wearablePreferenceQueryKey(
     [90m 217 |[39m       [90m// A stable placeholder key when unbound keeps the hook count constant;[39m
     [90m 218 |[39m       [90m// its value is never read in the legacy branch.[39m[0m

      at useBaseQuery (node_modules/@tanstack/react-query/src/useBaseQuery.ts:71:15)
      at useQuery (node_modules/@tanstack/react-query/src/useQuery.ts:46:10)
      at useWearablePreference (src/hooks/useWearablePreference.ts:215:30)
      at _yield$renderHook5.wrapper (src/hooks/useWearablePreference.test.tsx:189:34)
      at hookToRender (node_modules/@testing-library/react-native/src/render-hook.tsx:34:26)
      at Object.react_stack_bottom_frame (node_modules/react-reconciler/cjs/react-reconciler.development.js:17596:20)
      at renderWithHooks (node_modules/react-reconciler/cjs/react-reconciler.development.js:5335:22)
      at updateFunctionComponent (node_modules/react-reconciler/cjs/react-reconciler.development.js:7720:19)
      at beginWork (node_modules/react-reconciler/cjs/react-reconciler.development.js:9277:18)
      at runWithFiberInDEV (node_modules/react-reconciler/cjs/react-reconciler.development.js:2508:13)
      at performUnitOfWork (node_modules/react-reconciler/cjs/react-reconciler.development.js:15273:22)
      at workLoopSync (node_modules/react-reconciler/cjs/react-reconciler.development.js:15099:41)
      at renderRootSync (node_modules/react-reconciler/cjs/react-reconciler.development.js:15080:11)
      at performWorkOnRoot (node_modules/react-reconciler/cjs/react-reconciler.development.js:14165:11)
      at performWorkOnRootViaSchedulerTask (node_modules/react-reconciler/cjs/react-reconciler.development.js:3335:7)
      at flushActQueue (node_modules/react/cjs/react.development.js:590:34)
      at node_modules/react/cjs/react.development.js:847:21

    console.error
      [["wearables","preference","STEPS"]]: No queryFn was passed as an option, and no default queryFn was found. The queryFn parameter is only optional when using a default queryFn. More info here: https://tanstack.com/query/latest/docs/framework/react/guides/default-query-function

    [0m [90m 213 |[39m   [90m// preference query so the rules-of-hooks hold regardless of the overload.[39m
     [90m 214 |[39m   [36mconst[39m boundMetric [33m=[39m args[33m?[39m[33m.[39mmetric[33m;[39m
    [31m[1m>[22m[39m[90m 215 |[39m   [36mconst[39m optimistic [33m=[39m useQuery[33m<[39m[33mWearableProvider[39m [33m|[39m [36mnull[39m[33m>[39m({
     [90m     |[39m                              [31m[1m^[22m[39m
     [90m 216 |[39m     queryKey[33m:[39m wearablePreferenceQueryKey(
     [90m 217 |[39m       [90m// A stable placeholder key when unbound keeps the hook count constant;[39m
     [90m 218 |[39m       [90m// its value is never read in the legacy branch.[39m[0m

      at useBaseQuery (node_modules/@tanstack/react-query/src/useBaseQuery.ts:71:15)
      at useQuery (node_modules/@tanstack/react-query/src/useQuery.ts:46:10)
      at useWearablePreference (src/hooks/useWearablePreference.ts:215:30)
      at _yield$renderHook6.wrapper (src/hooks/useWearablePreference.test.tsx:215:34)
      at hookToRender (node_modules/@testing-library/react-native/src/render-hook.tsx:34:26)
      at Object.react_stack_bottom_frame (node_modules/react-reconciler/cjs/react-reconciler.development.js:17596:20)
      at renderWithHooks (node_modules/react-reconciler/cjs/react-reconciler.development.js:5335:22)
      at updateFunctionComponent (node_modules/react-reconciler/cjs/react-reconciler.development.js:7720:19)
      at beginWork (node_modules/react-reconciler/cjs/react-reconciler.development.js:9277:18)
      at runWithFiberInDEV (node_modules/react-reconciler/cjs/react-reconciler.development.js:2508:13)
      at performUnitOfWork (node_modules/react-reconciler/cjs/react-reconciler.development.js:15273:22)
      at workLoopSync (node_modules/react-reconciler/cjs/react-reconciler.development.js:15099:41)
      at renderRootSync (node_modules/react-reconciler/cjs/react-reconciler.development.js:15080:11)
      at performWorkOnRoot (node_modules/react-reconciler/cjs/react-reconciler.development.js:14165:11)
      at performWorkOnRootViaSchedulerTask (node_modules/react-reconciler/cjs/react-reconciler.development.js:3335:7)
      at flushActQueue (node_modules/react/cjs/react.development.js:590:34)
      at node_modules/react/cjs/react.development.js:847:21

    console.error
      [["wearables","preference","STEPS"]]: No queryFn was passed as an option, and no default queryFn was found. The queryFn parameter is only optional when using a default queryFn. More info here: https://tanstack.com/query/latest/docs/framework/react/guides/default-query-function

    [0m [90m 213 |[39m   [90m// preference query so the rules-of-hooks hold regardless of the overload.[39m
     [90m 214 |[39m   [36mconst[39m boundMetric [33m=[39m args[33m?[39m[33m.[39mmetric[33m;[39m
    [31m[1m>[22m[39m[90m 215 |[39m   [36mconst[39m optimistic [33m=[39m useQuery[33m<[39m[33mWearableProvider[39m [33m|[39m [36mnull[39m[33m>[39m({
     [90m     |[39m                              [31m[1m^[22m[39m
     [90m 216 |[39m     queryKey[33m:[39m wearablePreferenceQueryKey(
     [90m 217 |[39m       [90m// A stable placeholder key when unbound keeps the hook count constant;[39m
     [90m 218 |[39m       [90m// its value is never read in the legacy branch.[39m[0m

      at useBaseQuery (node_modules/@tanstack/react-query/src/useBaseQuery.ts:71:15)
      at useQuery (node_modules/@tanstack/react-query/src/useQuery.ts:46:10)
      at useWearablePreference (src/hooks/useWearablePreference.ts:215:30)
      at _yield$renderHook7.wrapper (src/hooks/useWearablePreference.test.tsx:230:34)
      at hookToRender (node_modules/@testing-library/react-native/src/render-hook.tsx:34:26)
      at Object.react_stack_bottom_frame (node_modules/react-reconciler/cjs/react-reconciler.development.js:17596:20)
      at renderWithHooks (node_modules/react-reconciler/cjs/react-reconciler.development.js:5335:22)
      at updateFunctionComponent (node_modules/react-reconciler/cjs/react-reconciler.development.js:7720:19)
      at beginWork (node_modules/react-reconciler/cjs/react-reconciler.development.js:9277:18)
      at runWithFiberInDEV (node_modules/react-reconciler/cjs/react-reconciler.development.js:2508:13)
      at performUnitOfWork (node_modules/react-reconciler/cjs/react-reconciler.development.js:15273:22)
      at workLoopSync (node_modules/react-reconciler/cjs/react-reconciler.development.js:15099:41)
      at renderRootSync (node_modules/react-reconciler/cjs/react-reconciler.development.js:15080:11)
      at performWorkOnRoot (node_modules/react-reconciler/cjs/react-reconciler.development.js:14165:11)
      at performWorkOnRootViaSchedulerTask (node_modules/react-reconciler/cjs/react-reconciler.development.js:3335:7)
      at flushActQueue (node_modules/react/cjs/react.development.js:590:34)
      at node_modules/react/cjs/react.development.js:847:21

    console.error
      [["wearables","preference","STEPS"]]: No queryFn was passed as an option, and no default queryFn was found. The queryFn parameter is only optional when using a default queryFn. More info here: https://tanstack.com/query/latest/docs/framework/react/guides/default-query-function

    [0m [90m 213 |[39m   [90m// preference query so the rules-of-hooks hold regardless of the overload.[39m
     [90m 214 |[39m   [36mconst[39m boundMetric [33m=[39m args[33m?[39m[33m.[39mmetric[33m;[39m
    [31m[1m>[22m[39m[90m 215 |[39m   [36mconst[39m optimistic [33m=[39m useQuery[33m<[39m[33mWearableProvider[39m [33m|[39m [36mnull[39m[33m>[39m({
     [90m     |[39m                              [31m[1m^[22m[39m
     [90m 216 |[39m     queryKey[33m:[39m wearablePreferenceQueryKey(
     [90m 217 |[39m       [90m// A stable placeholder key when unbound keeps the hook count constant;[39m
     [90m 218 |[39m       [90m// its value is never read in the legacy branch.[39m[0m

      at useBaseQuery (node_modules/@tanstack/react-query/src/useBaseQuery.ts:71:15)
      at useQuery (node_modules/@tanstack/react-query/src/useQuery.ts:46:10)
      at useWearablePreference (src/hooks/useWearablePreference.ts:215:30)
      at _yield$renderHook8.wrapper (src/hooks/useWearablePreference.test.tsx:258:34)
      at hookToRender (node_modules/@testing-library/react-native/src/render-hook.tsx:34:26)
      at Object.react_stack_bottom_frame (node_modules/react-reconciler/cjs/react-reconciler.development.js:17596:20)
      at renderWithHooks (node_modules/react-reconciler/cjs/react-reconciler.development.js:5335:22)
      at updateFunctionComponent (node_modules/react-reconciler/cjs/react-reconciler.development.js:7720:19)
      at beginWork (node_modules/react-reconciler/cjs/react-reconciler.development.js:9277:18)
      at runWithFiberInDEV (node_modules/react-reconciler/cjs/react-reconciler.development.js:2508:13)
      at performUnitOfWork (node_modules/react-reconciler/cjs/react-reconciler.development.js:15273:22)
      at workLoopSync (node_modules/react-reconciler/cjs/react-reconciler.development.js:15099:41)
      at renderRootSync (node_modules/react-reconciler/cjs/react-reconciler.development.js:15080:11)
      at performWorkOnRoot (node_modules/react-reconciler/cjs/react-reconciler.development.js:14165:11)
      at performWorkOnRootViaSchedulerTask (node_modules/react-reconciler/cjs/react-reconciler.development.js:3335:7)
      at flushActQueue (node_modules/react/cjs/react.development.js:590:34)
      at node_modules/react/cjs/react.development.js:847:21

    console.error
      [["wearables","preference","STEPS"]]: No queryFn was passed as an option, and no default queryFn was found. The queryFn parameter is only optional when using a default queryFn. More info here: https://tanstack.com/query/latest/docs/framework/react/guides/default-query-function

    [0m [90m 213 |[39m   [90m// preference query so the rules-of-hooks hold regardless of the overload.[39m
     [90m 214 |[39m   [36mconst[39m boundMetric [33m=[39m args[33m?[39m[33m.[39mmetric[33m;[39m
    [31m[1m>[22m[39m[90m 215 |[39m   [36mconst[39m optimistic [33m=[39m useQuery[33m<[39m[33mWearableProvider[39m [33m|[39m [36mnull[39m[33m>[39m({
     [90m     |[39m                              [31m[1m^[22m[39m
     [90m 216 |[39m     queryKey[33m:[39m wearablePreferenceQueryKey(
     [90m 217 |[39m       [90m// A stable placeholder key when unbound keeps the hook count constant;[39m
     [90m 218 |[39m       [90m// its value is never read in the legacy branch.[39m[0m

      at useBaseQuery (node_modules/@tanstack/react-query/src/useBaseQuery.ts:71:15)
      at useQuery (node_modules/@tanstack/react-query/src/useQuery.ts:46:10)
      at useWearablePreference (src/hooks/useWearablePreference.ts:215:30)
      at _yield$renderHook8.wrapper (src/hooks/useWearablePreference.test.tsx:258:34)
      at hookToRender (node_modules/@testing-library/react-native/src/render-hook.tsx:34:26)
      at Object.react_stack_bottom_frame (node_modules/react-reconciler/cjs/react-reconciler.development.js:17596:20)
      at renderWithHooks (node_modules/react-reconciler/cjs/react-reconciler.development.js:5335:22)
      at updateFunctionComponent (node_modules/react-reconciler/cjs/react-reconciler.development.js:7720:19)
      at beginWork (node_modules/react-reconciler/cjs/react-reconciler.development.js:9277:18)
      at runWithFiberInDEV (node_modules/react-reconciler/cjs/react-reconciler.development.js:2508:13)
      at performUnitOfWork (node_modules/react-reconciler/cjs/react-reconciler.development.js:15273:22)
      at workLoopSync (node_modules/react-reconciler/cjs/react-reconciler.development.js:15099:41)
      at renderRootSync (node_modules/react-reconciler/cjs/react-reconciler.development.js:15080:11)
      at performWorkOnRoot (node_modules/react-reconciler/cjs/react-reconciler.development.js:14165:11)
      at performSyncWorkOnRoot (node_modules/react-reconciler/cjs/react-reconciler.development.js:3350:7)
      at flushSyncWorkAcrossRoots_impl (node_modules/react-reconciler/cjs/react-reconciler.development.js:3192:21)
      at processRootScheduleInMicrotask (node_modules/react-reconciler/cjs/react-reconciler.development.js:3231:9)
      at node_modules/react-reconciler/cjs/react-reconciler.development.js:3370:17
      at node_modules/test-renderer/src/reconciler.ts:479:7

    console.error
      [["wearables","preference","STEPS"]]: No queryFn was passed as an option, and no default queryFn was found. The queryFn parameter is only optional when using a default queryFn. More info here: https://tanstack.com/query/latest/docs/framework/react/guides/default-query-function

    [0m [90m 213 |[39m   [90m// preference query so the rules-of-hooks hold regardless of the overload.[39m
     [90m 214 |[39m   [36mconst[39m boundMetric [33m=[39m args[33m?[39m[33m.[39mmetric[33m;[39m
    [31m[1m>[22m[39m[90m 215 |[39m   [36mconst[39m optimistic [33m=[39m useQuery[33m<[39m[33mWearableProvider[39m [33m|[39m [36mnull[39m[33m>[39m({
     [90m     |[39m                              [31m[1m^[22m[39m
     [90m 216 |[39m     queryKey[33m:[39m wearablePreferenceQueryKey(
     [90m 217 |[39m       [90m// A stable placeholder key when unbound keeps the hook count constant;[39m
     [90m 218 |[39m       [90m// its value is never read in the legacy branch.[39m[0m

      at useBaseQuery (node_modules/@tanstack/react-query/src/useBaseQuery.ts:71:15)
      at useQuery (node_modules/@tanstack/react-query/src/useQuery.ts:46:10)
      at useWearablePreference (src/hooks/useWearablePreference.ts:215:30)
      at _yield$renderHook8.wrapper (src/hooks/useWearablePreference.test.tsx:258:34)
      at hookToRender (node_modules/@testing-library/react-native/src/render-hook.tsx:34:26)
      at Object.react_stack_bottom_frame (node_modules/react-reconciler/cjs/react-reconciler.development.js:17596:20)
      at renderWithHooks (node_modules/react-reconciler/cjs/react-reconciler.development.js:5335:22)
      at updateFunctionComponent (node_modules/react-reconciler/cjs/react-reconciler.development.js:7720:19)
      at beginWork (node_modules/react-reconciler/cjs/react-reconciler.development.js:9277:18)
      at runWithFiberInDEV (node_modules/react-reconciler/cjs/react-reconciler.development.js:2508:13)
      at performUnitOfWork (node_modules/react-reconciler/cjs/react-reconciler.development.js:15273:22)
      at workLoopSync (node_modules/react-reconciler/cjs/react-reconciler.development.js:15099:41)
      at renderRootSync (node_modules/react-reconciler/cjs/react-reconciler.development.js:15080:11)
      at performWorkOnRoot (node_modules/react-reconciler/cjs/react-reconciler.development.js:14165:11)
      at performSyncWorkOnRoot (node_modules/react-reconciler/cjs/react-reconciler.development.js:3350:7)
      at flushSyncWorkAcrossRoots_impl (node_modules/react-reconciler/cjs/react-reconciler.development.js:3192:21)
      at processRootScheduleInMicrotask (node_modules/react-reconciler/cjs/react-reconciler.development.js:3231:9)
      at node_modules/react-reconciler/cjs/react-reconciler.development.js:3370:17
      at node_modules/test-renderer/src/reconciler.ts:479:7

    console.error
      [["wearables","preference","STEPS"]]: No queryFn was passed as an option, and no default queryFn was found. The queryFn parameter is only optional when using a default queryFn. More info here: https://tanstack.com/query/latest/docs/framework/react/guides/default-query-function

    [0m [90m 213 |[39m   [90m// preference query so the rules-of-hooks hold regardless of the overload.[39m
     [90m 214 |[39m   [36mconst[39m boundMetric [33m=[39m args[33m?[39m[33m.[39mmetric[33m;[39m
    [31m[1m>[22m[39m[90m 215 |[39m   [36mconst[39m optimistic [33m=[39m useQuery[33m<[39m[33mWearableProvider[39m [33m|[39m [36mnull[39m[33m>[39m({
     [90m     |[39m                              [31m[1m^[22m[39m
     [90m 216 |[39m     queryKey[33m:[39m wearablePreferenceQueryKey(
     [90m 217 |[39m       [90m// A stable placeholder key when unbound keeps the hook count constant;[39m
     [90m 218 |[39m       [90m// its value is never read in the legacy branch.[39m[0m

      at useBaseQuery (node_modules/@tanstack/react-query/src/useBaseQuery.ts:71:15)
      at useQuery (node_modules/@tanstack/react-query/src/useQuery.ts:46:10)
      at useWearablePreference (src/hooks/useWearablePreference.ts:215:30)
      at _yield$renderHook9.wrapper (src/hooks/useWearablePreference.test.tsx:296:34)
      at hookToRender (node_modules/@testing-library/react-native/src/render-hook.tsx:34:26)
      at Object.react_stack_bottom_frame (node_modules/react-reconciler/cjs/react-reconciler.development.js:17596:20)
      at renderWithHooks (node_modules/react-reconciler/cjs/react-reconciler.development.js:5335:22)
      at updateFunctionComponent (node_modules/react-reconciler/cjs/react-reconciler.development.js:7720:19)
      at beginWork (node_modules/react-reconciler/cjs/react-reconciler.development.js:9277:18)
      at runWithFiberInDEV (node_modules/react-reconciler/cjs/react-reconciler.development.js:2508:13)
      at performUnitOfWork (node_modules/react-reconciler/cjs/react-reconciler.development.js:15273:22)
      at workLoopSync (node_modules/react-reconciler/cjs/react-reconciler.development.js:15099:41)
      at renderRootSync (node_modules/react-reconciler/cjs/react-reconciler.development.js:15080:11)
      at performWorkOnRoot (node_modules/react-reconciler/cjs/react-reconciler.development.js:14165:11)
      at performWorkOnRootViaSchedulerTask (node_modules/react-reconciler/cjs/react-reconciler.development.js:3335:7)
      at flushActQueue (node_modules/react/cjs/react.development.js:590:34)
      at node_modules/react/cjs/react.development.js:847:21

    console.error
      [useWearablePreference.clear] {
        metric: 'STEPS',
        error: Error: clear failed
            at Object.<anonymous> (/home/user/workspace/worktrees/s6/src/hooks/useWearablePreference.test.tsx:289:18)
            at Generator.next (<anonymous>)
            at asyncGeneratorStep (/home/user/workspace/worktrees/s6/node_modules/@babel/runtime/helpers/asyncToGenerator.js:3:17)
            at _next (/home/user/workspace/worktrees/s6/node_modules/@babel/runtime/helpers/asyncToGenerator.js:17:9)
            at /home/user/workspace/worktrees/s6/node_modules/@babel/runtime/helpers/asyncToGenerator.js:22:7
            at new Promise (<anonymous>)
            at Object.<anonymous> (/home/user/workspace/worktrees/s6/node_modules/@babel/runtime/helpers/asyncToGenerator.js:14:12)
            at Promise.then.completed (/home/user/workspace/worktrees/s6/node_modules/jest-circus/build/utils.js:298:28)
            at new Promise (<anonymous>)
            at callAsyncCircusFn (/home/user/workspace/worktrees/s6/node_modules/jest-circus/build/utils.js:231:10)
            at _callCircusTest (/home/user/workspace/worktrees/s6/node_modules/jest-circus/build/run.js:316:40)
            at _runTest (/home/user/workspace/worktrees/s6/node_modules/jest-circus/build/run.js:252:3)
            at _runTestsForDescribeBlock (/home/user/workspace/worktrees/s6/node_modules/jest-circus/build/run.js:126:9)
            at _runTestsForDescribeBlock (/home/user/workspace/worktrees/s6/node_modules/jest-circus/build/run.js:121:9)
            at run (/home/user/workspace/worktrees/s6/node_modules/jest-circus/build/run.js:71:3)
            at runAndTransformResultsToJestFormat (/home/user/workspace/worktrees/s6/node_modules/jest-circus/build/legacy-code-todo-rewrite/jestAdapterInit.js:122:21)
            at jestAdapter (/home/user/workspace/worktrees/s6/node_modules/jest-circus/build/legacy-code-todo-rewrite/jestAdapter.js:79:19)
            at runTestInternal (/home/user/workspace/worktrees/s6/node_modules/jest-runner/build/runTest.js:367:16)
            at runTest (/home/user/workspace/worktrees/s6/node_modules/jest-runner/build/runTest.js:444:34)
      }

    [0m [90m 16 |[39m [36mfunction[39m log(level[33m:[39m [33mLogLevel[39m[33m,[39m context[33m:[39m string[33m,[39m [33m...[39margs[33m:[39m unknown[]) {
     [90m 17 |[39m   [36mif[39m (__DEV__) {
    [31m[1m>[22m[39m[90m 18 |[39m     console[level]([32m`[${context}]`[39m[33m,[39m [33m...[39margs)[33m;[39m
     [90m    |[39m                   [31m[1m^[22m[39m
     [90m 19 |[39m   }
     [90m 20 |[39m   [90m// In production, could forward to Sentry breadcrumbs here[39m
     [90m 21 |[39m }[0m

      at log (src/utils/logger.ts:18:19)
      at Object.log [as error] (src/utils/logger.ts:26:51)
      at Object.error [as onError] (src/hooks/useWearablePreference.ts:172:14)
      at Mutation.execute (node_modules/@tanstack/query-core/src/mutation.ts:288:28)

    console.error
      [["wearables","preference","STEPS"]]: No queryFn was passed as an option, and no default queryFn was found. The queryFn parameter is only optional when using a default queryFn. More info here: https://tanstack.com/query/latest/docs/framework/react/guides/default-query-function

    [0m [90m 213 |[39m   [90m// preference query so the rules-of-hooks hold regardless of the overload.[39m
     [90m 214 |[39m   [36mconst[39m boundMetric [33m=[39m args[33m?[39m[33m.[39mmetric[33m;[39m
    [31m[1m>[22m[39m[90m 215 |[39m   [36mconst[39m optimistic [33m=[39m useQuery[33m<[39m[33mWearableProvider[39m [33m|[39m [36mnull[39m[33m>[39m({
     [90m     |[39m                              [31m[1m^[22m[39m
     [90m 216 |[39m     queryKey[33m:[39m wearablePreferenceQueryKey(
     [90m 217 |[39m       [90m// A stable placeholder key when unbound keeps the hook count constant;[39m
     [90m 218 |[39m       [90m// its value is never read in the legacy branch.[39m[0m

      at useBaseQuery (node_modules/@tanstack/react-query/src/useBaseQuery.ts:71:15)
      at useQuery (node_modules/@tanstack/react-query/src/useQuery.ts:46:10)
      at useWearablePreference (src/hooks/useWearablePreference.ts:215:30)
      at _yield$renderHook9.wrapper (src/hooks/useWearablePreference.test.tsx:296:34)
      at hookToRender (node_modules/@testing-library/react-native/src/render-hook.tsx:34:26)
      at Object.react_stack_bottom_frame (node_modules/react-reconciler/cjs/react-reconciler.development.js:17596:20)
      at renderWithHooks (node_modules/react-reconciler/cjs/react-reconciler.development.js:5335:22)
      at updateFunctionComponent (node_modules/react-reconciler/cjs/react-reconciler.development.js:7720:19)
      at beginWork (node_modules/react-reconciler/cjs/react-reconciler.development.js:9277:18)
      at runWithFiberInDEV (node_modules/react-reconciler/cjs/react-reconciler.development.js:2508:13)
      at performUnitOfWork (node_modules/react-reconciler/cjs/react-reconciler.development.js:15273:22)
      at workLoopSync (node_modules/react-reconciler/cjs/react-reconciler.development.js:15099:41)
      at renderRootSync (node_modules/react-reconciler/cjs/react-reconciler.development.js:15080:11)
      at performWorkOnRoot (node_modules/react-reconciler/cjs/react-reconciler.development.js:14165:11)
      at performSyncWorkOnRoot (node_modules/react-reconciler/cjs/react-reconciler.development.js:3350:7)
      at flushSyncWorkAcrossRoots_impl (node_modules/react-reconciler/cjs/react-reconciler.development.js:3192:21)
      at processRootScheduleInMicrotask (node_modules/react-reconciler/cjs/react-reconciler.development.js:3231:9)
      at node_modules/react-reconciler/cjs/react-reconciler.development.js:3370:17
      at node_modules/test-renderer/src/reconciler.ts:479:7

    console.error
      [["wearables","preference","STEPS"]]: No queryFn was passed as an option, and no default queryFn was found. The queryFn parameter is only optional when using a default queryFn. More info here: https://tanstack.com/query/latest/docs/framework/react/guides/default-query-function

    [0m [90m 213 |[39m   [90m// preference query so the rules-of-hooks hold regardless of the overload.[39m
     [90m 214 |[39m   [36mconst[39m boundMetric [33m=[39m args[33m?[39m[33m.[39mmetric[33m;[39m
    [31m[1m>[22m[39m[90m 215 |[39m   [36mconst[39m optimistic [33m=[39m useQuery[33m<[39m[33mWearableProvider[39m [33m|[39m [36mnull[39m[33m>[39m({
     [90m     |[39m                              [31m[1m^[22m[39m
     [90m 216 |[39m     queryKey[33m:[39m wearablePreferenceQueryKey(
     [90m 217 |[39m       [90m// A stable placeholder key when unbound keeps the hook count constant;[39m
     [90m 218 |[39m       [90m// its value is never read in the legacy branch.[39m[0m

      at useBaseQuery (node_modules/@tanstack/react-query/src/useBaseQuery.ts:71:15)
      at useQuery (node_modules/@tanstack/react-query/src/useQuery.ts:46:10)
      at useWearablePreference (src/hooks/useWearablePreference.ts:215:30)
      at _yield$renderHook0.wrapper (src/hooks/useWearablePreference.test.tsx:321:34)
      at hookToRender (node_modules/@testing-library/react-native/src/render-hook.tsx:34:26)
      at Object.react_stack_bottom_frame (node_modules/react-reconciler/cjs/react-reconciler.development.js:17596:20)
      at renderWithHooks (node_modules/react-reconciler/cjs/react-reconciler.development.js:5335:22)
      at updateFunctionComponent (node_modules/react-reconciler/cjs/react-reconciler.development.js:7720:19)
      at beginWork (node_modules/react-reconciler/cjs/react-reconciler.development.js:9277:18)
      at runWithFiberInDEV (node_modules/react-reconciler/cjs/react-reconciler.development.js:2508:13)
      at performUnitOfWork (node_modules/react-reconciler/cjs/react-reconciler.development.js:15273:22)
      at workLoopSync (node_modules/react-reconciler/cjs/react-reconciler.development.js:15099:41)
      at renderRootSync (node_modules/react-reconciler/cjs/react-reconciler.development.js:15080:11)
      at performWorkOnRoot (node_modules/react-reconciler/cjs/react-reconciler.development.js:14165:11)
      at performWorkOnRootViaSchedulerTask (node_modules/react-reconciler/cjs/react-reconciler.development.js:3335:7)
      at flushActQueue (node_modules/react/cjs/react.development.js:590:34)
      at node_modules/react/cjs/react.development.js:847:21

    console.error
      [useWearablePreference.clear] {
        metric: 'STEPS',
        error: Error: clear rejected
            at Object.<anonymous> (/home/user/workspace/worktrees/s6/src/hooks/useWearablePreference.test.tsx:314:18)
            at Generator.next (<anonymous>)
            at asyncGeneratorStep (/home/user/workspace/worktrees/s6/node_modules/@babel/runtime/helpers/asyncToGenerator.js:3:17)
            at _next (/home/user/workspace/worktrees/s6/node_modules/@babel/runtime/helpers/asyncToGenerator.js:17:9)
            at /home/user/workspace/worktrees/s6/node_modules/@babel/runtime/helpers/asyncToGenerator.js:22:7
            at new Promise (<anonymous>)
            at Object.<anonymous> (/home/user/workspace/worktrees/s6/node_modules/@babel/runtime/helpers/asyncToGenerator.js:14:12)
            at Promise.then.completed (/home/user/workspace/worktrees/s6/node_modules/jest-circus/build/utils.js:298:28)
            at new Promise (<anonymous>)
            at callAsyncCircusFn (/home/user/workspace/worktrees/s6/node_modules/jest-circus/build/utils.js:231:10)
            at _callCircusTest (/home/user/workspace/worktrees/s6/node_modules/jest-circus/build/run.js:316:40)
            at _runTest (/home/user/workspace/worktrees/s6/node_modules/jest-circus/build/run.js:252:3)
            at _runTestsForDescribeBlock (/home/user/workspace/worktrees/s6/node_modules/jest-circus/build/run.js:126:9)
            at _runTestsForDescribeBlock (/home/user/workspace/worktrees/s6/node_modules/jest-circus/build/run.js:121:9)
            at run (/home/user/workspace/worktrees/s6/node_modules/jest-circus/build/run.js:71:3)
            at runAndTransformResultsToJestFormat (/home/user/workspace/worktrees/s6/node_modules/jest-circus/build/legacy-code-todo-rewrite/jestAdapterInit.js:122:21)
            at jestAdapter (/home/user/workspace/worktrees/s6/node_modules/jest-circus/build/legacy-code-todo-rewrite/jestAdapter.js:79:19)
            at runTestInternal (/home/user/workspace/worktrees/s6/node_modules/jest-runner/build/runTest.js:367:16)
            at runTest (/home/user/workspace/worktrees/s6/node_modules/jest-runner/build/runTest.js:444:34)
      }

    [0m [90m 16 |[39m [36mfunction[39m log(level[33m:[39m [33mLogLevel[39m[33m,[39m context[33m:[39m string[33m,[39m [33m...[39margs[33m:[39m unknown[]) {
     [90m 17 |[39m   [36mif[39m (__DEV__) {
    [31m[1m>[22m[39m[90m 18 |[39m     console[level]([32m`[${context}]`[39m[33m,[39m [33m...[39margs)[33m;[39m
     [90m    |[39m                   [31m[1m^[22m[39m
     [90m 19 |[39m   }
     [90m 20 |[39m   [90m// In production, could forward to Sentry breadcrumbs here[39m
     [90m 21 |[39m }[0m

      at log (src/utils/logger.ts:18:19)
      at Object.log [as error] (src/utils/logger.ts:26:51)
      at Object.error [as onError] (src/hooks/useWearablePreference.ts:172:14)
      at Mutation.execute (node_modules/@tanstack/query-core/src/mutation.ts:288:28)

    console.error
      [["wearables","preference","STEPS"]]: No queryFn was passed as an option, and no default queryFn was found. The queryFn parameter is only optional when using a default queryFn. More info here: https://tanstack.com/query/latest/docs/framework/react/guides/default-query-function

    [0m [90m 213 |[39m   [90m// preference query so the rules-of-hooks hold regardless of the overload.[39m
     [90m 214 |[39m   [36mconst[39m boundMetric [33m=[39m args[33m?[39m[33m.[39mmetric[33m;[39m
    [31m[1m>[22m[39m[90m 215 |[39m   [36mconst[39m optimistic [33m=[39m useQuery[33m<[39m[33mWearableProvider[39m [33m|[39m [36mnull[39m[33m>[39m({
     [90m     |[39m                              [31m[1m^[22m[39m
     [90m 216 |[39m     queryKey[33m:[39m wearablePreferenceQueryKey(
     [90m 217 |[39m       [90m// A stable placeholder key when unbound keeps the hook count constant;[39m
     [90m 218 |[39m       [90m// its value is never read in the legacy branch.[39m[0m

      at useBaseQuery (node_modules/@tanstack/react-query/src/useBaseQuery.ts:71:15)
      at useQuery (node_modules/@tanstack/react-query/src/useQuery.ts:46:10)
      at useWearablePreference (src/hooks/useWearablePreference.ts:215:30)
      at _yield$renderHook0.wrapper (src/hooks/useWearablePreference.test.tsx:321:34)
      at hookToRender (node_modules/@testing-library/react-native/src/render-hook.tsx:34:26)
      at Object.react_stack_bottom_frame (node_modules/react-reconciler/cjs/react-reconciler.development.js:17596:20)
      at renderWithHooks (node_modules/react-reconciler/cjs/react-reconciler.development.js:5335:22)
      at updateFunctionComponent (node_modules/react-reconciler/cjs/react-reconciler.development.js:7720:19)
      at beginWork (node_modules/react-reconciler/cjs/react-reconciler.development.js:9277:18)
      at runWithFiberInDEV (node_modules/react-reconciler/cjs/react-reconciler.development.js:2508:13)
      at performUnitOfWork (node_modules/react-reconciler/cjs/react-reconciler.development.js:15273:22)
      at workLoopSync (node_modules/react-reconciler/cjs/react-reconciler.development.js:15099:41)
      at renderRootSync (node_modules/react-reconciler/cjs/react-reconciler.development.js:15080:11)
      at performWorkOnRoot (node_modules/react-reconciler/cjs/react-reconciler.development.js:14165:11)
      at performSyncWorkOnRoot (node_modules/react-reconciler/cjs/react-reconciler.development.js:3350:7)
      at flushSyncWorkAcrossRoots_impl (node_modules/react-reconciler/cjs/react-reconciler.development.js:3192:21)
      at processRootScheduleInMicrotask (node_modules/react-reconciler/cjs/react-reconciler.development.js:3231:9)
      at node_modules/react-reconciler/cjs/react-reconciler.development.js:3370:17
      at node_modules/test-renderer/src/reconciler.ts:479:7

PASS src/screens/client/__tests__/ProgressScreen.chart.test.tsx
  ● Console

    console.error
      [progress] weight history load failed { reason: 'network down' }

    [0m [90m 16 |[39m [36mfunction[39m log(level[33m:[39m [33mLogLevel[39m[33m,[39m context[33m:[39m string[33m,[39m [33m...[39margs[33m:[39m unknown[]) {
     [90m 17 |[39m   [36mif[39m (__DEV__) {
    [31m[1m>[22m[39m[90m 18 |[39m     console[level]([32m`[${context}]`[39m[33m,[39m [33m...[39margs)[33m;[39m
     [90m    |[39m                   [31m[1m^[22m[39m
     [90m 19 |[39m   }
     [90m 20 |[39m   [90m// In production, could forward to Sentry breadcrumbs here[39m
     [90m 21 |[39m }[0m

      at log (src/utils/logger.ts:18:19)
      at Object.log [as error] (src/utils/logger.ts:26:51)
      at error (src/screens/client/ProgressScreen.tsx:352:14)
          at Generator.throw (<anonymous>)
      at asyncGeneratorStep (node_modules/@babel/runtime/helpers/asyncToGenerator.js:3:17)
      at _throw (node_modules/@babel/runtime/helpers/asyncToGenerator.js:20:9)

    console.error
      [progress] weight history load failed { reason: 'network down' }

    [0m [90m 16 |[39m [36mfunction[39m log(level[33m:[39m [33mLogLevel[39m[33m,[39m context[33m:[39m string[33m,[39m [33m...[39margs[33m:[39m unknown[]) {
     [90m 17 |[39m   [36mif[39m (__DEV__) {
    [31m[1m>[22m[39m[90m 18 |[39m     console[level]([32m`[${context}]`[39m[33m,[39m [33m...[39margs)[33m;[39m
     [90m    |[39m                   [31m[1m^[22m[39m
     [90m 19 |[39m   }
     [90m 20 |[39m   [90m// In production, could forward to Sentry breadcrumbs here[39m
     [90m 21 |[39m }[0m

      at log (src/utils/logger.ts:18:19)
      at Object.log [as error] (src/utils/logger.ts:26:51)
      at error (src/screens/client/ProgressScreen.tsx:352:14)
          at Generator.throw (<anonymous>)
      at asyncGeneratorStep (node_modules/@babel/runtime/helpers/asyncToGenerator.js:3:17)
      at _throw (node_modules/@babel/runtime/helpers/asyncToGenerator.js:20:9)

    console.error
      [progress] weight history load failed { reason: 'network down' }

    [0m [90m 16 |[39m [36mfunction[39m log(level[33m:[39m [33mLogLevel[39m[33m,[39m context[33m:[39m string[33m,[39m [33m...[39margs[33m:[39m unknown[]) {
     [90m 17 |[39m   [36mif[39m (__DEV__) {
    [31m[1m>[22m[39m[90m 18 |[39m     console[level]([32m`[${context}]`[39m[33m,[39m [33m...[39margs)[33m;[39m
     [90m    |[39m                   [31m[1m^[22m[39m
     [90m 19 |[39m   }
     [90m 20 |[39m   [90m// In production, could forward to Sentry breadcrumbs here[39m
     [90m 21 |[39m }[0m

      at log (src/utils/logger.ts:18:19)
      at Object.log [as error] (src/utils/logger.ts:26:51)
      at error (src/screens/client/ProgressScreen.tsx:352:14)
          at Generator.throw (<anonymous>)
      at asyncGeneratorStep (node_modules/@babel/runtime/helpers/asyncToGenerator.js:3:17)
      at _throw (node_modules/@babel/runtime/helpers/asyncToGenerator.js:20:9)

    console.error
      [progress] weight history load failed { reason: 'network down' }

    [0m [90m 16 |[39m [36mfunction[39m log(level[33m:[39m [33mLogLevel[39m[33m,[39m context[33m:[39m string[33m,[39m [33m...[39margs[33m:[39m unknown[]) {
     [90m 17 |[39m   [36mif[39m (__DEV__) {
    [31m[1m>[22m[39m[90m 18 |[39m     console[level]([32m`[${context}]`[39m[33m,[39m [33m...[39margs)[33m;[39m
     [90m    |[39m                   [31m[1m^[22m[39m
     [90m 19 |[39m   }
     [90m 20 |[39m   [90m// In production, could forward to Sentry breadcrumbs here[39m
     [90m 21 |[39m }[0m

      at log (src/utils/logger.ts:18:19)
      at Object.log [as error] (src/utils/logger.ts:26:51)
      at error (src/screens/client/ProgressScreen.tsx:352:14)
          at Generator.throw (<anonymous>)
      at asyncGeneratorStep (node_modules/@babel/runtime/helpers/asyncToGenerator.js:3:17)
      at _throw (node_modules/@babel/runtime/helpers/asyncToGenerator.js:20:9)

    console.error
      You seem to have overlapping act() calls, this is not supported. Be sure to await previous act() calls before making a new one.

      at popActScope (node_modules/react/cjs/react.development.js:556:17)
      at node_modules/react/cjs/react.development.js:844:17

    console.error
      You seem to have overlapping act() calls, this is not supported. Be sure to await previous act() calls before making a new one.

      at popActScope (node_modules/react/cjs/react.development.js:556:17)
      at node_modules/react/cjs/react.development.js:844:17

    console.error
      You seem to have overlapping act() calls, this is not supported. Be sure to await previous act() calls before making a new one.

      at popActScope (node_modules/react/cjs/react.development.js:556:17)
      at node_modules/react/cjs/react.development.js:844:17

PASS src/api/__tests__/workoutAutosaveApi.test.ts
PASS src/screens/community/__tests__/CommunityClassroomScreen.test.tsx
PASS src/screens/settings/__tests__/DeleteAccountScreen.test.tsx
PASS src/api/__tests__/communityApi.test.ts
PASS src/__tests__/rootNavigatorAcceptLink.test.tsx
  ● Console

    console.warn
      Deep imports from the 'react-native' package are deprecated ('react-native/Libraries/Components/TextInput/TextInputState'). Source: /Users/wooj/stripe/stripe-react-native/src/helpers.ts 6:0

    [0m [90m 61 |[39m [36mtry[39m {
     [90m 62 |[39m   [90m// eslint-disable-next-line @typescript-eslint/no-var-requires[39m
    [31m[1m>[22m[39m[90m 63 |[39m   [36mconst[39m stripeModule [33m=[39m require([32m'@stripe/stripe-react-native'[39m)[33m;[39m
     [90m    |[39m                        [31m[1m^[22m[39m
     [90m 64 |[39m   stripeHookFactory [33m=[39m stripeModule[33m.[39museStripe [33m?[39m[33m?[39m [36mnull[39m[33m;[39m
     [90m 65 |[39m } [36mcatch[39m {
     [90m 66 |[39m   [90m// Native module missing — handled at handleSelectPlan time with a user-safe[39m[0m

      at Object.<anonymous> (node_modules/@stripe/stripe-react-native/src/helpers.ts:6:1)
      at Object._interopRequireDefault (node_modules/@stripe/stripe-react-native/src/functions.ts:3:1)
      at Object.<anonymous> (node_modules/@stripe/stripe-react-native/src/hooks/useStripe.tsx:72:43)
      at Object._useState2 (node_modules/@stripe/stripe-react-native/src/hooks/useConfirmPayment.tsx:9:48)
      at Object.<anonymous> (node_modules/@stripe/stripe-react-native/src/index.tsx:3:1)
      at Object.require (src/components/PackageSelectionSheet.tsx:63:24)
      at Object.require (src/navigation/RootNavigator.tsx:38:1)
      at Object.require (src/__tests__/rootNavigatorAcceptLink.test.tsx:18:1)

PASS src/__tests__/ContentAttachForm.test.tsx
PASS src/__tests__/RiskBoardScreen.test.tsx
PASS src/__tests__/coachAi.test.tsx
  ● Console

    console.warn
      Looks like you're passing an inline function for 'component' prop for the screen 'ClientDetail' (e.g. component={() => <SomeComponent />}). Passing an inline function will cause the component state to be lost on re-render and cause perf issues since it's re-created every render. You can pass the function as children to 'Screen' instead to achieve the desired behaviour.

      at warn (node_modules/@react-navigation/core/src/useNavigationBuilder.tsx:270:21)
          at Array.forEach (<anonymous>)
      at forEach (node_modules/@react-navigation/core/src/useNavigationBuilder.tsx:221:13)
      at getRouteConfigsFromChildren (node_modules/@react-navigation/core/src/useNavigationBuilder.tsx:358:24)
      at NativeStackNavigator (node_modules/@react-navigation/native-stack/src/navigators/createNativeStackNavigator.tsx:40:25)
      at Object.react_stack_bottom_frame (node_modules/react-reconciler/cjs/react-reconciler.development.js:17596:20)
      at renderWithHooks (node_modules/react-reconciler/cjs/react-reconciler.development.js:5335:22)
      at updateFunctionComponent (node_modules/react-reconciler/cjs/react-reconciler.development.js:7720:19)
      at beginWork (node_modules/react-reconciler/cjs/react-reconciler.development.js:9277:18)
      at runWithFiberInDEV (node_modules/react-reconciler/cjs/react-reconciler.development.js:2508:13)
      at performUnitOfWork (node_modules/react-reconciler/cjs/react-reconciler.development.js:15273:22)
      at workLoopSync (node_modules/react-reconciler/cjs/react-reconciler.development.js:15099:41)
      at renderRootSync (node_modules/react-reconciler/cjs/react-reconciler.development.js:15080:11)
      at performWorkOnRoot (node_modules/react-reconciler/cjs/react-reconciler.development.js:14165:11)
      at performWorkOnRootViaSchedulerTask (node_modules/react-reconciler/cjs/react-reconciler.development.js:3335:7)
      at flushActQueue (node_modules/react/cjs/react.development.js:590:34)
      at node_modules/react/cjs/react.development.js:847:21

PASS src/__tests__/coachSaasBlockers.test.ts
PASS src/hooks/__tests__/useRosterReviewDelta.test.tsx
  ● Console

    console.error
      The current testing environment is not configured to support act(...)

    [0m [90m 70 |[39m     [36mif[39m (baselineRef[33m.[39mcurrent[33m?[39m[33m.[39muserId [33m===[39m userId) [36mreturn[39m[33m;[39m
     [90m 71 |[39m     baselineRef[33m.[39mcurrent [33m=[39m [36mnull[39m[33m;[39m
    [31m[1m>[22m[39m[90m 72 |[39m     setDelta([35m0[39m)[33m;[39m
     [90m    |[39m     [31m[1m^[22m[39m
     [90m 73 |[39m     sync()[33m;[39m
     [90m 74 |[39m   }[33m,[39m [enabled[33m,[39m userId[33m,[39m sync])[33m;[39m
     [90m 75 |[39m[0m

      at isConcurrentActEnvironment (node_modules/react-reconciler/cjs/react-reconciler.development.js:13990:17)
      at warnIfUpdatesNotWrappedWithActDEV (node_modules/react-reconciler/cjs/react-reconciler.development.js:16304:7)
      at scheduleUpdateOnFiber (node_modules/react-reconciler/cjs/react-reconciler.development.js:14070:11)
      at dispatchSetStateInternal (node_modules/react-reconciler/cjs/react-reconciler.development.js:6784:13)
      at dispatchSetState (node_modules/react-reconciler/cjs/react-reconciler.development.js:6741:7)
      at setDelta (src/hooks/useRosterReviewDelta.ts:72:5)
      at Object.react_stack_bottom_frame (node_modules/react-reconciler/cjs/react-reconciler.development.js:17681:20)
      at runWithFiberInDEV (node_modules/react-reconciler/cjs/react-reconciler.development.js:2508:13)
      at commitHookEffectListMount (node_modules/react-reconciler/cjs/react-reconciler.development.js:10861:29)
      at commitHookPassiveMountEffects (node_modules/react-reconciler/cjs/react-reconciler.development.js:10948:11)
      at commitPassiveMountOnFiber (node_modules/react-reconciler/cjs/react-reconciler.development.js:12979:13)
      at recursivelyTraversePassiveMountEffects (node_modules/react-reconciler/cjs/react-reconciler.development.js:12934:11)
      at commitPassiveMountOnFiber (node_modules/react-reconciler/cjs/react-reconciler.development.js:13014:11)
      at flushPassiveEffects (node_modules/react-reconciler/cjs/react-reconciler.development.js:15982:9)
      at node_modules/react-reconciler/cjs/react-reconciler.development.js:15555:15
      at flushActQueue (node_modules/react/cjs/react.development.js:590:34)
      at node_modules/react/cjs/react.development.js:847:21

    console.error
      The current testing environment is not configured to support act(...)

    [0m [90m 53 |[39m       [36mif[39m ([33m![39mbase [33m||[39m base[33m.[39muserId [33m!==[39m userId) {
     [90m 54 |[39m         baselineRef[33m.[39mcurrent [33m=[39m { userId[33m,[39m count }[33m;[39m
    [31m[1m>[22m[39m[90m 55 |[39m         setDelta([35m0[39m)[33m;[39m
     [90m    |[39m         [31m[1m^[22m[39m
     [90m 56 |[39m       } [36melse[39m {
     [90m 57 |[39m         setDelta([33mMath[39m[33m.[39mmax([35m0[39m[33m,[39m count [33m-[39m base[33m.[39mcount))[33m;[39m
     [90m 58 |[39m       }[0m

      at isConcurrentActEnvironment (node_modules/react-reconciler/cjs/react-reconciler.development.js:13990:17)
      at warnIfUpdatesNotWrappedWithActDEV (node_modules/react-reconciler/cjs/react-reconciler.development.js:16304:7)
      at scheduleUpdateOnFiber (node_modules/react-reconciler/cjs/react-reconciler.development.js:14070:11)
      at dispatchSetStateInternal (node_modules/react-reconciler/cjs/react-reconciler.development.js:6784:13)
      at dispatchSetState (node_modules/react-reconciler/cjs/react-reconciler.development.js:6741:7)
      at setDelta (src/hooks/useRosterReviewDelta.ts:55:9)

    console.error
      The current testing environment is not configured to support act(...)

    [0m [90m 65 |[39m     [36mif[39m ([33m![39menabled [33m||[39m [33m![39muserId) {
     [90m 66 |[39m       baselineRef[33m.[39mcurrent [33m=[39m [36mnull[39m[33m;[39m
    [31m[1m>[22m[39m[90m 67 |[39m       setDelta([35m0[39m)[33m;[39m
     [90m    |[39m       [31m[1m^[22m[39m
     [90m 68 |[39m       [36mreturn[39m[33m;[39m
     [90m 69 |[39m     }
     [90m 70 |[39m     [36mif[39m (baselineRef[33m.[39mcurrent[33m?[39m[33m.[39muserId [33m===[39m userId) [36mreturn[39m[33m;[39m[0m

      at isConcurrentActEnvironment (node_modules/react-reconciler/cjs/react-reconciler.development.js:13990:17)
      at warnIfUpdatesNotWrappedWithActDEV (node_modules/react-reconciler/cjs/react-reconciler.development.js:16304:7)
      at scheduleUpdateOnFiber (node_modules/react-reconciler/cjs/react-reconciler.development.js:14070:11)
      at dispatchSetStateInternal (node_modules/react-reconciler/cjs/react-reconciler.development.js:6784:13)
      at dispatchSetState (node_modules/react-reconciler/cjs/react-reconciler.development.js:6741:7)
      at setDelta (src/hooks/useRosterReviewDelta.ts:67:7)
      at Object.react_stack_bottom_frame (node_modules/react-reconciler/cjs/react-reconciler.development.js:17681:20)
      at runWithFiberInDEV (node_modules/react-reconciler/cjs/react-reconciler.development.js:2508:13)
      at commitHookEffectListMount (node_modules/react-reconciler/cjs/react-reconciler.development.js:10861:29)
      at commitHookPassiveMountEffects (node_modules/react-reconciler/cjs/react-reconciler.development.js:10948:11)
      at commitPassiveMountOnFiber (node_modules/react-reconciler/cjs/react-reconciler.development.js:12979:13)
      at recursivelyTraversePassiveMountEffects (node_modules/react-reconciler/cjs/react-reconciler.development.js:12934:11)
      at commitPassiveMountOnFiber (node_modules/react-reconciler/cjs/react-reconciler.development.js:13014:11)
      at flushPassiveEffects (node_modules/react-reconciler/cjs/react-reconciler.development.js:15982:9)
      at node_modules/react-reconciler/cjs/react-reconciler.development.js:15555:15
      at flushActQueue (node_modules/react/cjs/react.development.js:590:34)
      at node_modules/react/cjs/react.development.js:847:21

PASS src/services/__tests__/api.refresh.test.ts
PASS src/screens/community/__tests__/coachCommunityEmptyStateContract.integration.test.tsx
PASS src/hooks/__tests__/useCommunityEvents.test.tsx
  ● Console

    console.error
      An update to HookContainer inside a test was not wrapped in act(...).
      
      When testing, code that causes React state updates should be wrapped into act(...):
      
      act(() => {
        /* fire events that update state */
      });
      /* assert on the output */
      
      This ensures that you're testing the behavior the user would see in the browser. Learn more at https://react.dev/link/wrap-tests-with-act

      at node_modules/react-reconciler/cjs/react-reconciler.development.js:16307:19
      at runWithFiberInDEV (node_modules/react-reconciler/cjs/react-reconciler.development.js:2508:13)
      at warnIfUpdatesNotWrappedWithActDEV (node_modules/react-reconciler/cjs/react-reconciler.development.js:16306:9)
      at scheduleUpdateOnFiber (node_modules/react-reconciler/cjs/react-reconciler.development.js:14070:11)
      at forceStoreRerender (node_modules/react-reconciler/cjs/react-reconciler.development.js:5935:24)
      at node_modules/react-reconciler/cjs/react-reconciler.development.js:5920:11
      at node_modules/@tanstack/query-core/src/notifyManager.ts:73:11
      at notifyFn (node_modules/@tanstack/query-core/src/notifyManager.ts:21:5)
      at node_modules/@tanstack/query-core/src/notifyManager.ts:44:13
          at Array.forEach (<anonymous>)
      at node_modules/@tanstack/query-core/src/notifyManager.ts:43:25
      at batchNotifyFn (node_modules/@tanstack/query-core/src/notifyManager.ts:24:5)
      at Timeout._onTimeout (node_modules/@tanstack/query-core/src/notifyManager.ts:42:9)

PASS src/hooks/__tests__/useCommunity.test.tsx
  ● Console

    console.error
      An update to HookContainer inside a test was not wrapped in act(...).
      
      When testing, code that causes React state updates should be wrapped into act(...):
      
      act(() => {
        /* fire events that update state */
      });
      /* assert on the output */
      
      This ensures that you're testing the behavior the user would see in the browser. Learn more at https://react.dev/link/wrap-tests-with-act

      at node_modules/react-reconciler/cjs/react-reconciler.development.js:16307:19
      at runWithFiberInDEV (node_modules/react-reconciler/cjs/react-reconciler.development.js:2508:13)
      at warnIfUpdatesNotWrappedWithActDEV (node_modules/react-reconciler/cjs/react-reconciler.development.js:16306:9)
      at scheduleUpdateOnFiber (node_modules/react-reconciler/cjs/react-reconciler.development.js:14070:11)
      at forceStoreRerender (node_modules/react-reconciler/cjs/react-reconciler.development.js:5935:24)
      at node_modules/react-reconciler/cjs/react-reconciler.development.js:5920:11
      at node_modules/@tanstack/query-core/src/notifyManager.ts:73:11
      at notifyFn (node_modules/@tanstack/query-core/src/notifyManager.ts:21:5)
      at node_modules/@tanstack/query-core/src/notifyManager.ts:44:13
          at Array.forEach (<anonymous>)
      at node_modules/@tanstack/query-core/src/notifyManager.ts:43:25
      at batchNotifyFn (node_modules/@tanstack/query-core/src/notifyManager.ts:24:5)
      at Timeout._onTimeout (node_modules/@tanstack/query-core/src/notifyManager.ts:42:9)

PASS src/api/wearablesSamplesApi.test.ts
PASS src/hooks/__tests__/useCoachAckActions.test.tsx
PASS src/__tests__/wave11Screens.test.tsx
PASS src/services/__tests__/apiClients.test.ts
PASS src/services/health/healthConnect/__tests__/healthConnectNormalizer.test.ts
PASS src/screens/community/__tests__/communityScreens.test.tsx
PASS src/services/health/samsungHealth/__tests__/samsungHealthSyncService.test.ts
  ● Console

    console.warn
      [samsungHealthSyncService] Health Connect unavailable; skipping sync SamsungHealthUnavailableError: Samsung Health data is unavailable on this device: not installed
          at Object.<anonymous> (/home/user/workspace/worktrees/s6/src/services/health/samsungHealth/__tests__/samsungHealthSyncService.test.ts:147:9)
          at Generator.next (<anonymous>)
          at asyncGeneratorStep (/home/user/workspace/worktrees/s6/node_modules/@babel/runtime/helpers/asyncToGenerator.js:3:17)
          at _next (/home/user/workspace/worktrees/s6/node_modules/@babel/runtime/helpers/asyncToGenerator.js:17:9)
          at /home/user/workspace/worktrees/s6/node_modules/@babel/runtime/helpers/asyncToGenerator.js:22:7
          at new Promise (<anonymous>)
          at Object.<anonymous> (/home/user/workspace/worktrees/s6/node_modules/@babel/runtime/helpers/asyncToGenerator.js:14:12)
          at Promise.then.completed (/home/user/workspace/worktrees/s6/node_modules/jest-circus/build/utils.js:298:28)
          at new Promise (<anonymous>)
          at callAsyncCircusFn (/home/user/workspace/worktrees/s6/node_modules/jest-circus/build/utils.js:231:10)
          at _callCircusTest (/home/user/workspace/worktrees/s6/node_modules/jest-circus/build/run.js:316:40)
          at _runTest (/home/user/workspace/worktrees/s6/node_modules/jest-circus/build/run.js:252:3)
          at _runTestsForDescribeBlock (/home/user/workspace/worktrees/s6/node_modules/jest-circus/build/run.js:126:9)
          at _runTestsForDescribeBlock (/home/user/workspace/worktrees/s6/node_modules/jest-circus/build/run.js:121:9)
          at _runTestsForDescribeBlock (/home/user/workspace/worktrees/s6/node_modules/jest-circus/build/run.js:121:9)
          at run (/home/user/workspace/worktrees/s6/node_modules/jest-circus/build/run.js:71:3)
          at runAndTransformResultsToJestFormat (/home/user/workspace/worktrees/s6/node_modules/jest-circus/build/legacy-code-todo-rewrite/jestAdapterInit.js:122:21)
          at jestAdapter (/home/user/workspace/worktrees/s6/node_modules/jest-circus/build/legacy-code-todo-rewrite/jestAdapter.js:79:19)
          at runTestInternal (/home/user/workspace/worktrees/s6/node_modules/jest-runner/build/runTest.js:367:16)
          at runTest (/home/user/workspace/worktrees/s6/node_modules/jest-runner/build/runTest.js:444:34)

    [0m [90m 16 |[39m [36mfunction[39m log(level[33m:[39m [33mLogLevel[39m[33m,[39m context[33m:[39m string[33m,[39m [33m...[39margs[33m:[39m unknown[]) {
     [90m 17 |[39m   [36mif[39m (__DEV__) {
    [31m[1m>[22m[39m[90m 18 |[39m     console[level]([32m`[${context}]`[39m[33m,[39m [33m...[39margs)[33m;[39m
     [90m    |[39m                   [31m[1m^[22m[39m
     [90m 19 |[39m   }
     [90m 20 |[39m   [90m// In production, could forward to Sentry breadcrumbs here[39m
     [90m 21 |[39m }[0m

      at log (src/utils/logger.ts:18:19)
      at Object.log [as warn] (src/utils/logger.ts:25:50)
      at warn (src/services/health/samsungHealth/samsungHealthSyncService.ts:135:14)
          at Generator.throw (<anonymous>)
      at asyncGeneratorStep (node_modules/@babel/runtime/helpers/asyncToGenerator.js:3:17)
      at _throw (node_modules/@babel/runtime/helpers/asyncToGenerator.js:20:9)

    console.warn
      [samsungHealthSyncService] Health Connect unavailable; skipping sync SamsungHealthUnavailableError: Samsung Health data is unavailable on this device. Health Connect may not be installed.
          at Object.<anonymous> (/home/user/workspace/worktrees/s6/src/services/health/samsungHealth/__tests__/samsungHealthSyncService.test.ts:160:44)
          at Generator.next (<anonymous>)
          at asyncGeneratorStep (/home/user/workspace/worktrees/s6/node_modules/@babel/runtime/helpers/asyncToGenerator.js:3:17)
          at _next (/home/user/workspace/worktrees/s6/node_modules/@babel/runtime/helpers/asyncToGenerator.js:17:9)
          at /home/user/workspace/worktrees/s6/node_modules/@babel/runtime/helpers/asyncToGenerator.js:22:7
          at new Promise (<anonymous>)
          at Object.<anonymous> (/home/user/workspace/worktrees/s6/node_modules/@babel/runtime/helpers/asyncToGenerator.js:14:12)
          at Promise.then.completed (/home/user/workspace/worktrees/s6/node_modules/jest-circus/build/utils.js:298:28)
          at new Promise (<anonymous>)
          at callAsyncCircusFn (/home/user/workspace/worktrees/s6/node_modules/jest-circus/build/utils.js:231:10)
          at _callCircusTest (/home/user/workspace/worktrees/s6/node_modules/jest-circus/build/run.js:316:40)
          at _runTest (/home/user/workspace/worktrees/s6/node_modules/jest-circus/build/run.js:252:3)
          at _runTestsForDescribeBlock (/home/user/workspace/worktrees/s6/node_modules/jest-circus/build/run.js:126:9)
          at _runTestsForDescribeBlock (/home/user/workspace/worktrees/s6/node_modules/jest-circus/build/run.js:121:9)
          at _runTestsForDescribeBlock (/home/user/workspace/worktrees/s6/node_modules/jest-circus/build/run.js:121:9)
          at run (/home/user/workspace/worktrees/s6/node_modules/jest-circus/build/run.js:71:3)
          at runAndTransformResultsToJestFormat (/home/user/workspace/worktrees/s6/node_modules/jest-circus/build/legacy-code-todo-rewrite/jestAdapterInit.js:122:21)
          at jestAdapter (/home/user/workspace/worktrees/s6/node_modules/jest-circus/build/legacy-code-todo-rewrite/jestAdapter.js:79:19)
          at runTestInternal (/home/user/workspace/worktrees/s6/node_modules/jest-runner/build/runTest.js:367:16)
          at runTest (/home/user/workspace/worktrees/s6/node_modules/jest-runner/build/runTest.js:444:34)

    [0m [90m 16 |[39m [36mfunction[39m log(level[33m:[39m [33mLogLevel[39m[33m,[39m context[33m:[39m string[33m,[39m [33m...[39margs[33m:[39m unknown[]) {
     [90m 17 |[39m   [36mif[39m (__DEV__) {
    [31m[1m>[22m[39m[90m 18 |[39m     console[level]([32m`[${context}]`[39m[33m,[39m [33m...[39margs)[33m;[39m
     [90m    |[39m                   [31m[1m^[22m[39m
     [90m 19 |[39m   }
     [90m 20 |[39m   [90m// In production, could forward to Sentry breadcrumbs here[39m
     [90m 21 |[39m }[0m

      at log (src/utils/logger.ts:18:19)
      at Object.log [as warn] (src/utils/logger.ts:25:50)
      at warn (src/services/health/samsungHealth/samsungHealthSyncService.ts:135:14)
          at Generator.throw (<anonymous>)
      at asyncGeneratorStep (node_modules/@babel/runtime/helpers/asyncToGenerator.js:3:17)
      at _throw (node_modules/@babel/runtime/helpers/asyncToGenerator.js:20:9)

    console.log
      [samsungHealthSyncService] sync complete: 2 samples from 1 record types; lastSyncAt=2026-05-31T00:00:00.000Z

      at log (src/utils/logger.ts:18:19)

    console.log
      [samsungHealthSyncService] sync complete: 0 samples from 1 record types; lastSyncAt=2026-05-31T00:00:00.000Z

      at log (src/utils/logger.ts:18:19)

    console.log
      [samsungHealthSyncService] sync complete: 0 samples from 1 record types; lastSyncAt=2026-05-31T00:00:00.000Z

      at log (src/utils/logger.ts:18:19)

    console.log
      [samsungHealthSyncService] sync complete: 0 samples from 1 record types; lastSyncAt=2026-05-31T00:00:00.000Z

      at log (src/utils/logger.ts:18:19)

    console.log
      [samsungHealthSyncService] sync complete: 0 samples from 3 record types; lastSyncAt=2026-05-31T00:00:00.000Z

      at log (src/utils/logger.ts:18:19)

PASS src/__tests__/coachLtvDashboard.test.tsx
  ● Console

    console.warn
      [CoachLtvDashboard] Error: Network error
          at makeErrorApiGet (/home/user/workspace/worktrees/s6/src/__tests__/coachLtvDashboard.test.tsx:55:38)
          at Object.makeErrorApiGet (/home/user/workspace/worktrees/s6/src/__tests__/coachLtvDashboard.test.tsx:187:29)
          at Generator.next (<anonymous>)
          at asyncGeneratorStep (/home/user/workspace/worktrees/s6/node_modules/@babel/runtime/helpers/asyncToGenerator.js:3:17)
          at _next (/home/user/workspace/worktrees/s6/node_modules/@babel/runtime/helpers/asyncToGenerator.js:17:9)
          at /home/user/workspace/worktrees/s6/node_modules/@babel/runtime/helpers/asyncToGenerator.js:22:7
          at new Promise (<anonymous>)
          at Object.<anonymous> (/home/user/workspace/worktrees/s6/node_modules/@babel/runtime/helpers/asyncToGenerator.js:14:12)
          at Promise.then.completed (/home/user/workspace/worktrees/s6/node_modules/jest-circus/build/utils.js:298:28)
          at new Promise (<anonymous>)
          at callAsyncCircusFn (/home/user/workspace/worktrees/s6/node_modules/jest-circus/build/utils.js:231:10)
          at _callCircusTest (/home/user/workspace/worktrees/s6/node_modules/jest-circus/build/run.js:316:40)
          at _runTest (/home/user/workspace/worktrees/s6/node_modules/jest-circus/build/run.js:252:3)
          at _runTestsForDescribeBlock (/home/user/workspace/worktrees/s6/node_modules/jest-circus/build/run.js:126:9)
          at _runTestsForDescribeBlock (/home/user/workspace/worktrees/s6/node_modules/jest-circus/build/run.js:121:9)
          at _runTestsForDescribeBlock (/home/user/workspace/worktrees/s6/node_modules/jest-circus/build/run.js:121:9)
          at run (/home/user/workspace/worktrees/s6/node_modules/jest-circus/build/run.js:71:3)
          at runAndTransformResultsToJestFormat (/home/user/workspace/worktrees/s6/node_modules/jest-circus/build/legacy-code-todo-rewrite/jestAdapterInit.js:122:21)
          at jestAdapter (/home/user/workspace/worktrees/s6/node_modules/jest-circus/build/legacy-code-todo-rewrite/jestAdapter.js:79:19)
          at runTestInternal (/home/user/workspace/worktrees/s6/node_modules/jest-runner/build/runTest.js:367:16)
          at runTest (/home/user/workspace/worktrees/s6/node_modules/jest-runner/build/runTest.js:444:34)

    [0m [90m 469 |[39m       } [36mcatch[39m (err) {
     [90m 470 |[39m         setError([32m'Unable to load LTV metrics. Check your connection.'[39m)[33m;[39m
    [31m[1m>[22m[39m[90m 471 |[39m         [36mif[39m (__DEV__) console[33m.[39mwarn([32m'[CoachLtvDashboard]'[39m[33m,[39m err)[33m;[39m
     [90m     |[39m                              [31m[1m^[22m[39m
     [90m 472 |[39m       } [36mfinally[39m {
     [90m 473 |[39m         setLoading([36mfalse[39m)[33m;[39m
     [90m 474 |[39m         setRefreshing([36mfalse[39m)[33m;[39m[0m

      at warn (src/components/command-center/CoachLtvDashboard.tsx:471:30)
          at Generator.throw (<anonymous>)
      at asyncGeneratorStep (node_modules/@babel/runtime/helpers/asyncToGenerator.js:3:17)
      at _throw (node_modules/@babel/runtime/helpers/asyncToGenerator.js:20:9)

    console.warn
      [CoachLtvDashboard] Error: Network error
          at makeErrorApiGet (/home/user/workspace/worktrees/s6/src/__tests__/coachLtvDashboard.test.tsx:55:38)
          at Object.makeErrorApiGet (/home/user/workspace/worktrees/s6/src/__tests__/coachLtvDashboard.test.tsx:194:29)
          at Generator.next (<anonymous>)
          at asyncGeneratorStep (/home/user/workspace/worktrees/s6/node_modules/@babel/runtime/helpers/asyncToGenerator.js:3:17)
          at _next (/home/user/workspace/worktrees/s6/node_modules/@babel/runtime/helpers/asyncToGenerator.js:17:9)
          at /home/user/workspace/worktrees/s6/node_modules/@babel/runtime/helpers/asyncToGenerator.js:22:7
          at new Promise (<anonymous>)
          at Object.<anonymous> (/home/user/workspace/worktrees/s6/node_modules/@babel/runtime/helpers/asyncToGenerator.js:14:12)
          at Promise.then.completed (/home/user/workspace/worktrees/s6/node_modules/jest-circus/build/utils.js:298:28)
          at new Promise (<anonymous>)
          at callAsyncCircusFn (/home/user/workspace/worktrees/s6/node_modules/jest-circus/build/utils.js:231:10)
          at _callCircusTest (/home/user/workspace/worktrees/s6/node_modules/jest-circus/build/run.js:316:40)
          at _runTest (/home/user/workspace/worktrees/s6/node_modules/jest-circus/build/run.js:252:3)
          at _runTestsForDescribeBlock (/home/user/workspace/worktrees/s6/node_modules/jest-circus/build/run.js:126:9)
          at _runTestsForDescribeBlock (/home/user/workspace/worktrees/s6/node_modules/jest-circus/build/run.js:121:9)
          at _runTestsForDescribeBlock (/home/user/workspace/worktrees/s6/node_modules/jest-circus/build/run.js:121:9)
          at run (/home/user/workspace/worktrees/s6/node_modules/jest-circus/build/run.js:71:3)
          at runAndTransformResultsToJestFormat (/home/user/workspace/worktrees/s6/node_modules/jest-circus/build/legacy-code-todo-rewrite/jestAdapterInit.js:122:21)
          at jestAdapter (/home/user/workspace/worktrees/s6/node_modules/jest-circus/build/legacy-code-todo-rewrite/jestAdapter.js:79:19)
          at runTestInternal (/home/user/workspace/worktrees/s6/node_modules/jest-runner/build/runTest.js:367:16)
          at runTest (/home/user/workspace/worktrees/s6/node_modules/jest-runner/build/runTest.js:444:34)

    [0m [90m 469 |[39m       } [36mcatch[39m (err) {
     [90m 470 |[39m         setError([32m'Unable to load LTV metrics. Check your connection.'[39m)[33m;[39m
    [31m[1m>[22m[39m[90m 471 |[39m         [36mif[39m (__DEV__) console[33m.[39mwarn([32m'[CoachLtvDashboard]'[39m[33m,[39m err)[33m;[39m
     [90m     |[39m                              [31m[1m^[22m[39m
     [90m 472 |[39m       } [36mfinally[39m {
     [90m 473 |[39m         setLoading([36mfalse[39m)[33m;[39m
     [90m 474 |[39m         setRefreshing([36mfalse[39m)[33m;[39m[0m

      at warn (src/components/command-center/CoachLtvDashboard.tsx:471:30)
          at Generator.throw (<anonymous>)
      at asyncGeneratorStep (node_modules/@babel/runtime/helpers/asyncToGenerator.js:3:17)
      at _throw (node_modules/@babel/runtime/helpers/asyncToGenerator.js:20:9)

    console.warn
      [CoachLtvDashboard] Error: Network error
          at makeErrorApiGet (/home/user/workspace/worktrees/s6/src/__tests__/coachLtvDashboard.test.tsx:55:38)
          at Object.makeErrorApiGet (/home/user/workspace/worktrees/s6/src/__tests__/coachLtvDashboard.test.tsx:201:22)
          at Generator.next (<anonymous>)
          at asyncGeneratorStep (/home/user/workspace/worktrees/s6/node_modules/@babel/runtime/helpers/asyncToGenerator.js:3:17)
          at _next (/home/user/workspace/worktrees/s6/node_modules/@babel/runtime/helpers/asyncToGenerator.js:17:9)
          at /home/user/workspace/worktrees/s6/node_modules/@babel/runtime/helpers/asyncToGenerator.js:22:7
          at new Promise (<anonymous>)
          at Object.<anonymous> (/home/user/workspace/worktrees/s6/node_modules/@babel/runtime/helpers/asyncToGenerator.js:14:12)
          at Promise.then.completed (/home/user/workspace/worktrees/s6/node_modules/jest-circus/build/utils.js:298:28)
          at new Promise (<anonymous>)
          at callAsyncCircusFn (/home/user/workspace/worktrees/s6/node_modules/jest-circus/build/utils.js:231:10)
          at _callCircusTest (/home/user/workspace/worktrees/s6/node_modules/jest-circus/build/run.js:316:40)
          at _runTest (/home/user/workspace/worktrees/s6/node_modules/jest-circus/build/run.js:252:3)
          at _runTestsForDescribeBlock (/home/user/workspace/worktrees/s6/node_modules/jest-circus/build/run.js:126:9)
          at _runTestsForDescribeBlock (/home/user/workspace/worktrees/s6/node_modules/jest-circus/build/run.js:121:9)
          at _runTestsForDescribeBlock (/home/user/workspace/worktrees/s6/node_modules/jest-circus/build/run.js:121:9)
          at run (/home/user/workspace/worktrees/s6/node_modules/jest-circus/build/run.js:71:3)
          at runAndTransformResultsToJestFormat (/home/user/workspace/worktrees/s6/node_modules/jest-circus/build/legacy-code-todo-rewrite/jestAdapterInit.js:122:21)
          at jestAdapter (/home/user/workspace/worktrees/s6/node_modules/jest-circus/build/legacy-code-todo-rewrite/jestAdapter.js:79:19)
          at runTestInternal (/home/user/workspace/worktrees/s6/node_modules/jest-runner/build/runTest.js:367:16)
          at runTest (/home/user/workspace/worktrees/s6/node_modules/jest-runner/build/runTest.js:444:34)

    [0m [90m 469 |[39m       } [36mcatch[39m (err) {
     [90m 470 |[39m         setError([32m'Unable to load LTV metrics. Check your connection.'[39m)[33m;[39m
    [31m[1m>[22m[39m[90m 471 |[39m         [36mif[39m (__DEV__) console[33m.[39mwarn([32m'[CoachLtvDashboard]'[39m[33m,[39m err)[33m;[39m
     [90m     |[39m                              [31m[1m^[22m[39m
     [90m 472 |[39m       } [36mfinally[39m {
     [90m 473 |[39m         setLoading([36mfalse[39m)[33m;[39m
     [90m 474 |[39m         setRefreshing([36mfalse[39m)[33m;[39m[0m

      at warn (src/components/command-center/CoachLtvDashboard.tsx:471:30)
          at Generator.throw (<anonymous>)
      at asyncGeneratorStep (node_modules/@babel/runtime/helpers/asyncToGenerator.js:3:17)
      at _throw (node_modules/@babel/runtime/helpers/asyncToGenerator.js:20:9)

    console.warn
      [CoachLtvDashboard] Error: Network error
          at makeErrorApiGet (/home/user/workspace/worktrees/s6/src/__tests__/coachLtvDashboard.test.tsx:55:38)
          at Object.makeErrorApiGet (/home/user/workspace/worktrees/s6/src/__tests__/coachLtvDashboard.test.tsx:201:22)
          at Generator.next (<anonymous>)
          at asyncGeneratorStep (/home/user/workspace/worktrees/s6/node_modules/@babel/runtime/helpers/asyncToGenerator.js:3:17)
          at _next (/home/user/workspace/worktrees/s6/node_modules/@babel/runtime/helpers/asyncToGenerator.js:17:9)
          at /home/user/workspace/worktrees/s6/node_modules/@babel/runtime/helpers/asyncToGenerator.js:22:7
          at new Promise (<anonymous>)
          at Object.<anonymous> (/home/user/workspace/worktrees/s6/node_modules/@babel/runtime/helpers/asyncToGenerator.js:14:12)
          at Promise.then.completed (/home/user/workspace/worktrees/s6/node_modules/jest-circus/build/utils.js:298:28)
          at new Promise (<anonymous>)
          at callAsyncCircusFn (/home/user/workspace/worktrees/s6/node_modules/jest-circus/build/utils.js:231:10)
          at _callCircusTest (/home/user/workspace/worktrees/s6/node_modules/jest-circus/build/run.js:316:40)
          at _runTest (/home/user/workspace/worktrees/s6/node_modules/jest-circus/build/run.js:252:3)
          at _runTestsForDescribeBlock (/home/user/workspace/worktrees/s6/node_modules/jest-circus/build/run.js:126:9)
          at _runTestsForDescribeBlock (/home/user/workspace/worktrees/s6/node_modules/jest-circus/build/run.js:121:9)
          at _runTestsForDescribeBlock (/home/user/workspace/worktrees/s6/node_modules/jest-circus/build/run.js:121:9)
          at run (/home/user/workspace/worktrees/s6/node_modules/jest-circus/build/run.js:71:3)
          at runAndTransformResultsToJestFormat (/home/user/workspace/worktrees/s6/node_modules/jest-circus/build/legacy-code-todo-rewrite/jestAdapterInit.js:122:21)
          at jestAdapter (/home/user/workspace/worktrees/s6/node_modules/jest-circus/build/legacy-code-todo-rewrite/jestAdapter.js:79:19)
          at runTestInternal (/home/user/workspace/worktrees/s6/node_modules/jest-runner/build/runTest.js:367:16)
          at runTest (/home/user/workspace/worktrees/s6/node_modules/jest-runner/build/runTest.js:444:34)

    [0m [90m 469 |[39m       } [36mcatch[39m (err) {
     [90m 470 |[39m         setError([32m'Unable to load LTV metrics. Check your connection.'[39m)[33m;[39m
    [31m[1m>[22m[39m[90m 471 |[39m         [36mif[39m (__DEV__) console[33m.[39mwarn([32m'[CoachLtvDashboard]'[39m[33m,[39m err)[33m;[39m
     [90m     |[39m                              [31m[1m^[22m[39m
     [90m 472 |[39m       } [36mfinally[39m {
     [90m 473 |[39m         setLoading([36mfalse[39m)[33m;[39m
     [90m 474 |[39m         setRefreshing([36mfalse[39m)[33m;[39m[0m

      at warn (src/components/command-center/CoachLtvDashboard.tsx:471:30)
          at Generator.throw (<anonymous>)
      at asyncGeneratorStep (node_modules/@babel/runtime/helpers/asyncToGenerator.js:3:17)
      at _throw (node_modules/@babel/runtime/helpers/asyncToGenerator.js:20:9)

PASS src/api/__tests__/coachAiExecutionApi.test.ts
PASS src/services/health/healthkit/__tests__/healthKitNormalizer.test.ts
PASS src/hooks/__tests__/useWearablePrompts.test.tsx
PASS src/services/health/samsungHealth/__tests__/samsungHealthNormalizer.test.ts
PASS src/screens/client/wearables/__tests__/recoveryData.test.ts
PASS src/components/coach/__tests__/ExtensionPairingPanel.reconstruct.test.tsx
PASS src/__tests__/TimelineScreen.test.tsx
PASS src/services/health/samsungHealth/__tests__/samsungHealthClient.test.ts
  ● Console

    console.log
      [samsungHealthClient] readRecords(Steps): kept 1/1 records with dataOrigin=com.sec.android.app.shealth

      at log (src/utils/logger.ts:18:19)

    console.log
      [samsungHealthClient] readRecords(Steps): kept 0/1 records with dataOrigin=com.sec.android.app.shealth

      at log (src/utils/logger.ts:18:19)

    console.log
      [samsungHealthClient] readRecords(Steps): kept 2/4 records with dataOrigin=com.sec.android.app.shealth

      at log (src/utils/logger.ts:18:19)

    console.log
      [samsungHealthClient] readRecords(Steps): kept 1/2 records with dataOrigin=com.sec.android.app.shealth

      at log (src/utils/logger.ts:18:19)

    console.log
      [samsungHealthClient] readRecords(Steps): kept 1/1 records with dataOrigin=com.sec.android.app.shealth

      at log (src/utils/logger.ts:18:19)

    console.error
      [samsungHealthClient] readRecords(Steps) failed Error: Health Connect crashed
          at Object.<anonymous> (/home/user/workspace/worktrees/s6/src/services/health/samsungHealth/__tests__/samsungHealthClient.test.ts:202:9)
          at Generator.next (<anonymous>)
          at asyncGeneratorStep (/home/user/workspace/worktrees/s6/node_modules/@babel/runtime/helpers/asyncToGenerator.js:3:17)
          at _next (/home/user/workspace/worktrees/s6/node_modules/@babel/runtime/helpers/asyncToGenerator.js:17:9)
          at /home/user/workspace/worktrees/s6/node_modules/@babel/runtime/helpers/asyncToGenerator.js:22:7
          at new Promise (<anonymous>)
          at Object.<anonymous> (/home/user/workspace/worktrees/s6/node_modules/@babel/runtime/helpers/asyncToGenerator.js:14:12)
          at Promise.then.completed (/home/user/workspace/worktrees/s6/node_modules/jest-circus/build/utils.js:298:28)
          at new Promise (<anonymous>)
          at callAsyncCircusFn (/home/user/workspace/worktrees/s6/node_modules/jest-circus/build/utils.js:231:10)
          at _callCircusTest (/home/user/workspace/worktrees/s6/node_modules/jest-circus/build/run.js:316:40)
          at _runTest (/home/user/workspace/worktrees/s6/node_modules/jest-circus/build/run.js:252:3)
          at _runTestsForDescribeBlock (/home/user/workspace/worktrees/s6/node_modules/jest-circus/build/run.js:126:9)
          at _runTestsForDescribeBlock (/home/user/workspace/worktrees/s6/node_modules/jest-circus/build/run.js:121:9)
          at _runTestsForDescribeBlock (/home/user/workspace/worktrees/s6/node_modules/jest-circus/build/run.js:121:9)
          at run (/home/user/workspace/worktrees/s6/node_modules/jest-circus/build/run.js:71:3)
          at runAndTransformResultsToJestFormat (/home/user/workspace/worktrees/s6/node_modules/jest-circus/build/legacy-code-todo-rewrite/jestAdapterInit.js:122:21)
          at jestAdapter (/home/user/workspace/worktrees/s6/node_modules/jest-circus/build/legacy-code-todo-rewrite/jestAdapter.js:79:19)
          at runTestInternal (/home/user/workspace/worktrees/s6/node_modules/jest-runner/build/runTest.js:367:16)
          at runTest (/home/user/workspace/worktrees/s6/node_modules/jest-runner/build/runTest.js:444:34)

    [0m [90m 16 |[39m [36mfunction[39m log(level[33m:[39m [33mLogLevel[39m[33m,[39m context[33m:[39m string[33m,[39m [33m...[39margs[33m:[39m unknown[]) {
     [90m 17 |[39m   [36mif[39m (__DEV__) {
    [31m[1m>[22m[39m[90m 18 |[39m     console[level]([32m`[${context}]`[39m[33m,[39m [33m...[39margs)[33m;[39m
     [90m    |[39m                   [31m[1m^[22m[39m
     [90m 19 |[39m   }
     [90m 20 |[39m   [90m// In production, could forward to Sentry breadcrumbs here[39m
     [90m 21 |[39m }[0m

      at log (src/utils/logger.ts:18:19)
      at Object.log [as error] (src/utils/logger.ts:26:51)
      at error (src/services/health/samsungHealth/samsungHealthClient.ts:197:12)
          at Generator.throw (<anonymous>)
      at asyncGeneratorStep (node_modules/@babel/runtime/helpers/asyncToGenerator.js:3:17)
      at _throw (node_modules/@babel/runtime/helpers/asyncToGenerator.js:20:9)

    console.warn
      [samsungHealthClient] Health Connect initialize threw Error: no module
          at Object.<anonymous> (/home/user/workspace/worktrees/s6/src/services/health/samsungHealth/__tests__/samsungHealthClient.test.ts:236:9)
          at Generator.next (<anonymous>)
          at asyncGeneratorStep (/home/user/workspace/worktrees/s6/node_modules/@babel/runtime/helpers/asyncToGenerator.js:3:17)
          at _next (/home/user/workspace/worktrees/s6/node_modules/@babel/runtime/helpers/asyncToGenerator.js:17:9)
          at /home/user/workspace/worktrees/s6/node_modules/@babel/runtime/helpers/asyncToGenerator.js:22:7
          at new Promise (<anonymous>)
          at Object.<anonymous> (/home/user/workspace/worktrees/s6/node_modules/@babel/runtime/helpers/asyncToGenerator.js:14:12)
          at Promise.then.completed (/home/user/workspace/worktrees/s6/node_modules/jest-circus/build/utils.js:298:28)
          at new Promise (<anonymous>)
          at callAsyncCircusFn (/home/user/workspace/worktrees/s6/node_modules/jest-circus/build/utils.js:231:10)
          at _callCircusTest (/home/user/workspace/worktrees/s6/node_modules/jest-circus/build/run.js:316:40)
          at _runTest (/home/user/workspace/worktrees/s6/node_modules/jest-circus/build/run.js:252:3)
          at _runTestsForDescribeBlock (/home/user/workspace/worktrees/s6/node_modules/jest-circus/build/run.js:126:9)
          at _runTestsForDescribeBlock (/home/user/workspace/worktrees/s6/node_modules/jest-circus/build/run.js:121:9)
          at _runTestsForDescribeBlock (/home/user/workspace/worktrees/s6/node_modules/jest-circus/build/run.js:121:9)
          at run (/home/user/workspace/worktrees/s6/node_modules/jest-circus/build/run.js:71:3)
          at runAndTransformResultsToJestFormat (/home/user/workspace/worktrees/s6/node_modules/jest-circus/build/legacy-code-todo-rewrite/jestAdapterInit.js:122:21)
          at jestAdapter (/home/user/workspace/worktrees/s6/node_modules/jest-circus/build/legacy-code-todo-rewrite/jestAdapter.js:79:19)
          at runTestInternal (/home/user/workspace/worktrees/s6/node_modules/jest-runner/build/runTest.js:367:16)
          at runTest (/home/user/workspace/worktrees/s6/node_modules/jest-runner/build/runTest.js:444:34)

    [0m [90m 16 |[39m [36mfunction[39m log(level[33m:[39m [33mLogLevel[39m[33m,[39m context[33m:[39m string[33m,[39m [33m...[39margs[33m:[39m unknown[]) {
     [90m 17 |[39m   [36mif[39m (__DEV__) {
    [31m[1m>[22m[39m[90m 18 |[39m     console[level]([32m`[${context}]`[39m[33m,[39m [33m...[39margs)[33m;[39m
     [90m    |[39m                   [31m[1m^[22m[39m
     [90m 19 |[39m   }
     [90m 20 |[39m   [90m// In production, could forward to Sentry breadcrumbs here[39m
     [90m 21 |[39m }[0m

      at log (src/utils/logger.ts:18:19)
      at Object.log [as warn] (src/utils/logger.ts:25:50)
      at warn (src/services/health/samsungHealth/samsungHealthClient.ts:123:12)
          at Generator.throw (<anonymous>)
      at asyncGeneratorStep (node_modules/@babel/runtime/helpers/asyncToGenerator.js:3:17)
      at _throw (node_modules/@babel/runtime/helpers/asyncToGenerator.js:20:9)

PASS src/components/coach/__tests__/CoachThreeArcRouter.test.tsx
PASS src/ui/empty-states/__tests__/EmptyState.test.tsx
PASS src/utils/__tests__/safeImportLoginUrl.test.ts
PASS src/screens/community/__tests__/CommunityWearablePromptsScreen.test.tsx
PASS src/services/health/healthkit/__tests__/healthKitClient.test.ts
PASS src/screens/settings/__tests__/DataExportScreen.test.tsx
PASS src/components/community/__tests__/CompletionToast.reducedMotion.test.tsx
PASS src/api/__tests__/communityChallengesApi.drift.test.ts
PASS src/api/communityVoiceApi.test.ts
PASS src/screens/roman/__tests__/romanA11yR3.test.tsx
PASS src/screens/community/__tests__/CommunityFindScreen.test.tsx
PASS src/components/roman/__tests__/romanP3FlagOff.test.tsx
  ● Console

    console.error
      Encountered two children with the same key, `c1`. Keys should be unique so that components maintain their identity across updates. Non-unique keys may cause children to be duplicated and/or omitted — the behavior is unsupported and could change in a future version.

      at node_modules/react-reconciler/cjs/react-reconciler.development.js:4179:23
      at runWithFiberInDEV (node_modules/react-reconciler/cjs/react-reconciler.development.js:2508:13)
      at warnOnInvalidKey (node_modules/react-reconciler/cjs/react-reconciler.development.js:4178:13)
      at reconcileChildrenArray (node_modules/react-reconciler/cjs/react-reconciler.development.js:4247:31)
      at reconcileChildFibersImpl (node_modules/react-reconciler/cjs/react-reconciler.development.js:4568:30)
      at node_modules/react-reconciler/cjs/react-reconciler.development.js:4673:33
      at reconcileChildren (node_modules/react-reconciler/cjs/react-reconciler.development.js:7255:13)
      at beginWork (node_modules/react-reconciler/cjs/react-reconciler.development.js:9611:13)
      at runWithFiberInDEV (node_modules/react-reconciler/cjs/react-reconciler.development.js:2508:13)
      at performUnitOfWork (node_modules/react-reconciler/cjs/react-reconciler.development.js:15273:22)
      at workLoopSync (node_modules/react-reconciler/cjs/react-reconciler.development.js:15099:41)
      at renderRootSync (node_modules/react-reconciler/cjs/react-reconciler.development.js:15080:11)
      at performWorkOnRoot (node_modules/react-reconciler/cjs/react-reconciler.development.js:14165:11)
      at performWorkOnRootViaSchedulerTask (node_modules/react-reconciler/cjs/react-reconciler.development.js:3335:7)
      at flushActQueue (node_modules/react/cjs/react.development.js:590:34)
      at recursivelyFlushAsyncActWork (node_modules/react/cjs/react.development.js:566:13)
      at Immediate._onImmediate (node_modules/react/cjs/react.development.js:849:32)

PASS src/types/__tests__/extensionImport.contract.test.ts
PASS src/screens/community/__tests__/CommunitySpaceScreen.test.tsx
PASS src/services/health/healthkit/__tests__/healthKitSyncService.test.ts
PASS src/screens/__tests__/blockedUsersStore.test.ts
PASS src/services/health/healthConnect/__tests__/healthConnectSyncService.test.ts
PASS src/__tests__/exerciseCatalog.test.tsx
PASS src/__tests__/testflightP0Blockers.test.ts
PASS src/components/community/__tests__/AiTriageCard.test.tsx
PASS src/__tests__/Day1WinScreen.test.tsx
  ● Console

    console.warn
      Deep imports from the 'react-native' package are deprecated ('react-native/Libraries/Components/TextInput/TextInputState'). Source: /Users/wooj/stripe/stripe-react-native/src/helpers.ts 6:0

    [0m [90m 61 |[39m [36mtry[39m {
     [90m 62 |[39m   [90m// eslint-disable-next-line @typescript-eslint/no-var-requires[39m
    [31m[1m>[22m[39m[90m 63 |[39m   [36mconst[39m stripeModule [33m=[39m require([32m'@stripe/stripe-react-native'[39m)[33m;[39m
     [90m    |[39m                        [31m[1m^[22m[39m
     [90m 64 |[39m   stripeHookFactory [33m=[39m stripeModule[33m.[39museStripe [33m?[39m[33m?[39m [36mnull[39m[33m;[39m
     [90m 65 |[39m } [36mcatch[39m {
     [90m 66 |[39m   [90m// Native module missing — handled at handleSelectPlan time with a user-safe[39m[0m

      at Object.<anonymous> (node_modules/@stripe/stripe-react-native/src/helpers.ts:6:1)
      at Object._interopRequireDefault (node_modules/@stripe/stripe-react-native/src/functions.ts:3:1)
      at Object.<anonymous> (node_modules/@stripe/stripe-react-native/src/hooks/useStripe.tsx:72:43)
      at Object._useState2 (node_modules/@stripe/stripe-react-native/src/hooks/useConfirmPayment.tsx:9:48)
      at Object.<anonymous> (node_modules/@stripe/stripe-react-native/src/index.tsx:3:1)
      at Object.require (src/components/PackageSelectionSheet.tsx:63:24)
      at Object.require (src/screens/client/Day1WinScreen.tsx:30:1)
      at Object.require (src/__tests__/Day1WinScreen.test.tsx:137:1)

    console.warn
      SafeAreaView has been deprecated and will be removed in a future release. Please use 'react-native-safe-area-context' instead. See https://github.com/AppAndFlow/react-native-safe-area-context

    [0m [90m 218 |[39m
     [90m 219 |[39m   [36mreturn[39m (
    [31m[1m>[22m[39m[90m 220 |[39m     [33m<[39m[33mSafeAreaView[39m style[33m=[39m{[styles[33m.[39mroot[33m,[39m { backgroundColor[33m:[39m colors[33m.[39mbackground }]}[33m>[39m
     [90m     |[39m      [31m[1m^[22m[39m
     [90m 221 |[39m       {[90m/* PackageSelectionSheet — shown as Modal overlay on top of Day1WinScreen */[39m}
     [90m 222 |[39m       [33m<[39m[33mPackageSelectionSheet[39m
     [90m 223 |[39m         visible[33m=[39m{showPackageSheet}[0m

      at warn (node_modules/react-native/Libraries/Utilities/warnOnce.js:27:11)
      at Object.warnOnce [as SafeAreaView] (node_modules/react-native/index.js:101:5)
      at SafeAreaView (src/screens/client/Day1WinScreen.tsx:220:6)
      at Object.react_stack_bottom_frame (node_modules/react-reconciler/cjs/react-reconciler.development.js:17596:20)
      at renderWithHooks (node_modules/react-reconciler/cjs/react-reconciler.development.js:5335:22)
      at updateFunctionComponent (node_modules/react-reconciler/cjs/react-reconciler.development.js:7720:19)
      at beginWork (node_modules/react-reconciler/cjs/react-reconciler.development.js:9277:18)
      at runWithFiberInDEV (node_modules/react-reconciler/cjs/react-reconciler.development.js:2508:13)
      at performUnitOfWork (node_modules/react-reconciler/cjs/react-reconciler.development.js:15273:22)
      at workLoopSync (node_modules/react-reconciler/cjs/react-reconciler.development.js:15099:41)
      at renderRootSync (node_modules/react-reconciler/cjs/react-reconciler.development.js:15080:11)
      at performWorkOnRoot (node_modules/react-reconciler/cjs/react-reconciler.development.js:14165:11)
      at performWorkOnRootViaSchedulerTask (node_modules/react-reconciler/cjs/react-reconciler.development.js:3335:7)
      at flushActQueue (node_modules/react/cjs/react.development.js:590:34)
      at node_modules/react/cjs/react.development.js:847:21

PASS src/services/__tests__/foodLogQueue.test.ts
  ● Console

    console.warn
      [FoodLogQueue] flush stopped on transient error Error: backend down
          at Object.<anonymous> (/home/user/workspace/worktrees/s6/src/services/__tests__/foodLogQueue.test.ts:102:30)
          at Generator.next (<anonymous>)
          at asyncGeneratorStep (/home/user/workspace/worktrees/s6/node_modules/@babel/runtime/helpers/asyncToGenerator.js:3:17)
          at _next (/home/user/workspace/worktrees/s6/node_modules/@babel/runtime/helpers/asyncToGenerator.js:17:9)

    [0m [90m 16 |[39m [36mfunction[39m log(level[33m:[39m [33mLogLevel[39m[33m,[39m context[33m:[39m string[33m,[39m [33m...[39margs[33m:[39m unknown[]) {
     [90m 17 |[39m   [36mif[39m (__DEV__) {
    [31m[1m>[22m[39m[90m 18 |[39m     console[level]([32m`[${context}]`[39m[33m,[39m [33m...[39margs)[33m;[39m
     [90m    |[39m                   [31m[1m^[22m[39m
     [90m 19 |[39m   }
     [90m 20 |[39m   [90m// In production, could forward to Sentry breadcrumbs here[39m
     [90m 21 |[39m }[0m

      at log (src/utils/logger.ts:18:19)
      at Object.log [as warn] (src/utils/logger.ts:25:50)
      at warn (src/services/foodLogQueue.ts:236:14)
          at _loop.throw (<anonymous>)
      at _loop (src/services/foodLogQueue.ts:199:32)
          at Generator.throw (<anonymous>)
      at asyncGeneratorStep (node_modules/@babel/runtime/helpers/asyncToGenerator.js:3:17)
      at _throw (node_modules/@babel/runtime/helpers/asyncToGenerator.js:20:9)

    console.warn
      [FoodLogQueue] flush: dropping item on permanent error {
        id: 'pfl_00000000-0000-4000-8000-000000000005',
        err: Error: bad payload
            at Object.<anonymous> (/home/user/workspace/worktrees/s6/src/services/__tests__/foodLogQueue.test.ts:123:32)
            at Generator.next (<anonymous>)
            at asyncGeneratorStep (/home/user/workspace/worktrees/s6/node_modules/@babel/runtime/helpers/asyncToGenerator.js:3:17)
            at _next (/home/user/workspace/worktrees/s6/node_modules/@babel/runtime/helpers/asyncToGenerator.js:17:9) {
          response: { status: 400 }
        }
      }

    [0m [90m 16 |[39m [36mfunction[39m log(level[33m:[39m [33mLogLevel[39m[33m,[39m context[33m:[39m string[33m,[39m [33m...[39margs[33m:[39m unknown[]) {
     [90m 17 |[39m   [36mif[39m (__DEV__) {
    [31m[1m>[22m[39m[90m 18 |[39m     console[level]([32m`[${context}]`[39m[33m,[39m [33m...[39margs)[33m;[39m
     [90m    |[39m                   [31m[1m^[22m[39m
     [90m 19 |[39m   }
     [90m 20 |[39m   [90m// In production, could forward to Sentry breadcrumbs here[39m
     [90m 21 |[39m }[0m

      at log (src/utils/logger.ts:18:19)
      at Object.log [as warn] (src/utils/logger.ts:25:50)
      at warn (src/services/foodLogQueue.ts:227:16)
          at _loop.throw (<anonymous>)
      at _loop (src/services/foodLogQueue.ts:199:32)
          at Generator.throw (<anonymous>)
      at asyncGeneratorStep (node_modules/@babel/runtime/helpers/asyncToGenerator.js:3:17)
      at _throw (node_modules/@babel/runtime/helpers/asyncToGenerator.js:20:9)

    console.warn
      [FoodLogQueue] flush stopped on transient error Error: unauthorized
          at Object.<anonymous> (/home/user/workspace/worktrees/s6/src/services/__tests__/foodLogQueue.test.ts:144:32)
          at Generator.next (<anonymous>)
          at asyncGeneratorStep (/home/user/workspace/worktrees/s6/node_modules/@babel/runtime/helpers/asyncToGenerator.js:3:17)
          at _next (/home/user/workspace/worktrees/s6/node_modules/@babel/runtime/helpers/asyncToGenerator.js:17:9) {
        response: { status: 401 }
      }

    [0m [90m 16 |[39m [36mfunction[39m log(level[33m:[39m [33mLogLevel[39m[33m,[39m context[33m:[39m string[33m,[39m [33m...[39margs[33m:[39m unknown[]) {
     [90m 17 |[39m   [36mif[39m (__DEV__) {
    [31m[1m>[22m[39m[90m 18 |[39m     console[level]([32m`[${context}]`[39m[33m,[39m [33m...[39margs)[33m;[39m
     [90m    |[39m                   [31m[1m^[22m[39m
     [90m 19 |[39m   }
     [90m 20 |[39m   [90m// In production, could forward to Sentry breadcrumbs here[39m
     [90m 21 |[39m }[0m

      at log (src/utils/logger.ts:18:19)
      at Object.log [as warn] (src/utils/logger.ts:25:50)
      at warn (src/services/foodLogQueue.ts:236:14)
          at _loop.throw (<anonymous>)
      at _loop (src/services/foodLogQueue.ts:199:32)
          at Generator.throw (<anonymous>)
      at asyncGeneratorStep (node_modules/@babel/runtime/helpers/asyncToGenerator.js:3:17)
      at _throw (node_modules/@babel/runtime/helpers/asyncToGenerator.js:20:9)

    console.warn
      [FoodLogQueue] flush stopped on transient error Error: service unavailable
          at Object.<anonymous> (/home/user/workspace/worktrees/s6/src/services/__tests__/foodLogQueue.test.ts:163:32)
          at Generator.next (<anonymous>)
          at asyncGeneratorStep (/home/user/workspace/worktrees/s6/node_modules/@babel/runtime/helpers/asyncToGenerator.js:3:17)
          at _next (/home/user/workspace/worktrees/s6/node_modules/@babel/runtime/helpers/asyncToGenerator.js:17:9) {
        response: { status: 503 }
      }

    [0m [90m 16 |[39m [36mfunction[39m log(level[33m:[39m [33mLogLevel[39m[33m,[39m context[33m:[39m string[33m,[39m [33m...[39margs[33m:[39m unknown[]) {
     [90m 17 |[39m   [36mif[39m (__DEV__) {
    [31m[1m>[22m[39m[90m 18 |[39m     console[level]([32m`[${context}]`[39m[33m,[39m [33m...[39margs)[33m;[39m
     [90m    |[39m                   [31m[1m^[22m[39m
     [90m 19 |[39m   }
     [90m 20 |[39m   [90m// In production, could forward to Sentry breadcrumbs here[39m
     [90m 21 |[39m }[0m

      at log (src/utils/logger.ts:18:19)
      at Object.log [as warn] (src/utils/logger.ts:25:50)
      at warn (src/services/foodLogQueue.ts:236:14)
          at _loop.throw (<anonymous>)
      at _loop (src/services/foodLogQueue.ts:199:32)
          at Generator.throw (<anonymous>)
      at asyncGeneratorStep (node_modules/@babel/runtime/helpers/asyncToGenerator.js:3:17)
      at _throw (node_modules/@babel/runtime/helpers/asyncToGenerator.js:20:9)

PASS src/components/coach/__tests__/ExtensionPairingPanel.a11y.test.tsx
PASS src/components/roman/__tests__/romanVoice.test.ts
PASS src/lib/__tests__/profileCompletion.test.ts
PASS src/hooks/useWearableSamples.test.tsx
PASS src/components/community/__tests__/LessonCard.test.tsx
PASS src/__tests__/quietLuxuryDoctrine.test.ts
PASS src/__tests__/foodMacros.test.ts
PASS src/hooks/__tests__/useFoodBrowse.test.ts
PASS src/screens/client/wearables/__tests__/ConnectionsScreen.test.tsx
PASS src/api/__tests__/extensionPairApi.test.ts
PASS src/lib/__tests__/finalizeLeanOnboarding.test.ts
  ● Console

    console.warn
      [analytics] EXPO_PUBLIC_POSTHOG_KEY not set — analytics are disabled.

    [0m [90m 60 |[39m   [36mif[39m ([33m![39mkey) {
     [90m 61 |[39m     [36mif[39m ([33m![39m_warnedOnce [33m&&[39m __DEV__) {
    [31m[1m>[22m[39m[90m 62 |[39m       console[33m.[39mwarn([32m'[analytics] EXPO_PUBLIC_POSTHOG_KEY not set — analytics are disabled.'[39m)[33m;[39m
     [90m    |[39m               [31m[1m^[22m[39m
     [90m 63 |[39m       _warnedOnce [33m=[39m [36mtrue[39m[33m;[39m
     [90m 64 |[39m     }
     [90m 65 |[39m     [36mreturn[39m [36mnull[39m[33m;[39m[0m

      at warn (src/lib/analytics.ts:62:15)
      at getClient (src/lib/analytics.ts:84:5)
      at src/lib/finalizeLeanOnboarding.ts:240:12
      at asyncGeneratorStep (node_modules/@babel/runtime/helpers/asyncToGenerator.js:3:17)
      at _next (node_modules/@babel/runtime/helpers/asyncToGenerator.js:17:9)

    console.error
      finalizeLeanOnboarding: profileApi.update failed Error: network down
          at Object.<anonymous> (/home/user/workspace/worktrees/s6/src/lib/__tests__/finalizeLeanOnboarding.test.ts:189:38)
          at Generator.next (<anonymous>)
          at asyncGeneratorStep (/home/user/workspace/worktrees/s6/node_modules/@babel/runtime/helpers/asyncToGenerator.js:3:17)
          at _next (/home/user/workspace/worktrees/s6/node_modules/@babel/runtime/helpers/asyncToGenerator.js:17:9)
          at /home/user/workspace/worktrees/s6/node_modules/@babel/runtime/helpers/asyncToGenerator.js:22:7
          at new Promise (<anonymous>)
          at Object.<anonymous> (/home/user/workspace/worktrees/s6/node_modules/@babel/runtime/helpers/asyncToGenerator.js:14:12)
          at Promise.then.completed (/home/user/workspace/worktrees/s6/node_modules/jest-circus/build/utils.js:298:28)
          at new Promise (<anonymous>)
          at callAsyncCircusFn (/home/user/workspace/worktrees/s6/node_modules/jest-circus/build/utils.js:231:10)
          at _callCircusTest (/home/user/workspace/worktrees/s6/node_modules/jest-circus/build/run.js:316:40)
          at _runTest (/home/user/workspace/worktrees/s6/node_modules/jest-circus/build/run.js:252:3)
          at _runTestsForDescribeBlock (/home/user/workspace/worktrees/s6/node_modules/jest-circus/build/run.js:126:9)
          at _runTestsForDescribeBlock (/home/user/workspace/worktrees/s6/node_modules/jest-circus/build/run.js:121:9)
          at run (/home/user/workspace/worktrees/s6/node_modules/jest-circus/build/run.js:71:3)
          at runAndTransformResultsToJestFormat (/home/user/workspace/worktrees/s6/node_modules/jest-circus/build/legacy-code-todo-rewrite/jestAdapterInit.js:122:21)
          at jestAdapter (/home/user/workspace/worktrees/s6/node_modules/jest-circus/build/legacy-code-todo-rewrite/jestAdapter.js:79:19)
          at runTestInternal (/home/user/workspace/worktrees/s6/node_modules/jest-runner/build/runTest.js:367:16)
          at runTest (/home/user/workspace/worktrees/s6/node_modules/jest-runner/build/runTest.js:444:34)

    [0m [90m 208 |[39m     [36mawait[39m profileApi[33m.[39mupdate(payload)[33m;[39m
     [90m 209 |[39m   } [36mcatch[39m (err) {
    [31m[1m>[22m[39m[90m 210 |[39m     console[33m.[39merror([32m'finalizeLeanOnboarding: profileApi.update failed'[39m[33m,[39m err)[33m;[39m
     [90m     |[39m             [31m[1m^[22m[39m
     [90m 211 |[39m     [36mreturn[39m { ok[33m:[39m [36mfalse[39m[33m,[39m computedMacros[33m:[39m [33m![39m[33m![39mmacros[33m,[39m reason[33m:[39m [32m'api_error'[39m }[33m;[39m
     [90m 212 |[39m   }
     [90m 213 |[39m[0m

      at error (src/lib/finalizeLeanOnboarding.ts:210:13)
          at Generator.throw (<anonymous>)
      at asyncGeneratorStep (node_modules/@babel/runtime/helpers/asyncToGenerator.js:3:17)
      at _throw (node_modules/@babel/runtime/helpers/asyncToGenerator.js:20:9)

PASS src/screens/client/progress/__tests__/ProgressChartCard.test.tsx
  ● Console

    console.warn
      [Worklets] Couldn't determine the version of the native part of Worklets.
          See `https://docs.swmansion.com/react-native-worklets/docs/guides/troubleshooting#couldnt-determine-the-version-of-the-native-part-of-worklets` for more details.

    [0m [90m 40 |[39m } [36mfrom[39m [32m'react-native-svg'[39m[33m;[39m
     [90m 41 |[39m [36mimport[39m { [33mGesture[39m[33m,[39m [33mGestureDetector[39m } [36mfrom[39m [32m'react-native-gesture-handler'[39m[33m;[39m
    [31m[1m>[22m[39m[90m 42 |[39m [36mimport[39m [33mAnimated[39m[33m,[39m {
     [90m    |[39m [31m[1m^[22m[39m
     [90m 43 |[39m   [33mEasing[39m[33m,[39m
     [90m 44 |[39m   useAnimatedProps[33m,[39m
     [90m 45 |[39m   useSharedValue[33m,[39m[0m

      at Object.warn (node_modules/react-native-worklets/src/debug/logger.ts:11:13)
      at warn (node_modules/react-native-worklets/src/debug/checkCppVersion.ts:10:12)
      at new NativeWorklets (node_modules/react-native-worklets/src/WorkletsModule/NativeWorklets.native.ts:43:22)
      at Object.<anonymous> (node_modules/react-native-worklets/src/WorkletsModule/NativeWorklets.native.ts:327:48)
      at Object.require (node_modules/react-native-worklets/src/featureFlags/featureFlags.native.ts:3:1)
      at Object.require (node_modules/react-native-worklets/src/initializers/initializers.native.ts:12:1)
      at Object.require (node_modules/react-native-worklets/src/index.ts:3:1)
      at Object.require (node_modules/react-native-reanimated/src/initializers.ts:2:1)
      at Object.require (node_modules/react-native-reanimated/src/index.ts:5:1)
      at Object.require (src/screens/client/progress/ProgressChartCard.tsx:42:1)
      at Object.require (src/screens/client/progress/__tests__/ProgressChartCard.test.tsx:53:1)

    console.warn
      [Worklets] Tried to modify key `value` of an object which has been already passed to a worklet. See
              https://docs.swmansion.com/react-native-reanimated/docs/guides/troubleshooting#tried-to-modify-key-of-an-object-which-has-been-converted-to-a-serializable
              for more details.

      at Object.warn (node_modules/react-native-worklets/src/debug/logger.ts:11:13)
      at Object.warn [as value] (node_modules/react-native-worklets/src/memory/serializable.native.ts:779:16)
      at node_modules/react-native-reanimated/src/hook/useAnimatedStyle.ts:607:30
      at Object.react_stack_bottom_frame (node_modules/react-reconciler/cjs/react-reconciler.development.js:17681:20)
      at runWithFiberInDEV (node_modules/react-reconciler/cjs/react-reconciler.development.js:2508:13)
      at commitHookEffectListMount (node_modules/react-reconciler/cjs/react-reconciler.development.js:10861:29)
      at commitHookPassiveMountEffects (node_modules/react-reconciler/cjs/react-reconciler.development.js:10948:11)
      at commitPassiveMountOnFiber (node_modules/react-reconciler/cjs/react-reconciler.development.js:12979:13)
      at recursivelyTraversePassiveMountEffects (node_modules/react-reconciler/cjs/react-reconciler.development.js:12934:11)
      at commitPassiveMountOnFiber (node_modules/react-reconciler/cjs/react-reconciler.development.js:13014:11)
      at flushPassiveEffects (node_modules/react-reconciler/cjs/react-reconciler.development.js:15982:9)
      at node_modules/react-reconciler/cjs/react-reconciler.development.js:15555:15
      at flushActQueue (node_modules/react/cjs/react.development.js:590:34)
      at node_modules/react/cjs/react.development.js:847:21

    console.warn
      [Worklets] Tried to modify key `value` of an object which has been already passed to a worklet. See
              https://docs.swmansion.com/react-native-reanimated/docs/guides/troubleshooting#tried-to-modify-key-of-an-object-which-has-been-converted-to-a-serializable
              for more details.

    [0m [90m 167 |[39m   [33mReact[39m[33m.[39museEffect(() [33m=>[39m {
     [90m 168 |[39m     [36mif[39m (reduceMotion) {
    [31m[1m>[22m[39m[90m 169 |[39m       drawProgress[33m.[39mvalue [33m=[39m [35m1[39m[33m;[39m
     [90m     |[39m                         [31m[1m^[22m[39m
     [90m 170 |[39m       [36mreturn[39m[33m;[39m
     [90m 171 |[39m     }
     [90m 172 |[39m     drawProgress[33m.[39mvalue [33m=[39m [35m0[39m[33m;[39m[0m

      at Object.warn (node_modules/react-native-worklets/src/debug/logger.ts:11:13)
      at Object.warn [as value] (node_modules/react-native-worklets/src/memory/serializable.native.ts:779:16)
      at src/screens/client/progress/ProgressChartCard.tsx:169:25
      at Object.react_stack_bottom_frame (node_modules/react-reconciler/cjs/react-reconciler.development.js:17681:20)
      at runWithFiberInDEV (node_modules/react-reconciler/cjs/react-reconciler.development.js:2508:13)
      at commitHookEffectListMount (node_modules/react-reconciler/cjs/react-reconciler.development.js:10861:29)
      at commitHookPassiveMountEffects (node_modules/react-reconciler/cjs/react-reconciler.development.js:10948:11)
      at commitPassiveMountOnFiber (node_modules/react-reconciler/cjs/react-reconciler.development.js:12979:13)
      at recursivelyTraversePassiveMountEffects (node_modules/react-reconciler/cjs/react-reconciler.development.js:12934:11)
      at commitPassiveMountOnFiber (node_modules/react-reconciler/cjs/react-reconciler.development.js:13014:11)
      at flushPassiveEffects (node_modules/react-reconciler/cjs/react-reconciler.development.js:15982:9)
      at node_modules/react-reconciler/cjs/react-reconciler.development.js:15555:15
      at flushActQueue (node_modules/react/cjs/react.development.js:590:34)
      at node_modules/react/cjs/react.development.js:847:21

    console.warn
      [Worklets] Tried to modify key `value` of an object which has been already passed to a worklet. See
              https://docs.swmansion.com/react-native-reanimated/docs/guides/troubleshooting#tried-to-modify-key-of-an-object-which-has-been-converted-to-a-serializable
              for more details.

      at Object.warn (node_modules/react-native-worklets/src/debug/logger.ts:11:13)
      at Object.warn [as value] (node_modules/react-native-worklets/src/memory/serializable.native.ts:779:16)
      at cancelAnimationWeb (node_modules/react-native-reanimated/src/animation/util.ts:597:20)
      at node_modules/react-native-reanimated/src/hook/useSharedValue.ts:23:22
      at Object.react_stack_bottom_frame (node_modules/react-reconciler/cjs/react-reconciler.development.js:17693:13)
      at runWithFiberInDEV (node_modules/react-reconciler/cjs/react-reconciler.development.js:2508:13)
      at commitHookEffectListUnmount (node_modules/react-reconciler/cjs/react-reconciler.development.js:10928:17)
      at commitHookPassiveUnmountEffects (node_modules/react-reconciler/cjs/react-reconciler.development.js:10959:11)
      at commitPassiveUnmountEffectsInsideOfDeletedTree_begin (node_modules/react-reconciler/cjs/react-reconciler.development.js:13779:13)
      at recursivelyTraversePassiveUnmountEffects (node_modules/react-reconciler/cjs/react-reconciler.development.js:13600:13)
      at commitPassiveUnmountOnFiber (node_modules/react-reconciler/cjs/react-reconciler.development.js:13642:11)
      at flushPassiveEffects (node_modules/react-reconciler/cjs/react-reconciler.development.js:15978:9)
      at node_modules/react-reconciler/cjs/react-reconciler.development.js:15555:15
      at flushActQueue (node_modules/react/cjs/react.development.js:590:34)
      at node_modules/react/cjs/react.development.js:847:21

    console.warn
      [Worklets] Tried to modify key `value` of an object which has been already passed to a worklet. See
              https://docs.swmansion.com/react-native-reanimated/docs/guides/troubleshooting#tried-to-modify-key-of-an-object-which-has-been-converted-to-a-serializable
              for more details.

      at Object.warn (node_modules/react-native-worklets/src/debug/logger.ts:11:13)
      at Object.warn [as value] (node_modules/react-native-worklets/src/memory/serializable.native.ts:779:16)
      at cancelAnimationWeb (node_modules/react-native-reanimated/src/animation/util.ts:597:20)
      at node_modules/react-native-reanimated/src/hook/useSharedValue.ts:23:22
      at Object.react_stack_bottom_frame (node_modules/react-reconciler/cjs/react-reconciler.development.js:17693:13)
      at runWithFiberInDEV (node_modules/react-reconciler/cjs/react-reconciler.development.js:2508:13)
      at commitHookEffectListUnmount (node_modules/react-reconciler/cjs/react-reconciler.development.js:10928:17)
      at commitHookPassiveUnmountEffects (node_modules/react-reconciler/cjs/react-reconciler.development.js:10959:11)
      at commitPassiveUnmountEffectsInsideOfDeletedTree_begin (node_modules/react-reconciler/cjs/react-reconciler.development.js:13779:13)
      at recursivelyTraversePassiveUnmountEffects (node_modules/react-reconciler/cjs/react-reconciler.development.js:13600:13)
      at commitPassiveUnmountOnFiber (node_modules/react-reconciler/cjs/react-reconciler.development.js:13642:11)
      at flushPassiveEffects (node_modules/react-reconciler/cjs/react-reconciler.development.js:15978:9)
      at node_modules/react-reconciler/cjs/react-reconciler.development.js:15555:15
      at flushActQueue (node_modules/react/cjs/react.development.js:590:34)
      at node_modules/react/cjs/react.development.js:847:21

    console.warn
      [Worklets] Tried to modify key `value` of an object which has been already passed to a worklet. See
              https://docs.swmansion.com/react-native-reanimated/docs/guides/troubleshooting#tried-to-modify-key-of-an-object-which-has-been-converted-to-a-serializable
              for more details.

      at Object.warn (node_modules/react-native-worklets/src/debug/logger.ts:11:13)
      at Object.warn [as value] (node_modules/react-native-worklets/src/memory/serializable.native.ts:779:16)
      at node_modules/react-native-reanimated/src/hook/useAnimatedStyle.ts:609:32
      at Object.react_stack_bottom_frame (node_modules/react-reconciler/cjs/react-reconciler.development.js:17693:13)
      at runWithFiberInDEV (node_modules/react-reconciler/cjs/react-reconciler.development.js:2508:13)
      at commitHookEffectListUnmount (node_modules/react-reconciler/cjs/react-reconciler.development.js:10928:17)
      at commitHookPassiveUnmountEffects (node_modules/react-reconciler/cjs/react-reconciler.development.js:10959:11)
      at commitPassiveUnmountEffectsInsideOfDeletedTree_begin (node_modules/react-reconciler/cjs/react-reconciler.development.js:13779:13)
      at recursivelyTraversePassiveUnmountEffects (node_modules/react-reconciler/cjs/react-reconciler.development.js:13600:13)
      at commitPassiveUnmountOnFiber (node_modules/react-reconciler/cjs/react-reconciler.development.js:13642:11)
      at flushPassiveEffects (node_modules/react-reconciler/cjs/react-reconciler.development.js:15978:9)
      at node_modules/react-reconciler/cjs/react-reconciler.development.js:15555:15
      at flushActQueue (node_modules/react/cjs/react.development.js:590:34)
      at node_modules/react/cjs/react.development.js:847:21

    console.warn
      [Worklets] Tried to modify key `value` of an object which has been already passed to a worklet. See
              https://docs.swmansion.com/react-native-reanimated/docs/guides/troubleshooting#tried-to-modify-key-of-an-object-which-has-been-converted-to-a-serializable
              for more details.

      at Object.warn (node_modules/react-native-worklets/src/debug/logger.ts:11:13)
      at Object.warn [as value] (node_modules/react-native-worklets/src/memory/serializable.native.ts:779:16)
      at node_modules/react-native-reanimated/src/hook/useAnimatedStyle.ts:607:30
      at Object.react_stack_bottom_frame (node_modules/react-reconciler/cjs/react-reconciler.development.js:17681:20)
      at runWithFiberInDEV (node_modules/react-reconciler/cjs/react-reconciler.development.js:2508:13)
      at commitHookEffectListMount (node_modules/react-reconciler/cjs/react-reconciler.development.js:10861:29)
      at commitHookPassiveMountEffects (node_modules/react-reconciler/cjs/react-reconciler.development.js:10948:11)
      at commitPassiveMountOnFiber (node_modules/react-reconciler/cjs/react-reconciler.development.js:12979:13)
      at recursivelyTraversePassiveMountEffects (node_modules/react-reconciler/cjs/react-reconciler.development.js:12934:11)
      at commitPassiveMountOnFiber (node_modules/react-reconciler/cjs/react-reconciler.development.js:13014:11)
      at flushPassiveEffects (node_modules/react-reconciler/cjs/react-reconciler.development.js:15982:9)
      at node_modules/react-reconciler/cjs/react-reconciler.development.js:15555:15
      at flushActQueue (node_modules/react/cjs/react.development.js:590:34)
      at node_modules/react/cjs/react.development.js:847:21

    console.warn
      [Worklets] Tried to modify key `value` of an object which has been already passed to a worklet. See
              https://docs.swmansion.com/react-native-reanimated/docs/guides/troubleshooting#tried-to-modify-key-of-an-object-which-has-been-converted-to-a-serializable
              for more details.

    [0m [90m 167 |[39m   [33mReact[39m[33m.[39museEffect(() [33m=>[39m {
     [90m 168 |[39m     [36mif[39m (reduceMotion) {
    [31m[1m>[22m[39m[90m 169 |[39m       drawProgress[33m.[39mvalue [33m=[39m [35m1[39m[33m;[39m
     [90m     |[39m                         [31m[1m^[22m[39m
     [90m 170 |[39m       [36mreturn[39m[33m;[39m
     [90m 171 |[39m     }
     [90m 172 |[39m     drawProgress[33m.[39mvalue [33m=[39m [35m0[39m[33m;[39m[0m

      at Object.warn (node_modules/react-native-worklets/src/debug/logger.ts:11:13)
      at Object.warn [as value] (node_modules/react-native-worklets/src/memory/serializable.native.ts:779:16)
      at src/screens/client/progress/ProgressChartCard.tsx:169:25
      at Object.react_stack_bottom_frame (node_modules/react-reconciler/cjs/react-reconciler.development.js:17681:20)
      at runWithFiberInDEV (node_modules/react-reconciler/cjs/react-reconciler.development.js:2508:13)
      at commitHookEffectListMount (node_modules/react-reconciler/cjs/react-reconciler.development.js:10861:29)
      at commitHookPassiveMountEffects (node_modules/react-reconciler/cjs/react-reconciler.development.js:10948:11)
      at commitPassiveMountOnFiber (node_modules/react-reconciler/cjs/react-reconciler.development.js:12979:13)
      at recursivelyTraversePassiveMountEffects (node_modules/react-reconciler/cjs/react-reconciler.development.js:12934:11)
      at commitPassiveMountOnFiber (node_modules/react-reconciler/cjs/react-reconciler.development.js:13014:11)
      at flushPassiveEffects (node_modules/react-reconciler/cjs/react-reconciler.development.js:15982:9)
      at node_modules/react-reconciler/cjs/react-reconciler.development.js:15555:15
      at flushActQueue (node_modules/react/cjs/react.development.js:590:34)
      at node_modules/react/cjs/react.development.js:847:21

    console.warn
      [Worklets] Tried to modify key `value` of an object which has been already passed to a worklet. See
              https://docs.swmansion.com/react-native-reanimated/docs/guides/troubleshooting#tried-to-modify-key-of-an-object-which-has-been-converted-to-a-serializable
              for more details.

      at Object.warn (node_modules/react-native-worklets/src/debug/logger.ts:11:13)
      at Object.warn [as value] (node_modules/react-native-worklets/src/memory/serializable.native.ts:779:16)
      at cancelAnimationWeb (node_modules/react-native-reanimated/src/animation/util.ts:597:20)
      at node_modules/react-native-reanimated/src/hook/useSharedValue.ts:23:22
      at Object.react_stack_bottom_frame (node_modules/react-reconciler/cjs/react-reconciler.development.js:17693:13)
      at runWithFiberInDEV (node_modules/react-reconciler/cjs/react-reconciler.development.js:2508:13)
      at commitHookEffectListUnmount (node_modules/react-reconciler/cjs/react-reconciler.development.js:10928:17)
      at commitHookPassiveUnmountEffects (node_modules/react-reconciler/cjs/react-reconciler.development.js:10959:11)
      at commitPassiveUnmountEffectsInsideOfDeletedTree_begin (node_modules/react-reconciler/cjs/react-reconciler.development.js:13779:13)
      at recursivelyTraversePassiveUnmountEffects (node_modules/react-reconciler/cjs/react-reconciler.development.js:13600:13)
      at commitPassiveUnmountOnFiber (node_modules/react-reconciler/cjs/react-reconciler.development.js:13642:11)
      at flushPassiveEffects (node_modules/react-reconciler/cjs/react-reconciler.development.js:15978:9)
      at node_modules/react-reconciler/cjs/react-reconciler.development.js:15555:15
      at flushActQueue (node_modules/react/cjs/react.development.js:590:34)
      at node_modules/react/cjs/react.development.js:847:21

    console.warn
      [Worklets] Tried to modify key `value` of an object which has been already passed to a worklet. See
              https://docs.swmansion.com/react-native-reanimated/docs/guides/troubleshooting#tried-to-modify-key-of-an-object-which-has-been-converted-to-a-serializable
              for more details.

      at Object.warn (node_modules/react-native-worklets/src/debug/logger.ts:11:13)
      at Object.warn [as value] (node_modules/react-native-worklets/src/memory/serializable.native.ts:779:16)
      at cancelAnimationWeb (node_modules/react-native-reanimated/src/animation/util.ts:597:20)
      at node_modules/react-native-reanimated/src/hook/useSharedValue.ts:23:22
      at Object.react_stack_bottom_frame (node_modules/react-reconciler/cjs/react-reconciler.development.js:17693:13)
      at runWithFiberInDEV (node_modules/react-reconciler/cjs/react-reconciler.development.js:2508:13)
      at commitHookEffectListUnmount (node_modules/react-reconciler/cjs/react-reconciler.development.js:10928:17)
      at commitHookPassiveUnmountEffects (node_modules/react-reconciler/cjs/react-reconciler.development.js:10959:11)
      at commitPassiveUnmountEffectsInsideOfDeletedTree_begin (node_modules/react-reconciler/cjs/react-reconciler.development.js:13779:13)
      at recursivelyTraversePassiveUnmountEffects (node_modules/react-reconciler/cjs/react-reconciler.development.js:13600:13)
      at commitPassiveUnmountOnFiber (node_modules/react-reconciler/cjs/react-reconciler.development.js:13642:11)
      at flushPassiveEffects (node_modules/react-reconciler/cjs/react-reconciler.development.js:15978:9)
      at node_modules/react-reconciler/cjs/react-reconciler.development.js:15555:15
      at flushActQueue (node_modules/react/cjs/react.development.js:590:34)
      at node_modules/react/cjs/react.development.js:847:21

    console.warn
      [Worklets] Tried to modify key `value` of an object which has been already passed to a worklet. See
              https://docs.swmansion.com/react-native-reanimated/docs/guides/troubleshooting#tried-to-modify-key-of-an-object-which-has-been-converted-to-a-serializable
              for more details.

      at Object.warn (node_modules/react-native-worklets/src/debug/logger.ts:11:13)
      at Object.warn [as value] (node_modules/react-native-worklets/src/memory/serializable.native.ts:779:16)
      at node_modules/react-native-reanimated/src/hook/useAnimatedStyle.ts:609:32
      at Object.react_stack_bottom_frame (node_modules/react-reconciler/cjs/react-reconciler.development.js:17693:13)
      at runWithFiberInDEV (node_modules/react-reconciler/cjs/react-reconciler.development.js:2508:13)
      at commitHookEffectListUnmount (node_modules/react-reconciler/cjs/react-reconciler.development.js:10928:17)
      at commitHookPassiveUnmountEffects (node_modules/react-reconciler/cjs/react-reconciler.development.js:10959:11)
      at commitPassiveUnmountEffectsInsideOfDeletedTree_begin (node_modules/react-reconciler/cjs/react-reconciler.development.js:13779:13)
      at recursivelyTraversePassiveUnmountEffects (node_modules/react-reconciler/cjs/react-reconciler.development.js:13600:13)
      at commitPassiveUnmountOnFiber (node_modules/react-reconciler/cjs/react-reconciler.development.js:13642:11)
      at flushPassiveEffects (node_modules/react-reconciler/cjs/react-reconciler.development.js:15978:9)
      at node_modules/react-reconciler/cjs/react-reconciler.development.js:15555:15
      at flushActQueue (node_modules/react/cjs/react.development.js:590:34)
      at node_modules/react/cjs/react.development.js:847:21

    console.warn
      [Worklets] Tried to modify key `value` of an object which has been already passed to a worklet. See
              https://docs.swmansion.com/react-native-reanimated/docs/guides/troubleshooting#tried-to-modify-key-of-an-object-which-has-been-converted-to-a-serializable
              for more details.

      at Object.warn (node_modules/react-native-worklets/src/debug/logger.ts:11:13)
      at Object.warn [as value] (node_modules/react-native-worklets/src/memory/serializable.native.ts:779:16)
      at cancelAnimationWeb (node_modules/react-native-reanimated/src/animation/util.ts:597:20)
      at node_modules/react-native-reanimated/src/hook/useSharedValue.ts:23:22
      at Object.react_stack_bottom_frame (node_modules/react-reconciler/cjs/react-reconciler.development.js:17693:13)
      at runWithFiberInDEV (node_modules/react-reconciler/cjs/react-reconciler.development.js:2508:13)
      at commitHookEffectListUnmount (node_modules/react-reconciler/cjs/react-reconciler.development.js:10928:17)
      at commitHookPassiveUnmountEffects (node_modules/react-reconciler/cjs/react-reconciler.development.js:10959:11)
      at commitPassiveUnmountEffectsInsideOfDeletedTree_begin (node_modules/react-reconciler/cjs/react-reconciler.development.js:13779:13)
      at recursivelyTraversePassiveUnmountEffects (node_modules/react-reconciler/cjs/react-reconciler.development.js:13600:13)
      at commitPassiveUnmountOnFiber (node_modules/react-reconciler/cjs/react-reconciler.development.js:13642:11)
      at flushPassiveEffects (node_modules/react-reconciler/cjs/react-reconciler.development.js:15978:9)
      at node_modules/react-reconciler/cjs/react-reconciler.development.js:15555:15
      at flushActQueue (node_modules/react/cjs/react.development.js:590:34)
      at node_modules/react/cjs/react.development.js:847:21

    console.warn
      [Worklets] Tried to modify key `value` of an object which has been already passed to a worklet. See
              https://docs.swmansion.com/react-native-reanimated/docs/guides/troubleshooting#tried-to-modify-key-of-an-object-which-has-been-converted-to-a-serializable
              for more details.

      at Object.warn (node_modules/react-native-worklets/src/debug/logger.ts:11:13)
      at Object.warn [as value] (node_modules/react-native-worklets/src/memory/serializable.native.ts:779:16)
      at cancelAnimationWeb (node_modules/react-native-reanimated/src/animation/util.ts:597:20)
      at node_modules/react-native-reanimated/src/hook/useSharedValue.ts:23:22
      at Object.react_stack_bottom_frame (node_modules/react-reconciler/cjs/react-reconciler.development.js:17693:13)
      at runWithFiberInDEV (node_modules/react-reconciler/cjs/react-reconciler.development.js:2508:13)
      at commitHookEffectListUnmount (node_modules/react-reconciler/cjs/react-reconciler.development.js:10928:17)
      at commitHookPassiveUnmountEffects (node_modules/react-reconciler/cjs/react-reconciler.development.js:10959:11)
      at commitPassiveUnmountEffectsInsideOfDeletedTree_begin (node_modules/react-reconciler/cjs/react-reconciler.development.js:13779:13)
      at recursivelyTraversePassiveUnmountEffects (node_modules/react-reconciler/cjs/react-reconciler.development.js:13600:13)
      at commitPassiveUnmountOnFiber (node_modules/react-reconciler/cjs/react-reconciler.development.js:13642:11)
      at flushPassiveEffects (node_modules/react-reconciler/cjs/react-reconciler.development.js:15978:9)
      at node_modules/react-reconciler/cjs/react-reconciler.development.js:15555:15
      at flushActQueue (node_modules/react/cjs/react.development.js:590:34)
      at node_modules/react/cjs/react.development.js:847:21

    console.warn
      [Worklets] Tried to modify key `value` of an object which has been already passed to a worklet. See
              https://docs.swmansion.com/react-native-reanimated/docs/guides/troubleshooting#tried-to-modify-key-of-an-object-which-has-been-converted-to-a-serializable
              for more details.

      at Object.warn (node_modules/react-native-worklets/src/debug/logger.ts:11:13)
      at Object.warn [as value] (node_modules/react-native-worklets/src/memory/serializable.native.ts:779:16)
      at node_modules/react-native-reanimated/src/hook/useAnimatedStyle.ts:609:32
      at Object.react_stack_bottom_frame (node_modules/react-reconciler/cjs/react-reconciler.development.js:17693:13)
      at runWithFiberInDEV (node_modules/react-reconciler/cjs/react-reconciler.development.js:2508:13)
      at commitHookEffectListUnmount (node_modules/react-reconciler/cjs/react-reconciler.development.js:10928:17)
      at commitHookPassiveUnmountEffects (node_modules/react-reconciler/cjs/react-reconciler.development.js:10959:11)
      at commitPassiveUnmountEffectsInsideOfDeletedTree_begin (node_modules/react-reconciler/cjs/react-reconciler.development.js:13779:13)
      at recursivelyTraversePassiveUnmountEffects (node_modules/react-reconciler/cjs/react-reconciler.development.js:13600:13)
      at commitPassiveUnmountOnFiber (node_modules/react-reconciler/cjs/react-reconciler.development.js:13642:11)
      at flushPassiveEffects (node_modules/react-reconciler/cjs/react-reconciler.development.js:15978:9)
      at node_modules/react-reconciler/cjs/react-reconciler.development.js:15555:15
      at flushActQueue (node_modules/react/cjs/react.development.js:590:34)
      at node_modules/react/cjs/react.development.js:847:21

    console.warn
      [Worklets] Tried to modify key `value` of an object which has been already passed to a worklet. See
              https://docs.swmansion.com/react-native-reanimated/docs/guides/troubleshooting#tried-to-modify-key-of-an-object-which-has-been-converted-to-a-serializable
              for more details.

      at Object.warn (node_modules/react-native-worklets/src/debug/logger.ts:11:13)
      at Object.warn [as value] (node_modules/react-native-worklets/src/memory/serializable.native.ts:779:16)
      at node_modules/react-native-reanimated/src/hook/useAnimatedStyle.ts:607:30
      at Object.react_stack_bottom_frame (node_modules/react-reconciler/cjs/react-reconciler.development.js:17681:20)
      at runWithFiberInDEV (node_modules/react-reconciler/cjs/react-reconciler.development.js:2508:13)
      at commitHookEffectListMount (node_modules/react-reconciler/cjs/react-reconciler.development.js:10861:29)
      at commitHookPassiveMountEffects (node_modules/react-reconciler/cjs/react-reconciler.development.js:10948:11)
      at commitPassiveMountOnFiber (node_modules/react-reconciler/cjs/react-reconciler.development.js:12979:13)
      at recursivelyTraversePassiveMountEffects (node_modules/react-reconciler/cjs/react-reconciler.development.js:12934:11)
      at commitPassiveMountOnFiber (node_modules/react-reconciler/cjs/react-reconciler.development.js:13014:11)
      at flushPassiveEffects (node_modules/react-reconciler/cjs/react-reconciler.development.js:15982:9)
      at node_modules/react-reconciler/cjs/react-reconciler.development.js:15555:15
      at flushActQueue (node_modules/react/cjs/react.development.js:590:34)
      at node_modules/react/cjs/react.development.js:847:21

    console.warn
      [Worklets] Tried to modify key `value` of an object which has been already passed to a worklet. See
              https://docs.swmansion.com/react-native-reanimated/docs/guides/troubleshooting#tried-to-modify-key-of-an-object-which-has-been-converted-to-a-serializable
              for more details.

    [0m [90m 167 |[39m   [33mReact[39m[33m.[39museEffect(() [33m=>[39m {
     [90m 168 |[39m     [36mif[39m (reduceMotion) {
    [31m[1m>[22m[39m[90m 169 |[39m       drawProgress[33m.[39mvalue [33m=[39m [35m1[39m[33m;[39m
     [90m     |[39m                         [31m[1m^[22m[39m
     [90m 170 |[39m       [36mreturn[39m[33m;[39m
     [90m 171 |[39m     }
     [90m 172 |[39m     drawProgress[33m.[39mvalue [33m=[39m [35m0[39m[33m;[39m[0m

      at Object.warn (node_modules/react-native-worklets/src/debug/logger.ts:11:13)
      at Object.warn [as value] (node_modules/react-native-worklets/src/memory/serializable.native.ts:779:16)
      at src/screens/client/progress/ProgressChartCard.tsx:169:25
      at Object.react_stack_bottom_frame (node_modules/react-reconciler/cjs/react-reconciler.development.js:17681:20)
      at runWithFiberInDEV (node_modules/react-reconciler/cjs/react-reconciler.development.js:2508:13)
      at commitHookEffectListMount (node_modules/react-reconciler/cjs/react-reconciler.development.js:10861:29)
      at commitHookPassiveMountEffects (node_modules/react-reconciler/cjs/react-reconciler.development.js:10948:11)
      at commitPassiveMountOnFiber (node_modules/react-reconciler/cjs/react-reconciler.development.js:12979:13)
      at recursivelyTraversePassiveMountEffects (node_modules/react-reconciler/cjs/react-reconciler.development.js:12934:11)
      at commitPassiveMountOnFiber (node_modules/react-reconciler/cjs/react-reconciler.development.js:13014:11)
      at flushPassiveEffects (node_modules/react-reconciler/cjs/react-reconciler.development.js:15982:9)
      at node_modules/react-reconciler/cjs/react-reconciler.development.js:15555:15
      at flushActQueue (node_modules/react/cjs/react.development.js:590:34)
      at node_modules/react/cjs/react.development.js:847:21

    console.warn
      [Worklets] Tried to modify key `value` of an object which has been already passed to a worklet. See
              https://docs.swmansion.com/react-native-reanimated/docs/guides/troubleshooting#tried-to-modify-key-of-an-object-which-has-been-converted-to-a-serializable
              for more details.

      at Object.warn (node_modules/react-native-worklets/src/debug/logger.ts:11:13)
      at Object.warn [as value] (node_modules/react-native-worklets/src/memory/serializable.native.ts:779:16)
      at cancelAnimationWeb (node_modules/react-native-reanimated/src/animation/util.ts:597:20)
      at node_modules/react-native-reanimated/src/hook/useSharedValue.ts:23:22
      at Object.react_stack_bottom_frame (node_modules/react-reconciler/cjs/react-reconciler.development.js:17693:13)
      at runWithFiberInDEV (node_modules/react-reconciler/cjs/react-reconciler.development.js:2508:13)
      at commitHookEffectListUnmount (node_modules/react-reconciler/cjs/react-reconciler.development.js:10928:17)
      at commitHookPassiveUnmountEffects (node_modules/react-reconciler/cjs/react-reconciler.development.js:10959:11)
      at commitPassiveUnmountEffectsInsideOfDeletedTree_begin (node_modules/react-reconciler/cjs/react-reconciler.development.js:13779:13)
      at recursivelyTraversePassiveUnmountEffects (node_modules/react-reconciler/cjs/react-reconciler.development.js:13600:13)
      at commitPassiveUnmountOnFiber (node_modules/react-reconciler/cjs/react-reconciler.development.js:13642:11)
      at flushPassiveEffects (node_modules/react-reconciler/cjs/react-reconciler.development.js:15978:9)
      at node_modules/react-reconciler/cjs/react-reconciler.development.js:15555:15
      at flushActQueue (node_modules/react/cjs/react.development.js:590:34)
      at node_modules/react/cjs/react.development.js:847:21

    console.warn
      [Worklets] Tried to modify key `value` of an object which has been already passed to a worklet. See
              https://docs.swmansion.com/react-native-reanimated/docs/guides/troubleshooting#tried-to-modify-key-of-an-object-which-has-been-converted-to-a-serializable
              for more details.

      at Object.warn (node_modules/react-native-worklets/src/debug/logger.ts:11:13)
      at Object.warn [as value] (node_modules/react-native-worklets/src/memory/serializable.native.ts:779:16)
      at cancelAnimationWeb (node_modules/react-native-reanimated/src/animation/util.ts:597:20)
      at node_modules/react-native-reanimated/src/hook/useSharedValue.ts:23:22
      at Object.react_stack_bottom_frame (node_modules/react-reconciler/cjs/react-reconciler.development.js:17693:13)
      at runWithFiberInDEV (node_modules/react-reconciler/cjs/react-reconciler.development.js:2508:13)
      at commitHookEffectListUnmount (node_modules/react-reconciler/cjs/react-reconciler.development.js:10928:17)
      at commitHookPassiveUnmountEffects (node_modules/react-reconciler/cjs/react-reconciler.development.js:10959:11)
      at commitPassiveUnmountEffectsInsideOfDeletedTree_begin (node_modules/react-reconciler/cjs/react-reconciler.development.js:13779:13)
      at recursivelyTraversePassiveUnmountEffects (node_modules/react-reconciler/cjs/react-reconciler.development.js:13600:13)
      at commitPassiveUnmountOnFiber (node_modules/react-reconciler/cjs/react-reconciler.development.js:13642:11)
      at flushPassiveEffects (node_modules/react-reconciler/cjs/react-reconciler.development.js:15978:9)
      at node_modules/react-reconciler/cjs/react-reconciler.development.js:15555:15
      at flushActQueue (node_modules/react/cjs/react.development.js:590:34)
      at node_modules/react/cjs/react.development.js:847:21

    console.warn
      [Worklets] Tried to modify key `value` of an object which has been already passed to a worklet. See
              https://docs.swmansion.com/react-native-reanimated/docs/guides/troubleshooting#tried-to-modify-key-of-an-object-which-has-been-converted-to-a-serializable
              for more details.

      at Object.warn (node_modules/react-native-worklets/src/debug/logger.ts:11:13)
      at Object.warn [as value] (node_modules/react-native-worklets/src/memory/serializable.native.ts:779:16)
      at node_modules/react-native-reanimated/src/hook/useAnimatedStyle.ts:609:32
      at Object.react_stack_bottom_frame (node_modules/react-reconciler/cjs/react-reconciler.development.js:17693:13)
      at runWithFiberInDEV (node_modules/react-reconciler/cjs/react-reconciler.development.js:2508:13)
      at commitHookEffectListUnmount (node_modules/react-reconciler/cjs/react-reconciler.development.js:10928:17)
      at commitHookPassiveUnmountEffects (node_modules/react-reconciler/cjs/react-reconciler.development.js:10959:11)
      at commitPassiveUnmountEffectsInsideOfDeletedTree_begin (node_modules/react-reconciler/cjs/react-reconciler.development.js:13779:13)
      at recursivelyTraversePassiveUnmountEffects (node_modules/react-reconciler/cjs/react-reconciler.development.js:13600:13)
      at commitPassiveUnmountOnFiber (node_modules/react-reconciler/cjs/react-reconciler.development.js:13642:11)
      at flushPassiveEffects (node_modules/react-reconciler/cjs/react-reconciler.development.js:15978:9)
      at node_modules/react-reconciler/cjs/react-reconciler.development.js:15555:15
      at flushActQueue (node_modules/react/cjs/react.development.js:590:34)
      at node_modules/react/cjs/react.development.js:847:21

    console.warn
      [Worklets] Tried to modify key `value` of an object which has been already passed to a worklet. See
              https://docs.swmansion.com/react-native-reanimated/docs/guides/troubleshooting#tried-to-modify-key-of-an-object-which-has-been-converted-to-a-serializable
              for more details.

      at Object.warn (node_modules/react-native-worklets/src/debug/logger.ts:11:13)
      at Object.warn [as value] (node_modules/react-native-worklets/src/memory/serializable.native.ts:779:16)
      at node_modules/react-native-reanimated/src/hook/useAnimatedStyle.ts:607:30
      at Object.react_stack_bottom_frame (node_modules/react-reconciler/cjs/react-reconciler.development.js:17681:20)
      at runWithFiberInDEV (node_modules/react-reconciler/cjs/react-reconciler.development.js:2508:13)
      at commitHookEffectListMount (node_modules/react-reconciler/cjs/react-reconciler.development.js:10861:29)
      at commitHookPassiveMountEffects (node_modules/react-reconciler/cjs/react-reconciler.development.js:10948:11)
      at commitPassiveMountOnFiber (node_modules/react-reconciler/cjs/react-reconciler.development.js:12979:13)
      at recursivelyTraversePassiveMountEffects (node_modules/react-reconciler/cjs/react-reconciler.development.js:12934:11)
      at commitPassiveMountOnFiber (node_modules/react-reconciler/cjs/react-reconciler.development.js:13014:11)
      at flushPassiveEffects (node_modules/react-reconciler/cjs/react-reconciler.development.js:15982:9)
      at node_modules/react-reconciler/cjs/react-reconciler.development.js:15555:15
      at flushActQueue (node_modules/react/cjs/react.development.js:590:34)
      at node_modules/react/cjs/react.development.js:847:21

    console.warn
      [Worklets] Tried to modify key `value` of an object which has been already passed to a worklet. See
              https://docs.swmansion.com/react-native-reanimated/docs/guides/troubleshooting#tried-to-modify-key-of-an-object-which-has-been-converted-to-a-serializable
              for more details.

    [0m [90m 167 |[39m   [33mReact[39m[33m.[39museEffect(() [33m=>[39m {
     [90m 168 |[39m     [36mif[39m (reduceMotion) {
    [31m[1m>[22m[39m[90m 169 |[39m       drawProgress[33m.[39mvalue [33m=[39m [35m1[39m[33m;[39m
     [90m     |[39m                         [31m[1m^[22m[39m
     [90m 170 |[39m       [36mreturn[39m[33m;[39m
     [90m 171 |[39m     }
     [90m 172 |[39m     drawProgress[33m.[39mvalue [33m=[39m [35m0[39m[33m;[39m[0m

      at Object.warn (node_modules/react-native-worklets/src/debug/logger.ts:11:13)
      at Object.warn [as value] (node_modules/react-native-worklets/src/memory/serializable.native.ts:779:16)
      at src/screens/client/progress/ProgressChartCard.tsx:169:25
      at Object.react_stack_bottom_frame (node_modules/react-reconciler/cjs/react-reconciler.development.js:17681:20)
      at runWithFiberInDEV (node_modules/react-reconciler/cjs/react-reconciler.development.js:2508:13)
      at commitHookEffectListMount (node_modules/react-reconciler/cjs/react-reconciler.development.js:10861:29)
      at commitHookPassiveMountEffects (node_modules/react-reconciler/cjs/react-reconciler.development.js:10948:11)
      at commitPassiveMountOnFiber (node_modules/react-reconciler/cjs/react-reconciler.development.js:12979:13)
      at recursivelyTraversePassiveMountEffects (node_modules/react-reconciler/cjs/react-reconciler.development.js:12934:11)
      at commitPassiveMountOnFiber (node_modules/react-reconciler/cjs/react-reconciler.development.js:13014:11)
      at flushPassiveEffects (node_modules/react-reconciler/cjs/react-reconciler.development.js:15982:9)
      at node_modules/react-reconciler/cjs/react-reconciler.development.js:15555:15
      at flushActQueue (node_modules/react/cjs/react.development.js:590:34)
      at node_modules/react/cjs/react.development.js:847:21

    console.warn
      [Worklets] Tried to modify key `value` of an object which has been already passed to a worklet. See
              https://docs.swmansion.com/react-native-reanimated/docs/guides/troubleshooting#tried-to-modify-key-of-an-object-which-has-been-converted-to-a-serializable
              for more details.

      at Object.warn (node_modules/react-native-worklets/src/debug/logger.ts:11:13)
      at Object.warn [as value] (node_modules/react-native-worklets/src/memory/serializable.native.ts:779:16)
      at cancelAnimationWeb (node_modules/react-native-reanimated/src/animation/util.ts:597:20)
      at node_modules/react-native-reanimated/src/hook/useSharedValue.ts:23:22
      at Object.react_stack_bottom_frame (node_modules/react-reconciler/cjs/react-reconciler.development.js:17693:13)
      at runWithFiberInDEV (node_modules/react-reconciler/cjs/react-reconciler.development.js:2508:13)
      at commitHookEffectListUnmount (node_modules/react-reconciler/cjs/react-reconciler.development.js:10928:17)
      at commitHookPassiveUnmountEffects (node_modules/react-reconciler/cjs/react-reconciler.development.js:10959:11)
      at commitPassiveUnmountEffectsInsideOfDeletedTree_begin (node_modules/react-reconciler/cjs/react-reconciler.development.js:13779:13)
      at recursivelyTraversePassiveUnmountEffects (node_modules/react-reconciler/cjs/react-reconciler.development.js:13600:13)
      at commitPassiveUnmountOnFiber (node_modules/react-reconciler/cjs/react-reconciler.development.js:13642:11)
      at flushPassiveEffects (node_modules/react-reconciler/cjs/react-reconciler.development.js:15978:9)
      at node_modules/react-reconciler/cjs/react-reconciler.development.js:15555:15
      at flushActQueue (node_modules/react/cjs/react.development.js:590:34)
      at node_modules/react/cjs/react.development.js:847:21

    console.warn
      [Worklets] Tried to modify key `value` of an object which has been already passed to a worklet. See
              https://docs.swmansion.com/react-native-reanimated/docs/guides/troubleshooting#tried-to-modify-key-of-an-object-which-has-been-converted-to-a-serializable
              for more details.

      at Object.warn (node_modules/react-native-worklets/src/debug/logger.ts:11:13)
      at Object.warn [as value] (node_modules/react-native-worklets/src/memory/serializable.native.ts:779:16)
      at cancelAnimationWeb (node_modules/react-native-reanimated/src/animation/util.ts:597:20)
      at node_modules/react-native-reanimated/src/hook/useSharedValue.ts:23:22
      at Object.react_stack_bottom_frame (node_modules/react-reconciler/cjs/react-reconciler.development.js:17693:13)
      at runWithFiberInDEV (node_modules/react-reconciler/cjs/react-reconciler.development.js:2508:13)
      at commitHookEffectListUnmount (node_modules/react-reconciler/cjs/react-reconciler.development.js:10928:17)
      at commitHookPassiveUnmountEffects (node_modules/react-reconciler/cjs/react-reconciler.development.js:10959:11)
      at commitPassiveUnmountEffectsInsideOfDeletedTree_begin (node_modules/react-reconciler/cjs/react-reconciler.development.js:13779:13)
      at recursivelyTraversePassiveUnmountEffects (node_modules/react-reconciler/cjs/react-reconciler.development.js:13600:13)
      at commitPassiveUnmountOnFiber (node_modules/react-reconciler/cjs/react-reconciler.development.js:13642:11)
      at flushPassiveEffects (node_modules/react-reconciler/cjs/react-reconciler.development.js:15978:9)
      at node_modules/react-reconciler/cjs/react-reconciler.development.js:15555:15
      at flushActQueue (node_modules/react/cjs/react.development.js:590:34)
      at node_modules/react/cjs/react.development.js:847:21

    console.warn
      [Worklets] Tried to modify key `value` of an object which has been already passed to a worklet. See
              https://docs.swmansion.com/react-native-reanimated/docs/guides/troubleshooting#tried-to-modify-key-of-an-object-which-has-been-converted-to-a-serializable
              for more details.

      at Object.warn (node_modules/react-native-worklets/src/debug/logger.ts:11:13)
      at Object.warn [as value] (node_modules/react-native-worklets/src/memory/serializable.native.ts:779:16)
      at node_modules/react-native-reanimated/src/hook/useAnimatedStyle.ts:609:32
      at Object.react_stack_bottom_frame (node_modules/react-reconciler/cjs/react-reconciler.development.js:17693:13)
      at runWithFiberInDEV (node_modules/react-reconciler/cjs/react-reconciler.development.js:2508:13)
      at commitHookEffectListUnmount (node_modules/react-reconciler/cjs/react-reconciler.development.js:10928:17)
      at commitHookPassiveUnmountEffects (node_modules/react-reconciler/cjs/react-reconciler.development.js:10959:11)
      at commitPassiveUnmountEffectsInsideOfDeletedTree_begin (node_modules/react-reconciler/cjs/react-reconciler.development.js:13779:13)
      at recursivelyTraversePassiveUnmountEffects (node_modules/react-reconciler/cjs/react-reconciler.development.js:13600:13)
      at commitPassiveUnmountOnFiber (node_modules/react-reconciler/cjs/react-reconciler.development.js:13642:11)
      at flushPassiveEffects (node_modules/react-reconciler/cjs/react-reconciler.development.js:15978:9)
      at node_modules/react-reconciler/cjs/react-reconciler.development.js:15555:15
      at flushActQueue (node_modules/react/cjs/react.development.js:590:34)
      at node_modules/react/cjs/react.development.js:847:21

PASS src/api/__tests__/wearableInsightsApi.test.ts
PASS src/components/community/__tests__/EventCard.test.tsx
PASS src/api/__tests__/messagesApi.test.ts
PASS src/api/wearablesConnectionsApi.test.ts
PASS src/hooks/__tests__/useNotifications.test.tsx
  ● Console

    console.warn
      [ed3] FIRST_PAYMENT notification payload malformed; not firing { notificationId: 'n_fp_1' }

    [0m [90m 16 |[39m [36mfunction[39m log(level[33m:[39m [33mLogLevel[39m[33m,[39m context[33m:[39m string[33m,[39m [33m...[39margs[33m:[39m unknown[]) {
     [90m 17 |[39m   [36mif[39m (__DEV__) {
    [31m[1m>[22m[39m[90m 18 |[39m     console[level]([32m`[${context}]`[39m[33m,[39m [33m...[39margs)[33m;[39m
     [90m    |[39m                   [31m[1m^[22m[39m
     [90m 19 |[39m   }
     [90m 20 |[39m   [90m// In production, could forward to Sentry breadcrumbs here[39m
     [90m 21 |[39m }[0m

      at log (src/utils/logger.ts:18:19)
      at Object.log [as warn] (src/utils/logger.ts:25:50)
      at warn (src/hooks/useNotifications.ts:193:16)
      at asyncGeneratorStep (node_modules/@babel/runtime/helpers/asyncToGenerator.js:3:17)
      at _next (node_modules/@babel/runtime/helpers/asyncToGenerator.js:17:9)

    console.warn
      [ed3] FIRST_PAYMENT notification payload malformed; not firing { notificationId: 'n_fp_1' }

    [0m [90m 16 |[39m [36mfunction[39m log(level[33m:[39m [33mLogLevel[39m[33m,[39m context[33m:[39m string[33m,[39m [33m...[39margs[33m:[39m unknown[]) {
     [90m 17 |[39m   [36mif[39m (__DEV__) {
    [31m[1m>[22m[39m[90m 18 |[39m     console[level]([32m`[${context}]`[39m[33m,[39m [33m...[39margs)[33m;[39m
     [90m    |[39m                   [31m[1m^[22m[39m
     [90m 19 |[39m   }
     [90m 20 |[39m   [90m// In production, could forward to Sentry breadcrumbs here[39m
     [90m 21 |[39m }[0m

      at log (src/utils/logger.ts:18:19)
      at Object.log [as warn] (src/utils/logger.ts:25:50)
      at warn (src/hooks/useNotifications.ts:193:16)
      at asyncGeneratorStep (node_modules/@babel/runtime/helpers/asyncToGenerator.js:3:17)
      at _next (node_modules/@babel/runtime/helpers/asyncToGenerator.js:17:9)

    console.warn
      [ed3] FIRST_PAYMENT notification payload malformed; not firing { notificationId: 'n_fp_1' }

    [0m [90m 16 |[39m [36mfunction[39m log(level[33m:[39m [33mLogLevel[39m[33m,[39m context[33m:[39m string[33m,[39m [33m...[39margs[33m:[39m unknown[]) {
     [90m 17 |[39m   [36mif[39m (__DEV__) {
    [31m[1m>[22m[39m[90m 18 |[39m     console[level]([32m`[${context}]`[39m[33m,[39m [33m...[39margs)[33m;[39m
     [90m    |[39m                   [31m[1m^[22m[39m
     [90m 19 |[39m   }
     [90m 20 |[39m   [90m// In production, could forward to Sentry breadcrumbs here[39m
     [90m 21 |[39m }[0m

      at log (src/utils/logger.ts:18:19)
      at Object.log [as warn] (src/utils/logger.ts:25:50)
      at warn (src/hooks/useNotifications.ts:193:16)
      at asyncGeneratorStep (node_modules/@babel/runtime/helpers/asyncToGenerator.js:3:17)
      at _next (node_modules/@babel/runtime/helpers/asyncToGenerator.js:17:9)

    console.warn
      [ed3] FIRST_PAYMENT notification payload malformed; not firing { notificationId: 'n_fp_1' }

    [0m [90m 16 |[39m [36mfunction[39m log(level[33m:[39m [33mLogLevel[39m[33m,[39m context[33m:[39m string[33m,[39m [33m...[39margs[33m:[39m unknown[]) {
     [90m 17 |[39m   [36mif[39m (__DEV__) {
    [31m[1m>[22m[39m[90m 18 |[39m     console[level]([32m`[${context}]`[39m[33m,[39m [33m...[39margs)[33m;[39m
     [90m    |[39m                   [31m[1m^[22m[39m
     [90m 19 |[39m   }
     [90m 20 |[39m   [90m// In production, could forward to Sentry breadcrumbs here[39m
     [90m 21 |[39m }[0m

      at log (src/utils/logger.ts:18:19)
      at Object.log [as warn] (src/utils/logger.ts:25:50)
      at warn (src/hooks/useNotifications.ts:193:16)
      at asyncGeneratorStep (node_modules/@babel/runtime/helpers/asyncToGenerator.js:3:17)
      at _next (node_modules/@babel/runtime/helpers/asyncToGenerator.js:17:9)

    console.warn
      [ed3] FIRST_PAYMENT notification payload malformed; not firing { notificationId: 'n_fp_1' }

    [0m [90m 16 |[39m [36mfunction[39m log(level[33m:[39m [33mLogLevel[39m[33m,[39m context[33m:[39m string[33m,[39m [33m...[39margs[33m:[39m unknown[]) {
     [90m 17 |[39m   [36mif[39m (__DEV__) {
    [31m[1m>[22m[39m[90m 18 |[39m     console[level]([32m`[${context}]`[39m[33m,[39m [33m...[39margs)[33m;[39m
     [90m    |[39m                   [31m[1m^[22m[39m
     [90m 19 |[39m   }
     [90m 20 |[39m   [90m// In production, could forward to Sentry breadcrumbs here[39m
     [90m 21 |[39m }[0m

      at log (src/utils/logger.ts:18:19)
      at Object.log [as warn] (src/utils/logger.ts:25:50)
      at warn (src/hooks/useNotifications.ts:193:16)
      at asyncGeneratorStep (node_modules/@babel/runtime/helpers/asyncToGenerator.js:3:17)
      at _next (node_modules/@babel/runtime/helpers/asyncToGenerator.js:17:9)

    console.warn
      [ed3] first-payment notification read failed { reason: 'stream down' }

    [0m [90m 16 |[39m [36mfunction[39m log(level[33m:[39m [33mLogLevel[39m[33m,[39m context[33m:[39m string[33m,[39m [33m...[39margs[33m:[39m unknown[]) {
     [90m 17 |[39m   [36mif[39m (__DEV__) {
    [31m[1m>[22m[39m[90m 18 |[39m     console[level]([32m`[${context}]`[39m[33m,[39m [33m...[39margs)[33m;[39m
     [90m    |[39m                   [31m[1m^[22m[39m
     [90m 19 |[39m   }
     [90m 20 |[39m   [90m// In production, could forward to Sentry breadcrumbs here[39m
     [90m 21 |[39m }[0m

      at log (src/utils/logger.ts:18:19)
      at Object.log [as warn] (src/utils/logger.ts:25:50)
      at warn (src/hooks/useNotifications.ts:173:16)
          at Generator.throw (<anonymous>)
      at asyncGeneratorStep (node_modules/@babel/runtime/helpers/asyncToGenerator.js:3:17)
      at _throw (node_modules/@babel/runtime/helpers/asyncToGenerator.js:20:9)

PASS src/__tests__/PackageDetailSurface.preview.test.tsx
PASS src/screens/day-one/__tests__/day1OnboardingFlow.test.ts
PASS src/__tests__/bloodworkDisclaimerGate.test.tsx
PASS src/__tests__/biometricLockService.test.ts
PASS src/screens/community/__tests__/CommunityDmListScreen.test.tsx
PASS src/components/community/coach/__tests__/romanFaceAndConfirm.test.tsx
PASS src/services/__tests__/authActions.signOut.test.ts
  ● Console

    console.warn
      [AuthActions] clearUserScopedKeys: storage sweep failed TypeError: storage.getAllKeys is not a function
          at getAllKeys (/home/user/workspace/worktrees/s6/src/services/authActions.ts:157:45)
          at Generator.next (<anonymous>)
          at asyncGeneratorStep (/home/user/workspace/worktrees/s6/node_modules/@babel/runtime/helpers/asyncToGenerator.js:3:17)
          at _next (/home/user/workspace/worktrees/s6/node_modules/@babel/runtime/helpers/asyncToGenerator.js:17:9)
          at /home/user/workspace/worktrees/s6/node_modules/@babel/runtime/helpers/asyncToGenerator.js:22:7
          at new Promise (<anonymous>)
          at /home/user/workspace/worktrees/s6/node_modules/@babel/runtime/helpers/asyncToGenerator.js:14:12
          at _loop (/home/user/workspace/worktrees/s6/src/services/authActions.ts:166:8)
          at _loop.next (<anonymous>)
          at _loop (/home/user/workspace/worktrees/s6/src/services/authActions.ts:148:42)
          at Generator.next (<anonymous>)
          at asyncGeneratorStep (/home/user/workspace/worktrees/s6/node_modules/@babel/runtime/helpers/asyncToGenerator.js:3:17)
          at _next (/home/user/workspace/worktrees/s6/node_modules/@babel/runtime/helpers/asyncToGenerator.js:17:9)
          at /home/user/workspace/worktrees/s6/node_modules/@babel/runtime/helpers/asyncToGenerator.js:22:7
          at new Promise (<anonymous>)
          at /home/user/workspace/worktrees/s6/node_modules/@babel/runtime/helpers/asyncToGenerator.js:14:12
          at apply (/home/user/workspace/worktrees/s6/src/services/authActions.ts:189:2)
          at apply (/home/user/workspace/worktrees/s6/src/services/authActions.ts:144:42)
          at clearUserScopedKeys (/home/user/workspace/worktrees/s6/src/services/authActions.ts:307:7)
          at Generator.next (<anonymous>)
          at asyncGeneratorStep (/home/user/workspace/worktrees/s6/node_modules/@babel/runtime/helpers/asyncToGenerator.js:3:17)
          at _next (/home/user/workspace/worktrees/s6/node_modules/@babel/runtime/helpers/asyncToGenerator.js:17:9)

    [0m [90m 16 |[39m [36mfunction[39m log(level[33m:[39m [33mLogLevel[39m[33m,[39m context[33m:[39m string[33m,[39m [33m...[39margs[33m:[39m unknown[]) {
     [90m 17 |[39m   [36mif[39m (__DEV__) {
    [31m[1m>[22m[39m[90m 18 |[39m     console[level]([32m`[${context}]`[39m[33m,[39m [33m...[39margs)[33m;[39m
     [90m    |[39m                   [31m[1m^[22m[39m
     [90m 19 |[39m   }
     [90m 20 |[39m   [90m// In production, could forward to Sentry breadcrumbs here[39m
     [90m 21 |[39m }[0m

      at log (src/utils/logger.ts:18:19)
      at Object.log [as warn] (src/utils/logger.ts:25:50)
      at warn (src/services/authActions.ts:164:18)
      at asyncGeneratorStep (node_modules/@babel/runtime/helpers/asyncToGenerator.js:3:17)
      at _next (node_modules/@babel/runtime/helpers/asyncToGenerator.js:17:9)
      at node_modules/@babel/runtime/helpers/asyncToGenerator.js:22:7
      at node_modules/@babel/runtime/helpers/asyncToGenerator.js:14:12
      at _loop (src/services/authActions.ts:166:8)
          at _loop.next (<anonymous>)
      at _loop (src/services/authActions.ts:148:42)
      at asyncGeneratorStep (node_modules/@babel/runtime/helpers/asyncToGenerator.js:3:17)
      at _next (node_modules/@babel/runtime/helpers/asyncToGenerator.js:17:9)
      at node_modules/@babel/runtime/helpers/asyncToGenerator.js:22:7
      at node_modules/@babel/runtime/helpers/asyncToGenerator.js:14:12
      at apply (src/services/authActions.ts:189:2)
      at apply (src/services/authActions.ts:144:42)
      at clearUserScopedKeys (src/services/authActions.ts:307:7)
      at asyncGeneratorStep (node_modules/@babel/runtime/helpers/asyncToGenerator.js:3:17)
      at _next (node_modules/@babel/runtime/helpers/asyncToGenerator.js:17:9)

    console.warn
      [AuthActions] clearUserScopedKeys: storage sweep failed TypeError: storage.getAllKeys is not a function
          at getAllKeys (/home/user/workspace/worktrees/s6/src/services/authActions.ts:157:45)
          at Generator.next (<anonymous>)
          at asyncGeneratorStep (/home/user/workspace/worktrees/s6/node_modules/@babel/runtime/helpers/asyncToGenerator.js:3:17)
          at _next (/home/user/workspace/worktrees/s6/node_modules/@babel/runtime/helpers/asyncToGenerator.js:17:9)
          at /home/user/workspace/worktrees/s6/node_modules/@babel/runtime/helpers/asyncToGenerator.js:22:7
          at new Promise (<anonymous>)
          at /home/user/workspace/worktrees/s6/node_modules/@babel/runtime/helpers/asyncToGenerator.js:14:12
          at _loop (/home/user/workspace/worktrees/s6/src/services/authActions.ts:166:8)
          at _loop.next (<anonymous>)
          at _loop (/home/user/workspace/worktrees/s6/src/services/authActions.ts:148:42)
          at Generator.next (<anonymous>)
          at asyncGeneratorStep (/home/user/workspace/worktrees/s6/node_modules/@babel/runtime/helpers/asyncToGenerator.js:3:17)
          at _next (/home/user/workspace/worktrees/s6/node_modules/@babel/runtime/helpers/asyncToGenerator.js:17:9)
          at /home/user/workspace/worktrees/s6/node_modules/@babel/runtime/helpers/asyncToGenerator.js:22:7
          at new Promise (<anonymous>)
          at /home/user/workspace/worktrees/s6/node_modules/@babel/runtime/helpers/asyncToGenerator.js:14:12
          at apply (/home/user/workspace/worktrees/s6/src/services/authActions.ts:189:2)
          at apply (/home/user/workspace/worktrees/s6/src/services/authActions.ts:144:42)
          at clearUserScopedKeys (/home/user/workspace/worktrees/s6/src/services/authActions.ts:307:7)
          at Generator.next (<anonymous>)
          at asyncGeneratorStep (/home/user/workspace/worktrees/s6/node_modules/@babel/runtime/helpers/asyncToGenerator.js:3:17)
          at _next (/home/user/workspace/worktrees/s6/node_modules/@babel/runtime/helpers/asyncToGenerator.js:17:9)

    [0m [90m 16 |[39m [36mfunction[39m log(level[33m:[39m [33mLogLevel[39m[33m,[39m context[33m:[39m string[33m,[39m [33m...[39margs[33m:[39m unknown[]) {
     [90m 17 |[39m   [36mif[39m (__DEV__) {
    [31m[1m>[22m[39m[90m 18 |[39m     console[level]([32m`[${context}]`[39m[33m,[39m [33m...[39margs)[33m;[39m
     [90m    |[39m                   [31m[1m^[22m[39m
     [90m 19 |[39m   }
     [90m 20 |[39m   [90m// In production, could forward to Sentry breadcrumbs here[39m
     [90m 21 |[39m }[0m

      at log (src/utils/logger.ts:18:19)
      at Object.log [as warn] (src/utils/logger.ts:25:50)
      at warn (src/services/authActions.ts:164:18)
      at asyncGeneratorStep (node_modules/@babel/runtime/helpers/asyncToGenerator.js:3:17)
      at _next (node_modules/@babel/runtime/helpers/asyncToGenerator.js:17:9)
      at node_modules/@babel/runtime/helpers/asyncToGenerator.js:22:7
      at node_modules/@babel/runtime/helpers/asyncToGenerator.js:14:12
      at _loop (src/services/authActions.ts:166:8)
          at _loop.next (<anonymous>)
      at _loop (src/services/authActions.ts:148:42)
      at asyncGeneratorStep (node_modules/@babel/runtime/helpers/asyncToGenerator.js:3:17)
      at _next (node_modules/@babel/runtime/helpers/asyncToGenerator.js:17:9)
      at node_modules/@babel/runtime/helpers/asyncToGenerator.js:22:7
      at node_modules/@babel/runtime/helpers/asyncToGenerator.js:14:12
      at apply (src/services/authActions.ts:189:2)
      at apply (src/services/authActions.ts:144:42)
      at clearUserScopedKeys (src/services/authActions.ts:307:7)
      at asyncGeneratorStep (node_modules/@babel/runtime/helpers/asyncToGenerator.js:3:17)
      at _next (node_modules/@babel/runtime/helpers/asyncToGenerator.js:17:9)

    console.warn
      [AuthActions] clearUserScopedKeys: storage sweep failed TypeError: storage.getAllKeys is not a function
          at getAllKeys (/home/user/workspace/worktrees/s6/src/services/authActions.ts:157:45)
          at Generator.next (<anonymous>)
          at asyncGeneratorStep (/home/user/workspace/worktrees/s6/node_modules/@babel/runtime/helpers/asyncToGenerator.js:3:17)
          at _next (/home/user/workspace/worktrees/s6/node_modules/@babel/runtime/helpers/asyncToGenerator.js:17:9)
          at /home/user/workspace/worktrees/s6/node_modules/@babel/runtime/helpers/asyncToGenerator.js:22:7
          at new Promise (<anonymous>)
          at /home/user/workspace/worktrees/s6/node_modules/@babel/runtime/helpers/asyncToGenerator.js:14:12
          at _loop (/home/user/workspace/worktrees/s6/src/services/authActions.ts:166:8)
          at _loop.next (<anonymous>)
          at _loop (/home/user/workspace/worktrees/s6/src/services/authActions.ts:148:42)
          at Generator.next (<anonymous>)
          at asyncGeneratorStep (/home/user/workspace/worktrees/s6/node_modules/@babel/runtime/helpers/asyncToGenerator.js:3:17)
          at _next (/home/user/workspace/worktrees/s6/node_modules/@babel/runtime/helpers/asyncToGenerator.js:17:9)
          at /home/user/workspace/worktrees/s6/node_modules/@babel/runtime/helpers/asyncToGenerator.js:22:7
          at new Promise (<anonymous>)
          at /home/user/workspace/worktrees/s6/node_modules/@babel/runtime/helpers/asyncToGenerator.js:14:12
          at apply (/home/user/workspace/worktrees/s6/src/services/authActions.ts:144:42)
          at clearUserScopedKeys (/home/user/workspace/worktrees/s6/src/services/authActions.ts:307:7)
          at Generator.next (<anonymous>)
          at asyncGeneratorStep (/home/user/workspace/worktrees/s6/node_modules/@babel/runtime/helpers/asyncToGenerator.js:3:17)
          at _next (/home/user/workspace/worktrees/s6/node_modules/@babel/runtime/helpers/asyncToGenerator.js:17:9)

    [0m [90m 16 |[39m [36mfunction[39m log(level[33m:[39m [33mLogLevel[39m[33m,[39m context[33m:[39m string[33m,[39m [33m...[39margs[33m:[39m unknown[]) {
     [90m 17 |[39m   [36mif[39m (__DEV__) {
    [31m[1m>[22m[39m[90m 18 |[39m     console[level]([32m`[${context}]`[39m[33m,[39m [33m...[39margs)[33m;[39m
     [90m    |[39m                   [31m[1m^[22m[39m
     [90m 19 |[39m   }
     [90m 20 |[39m   [90m// In production, could forward to Sentry breadcrumbs here[39m
     [90m 21 |[39m }[0m

      at log (src/utils/logger.ts:18:19)
      at Object.log [as warn] (src/utils/logger.ts:25:50)
      at warn (src/services/authActions.ts:164:18)
      at asyncGeneratorStep (node_modules/@babel/runtime/helpers/asyncToGenerator.js:3:17)
      at _next (node_modules/@babel/runtime/helpers/asyncToGenerator.js:17:9)
      at node_modules/@babel/runtime/helpers/asyncToGenerator.js:22:7
      at node_modules/@babel/runtime/helpers/asyncToGenerator.js:14:12
      at _loop (src/services/authActions.ts:166:8)
          at _loop.next (<anonymous>)
      at _loop (src/services/authActions.ts:148:42)
      at asyncGeneratorStep (node_modules/@babel/runtime/helpers/asyncToGenerator.js:3:17)
      at _next (node_modules/@babel/runtime/helpers/asyncToGenerator.js:17:9)
      at node_modules/@babel/runtime/helpers/asyncToGenerator.js:22:7
      at node_modules/@babel/runtime/helpers/asyncToGenerator.js:14:12
      at apply (src/services/authActions.ts:144:42)
      at clearUserScopedKeys (src/services/authActions.ts:307:7)
      at asyncGeneratorStep (node_modules/@babel/runtime/helpers/asyncToGenerator.js:3:17)
      at _next (node_modules/@babel/runtime/helpers/asyncToGenerator.js:17:9)

    console.warn
      [AuthActions] clearUserScopedKeys: storage sweep failed TypeError: storage.getAllKeys is not a function
          at getAllKeys (/home/user/workspace/worktrees/s6/src/services/authActions.ts:157:45)
          at Generator.next (<anonymous>)
          at asyncGeneratorStep (/home/user/workspace/worktrees/s6/node_modules/@babel/runtime/helpers/asyncToGenerator.js:3:17)
          at _next (/home/user/workspace/worktrees/s6/node_modules/@babel/runtime/helpers/asyncToGenerator.js:17:9)
          at /home/user/workspace/worktrees/s6/node_modules/@babel/runtime/helpers/asyncToGenerator.js:22:7
          at new Promise (<anonymous>)
          at /home/user/workspace/worktrees/s6/node_modules/@babel/runtime/helpers/asyncToGenerator.js:14:12
          at _loop (/home/user/workspace/worktrees/s6/src/services/authActions.ts:166:8)
          at _loop.next (<anonymous>)
          at _loop (/home/user/workspace/worktrees/s6/src/services/authActions.ts:148:42)
          at Generator.next (<anonymous>)
          at asyncGeneratorStep (/home/user/workspace/worktrees/s6/node_modules/@babel/runtime/helpers/asyncToGenerator.js:3:17)
          at _next (/home/user/workspace/worktrees/s6/node_modules/@babel/runtime/helpers/asyncToGenerator.js:17:9)
          at /home/user/workspace/worktrees/s6/node_modules/@babel/runtime/helpers/asyncToGenerator.js:22:7
          at new Promise (<anonymous>)
          at /home/user/workspace/worktrees/s6/node_modules/@babel/runtime/helpers/asyncToGenerator.js:14:12
          at apply (/home/user/workspace/worktrees/s6/src/services/authActions.ts:144:42)
          at clearUserScopedKeys (/home/user/workspace/worktrees/s6/src/services/authActions.ts:307:7)
          at Generator.next (<anonymous>)
          at asyncGeneratorStep (/home/user/workspace/worktrees/s6/node_modules/@babel/runtime/helpers/asyncToGenerator.js:3:17)
          at _next (/home/user/workspace/worktrees/s6/node_modules/@babel/runtime/helpers/asyncToGenerator.js:17:9)

    [0m [90m 16 |[39m [36mfunction[39m log(level[33m:[39m [33mLogLevel[39m[33m,[39m context[33m:[39m string[33m,[39m [33m...[39margs[33m:[39m unknown[]) {
     [90m 17 |[39m   [36mif[39m (__DEV__) {
    [31m[1m>[22m[39m[90m 18 |[39m     console[level]([32m`[${context}]`[39m[33m,[39m [33m...[39margs)[33m;[39m
     [90m    |[39m                   [31m[1m^[22m[39m
     [90m 19 |[39m   }
     [90m 20 |[39m   [90m// In production, could forward to Sentry breadcrumbs here[39m
     [90m 21 |[39m }[0m

      at log (src/utils/logger.ts:18:19)
      at Object.log [as warn] (src/utils/logger.ts:25:50)
      at warn (src/services/authActions.ts:164:18)
      at asyncGeneratorStep (node_modules/@babel/runtime/helpers/asyncToGenerator.js:3:17)
      at _next (node_modules/@babel/runtime/helpers/asyncToGenerator.js:17:9)
      at node_modules/@babel/runtime/helpers/asyncToGenerator.js:22:7
      at node_modules/@babel/runtime/helpers/asyncToGenerator.js:14:12
      at _loop (src/services/authActions.ts:166:8)
          at _loop.next (<anonymous>)
      at _loop (src/services/authActions.ts:148:42)
      at asyncGeneratorStep (node_modules/@babel/runtime/helpers/asyncToGenerator.js:3:17)
      at _next (node_modules/@babel/runtime/helpers/asyncToGenerator.js:17:9)
      at node_modules/@babel/runtime/helpers/asyncToGenerator.js:22:7
      at node_modules/@babel/runtime/helpers/asyncToGenerator.js:14:12
      at apply (src/services/authActions.ts:144:42)
      at clearUserScopedKeys (src/services/authActions.ts:307:7)
      at asyncGeneratorStep (node_modules/@babel/runtime/helpers/asyncToGenerator.js:3:17)
      at _next (node_modules/@babel/runtime/helpers/asyncToGenerator.js:17:9)

    console.warn
      [AuthActions] resetUserScopedStores: coachStore reset failed Error: boom
          at Object.reset (/home/user/workspace/worktrees/s6/src/services/__tests__/authActions.signOut.test.ts:164:15)
          at reset (/home/user/workspace/worktrees/s6/src/services/authActions.ts:350:51)
          at reset (/home/user/workspace/worktrees/s6/src/services/authActions.ts:357:7)
          at resetUserScopedStores (/home/user/workspace/worktrees/s6/src/services/authActions.ts:330:3)
          at Generator.next (<anonymous>)
          at asyncGeneratorStep (/home/user/workspace/worktrees/s6/node_modules/@babel/runtime/helpers/asyncToGenerator.js:3:17)
          at _next (/home/user/workspace/worktrees/s6/node_modules/@babel/runtime/helpers/asyncToGenerator.js:17:9)

    [0m [90m 16 |[39m [36mfunction[39m log(level[33m:[39m [33mLogLevel[39m[33m,[39m context[33m:[39m string[33m,[39m [33m...[39margs[33m:[39m unknown[]) {
     [90m 17 |[39m   [36mif[39m (__DEV__) {
    [31m[1m>[22m[39m[90m 18 |[39m     console[level]([32m`[${context}]`[39m[33m,[39m [33m...[39margs)[33m;[39m
     [90m    |[39m                   [31m[1m^[22m[39m
     [90m 19 |[39m   }
     [90m 20 |[39m   [90m// In production, could forward to Sentry breadcrumbs here[39m
     [90m 21 |[39m }[0m

      at log (src/utils/logger.ts:18:19)
      at Object.log [as warn] (src/utils/logger.ts:25:50)
      at warn (src/services/authActions.ts:359:14)
      at resetUserScopedStores (src/services/authActions.ts:330:3)
      at asyncGeneratorStep (node_modules/@babel/runtime/helpers/asyncToGenerator.js:3:17)
      at _next (node_modules/@babel/runtime/helpers/asyncToGenerator.js:17:9)

    console.warn
      [AuthActions] resetUserScopedStores: coachStore reset failed Error: coach reset boom
          at Object.reset (/home/user/workspace/worktrees/s6/src/services/__tests__/authActions.signOut.test.ts:181:15)
          at reset (/home/user/workspace/worktrees/s6/src/services/authActions.ts:350:51)
          at reset (/home/user/workspace/worktrees/s6/src/services/authActions.ts:357:7)
          at /home/user/workspace/worktrees/s6/src/services/__tests__/authActions.signOut.test.ts:185:39
          at Object.<anonymous> (/home/user/workspace/worktrees/s6/node_modules/expect/build/toThrowMatchers.js:74:11)
          at Object.throwingMatcher [as toThrow] (/home/user/workspace/worktrees/s6/node_modules/expect/build/index.js:320:21)
          at Object.toThrow (/home/user/workspace/worktrees/s6/src/services/__tests__/authActions.signOut.test.ts:185:47)
          at Promise.then.completed (/home/user/workspace/worktrees/s6/node_modules/jest-circus/build/utils.js:298:28)
          at new Promise (<anonymous>)
          at callAsyncCircusFn (/home/user/workspace/worktrees/s6/node_modules/jest-circus/build/utils.js:231:10)
          at _callCircusTest (/home/user/workspace/worktrees/s6/node_modules/jest-circus/build/run.js:316:40)
          at _runTest (/home/user/workspace/worktrees/s6/node_modules/jest-circus/build/run.js:252:3)
          at _runTestsForDescribeBlock (/home/user/workspace/worktrees/s6/node_modules/jest-circus/build/run.js:126:9)
          at _runTestsForDescribeBlock (/home/user/workspace/worktrees/s6/node_modules/jest-circus/build/run.js:121:9)
          at run (/home/user/workspace/worktrees/s6/node_modules/jest-circus/build/run.js:71:3)
          at runAndTransformResultsToJestFormat (/home/user/workspace/worktrees/s6/node_modules/jest-circus/build/legacy-code-todo-rewrite/jestAdapterInit.js:122:21)
          at jestAdapter (/home/user/workspace/worktrees/s6/node_modules/jest-circus/build/legacy-code-todo-rewrite/jestAdapter.js:79:19)
          at runTestInternal (/home/user/workspace/worktrees/s6/node_modules/jest-runner/build/runTest.js:367:16)
          at runTest (/home/user/workspace/worktrees/s6/node_modules/jest-runner/build/runTest.js:444:34)

    [0m [90m 16 |[39m [36mfunction[39m log(level[33m:[39m [33mLogLevel[39m[33m,[39m context[33m:[39m string[33m,[39m [33m...[39margs[33m:[39m unknown[]) {
     [90m 17 |[39m   [36mif[39m (__DEV__) {
    [31m[1m>[22m[39m[90m 18 |[39m     console[level]([32m`[${context}]`[39m[33m,[39m [33m...[39margs)[33m;[39m
     [90m    |[39m                   [31m[1m^[22m[39m
     [90m 19 |[39m   }
     [90m 20 |[39m   [90m// In production, could forward to Sentry breadcrumbs here[39m
     [90m 21 |[39m }[0m

      at log (src/utils/logger.ts:18:19)
      at Object.log [as warn] (src/utils/logger.ts:25:50)
      at warn (src/services/authActions.ts:359:14)
      at src/services/__tests__/authActions.signOut.test.ts:185:39
      at Object.<anonymous> (node_modules/expect/build/toThrowMatchers.js:74:11)
      at Object.throwingMatcher [as toThrow] (node_modules/expect/build/index.js:320:21)
      at Object.toThrow (src/services/__tests__/authActions.signOut.test.ts:185:47)

PASS src/hooks/__tests__/useCoachEmptyStatePayload.test.tsx
PASS src/hooks/__tests__/useMacroTargets.test.ts
PASS src/__tests__/acceptInviteScreen.test.tsx
  ● Console

    console.error
      AcceptInviteScreen: accept failed ECONNREFUSED: postgres://supabase:_TOKEN@host

    [0m [90m 105 |[39m       [90m// Never render raw exception strings to the user — log details for[39m
     [90m 106 |[39m       [90m// operators and surface a fixed-copy network failure to the UI.[39m
    [31m[1m>[22m[39m[90m 107 |[39m       console[33m.[39merror([32m'AcceptInviteScreen: accept failed'[39m[33m,[39m errorMessage(err))[33m;[39m
     [90m     |[39m               [31m[1m^[22m[39m
     [90m 108 |[39m       setState({ kind[33m:[39m [32m'failed'[39m[33m,[39m reason[33m:[39m [32m'network'[39m })[33m;[39m
     [90m 109 |[39m     }
     [90m 110 |[39m   }[33m,[39m [token])[33m;[39m[0m

      at error (src/screens/auth/AcceptInviteScreen.tsx:107:15)
          at Generator.throw (<anonymous>)
      at asyncGeneratorStep (node_modules/@babel/runtime/helpers/asyncToGenerator.js:3:17)
      at _throw (node_modules/@babel/runtime/helpers/asyncToGenerator.js:20:9)

PASS src/services/__tests__/inviteFlow.test.ts
PASS src/screens/client/wearables/__tests__/cards.test.tsx
  ● Console

    console.warn
      [Worklets] Couldn't determine the version of the native part of Worklets.
          See `https://docs.swmansion.com/react-native-worklets/docs/guides/troubleshooting#couldnt-determine-the-version-of-the-native-part-of-worklets` for more details.

    [0m [90m 39 |[39m   [33mLine[39m [36mas[39m [33mSvgLine[39m[33m,[39m
     [90m 40 |[39m } [36mfrom[39m [32m'react-native-svg'[39m[33m;[39m
    [31m[1m>[22m[39m[90m 41 |[39m [36mimport[39m { [33mGesture[39m[33m,[39m [33mGestureDetector[39m } [36mfrom[39m [32m'react-native-gesture-handler'[39m[33m;[39m
     [90m    |[39m [31m[1m^[22m[39m
     [90m 42 |[39m [36mimport[39m [33mAnimated[39m[33m,[39m {
     [90m 43 |[39m   runOnJS[33m,[39m
     [90m 44 |[39m   useAnimatedStyle[33m,[39m[0m

      at Object.warn (node_modules/react-native-worklets/src/debug/logger.ts:11:13)
      at warn (node_modules/react-native-worklets/src/debug/checkCppVersion.ts:10:12)
      at new NativeWorklets (node_modules/react-native-worklets/src/WorkletsModule/NativeWorklets.native.ts:43:22)
      at Object.<anonymous> (node_modules/react-native-worklets/src/WorkletsModule/NativeWorklets.native.ts:327:48)
      at Object.require (node_modules/react-native-worklets/src/featureFlags/featureFlags.native.ts:3:1)
      at Object.require (node_modules/react-native-worklets/src/initializers/initializers.native.ts:12:1)
      at Object.require (node_modules/react-native-worklets/src/index.ts:3:1)
      at Object.require (node_modules/react-native-reanimated/src/initializers.ts:2:1)
      at Object.require (node_modules/react-native-reanimated/src/index.ts:5:1)
      at Object.require (node_modules/react-native-gesture-handler/src/handlers/gestures/reanimatedWrapper.ts:32:16)
      at Object.require (node_modules/react-native-gesture-handler/src/handlers/gestures/gestureStateManager.ts:1:1)
      at Object.require (node_modules/react-native-gesture-handler/src/handlers/gestures/eventReceiver.ts:11:1)
      at Object.require (node_modules/react-native-gesture-handler/src/init.ts:1:1)
      at Object.require (node_modules/react-native-gesture-handler/src/index.ts:1:1)
      at Object.require (src/screens/client/wearables/charts/RevolutGlowChart.tsx:41:1)
      at Object.require (src/screens/client/wearables/cards/HrvTrendCard.tsx:14:1)
      at Object.require (src/screens/client/wearables/__tests__/cards.test.tsx:15:1)

    console.warn
      [Worklets] Tried to modify key `value` of an object which has been already passed to a worklet. See
              https://docs.swmansion.com/react-native-reanimated/docs/guides/troubleshooting#tried-to-modify-key-of-an-object-which-has-been-converted-to-a-serializable
              for more details.

      at Object.warn (node_modules/react-native-worklets/src/debug/logger.ts:11:13)
      at Object.warn [as value] (node_modules/react-native-worklets/src/memory/serializable.native.ts:779:16)
      at node_modules/react-native-reanimated/src/hook/useAnimatedStyle.ts:607:30
      at Object.react_stack_bottom_frame (node_modules/react-reconciler/cjs/react-reconciler.development.js:17681:20)
      at runWithFiberInDEV (node_modules/react-reconciler/cjs/react-reconciler.development.js:2508:13)
      at commitHookEffectListMount (node_modules/react-reconciler/cjs/react-reconciler.development.js:10861:29)
      at commitHookPassiveMountEffects (node_modules/react-reconciler/cjs/react-reconciler.development.js:10948:11)
      at commitPassiveMountOnFiber (node_modules/react-reconciler/cjs/react-reconciler.development.js:12979:13)
      at recursivelyTraversePassiveMountEffects (node_modules/react-reconciler/cjs/react-reconciler.development.js:12934:11)
      at commitPassiveMountOnFiber (node_modules/react-reconciler/cjs/react-reconciler.development.js:13213:11)
      at recursivelyTraversePassiveMountEffects (node_modules/react-reconciler/cjs/react-reconciler.development.js:12934:11)
      at commitPassiveMountOnFiber (node_modules/react-reconciler/cjs/react-reconciler.development.js:13213:11)
      at recursivelyTraversePassiveMountEffects (node_modules/react-reconciler/cjs/react-reconciler.development.js:12934:11)
      at commitPassiveMountOnFiber (node_modules/react-reconciler/cjs/react-reconciler.development.js:12999:11)
      at recursivelyTraversePassiveMountEffects (node_modules/react-reconciler/cjs/react-reconciler.development.js:12934:11)
      at commitPassiveMountOnFiber (node_modules/react-reconciler/cjs/react-reconciler.development.js:13213:11)
      at recursivelyTraversePassiveMountEffects (node_modules/react-reconciler/cjs/react-reconciler.development.js:12934:11)
      at commitPassiveMountOnFiber (node_modules/react-reconciler/cjs/react-reconciler.development.js:12999:11)
      at recursivelyTraversePassiveMountEffects (node_modules/react-reconciler/cjs/react-reconciler.development.js:12934:11)
      at commitPassiveMountOnFiber (node_modules/react-reconciler/cjs/react-reconciler.development.js:12971:11)
      at recursivelyTraversePassiveMountEffects (node_modules/react-reconciler/cjs/react-reconciler.development.js:12934:11)
      at commitPassiveMountOnFiber (node_modules/react-reconciler/cjs/react-reconciler.development.js:12971:11)
      at recursivelyTraversePassiveMountEffects (node_modules/react-reconciler/cjs/react-reconciler.development.js:12934:11)
      at commitPassiveMountOnFiber (node_modules/react-reconciler/cjs/react-reconciler.development.js:12971:11)
      at recursivelyTraversePassiveMountEffects (node_modules/react-reconciler/cjs/react-reconciler.development.js:12934:11)
      at commitPassiveMountOnFiber (node_modules/react-reconciler/cjs/react-reconciler.development.js:12971:11)
      at recursivelyTraversePassiveMountEffects (node_modules/react-reconciler/cjs/react-reconciler.development.js:12934:11)
      at commitPassiveMountOnFiber (node_modules/react-reconciler/cjs/react-reconciler.development.js:13014:11)
      at flushPassiveEffects (node_modules/react-reconciler/cjs/react-reconciler.development.js:15982:9)
      at node_modules/react-reconciler/cjs/react-reconciler.development.js:15555:15
      at flushActQueue (node_modules/react/cjs/react.development.js:590:34)
      at node_modules/react/cjs/react.development.js:847:21

    console.warn
      [Worklets] Tried to modify key `value` of an object which has been already passed to a worklet. See
              https://docs.swmansion.com/react-native-reanimated/docs/guides/troubleshooting#tried-to-modify-key-of-an-object-which-has-been-converted-to-a-serializable
              for more details.

      at Object.warn (node_modules/react-native-worklets/src/debug/logger.ts:11:13)
      at Object.warn [as value] (node_modules/react-native-worklets/src/memory/serializable.native.ts:779:16)
      at node_modules/react-native-reanimated/src/hook/useAnimatedStyle.ts:607:30
      at Object.react_stack_bottom_frame (node_modules/react-reconciler/cjs/react-reconciler.development.js:17681:20)
      at runWithFiberInDEV (node_modules/react-reconciler/cjs/react-reconciler.development.js:2508:13)
      at commitHookEffectListMount (node_modules/react-reconciler/cjs/react-reconciler.development.js:10861:29)
      at commitHookPassiveMountEffects (node_modules/react-reconciler/cjs/react-reconciler.development.js:10948:11)
      at commitPassiveMountOnFiber (node_modules/react-reconciler/cjs/react-reconciler.development.js:12979:13)
      at recursivelyTraversePassiveMountEffects (node_modules/react-reconciler/cjs/react-reconciler.development.js:12934:11)
      at commitPassiveMountOnFiber (node_modules/react-reconciler/cjs/react-reconciler.development.js:13213:11)
      at recursivelyTraversePassiveMountEffects (node_modules/react-reconciler/cjs/react-reconciler.development.js:12934:11)
      at commitPassiveMountOnFiber (node_modules/react-reconciler/cjs/react-reconciler.development.js:13213:11)
      at recursivelyTraversePassiveMountEffects (node_modules/react-reconciler/cjs/react-reconciler.development.js:12934:11)
      at commitPassiveMountOnFiber (node_modules/react-reconciler/cjs/react-reconciler.development.js:12999:11)
      at recursivelyTraversePassiveMountEffects (node_modules/react-reconciler/cjs/react-reconciler.development.js:12934:11)
      at commitPassiveMountOnFiber (node_modules/react-reconciler/cjs/react-reconciler.development.js:13213:11)
      at recursivelyTraversePassiveMountEffects (node_modules/react-reconciler/cjs/react-reconciler.development.js:12934:11)
      at commitPassiveMountOnFiber (node_modules/react-reconciler/cjs/react-reconciler.development.js:12999:11)
      at recursivelyTraversePassiveMountEffects (node_modules/react-reconciler/cjs/react-reconciler.development.js:12934:11)
      at commitPassiveMountOnFiber (node_modules/react-reconciler/cjs/react-reconciler.development.js:12971:11)
      at recursivelyTraversePassiveMountEffects (node_modules/react-reconciler/cjs/react-reconciler.development.js:12934:11)
      at commitPassiveMountOnFiber (node_modules/react-reconciler/cjs/react-reconciler.development.js:12971:11)
      at recursivelyTraversePassiveMountEffects (node_modules/react-reconciler/cjs/react-reconciler.development.js:12934:11)
      at commitPassiveMountOnFiber (node_modules/react-reconciler/cjs/react-reconciler.development.js:12971:11)
      at recursivelyTraversePassiveMountEffects (node_modules/react-reconciler/cjs/react-reconciler.development.js:12934:11)
      at commitPassiveMountOnFiber (node_modules/react-reconciler/cjs/react-reconciler.development.js:12971:11)
      at recursivelyTraversePassiveMountEffects (node_modules/react-reconciler/cjs/react-reconciler.development.js:12934:11)
      at commitPassiveMountOnFiber (node_modules/react-reconciler/cjs/react-reconciler.development.js:13014:11)
      at flushPassiveEffects (node_modules/react-reconciler/cjs/react-reconciler.development.js:15982:9)
      at node_modules/react-reconciler/cjs/react-reconciler.development.js:15555:15
      at flushActQueue (node_modules/react/cjs/react.development.js:590:34)
      at node_modules/react/cjs/react.development.js:847:21

    console.warn
      [Worklets] Tried to modify key `value` of an object which has been already passed to a worklet. See
              https://docs.swmansion.com/react-native-reanimated/docs/guides/troubleshooting#tried-to-modify-key-of-an-object-which-has-been-converted-to-a-serializable
              for more details.

      at Object.warn (node_modules/react-native-worklets/src/debug/logger.ts:11:13)
      at Object.warn [as value] (node_modules/react-native-worklets/src/memory/serializable.native.ts:779:16)
      at cancelAnimationWeb (node_modules/react-native-reanimated/src/animation/util.ts:597:20)
      at node_modules/react-native-reanimated/src/hook/useSharedValue.ts:23:22
      at Object.react_stack_bottom_frame (node_modules/react-reconciler/cjs/react-reconciler.development.js:17693:13)
      at runWithFiberInDEV (node_modules/react-reconciler/cjs/react-reconciler.development.js:2508:13)
      at commitHookEffectListUnmount (node_modules/react-reconciler/cjs/react-reconciler.development.js:10928:17)
      at commitHookPassiveUnmountEffects (node_modules/react-reconciler/cjs/react-reconciler.development.js:10959:11)
      at commitPassiveUnmountEffectsInsideOfDeletedTree_begin (node_modules/react-reconciler/cjs/react-reconciler.development.js:13779:13)
      at recursivelyTraversePassiveUnmountEffects (node_modules/react-reconciler/cjs/react-reconciler.development.js:13600:13)
      at commitPassiveUnmountOnFiber (node_modules/react-reconciler/cjs/react-reconciler.development.js:13642:11)
      at flushPassiveEffects (node_modules/react-reconciler/cjs/react-reconciler.development.js:15978:9)
      at node_modules/react-reconciler/cjs/react-reconciler.development.js:15555:15
      at flushActQueue (node_modules/react/cjs/react.development.js:590:34)
      at node_modules/react/cjs/react.development.js:847:21

    console.warn
      [Worklets] Tried to modify key `value` of an object which has been already passed to a worklet. See
              https://docs.swmansion.com/react-native-reanimated/docs/guides/troubleshooting#tried-to-modify-key-of-an-object-which-has-been-converted-to-a-serializable
              for more details.

      at Object.warn (node_modules/react-native-worklets/src/debug/logger.ts:11:13)
      at Object.warn [as value] (node_modules/react-native-worklets/src/memory/serializable.native.ts:779:16)
      at cancelAnimationWeb (node_modules/react-native-reanimated/src/animation/util.ts:597:20)
      at node_modules/react-native-reanimated/src/hook/useSharedValue.ts:23:22
      at Object.react_stack_bottom_frame (node_modules/react-reconciler/cjs/react-reconciler.development.js:17693:13)
      at runWithFiberInDEV (node_modules/react-reconciler/cjs/react-reconciler.development.js:2508:13)
      at commitHookEffectListUnmount (node_modules/react-reconciler/cjs/react-reconciler.development.js:10928:17)
      at commitHookPassiveUnmountEffects (node_modules/react-reconciler/cjs/react-reconciler.development.js:10959:11)
      at commitPassiveUnmountEffectsInsideOfDeletedTree_begin (node_modules/react-reconciler/cjs/react-reconciler.development.js:13779:13)
      at recursivelyTraversePassiveUnmountEffects (node_modules/react-reconciler/cjs/react-reconciler.development.js:13600:13)
      at commitPassiveUnmountOnFiber (node_modules/react-reconciler/cjs/react-reconciler.development.js:13642:11)
      at flushPassiveEffects (node_modules/react-reconciler/cjs/react-reconciler.development.js:15978:9)
      at node_modules/react-reconciler/cjs/react-reconciler.development.js:15555:15
      at flushActQueue (node_modules/react/cjs/react.development.js:590:34)
      at node_modules/react/cjs/react.development.js:847:21

    console.warn
      [Worklets] Tried to modify key `value` of an object which has been already passed to a worklet. See
              https://docs.swmansion.com/react-native-reanimated/docs/guides/troubleshooting#tried-to-modify-key-of-an-object-which-has-been-converted-to-a-serializable
              for more details.

      at Object.warn (node_modules/react-native-worklets/src/debug/logger.ts:11:13)
      at Object.warn [as value] (node_modules/react-native-worklets/src/memory/serializable.native.ts:779:16)
      at cancelAnimationWeb (node_modules/react-native-reanimated/src/animation/util.ts:597:20)
      at node_modules/react-native-reanimated/src/hook/useSharedValue.ts:23:22
      at Object.react_stack_bottom_frame (node_modules/react-reconciler/cjs/react-reconciler.development.js:17693:13)
      at runWithFiberInDEV (node_modules/react-reconciler/cjs/react-reconciler.development.js:2508:13)
      at commitHookEffectListUnmount (node_modules/react-reconciler/cjs/react-reconciler.development.js:10928:17)
      at commitHookPassiveUnmountEffects (node_modules/react-reconciler/cjs/react-reconciler.development.js:10959:11)
      at commitPassiveUnmountEffectsInsideOfDeletedTree_begin (node_modules/react-reconciler/cjs/react-reconciler.development.js:13779:13)
      at recursivelyTraversePassiveUnmountEffects (node_modules/react-reconciler/cjs/react-reconciler.development.js:13600:13)
      at commitPassiveUnmountOnFiber (node_modules/react-reconciler/cjs/react-reconciler.development.js:13642:11)
      at flushPassiveEffects (node_modules/react-reconciler/cjs/react-reconciler.development.js:15978:9)
      at node_modules/react-reconciler/cjs/react-reconciler.development.js:15555:15
      at flushActQueue (node_modules/react/cjs/react.development.js:590:34)
      at node_modules/react/cjs/react.development.js:847:21

    console.warn
      [Worklets] Tried to modify key `value` of an object which has been already passed to a worklet. See
              https://docs.swmansion.com/react-native-reanimated/docs/guides/troubleshooting#tried-to-modify-key-of-an-object-which-has-been-converted-to-a-serializable
              for more details.

      at Object.warn (node_modules/react-native-worklets/src/debug/logger.ts:11:13)
      at Object.warn [as value] (node_modules/react-native-worklets/src/memory/serializable.native.ts:779:16)
      at cancelAnimationWeb (node_modules/react-native-reanimated/src/animation/util.ts:597:20)
      at node_modules/react-native-reanimated/src/hook/useSharedValue.ts:23:22
      at Object.react_stack_bottom_frame (node_modules/react-reconciler/cjs/react-reconciler.development.js:17693:13)
      at runWithFiberInDEV (node_modules/react-reconciler/cjs/react-reconciler.development.js:2508:13)
      at commitHookEffectListUnmount (node_modules/react-reconciler/cjs/react-reconciler.development.js:10928:17)
      at commitHookPassiveUnmountEffects (node_modules/react-reconciler/cjs/react-reconciler.development.js:10959:11)
      at commitPassiveUnmountEffectsInsideOfDeletedTree_begin (node_modules/react-reconciler/cjs/react-reconciler.development.js:13779:13)
      at recursivelyTraversePassiveUnmountEffects (node_modules/react-reconciler/cjs/react-reconciler.development.js:13600:13)
      at commitPassiveUnmountOnFiber (node_modules/react-reconciler/cjs/react-reconciler.development.js:13642:11)
      at flushPassiveEffects (node_modules/react-reconciler/cjs/react-reconciler.development.js:15978:9)
      at node_modules/react-reconciler/cjs/react-reconciler.development.js:15555:15
      at flushActQueue (node_modules/react/cjs/react.development.js:590:34)
      at node_modules/react/cjs/react.development.js:847:21

    console.warn
      [Worklets] Tried to modify key `value` of an object which has been already passed to a worklet. See
              https://docs.swmansion.com/react-native-reanimated/docs/guides/troubleshooting#tried-to-modify-key-of-an-object-which-has-been-converted-to-a-serializable
              for more details.

      at Object.warn (node_modules/react-native-worklets/src/debug/logger.ts:11:13)
      at Object.warn [as value] (node_modules/react-native-worklets/src/memory/serializable.native.ts:779:16)
      at node_modules/react-native-reanimated/src/hook/useAnimatedStyle.ts:609:32
      at Object.react_stack_bottom_frame (node_modules/react-reconciler/cjs/react-reconciler.development.js:17693:13)
      at runWithFiberInDEV (node_modules/react-reconciler/cjs/react-reconciler.development.js:2508:13)
      at commitHookEffectListUnmount (node_modules/react-reconciler/cjs/react-reconciler.development.js:10928:17)
      at commitHookPassiveUnmountEffects (node_modules/react-reconciler/cjs/react-reconciler.development.js:10959:11)
      at commitPassiveUnmountEffectsInsideOfDeletedTree_begin (node_modules/react-reconciler/cjs/react-reconciler.development.js:13779:13)
      at recursivelyTraversePassiveUnmountEffects (node_modules/react-reconciler/cjs/react-reconciler.development.js:13600:13)
      at commitPassiveUnmountOnFiber (node_modules/react-reconciler/cjs/react-reconciler.development.js:13642:11)
      at flushPassiveEffects (node_modules/react-reconciler/cjs/react-reconciler.development.js:15978:9)
      at node_modules/react-reconciler/cjs/react-reconciler.development.js:15555:15
      at flushActQueue (node_modules/react/cjs/react.development.js:590:34)
      at node_modules/react/cjs/react.development.js:847:21

    console.warn
      [Worklets] Tried to modify key `value` of an object which has been already passed to a worklet. See
              https://docs.swmansion.com/react-native-reanimated/docs/guides/troubleshooting#tried-to-modify-key-of-an-object-which-has-been-converted-to-a-serializable
              for more details.

      at Object.warn (node_modules/react-native-worklets/src/debug/logger.ts:11:13)
      at Object.warn [as value] (node_modules/react-native-worklets/src/memory/serializable.native.ts:779:16)
      at cancelAnimationWeb (node_modules/react-native-reanimated/src/animation/util.ts:597:20)
      at node_modules/react-native-reanimated/src/hook/useSharedValue.ts:23:22
      at Object.react_stack_bottom_frame (node_modules/react-reconciler/cjs/react-reconciler.development.js:17693:13)
      at runWithFiberInDEV (node_modules/react-reconciler/cjs/react-reconciler.development.js:2508:13)
      at commitHookEffectListUnmount (node_modules/react-reconciler/cjs/react-reconciler.development.js:10928:17)
      at commitHookPassiveUnmountEffects (node_modules/react-reconciler/cjs/react-reconciler.development.js:10959:11)
      at commitPassiveUnmountEffectsInsideOfDeletedTree_begin (node_modules/react-reconciler/cjs/react-reconciler.development.js:13779:13)
      at recursivelyTraversePassiveUnmountEffects (node_modules/react-reconciler/cjs/react-reconciler.development.js:13600:13)
      at commitPassiveUnmountOnFiber (node_modules/react-reconciler/cjs/react-reconciler.development.js:13642:11)
      at flushPassiveEffects (node_modules/react-reconciler/cjs/react-reconciler.development.js:15978:9)
      at node_modules/react-reconciler/cjs/react-reconciler.development.js:15555:15
      at flushActQueue (node_modules/react/cjs/react.development.js:590:34)
      at node_modules/react/cjs/react.development.js:847:21

    console.warn
      [Worklets] Tried to modify key `value` of an object which has been already passed to a worklet. See
              https://docs.swmansion.com/react-native-reanimated/docs/guides/troubleshooting#tried-to-modify-key-of-an-object-which-has-been-converted-to-a-serializable
              for more details.

      at Object.warn (node_modules/react-native-worklets/src/debug/logger.ts:11:13)
      at Object.warn [as value] (node_modules/react-native-worklets/src/memory/serializable.native.ts:779:16)
      at node_modules/react-native-reanimated/src/hook/useAnimatedStyle.ts:609:32
      at Object.react_stack_bottom_frame (node_modules/react-reconciler/cjs/react-reconciler.development.js:17693:13)
      at runWithFiberInDEV (node_modules/react-reconciler/cjs/react-reconciler.development.js:2508:13)
      at commitHookEffectListUnmount (node_modules/react-reconciler/cjs/react-reconciler.development.js:10928:17)
      at commitHookPassiveUnmountEffects (node_modules/react-reconciler/cjs/react-reconciler.development.js:10959:11)
      at commitPassiveUnmountEffectsInsideOfDeletedTree_begin (node_modules/react-reconciler/cjs/react-reconciler.development.js:13779:13)
      at recursivelyTraversePassiveUnmountEffects (node_modules/react-reconciler/cjs/react-reconciler.development.js:13600:13)
      at commitPassiveUnmountOnFiber (node_modules/react-reconciler/cjs/react-reconciler.development.js:13642:11)
      at flushPassiveEffects (node_modules/react-reconciler/cjs/react-reconciler.development.js:15978:9)
      at node_modules/react-reconciler/cjs/react-reconciler.development.js:15555:15
      at flushActQueue (node_modules/react/cjs/react.development.js:590:34)
      at node_modules/react/cjs/react.development.js:847:21

PASS src/ui/haptics/__tests__/haptics.service.test.ts
PASS src/__tests__/skeleton.test.tsx
PASS src/hooks/__tests__/useClassroomFeed.test.tsx
PASS src/__tests__/CoachPackageEditScreen.lockPreview.test.tsx
PASS src/components/community/__tests__/VoiceNoteComposer.test.tsx
PASS src/components/community/__tests__/ComposerInput.test.tsx
PASS src/hooks/__tests__/useVoiceRecorder.test.tsx
PASS src/__tests__/PushPromptSheet.test.tsx
PASS src/__tests__/deliverablesApi.test.ts
PASS src/screens/community/__tests__/coachCommunityInboxAiTriageFlagOff.test.tsx
PASS src/services/health/healthConnect/__tests__/healthConnectClient.test.ts
PASS src/screens/client/wearables/__tests__/FreshnessChip.test.tsx
PASS src/screens/onboarding/__tests__/onboardingPolishFlagOff.test.tsx
  ● Console

    console.error
      An update to Animated(View) inside a test was not wrapped in act(...).
      
      When testing, code that causes React state updates should be wrapped into act(...):
      
      act(() => {
        /* fire events that update state */
      });
      /* assert on the output */
      
      This ensures that you're testing the behavior the user would see in the browser. Learn more at https://react.dev/link/wrap-tests-with-act

      at node_modules/react-reconciler/cjs/react-reconciler.development.js:16307:19
      at runWithFiberInDEV (node_modules/react-reconciler/cjs/react-reconciler.development.js:2508:13)
      at warnIfUpdatesNotWrappedWithActDEV (node_modules/react-reconciler/cjs/react-reconciler.development.js:16306:9)
      at scheduleUpdateOnFiber (node_modules/react-reconciler/cjs/react-reconciler.development.js:14070:11)
      at dispatchReducerAction (node_modules/react-reconciler/cjs/react-reconciler.development.js:6731:13)
      at Object.scheduleUpdate [as current] (node_modules/react-native/src/private/animated/createAnimatedPropsHook.js:131:20)
      at AnimatedProps._callback (node_modules/react-native/src/private/animated/createAnimatedPropsHook.js:71:36)
      at AnimatedProps._callback [as update] (node_modules/react-native/Libraries/Animated/nodes/AnimatedProps.js:237:10)
      at update (node_modules/react-native/Libraries/Animated/nodes/AnimatedValue.js:67:31)
          at Set.forEach (<anonymous>)
      at forEach (node_modules/react-native/Libraries/Animated/nodes/AnimatedValue.js:67:10)
      at AnimatedValue.flushValue [as _updateValue] (node_modules/react-native/Libraries/Animated/nodes/AnimatedValue.js:361:7)
      at TimingAnimation._updateValue [as _onUpdate] (node_modules/react-native/Libraries/Animated/nodes/AnimatedValue.js:325:14)
      at TimingAnimation._onUpdate [as onUpdate] (node_modules/react-native/Libraries/Animated/animations/TimingAnimation.js:157:10)
      at onUpdate (node_modules/react-native/Libraries/Animated/animations/TimingAnimation.js:132:67)
      at Timeout.callback [as _onTimeout] (node_modules/@react-native/jest-preset/jest/setup.js:61:31)

PASS src/hooks/__tests__/useVoiceUpload.test.tsx
PASS src/api/__tests__/communityAiTriageApi.test.ts
PASS src/screens/client/wearables/__tests__/SleepRecoveryScreen.test.tsx
  ● Console

    console.warn
      [Worklets] Couldn't determine the version of the native part of Worklets.
          See `https://docs.swmansion.com/react-native-worklets/docs/guides/troubleshooting#couldnt-determine-the-version-of-the-native-part-of-worklets` for more details.

    [0m [90m 39 |[39m   [33mLine[39m [36mas[39m [33mSvgLine[39m[33m,[39m
     [90m 40 |[39m } [36mfrom[39m [32m'react-native-svg'[39m[33m;[39m
    [31m[1m>[22m[39m[90m 41 |[39m [36mimport[39m { [33mGesture[39m[33m,[39m [33mGestureDetector[39m } [36mfrom[39m [32m'react-native-gesture-handler'[39m[33m;[39m
     [90m    |[39m [31m[1m^[22m[39m
     [90m 42 |[39m [36mimport[39m [33mAnimated[39m[33m,[39m {
     [90m 43 |[39m   runOnJS[33m,[39m
     [90m 44 |[39m   useAnimatedStyle[33m,[39m[0m

      at Object.warn (node_modules/react-native-worklets/src/debug/logger.ts:11:13)
      at warn (node_modules/react-native-worklets/src/debug/checkCppVersion.ts:10:12)
      at new NativeWorklets (node_modules/react-native-worklets/src/WorkletsModule/NativeWorklets.native.ts:43:22)
      at Object.<anonymous> (node_modules/react-native-worklets/src/WorkletsModule/NativeWorklets.native.ts:327:48)
      at Object.require (node_modules/react-native-worklets/src/featureFlags/featureFlags.native.ts:3:1)
      at Object.require (node_modules/react-native-worklets/src/initializers/initializers.native.ts:12:1)
      at Object.require (node_modules/react-native-worklets/src/index.ts:3:1)
      at Object.require (node_modules/react-native-reanimated/src/initializers.ts:2:1)
      at Object.require (node_modules/react-native-reanimated/src/index.ts:5:1)
      at Object.require (node_modules/react-native-gesture-handler/src/handlers/gestures/reanimatedWrapper.ts:32:16)
      at Object.require (node_modules/react-native-gesture-handler/src/handlers/gestures/gestureStateManager.ts:1:1)
      at Object.require (node_modules/react-native-gesture-handler/src/handlers/gestures/eventReceiver.ts:11:1)
      at Object.require (node_modules/react-native-gesture-handler/src/init.ts:1:1)
      at Object.require (node_modules/react-native-gesture-handler/src/index.ts:1:1)
      at Object.require (src/screens/client/wearables/charts/RevolutGlowChart.tsx:41:1)
      at Object.require (src/screens/client/wearables/cards/HrvTrendCard.tsx:14:1)
      at Object.require (src/screens/client/wearables/SleepRecoveryScreen.tsx:39:1)
      at Object.require (src/screens/client/wearables/__tests__/SleepRecoveryScreen.test.tsx:38:1)

    console.error
      [SleepRecoveryScreen] samples query failed { bucket: 'recovery', message: 'network' }

    [0m [90m 16 |[39m [36mfunction[39m log(level[33m:[39m [33mLogLevel[39m[33m,[39m context[33m:[39m string[33m,[39m [33m...[39margs[33m:[39m unknown[]) {
     [90m 17 |[39m   [36mif[39m (__DEV__) {
    [31m[1m>[22m[39m[90m 18 |[39m     console[level]([32m`[${context}]`[39m[33m,[39m [33m...[39margs)[33m;[39m
     [90m    |[39m                   [31m[1m^[22m[39m
     [90m 19 |[39m   }
     [90m 20 |[39m   [90m// In production, could forward to Sentry breadcrumbs here[39m
     [90m 21 |[39m }[0m

      at log (src/utils/logger.ts:18:19)
      at Object.log [as error] (src/utils/logger.ts:26:51)
      at error (src/screens/client/wearables/SleepRecoveryScreen.tsx:120:12)
      at Object.react_stack_bottom_frame (node_modules/react-reconciler/cjs/react-reconciler.development.js:17596:20)
      at renderWithHooks (node_modules/react-reconciler/cjs/react-reconciler.development.js:5335:22)
      at updateFunctionComponent (node_modules/react-reconciler/cjs/react-reconciler.development.js:7720:19)
      at beginWork (node_modules/react-reconciler/cjs/react-reconciler.development.js:9277:18)
      at runWithFiberInDEV (node_modules/react-reconciler/cjs/react-reconciler.development.js:2508:13)
      at performUnitOfWork (node_modules/react-reconciler/cjs/react-reconciler.development.js:15273:22)
      at workLoopSync (node_modules/react-reconciler/cjs/react-reconciler.development.js:15099:41)
      at renderRootSync (node_modules/react-reconciler/cjs/react-reconciler.development.js:15080:11)
      at performWorkOnRoot (node_modules/react-reconciler/cjs/react-reconciler.development.js:14165:11)
      at performWorkOnRootViaSchedulerTask (node_modules/react-reconciler/cjs/react-reconciler.development.js:3335:7)
      at flushActQueue (node_modules/react/cjs/react.development.js:590:34)
      at node_modules/react/cjs/react.development.js:847:21

    console.log
      [SleepRecoveryScreen] retry samples fetch { bucket: 'recovery' }

      at log (src/utils/logger.ts:18:19)

PASS src/hooks/__tests__/useWearableInsight.test.tsx
PASS src/services/health/healthConnect/__tests__/healthConnectIosNoop.test.ts
PASS src/screens/community/__tests__/coachCommunityInboxFlagOff.test.tsx
PASS src/screens/client/wearables/__tests__/ConnectProviderSheet.test.tsx
PASS src/api/__tests__/packageContentsApi.test.ts
PASS src/components/onboarding/__tests__/StripeConnectCard.test.tsx
PASS src/components/onboarding/__tests__/PermanenceMarker.test.tsx
PASS src/screens/messaging/__tests__/ContactView.test.tsx
PASS src/__tests__/coachInvitesScreen.test.tsx
PASS src/screens/client/wearables/__tests__/WearablesShell.test.tsx
PASS src/__tests__/scopedTokenGate.test.ts
PASS src/api/__tests__/coachAiBudgetApi.contract.test.ts
PASS src/components/coach/ai-budget/__tests__/AIBudgetMount.test.tsx
  ● Console

    console.warn
      [Worklets] Couldn't determine the version of the native part of Worklets.
          See `https://docs.swmansion.com/react-native-worklets/docs/guides/troubleshooting#couldnt-determine-the-version-of-the-native-part-of-worklets` for more details.

    [0m [90m 43 |[39m [36mimport[39m { [33mIonicons[39m } [36mfrom[39m [32m'@expo/vector-icons'[39m[33m;[39m
     [90m 44 |[39m [36mimport[39m [33m*[39m [36mas[39m [33mHaptics[39m [36mfrom[39m [32m'expo-haptics'[39m[33m;[39m
    [31m[1m>[22m[39m[90m 45 |[39m [36mimport[39m [33mAnimated[39m[33m,[39m {
     [90m    |[39m [31m[1m^[22m[39m
     [90m 46 |[39m   useSharedValue[33m,[39m
     [90m 47 |[39m   useAnimatedStyle[33m,[39m
     [90m 48 |[39m   withTiming[33m,[39m[0m

      at Object.warn (node_modules/react-native-worklets/src/debug/logger.ts:11:13)
      at warn (node_modules/react-native-worklets/src/debug/checkCppVersion.ts:10:12)
      at new NativeWorklets (node_modules/react-native-worklets/src/WorkletsModule/NativeWorklets.native.ts:43:22)
      at Object.<anonymous> (node_modules/react-native-worklets/src/WorkletsModule/NativeWorklets.native.ts:327:48)
      at Object.require (node_modules/react-native-worklets/src/featureFlags/featureFlags.native.ts:3:1)
      at Object.require (node_modules/react-native-worklets/src/initializers/initializers.native.ts:12:1)
      at Object.require (node_modules/react-native-worklets/src/index.ts:3:1)
      at Object.require (node_modules/react-native-reanimated/src/initializers.ts:2:1)
      at Object.require (node_modules/react-native-reanimated/src/index.ts:5:1)
      at Object.require (src/components/coach/ai-budget/AIBudgetTutorialModal.tsx:45:1)
      at Object.require (src/components/coach/ai-budget/AIBudgetMount.tsx:37:1)
      at Object.require (src/components/coach/ai-budget/__tests__/AIBudgetMount.test.tsx:79:1)

PASS src/utils/__tests__/date.test.ts
PASS src/__tests__/bulkInviteScreen.test.tsx
  ● Console

    console.error
      BulkInviteScreen: bulk send failed ECONNREFUSED postgres://_TOKEN@host

    [0m [90m 159 |[39m       setMessage([32m''[39m)[33m;[39m
     [90m 160 |[39m     } [36mcatch[39m (err) {
    [31m[1m>[22m[39m[90m 161 |[39m       console[33m.[39merror([32m'BulkInviteScreen: bulk send failed'[39m[33m,[39m errorMessage(err))[33m;[39m
     [90m     |[39m               [31m[1m^[22m[39m
     [90m 162 |[39m       [33mAlert[39m[33m.[39malert([32m'Could not send invites'[39m[33m,[39m [32m'Please try again.'[39m)[33m;[39m
     [90m 163 |[39m     } [36mfinally[39m {
     [90m 164 |[39m       setSubmitting([36mfalse[39m)[33m;[39m[0m

      at error (src/screens/coach/BulkInviteScreen.tsx:161:15)
          at Generator.throw (<anonymous>)
      at asyncGeneratorStep (node_modules/@babel/runtime/helpers/asyncToGenerator.js:3:17)
      at _throw (node_modules/@babel/runtime/helpers/asyncToGenerator.js:20:9)

PASS src/components/coach/ai-budget/__tests__/AIBudgetTutorialModal.test.tsx
  ● Console

    console.warn
      SafeAreaView has been deprecated and will be removed in a future release. Please use 'react-native-safe-area-context' instead. See https://github.com/AppAndFlow/react-native-safe-area-context

    [0m [90m 191 |[39m     [33m>[39m
     [90m 192 |[39m       [33m<[39m[33mView[39m style[33m=[39m{styles[33m.[39mbackdrop}[33m>[39m
    [31m[1m>[22m[39m[90m 193 |[39m         [33m<[39m[33mSafeAreaView[39m style[33m=[39m{styles[33m.[39msafeArea}[33m>[39m
     [90m     |[39m          [31m[1m^[22m[39m
     [90m 194 |[39m           [33m<[39m[33mView[39m style[33m=[39m{styles[33m.[39mcard}[33m>[39m
     [90m 195 |[39m             [33m<[39m[33mView[39m style[33m=[39m{styles[33m.[39mprogressRow}[33m>[39m
     [90m 196 |[39m               {cards[33m.[39mmap((_[33m,[39m i) [33m=>[39m ([0m

      at warn (node_modules/react-native/Libraries/Utilities/warnOnce.js:27:11)
      at Object.warnOnce [as SafeAreaView] (node_modules/react-native/index.js:101:5)
      at SafeAreaView (src/components/coach/ai-budget/AIBudgetTutorialModal.tsx:193:10)
      at Object.react_stack_bottom_frame (node_modules/react-reconciler/cjs/react-reconciler.development.js:17596:20)
      at renderWithHooks (node_modules/react-reconciler/cjs/react-reconciler.development.js:5335:22)
      at updateFunctionComponent (node_modules/react-reconciler/cjs/react-reconciler.development.js:7720:19)
      at beginWork (node_modules/react-reconciler/cjs/react-reconciler.development.js:9277:18)
      at runWithFiberInDEV (node_modules/react-reconciler/cjs/react-reconciler.development.js:2508:13)
      at performUnitOfWork (node_modules/react-reconciler/cjs/react-reconciler.development.js:15273:22)
      at workLoopSync (node_modules/react-reconciler/cjs/react-reconciler.development.js:15099:41)
      at renderRootSync (node_modules/react-reconciler/cjs/react-reconciler.development.js:15080:11)
      at performWorkOnRoot (node_modules/react-reconciler/cjs/react-reconciler.development.js:14165:11)
      at performWorkOnRootViaSchedulerTask (node_modules/react-reconciler/cjs/react-reconciler.development.js:3335:7)
      at flushActQueue (node_modules/react/cjs/react.development.js:590:34)
      at node_modules/react/cjs/react.development.js:847:21

PASS src/hooks/__tests__/useCommunitySearch.test.tsx
PASS src/screens/share/__tests__/share-card.test.tsx
PASS src/__tests__/darkMode.test.ts
PASS src/utils/__tests__/deepLink.test.ts
PASS src/components/__tests__/HapticPressable.test.tsx
  ● Console

    console.error
      The current testing environment is not configured to support act(...)

    [0m [90m 26 |[39m     [33mAccessibilityInfo[39m[33m.[39misReduceMotionEnabled()
     [90m 27 |[39m       [33m.[39mthen((enabled) [33m=>[39m {
    [31m[1m>[22m[39m[90m 28 |[39m         [36mif[39m ([33m![39mcancelled) setReduceMotion(enabled)[33m;[39m
     [90m    |[39m                         [31m[1m^[22m[39m
     [90m 29 |[39m       })
     [90m 30 |[39m       [33m.[39m[36mcatch[39m(() [33m=>[39m {
     [90m 31 |[39m         [90m// A platform that can't answer the probe (e.g. older web shim) is[39m[0m

      at isConcurrentActEnvironment (node_modules/react-reconciler/cjs/react-reconciler.development.js:13990:17)
      at warnIfUpdatesNotWrappedWithActDEV (node_modules/react-reconciler/cjs/react-reconciler.development.js:16304:7)
      at scheduleUpdateOnFiber (node_modules/react-reconciler/cjs/react-reconciler.development.js:14070:11)
      at dispatchSetStateInternal (node_modules/react-reconciler/cjs/react-reconciler.development.js:6784:13)
      at dispatchSetState (node_modules/react-reconciler/cjs/react-reconciler.development.js:6741:7)
      at setReduceMotion (src/screens/client/wearables/components/useReduceMotion.ts:28:25)

PASS src/screens/client/__tests__/FastingScreen.p0.test.ts
PASS src/hooks/__tests__/useFeatureFlags.test.tsx
PASS src/components/__tests__/HapticPressable.reducedMotion.test.tsx
PASS src/services/health/__tests__/onDeviceConnect.test.ts
PASS src/components/trust/__tests__/aiGatewayDisabledState.render.test.tsx
PASS src/hooks/useSamsungHealthSync.test.tsx
PASS src/__tests__/CheckoutReturnScreen.success.test.tsx
PASS src/__tests__/rootNavigatorCheckoutLink.test.tsx
  ● Console

    console.warn
      Deep imports from the 'react-native' package are deprecated ('react-native/Libraries/Components/TextInput/TextInputState'). Source: /Users/wooj/stripe/stripe-react-native/src/helpers.ts 6:0

    [0m [90m 61 |[39m [36mtry[39m {
     [90m 62 |[39m   [90m// eslint-disable-next-line @typescript-eslint/no-var-requires[39m
    [31m[1m>[22m[39m[90m 63 |[39m   [36mconst[39m stripeModule [33m=[39m require([32m'@stripe/stripe-react-native'[39m)[33m;[39m
     [90m    |[39m                        [31m[1m^[22m[39m
     [90m 64 |[39m   stripeHookFactory [33m=[39m stripeModule[33m.[39museStripe [33m?[39m[33m?[39m [36mnull[39m[33m;[39m
     [90m 65 |[39m } [36mcatch[39m {
     [90m 66 |[39m   [90m// Native module missing — handled at handleSelectPlan time with a user-safe[39m[0m

      at Object.<anonymous> (node_modules/@stripe/stripe-react-native/src/helpers.ts:6:1)
      at Object._interopRequireDefault (node_modules/@stripe/stripe-react-native/src/functions.ts:3:1)
      at Object.<anonymous> (node_modules/@stripe/stripe-react-native/src/hooks/useStripe.tsx:72:43)
      at Object._useState2 (node_modules/@stripe/stripe-react-native/src/hooks/useConfirmPayment.tsx:9:48)
      at Object.<anonymous> (node_modules/@stripe/stripe-react-native/src/index.tsx:3:1)
      at Object.require (src/components/PackageSelectionSheet.tsx:63:24)
      at Object.require (src/screens/client/Day1WinScreen.tsx:30:1)
      at Object.require (src/navigation/RootNavigator.tsx:37:1)
      at Object.require (src/__tests__/rootNavigatorCheckoutLink.test.tsx:49:1)

PASS src/hooks/__tests__/useScheduling.test.ts
PASS src/services/__tests__/secureStorage.test.ts
PASS src/__tests__/PackageCheckoutScreen.buyer.test.tsx
PASS src/__tests__/entitlementProvider.test.tsx
  ● Console

    console.error
      [EntitlementProvider] refreshEntitlement failed Network down

    [0m [90m 16 |[39m [36mfunction[39m log(level[33m:[39m [33mLogLevel[39m[33m,[39m context[33m:[39m string[33m,[39m [33m...[39margs[33m:[39m unknown[]) {
     [90m 17 |[39m   [36mif[39m (__DEV__) {
    [31m[1m>[22m[39m[90m 18 |[39m     console[level]([32m`[${context}]`[39m[33m,[39m [33m...[39margs)[33m;[39m
     [90m    |[39m                   [31m[1m^[22m[39m
     [90m 19 |[39m   }
     [90m 20 |[39m   [90m// In production, could forward to Sentry breadcrumbs here[39m
     [90m 21 |[39m }[0m

      at log (src/utils/logger.ts:18:19)
      at Object.log [as error] (src/utils/logger.ts:26:51)
      at error (src/entitlements/EntitlementProvider.tsx:70:16)
      at asyncGeneratorStep (node_modules/@babel/runtime/helpers/asyncToGenerator.js:3:17)
      at _next (node_modules/@babel/runtime/helpers/asyncToGenerator.js:17:9)

PASS src/components/messaging/__tests__/ReportMessageSheet.test.tsx
PASS src/__tests__/paywallSheet.test.tsx
  ● Console

    console.warn
      [PaywallSheet] getPackages failed boom

    [0m [90m 16 |[39m [36mfunction[39m log(level[33m:[39m [33mLogLevel[39m[33m,[39m context[33m:[39m string[33m,[39m [33m...[39margs[33m:[39m unknown[]) {
     [90m 17 |[39m   [36mif[39m (__DEV__) {
    [31m[1m>[22m[39m[90m 18 |[39m     console[level]([32m`[${context}]`[39m[33m,[39m [33m...[39margs)[33m;[39m
     [90m    |[39m                   [31m[1m^[22m[39m
     [90m 19 |[39m   }
     [90m 20 |[39m   [90m// In production, could forward to Sentry breadcrumbs here[39m
     [90m 21 |[39m }[0m

      at log (src/utils/logger.ts:18:19)
      at Object.log [as warn] (src/utils/logger.ts:25:50)
      at warn (src/entitlements/PaywallSheet.tsx:52:16)
      at asyncGeneratorStep (node_modules/@babel/runtime/helpers/asyncToGenerator.js:3:17)
      at _next (node_modules/@babel/runtime/helpers/asyncToGenerator.js:17:9)

PASS src/screens/__tests__/conciergePhase1.test.tsx
  ● Console

    console.error
      An update to CoachBookingInboxScreen inside a test was not wrapped in act(...).
      
      When testing, code that causes React state updates should be wrapped into act(...):
      
      act(() => {
        /* fire events that update state */
      });
      /* assert on the output */
      
      This ensures that you're testing the behavior the user would see in the browser. Learn more at https://react.dev/link/wrap-tests-with-act

      at node_modules/react-reconciler/cjs/react-reconciler.development.js:16307:19
      at runWithFiberInDEV (node_modules/react-reconciler/cjs/react-reconciler.development.js:2508:13)
      at warnIfUpdatesNotWrappedWithActDEV (node_modules/react-reconciler/cjs/react-reconciler.development.js:16306:9)
      at scheduleUpdateOnFiber (node_modules/react-reconciler/cjs/react-reconciler.development.js:14070:11)
      at forceStoreRerender (node_modules/react-reconciler/cjs/react-reconciler.development.js:5935:24)
      at node_modules/react-reconciler/cjs/react-reconciler.development.js:5920:11
      at node_modules/@tanstack/query-core/src/notifyManager.ts:73:11
      at notifyFn (node_modules/@tanstack/query-core/src/notifyManager.ts:21:5)
      at node_modules/@tanstack/query-core/src/notifyManager.ts:44:13
          at Array.forEach (<anonymous>)
      at node_modules/@tanstack/query-core/src/notifyManager.ts:43:25
      at batchNotifyFn (node_modules/@tanstack/query-core/src/notifyManager.ts:24:5)
      at Timeout._onTimeout (node_modules/@tanstack/query-core/src/notifyManager.ts:42:9)

PASS src/screens/client/wearables/charts/__tests__/RevolutGlowChart.test.tsx
  ● Console

    console.warn
      [Worklets] Couldn't determine the version of the native part of Worklets.
          See `https://docs.swmansion.com/react-native-worklets/docs/guides/troubleshooting#couldnt-determine-the-version-of-the-native-part-of-worklets` for more details.

    [0m [90m 39 |[39m   [33mLine[39m [36mas[39m [33mSvgLine[39m[33m,[39m
     [90m 40 |[39m } [36mfrom[39m [32m'react-native-svg'[39m[33m;[39m
    [31m[1m>[22m[39m[90m 41 |[39m [36mimport[39m { [33mGesture[39m[33m,[39m [33mGestureDetector[39m } [36mfrom[39m [32m'react-native-gesture-handler'[39m[33m;[39m
     [90m    |[39m [31m[1m^[22m[39m
     [90m 42 |[39m [36mimport[39m [33mAnimated[39m[33m,[39m {
     [90m 43 |[39m   runOnJS[33m,[39m
     [90m 44 |[39m   useAnimatedStyle[33m,[39m[0m

      at Object.warn (node_modules/react-native-worklets/src/debug/logger.ts:11:13)
      at warn (node_modules/react-native-worklets/src/debug/checkCppVersion.ts:10:12)
      at new NativeWorklets (node_modules/react-native-worklets/src/WorkletsModule/NativeWorklets.native.ts:43:22)
      at Object.<anonymous> (node_modules/react-native-worklets/src/WorkletsModule/NativeWorklets.native.ts:327:48)
      at Object.require (node_modules/react-native-worklets/src/featureFlags/featureFlags.native.ts:3:1)
      at Object.require (node_modules/react-native-worklets/src/initializers/initializers.native.ts:12:1)
      at Object.require (node_modules/react-native-worklets/src/index.ts:3:1)
      at Object.require (node_modules/react-native-reanimated/src/initializers.ts:2:1)
      at Object.require (node_modules/react-native-reanimated/src/index.ts:5:1)
      at Object.require (node_modules/react-native-gesture-handler/src/handlers/gestures/reanimatedWrapper.ts:32:16)
      at Object.require (node_modules/react-native-gesture-handler/src/handlers/gestures/gestureStateManager.ts:1:1)
      at Object.require (node_modules/react-native-gesture-handler/src/handlers/gestures/eventReceiver.ts:11:1)
      at Object.require (node_modules/react-native-gesture-handler/src/init.ts:1:1)
      at Object.require (node_modules/react-native-gesture-handler/src/index.ts:1:1)
      at Object.require (src/screens/client/wearables/charts/RevolutGlowChart.tsx:41:1)
      at Object.require (src/screens/client/wearables/charts/__tests__/RevolutGlowChart.test.tsx:17:1)

    console.warn
      [Worklets] Tried to modify key `value` of an object which has been already passed to a worklet. See
              https://docs.swmansion.com/react-native-reanimated/docs/guides/troubleshooting#tried-to-modify-key-of-an-object-which-has-been-converted-to-a-serializable
              for more details.

      at Object.warn (node_modules/react-native-worklets/src/debug/logger.ts:11:13)
      at Object.warn [as value] (node_modules/react-native-worklets/src/memory/serializable.native.ts:779:16)
      at node_modules/react-native-reanimated/src/hook/useAnimatedStyle.ts:607:30
      at Object.react_stack_bottom_frame (node_modules/react-reconciler/cjs/react-reconciler.development.js:17681:20)
      at runWithFiberInDEV (node_modules/react-reconciler/cjs/react-reconciler.development.js:2508:13)
      at commitHookEffectListMount (node_modules/react-reconciler/cjs/react-reconciler.development.js:10861:29)
      at commitHookPassiveMountEffects (node_modules/react-reconciler/cjs/react-reconciler.development.js:10948:11)
      at commitPassiveMountOnFiber (node_modules/react-reconciler/cjs/react-reconciler.development.js:12979:13)
      at recursivelyTraversePassiveMountEffects (node_modules/react-reconciler/cjs/react-reconciler.development.js:12934:11)
      at commitPassiveMountOnFiber (node_modules/react-reconciler/cjs/react-reconciler.development.js:13014:11)
      at flushPassiveEffects (node_modules/react-reconciler/cjs/react-reconciler.development.js:15982:9)
      at node_modules/react-reconciler/cjs/react-reconciler.development.js:15555:15
      at flushActQueue (node_modules/react/cjs/react.development.js:590:34)
      at node_modules/react/cjs/react.development.js:847:21

    console.warn
      [Worklets] Tried to modify key `value` of an object which has been already passed to a worklet. See
              https://docs.swmansion.com/react-native-reanimated/docs/guides/troubleshooting#tried-to-modify-key-of-an-object-which-has-been-converted-to-a-serializable
              for more details.

      at Object.warn (node_modules/react-native-worklets/src/debug/logger.ts:11:13)
      at Object.warn [as value] (node_modules/react-native-worklets/src/memory/serializable.native.ts:779:16)
      at node_modules/react-native-reanimated/src/hook/useAnimatedStyle.ts:607:30
      at Object.react_stack_bottom_frame (node_modules/react-reconciler/cjs/react-reconciler.development.js:17681:20)
      at runWithFiberInDEV (node_modules/react-reconciler/cjs/react-reconciler.development.js:2508:13)
      at commitHookEffectListMount (node_modules/react-reconciler/cjs/react-reconciler.development.js:10861:29)
      at commitHookPassiveMountEffects (node_modules/react-reconciler/cjs/react-reconciler.development.js:10948:11)
      at commitPassiveMountOnFiber (node_modules/react-reconciler/cjs/react-reconciler.development.js:12979:13)
      at recursivelyTraversePassiveMountEffects (node_modules/react-reconciler/cjs/react-reconciler.development.js:12934:11)
      at commitPassiveMountOnFiber (node_modules/react-reconciler/cjs/react-reconciler.development.js:13014:11)
      at flushPassiveEffects (node_modules/react-reconciler/cjs/react-reconciler.development.js:15982:9)
      at node_modules/react-reconciler/cjs/react-reconciler.development.js:15555:15
      at flushActQueue (node_modules/react/cjs/react.development.js:590:34)
      at node_modules/react/cjs/react.development.js:847:21

    console.warn
      [Worklets] Tried to modify key `value` of an object which has been already passed to a worklet. See
              https://docs.swmansion.com/react-native-reanimated/docs/guides/troubleshooting#tried-to-modify-key-of-an-object-which-has-been-converted-to-a-serializable
              for more details.

      at Object.warn (node_modules/react-native-worklets/src/debug/logger.ts:11:13)
      at Object.warn [as value] (node_modules/react-native-worklets/src/memory/serializable.native.ts:779:16)
      at cancelAnimationWeb (node_modules/react-native-reanimated/src/animation/util.ts:597:20)
      at node_modules/react-native-reanimated/src/hook/useSharedValue.ts:23:22
      at Object.react_stack_bottom_frame (node_modules/react-reconciler/cjs/react-reconciler.development.js:17693:13)
      at runWithFiberInDEV (node_modules/react-reconciler/cjs/react-reconciler.development.js:2508:13)
      at commitHookEffectListUnmount (node_modules/react-reconciler/cjs/react-reconciler.development.js:10928:17)
      at commitHookPassiveUnmountEffects (node_modules/react-reconciler/cjs/react-reconciler.development.js:10959:11)
      at commitPassiveUnmountEffectsInsideOfDeletedTree_begin (node_modules/react-reconciler/cjs/react-reconciler.development.js:13779:13)
      at recursivelyTraversePassiveUnmountEffects (node_modules/react-reconciler/cjs/react-reconciler.development.js:13600:13)
      at commitPassiveUnmountOnFiber (node_modules/react-reconciler/cjs/react-reconciler.development.js:13642:11)
      at flushPassiveEffects (node_modules/react-reconciler/cjs/react-reconciler.development.js:15978:9)
      at node_modules/react-reconciler/cjs/react-reconciler.development.js:15555:15
      at flushActQueue (node_modules/react/cjs/react.development.js:590:34)
      at node_modules/react/cjs/react.development.js:847:21

    console.warn
      [Worklets] Tried to modify key `value` of an object which has been already passed to a worklet. See
              https://docs.swmansion.com/react-native-reanimated/docs/guides/troubleshooting#tried-to-modify-key-of-an-object-which-has-been-converted-to-a-serializable
              for more details.

      at Object.warn (node_modules/react-native-worklets/src/debug/logger.ts:11:13)
      at Object.warn [as value] (node_modules/react-native-worklets/src/memory/serializable.native.ts:779:16)
      at cancelAnimationWeb (node_modules/react-native-reanimated/src/animation/util.ts:597:20)
      at node_modules/react-native-reanimated/src/hook/useSharedValue.ts:23:22
      at Object.react_stack_bottom_frame (node_modules/react-reconciler/cjs/react-reconciler.development.js:17693:13)
      at runWithFiberInDEV (node_modules/react-reconciler/cjs/react-reconciler.development.js:2508:13)
      at commitHookEffectListUnmount (node_modules/react-reconciler/cjs/react-reconciler.development.js:10928:17)
      at commitHookPassiveUnmountEffects (node_modules/react-reconciler/cjs/react-reconciler.development.js:10959:11)
      at commitPassiveUnmountEffectsInsideOfDeletedTree_begin (node_modules/react-reconciler/cjs/react-reconciler.development.js:13779:13)
      at recursivelyTraversePassiveUnmountEffects (node_modules/react-reconciler/cjs/react-reconciler.development.js:13600:13)
      at commitPassiveUnmountOnFiber (node_modules/react-reconciler/cjs/react-reconciler.development.js:13642:11)
      at flushPassiveEffects (node_modules/react-reconciler/cjs/react-reconciler.development.js:15978:9)
      at node_modules/react-reconciler/cjs/react-reconciler.development.js:15555:15
      at flushActQueue (node_modules/react/cjs/react.development.js:590:34)
      at node_modules/react/cjs/react.development.js:847:21

    console.warn
      [Worklets] Tried to modify key `value` of an object which has been already passed to a worklet. See
              https://docs.swmansion.com/react-native-reanimated/docs/guides/troubleshooting#tried-to-modify-key-of-an-object-which-has-been-converted-to-a-serializable
              for more details.

      at Object.warn (node_modules/react-native-worklets/src/debug/logger.ts:11:13)
      at Object.warn [as value] (node_modules/react-native-worklets/src/memory/serializable.native.ts:779:16)
      at cancelAnimationWeb (node_modules/react-native-reanimated/src/animation/util.ts:597:20)
      at node_modules/react-native-reanimated/src/hook/useSharedValue.ts:23:22
      at Object.react_stack_bottom_frame (node_modules/react-reconciler/cjs/react-reconciler.development.js:17693:13)
      at runWithFiberInDEV (node_modules/react-reconciler/cjs/react-reconciler.development.js:2508:13)
      at commitHookEffectListUnmount (node_modules/react-reconciler/cjs/react-reconciler.development.js:10928:17)
      at commitHookPassiveUnmountEffects (node_modules/react-reconciler/cjs/react-reconciler.development.js:10959:11)
      at commitPassiveUnmountEffectsInsideOfDeletedTree_begin (node_modules/react-reconciler/cjs/react-reconciler.development.js:13779:13)
      at recursivelyTraversePassiveUnmountEffects (node_modules/react-reconciler/cjs/react-reconciler.development.js:13600:13)
      at commitPassiveUnmountOnFiber (node_modules/react-reconciler/cjs/react-reconciler.development.js:13642:11)
      at flushPassiveEffects (node_modules/react-reconciler/cjs/react-reconciler.development.js:15978:9)
      at node_modules/react-reconciler/cjs/react-reconciler.development.js:15555:15
      at flushActQueue (node_modules/react/cjs/react.development.js:590:34)
      at node_modules/react/cjs/react.development.js:847:21

    console.warn
      [Worklets] Tried to modify key `value` of an object which has been already passed to a worklet. See
              https://docs.swmansion.com/react-native-reanimated/docs/guides/troubleshooting#tried-to-modify-key-of-an-object-which-has-been-converted-to-a-serializable
              for more details.

      at Object.warn (node_modules/react-native-worklets/src/debug/logger.ts:11:13)
      at Object.warn [as value] (node_modules/react-native-worklets/src/memory/serializable.native.ts:779:16)
      at cancelAnimationWeb (node_modules/react-native-reanimated/src/animation/util.ts:597:20)
      at node_modules/react-native-reanimated/src/hook/useSharedValue.ts:23:22
      at Object.react_stack_bottom_frame (node_modules/react-reconciler/cjs/react-reconciler.development.js:17693:13)
      at runWithFiberInDEV (node_modules/react-reconciler/cjs/react-reconciler.development.js:2508:13)
      at commitHookEffectListUnmount (node_modules/react-reconciler/cjs/react-reconciler.development.js:10928:17)
      at commitHookPassiveUnmountEffects (node_modules/react-reconciler/cjs/react-reconciler.development.js:10959:11)
      at commitPassiveUnmountEffectsInsideOfDeletedTree_begin (node_modules/react-reconciler/cjs/react-reconciler.development.js:13779:13)
      at recursivelyTraversePassiveUnmountEffects (node_modules/react-reconciler/cjs/react-reconciler.development.js:13600:13)
      at commitPassiveUnmountOnFiber (node_modules/react-reconciler/cjs/react-reconciler.development.js:13642:11)
      at flushPassiveEffects (node_modules/react-reconciler/cjs/react-reconciler.development.js:15978:9)
      at node_modules/react-reconciler/cjs/react-reconciler.development.js:15555:15
      at flushActQueue (node_modules/react/cjs/react.development.js:590:34)
      at node_modules/react/cjs/react.development.js:847:21

    console.warn
      [Worklets] Tried to modify key `value` of an object which has been already passed to a worklet. See
              https://docs.swmansion.com/react-native-reanimated/docs/guides/troubleshooting#tried-to-modify-key-of-an-object-which-has-been-converted-to-a-serializable
              for more details.

      at Object.warn (node_modules/react-native-worklets/src/debug/logger.ts:11:13)
      at Object.warn [as value] (node_modules/react-native-worklets/src/memory/serializable.native.ts:779:16)
      at node_modules/react-native-reanimated/src/hook/useAnimatedStyle.ts:609:32
      at Object.react_stack_bottom_frame (node_modules/react-reconciler/cjs/react-reconciler.development.js:17693:13)
      at runWithFiberInDEV (node_modules/react-reconciler/cjs/react-reconciler.development.js:2508:13)
      at commitHookEffectListUnmount (node_modules/react-reconciler/cjs/react-reconciler.development.js:10928:17)
      at commitHookPassiveUnmountEffects (node_modules/react-reconciler/cjs/react-reconciler.development.js:10959:11)
      at commitPassiveUnmountEffectsInsideOfDeletedTree_begin (node_modules/react-reconciler/cjs/react-reconciler.development.js:13779:13)
      at recursivelyTraversePassiveUnmountEffects (node_modules/react-reconciler/cjs/react-reconciler.development.js:13600:13)
      at commitPassiveUnmountOnFiber (node_modules/react-reconciler/cjs/react-reconciler.development.js:13642:11)
      at flushPassiveEffects (node_modules/react-reconciler/cjs/react-reconciler.development.js:15978:9)
      at node_modules/react-reconciler/cjs/react-reconciler.development.js:15555:15
      at flushActQueue (node_modules/react/cjs/react.development.js:590:34)
      at node_modules/react/cjs/react.development.js:847:21

    console.warn
      [Worklets] Tried to modify key `value` of an object which has been already passed to a worklet. See
              https://docs.swmansion.com/react-native-reanimated/docs/guides/troubleshooting#tried-to-modify-key-of-an-object-which-has-been-converted-to-a-serializable
              for more details.

      at Object.warn (node_modules/react-native-worklets/src/debug/logger.ts:11:13)
      at Object.warn [as value] (node_modules/react-native-worklets/src/memory/serializable.native.ts:779:16)
      at cancelAnimationWeb (node_modules/react-native-reanimated/src/animation/util.ts:597:20)
      at node_modules/react-native-reanimated/src/hook/useSharedValue.ts:23:22
      at Object.react_stack_bottom_frame (node_modules/react-reconciler/cjs/react-reconciler.development.js:17693:13)
      at runWithFiberInDEV (node_modules/react-reconciler/cjs/react-reconciler.development.js:2508:13)
      at commitHookEffectListUnmount (node_modules/react-reconciler/cjs/react-reconciler.development.js:10928:17)
      at commitHookPassiveUnmountEffects (node_modules/react-reconciler/cjs/react-reconciler.development.js:10959:11)
      at commitPassiveUnmountEffectsInsideOfDeletedTree_begin (node_modules/react-reconciler/cjs/react-reconciler.development.js:13779:13)
      at recursivelyTraversePassiveUnmountEffects (node_modules/react-reconciler/cjs/react-reconciler.development.js:13600:13)
      at commitPassiveUnmountOnFiber (node_modules/react-reconciler/cjs/react-reconciler.development.js:13642:11)
      at flushPassiveEffects (node_modules/react-reconciler/cjs/react-reconciler.development.js:15978:9)
      at node_modules/react-reconciler/cjs/react-reconciler.development.js:15555:15
      at flushActQueue (node_modules/react/cjs/react.development.js:590:34)
      at node_modules/react/cjs/react.development.js:847:21

    console.warn
      [Worklets] Tried to modify key `value` of an object which has been already passed to a worklet. See
              https://docs.swmansion.com/react-native-reanimated/docs/guides/troubleshooting#tried-to-modify-key-of-an-object-which-has-been-converted-to-a-serializable
              for more details.

      at Object.warn (node_modules/react-native-worklets/src/debug/logger.ts:11:13)
      at Object.warn [as value] (node_modules/react-native-worklets/src/memory/serializable.native.ts:779:16)
      at node_modules/react-native-reanimated/src/hook/useAnimatedStyle.ts:609:32
      at Object.react_stack_bottom_frame (node_modules/react-reconciler/cjs/react-reconciler.development.js:17693:13)
      at runWithFiberInDEV (node_modules/react-reconciler/cjs/react-reconciler.development.js:2508:13)
      at commitHookEffectListUnmount (node_modules/react-reconciler/cjs/react-reconciler.development.js:10928:17)
      at commitHookPassiveUnmountEffects (node_modules/react-reconciler/cjs/react-reconciler.development.js:10959:11)
      at commitPassiveUnmountEffectsInsideOfDeletedTree_begin (node_modules/react-reconciler/cjs/react-reconciler.development.js:13779:13)
      at recursivelyTraversePassiveUnmountEffects (node_modules/react-reconciler/cjs/react-reconciler.development.js:13600:13)
      at commitPassiveUnmountOnFiber (node_modules/react-reconciler/cjs/react-reconciler.development.js:13642:11)
      at flushPassiveEffects (node_modules/react-reconciler/cjs/react-reconciler.development.js:15978:9)
      at node_modules/react-reconciler/cjs/react-reconciler.development.js:15555:15
      at flushActQueue (node_modules/react/cjs/react.development.js:590:34)
      at node_modules/react/cjs/react.development.js:847:21

    console.warn
      [Worklets] Tried to modify key `value` of an object which has been already passed to a worklet. See
              https://docs.swmansion.com/react-native-reanimated/docs/guides/troubleshooting#tried-to-modify-key-of-an-object-which-has-been-converted-to-a-serializable
              for more details.

      at Object.warn (node_modules/react-native-worklets/src/debug/logger.ts:11:13)
      at Object.warn [as value] (node_modules/react-native-worklets/src/memory/serializable.native.ts:779:16)
      at node_modules/react-native-reanimated/src/hook/useAnimatedStyle.ts:607:30
      at Object.react_stack_bottom_frame (node_modules/react-reconciler/cjs/react-reconciler.development.js:17681:20)
      at runWithFiberInDEV (node_modules/react-reconciler/cjs/react-reconciler.development.js:2508:13)
      at commitHookEffectListMount (node_modules/react-reconciler/cjs/react-reconciler.development.js:10861:29)
      at commitHookPassiveMountEffects (node_modules/react-reconciler/cjs/react-reconciler.development.js:10948:11)
      at commitPassiveMountOnFiber (node_modules/react-reconciler/cjs/react-reconciler.development.js:12979:13)
      at recursivelyTraversePassiveMountEffects (node_modules/react-reconciler/cjs/react-reconciler.development.js:12934:11)
      at commitPassiveMountOnFiber (node_modules/react-reconciler/cjs/react-reconciler.development.js:13014:11)
      at flushPassiveEffects (node_modules/react-reconciler/cjs/react-reconciler.development.js:15982:9)
      at node_modules/react-reconciler/cjs/react-reconciler.development.js:15555:15
      at flushActQueue (node_modules/react/cjs/react.development.js:590:34)
      at node_modules/react/cjs/react.development.js:847:21

    console.warn
      [Worklets] Tried to modify key `value` of an object which has been already passed to a worklet. See
              https://docs.swmansion.com/react-native-reanimated/docs/guides/troubleshooting#tried-to-modify-key-of-an-object-which-has-been-converted-to-a-serializable
              for more details.

      at Object.warn (node_modules/react-native-worklets/src/debug/logger.ts:11:13)
      at Object.warn [as value] (node_modules/react-native-worklets/src/memory/serializable.native.ts:779:16)
      at node_modules/react-native-reanimated/src/hook/useAnimatedStyle.ts:607:30
      at Object.react_stack_bottom_frame (node_modules/react-reconciler/cjs/react-reconciler.development.js:17681:20)
      at runWithFiberInDEV (node_modules/react-reconciler/cjs/react-reconciler.development.js:2508:13)
      at commitHookEffectListMount (node_modules/react-reconciler/cjs/react-reconciler.development.js:10861:29)
      at commitHookPassiveMountEffects (node_modules/react-reconciler/cjs/react-reconciler.development.js:10948:11)
      at commitPassiveMountOnFiber (node_modules/react-reconciler/cjs/react-reconciler.development.js:12979:13)
      at recursivelyTraversePassiveMountEffects (node_modules/react-reconciler/cjs/react-reconciler.development.js:12934:11)
      at commitPassiveMountOnFiber (node_modules/react-reconciler/cjs/react-reconciler.development.js:13014:11)
      at flushPassiveEffects (node_modules/react-reconciler/cjs/react-reconciler.development.js:15982:9)
      at node_modules/react-reconciler/cjs/react-reconciler.development.js:15555:15
      at flushActQueue (node_modules/react/cjs/react.development.js:590:34)
      at node_modules/react/cjs/react.development.js:847:21

    console.warn
      [Worklets] Tried to modify key `value` of an object which has been already passed to a worklet. See
              https://docs.swmansion.com/react-native-reanimated/docs/guides/troubleshooting#tried-to-modify-key-of-an-object-which-has-been-converted-to-a-serializable
              for more details.

      at Object.warn (node_modules/react-native-worklets/src/debug/logger.ts:11:13)
      at Object.warn [as value] (node_modules/react-native-worklets/src/memory/serializable.native.ts:779:16)
      at cancelAnimationWeb (node_modules/react-native-reanimated/src/animation/util.ts:597:20)
      at node_modules/react-native-reanimated/src/hook/useSharedValue.ts:23:22
      at Object.react_stack_bottom_frame (node_modules/react-reconciler/cjs/react-reconciler.development.js:17693:13)
      at runWithFiberInDEV (node_modules/react-reconciler/cjs/react-reconciler.development.js:2508:13)
      at commitHookEffectListUnmount (node_modules/react-reconciler/cjs/react-reconciler.development.js:10928:17)
      at commitHookPassiveUnmountEffects (node_modules/react-reconciler/cjs/react-reconciler.development.js:10959:11)
      at commitPassiveUnmountEffectsInsideOfDeletedTree_begin (node_modules/react-reconciler/cjs/react-reconciler.development.js:13779:13)
      at recursivelyTraversePassiveUnmountEffects (node_modules/react-reconciler/cjs/react-reconciler.development.js:13600:13)
      at commitPassiveUnmountOnFiber (node_modules/react-reconciler/cjs/react-reconciler.development.js:13642:11)
      at flushPassiveEffects (node_modules/react-reconciler/cjs/react-reconciler.development.js:15978:9)
      at node_modules/react-reconciler/cjs/react-reconciler.development.js:15555:15
      at flushActQueue (node_modules/react/cjs/react.development.js:590:34)
      at node_modules/react/cjs/react.development.js:847:21

    console.warn
      [Worklets] Tried to modify key `value` of an object which has been already passed to a worklet. See
              https://docs.swmansion.com/react-native-reanimated/docs/guides/troubleshooting#tried-to-modify-key-of-an-object-which-has-been-converted-to-a-serializable
              for more details.

      at Object.warn (node_modules/react-native-worklets/src/debug/logger.ts:11:13)
      at Object.warn [as value] (node_modules/react-native-worklets/src/memory/serializable.native.ts:779:16)
      at cancelAnimationWeb (node_modules/react-native-reanimated/src/animation/util.ts:597:20)
      at node_modules/react-native-reanimated/src/hook/useSharedValue.ts:23:22
      at Object.react_stack_bottom_frame (node_modules/react-reconciler/cjs/react-reconciler.development.js:17693:13)
      at runWithFiberInDEV (node_modules/react-reconciler/cjs/react-reconciler.development.js:2508:13)
      at commitHookEffectListUnmount (node_modules/react-reconciler/cjs/react-reconciler.development.js:10928:17)
      at commitHookPassiveUnmountEffects (node_modules/react-reconciler/cjs/react-reconciler.development.js:10959:11)
      at commitPassiveUnmountEffectsInsideOfDeletedTree_begin (node_modules/react-reconciler/cjs/react-reconciler.development.js:13779:13)
      at recursivelyTraversePassiveUnmountEffects (node_modules/react-reconciler/cjs/react-reconciler.development.js:13600:13)
      at commitPassiveUnmountOnFiber (node_modules/react-reconciler/cjs/react-reconciler.development.js:13642:11)
      at flushPassiveEffects (node_modules/react-reconciler/cjs/react-reconciler.development.js:15978:9)
      at node_modules/react-reconciler/cjs/react-reconciler.development.js:15555:15
      at flushActQueue (node_modules/react/cjs/react.development.js:590:34)
      at node_modules/react/cjs/react.development.js:847:21

    console.warn
      [Worklets] Tried to modify key `value` of an object which has been already passed to a worklet. See
              https://docs.swmansion.com/react-native-reanimated/docs/guides/troubleshooting#tried-to-modify-key-of-an-object-which-has-been-converted-to-a-serializable
              for more details.

      at Object.warn (node_modules/react-native-worklets/src/debug/logger.ts:11:13)
      at Object.warn [as value] (node_modules/react-native-worklets/src/memory/serializable.native.ts:779:16)
      at cancelAnimationWeb (node_modules/react-native-reanimated/src/animation/util.ts:597:20)
      at node_modules/react-native-reanimated/src/hook/useSharedValue.ts:23:22
      at Object.react_stack_bottom_frame (node_modules/react-reconciler/cjs/react-reconciler.development.js:17693:13)
      at runWithFiberInDEV (node_modules/react-reconciler/cjs/react-reconciler.development.js:2508:13)
      at commitHookEffectListUnmount (node_modules/react-reconciler/cjs/react-reconciler.development.js:10928:17)
      at commitHookPassiveUnmountEffects (node_modules/react-reconciler/cjs/react-reconciler.development.js:10959:11)
      at commitPassiveUnmountEffectsInsideOfDeletedTree_begin (node_modules/react-reconciler/cjs/react-reconciler.development.js:13779:13)
      at recursivelyTraversePassiveUnmountEffects (node_modules/react-reconciler/cjs/react-reconciler.development.js:13600:13)
      at commitPassiveUnmountOnFiber (node_modules/react-reconciler/cjs/react-reconciler.development.js:13642:11)
      at flushPassiveEffects (node_modules/react-reconciler/cjs/react-reconciler.development.js:15978:9)
      at node_modules/react-reconciler/cjs/react-reconciler.development.js:15555:15
      at flushActQueue (node_modules/react/cjs/react.development.js:590:34)
      at node_modules/react/cjs/react.development.js:847:21

    console.warn
      [Worklets] Tried to modify key `value` of an object which has been already passed to a worklet. See
              https://docs.swmansion.com/react-native-reanimated/docs/guides/troubleshooting#tried-to-modify-key-of-an-object-which-has-been-converted-to-a-serializable
              for more details.

      at Object.warn (node_modules/react-native-worklets/src/debug/logger.ts:11:13)
      at Object.warn [as value] (node_modules/react-native-worklets/src/memory/serializable.native.ts:779:16)
      at cancelAnimationWeb (node_modules/react-native-reanimated/src/animation/util.ts:597:20)
      at node_modules/react-native-reanimated/src/hook/useSharedValue.ts:23:22
      at Object.react_stack_bottom_frame (node_modules/react-reconciler/cjs/react-reconciler.development.js:17693:13)
      at runWithFiberInDEV (node_modules/react-reconciler/cjs/react-reconciler.development.js:2508:13)
      at commitHookEffectListUnmount (node_modules/react-reconciler/cjs/react-reconciler.development.js:10928:17)
      at commitHookPassiveUnmountEffects (node_modules/react-reconciler/cjs/react-reconciler.development.js:10959:11)
      at commitPassiveUnmountEffectsInsideOfDeletedTree_begin (node_modules/react-reconciler/cjs/react-reconciler.development.js:13779:13)
      at recursivelyTraversePassiveUnmountEffects (node_modules/react-reconciler/cjs/react-reconciler.development.js:13600:13)
      at commitPassiveUnmountOnFiber (node_modules/react-reconciler/cjs/react-reconciler.development.js:13642:11)
      at flushPassiveEffects (node_modules/react-reconciler/cjs/react-reconciler.development.js:15978:9)
      at node_modules/react-reconciler/cjs/react-reconciler.development.js:15555:15
      at flushActQueue (node_modules/react/cjs/react.development.js:590:34)
      at node_modules/react/cjs/react.development.js:847:21

    console.warn
      [Worklets] Tried to modify key `value` of an object which has been already passed to a worklet. See
              https://docs.swmansion.com/react-native-reanimated/docs/guides/troubleshooting#tried-to-modify-key-of-an-object-which-has-been-converted-to-a-serializable
              for more details.

      at Object.warn (node_modules/react-native-worklets/src/debug/logger.ts:11:13)
      at Object.warn [as value] (node_modules/react-native-worklets/src/memory/serializable.native.ts:779:16)
      at node_modules/react-native-reanimated/src/hook/useAnimatedStyle.ts:609:32
      at Object.react_stack_bottom_frame (node_modules/react-reconciler/cjs/react-reconciler.development.js:17693:13)
      at runWithFiberInDEV (node_modules/react-reconciler/cjs/react-reconciler.development.js:2508:13)
      at commitHookEffectListUnmount (node_modules/react-reconciler/cjs/react-reconciler.development.js:10928:17)
      at commitHookPassiveUnmountEffects (node_modules/react-reconciler/cjs/react-reconciler.development.js:10959:11)
      at commitPassiveUnmountEffectsInsideOfDeletedTree_begin (node_modules/react-reconciler/cjs/react-reconciler.development.js:13779:13)
      at recursivelyTraversePassiveUnmountEffects (node_modules/react-reconciler/cjs/react-reconciler.development.js:13600:13)
      at commitPassiveUnmountOnFiber (node_modules/react-reconciler/cjs/react-reconciler.development.js:13642:11)
      at flushPassiveEffects (node_modules/react-reconciler/cjs/react-reconciler.development.js:15978:9)
      at node_modules/react-reconciler/cjs/react-reconciler.development.js:15555:15
      at flushActQueue (node_modules/react/cjs/react.development.js:590:34)
      at node_modules/react/cjs/react.development.js:847:21

    console.warn
      [Worklets] Tried to modify key `value` of an object which has been already passed to a worklet. See
              https://docs.swmansion.com/react-native-reanimated/docs/guides/troubleshooting#tried-to-modify-key-of-an-object-which-has-been-converted-to-a-serializable
              for more details.

      at Object.warn (node_modules/react-native-worklets/src/debug/logger.ts:11:13)
      at Object.warn [as value] (node_modules/react-native-worklets/src/memory/serializable.native.ts:779:16)
      at cancelAnimationWeb (node_modules/react-native-reanimated/src/animation/util.ts:597:20)
      at node_modules/react-native-reanimated/src/hook/useSharedValue.ts:23:22
      at Object.react_stack_bottom_frame (node_modules/react-reconciler/cjs/react-reconciler.development.js:17693:13)
      at runWithFiberInDEV (node_modules/react-reconciler/cjs/react-reconciler.development.js:2508:13)
      at commitHookEffectListUnmount (node_modules/react-reconciler/cjs/react-reconciler.development.js:10928:17)
      at commitHookPassiveUnmountEffects (node_modules/react-reconciler/cjs/react-reconciler.development.js:10959:11)
      at commitPassiveUnmountEffectsInsideOfDeletedTree_begin (node_modules/react-reconciler/cjs/react-reconciler.development.js:13779:13)
      at recursivelyTraversePassiveUnmountEffects (node_modules/react-reconciler/cjs/react-reconciler.development.js:13600:13)
      at commitPassiveUnmountOnFiber (node_modules/react-reconciler/cjs/react-reconciler.development.js:13642:11)
      at flushPassiveEffects (node_modules/react-reconciler/cjs/react-reconciler.development.js:15978:9)
      at node_modules/react-reconciler/cjs/react-reconciler.development.js:15555:15
      at flushActQueue (node_modules/react/cjs/react.development.js:590:34)
      at node_modules/react/cjs/react.development.js:847:21

    console.warn
      [Worklets] Tried to modify key `value` of an object which has been already passed to a worklet. See
              https://docs.swmansion.com/react-native-reanimated/docs/guides/troubleshooting#tried-to-modify-key-of-an-object-which-has-been-converted-to-a-serializable
              for more details.

      at Object.warn (node_modules/react-native-worklets/src/debug/logger.ts:11:13)
      at Object.warn [as value] (node_modules/react-native-worklets/src/memory/serializable.native.ts:779:16)
      at node_modules/react-native-reanimated/src/hook/useAnimatedStyle.ts:609:32
      at Object.react_stack_bottom_frame (node_modules/react-reconciler/cjs/react-reconciler.development.js:17693:13)
      at runWithFiberInDEV (node_modules/react-reconciler/cjs/react-reconciler.development.js:2508:13)
      at commitHookEffectListUnmount (node_modules/react-reconciler/cjs/react-reconciler.development.js:10928:17)
      at commitHookPassiveUnmountEffects (node_modules/react-reconciler/cjs/react-reconciler.development.js:10959:11)
      at commitPassiveUnmountEffectsInsideOfDeletedTree_begin (node_modules/react-reconciler/cjs/react-reconciler.development.js:13779:13)
      at recursivelyTraversePassiveUnmountEffects (node_modules/react-reconciler/cjs/react-reconciler.development.js:13600:13)
      at commitPassiveUnmountOnFiber (node_modules/react-reconciler/cjs/react-reconciler.development.js:13642:11)
      at flushPassiveEffects (node_modules/react-reconciler/cjs/react-reconciler.development.js:15978:9)
      at node_modules/react-reconciler/cjs/react-reconciler.development.js:15555:15
      at flushActQueue (node_modules/react/cjs/react.development.js:590:34)
      at node_modules/react/cjs/react.development.js:847:21

    console.warn
      [Worklets] Tried to modify key `value` of an object which has been already passed to a worklet. See
              https://docs.swmansion.com/react-native-reanimated/docs/guides/troubleshooting#tried-to-modify-key-of-an-object-which-has-been-converted-to-a-serializable
              for more details.

      at Object.warn (node_modules/react-native-worklets/src/debug/logger.ts:11:13)
      at Object.warn [as value] (node_modules/react-native-worklets/src/memory/serializable.native.ts:779:16)
      at node_modules/react-native-reanimated/src/hook/useAnimatedStyle.ts:607:30
      at Object.react_stack_bottom_frame (node_modules/react-reconciler/cjs/react-reconciler.development.js:17681:20)
      at runWithFiberInDEV (node_modules/react-reconciler/cjs/react-reconciler.development.js:2508:13)
      at commitHookEffectListMount (node_modules/react-reconciler/cjs/react-reconciler.development.js:10861:29)
      at commitHookPassiveMountEffects (node_modules/react-reconciler/cjs/react-reconciler.development.js:10948:11)
      at commitPassiveMountOnFiber (node_modules/react-reconciler/cjs/react-reconciler.development.js:12979:13)
      at recursivelyTraversePassiveMountEffects (node_modules/react-reconciler/cjs/react-reconciler.development.js:12934:11)
      at commitPassiveMountOnFiber (node_modules/react-reconciler/cjs/react-reconciler.development.js:13014:11)
      at flushPassiveEffects (node_modules/react-reconciler/cjs/react-reconciler.development.js:15982:9)
      at node_modules/react-reconciler/cjs/react-reconciler.development.js:15555:15
      at flushActQueue (node_modules/react/cjs/react.development.js:590:34)
      at node_modules/react/cjs/react.development.js:847:21

    console.warn
      [Worklets] Tried to modify key `value` of an object which has been already passed to a worklet. See
              https://docs.swmansion.com/react-native-reanimated/docs/guides/troubleshooting#tried-to-modify-key-of-an-object-which-has-been-converted-to-a-serializable
              for more details.

      at Object.warn (node_modules/react-native-worklets/src/debug/logger.ts:11:13)
      at Object.warn [as value] (node_modules/react-native-worklets/src/memory/serializable.native.ts:779:16)
      at node_modules/react-native-reanimated/src/hook/useAnimatedStyle.ts:607:30
      at Object.react_stack_bottom_frame (node_modules/react-reconciler/cjs/react-reconciler.development.js:17681:20)
      at runWithFiberInDEV (node_modules/react-reconciler/cjs/react-reconciler.development.js:2508:13)
      at commitHookEffectListMount (node_modules/react-reconciler/cjs/react-reconciler.development.js:10861:29)
      at commitHookPassiveMountEffects (node_modules/react-reconciler/cjs/react-reconciler.development.js:10948:11)
      at commitPassiveMountOnFiber (node_modules/react-reconciler/cjs/react-reconciler.development.js:12979:13)
      at recursivelyTraversePassiveMountEffects (node_modules/react-reconciler/cjs/react-reconciler.development.js:12934:11)
      at commitPassiveMountOnFiber (node_modules/react-reconciler/cjs/react-reconciler.development.js:13014:11)
      at flushPassiveEffects (node_modules/react-reconciler/cjs/react-reconciler.development.js:15982:9)
      at node_modules/react-reconciler/cjs/react-reconciler.development.js:15555:15
      at flushActQueue (node_modules/react/cjs/react.development.js:590:34)
      at node_modules/react/cjs/react.development.js:847:21

    console.warn
      [Worklets] Tried to modify key `value` of an object which has been already passed to a worklet. See
              https://docs.swmansion.com/react-native-reanimated/docs/guides/troubleshooting#tried-to-modify-key-of-an-object-which-has-been-converted-to-a-serializable
              for more details.

      at Object.warn (node_modules/react-native-worklets/src/debug/logger.ts:11:13)
      at Object.warn [as value] (node_modules/react-native-worklets/src/memory/serializable.native.ts:779:16)
      at node_modules/react-native-reanimated/src/hook/useAnimatedStyle.ts:607:30
      at Object.react_stack_bottom_frame (node_modules/react-reconciler/cjs/react-reconciler.development.js:17681:20)
      at runWithFiberInDEV (node_modules/react-reconciler/cjs/react-reconciler.development.js:2508:13)
      at commitHookEffectListMount (node_modules/react-reconciler/cjs/react-reconciler.development.js:10861:29)
      at commitHookPassiveMountEffects (node_modules/react-reconciler/cjs/react-reconciler.development.js:10948:11)
      at commitPassiveMountOnFiber (node_modules/react-reconciler/cjs/react-reconciler.development.js:12979:13)
      at recursivelyTraversePassiveMountEffects (node_modules/react-reconciler/cjs/react-reconciler.development.js:12934:11)
      at commitPassiveMountOnFiber (node_modules/react-reconciler/cjs/react-reconciler.development.js:13014:11)
      at flushPassiveEffects (node_modules/react-reconciler/cjs/react-reconciler.development.js:15982:9)
      at node_modules/react-reconciler/cjs/react-reconciler.development.js:15555:15
      at flushActQueue (node_modules/react/cjs/react.development.js:590:34)
      at node_modules/react/cjs/react.development.js:847:21

    console.warn
      [Worklets] Tried to modify key `value` of an object which has been already passed to a worklet. See
              https://docs.swmansion.com/react-native-reanimated/docs/guides/troubleshooting#tried-to-modify-key-of-an-object-which-has-been-converted-to-a-serializable
              for more details.

      at Object.warn (node_modules/react-native-worklets/src/debug/logger.ts:11:13)
      at Object.warn [as value] (node_modules/react-native-worklets/src/memory/serializable.native.ts:779:16)
      at node_modules/react-native-reanimated/src/hook/useAnimatedStyle.ts:607:30
      at Object.react_stack_bottom_frame (node_modules/react-reconciler/cjs/react-reconciler.development.js:17681:20)
      at runWithFiberInDEV (node_modules/react-reconciler/cjs/react-reconciler.development.js:2508:13)
      at commitHookEffectListMount (node_modules/react-reconciler/cjs/react-reconciler.development.js:10861:29)
      at commitHookPassiveMountEffects (node_modules/react-reconciler/cjs/react-reconciler.development.js:10948:11)
      at commitPassiveMountOnFiber (node_modules/react-reconciler/cjs/react-reconciler.development.js:12979:13)
      at recursivelyTraversePassiveMountEffects (node_modules/react-reconciler/cjs/react-reconciler.development.js:12934:11)
      at commitPassiveMountOnFiber (node_modules/react-reconciler/cjs/react-reconciler.development.js:13014:11)
      at flushPassiveEffects (node_modules/react-reconciler/cjs/react-reconciler.development.js:15982:9)
      at node_modules/react-reconciler/cjs/react-reconciler.development.js:15555:15
      at flushActQueue (node_modules/react/cjs/react.development.js:590:34)
      at node_modules/react/cjs/react.development.js:847:21

    console.warn
      [Worklets] Tried to modify key `value` of an object which has been already passed to a worklet. See
              https://docs.swmansion.com/react-native-reanimated/docs/guides/troubleshooting#tried-to-modify-key-of-an-object-which-has-been-converted-to-a-serializable
              for more details.

      at Object.warn (node_modules/react-native-worklets/src/debug/logger.ts:11:13)
      at Object.warn [as value] (node_modules/react-native-worklets/src/memory/serializable.native.ts:779:16)
      at cancelAnimationWeb (node_modules/react-native-reanimated/src/animation/util.ts:597:20)
      at node_modules/react-native-reanimated/src/hook/useSharedValue.ts:23:22
      at Object.react_stack_bottom_frame (node_modules/react-reconciler/cjs/react-reconciler.development.js:17693:13)
      at runWithFiberInDEV (node_modules/react-reconciler/cjs/react-reconciler.development.js:2508:13)
      at commitHookEffectListUnmount (node_modules/react-reconciler/cjs/react-reconciler.development.js:10928:17)
      at commitHookPassiveUnmountEffects (node_modules/react-reconciler/cjs/react-reconciler.development.js:10959:11)
      at commitPassiveUnmountEffectsInsideOfDeletedTree_begin (node_modules/react-reconciler/cjs/react-reconciler.development.js:13779:13)
      at recursivelyTraversePassiveUnmountEffects (node_modules/react-reconciler/cjs/react-reconciler.development.js:13600:13)
      at commitPassiveUnmountOnFiber (node_modules/react-reconciler/cjs/react-reconciler.development.js:13642:11)
      at flushPassiveEffects (node_modules/react-reconciler/cjs/react-reconciler.development.js:15978:9)
      at node_modules/react-reconciler/cjs/react-reconciler.development.js:15555:15
      at flushActQueue (node_modules/react/cjs/react.development.js:590:34)
      at node_modules/react/cjs/react.development.js:847:21

    console.warn
      [Worklets] Tried to modify key `value` of an object which has been already passed to a worklet. See
              https://docs.swmansion.com/react-native-reanimated/docs/guides/troubleshooting#tried-to-modify-key-of-an-object-which-has-been-converted-to-a-serializable
              for more details.

      at Object.warn (node_modules/react-native-worklets/src/debug/logger.ts:11:13)
      at Object.warn [as value] (node_modules/react-native-worklets/src/memory/serializable.native.ts:779:16)
      at cancelAnimationWeb (node_modules/react-native-reanimated/src/animation/util.ts:597:20)
      at node_modules/react-native-reanimated/src/hook/useSharedValue.ts:23:22
      at Object.react_stack_bottom_frame (node_modules/react-reconciler/cjs/react-reconciler.development.js:17693:13)
      at runWithFiberInDEV (node_modules/react-reconciler/cjs/react-reconciler.development.js:2508:13)
      at commitHookEffectListUnmount (node_modules/react-reconciler/cjs/react-reconciler.development.js:10928:17)
      at commitHookPassiveUnmountEffects (node_modules/react-reconciler/cjs/react-reconciler.development.js:10959:11)
      at commitPassiveUnmountEffectsInsideOfDeletedTree_begin (node_modules/react-reconciler/cjs/react-reconciler.development.js:13779:13)
      at recursivelyTraversePassiveUnmountEffects (node_modules/react-reconciler/cjs/react-reconciler.development.js:13600:13)
      at commitPassiveUnmountOnFiber (node_modules/react-reconciler/cjs/react-reconciler.development.js:13642:11)
      at flushPassiveEffects (node_modules/react-reconciler/cjs/react-reconciler.development.js:15978:9)
      at node_modules/react-reconciler/cjs/react-reconciler.development.js:15555:15
      at flushActQueue (node_modules/react/cjs/react.development.js:590:34)
      at node_modules/react/cjs/react.development.js:847:21

    console.warn
      [Worklets] Tried to modify key `value` of an object which has been already passed to a worklet. See
              https://docs.swmansion.com/react-native-reanimated/docs/guides/troubleshooting#tried-to-modify-key-of-an-object-which-has-been-converted-to-a-serializable
              for more details.

      at Object.warn (node_modules/react-native-worklets/src/debug/logger.ts:11:13)
      at Object.warn [as value] (node_modules/react-native-worklets/src/memory/serializable.native.ts:779:16)
      at cancelAnimationWeb (node_modules/react-native-reanimated/src/animation/util.ts:597:20)
      at node_modules/react-native-reanimated/src/hook/useSharedValue.ts:23:22
      at Object.react_stack_bottom_frame (node_modules/react-reconciler/cjs/react-reconciler.development.js:17693:13)
      at runWithFiberInDEV (node_modules/react-reconciler/cjs/react-reconciler.development.js:2508:13)
      at commitHookEffectListUnmount (node_modules/react-reconciler/cjs/react-reconciler.development.js:10928:17)
      at commitHookPassiveUnmountEffects (node_modules/react-reconciler/cjs/react-reconciler.development.js:10959:11)
      at commitPassiveUnmountEffectsInsideOfDeletedTree_begin (node_modules/react-reconciler/cjs/react-reconciler.development.js:13779:13)
      at recursivelyTraversePassiveUnmountEffects (node_modules/react-reconciler/cjs/react-reconciler.development.js:13600:13)
      at commitPassiveUnmountOnFiber (node_modules/react-reconciler/cjs/react-reconciler.development.js:13642:11)
      at flushPassiveEffects (node_modules/react-reconciler/cjs/react-reconciler.development.js:15978:9)
      at node_modules/react-reconciler/cjs/react-reconciler.development.js:15555:15
      at flushActQueue (node_modules/react/cjs/react.development.js:590:34)
      at node_modules/react/cjs/react.development.js:847:21

    console.warn
      [Worklets] Tried to modify key `value` of an object which has been already passed to a worklet. See
              https://docs.swmansion.com/react-native-reanimated/docs/guides/troubleshooting#tried-to-modify-key-of-an-object-which-has-been-converted-to-a-serializable
              for more details.

      at Object.warn (node_modules/react-native-worklets/src/debug/logger.ts:11:13)
      at Object.warn [as value] (node_modules/react-native-worklets/src/memory/serializable.native.ts:779:16)
      at cancelAnimationWeb (node_modules/react-native-reanimated/src/animation/util.ts:597:20)
      at node_modules/react-native-reanimated/src/hook/useSharedValue.ts:23:22
      at Object.react_stack_bottom_frame (node_modules/react-reconciler/cjs/react-reconciler.development.js:17693:13)
      at runWithFiberInDEV (node_modules/react-reconciler/cjs/react-reconciler.development.js:2508:13)
      at commitHookEffectListUnmount (node_modules/react-reconciler/cjs/react-reconciler.development.js:10928:17)
      at commitHookPassiveUnmountEffects (node_modules/react-reconciler/cjs/react-reconciler.development.js:10959:11)
      at commitPassiveUnmountEffectsInsideOfDeletedTree_begin (node_modules/react-reconciler/cjs/react-reconciler.development.js:13779:13)
      at recursivelyTraversePassiveUnmountEffects (node_modules/react-reconciler/cjs/react-reconciler.development.js:13600:13)
      at commitPassiveUnmountOnFiber (node_modules/react-reconciler/cjs/react-reconciler.development.js:13642:11)
      at flushPassiveEffects (node_modules/react-reconciler/cjs/react-reconciler.development.js:15978:9)
      at node_modules/react-reconciler/cjs/react-reconciler.development.js:15555:15
      at flushActQueue (node_modules/react/cjs/react.development.js:590:34)
      at node_modules/react/cjs/react.development.js:847:21

    console.warn
      [Worklets] Tried to modify key `value` of an object which has been already passed to a worklet. See
              https://docs.swmansion.com/react-native-reanimated/docs/guides/troubleshooting#tried-to-modify-key-of-an-object-which-has-been-converted-to-a-serializable
              for more details.

      at Object.warn (node_modules/react-native-worklets/src/debug/logger.ts:11:13)
      at Object.warn [as value] (node_modules/react-native-worklets/src/memory/serializable.native.ts:779:16)
      at node_modules/react-native-reanimated/src/hook/useAnimatedStyle.ts:609:32
      at Object.react_stack_bottom_frame (node_modules/react-reconciler/cjs/react-reconciler.development.js:17693:13)
      at runWithFiberInDEV (node_modules/react-reconciler/cjs/react-reconciler.development.js:2508:13)
      at commitHookEffectListUnmount (node_modules/react-reconciler/cjs/react-reconciler.development.js:10928:17)
      at commitHookPassiveUnmountEffects (node_modules/react-reconciler/cjs/react-reconciler.development.js:10959:11)
      at commitPassiveUnmountEffectsInsideOfDeletedTree_begin (node_modules/react-reconciler/cjs/react-reconciler.development.js:13779:13)
      at recursivelyTraversePassiveUnmountEffects (node_modules/react-reconciler/cjs/react-reconciler.development.js:13600:13)
      at commitPassiveUnmountOnFiber (node_modules/react-reconciler/cjs/react-reconciler.development.js:13642:11)
      at flushPassiveEffects (node_modules/react-reconciler/cjs/react-reconciler.development.js:15978:9)
      at node_modules/react-reconciler/cjs/react-reconciler.development.js:15555:15
      at flushActQueue (node_modules/react/cjs/react.development.js:590:34)
      at node_modules/react/cjs/react.development.js:847:21

    console.warn
      [Worklets] Tried to modify key `value` of an object which has been already passed to a worklet. See
              https://docs.swmansion.com/react-native-reanimated/docs/guides/troubleshooting#tried-to-modify-key-of-an-object-which-has-been-converted-to-a-serializable
              for more details.

      at Object.warn (node_modules/react-native-worklets/src/debug/logger.ts:11:13)
      at Object.warn [as value] (node_modules/react-native-worklets/src/memory/serializable.native.ts:779:16)
      at cancelAnimationWeb (node_modules/react-native-reanimated/src/animation/util.ts:597:20)
      at node_modules/react-native-reanimated/src/hook/useSharedValue.ts:23:22
      at Object.react_stack_bottom_frame (node_modules/react-reconciler/cjs/react-reconciler.development.js:17693:13)
      at runWithFiberInDEV (node_modules/react-reconciler/cjs/react-reconciler.development.js:2508:13)
      at commitHookEffectListUnmount (node_modules/react-reconciler/cjs/react-reconciler.development.js:10928:17)
      at commitHookPassiveUnmountEffects (node_modules/react-reconciler/cjs/react-reconciler.development.js:10959:11)
      at commitPassiveUnmountEffectsInsideOfDeletedTree_begin (node_modules/react-reconciler/cjs/react-reconciler.development.js:13779:13)
      at recursivelyTraversePassiveUnmountEffects (node_modules/react-reconciler/cjs/react-reconciler.development.js:13600:13)
      at commitPassiveUnmountOnFiber (node_modules/react-reconciler/cjs/react-reconciler.development.js:13642:11)
      at flushPassiveEffects (node_modules/react-reconciler/cjs/react-reconciler.development.js:15978:9)
      at node_modules/react-reconciler/cjs/react-reconciler.development.js:15555:15
      at flushActQueue (node_modules/react/cjs/react.development.js:590:34)
      at node_modules/react/cjs/react.development.js:847:21

    console.warn
      [Worklets] Tried to modify key `value` of an object which has been already passed to a worklet. See
              https://docs.swmansion.com/react-native-reanimated/docs/guides/troubleshooting#tried-to-modify-key-of-an-object-which-has-been-converted-to-a-serializable
              for more details.

      at Object.warn (node_modules/react-native-worklets/src/debug/logger.ts:11:13)
      at Object.warn [as value] (node_modules/react-native-worklets/src/memory/serializable.native.ts:779:16)
      at node_modules/react-native-reanimated/src/hook/useAnimatedStyle.ts:609:32
      at Object.react_stack_bottom_frame (node_modules/react-reconciler/cjs/react-reconciler.development.js:17693:13)
      at runWithFiberInDEV (node_modules/react-reconciler/cjs/react-reconciler.development.js:2508:13)
      at commitHookEffectListUnmount (node_modules/react-reconciler/cjs/react-reconciler.development.js:10928:17)
      at commitHookPassiveUnmountEffects (node_modules/react-reconciler/cjs/react-reconciler.development.js:10959:11)
      at commitPassiveUnmountEffectsInsideOfDeletedTree_begin (node_modules/react-reconciler/cjs/react-reconciler.development.js:13779:13)
      at recursivelyTraversePassiveUnmountEffects (node_modules/react-reconciler/cjs/react-reconciler.development.js:13600:13)
      at commitPassiveUnmountOnFiber (node_modules/react-reconciler/cjs/react-reconciler.development.js:13642:11)
      at flushPassiveEffects (node_modules/react-reconciler/cjs/react-reconciler.development.js:15978:9)
      at node_modules/react-reconciler/cjs/react-reconciler.development.js:15555:15
      at flushActQueue (node_modules/react/cjs/react.development.js:590:34)
      at node_modules/react/cjs/react.development.js:847:21

    console.warn
      [Worklets] Tried to modify key `value` of an object which has been already passed to a worklet. See
              https://docs.swmansion.com/react-native-reanimated/docs/guides/troubleshooting#tried-to-modify-key-of-an-object-which-has-been-converted-to-a-serializable
              for more details.

      at Object.warn (node_modules/react-native-worklets/src/debug/logger.ts:11:13)
      at Object.warn [as value] (node_modules/react-native-worklets/src/memory/serializable.native.ts:779:16)
      at cancelAnimationWeb (node_modules/react-native-reanimated/src/animation/util.ts:597:20)
      at node_modules/react-native-reanimated/src/hook/useSharedValue.ts:23:22
      at Object.react_stack_bottom_frame (node_modules/react-reconciler/cjs/react-reconciler.development.js:17693:13)
      at runWithFiberInDEV (node_modules/react-reconciler/cjs/react-reconciler.development.js:2508:13)
      at commitHookEffectListUnmount (node_modules/react-reconciler/cjs/react-reconciler.development.js:10928:17)
      at commitHookPassiveUnmountEffects (node_modules/react-reconciler/cjs/react-reconciler.development.js:10959:11)
      at commitPassiveUnmountEffectsInsideOfDeletedTree_begin (node_modules/react-reconciler/cjs/react-reconciler.development.js:13779:13)
      at recursivelyTraversePassiveUnmountEffects (node_modules/react-reconciler/cjs/react-reconciler.development.js:13600:13)
      at commitPassiveUnmountOnFiber (node_modules/react-reconciler/cjs/react-reconciler.development.js:13642:11)
      at flushPassiveEffects (node_modules/react-reconciler/cjs/react-reconciler.development.js:15978:9)
      at node_modules/react-reconciler/cjs/react-reconciler.development.js:15555:15
      at flushActQueue (node_modules/react/cjs/react.development.js:590:34)
      at node_modules/react/cjs/react.development.js:847:21

    console.warn
      [Worklets] Tried to modify key `value` of an object which has been already passed to a worklet. See
              https://docs.swmansion.com/react-native-reanimated/docs/guides/troubleshooting#tried-to-modify-key-of-an-object-which-has-been-converted-to-a-serializable
              for more details.

      at Object.warn (node_modules/react-native-worklets/src/debug/logger.ts:11:13)
      at Object.warn [as value] (node_modules/react-native-worklets/src/memory/serializable.native.ts:779:16)
      at cancelAnimationWeb (node_modules/react-native-reanimated/src/animation/util.ts:597:20)
      at node_modules/react-native-reanimated/src/hook/useSharedValue.ts:23:22
      at Object.react_stack_bottom_frame (node_modules/react-reconciler/cjs/react-reconciler.development.js:17693:13)
      at runWithFiberInDEV (node_modules/react-reconciler/cjs/react-reconciler.development.js:2508:13)
      at commitHookEffectListUnmount (node_modules/react-reconciler/cjs/react-reconciler.development.js:10928:17)
      at commitHookPassiveUnmountEffects (node_modules/react-reconciler/cjs/react-reconciler.development.js:10959:11)
      at commitPassiveUnmountEffectsInsideOfDeletedTree_begin (node_modules/react-reconciler/cjs/react-reconciler.development.js:13779:13)
      at recursivelyTraversePassiveUnmountEffects (node_modules/react-reconciler/cjs/react-reconciler.development.js:13600:13)
      at commitPassiveUnmountOnFiber (node_modules/react-reconciler/cjs/react-reconciler.development.js:13642:11)
      at flushPassiveEffects (node_modules/react-reconciler/cjs/react-reconciler.development.js:15978:9)
      at node_modules/react-reconciler/cjs/react-reconciler.development.js:15555:15
      at flushActQueue (node_modules/react/cjs/react.development.js:590:34)
      at node_modules/react/cjs/react.development.js:847:21

    console.warn
      [Worklets] Tried to modify key `value` of an object which has been already passed to a worklet. See
              https://docs.swmansion.com/react-native-reanimated/docs/guides/troubleshooting#tried-to-modify-key-of-an-object-which-has-been-converted-to-a-serializable
              for more details.

      at Object.warn (node_modules/react-native-worklets/src/debug/logger.ts:11:13)
      at Object.warn [as value] (node_modules/react-native-worklets/src/memory/serializable.native.ts:779:16)
      at cancelAnimationWeb (node_modules/react-native-reanimated/src/animation/util.ts:597:20)
      at node_modules/react-native-reanimated/src/hook/useSharedValue.ts:23:22
      at Object.react_stack_bottom_frame (node_modules/react-reconciler/cjs/react-reconciler.development.js:17693:13)
      at runWithFiberInDEV (node_modules/react-reconciler/cjs/react-reconciler.development.js:2508:13)
      at commitHookEffectListUnmount (node_modules/react-reconciler/cjs/react-reconciler.development.js:10928:17)
      at commitHookPassiveUnmountEffects (node_modules/react-reconciler/cjs/react-reconciler.development.js:10959:11)
      at commitPassiveUnmountEffectsInsideOfDeletedTree_begin (node_modules/react-reconciler/cjs/react-reconciler.development.js:13779:13)
      at recursivelyTraversePassiveUnmountEffects (node_modules/react-reconciler/cjs/react-reconciler.development.js:13600:13)
      at commitPassiveUnmountOnFiber (node_modules/react-reconciler/cjs/react-reconciler.development.js:13642:11)
      at flushPassiveEffects (node_modules/react-reconciler/cjs/react-reconciler.development.js:15978:9)
      at node_modules/react-reconciler/cjs/react-reconciler.development.js:15555:15
      at flushActQueue (node_modules/react/cjs/react.development.js:590:34)
      at node_modules/react/cjs/react.development.js:847:21

    console.warn
      [Worklets] Tried to modify key `value` of an object which has been already passed to a worklet. See
              https://docs.swmansion.com/react-native-reanimated/docs/guides/troubleshooting#tried-to-modify-key-of-an-object-which-has-been-converted-to-a-serializable
              for more details.

      at Object.warn (node_modules/react-native-worklets/src/debug/logger.ts:11:13)
      at Object.warn [as value] (node_modules/react-native-worklets/src/memory/serializable.native.ts:779:16)
      at cancelAnimationWeb (node_modules/react-native-reanimated/src/animation/util.ts:597:20)
      at node_modules/react-native-reanimated/src/hook/useSharedValue.ts:23:22
      at Object.react_stack_bottom_frame (node_modules/react-reconciler/cjs/react-reconciler.development.js:17693:13)
      at runWithFiberInDEV (node_modules/react-reconciler/cjs/react-reconciler.development.js:2508:13)
      at commitHookEffectListUnmount (node_modules/react-reconciler/cjs/react-reconciler.development.js:10928:17)
      at commitHookPassiveUnmountEffects (node_modules/react-reconciler/cjs/react-reconciler.development.js:10959:11)
      at commitPassiveUnmountEffectsInsideOfDeletedTree_begin (node_modules/react-reconciler/cjs/react-reconciler.development.js:13779:13)
      at recursivelyTraversePassiveUnmountEffects (node_modules/react-reconciler/cjs/react-reconciler.development.js:13600:13)
      at commitPassiveUnmountOnFiber (node_modules/react-reconciler/cjs/react-reconciler.development.js:13642:11)
      at flushPassiveEffects (node_modules/react-reconciler/cjs/react-reconciler.development.js:15978:9)
      at node_modules/react-reconciler/cjs/react-reconciler.development.js:15555:15
      at flushActQueue (node_modules/react/cjs/react.development.js:590:34)
      at node_modules/react/cjs/react.development.js:847:21

    console.warn
      [Worklets] Tried to modify key `value` of an object which has been already passed to a worklet. See
              https://docs.swmansion.com/react-native-reanimated/docs/guides/troubleshooting#tried-to-modify-key-of-an-object-which-has-been-converted-to-a-serializable
              for more details.

      at Object.warn (node_modules/react-native-worklets/src/debug/logger.ts:11:13)
      at Object.warn [as value] (node_modules/react-native-worklets/src/memory/serializable.native.ts:779:16)
      at node_modules/react-native-reanimated/src/hook/useAnimatedStyle.ts:609:32
      at Object.react_stack_bottom_frame (node_modules/react-reconciler/cjs/react-reconciler.development.js:17693:13)
      at runWithFiberInDEV (node_modules/react-reconciler/cjs/react-reconciler.development.js:2508:13)
      at commitHookEffectListUnmount (node_modules/react-reconciler/cjs/react-reconciler.development.js:10928:17)
      at commitHookPassiveUnmountEffects (node_modules/react-reconciler/cjs/react-reconciler.development.js:10959:11)
      at commitPassiveUnmountEffectsInsideOfDeletedTree_begin (node_modules/react-reconciler/cjs/react-reconciler.development.js:13779:13)
      at recursivelyTraversePassiveUnmountEffects (node_modules/react-reconciler/cjs/react-reconciler.development.js:13600:13)
      at commitPassiveUnmountOnFiber (node_modules/react-reconciler/cjs/react-reconciler.development.js:13642:11)
      at flushPassiveEffects (node_modules/react-reconciler/cjs/react-reconciler.development.js:15978:9)
      at node_modules/react-reconciler/cjs/react-reconciler.development.js:15555:15
      at flushActQueue (node_modules/react/cjs/react.development.js:590:34)
      at node_modules/react/cjs/react.development.js:847:21

    console.warn
      [Worklets] Tried to modify key `value` of an object which has been already passed to a worklet. See
              https://docs.swmansion.com/react-native-reanimated/docs/guides/troubleshooting#tried-to-modify-key-of-an-object-which-has-been-converted-to-a-serializable
              for more details.

      at Object.warn (node_modules/react-native-worklets/src/debug/logger.ts:11:13)
      at Object.warn [as value] (node_modules/react-native-worklets/src/memory/serializable.native.ts:779:16)
      at cancelAnimationWeb (node_modules/react-native-reanimated/src/animation/util.ts:597:20)
      at node_modules/react-native-reanimated/src/hook/useSharedValue.ts:23:22
      at Object.react_stack_bottom_frame (node_modules/react-reconciler/cjs/react-reconciler.development.js:17693:13)
      at runWithFiberInDEV (node_modules/react-reconciler/cjs/react-reconciler.development.js:2508:13)
      at commitHookEffectListUnmount (node_modules/react-reconciler/cjs/react-reconciler.development.js:10928:17)
      at commitHookPassiveUnmountEffects (node_modules/react-reconciler/cjs/react-reconciler.development.js:10959:11)
      at commitPassiveUnmountEffectsInsideOfDeletedTree_begin (node_modules/react-reconciler/cjs/react-reconciler.development.js:13779:13)
      at recursivelyTraversePassiveUnmountEffects (node_modules/react-reconciler/cjs/react-reconciler.development.js:13600:13)
      at commitPassiveUnmountOnFiber (node_modules/react-reconciler/cjs/react-reconciler.development.js:13642:11)
      at flushPassiveEffects (node_modules/react-reconciler/cjs/react-reconciler.development.js:15978:9)
      at node_modules/react-reconciler/cjs/react-reconciler.development.js:15555:15
      at flushActQueue (node_modules/react/cjs/react.development.js:590:34)
      at node_modules/react/cjs/react.development.js:847:21

    console.warn
      [Worklets] Tried to modify key `value` of an object which has been already passed to a worklet. See
              https://docs.swmansion.com/react-native-reanimated/docs/guides/troubleshooting#tried-to-modify-key-of-an-object-which-has-been-converted-to-a-serializable
              for more details.

      at Object.warn (node_modules/react-native-worklets/src/debug/logger.ts:11:13)
      at Object.warn [as value] (node_modules/react-native-worklets/src/memory/serializable.native.ts:779:16)
      at node_modules/react-native-reanimated/src/hook/useAnimatedStyle.ts:609:32
      at Object.react_stack_bottom_frame (node_modules/react-reconciler/cjs/react-reconciler.development.js:17693:13)
      at runWithFiberInDEV (node_modules/react-reconciler/cjs/react-reconciler.development.js:2508:13)
      at commitHookEffectListUnmount (node_modules/react-reconciler/cjs/react-reconciler.development.js:10928:17)
      at commitHookPassiveUnmountEffects (node_modules/react-reconciler/cjs/react-reconciler.development.js:10959:11)
      at commitPassiveUnmountEffectsInsideOfDeletedTree_begin (node_modules/react-reconciler/cjs/react-reconciler.development.js:13779:13)
      at recursivelyTraversePassiveUnmountEffects (node_modules/react-reconciler/cjs/react-reconciler.development.js:13600:13)
      at commitPassiveUnmountOnFiber (node_modules/react-reconciler/cjs/react-reconciler.development.js:13642:11)
      at flushPassiveEffects (node_modules/react-reconciler/cjs/react-reconciler.development.js:15978:9)
      at node_modules/react-reconciler/cjs/react-reconciler.development.js:15555:15
      at flushActQueue (node_modules/react/cjs/react.development.js:590:34)
      at node_modules/react/cjs/react.development.js:847:21

PASS src/components/onboarding/__tests__/StepTransitionView.test.tsx
PASS src/__tests__/bloodworkSignoff.test.ts
PASS src/components/community/__tests__/ChallengeCard.test.tsx
PASS src/screens/client/__tests__/MessagesScreenCache.test.ts
PASS src/hooks/__tests__/useVoiceFeed.test.tsx
PASS src/__tests__/commandCenterNavigation.test.tsx
PASS src/__tests__/protectedScreenFailClosed.test.tsx
PASS src/__tests__/LeaderboardScreen.test.tsx
PASS src/components/roman/__tests__/CompetencePill.test.tsx
PASS src/api/__tests__/communityEventsApi.drift.test.ts
PASS src/hooks/useWearableConnections.test.tsx
  ● Console

    console.error
      An update to HookContainer inside a test was not wrapped in act(...).
      
      When testing, code that causes React state updates should be wrapped into act(...):
      
      act(() => {
        /* fire events that update state */
      });
      /* assert on the output */
      
      This ensures that you're testing the behavior the user would see in the browser. Learn more at https://react.dev/link/wrap-tests-with-act

      at node_modules/react-reconciler/cjs/react-reconciler.development.js:16307:19
      at runWithFiberInDEV (node_modules/react-reconciler/cjs/react-reconciler.development.js:2508:13)
      at warnIfUpdatesNotWrappedWithActDEV (node_modules/react-reconciler/cjs/react-reconciler.development.js:16306:9)
      at scheduleUpdateOnFiber (node_modules/react-reconciler/cjs/react-reconciler.development.js:14070:11)
      at forceStoreRerender (node_modules/react-reconciler/cjs/react-reconciler.development.js:5935:24)
      at node_modules/react-reconciler/cjs/react-reconciler.development.js:5920:11
      at node_modules/@tanstack/query-core/src/notifyManager.ts:73:11
      at notifyFn (node_modules/@tanstack/query-core/src/notifyManager.ts:21:5)
      at node_modules/@tanstack/query-core/src/notifyManager.ts:44:13
          at Array.forEach (<anonymous>)
      at node_modules/@tanstack/query-core/src/notifyManager.ts:43:25
      at batchNotifyFn (node_modules/@tanstack/query-core/src/notifyManager.ts:24:5)
      at Timeout._onTimeout (node_modules/@tanstack/query-core/src/notifyManager.ts:42:9)

PASS src/screens/community/__tests__/CommunityTodayScreen.test.tsx
PASS src/__tests__/talentMarketplace.test.tsx
PASS src/hooks/useHealthConnectSync.test.tsx
PASS src/notifications/__tests__/push-channels.test.ts
PASS src/theme/__tests__/contrastTokens.test.ts
PASS src/__tests__/CrossPillarSurface.test.ts
PASS src/constants/__tests__/importPlatforms.test.ts
PASS src/components/trust/__tests__/aiGatewayDisabledState.copy.test.ts
PASS src/screens/onboarding/__tests__/leanOnboardingFlow.test.ts
PASS src/services/__tests__/api.correlation.test.ts
PASS src/api/__tests__/featureFlagsApi.contract.test.ts
PASS src/screens/client/__tests__/FastingScreen.streak.test.ts
PASS src/components/community/coach/__tests__/relativeAge.test.ts
PASS src/components/community/__tests__/WearablePromptSourcePill.test.tsx
PASS src/hooks/__tests__/useAIBudget.test.tsx
PASS src/api/__tests__/schedulingApi.test.ts
PASS src/components/community/__tests__/VoiceNotePlayer.test.tsx
  ● Console

    console.error
      The current testing environment is not configured to support act(...)

    [0m [90m 87 |[39m       }
     [90m 88 |[39m       [36mawait[39m handleRef[33m.[39mcurrent[33m.[39mplay()[33m;[39m
    [31m[1m>[22m[39m[90m 89 |[39m       setState([32m'playing'[39m)[33m;[39m
     [90m    |[39m       [31m[1m^[22m[39m
     [90m 90 |[39m     } [36mcatch[39m {
     [90m 91 |[39m       setState([32m'error'[39m)[33m;[39m
     [90m 92 |[39m     }[0m

      at isConcurrentActEnvironment (node_modules/react-reconciler/cjs/react-reconciler.development.js:13990:17)
      at warnIfUpdatesNotWrappedWithActDEV (node_modules/react-reconciler/cjs/react-reconciler.development.js:16304:7)
      at scheduleUpdateOnFiber (node_modules/react-reconciler/cjs/react-reconciler.development.js:14070:11)
      at dispatchSetStateInternal (node_modules/react-reconciler/cjs/react-reconciler.development.js:6784:13)
      at dispatchSetState (node_modules/react-reconciler/cjs/react-reconciler.development.js:6741:7)
      at setState (src/components/community/VoiceNotePlayer.tsx:89:7)
      at asyncGeneratorStep (node_modules/@babel/runtime/helpers/asyncToGenerator.js:3:17)
      at _next (node_modules/@babel/runtime/helpers/asyncToGenerator.js:17:9)

    console.error
      The current testing environment is not configured to support act(...)

    [0m [90m  98 |[39m     [36mtry[39m {
     [90m  99 |[39m       [36mawait[39m handle[33m.[39mpause()[33m;[39m
    [31m[1m>[22m[39m[90m 100 |[39m       setState([32m'paused'[39m)[33m;[39m
     [90m     |[39m       [31m[1m^[22m[39m
     [90m 101 |[39m     } [36mcatch[39m {
     [90m 102 |[39m       setState([32m'error'[39m)[33m;[39m
     [90m 103 |[39m     }[0m

      at isConcurrentActEnvironment (node_modules/react-reconciler/cjs/react-reconciler.development.js:13990:17)
      at warnIfUpdatesNotWrappedWithActDEV (node_modules/react-reconciler/cjs/react-reconciler.development.js:16304:7)
      at scheduleUpdateOnFiber (node_modules/react-reconciler/cjs/react-reconciler.development.js:14070:11)
      at dispatchSetStateInternal (node_modules/react-reconciler/cjs/react-reconciler.development.js:6784:13)
      at dispatchSetState (node_modules/react-reconciler/cjs/react-reconciler.development.js:6741:7)
      at setState (src/components/community/VoiceNotePlayer.tsx:100:7)
      at asyncGeneratorStep (node_modules/@babel/runtime/helpers/asyncToGenerator.js:3:17)
      at _next (node_modules/@babel/runtime/helpers/asyncToGenerator.js:17:9)

PASS src/utils/__tests__/appleAuth.test.ts
PASS src/__tests__/clientDailyMealPlanRouteParam.test.tsx
PASS src/utils/__tests__/stripeUrlValidator.test.ts
  ● Console

    console.error
      [stripe-url-guard] Rejected non-Stripe URL in test: host=evil.example.com

    [0m [90m 40 |[39m [36mexport[39m [36mfunction[39m assertStripeUrl(url[33m:[39m string[33m,[39m context[33m:[39m string)[33m:[39m [36mvoid[39m {
     [90m 41 |[39m   [36mif[39m ([33m![39mvalidateStripeUrl(url)) {
    [31m[1m>[22m[39m[90m 42 |[39m     console[33m.[39merror(
     [90m    |[39m             [31m[1m^[22m[39m
     [90m 43 |[39m       [32m`[stripe-url-guard] Rejected non-Stripe URL in ${context}: host=${tryParseHost(url)}`[39m[33m,[39m
     [90m 44 |[39m     )[33m;[39m
     [90m 45 |[39m     [36mthrow[39m [36mnew[39m [33mError[39m([32m'STRIPE_URL_REJECTED'[39m)[33m;[39m[0m

      at error (src/utils/stripeUrlValidator.ts:42:13)
      at src/utils/__tests__/stripeUrlValidator.test.ts:79:24
      at Object.<anonymous> (node_modules/expect/build/toThrowMatchers.js:74:11)
      at Object.throwingMatcher [as toThrow] (node_modules/expect/build/index.js:320:21)
      at Object.toThrow (src/utils/__tests__/stripeUrlValidator.test.ts:80:9)

PASS src/hooks/__tests__/useBiometricGate.test.ts
PASS src/services/__tests__/billingAndAccountApi.test.ts
PASS src/components/__tests__/ForegroundNotificationBanner.test.tsx
PASS src/hooks/__tests__/useHealthKitSync.test.tsx
PASS src/hooks/__tests__/useApi.weeklyVolume.test.ts
PASS src/screens/client/wearables/__tests__/seriesSummary.test.ts
PASS src/__tests__/aiGatewayDtos.test.ts
PASS src/__tests__/wave11Doctrine.test.ts
PASS src/screenshots/__tests__/screenshotHarness.test.ts
PASS src/components/messaging/__tests__/MessageActionSheet.test.tsx
PASS src/screens/client/wearables/charts/__tests__/smoothPath.test.ts
PASS src/utils/__tests__/authErrorMessage.test.ts
PASS src/lib/__tests__/recentClients.test.ts
PASS src/components/community/__tests__/VoicePrivacyCopy.test.tsx
PASS src/services/support/__tests__/crisp.service.test.ts
PASS src/__tests__/pendingInviteCode.test.ts
PASS src/services/__tests__/queryClient.signout.test.ts
PASS src/screens/client/__tests__/ClientUpcomingSessionsScreen.test.ts
PASS src/components/coach/ai-budget/__tests__/AIBudgetHardPauseModal.test.tsx
  ● Console

    console.warn
      SafeAreaView has been deprecated and will be removed in a future release. Please use 'react-native-safe-area-context' instead. See https://github.com/AppAndFlow/react-native-safe-area-context

    [0m [90m 52 |[39m     [33m>[39m
     [90m 53 |[39m       [33m<[39m[33mView[39m style[33m=[39m{styles[33m.[39mbackdrop}[33m>[39m
    [31m[1m>[22m[39m[90m 54 |[39m         [33m<[39m[33mSafeAreaView[39m style[33m=[39m{styles[33m.[39msafeArea}[33m>[39m
     [90m    |[39m          [31m[1m^[22m[39m
     [90m 55 |[39m           [33m<[39m[33mView[39m style[33m=[39m{styles[33m.[39mcard}[33m>[39m
     [90m 56 |[39m             [33m<[39m[33mView[39m style[33m=[39m{styles[33m.[39mheader}[33m>[39m
     [90m 57 |[39m               [33m<[39m[33mView[39m style[33m=[39m{styles[33m.[39miconWrap}[33m>[39m[0m

      at warn (node_modules/react-native/Libraries/Utilities/warnOnce.js:27:11)
      at Object.warnOnce [as SafeAreaView] (node_modules/react-native/index.js:101:5)
      at SafeAreaView (src/components/coach/ai-budget/AIBudgetHardPauseModal.tsx:54:10)
      at Object.react_stack_bottom_frame (node_modules/react-reconciler/cjs/react-reconciler.development.js:17596:20)
      at renderWithHooks (node_modules/react-reconciler/cjs/react-reconciler.development.js:5335:22)
      at updateFunctionComponent (node_modules/react-reconciler/cjs/react-reconciler.development.js:7720:19)
      at beginWork (node_modules/react-reconciler/cjs/react-reconciler.development.js:9277:18)
      at runWithFiberInDEV (node_modules/react-reconciler/cjs/react-reconciler.development.js:2508:13)
      at performUnitOfWork (node_modules/react-reconciler/cjs/react-reconciler.development.js:15273:22)
      at workLoopSync (node_modules/react-reconciler/cjs/react-reconciler.development.js:15099:41)
      at renderRootSync (node_modules/react-reconciler/cjs/react-reconciler.development.js:15080:11)
      at performWorkOnRoot (node_modules/react-reconciler/cjs/react-reconciler.development.js:14165:11)
      at performWorkOnRootViaSchedulerTask (node_modules/react-reconciler/cjs/react-reconciler.development.js:3335:7)
      at flushActQueue (node_modules/react/cjs/react.development.js:590:34)
      at node_modules/react/cjs/react.development.js:847:21

PASS src/utils/__tests__/notifications.test.ts
PASS src/api/types/__tests__/coachAIBudget.test.ts
PASS src/screens/client/wearables/__tests__/ProviderOverlapChips.test.tsx
  ● Console

    console.error
      [["wearables","preference","__unbound__"]]: No queryFn was passed as an option, and no default queryFn was found. The queryFn parameter is only optional when using a default queryFn. More info here: https://tanstack.com/query/latest/docs/framework/react/guides/default-query-function

    [0m [90m 213 |[39m   [90m// preference query so the rules-of-hooks hold regardless of the overload.[39m
     [90m 214 |[39m   [36mconst[39m boundMetric [33m=[39m args[33m?[39m[33m.[39mmetric[33m;[39m
    [31m[1m>[22m[39m[90m 215 |[39m   [36mconst[39m optimistic [33m=[39m useQuery[33m<[39m[33mWearableProvider[39m [33m|[39m [36mnull[39m[33m>[39m({
     [90m     |[39m                              [31m[1m^[22m[39m
     [90m 216 |[39m     queryKey[33m:[39m wearablePreferenceQueryKey(
     [90m 217 |[39m       [90m// A stable placeholder key when unbound keeps the hook count constant;[39m
     [90m 218 |[39m       [90m// its value is never read in the legacy branch.[39m[0m

      at useBaseQuery (node_modules/@tanstack/react-query/src/useBaseQuery.ts:71:15)
      at useQuery (node_modules/@tanstack/react-query/src/useQuery.ts:46:10)
      at useWearablePreference (src/hooks/useWearablePreference.ts:215:30)
      at ProviderOverlapChips (src/screens/client/wearables/components/ProviderOverlapChips.tsx:65:43)
      at Object.react_stack_bottom_frame (node_modules/react-reconciler/cjs/react-reconciler.development.js:17596:20)
      at renderWithHooks (node_modules/react-reconciler/cjs/react-reconciler.development.js:5335:22)
      at updateFunctionComponent (node_modules/react-reconciler/cjs/react-reconciler.development.js:7720:19)
      at beginWork (node_modules/react-reconciler/cjs/react-reconciler.development.js:9277:18)
      at runWithFiberInDEV (node_modules/react-reconciler/cjs/react-reconciler.development.js:2508:13)
      at performUnitOfWork (node_modules/react-reconciler/cjs/react-reconciler.development.js:15273:22)
      at workLoopSync (node_modules/react-reconciler/cjs/react-reconciler.development.js:15099:41)
      at renderRootSync (node_modules/react-reconciler/cjs/react-reconciler.development.js:15080:11)
      at performWorkOnRoot (node_modules/react-reconciler/cjs/react-reconciler.development.js:14165:11)
      at performWorkOnRootViaSchedulerTask (node_modules/react-reconciler/cjs/react-reconciler.development.js:3335:7)
      at flushActQueue (node_modules/react/cjs/react.development.js:590:34)
      at node_modules/react/cjs/react.development.js:847:21

    console.error
      [["wearables","preference","STEPS"]]: No queryFn was passed as an option, and no default queryFn was found. The queryFn parameter is only optional when using a default queryFn. More info here: https://tanstack.com/query/latest/docs/framework/react/guides/default-query-function

    [0m [90m 185 |[39m   metric[33m:[39m [33mWearableMetricType[39m[33m,[39m
     [90m 186 |[39m )[33m:[39m [33mWearableProvider[39m [33m|[39m [36mnull[39m {
    [31m[1m>[22m[39m[90m 187 |[39m   [36mconst[39m { data } [33m=[39m useQuery[33m<[39m[33mWearableProvider[39m [33m|[39m [36mnull[39m[33m>[39m({
     [90m     |[39m                            [31m[1m^[22m[39m
     [90m 188 |[39m     queryKey[33m:[39m wearablePreferenceQueryKey(metric)[33m,[39m
     [90m 189 |[39m     enabled[33m:[39m [36mfalse[39m[33m,[39m
     [90m 190 |[39m     [90m// No queryFn: this entry is populated only by the mutation. Default to null[39m[0m

      at useBaseQuery (node_modules/@tanstack/react-query/src/useBaseQuery.ts:71:15)
      at useQuery (node_modules/@tanstack/react-query/src/useQuery.ts:46:10)
      at useOptimisticPreferredProvider (src/hooks/useWearablePreference.ts:187:28)
      at ProviderOverlapChips (src/screens/client/wearables/components/ProviderOverlapChips.tsx:71:60)
      at Object.react_stack_bottom_frame (node_modules/react-reconciler/cjs/react-reconciler.development.js:17596:20)
      at renderWithHooks (node_modules/react-reconciler/cjs/react-reconciler.development.js:5335:22)
      at updateFunctionComponent (node_modules/react-reconciler/cjs/react-reconciler.development.js:7720:19)
      at beginWork (node_modules/react-reconciler/cjs/react-reconciler.development.js:9277:18)
      at runWithFiberInDEV (node_modules/react-reconciler/cjs/react-reconciler.development.js:2508:13)
      at performUnitOfWork (node_modules/react-reconciler/cjs/react-reconciler.development.js:15273:22)
      at workLoopSync (node_modules/react-reconciler/cjs/react-reconciler.development.js:15099:41)
      at renderRootSync (node_modules/react-reconciler/cjs/react-reconciler.development.js:15080:11)
      at performWorkOnRoot (node_modules/react-reconciler/cjs/react-reconciler.development.js:14165:11)
      at performWorkOnRootViaSchedulerTask (node_modules/react-reconciler/cjs/react-reconciler.development.js:3335:7)
      at flushActQueue (node_modules/react/cjs/react.development.js:590:34)
      at node_modules/react/cjs/react.development.js:847:21

    console.error
      [["wearables","preference","__unbound__"]]: No queryFn was passed as an option, and no default queryFn was found. The queryFn parameter is only optional when using a default queryFn. More info here: https://tanstack.com/query/latest/docs/framework/react/guides/default-query-function

    [0m [90m 213 |[39m   [90m// preference query so the rules-of-hooks hold regardless of the overload.[39m
     [90m 214 |[39m   [36mconst[39m boundMetric [33m=[39m args[33m?[39m[33m.[39mmetric[33m;[39m
    [31m[1m>[22m[39m[90m 215 |[39m   [36mconst[39m optimistic [33m=[39m useQuery[33m<[39m[33mWearableProvider[39m [33m|[39m [36mnull[39m[33m>[39m({
     [90m     |[39m                              [31m[1m^[22m[39m
     [90m 216 |[39m     queryKey[33m:[39m wearablePreferenceQueryKey(
     [90m 217 |[39m       [90m// A stable placeholder key when unbound keeps the hook count constant;[39m
     [90m 218 |[39m       [90m// its value is never read in the legacy branch.[39m[0m

      at useBaseQuery (node_modules/@tanstack/react-query/src/useBaseQuery.ts:71:15)
      at useQuery (node_modules/@tanstack/react-query/src/useQuery.ts:46:10)
      at useWearablePreference (src/hooks/useWearablePreference.ts:215:30)
      at ProviderOverlapChips (src/screens/client/wearables/components/ProviderOverlapChips.tsx:65:43)
      at Object.react_stack_bottom_frame (node_modules/react-reconciler/cjs/react-reconciler.development.js:17596:20)
      at renderWithHooks (node_modules/react-reconciler/cjs/react-reconciler.development.js:5335:22)
      at updateFunctionComponent (node_modules/react-reconciler/cjs/react-reconciler.development.js:7720:19)
      at beginWork (node_modules/react-reconciler/cjs/react-reconciler.development.js:9277:18)
      at runWithFiberInDEV (node_modules/react-reconciler/cjs/react-reconciler.development.js:2508:13)
      at performUnitOfWork (node_modules/react-reconciler/cjs/react-reconciler.development.js:15273:22)
      at workLoopSync (node_modules/react-reconciler/cjs/react-reconciler.development.js:15099:41)
      at renderRootSync (node_modules/react-reconciler/cjs/react-reconciler.development.js:15080:11)
      at performWorkOnRoot (node_modules/react-reconciler/cjs/react-reconciler.development.js:14165:11)
      at performWorkOnRootViaSchedulerTask (node_modules/react-reconciler/cjs/react-reconciler.development.js:3335:7)
      at flushActQueue (node_modules/react/cjs/react.development.js:590:34)
      at node_modules/react/cjs/react.development.js:847:21

    console.error
      [["wearables","preference","STEPS"]]: No queryFn was passed as an option, and no default queryFn was found. The queryFn parameter is only optional when using a default queryFn. More info here: https://tanstack.com/query/latest/docs/framework/react/guides/default-query-function

    [0m [90m 185 |[39m   metric[33m:[39m [33mWearableMetricType[39m[33m,[39m
     [90m 186 |[39m )[33m:[39m [33mWearableProvider[39m [33m|[39m [36mnull[39m {
    [31m[1m>[22m[39m[90m 187 |[39m   [36mconst[39m { data } [33m=[39m useQuery[33m<[39m[33mWearableProvider[39m [33m|[39m [36mnull[39m[33m>[39m({
     [90m     |[39m                            [31m[1m^[22m[39m
     [90m 188 |[39m     queryKey[33m:[39m wearablePreferenceQueryKey(metric)[33m,[39m
     [90m 189 |[39m     enabled[33m:[39m [36mfalse[39m[33m,[39m
     [90m 190 |[39m     [90m// No queryFn: this entry is populated only by the mutation. Default to null[39m[0m

      at useBaseQuery (node_modules/@tanstack/react-query/src/useBaseQuery.ts:71:15)
      at useQuery (node_modules/@tanstack/react-query/src/useQuery.ts:46:10)
      at useOptimisticPreferredProvider (src/hooks/useWearablePreference.ts:187:28)
      at ProviderOverlapChips (src/screens/client/wearables/components/ProviderOverlapChips.tsx:71:60)
      at Object.react_stack_bottom_frame (node_modules/react-reconciler/cjs/react-reconciler.development.js:17596:20)
      at renderWithHooks (node_modules/react-reconciler/cjs/react-reconciler.development.js:5335:22)
      at updateFunctionComponent (node_modules/react-reconciler/cjs/react-reconciler.development.js:7720:19)
      at beginWork (node_modules/react-reconciler/cjs/react-reconciler.development.js:9277:18)
      at runWithFiberInDEV (node_modules/react-reconciler/cjs/react-reconciler.development.js:2508:13)
      at performUnitOfWork (node_modules/react-reconciler/cjs/react-reconciler.development.js:15273:22)
      at workLoopSync (node_modules/react-reconciler/cjs/react-reconciler.development.js:15099:41)
      at renderRootSync (node_modules/react-reconciler/cjs/react-reconciler.development.js:15080:11)
      at performWorkOnRoot (node_modules/react-reconciler/cjs/react-reconciler.development.js:14165:11)
      at performWorkOnRootViaSchedulerTask (node_modules/react-reconciler/cjs/react-reconciler.development.js:3335:7)
      at flushActQueue (node_modules/react/cjs/react.development.js:590:34)
      at node_modules/react/cjs/react.development.js:847:21

PASS src/__tests__/bloodworkCopy.test.ts
PASS src/screens/client/wearables/__tests__/wearablesTheme.test.ts
PASS src/utils/__tests__/correlation.test.ts
PASS src/services/__tests__/queryClient.persister.test.ts
PASS src/screens/auth/__tests__/ResetPasswordScreen.test.ts
PASS src/components/community/__tests__/VoiceNoteRecordButton.test.tsx
PASS src/ui/charts/__tests__/TgpLineChart.test.ts
PASS src/screens/client/__tests__/homeMacroDisplay.test.ts
PASS src/screens/client/wearables/__tests__/CalmSlowReveal.test.tsx
PASS src/screens/client/__tests__/ReportScreen.test.ts
PASS src/analytics/__tests__/analytics.test.ts
  ● Console

    console.warn
      [analytics] PostHog init failed: TypeError: _posthogReactNative.default is not a constructor
          at getClient (/home/user/workspace/worktrees/s6/src/lib/analytics.ts:69:15)
          at getClient (/home/user/workspace/worktrees/s6/src/lib/analytics.ts:84:5)
          at /home/user/workspace/worktrees/s6/src/analytics/__tests__/analytics.test.ts:51:23
          at Object.<anonymous> (/home/user/workspace/worktrees/s6/node_modules/expect/build/toThrowMatchers.js:74:11)
          at Object.throwingMatcher [as toThrow] (/home/user/workspace/worktrees/s6/node_modules/expect/build/index.js:320:21)
          at Object.toThrow (/home/user/workspace/worktrees/s6/src/analytics/__tests__/analytics.test.ts:51:79)
          at Promise.then.completed (/home/user/workspace/worktrees/s6/node_modules/jest-circus/build/utils.js:298:28)
          at new Promise (<anonymous>)
          at callAsyncCircusFn (/home/user/workspace/worktrees/s6/node_modules/jest-circus/build/utils.js:231:10)
          at _callCircusTest (/home/user/workspace/worktrees/s6/node_modules/jest-circus/build/run.js:316:40)
          at _runTest (/home/user/workspace/worktrees/s6/node_modules/jest-circus/build/run.js:252:3)
          at _runTestsForDescribeBlock (/home/user/workspace/worktrees/s6/node_modules/jest-circus/build/run.js:126:9)
          at _runTestsForDescribeBlock (/home/user/workspace/worktrees/s6/node_modules/jest-circus/build/run.js:121:9)
          at run (/home/user/workspace/worktrees/s6/node_modules/jest-circus/build/run.js:71:3)
          at runAndTransformResultsToJestFormat (/home/user/workspace/worktrees/s6/node_modules/jest-circus/build/legacy-code-todo-rewrite/jestAdapterInit.js:122:21)
          at jestAdapter (/home/user/workspace/worktrees/s6/node_modules/jest-circus/build/legacy-code-todo-rewrite/jestAdapter.js:79:19)
          at runTestInternal (/home/user/workspace/worktrees/s6/node_modules/jest-runner/build/runTest.js:367:16)
          at runTest (/home/user/workspace/worktrees/s6/node_modules/jest-runner/build/runTest.js:444:34)

    [0m [90m 69 |[39m     _client [33m=[39m [36mnew[39m [33mPostHog[39m(key[33m,[39m { host })[33m;[39m
     [90m 70 |[39m   } [36mcatch[39m (err) {
    [31m[1m>[22m[39m[90m 71 |[39m     [36mif[39m (__DEV__) console[33m.[39mwarn([32m'[analytics] PostHog init failed:'[39m[33m,[39m err)[33m;[39m
     [90m    |[39m                          [31m[1m^[22m[39m
     [90m 72 |[39m   }
     [90m 73 |[39m
     [90m 74 |[39m   [36mreturn[39m _client[33m;[39m[0m

      at warn (src/lib/analytics.ts:71:26)
      at getClient (src/lib/analytics.ts:84:5)
      at src/analytics/__tests__/analytics.test.ts:51:23
      at Object.<anonymous> (node_modules/expect/build/toThrowMatchers.js:74:11)
      at Object.throwingMatcher [as toThrow] (node_modules/expect/build/index.js:320:21)
      at Object.toThrow (src/analytics/__tests__/analytics.test.ts:51:79)

    console.warn
      [analytics] PostHog init failed: TypeError: _posthogReactNative.default is not a constructor
          at getClient (/home/user/workspace/worktrees/s6/src/lib/analytics.ts:69:15)
          at getClient (/home/user/workspace/worktrees/s6/src/lib/analytics.ts:84:5)
          at /home/user/workspace/worktrees/s6/src/analytics/__tests__/analytics.test.ts:55:23
          at Object.<anonymous> (/home/user/workspace/worktrees/s6/node_modules/expect/build/toThrowMatchers.js:74:11)
          at Object.throwingMatcher [as toThrow] (/home/user/workspace/worktrees/s6/node_modules/expect/build/index.js:320:21)
          at Object.toThrow (/home/user/workspace/worktrees/s6/src/analytics/__tests__/analytics.test.ts:55:63)
          at Promise.then.completed (/home/user/workspace/worktrees/s6/node_modules/jest-circus/build/utils.js:298:28)
          at new Promise (<anonymous>)
          at callAsyncCircusFn (/home/user/workspace/worktrees/s6/node_modules/jest-circus/build/utils.js:231:10)
          at _callCircusTest (/home/user/workspace/worktrees/s6/node_modules/jest-circus/build/run.js:316:40)
          at _runTest (/home/user/workspace/worktrees/s6/node_modules/jest-circus/build/run.js:252:3)
          at _runTestsForDescribeBlock (/home/user/workspace/worktrees/s6/node_modules/jest-circus/build/run.js:126:9)
          at _runTestsForDescribeBlock (/home/user/workspace/worktrees/s6/node_modules/jest-circus/build/run.js:121:9)
          at run (/home/user/workspace/worktrees/s6/node_modules/jest-circus/build/run.js:71:3)
          at runAndTransformResultsToJestFormat (/home/user/workspace/worktrees/s6/node_modules/jest-circus/build/legacy-code-todo-rewrite/jestAdapterInit.js:122:21)
          at jestAdapter (/home/user/workspace/worktrees/s6/node_modules/jest-circus/build/legacy-code-todo-rewrite/jestAdapter.js:79:19)
          at runTestInternal (/home/user/workspace/worktrees/s6/node_modules/jest-runner/build/runTest.js:367:16)
          at runTest (/home/user/workspace/worktrees/s6/node_modules/jest-runner/build/runTest.js:444:34)

    [0m [90m 69 |[39m     _client [33m=[39m [36mnew[39m [33mPostHog[39m(key[33m,[39m { host })[33m;[39m
     [90m 70 |[39m   } [36mcatch[39m (err) {
    [31m[1m>[22m[39m[90m 71 |[39m     [36mif[39m (__DEV__) console[33m.[39mwarn([32m'[analytics] PostHog init failed:'[39m[33m,[39m err)[33m;[39m
     [90m    |[39m                          [31m[1m^[22m[39m
     [90m 72 |[39m   }
     [90m 73 |[39m
     [90m 74 |[39m   [36mreturn[39m _client[33m;[39m[0m

      at warn (src/lib/analytics.ts:71:26)
      at getClient (src/lib/analytics.ts:84:5)
      at src/analytics/__tests__/analytics.test.ts:55:23
      at Object.<anonymous> (node_modules/expect/build/toThrowMatchers.js:74:11)
      at Object.throwingMatcher [as toThrow] (node_modules/expect/build/index.js:320:21)
      at Object.toThrow (src/analytics/__tests__/analytics.test.ts:55:63)

    console.warn
      [analytics] PostHog init failed: TypeError: _posthogReactNative.default is not a constructor
          at getClient (/home/user/workspace/worktrees/s6/src/lib/analytics.ts:69:15)
          at getClient (/home/user/workspace/worktrees/s6/src/lib/analytics.ts:104:5)
          at /home/user/workspace/worktrees/s6/src/analytics/__tests__/analytics.test.ts:61:26
          at Object.<anonymous> (/home/user/workspace/worktrees/s6/node_modules/expect/build/toThrowMatchers.js:74:11)
          at Object.throwingMatcher [as toThrow] (/home/user/workspace/worktrees/s6/node_modules/expect/build/index.js:320:21)
          at Object.toThrow (/home/user/workspace/worktrees/s6/src/analytics/__tests__/analytics.test.ts:61:69)
          at Promise.then.completed (/home/user/workspace/worktrees/s6/node_modules/jest-circus/build/utils.js:298:28)
          at new Promise (<anonymous>)
          at callAsyncCircusFn (/home/user/workspace/worktrees/s6/node_modules/jest-circus/build/utils.js:231:10)
          at _callCircusTest (/home/user/workspace/worktrees/s6/node_modules/jest-circus/build/run.js:316:40)
          at _runTest (/home/user/workspace/worktrees/s6/node_modules/jest-circus/build/run.js:252:3)
          at _runTestsForDescribeBlock (/home/user/workspace/worktrees/s6/node_modules/jest-circus/build/run.js:126:9)
          at _runTestsForDescribeBlock (/home/user/workspace/worktrees/s6/node_modules/jest-circus/build/run.js:121:9)
          at run (/home/user/workspace/worktrees/s6/node_modules/jest-circus/build/run.js:71:3)
          at runAndTransformResultsToJestFormat (/home/user/workspace/worktrees/s6/node_modules/jest-circus/build/legacy-code-todo-rewrite/jestAdapterInit.js:122:21)
          at jestAdapter (/home/user/workspace/worktrees/s6/node_modules/jest-circus/build/legacy-code-todo-rewrite/jestAdapter.js:79:19)
          at runTestInternal (/home/user/workspace/worktrees/s6/node_modules/jest-runner/build/runTest.js:367:16)
          at runTest (/home/user/workspace/worktrees/s6/node_modules/jest-runner/build/runTest.js:444:34)

    [0m [90m 69 |[39m     _client [33m=[39m [36mnew[39m [33mPostHog[39m(key[33m,[39m { host })[33m;[39m
     [90m 70 |[39m   } [36mcatch[39m (err) {
    [31m[1m>[22m[39m[90m 71 |[39m     [36mif[39m (__DEV__) console[33m.[39mwarn([32m'[analytics] PostHog init failed:'[39m[33m,[39m err)[33m;[39m
     [90m    |[39m                          [31m[1m^[22m[39m
     [90m 72 |[39m   }
     [90m 73 |[39m
     [90m 74 |[39m   [36mreturn[39m _client[33m;[39m[0m

      at warn (src/lib/analytics.ts:71:26)
      at getClient (src/lib/analytics.ts:104:5)
      at src/analytics/__tests__/analytics.test.ts:61:26
      at Object.<anonymous> (node_modules/expect/build/toThrowMatchers.js:74:11)
      at Object.throwingMatcher [as toThrow] (node_modules/expect/build/index.js:320:21)
      at Object.toThrow (src/analytics/__tests__/analytics.test.ts:61:69)

    console.warn
      [analytics] PostHog init failed: TypeError: _posthogReactNative.default is not a constructor
          at getClient (/home/user/workspace/worktrees/s6/src/lib/analytics.ts:69:15)
          at getClient (/home/user/workspace/worktrees/s6/src/lib/analytics.ts:115:5)
          at /home/user/workspace/worktrees/s6/src/analytics/__tests__/analytics.test.ts:67:23
          at Object.<anonymous> (/home/user/workspace/worktrees/s6/node_modules/expect/build/toThrowMatchers.js:74:11)
          at Object.throwingMatcher [as toThrow] (/home/user/workspace/worktrees/s6/node_modules/expect/build/index.js:320:21)
          at Object.toThrow (/home/user/workspace/worktrees/s6/src/analytics/__tests__/analytics.test.ts:67:31)
          at Promise.then.completed (/home/user/workspace/worktrees/s6/node_modules/jest-circus/build/utils.js:298:28)
          at new Promise (<anonymous>)
          at callAsyncCircusFn (/home/user/workspace/worktrees/s6/node_modules/jest-circus/build/utils.js:231:10)
          at _callCircusTest (/home/user/workspace/worktrees/s6/node_modules/jest-circus/build/run.js:316:40)
          at _runTest (/home/user/workspace/worktrees/s6/node_modules/jest-circus/build/run.js:252:3)
          at _runTestsForDescribeBlock (/home/user/workspace/worktrees/s6/node_modules/jest-circus/build/run.js:126:9)
          at _runTestsForDescribeBlock (/home/user/workspace/worktrees/s6/node_modules/jest-circus/build/run.js:121:9)
          at run (/home/user/workspace/worktrees/s6/node_modules/jest-circus/build/run.js:71:3)
          at runAndTransformResultsToJestFormat (/home/user/workspace/worktrees/s6/node_modules/jest-circus/build/legacy-code-todo-rewrite/jestAdapterInit.js:122:21)
          at jestAdapter (/home/user/workspace/worktrees/s6/node_modules/jest-circus/build/legacy-code-todo-rewrite/jestAdapter.js:79:19)
          at runTestInternal (/home/user/workspace/worktrees/s6/node_modules/jest-runner/build/runTest.js:367:16)
          at runTest (/home/user/workspace/worktrees/s6/node_modules/jest-runner/build/runTest.js:444:34)

    [0m [90m 69 |[39m     _client [33m=[39m [36mnew[39m [33mPostHog[39m(key[33m,[39m { host })[33m;[39m
     [90m 70 |[39m   } [36mcatch[39m (err) {
    [31m[1m>[22m[39m[90m 71 |[39m     [36mif[39m (__DEV__) console[33m.[39mwarn([32m'[analytics] PostHog init failed:'[39m[33m,[39m err)[33m;[39m
     [90m    |[39m                          [31m[1m^[22m[39m
     [90m 72 |[39m   }
     [90m 73 |[39m
     [90m 74 |[39m   [36mreturn[39m _client[33m;[39m[0m

      at warn (src/lib/analytics.ts:71:26)
      at getClient (src/lib/analytics.ts:115:5)
      at src/analytics/__tests__/analytics.test.ts:67:23
      at Object.<anonymous> (node_modules/expect/build/toThrowMatchers.js:74:11)
      at Object.throwingMatcher [as toThrow] (node_modules/expect/build/index.js:320:21)
      at Object.toThrow (src/analytics/__tests__/analytics.test.ts:67:31)

PASS src/hooks/__tests__/useReducedMotion.test.tsx
PASS src/utils/__tests__/nutrition.test.ts
PASS ./App.test.tsx
PASS src/screens/client/__tests__/PlanScreen.unified.test.ts
PASS src/screens/client/wearables/__tests__/recoveryTheme.test.ts
PASS src/services/health/healthConnect/__tests__/healthConnectIngestApi.test.ts
PASS src/api/__tests__/communityEventsApi.mutationError.test.ts
PASS src/screens/client/wearables/__tests__/PhantomCalmBanner.test.tsx
PASS src/screens/client/wearables/__tests__/ThreeRingHero.test.tsx
  ● Console

    console.warn
      [Worklets] Couldn't determine the version of the native part of Worklets.
          See `https://docs.swmansion.com/react-native-worklets/docs/guides/troubleshooting#couldnt-determine-the-version-of-the-native-part-of-worklets` for more details.

    [0m [90m 21 |[39m [36mimport[39m { [33mStyleSheet[39m[33m,[39m [33mText[39m[33m,[39m [33mView[39m } [36mfrom[39m [32m'react-native'[39m[33m;[39m
     [90m 22 |[39m [36mimport[39m [33mSvg[39m[33m,[39m { [33mCircle[39m } [36mfrom[39m [32m'react-native-svg'[39m[33m;[39m
    [31m[1m>[22m[39m[90m 23 |[39m [36mimport[39m [33mAnimated[39m[33m,[39m {
     [90m    |[39m [31m[1m^[22m[39m
     [90m 24 |[39m   useAnimatedProps[33m,[39m
     [90m 25 |[39m   useSharedValue[33m,[39m
     [90m 26 |[39m   withTiming[33m,[39m[0m

      at Object.warn (node_modules/react-native-worklets/src/debug/logger.ts:11:13)
      at warn (node_modules/react-native-worklets/src/debug/checkCppVersion.ts:10:12)
      at new NativeWorklets (node_modules/react-native-worklets/src/WorkletsModule/NativeWorklets.native.ts:43:22)
      at Object.<anonymous> (node_modules/react-native-worklets/src/WorkletsModule/NativeWorklets.native.ts:327:48)
      at Object.require (node_modules/react-native-worklets/src/featureFlags/featureFlags.native.ts:3:1)
      at Object.require (node_modules/react-native-worklets/src/initializers/initializers.native.ts:12:1)
      at Object.require (node_modules/react-native-worklets/src/index.ts:3:1)
      at Object.require (node_modules/react-native-reanimated/src/initializers.ts:2:1)
      at Object.require (node_modules/react-native-reanimated/src/index.ts:5:1)
      at Object.require (src/screens/client/wearables/cards/ThreeRingHero.tsx:23:1)
      at Object.require (src/screens/client/wearables/__tests__/ThreeRingHero.test.tsx:11:1)

    console.warn
      [Worklets] Tried to modify key `value` of an object which has been already passed to a worklet. See
              https://docs.swmansion.com/react-native-reanimated/docs/guides/troubleshooting#tried-to-modify-key-of-an-object-which-has-been-converted-to-a-serializable
              for more details.

      at Object.warn (node_modules/react-native-worklets/src/debug/logger.ts:11:13)
      at Object.warn [as value] (node_modules/react-native-worklets/src/memory/serializable.native.ts:779:16)
      at node_modules/react-native-reanimated/src/hook/useAnimatedStyle.ts:607:30
      at Object.react_stack_bottom_frame (node_modules/react-reconciler/cjs/react-reconciler.development.js:17681:20)
      at runWithFiberInDEV (node_modules/react-reconciler/cjs/react-reconciler.development.js:2508:13)
      at commitHookEffectListMount (node_modules/react-reconciler/cjs/react-reconciler.development.js:10861:29)
      at commitHookPassiveMountEffects (node_modules/react-reconciler/cjs/react-reconciler.development.js:10948:11)
      at commitPassiveMountOnFiber (node_modules/react-reconciler/cjs/react-reconciler.development.js:12979:13)
      at recursivelyTraversePassiveMountEffects (node_modules/react-reconciler/cjs/react-reconciler.development.js:12934:11)
      at commitPassiveMountOnFiber (node_modules/react-reconciler/cjs/react-reconciler.development.js:13213:11)
      at recursivelyTraversePassiveMountEffects (node_modules/react-reconciler/cjs/react-reconciler.development.js:12934:11)
      at commitPassiveMountOnFiber (node_modules/react-reconciler/cjs/react-reconciler.development.js:12999:11)
      at recursivelyTraversePassiveMountEffects (node_modules/react-reconciler/cjs/react-reconciler.development.js:12934:11)
      at commitPassiveMountOnFiber (node_modules/react-reconciler/cjs/react-reconciler.development.js:12999:11)
      at recursivelyTraversePassiveMountEffects (node_modules/react-reconciler/cjs/react-reconciler.development.js:12934:11)
      at commitPassiveMountOnFiber (node_modules/react-reconciler/cjs/react-reconciler.development.js:13213:11)
      at recursivelyTraversePassiveMountEffects (node_modules/react-reconciler/cjs/react-reconciler.development.js:12934:11)
      at commitPassiveMountOnFiber (node_modules/react-reconciler/cjs/react-reconciler.development.js:12999:11)
      at recursivelyTraversePassiveMountEffects (node_modules/react-reconciler/cjs/react-reconciler.development.js:12934:11)
      at commitPassiveMountOnFiber (node_modules/react-reconciler/cjs/react-reconciler.development.js:12999:11)
      at recursivelyTraversePassiveMountEffects (node_modules/react-reconciler/cjs/react-reconciler.development.js:12934:11)
      at commitPassiveMountOnFiber (node_modules/react-reconciler/cjs/react-reconciler.development.js:13213:11)
      at recursivelyTraversePassiveMountEffects (node_modules/react-reconciler/cjs/react-reconciler.development.js:12934:11)
      at commitPassiveMountOnFiber (node_modules/react-reconciler/cjs/react-reconciler.development.js:12999:11)
      at recursivelyTraversePassiveMountEffects (node_modules/react-reconciler/cjs/react-reconciler.development.js:12934:11)
      at commitPassiveMountOnFiber (node_modules/react-reconciler/cjs/react-reconciler.development.js:13213:11)
      at recursivelyTraversePassiveMountEffects (node_modules/react-reconciler/cjs/react-reconciler.development.js:12934:11)
      at commitPassiveMountOnFiber (node_modules/react-reconciler/cjs/react-reconciler.development.js:12999:11)
      at recursivelyTraversePassiveMountEffects (node_modules/react-reconciler/cjs/react-reconciler.development.js:12934:11)
      at commitPassiveMountOnFiber (node_modules/react-reconciler/cjs/react-reconciler.development.js:12971:11)
      at recursivelyTraversePassiveMountEffects (node_modules/react-reconciler/cjs/react-reconciler.development.js:12934:11)
      at commitPassiveMountOnFiber (node_modules/react-reconciler/cjs/react-reconciler.development.js:13014:11)
      at flushPassiveEffects (node_modules/react-reconciler/cjs/react-reconciler.development.js:15982:9)
      at node_modules/react-reconciler/cjs/react-reconciler.development.js:15555:15
      at flushActQueue (node_modules/react/cjs/react.development.js:590:34)
      at node_modules/react/cjs/react.development.js:847:21

    console.warn
      [Worklets] Tried to modify key `value` of an object which has been already passed to a worklet. See
              https://docs.swmansion.com/react-native-reanimated/docs/guides/troubleshooting#tried-to-modify-key-of-an-object-which-has-been-converted-to-a-serializable
              for more details.

      at Object.warn (node_modules/react-native-worklets/src/debug/logger.ts:11:13)
      at Object.warn [as value] (node_modules/react-native-worklets/src/memory/serializable.native.ts:779:16)
      at node_modules/react-native-reanimated/src/hook/useAnimatedStyle.ts:607:30
      at Object.react_stack_bottom_frame (node_modules/react-reconciler/cjs/react-reconciler.development.js:17681:20)
      at runWithFiberInDEV (node_modules/react-reconciler/cjs/react-reconciler.development.js:2508:13)
      at commitHookEffectListMount (node_modules/react-reconciler/cjs/react-reconciler.development.js:10861:29)
      at commitHookPassiveMountEffects (node_modules/react-reconciler/cjs/react-reconciler.development.js:10948:11)
      at commitPassiveMountOnFiber (node_modules/react-reconciler/cjs/react-reconciler.development.js:12979:13)
      at recursivelyTraversePassiveMountEffects (node_modules/react-reconciler/cjs/react-reconciler.development.js:12934:11)
      at commitPassiveMountOnFiber (node_modules/react-reconciler/cjs/react-reconciler.development.js:13213:11)
      at recursivelyTraversePassiveMountEffects (node_modules/react-reconciler/cjs/react-reconciler.development.js:12934:11)
      at commitPassiveMountOnFiber (node_modules/react-reconciler/cjs/react-reconciler.development.js:12999:11)
      at recursivelyTraversePassiveMountEffects (node_modules/react-reconciler/cjs/react-reconciler.development.js:12934:11)
      at commitPassiveMountOnFiber (node_modules/react-reconciler/cjs/react-reconciler.development.js:12999:11)
      at recursivelyTraversePassiveMountEffects (node_modules/react-reconciler/cjs/react-reconciler.development.js:12934:11)
      at commitPassiveMountOnFiber (node_modules/react-reconciler/cjs/react-reconciler.development.js:13213:11)
      at recursivelyTraversePassiveMountEffects (node_modules/react-reconciler/cjs/react-reconciler.development.js:12934:11)
      at commitPassiveMountOnFiber (node_modules/react-reconciler/cjs/react-reconciler.development.js:12999:11)
      at recursivelyTraversePassiveMountEffects (node_modules/react-reconciler/cjs/react-reconciler.development.js:12934:11)
      at commitPassiveMountOnFiber (node_modules/react-reconciler/cjs/react-reconciler.development.js:12999:11)
      at recursivelyTraversePassiveMountEffects (node_modules/react-reconciler/cjs/react-reconciler.development.js:12934:11)
      at commitPassiveMountOnFiber (node_modules/react-reconciler/cjs/react-reconciler.development.js:13213:11)
      at recursivelyTraversePassiveMountEffects (node_modules/react-reconciler/cjs/react-reconciler.development.js:12934:11)
      at commitPassiveMountOnFiber (node_modules/react-reconciler/cjs/react-reconciler.development.js:12999:11)
      at recursivelyTraversePassiveMountEffects (node_modules/react-reconciler/cjs/react-reconciler.development.js:12934:11)
      at commitPassiveMountOnFiber (node_modules/react-reconciler/cjs/react-reconciler.development.js:13213:11)
      at recursivelyTraversePassiveMountEffects (node_modules/react-reconciler/cjs/react-reconciler.development.js:12934:11)
      at commitPassiveMountOnFiber (node_modules/react-reconciler/cjs/react-reconciler.development.js:12999:11)
      at recursivelyTraversePassiveMountEffects (node_modules/react-reconciler/cjs/react-reconciler.development.js:12934:11)
      at commitPassiveMountOnFiber (node_modules/react-reconciler/cjs/react-reconciler.development.js:12971:11)
      at recursivelyTraversePassiveMountEffects (node_modules/react-reconciler/cjs/react-reconciler.development.js:12934:11)
      at commitPassiveMountOnFiber (node_modules/react-reconciler/cjs/react-reconciler.development.js:13014:11)
      at flushPassiveEffects (node_modules/react-reconciler/cjs/react-reconciler.development.js:15982:9)
      at node_modules/react-reconciler/cjs/react-reconciler.development.js:15555:15
      at flushActQueue (node_modules/react/cjs/react.development.js:590:34)
      at node_modules/react/cjs/react.development.js:847:21

    console.warn
      [Worklets] Tried to modify key `value` of an object which has been already passed to a worklet. See
              https://docs.swmansion.com/react-native-reanimated/docs/guides/troubleshooting#tried-to-modify-key-of-an-object-which-has-been-converted-to-a-serializable
              for more details.

      at Object.warn (node_modules/react-native-worklets/src/debug/logger.ts:11:13)
      at Object.warn [as value] (node_modules/react-native-worklets/src/memory/serializable.native.ts:779:16)
      at node_modules/react-native-reanimated/src/hook/useAnimatedStyle.ts:607:30
      at Object.react_stack_bottom_frame (node_modules/react-reconciler/cjs/react-reconciler.development.js:17681:20)
      at runWithFiberInDEV (node_modules/react-reconciler/cjs/react-reconciler.development.js:2508:13)
      at commitHookEffectListMount (node_modules/react-reconciler/cjs/react-reconciler.development.js:10861:29)
      at commitHookPassiveMountEffects (node_modules/react-reconciler/cjs/react-reconciler.development.js:10948:11)
      at commitPassiveMountOnFiber (node_modules/react-reconciler/cjs/react-reconciler.development.js:12979:13)
      at recursivelyTraversePassiveMountEffects (node_modules/react-reconciler/cjs/react-reconciler.development.js:12934:11)
      at commitPassiveMountOnFiber (node_modules/react-reconciler/cjs/react-reconciler.development.js:13213:11)
      at recursivelyTraversePassiveMountEffects (node_modules/react-reconciler/cjs/react-reconciler.development.js:12934:11)
      at commitPassiveMountOnFiber (node_modules/react-reconciler/cjs/react-reconciler.development.js:12999:11)
      at recursivelyTraversePassiveMountEffects (node_modules/react-reconciler/cjs/react-reconciler.development.js:12934:11)
      at commitPassiveMountOnFiber (node_modules/react-reconciler/cjs/react-reconciler.development.js:12999:11)
      at recursivelyTraversePassiveMountEffects (node_modules/react-reconciler/cjs/react-reconciler.development.js:12934:11)
      at commitPassiveMountOnFiber (node_modules/react-reconciler/cjs/react-reconciler.development.js:13213:11)
      at recursivelyTraversePassiveMountEffects (node_modules/react-reconciler/cjs/react-reconciler.development.js:12934:11)
      at commitPassiveMountOnFiber (node_modules/react-reconciler/cjs/react-reconciler.development.js:12999:11)
      at recursivelyTraversePassiveMountEffects (node_modules/react-reconciler/cjs/react-reconciler.development.js:12934:11)
      at commitPassiveMountOnFiber (node_modules/react-reconciler/cjs/react-reconciler.development.js:12999:11)
      at recursivelyTraversePassiveMountEffects (node_modules/react-reconciler/cjs/react-reconciler.development.js:12934:11)
      at commitPassiveMountOnFiber (node_modules/react-reconciler/cjs/react-reconciler.development.js:13213:11)
      at recursivelyTraversePassiveMountEffects (node_modules/react-reconciler/cjs/react-reconciler.development.js:12934:11)
      at commitPassiveMountOnFiber (node_modules/react-reconciler/cjs/react-reconciler.development.js:12999:11)
      at recursivelyTraversePassiveMountEffects (node_modules/react-reconciler/cjs/react-reconciler.development.js:12934:11)
      at commitPassiveMountOnFiber (node_modules/react-reconciler/cjs/react-reconciler.development.js:13213:11)
      at recursivelyTraversePassiveMountEffects (node_modules/react-reconciler/cjs/react-reconciler.development.js:12934:11)
      at commitPassiveMountOnFiber (node_modules/react-reconciler/cjs/react-reconciler.development.js:12999:11)
      at recursivelyTraversePassiveMountEffects (node_modules/react-reconciler/cjs/react-reconciler.development.js:12934:11)
      at commitPassiveMountOnFiber (node_modules/react-reconciler/cjs/react-reconciler.development.js:12971:11)
      at recursivelyTraversePassiveMountEffects (node_modules/react-reconciler/cjs/react-reconciler.development.js:12934:11)
      at commitPassiveMountOnFiber (node_modules/react-reconciler/cjs/react-reconciler.development.js:13014:11)
      at flushPassiveEffects (node_modules/react-reconciler/cjs/react-reconciler.development.js:15982:9)
      at node_modules/react-reconciler/cjs/react-reconciler.development.js:15555:15
      at flushActQueue (node_modules/react/cjs/react.development.js:590:34)
      at node_modules/react/cjs/react.development.js:847:21

    console.warn
      [Worklets] Tried to modify key `value` of an object which has been already passed to a worklet. See
              https://docs.swmansion.com/react-native-reanimated/docs/guides/troubleshooting#tried-to-modify-key-of-an-object-which-has-been-converted-to-a-serializable
              for more details.

      at Object.warn (node_modules/react-native-worklets/src/debug/logger.ts:11:13)
      at Object.warn [as value] (node_modules/react-native-worklets/src/memory/serializable.native.ts:779:16)
      at cancelAnimationWeb (node_modules/react-native-reanimated/src/animation/util.ts:597:20)
      at node_modules/react-native-reanimated/src/hook/useSharedValue.ts:23:22
      at Object.react_stack_bottom_frame (node_modules/react-reconciler/cjs/react-reconciler.development.js:17693:13)
      at runWithFiberInDEV (node_modules/react-reconciler/cjs/react-reconciler.development.js:2508:13)
      at commitHookEffectListUnmount (node_modules/react-reconciler/cjs/react-reconciler.development.js:10928:17)
      at commitHookPassiveUnmountEffects (node_modules/react-reconciler/cjs/react-reconciler.development.js:10959:11)
      at commitPassiveUnmountEffectsInsideOfDeletedTree_begin (node_modules/react-reconciler/cjs/react-reconciler.development.js:13779:13)
      at recursivelyTraversePassiveUnmountEffects (node_modules/react-reconciler/cjs/react-reconciler.development.js:13600:13)
      at commitPassiveUnmountOnFiber (node_modules/react-reconciler/cjs/react-reconciler.development.js:13642:11)
      at flushPassiveEffects (node_modules/react-reconciler/cjs/react-reconciler.development.js:15978:9)
      at node_modules/react-reconciler/cjs/react-reconciler.development.js:15555:15
      at flushActQueue (node_modules/react/cjs/react.development.js:590:34)
      at node_modules/react/cjs/react.development.js:847:21

    console.warn
      [Worklets] Tried to modify key `value` of an object which has been already passed to a worklet. See
              https://docs.swmansion.com/react-native-reanimated/docs/guides/troubleshooting#tried-to-modify-key-of-an-object-which-has-been-converted-to-a-serializable
              for more details.

      at Object.warn (node_modules/react-native-worklets/src/debug/logger.ts:11:13)
      at Object.warn [as value] (node_modules/react-native-worklets/src/memory/serializable.native.ts:779:16)
      at cancelAnimationWeb (node_modules/react-native-reanimated/src/animation/util.ts:597:20)
      at node_modules/react-native-reanimated/src/hook/useSharedValue.ts:23:22
      at Object.react_stack_bottom_frame (node_modules/react-reconciler/cjs/react-reconciler.development.js:17693:13)
      at runWithFiberInDEV (node_modules/react-reconciler/cjs/react-reconciler.development.js:2508:13)
      at commitHookEffectListUnmount (node_modules/react-reconciler/cjs/react-reconciler.development.js:10928:17)
      at commitHookPassiveUnmountEffects (node_modules/react-reconciler/cjs/react-reconciler.development.js:10959:11)
      at commitPassiveUnmountEffectsInsideOfDeletedTree_begin (node_modules/react-reconciler/cjs/react-reconciler.development.js:13779:13)
      at recursivelyTraversePassiveUnmountEffects (node_modules/react-reconciler/cjs/react-reconciler.development.js:13600:13)
      at commitPassiveUnmountOnFiber (node_modules/react-reconciler/cjs/react-reconciler.development.js:13642:11)
      at flushPassiveEffects (node_modules/react-reconciler/cjs/react-reconciler.development.js:15978:9)
      at node_modules/react-reconciler/cjs/react-reconciler.development.js:15555:15
      at flushActQueue (node_modules/react/cjs/react.development.js:590:34)
      at node_modules/react/cjs/react.development.js:847:21

    console.warn
      [Worklets] Tried to modify key `value` of an object which has been already passed to a worklet. See
              https://docs.swmansion.com/react-native-reanimated/docs/guides/troubleshooting#tried-to-modify-key-of-an-object-which-has-been-converted-to-a-serializable
              for more details.

      at Object.warn (node_modules/react-native-worklets/src/debug/logger.ts:11:13)
      at Object.warn [as value] (node_modules/react-native-worklets/src/memory/serializable.native.ts:779:16)
      at node_modules/react-native-reanimated/src/hook/useAnimatedStyle.ts:609:32
      at Object.react_stack_bottom_frame (node_modules/react-reconciler/cjs/react-reconciler.development.js:17693:13)
      at runWithFiberInDEV (node_modules/react-reconciler/cjs/react-reconciler.development.js:2508:13)
      at commitHookEffectListUnmount (node_modules/react-reconciler/cjs/react-reconciler.development.js:10928:17)
      at commitHookPassiveUnmountEffects (node_modules/react-reconciler/cjs/react-reconciler.development.js:10959:11)
      at commitPassiveUnmountEffectsInsideOfDeletedTree_begin (node_modules/react-reconciler/cjs/react-reconciler.development.js:13779:13)
      at recursivelyTraversePassiveUnmountEffects (node_modules/react-reconciler/cjs/react-reconciler.development.js:13600:13)
      at commitPassiveUnmountOnFiber (node_modules/react-reconciler/cjs/react-reconciler.development.js:13642:11)
      at flushPassiveEffects (node_modules/react-reconciler/cjs/react-reconciler.development.js:15978:9)
      at node_modules/react-reconciler/cjs/react-reconciler.development.js:15555:15
      at flushActQueue (node_modules/react/cjs/react.development.js:590:34)
      at node_modules/react/cjs/react.development.js:847:21

    console.warn
      [Worklets] Tried to modify key `value` of an object which has been already passed to a worklet. See
              https://docs.swmansion.com/react-native-reanimated/docs/guides/troubleshooting#tried-to-modify-key-of-an-object-which-has-been-converted-to-a-serializable
              for more details.

      at Object.warn (node_modules/react-native-worklets/src/debug/logger.ts:11:13)
      at Object.warn [as value] (node_modules/react-native-worklets/src/memory/serializable.native.ts:779:16)
      at cancelAnimationWeb (node_modules/react-native-reanimated/src/animation/util.ts:597:20)
      at node_modules/react-native-reanimated/src/hook/useSharedValue.ts:23:22
      at Object.react_stack_bottom_frame (node_modules/react-reconciler/cjs/react-reconciler.development.js:17693:13)
      at runWithFiberInDEV (node_modules/react-reconciler/cjs/react-reconciler.development.js:2508:13)
      at commitHookEffectListUnmount (node_modules/react-reconciler/cjs/react-reconciler.development.js:10928:17)
      at commitHookPassiveUnmountEffects (node_modules/react-reconciler/cjs/react-reconciler.development.js:10959:11)
      at commitPassiveUnmountEffectsInsideOfDeletedTree_begin (node_modules/react-reconciler/cjs/react-reconciler.development.js:13779:13)
      at recursivelyTraversePassiveUnmountEffects (node_modules/react-reconciler/cjs/react-reconciler.development.js:13600:13)
      at commitPassiveUnmountOnFiber (node_modules/react-reconciler/cjs/react-reconciler.development.js:13642:11)
      at flushPassiveEffects (node_modules/react-reconciler/cjs/react-reconciler.development.js:15978:9)
      at node_modules/react-reconciler/cjs/react-reconciler.development.js:15555:15
      at flushActQueue (node_modules/react/cjs/react.development.js:590:34)
      at node_modules/react/cjs/react.development.js:847:21

    console.warn
      [Worklets] Tried to modify key `value` of an object which has been already passed to a worklet. See
              https://docs.swmansion.com/react-native-reanimated/docs/guides/troubleshooting#tried-to-modify-key-of-an-object-which-has-been-converted-to-a-serializable
              for more details.

      at Object.warn (node_modules/react-native-worklets/src/debug/logger.ts:11:13)
      at Object.warn [as value] (node_modules/react-native-worklets/src/memory/serializable.native.ts:779:16)
      at cancelAnimationWeb (node_modules/react-native-reanimated/src/animation/util.ts:597:20)
      at node_modules/react-native-reanimated/src/hook/useSharedValue.ts:23:22
      at Object.react_stack_bottom_frame (node_modules/react-reconciler/cjs/react-reconciler.development.js:17693:13)
      at runWithFiberInDEV (node_modules/react-reconciler/cjs/react-reconciler.development.js:2508:13)
      at commitHookEffectListUnmount (node_modules/react-reconciler/cjs/react-reconciler.development.js:10928:17)
      at commitHookPassiveUnmountEffects (node_modules/react-reconciler/cjs/react-reconciler.development.js:10959:11)
      at commitPassiveUnmountEffectsInsideOfDeletedTree_begin (node_modules/react-reconciler/cjs/react-reconciler.development.js:13779:13)
      at recursivelyTraversePassiveUnmountEffects (node_modules/react-reconciler/cjs/react-reconciler.development.js:13600:13)
      at commitPassiveUnmountOnFiber (node_modules/react-reconciler/cjs/react-reconciler.development.js:13642:11)
      at flushPassiveEffects (node_modules/react-reconciler/cjs/react-reconciler.development.js:15978:9)
      at node_modules/react-reconciler/cjs/react-reconciler.development.js:15555:15
      at flushActQueue (node_modules/react/cjs/react.development.js:590:34)
      at node_modules/react/cjs/react.development.js:847:21

    console.warn
      [Worklets] Tried to modify key `value` of an object which has been already passed to a worklet. See
              https://docs.swmansion.com/react-native-reanimated/docs/guides/troubleshooting#tried-to-modify-key-of-an-object-which-has-been-converted-to-a-serializable
              for more details.

      at Object.warn (node_modules/react-native-worklets/src/debug/logger.ts:11:13)
      at Object.warn [as value] (node_modules/react-native-worklets/src/memory/serializable.native.ts:779:16)
      at node_modules/react-native-reanimated/src/hook/useAnimatedStyle.ts:609:32
      at Object.react_stack_bottom_frame (node_modules/react-reconciler/cjs/react-reconciler.development.js:17693:13)
      at runWithFiberInDEV (node_modules/react-reconciler/cjs/react-reconciler.development.js:2508:13)
      at commitHookEffectListUnmount (node_modules/react-reconciler/cjs/react-reconciler.development.js:10928:17)
      at commitHookPassiveUnmountEffects (node_modules/react-reconciler/cjs/react-reconciler.development.js:10959:11)
      at commitPassiveUnmountEffectsInsideOfDeletedTree_begin (node_modules/react-reconciler/cjs/react-reconciler.development.js:13779:13)
      at recursivelyTraversePassiveUnmountEffects (node_modules/react-reconciler/cjs/react-reconciler.development.js:13600:13)
      at commitPassiveUnmountOnFiber (node_modules/react-reconciler/cjs/react-reconciler.development.js:13642:11)
      at flushPassiveEffects (node_modules/react-reconciler/cjs/react-reconciler.development.js:15978:9)
      at node_modules/react-reconciler/cjs/react-reconciler.development.js:15555:15
      at flushActQueue (node_modules/react/cjs/react.development.js:590:34)
      at node_modules/react/cjs/react.development.js:847:21

    console.warn
      [Worklets] Tried to modify key `value` of an object which has been already passed to a worklet. See
              https://docs.swmansion.com/react-native-reanimated/docs/guides/troubleshooting#tried-to-modify-key-of-an-object-which-has-been-converted-to-a-serializable
              for more details.

      at Object.warn (node_modules/react-native-worklets/src/debug/logger.ts:11:13)
      at Object.warn [as value] (node_modules/react-native-worklets/src/memory/serializable.native.ts:779:16)
      at cancelAnimationWeb (node_modules/react-native-reanimated/src/animation/util.ts:597:20)
      at node_modules/react-native-reanimated/src/hook/useSharedValue.ts:23:22
      at Object.react_stack_bottom_frame (node_modules/react-reconciler/cjs/react-reconciler.development.js:17693:13)
      at runWithFiberInDEV (node_modules/react-reconciler/cjs/react-reconciler.development.js:2508:13)
      at commitHookEffectListUnmount (node_modules/react-reconciler/cjs/react-reconciler.development.js:10928:17)
      at commitHookPassiveUnmountEffects (node_modules/react-reconciler/cjs/react-reconciler.development.js:10959:11)
      at commitPassiveUnmountEffectsInsideOfDeletedTree_begin (node_modules/react-reconciler/cjs/react-reconciler.development.js:13779:13)
      at recursivelyTraversePassiveUnmountEffects (node_modules/react-reconciler/cjs/react-reconciler.development.js:13600:13)
      at commitPassiveUnmountOnFiber (node_modules/react-reconciler/cjs/react-reconciler.development.js:13642:11)
      at flushPassiveEffects (node_modules/react-reconciler/cjs/react-reconciler.development.js:15978:9)
      at node_modules/react-reconciler/cjs/react-reconciler.development.js:15555:15
      at flushActQueue (node_modules/react/cjs/react.development.js:590:34)
      at node_modules/react/cjs/react.development.js:847:21

    console.warn
      [Worklets] Tried to modify key `value` of an object which has been already passed to a worklet. See
              https://docs.swmansion.com/react-native-reanimated/docs/guides/troubleshooting#tried-to-modify-key-of-an-object-which-has-been-converted-to-a-serializable
              for more details.

      at Object.warn (node_modules/react-native-worklets/src/debug/logger.ts:11:13)
      at Object.warn [as value] (node_modules/react-native-worklets/src/memory/serializable.native.ts:779:16)
      at cancelAnimationWeb (node_modules/react-native-reanimated/src/animation/util.ts:597:20)
      at node_modules/react-native-reanimated/src/hook/useSharedValue.ts:23:22
      at Object.react_stack_bottom_frame (node_modules/react-reconciler/cjs/react-reconciler.development.js:17693:13)
      at runWithFiberInDEV (node_modules/react-reconciler/cjs/react-reconciler.development.js:2508:13)
      at commitHookEffectListUnmount (node_modules/react-reconciler/cjs/react-reconciler.development.js:10928:17)
      at commitHookPassiveUnmountEffects (node_modules/react-reconciler/cjs/react-reconciler.development.js:10959:11)
      at commitPassiveUnmountEffectsInsideOfDeletedTree_begin (node_modules/react-reconciler/cjs/react-reconciler.development.js:13779:13)
      at recursivelyTraversePassiveUnmountEffects (node_modules/react-reconciler/cjs/react-reconciler.development.js:13600:13)
      at commitPassiveUnmountOnFiber (node_modules/react-reconciler/cjs/react-reconciler.development.js:13642:11)
      at flushPassiveEffects (node_modules/react-reconciler/cjs/react-reconciler.development.js:15978:9)
      at node_modules/react-reconciler/cjs/react-reconciler.development.js:15555:15
      at flushActQueue (node_modules/react/cjs/react.development.js:590:34)
      at node_modules/react/cjs/react.development.js:847:21

    console.warn
      [Worklets] Tried to modify key `value` of an object which has been already passed to a worklet. See
              https://docs.swmansion.com/react-native-reanimated/docs/guides/troubleshooting#tried-to-modify-key-of-an-object-which-has-been-converted-to-a-serializable
              for more details.

      at Object.warn (node_modules/react-native-worklets/src/debug/logger.ts:11:13)
      at Object.warn [as value] (node_modules/react-native-worklets/src/memory/serializable.native.ts:779:16)
      at node_modules/react-native-reanimated/src/hook/useAnimatedStyle.ts:609:32
      at Object.react_stack_bottom_frame (node_modules/react-reconciler/cjs/react-reconciler.development.js:17693:13)
      at runWithFiberInDEV (node_modules/react-reconciler/cjs/react-reconciler.development.js:2508:13)
      at commitHookEffectListUnmount (node_modules/react-reconciler/cjs/react-reconciler.development.js:10928:17)
      at commitHookPassiveUnmountEffects (node_modules/react-reconciler/cjs/react-reconciler.development.js:10959:11)
      at commitPassiveUnmountEffectsInsideOfDeletedTree_begin (node_modules/react-reconciler/cjs/react-reconciler.development.js:13779:13)
      at recursivelyTraversePassiveUnmountEffects (node_modules/react-reconciler/cjs/react-reconciler.development.js:13600:13)
      at commitPassiveUnmountOnFiber (node_modules/react-reconciler/cjs/react-reconciler.development.js:13642:11)
      at flushPassiveEffects (node_modules/react-reconciler/cjs/react-reconciler.development.js:15978:9)
      at node_modules/react-reconciler/cjs/react-reconciler.development.js:15555:15
      at flushActQueue (node_modules/react/cjs/react.development.js:590:34)
      at node_modules/react/cjs/react.development.js:847:21

    console.warn
      [Worklets] Tried to modify key `value` of an object which has been already passed to a worklet. See
              https://docs.swmansion.com/react-native-reanimated/docs/guides/troubleshooting#tried-to-modify-key-of-an-object-which-has-been-converted-to-a-serializable
              for more details.

      at Object.warn (node_modules/react-native-worklets/src/debug/logger.ts:11:13)
      at Object.warn [as value] (node_modules/react-native-worklets/src/memory/serializable.native.ts:779:16)
      at node_modules/react-native-reanimated/src/hook/useAnimatedStyle.ts:607:30
      at Object.react_stack_bottom_frame (node_modules/react-reconciler/cjs/react-reconciler.development.js:17681:20)
      at runWithFiberInDEV (node_modules/react-reconciler/cjs/react-reconciler.development.js:2508:13)
      at commitHookEffectListMount (node_modules/react-reconciler/cjs/react-reconciler.development.js:10861:29)
      at commitHookPassiveMountEffects (node_modules/react-reconciler/cjs/react-reconciler.development.js:10948:11)
      at commitPassiveMountOnFiber (node_modules/react-reconciler/cjs/react-reconciler.development.js:12979:13)
      at recursivelyTraversePassiveMountEffects (node_modules/react-reconciler/cjs/react-reconciler.development.js:12934:11)
      at commitPassiveMountOnFiber (node_modules/react-reconciler/cjs/react-reconciler.development.js:13213:11)
      at recursivelyTraversePassiveMountEffects (node_modules/react-reconciler/cjs/react-reconciler.development.js:12934:11)
      at commitPassiveMountOnFiber (node_modules/react-reconciler/cjs/react-reconciler.development.js:12999:11)
      at recursivelyTraversePassiveMountEffects (node_modules/react-reconciler/cjs/react-reconciler.development.js:12934:11)
      at commitPassiveMountOnFiber (node_modules/react-reconciler/cjs/react-reconciler.development.js:12999:11)
      at recursivelyTraversePassiveMountEffects (node_modules/react-reconciler/cjs/react-reconciler.development.js:12934:11)
      at commitPassiveMountOnFiber (node_modules/react-reconciler/cjs/react-reconciler.development.js:13213:11)
      at recursivelyTraversePassiveMountEffects (node_modules/react-reconciler/cjs/react-reconciler.development.js:12934:11)
      at commitPassiveMountOnFiber (node_modules/react-reconciler/cjs/react-reconciler.development.js:12999:11)
      at recursivelyTraversePassiveMountEffects (node_modules/react-reconciler/cjs/react-reconciler.development.js:12934:11)
      at commitPassiveMountOnFiber (node_modules/react-reconciler/cjs/react-reconciler.development.js:12999:11)
      at recursivelyTraversePassiveMountEffects (node_modules/react-reconciler/cjs/react-reconciler.development.js:12934:11)
      at commitPassiveMountOnFiber (node_modules/react-reconciler/cjs/react-reconciler.development.js:13213:11)
      at recursivelyTraversePassiveMountEffects (node_modules/react-reconciler/cjs/react-reconciler.development.js:12934:11)
      at commitPassiveMountOnFiber (node_modules/react-reconciler/cjs/react-reconciler.development.js:12999:11)
      at recursivelyTraversePassiveMountEffects (node_modules/react-reconciler/cjs/react-reconciler.development.js:12934:11)
      at commitPassiveMountOnFiber (node_modules/react-reconciler/cjs/react-reconciler.development.js:13213:11)
      at recursivelyTraversePassiveMountEffects (node_modules/react-reconciler/cjs/react-reconciler.development.js:12934:11)
      at commitPassiveMountOnFiber (node_modules/react-reconciler/cjs/react-reconciler.development.js:12999:11)
      at recursivelyTraversePassiveMountEffects (node_modules/react-reconciler/cjs/react-reconciler.development.js:12934:11)
      at commitPassiveMountOnFiber (node_modules/react-reconciler/cjs/react-reconciler.development.js:12971:11)
      at recursivelyTraversePassiveMountEffects (node_modules/react-reconciler/cjs/react-reconciler.development.js:12934:11)
      at commitPassiveMountOnFiber (node_modules/react-reconciler/cjs/react-reconciler.development.js:13014:11)
      at flushPassiveEffects (node_modules/react-reconciler/cjs/react-reconciler.development.js:15982:9)
      at node_modules/react-reconciler/cjs/react-reconciler.development.js:15555:15
      at flushActQueue (node_modules/react/cjs/react.development.js:590:34)
      at node_modules/react/cjs/react.development.js:847:21

    console.warn
      [Worklets] Tried to modify key `value` of an object which has been already passed to a worklet. See
              https://docs.swmansion.com/react-native-reanimated/docs/guides/troubleshooting#tried-to-modify-key-of-an-object-which-has-been-converted-to-a-serializable
              for more details.

      at Object.warn (node_modules/react-native-worklets/src/debug/logger.ts:11:13)
      at Object.warn [as value] (node_modules/react-native-worklets/src/memory/serializable.native.ts:779:16)
      at node_modules/react-native-reanimated/src/hook/useAnimatedStyle.ts:607:30
      at Object.react_stack_bottom_frame (node_modules/react-reconciler/cjs/react-reconciler.development.js:17681:20)
      at runWithFiberInDEV (node_modules/react-reconciler/cjs/react-reconciler.development.js:2508:13)
      at commitHookEffectListMount (node_modules/react-reconciler/cjs/react-reconciler.development.js:10861:29)
      at commitHookPassiveMountEffects (node_modules/react-reconciler/cjs/react-reconciler.development.js:10948:11)
      at commitPassiveMountOnFiber (node_modules/react-reconciler/cjs/react-reconciler.development.js:12979:13)
      at recursivelyTraversePassiveMountEffects (node_modules/react-reconciler/cjs/react-reconciler.development.js:12934:11)
      at commitPassiveMountOnFiber (node_modules/react-reconciler/cjs/react-reconciler.development.js:13213:11)
      at recursivelyTraversePassiveMountEffects (node_modules/react-reconciler/cjs/react-reconciler.development.js:12934:11)
      at commitPassiveMountOnFiber (node_modules/react-reconciler/cjs/react-reconciler.development.js:12999:11)
      at recursivelyTraversePassiveMountEffects (node_modules/react-reconciler/cjs/react-reconciler.development.js:12934:11)
      at commitPassiveMountOnFiber (node_modules/react-reconciler/cjs/react-reconciler.development.js:12999:11)
      at recursivelyTraversePassiveMountEffects (node_modules/react-reconciler/cjs/react-reconciler.development.js:12934:11)
      at commitPassiveMountOnFiber (node_modules/react-reconciler/cjs/react-reconciler.development.js:13213:11)
      at recursivelyTraversePassiveMountEffects (node_modules/react-reconciler/cjs/react-reconciler.development.js:12934:11)
      at commitPassiveMountOnFiber (node_modules/react-reconciler/cjs/react-reconciler.development.js:12999:11)
      at recursivelyTraversePassiveMountEffects (node_modules/react-reconciler/cjs/react-reconciler.development.js:12934:11)
      at commitPassiveMountOnFiber (node_modules/react-reconciler/cjs/react-reconciler.development.js:12999:11)
      at recursivelyTraversePassiveMountEffects (node_modules/react-reconciler/cjs/react-reconciler.development.js:12934:11)
      at commitPassiveMountOnFiber (node_modules/react-reconciler/cjs/react-reconciler.development.js:13213:11)
      at recursivelyTraversePassiveMountEffects (node_modules/react-reconciler/cjs/react-reconciler.development.js:12934:11)
      at commitPassiveMountOnFiber (node_modules/react-reconciler/cjs/react-reconciler.development.js:12999:11)
      at recursivelyTraversePassiveMountEffects (node_modules/react-reconciler/cjs/react-reconciler.development.js:12934:11)
      at commitPassiveMountOnFiber (node_modules/react-reconciler/cjs/react-reconciler.development.js:13213:11)
      at recursivelyTraversePassiveMountEffects (node_modules/react-reconciler/cjs/react-reconciler.development.js:12934:11)
      at commitPassiveMountOnFiber (node_modules/react-reconciler/cjs/react-reconciler.development.js:12999:11)
      at recursivelyTraversePassiveMountEffects (node_modules/react-reconciler/cjs/react-reconciler.development.js:12934:11)
      at commitPassiveMountOnFiber (node_modules/react-reconciler/cjs/react-reconciler.development.js:12971:11)
      at recursivelyTraversePassiveMountEffects (node_modules/react-reconciler/cjs/react-reconciler.development.js:12934:11)
      at commitPassiveMountOnFiber (node_modules/react-reconciler/cjs/react-reconciler.development.js:13014:11)
      at flushPassiveEffects (node_modules/react-reconciler/cjs/react-reconciler.development.js:15982:9)
      at node_modules/react-reconciler/cjs/react-reconciler.development.js:15555:15
      at flushActQueue (node_modules/react/cjs/react.development.js:590:34)
      at node_modules/react/cjs/react.development.js:847:21

    console.warn
      [Worklets] Tried to modify key `value` of an object which has been already passed to a worklet. See
              https://docs.swmansion.com/react-native-reanimated/docs/guides/troubleshooting#tried-to-modify-key-of-an-object-which-has-been-converted-to-a-serializable
              for more details.

      at Object.warn (node_modules/react-native-worklets/src/debug/logger.ts:11:13)
      at Object.warn [as value] (node_modules/react-native-worklets/src/memory/serializable.native.ts:779:16)
      at node_modules/react-native-reanimated/src/hook/useAnimatedStyle.ts:607:30
      at Object.react_stack_bottom_frame (node_modules/react-reconciler/cjs/react-reconciler.development.js:17681:20)
      at runWithFiberInDEV (node_modules/react-reconciler/cjs/react-reconciler.development.js:2508:13)
      at commitHookEffectListMount (node_modules/react-reconciler/cjs/react-reconciler.development.js:10861:29)
      at commitHookPassiveMountEffects (node_modules/react-reconciler/cjs/react-reconciler.development.js:10948:11)
      at commitPassiveMountOnFiber (node_modules/react-reconciler/cjs/react-reconciler.development.js:12979:13)
      at recursivelyTraversePassiveMountEffects (node_modules/react-reconciler/cjs/react-reconciler.development.js:12934:11)
      at commitPassiveMountOnFiber (node_modules/react-reconciler/cjs/react-reconciler.development.js:13213:11)
      at recursivelyTraversePassiveMountEffects (node_modules/react-reconciler/cjs/react-reconciler.development.js:12934:11)
      at commitPassiveMountOnFiber (node_modules/react-reconciler/cjs/react-reconciler.development.js:12999:11)
      at recursivelyTraversePassiveMountEffects (node_modules/react-reconciler/cjs/react-reconciler.development.js:12934:11)
      at commitPassiveMountOnFiber (node_modules/react-reconciler/cjs/react-reconciler.development.js:12999:11)
      at recursivelyTraversePassiveMountEffects (node_modules/react-reconciler/cjs/react-reconciler.development.js:12934:11)
      at commitPassiveMountOnFiber (node_modules/react-reconciler/cjs/react-reconciler.development.js:13213:11)
      at recursivelyTraversePassiveMountEffects (node_modules/react-reconciler/cjs/react-reconciler.development.js:12934:11)
      at commitPassiveMountOnFiber (node_modules/react-reconciler/cjs/react-reconciler.development.js:12999:11)
      at recursivelyTraversePassiveMountEffects (node_modules/react-reconciler/cjs/react-reconciler.development.js:12934:11)
      at commitPassiveMountOnFiber (node_modules/react-reconciler/cjs/react-reconciler.development.js:12999:11)
      at recursivelyTraversePassiveMountEffects (node_modules/react-reconciler/cjs/react-reconciler.development.js:12934:11)
      at commitPassiveMountOnFiber (node_modules/react-reconciler/cjs/react-reconciler.development.js:13213:11)
      at recursivelyTraversePassiveMountEffects (node_modules/react-reconciler/cjs/react-reconciler.development.js:12934:11)
      at commitPassiveMountOnFiber (node_modules/react-reconciler/cjs/react-reconciler.development.js:12999:11)
      at recursivelyTraversePassiveMountEffects (node_modules/react-reconciler/cjs/react-reconciler.development.js:12934:11)
      at commitPassiveMountOnFiber (node_modules/react-reconciler/cjs/react-reconciler.development.js:13213:11)
      at recursivelyTraversePassiveMountEffects (node_modules/react-reconciler/cjs/react-reconciler.development.js:12934:11)
      at commitPassiveMountOnFiber (node_modules/react-reconciler/cjs/react-reconciler.development.js:12999:11)
      at recursivelyTraversePassiveMountEffects (node_modules/react-reconciler/cjs/react-reconciler.development.js:12934:11)
      at commitPassiveMountOnFiber (node_modules/react-reconciler/cjs/react-reconciler.development.js:12971:11)
      at recursivelyTraversePassiveMountEffects (node_modules/react-reconciler/cjs/react-reconciler.development.js:12934:11)
      at commitPassiveMountOnFiber (node_modules/react-reconciler/cjs/react-reconciler.development.js:13014:11)
      at flushPassiveEffects (node_modules/react-reconciler/cjs/react-reconciler.development.js:15982:9)
      at node_modules/react-reconciler/cjs/react-reconciler.development.js:15555:15
      at flushActQueue (node_modules/react/cjs/react.development.js:590:34)
      at node_modules/react/cjs/react.development.js:847:21

    console.warn
      [Worklets] Tried to modify key `value` of an object which has been already passed to a worklet. See
              https://docs.swmansion.com/react-native-reanimated/docs/guides/troubleshooting#tried-to-modify-key-of-an-object-which-has-been-converted-to-a-serializable
              for more details.

      at Object.warn (node_modules/react-native-worklets/src/debug/logger.ts:11:13)
      at Object.warn [as value] (node_modules/react-native-worklets/src/memory/serializable.native.ts:779:16)
      at cancelAnimationWeb (node_modules/react-native-reanimated/src/animation/util.ts:597:20)
      at node_modules/react-native-reanimated/src/hook/useSharedValue.ts:23:22
      at Object.react_stack_bottom_frame (node_modules/react-reconciler/cjs/react-reconciler.development.js:17693:13)
      at runWithFiberInDEV (node_modules/react-reconciler/cjs/react-reconciler.development.js:2508:13)
      at commitHookEffectListUnmount (node_modules/react-reconciler/cjs/react-reconciler.development.js:10928:17)
      at commitHookPassiveUnmountEffects (node_modules/react-reconciler/cjs/react-reconciler.development.js:10959:11)
      at commitPassiveUnmountEffectsInsideOfDeletedTree_begin (node_modules/react-reconciler/cjs/react-reconciler.development.js:13779:13)
      at recursivelyTraversePassiveUnmountEffects (node_modules/react-reconciler/cjs/react-reconciler.development.js:13600:13)
      at commitPassiveUnmountOnFiber (node_modules/react-reconciler/cjs/react-reconciler.development.js:13642:11)
      at flushPassiveEffects (node_modules/react-reconciler/cjs/react-reconciler.development.js:15978:9)
      at node_modules/react-reconciler/cjs/react-reconciler.development.js:15555:15
      at flushActQueue (node_modules/react/cjs/react.development.js:590:34)
      at node_modules/react/cjs/react.development.js:847:21

    console.warn
      [Worklets] Tried to modify key `value` of an object which has been already passed to a worklet. See
              https://docs.swmansion.com/react-native-reanimated/docs/guides/troubleshooting#tried-to-modify-key-of-an-object-which-has-been-converted-to-a-serializable
              for more details.

      at Object.warn (node_modules/react-native-worklets/src/debug/logger.ts:11:13)
      at Object.warn [as value] (node_modules/react-native-worklets/src/memory/serializable.native.ts:779:16)
      at cancelAnimationWeb (node_modules/react-native-reanimated/src/animation/util.ts:597:20)
      at node_modules/react-native-reanimated/src/hook/useSharedValue.ts:23:22
      at Object.react_stack_bottom_frame (node_modules/react-reconciler/cjs/react-reconciler.development.js:17693:13)
      at runWithFiberInDEV (node_modules/react-reconciler/cjs/react-reconciler.development.js:2508:13)
      at commitHookEffectListUnmount (node_modules/react-reconciler/cjs/react-reconciler.development.js:10928:17)
      at commitHookPassiveUnmountEffects (node_modules/react-reconciler/cjs/react-reconciler.development.js:10959:11)
      at commitPassiveUnmountEffectsInsideOfDeletedTree_begin (node_modules/react-reconciler/cjs/react-reconciler.development.js:13779:13)
      at recursivelyTraversePassiveUnmountEffects (node_modules/react-reconciler/cjs/react-reconciler.development.js:13600:13)
      at commitPassiveUnmountOnFiber (node_modules/react-reconciler/cjs/react-reconciler.development.js:13642:11)
      at flushPassiveEffects (node_modules/react-reconciler/cjs/react-reconciler.development.js:15978:9)
      at node_modules/react-reconciler/cjs/react-reconciler.development.js:15555:15
      at flushActQueue (node_modules/react/cjs/react.development.js:590:34)
      at node_modules/react/cjs/react.development.js:847:21

    console.warn
      [Worklets] Tried to modify key `value` of an object which has been already passed to a worklet. See
              https://docs.swmansion.com/react-native-reanimated/docs/guides/troubleshooting#tried-to-modify-key-of-an-object-which-has-been-converted-to-a-serializable
              for more details.

      at Object.warn (node_modules/react-native-worklets/src/debug/logger.ts:11:13)
      at Object.warn [as value] (node_modules/react-native-worklets/src/memory/serializable.native.ts:779:16)
      at node_modules/react-native-reanimated/src/hook/useAnimatedStyle.ts:609:32
      at Object.react_stack_bottom_frame (node_modules/react-reconciler/cjs/react-reconciler.development.js:17693:13)
      at runWithFiberInDEV (node_modules/react-reconciler/cjs/react-reconciler.development.js:2508:13)
      at commitHookEffectListUnmount (node_modules/react-reconciler/cjs/react-reconciler.development.js:10928:17)
      at commitHookPassiveUnmountEffects (node_modules/react-reconciler/cjs/react-reconciler.development.js:10959:11)
      at commitPassiveUnmountEffectsInsideOfDeletedTree_begin (node_modules/react-reconciler/cjs/react-reconciler.development.js:13779:13)
      at recursivelyTraversePassiveUnmountEffects (node_modules/react-reconciler/cjs/react-reconciler.development.js:13600:13)
      at commitPassiveUnmountOnFiber (node_modules/react-reconciler/cjs/react-reconciler.development.js:13642:11)
      at flushPassiveEffects (node_modules/react-reconciler/cjs/react-reconciler.development.js:15978:9)
      at node_modules/react-reconciler/cjs/react-reconciler.development.js:15555:15
      at flushActQueue (node_modules/react/cjs/react.development.js:590:34)
      at node_modules/react/cjs/react.development.js:847:21

    console.warn
      [Worklets] Tried to modify key `value` of an object which has been already passed to a worklet. See
              https://docs.swmansion.com/react-native-reanimated/docs/guides/troubleshooting#tried-to-modify-key-of-an-object-which-has-been-converted-to-a-serializable
              for more details.

      at Object.warn (node_modules/react-native-worklets/src/debug/logger.ts:11:13)
      at Object.warn [as value] (node_modules/react-native-worklets/src/memory/serializable.native.ts:779:16)
      at cancelAnimationWeb (node_modules/react-native-reanimated/src/animation/util.ts:597:20)
      at node_modules/react-native-reanimated/src/hook/useSharedValue.ts:23:22
      at Object.react_stack_bottom_frame (node_modules/react-reconciler/cjs/react-reconciler.development.js:17693:13)
      at runWithFiberInDEV (node_modules/react-reconciler/cjs/react-reconciler.development.js:2508:13)
      at commitHookEffectListUnmount (node_modules/react-reconciler/cjs/react-reconciler.development.js:10928:17)
      at commitHookPassiveUnmountEffects (node_modules/react-reconciler/cjs/react-reconciler.development.js:10959:11)
      at commitPassiveUnmountEffectsInsideOfDeletedTree_begin (node_modules/react-reconciler/cjs/react-reconciler.development.js:13779:13)
      at recursivelyTraversePassiveUnmountEffects (node_modules/react-reconciler/cjs/react-reconciler.development.js:13600:13)
      at commitPassiveUnmountOnFiber (node_modules/react-reconciler/cjs/react-reconciler.development.js:13642:11)
      at flushPassiveEffects (node_modules/react-reconciler/cjs/react-reconciler.development.js:15978:9)
      at node_modules/react-reconciler/cjs/react-reconciler.development.js:15555:15
      at flushActQueue (node_modules/react/cjs/react.development.js:590:34)
      at node_modules/react/cjs/react.development.js:847:21

    console.warn
      [Worklets] Tried to modify key `value` of an object which has been already passed to a worklet. See
              https://docs.swmansion.com/react-native-reanimated/docs/guides/troubleshooting#tried-to-modify-key-of-an-object-which-has-been-converted-to-a-serializable
              for more details.

      at Object.warn (node_modules/react-native-worklets/src/debug/logger.ts:11:13)
      at Object.warn [as value] (node_modules/react-native-worklets/src/memory/serializable.native.ts:779:16)
      at cancelAnimationWeb (node_modules/react-native-reanimated/src/animation/util.ts:597:20)
      at node_modules/react-native-reanimated/src/hook/useSharedValue.ts:23:22
      at Object.react_stack_bottom_frame (node_modules/react-reconciler/cjs/react-reconciler.development.js:17693:13)
      at runWithFiberInDEV (node_modules/react-reconciler/cjs/react-reconciler.development.js:2508:13)
      at commitHookEffectListUnmount (node_modules/react-reconciler/cjs/react-reconciler.development.js:10928:17)
      at commitHookPassiveUnmountEffects (node_modules/react-reconciler/cjs/react-reconciler.development.js:10959:11)
      at commitPassiveUnmountEffectsInsideOfDeletedTree_begin (node_modules/react-reconciler/cjs/react-reconciler.development.js:13779:13)
      at recursivelyTraversePassiveUnmountEffects (node_modules/react-reconciler/cjs/react-reconciler.development.js:13600:13)
      at commitPassiveUnmountOnFiber (node_modules/react-reconciler/cjs/react-reconciler.development.js:13642:11)
      at flushPassiveEffects (node_modules/react-reconciler/cjs/react-reconciler.development.js:15978:9)
      at node_modules/react-reconciler/cjs/react-reconciler.development.js:15555:15
      at flushActQueue (node_modules/react/cjs/react.development.js:590:34)
      at node_modules/react/cjs/react.development.js:847:21

    console.warn
      [Worklets] Tried to modify key `value` of an object which has been already passed to a worklet. See
              https://docs.swmansion.com/react-native-reanimated/docs/guides/troubleshooting#tried-to-modify-key-of-an-object-which-has-been-converted-to-a-serializable
              for more details.

      at Object.warn (node_modules/react-native-worklets/src/debug/logger.ts:11:13)
      at Object.warn [as value] (node_modules/react-native-worklets/src/memory/serializable.native.ts:779:16)
      at node_modules/react-native-reanimated/src/hook/useAnimatedStyle.ts:609:32
      at Object.react_stack_bottom_frame (node_modules/react-reconciler/cjs/react-reconciler.development.js:17693:13)
      at runWithFiberInDEV (node_modules/react-reconciler/cjs/react-reconciler.development.js:2508:13)
      at commitHookEffectListUnmount (node_modules/react-reconciler/cjs/react-reconciler.development.js:10928:17)
      at commitHookPassiveUnmountEffects (node_modules/react-reconciler/cjs/react-reconciler.development.js:10959:11)
      at commitPassiveUnmountEffectsInsideOfDeletedTree_begin (node_modules/react-reconciler/cjs/react-reconciler.development.js:13779:13)
      at recursivelyTraversePassiveUnmountEffects (node_modules/react-reconciler/cjs/react-reconciler.development.js:13600:13)
      at commitPassiveUnmountOnFiber (node_modules/react-reconciler/cjs/react-reconciler.development.js:13642:11)
      at flushPassiveEffects (node_modules/react-reconciler/cjs/react-reconciler.development.js:15978:9)
      at node_modules/react-reconciler/cjs/react-reconciler.development.js:15555:15
      at flushActQueue (node_modules/react/cjs/react.development.js:590:34)
      at node_modules/react/cjs/react.development.js:847:21

    console.warn
      [Worklets] Tried to modify key `value` of an object which has been already passed to a worklet. See
              https://docs.swmansion.com/react-native-reanimated/docs/guides/troubleshooting#tried-to-modify-key-of-an-object-which-has-been-converted-to-a-serializable
              for more details.

      at Object.warn (node_modules/react-native-worklets/src/debug/logger.ts:11:13)
      at Object.warn [as value] (node_modules/react-native-worklets/src/memory/serializable.native.ts:779:16)
      at cancelAnimationWeb (node_modules/react-native-reanimated/src/animation/util.ts:597:20)
      at node_modules/react-native-reanimated/src/hook/useSharedValue.ts:23:22
      at Object.react_stack_bottom_frame (node_modules/react-reconciler/cjs/react-reconciler.development.js:17693:13)
      at runWithFiberInDEV (node_modules/react-reconciler/cjs/react-reconciler.development.js:2508:13)
      at commitHookEffectListUnmount (node_modules/react-reconciler/cjs/react-reconciler.development.js:10928:17)
      at commitHookPassiveUnmountEffects (node_modules/react-reconciler/cjs/react-reconciler.development.js:10959:11)
      at commitPassiveUnmountEffectsInsideOfDeletedTree_begin (node_modules/react-reconciler/cjs/react-reconciler.development.js:13779:13)
      at recursivelyTraversePassiveUnmountEffects (node_modules/react-reconciler/cjs/react-reconciler.development.js:13600:13)
      at commitPassiveUnmountOnFiber (node_modules/react-reconciler/cjs/react-reconciler.development.js:13642:11)
      at flushPassiveEffects (node_modules/react-reconciler/cjs/react-reconciler.development.js:15978:9)
      at node_modules/react-reconciler/cjs/react-reconciler.development.js:15555:15
      at flushActQueue (node_modules/react/cjs/react.development.js:590:34)
      at node_modules/react/cjs/react.development.js:847:21

    console.warn
      [Worklets] Tried to modify key `value` of an object which has been already passed to a worklet. See
              https://docs.swmansion.com/react-native-reanimated/docs/guides/troubleshooting#tried-to-modify-key-of-an-object-which-has-been-converted-to-a-serializable
              for more details.

      at Object.warn (node_modules/react-native-worklets/src/debug/logger.ts:11:13)
      at Object.warn [as value] (node_modules/react-native-worklets/src/memory/serializable.native.ts:779:16)
      at cancelAnimationWeb (node_modules/react-native-reanimated/src/animation/util.ts:597:20)
      at node_modules/react-native-reanimated/src/hook/useSharedValue.ts:23:22
      at Object.react_stack_bottom_frame (node_modules/react-reconciler/cjs/react-reconciler.development.js:17693:13)
      at runWithFiberInDEV (node_modules/react-reconciler/cjs/react-reconciler.development.js:2508:13)
      at commitHookEffectListUnmount (node_modules/react-reconciler/cjs/react-reconciler.development.js:10928:17)
      at commitHookPassiveUnmountEffects (node_modules/react-reconciler/cjs/react-reconciler.development.js:10959:11)
      at commitPassiveUnmountEffectsInsideOfDeletedTree_begin (node_modules/react-reconciler/cjs/react-reconciler.development.js:13779:13)
      at recursivelyTraversePassiveUnmountEffects (node_modules/react-reconciler/cjs/react-reconciler.development.js:13600:13)
      at commitPassiveUnmountOnFiber (node_modules/react-reconciler/cjs/react-reconciler.development.js:13642:11)
      at flushPassiveEffects (node_modules/react-reconciler/cjs/react-reconciler.development.js:15978:9)
      at node_modules/react-reconciler/cjs/react-reconciler.development.js:15555:15
      at flushActQueue (node_modules/react/cjs/react.development.js:590:34)
      at node_modules/react/cjs/react.development.js:847:21

    console.warn
      [Worklets] Tried to modify key `value` of an object which has been already passed to a worklet. See
              https://docs.swmansion.com/react-native-reanimated/docs/guides/troubleshooting#tried-to-modify-key-of-an-object-which-has-been-converted-to-a-serializable
              for more details.

      at Object.warn (node_modules/react-native-worklets/src/debug/logger.ts:11:13)
      at Object.warn [as value] (node_modules/react-native-worklets/src/memory/serializable.native.ts:779:16)
      at node_modules/react-native-reanimated/src/hook/useAnimatedStyle.ts:609:32
      at Object.react_stack_bottom_frame (node_modules/react-reconciler/cjs/react-reconciler.development.js:17693:13)
      at runWithFiberInDEV (node_modules/react-reconciler/cjs/react-reconciler.development.js:2508:13)
      at commitHookEffectListUnmount (node_modules/react-reconciler/cjs/react-reconciler.development.js:10928:17)
      at commitHookPassiveUnmountEffects (node_modules/react-reconciler/cjs/react-reconciler.development.js:10959:11)
      at commitPassiveUnmountEffectsInsideOfDeletedTree_begin (node_modules/react-reconciler/cjs/react-reconciler.development.js:13779:13)
      at recursivelyTraversePassiveUnmountEffects (node_modules/react-reconciler/cjs/react-reconciler.development.js:13600:13)
      at commitPassiveUnmountOnFiber (node_modules/react-reconciler/cjs/react-reconciler.development.js:13642:11)
      at flushPassiveEffects (node_modules/react-reconciler/cjs/react-reconciler.development.js:15978:9)
      at node_modules/react-reconciler/cjs/react-reconciler.development.js:15555:15
      at flushActQueue (node_modules/react/cjs/react.development.js:590:34)
      at node_modules/react/cjs/react.development.js:847:21

PASS src/utils/__tests__/currency.test.ts
PASS src/services/__tests__/refreshQueue.test.ts
PASS src/utils/__tests__/date.bucketDateLocal.test.ts
PASS src/components/coach/ai-budget/__tests__/AIBudgetBanner.test.tsx
PASS src/screens/auth/__tests__/AuthCallbackScreen.test.ts
PASS src/components/community/__tests__/voiceFormat.test.ts
PASS src/__tests__/bloodworkFeatureFlag.test.ts
PASS src/components/roman/__tests__/RomanAvatar.test.tsx
PASS src/screens/client/progress/__tests__/detectPersonalRecord.test.ts
PASS src/screens/auth/__tests__/RoleSelectionScreen.test.ts
PASS src/screens/client/__tests__/EducationScreen.test.ts
PASS src/utils/__tests__/safeExternalEventUrl.test.ts
PASS src/hooks/__tests__/useDebouncedValue.test.ts
PASS src/screens/client/__tests__/CoachGuidelinesScreen.test.ts
PASS src/components/community/__tests__/VoiceNoteWaveform.test.tsx
PASS src/__tests__/RiskDot.test.tsx
PASS src/hooks/__tests__/useNetworkStatus.test.ts
PASS src/utils/__tests__/packageShare.test.ts
PASS src/utils/__tests__/aiGuideRemoval.test.ts
PASS src/config/__tests__/declaredDependencies.test.ts (9.616 s)
PASS src/navigation/__tests__/linkingConfig.test.ts
  ● Console

    console.warn
      Deep imports from the 'react-native' package are deprecated ('react-native/Libraries/Components/TextInput/TextInputState'). Source: /Users/wooj/stripe/stripe-react-native/src/helpers.ts 6:0

    [0m [90m 61 |[39m [36mtry[39m {
     [90m 62 |[39m   [90m// eslint-disable-next-line @typescript-eslint/no-var-requires[39m
    [31m[1m>[22m[39m[90m 63 |[39m   [36mconst[39m stripeModule [33m=[39m require([32m'@stripe/stripe-react-native'[39m)[33m;[39m
     [90m    |[39m                        [31m[1m^[22m[39m
     [90m 64 |[39m   stripeHookFactory [33m=[39m stripeModule[33m.[39museStripe [33m?[39m[33m?[39m [36mnull[39m[33m;[39m
     [90m 65 |[39m } [36mcatch[39m {
     [90m 66 |[39m   [90m// Native module missing — handled at handleSelectPlan time with a user-safe[39m[0m

      at Object.<anonymous> (node_modules/@stripe/stripe-react-native/src/helpers.ts:6:1)
      at Object._interopRequireDefault (node_modules/@stripe/stripe-react-native/src/functions.ts:3:1)
      at Object.<anonymous> (node_modules/@stripe/stripe-react-native/src/hooks/useStripe.tsx:72:43)
      at Object._useState2 (node_modules/@stripe/stripe-react-native/src/hooks/useConfirmPayment.tsx:9:48)
      at Object.<anonymous> (node_modules/@stripe/stripe-react-native/src/index.tsx:3:1)
      at Object.require (src/components/PackageSelectionSheet.tsx:63:24)
      at Object.require (src/navigation/RootNavigator.tsx:38:1)
      at Object.require (src/navigation/__tests__/linkingConfig.test.ts:32:1)

PASS src/screens/coach/__tests__/ImportDataScreen.test.tsx
  ● Console

    console.error
      An update to ImportDataScreen inside a test was not wrapped in act(...).
      
      When testing, code that causes React state updates should be wrapped into act(...):
      
      act(() => {
        /* fire events that update state */
      });
      /* assert on the output */
      
      This ensures that you're testing the behavior the user would see in the browser. Learn more at https://react.dev/link/wrap-tests-with-act

    [0m [90m  96 |[39m       [36mawait[39m [33mLinking[39m[33m.[39mopenURL(safe)[33m;[39m
     [90m  97 |[39m       track([33mAnalyticsEvents[39m[33m.[39m[33mIMPORT_LOGIN_OPENED[39m[33m,[39m { platform[33m:[39m platformId })[33m;[39m
    [31m[1m>[22m[39m[90m  98 |[39m       setState({ phase[33m:[39m [32m'awaitingExtension'[39m[33m,[39m platformId })[33m;[39m
     [90m     |[39m       [31m[1m^[22m[39m
     [90m  99 |[39m     } [36mcatch[39m {
     [90m 100 |[39m       track([33mAnalyticsEvents[39m[33m.[39m[33mIMPORT_LOGIN_OPEN_FAILED[39m[33m,[39m { platform[33m:[39m platformId[33m,[39m reason[33m:[39m [32m'open_failed'[39m })[33m;[39m
     [90m 101 |[39m       setState({ phase[33m:[39m [32m'failed'[39m[33m,[39m message[33m:[39m [32m"We couldn't open that site in your browser. Please try again."[39m })[33m;[39m[0m

      at node_modules/react-reconciler/cjs/react-reconciler.development.js:16307:19
      at runWithFiberInDEV (node_modules/react-reconciler/cjs/react-reconciler.development.js:2508:13)
      at warnIfUpdatesNotWrappedWithActDEV (node_modules/react-reconciler/cjs/react-reconciler.development.js:16306:9)
      at scheduleUpdateOnFiber (node_modules/react-reconciler/cjs/react-reconciler.development.js:14070:11)
      at dispatchSetStateInternal (node_modules/react-reconciler/cjs/react-reconciler.development.js:6784:13)
      at dispatchSetState (node_modules/react-reconciler/cjs/react-reconciler.development.js:6741:7)
      at setState (src/screens/coach/ImportDataScreen.tsx:98:7)
      at asyncGeneratorStep (node_modules/@babel/runtime/helpers/asyncToGenerator.js:3:17)
      at _next (node_modules/@babel/runtime/helpers/asyncToGenerator.js:17:9)

PASS src/config/__tests__/featureFlagsReleaseInlining.test.ts
PASS src/navigation/__tests__/imessageDmRoutes.test.tsx
PASS src/storage/__tests__/importPairingMirror.test.ts
PASS src/screens/coach/ed/__tests__/FirstPaymentWowHost.test.tsx
  ● Console

    console.warn
      [Worklets] Couldn't determine the version of the native part of Worklets.
          See `https://docs.swmansion.com/react-native-worklets/docs/guides/troubleshooting#couldnt-determine-the-version-of-the-native-part-of-worklets` for more details.

    [0m [90m 30 |[39m [36mimport[39m [33mReact[39m [36mfrom[39m [32m'react'[39m[33m;[39m
     [90m 31 |[39m [36mimport[39m { [33mStyleSheet[39m[33m,[39m [33mText[39m[33m,[39m [33mView[39m } [36mfrom[39m [32m'react-native'[39m[33m;[39m
    [31m[1m>[22m[39m[90m 32 |[39m [36mimport[39m [33mAnimated[39m[33m,[39m {
     [90m    |[39m [31m[1m^[22m[39m
     [90m 33 |[39m   useAnimatedStyle[33m,[39m
     [90m 34 |[39m   useSharedValue[33m,[39m
     [90m 35 |[39m   withSequence[33m,[39m[0m

      at Object.warn (node_modules/react-native-worklets/src/debug/logger.ts:11:13)
      at warn (node_modules/react-native-worklets/src/debug/checkCppVersion.ts:10:12)
      at new NativeWorklets (node_modules/react-native-worklets/src/WorkletsModule/NativeWorklets.native.ts:43:22)
      at Object.<anonymous> (node_modules/react-native-worklets/src/WorkletsModule/NativeWorklets.native.ts:327:48)
      at Object.require (node_modules/react-native-worklets/src/featureFlags/featureFlags.native.ts:3:1)
      at Object.require (node_modules/react-native-worklets/src/initializers/initializers.native.ts:12:1)
      at Object.require (node_modules/react-native-worklets/src/index.ts:3:1)
      at Object.require (node_modules/react-native-reanimated/src/initializers.ts:2:1)
      at Object.require (node_modules/react-native-reanimated/src/index.ts:5:1)
      at Object.require (src/screens/coach/ed/FirstPaymentWowScreen.tsx:32:1)
      at Object.require (src/screens/coach/ed/__tests__/FirstPaymentWowHost.test.tsx:24:1)

    console.warn
      [Worklets] Tried to modify key `value` of an object which has been already passed to a worklet. See
              https://docs.swmansion.com/react-native-reanimated/docs/guides/troubleshooting#tried-to-modify-key-of-an-object-which-has-been-converted-to-a-serializable
              for more details.

      at Object.warn (node_modules/react-native-worklets/src/debug/logger.ts:11:13)
      at Object.warn [as value] (node_modules/react-native-worklets/src/memory/serializable.native.ts:779:16)
      at node_modules/react-native-reanimated/src/hook/useAnimatedStyle.ts:607:30
      at Object.react_stack_bottom_frame (node_modules/react-reconciler/cjs/react-reconciler.development.js:17681:20)
      at runWithFiberInDEV (node_modules/react-reconciler/cjs/react-reconciler.development.js:2508:13)
      at commitHookEffectListMount (node_modules/react-reconciler/cjs/react-reconciler.development.js:10861:29)
      at commitHookPassiveMountEffects (node_modules/react-reconciler/cjs/react-reconciler.development.js:10948:11)
      at commitPassiveMountOnFiber (node_modules/react-reconciler/cjs/react-reconciler.development.js:12979:13)
      at recursivelyTraversePassiveMountEffects (node_modules/react-reconciler/cjs/react-reconciler.development.js:12934:11)
      at commitPassiveMountOnFiber (node_modules/react-reconciler/cjs/react-reconciler.development.js:13213:11)
      at recursivelyTraversePassiveMountEffects (node_modules/react-reconciler/cjs/react-reconciler.development.js:12934:11)
      at commitPassiveMountOnFiber (node_modules/react-reconciler/cjs/react-reconciler.development.js:12999:11)
      at recursivelyTraversePassiveMountEffects (node_modules/react-reconciler/cjs/react-reconciler.development.js:12934:11)
      at commitPassiveMountOnFiber (node_modules/react-reconciler/cjs/react-reconciler.development.js:12971:11)
      at recursivelyTraversePassiveMountEffects (node_modules/react-reconciler/cjs/react-reconciler.development.js:12934:11)
      at commitPassiveMountOnFiber (node_modules/react-reconciler/cjs/react-reconciler.development.js:13014:11)
      at flushPassiveEffects (node_modules/react-reconciler/cjs/react-reconciler.development.js:15982:9)
      at node_modules/react-reconciler/cjs/react-reconciler.development.js:15555:15
      at flushActQueue (node_modules/react/cjs/react.development.js:590:34)
      at node_modules/react/cjs/react.development.js:847:21

    console.warn
      [Worklets] Tried to modify key `value` of an object which has been already passed to a worklet. See
              https://docs.swmansion.com/react-native-reanimated/docs/guides/troubleshooting#tried-to-modify-key-of-an-object-which-has-been-converted-to-a-serializable
              for more details.

      at Object.warn (node_modules/react-native-worklets/src/debug/logger.ts:11:13)
      at Object.warn [as value] (node_modules/react-native-worklets/src/memory/serializable.native.ts:779:16)
      at cancelAnimationWeb (node_modules/react-native-reanimated/src/animation/util.ts:597:20)
      at node_modules/react-native-reanimated/src/hook/useSharedValue.ts:23:22
      at Object.react_stack_bottom_frame (node_modules/react-reconciler/cjs/react-reconciler.development.js:17693:13)
      at runWithFiberInDEV (node_modules/react-reconciler/cjs/react-reconciler.development.js:2508:13)
      at commitHookEffectListUnmount (node_modules/react-reconciler/cjs/react-reconciler.development.js:10928:17)
      at commitHookPassiveUnmountEffects (node_modules/react-reconciler/cjs/react-reconciler.development.js:10959:11)
      at commitPassiveUnmountEffectsInsideOfDeletedTree_begin (node_modules/react-reconciler/cjs/react-reconciler.development.js:13779:13)
      at recursivelyTraversePassiveUnmountEffects (node_modules/react-reconciler/cjs/react-reconciler.development.js:13600:13)
      at commitPassiveUnmountOnFiber (node_modules/react-reconciler/cjs/react-reconciler.development.js:13642:11)
      at flushPassiveEffects (node_modules/react-reconciler/cjs/react-reconciler.development.js:15978:9)
      at node_modules/react-reconciler/cjs/react-reconciler.development.js:15555:15
      at flushActQueue (node_modules/react/cjs/react.development.js:590:34)
      at node_modules/react/cjs/react.development.js:847:21

    console.warn
      [Worklets] Tried to modify key `value` of an object which has been already passed to a worklet. See
              https://docs.swmansion.com/react-native-reanimated/docs/guides/troubleshooting#tried-to-modify-key-of-an-object-which-has-been-converted-to-a-serializable
              for more details.

      at Object.warn (node_modules/react-native-worklets/src/debug/logger.ts:11:13)
      at Object.warn [as value] (node_modules/react-native-worklets/src/memory/serializable.native.ts:779:16)
      at cancelAnimationWeb (node_modules/react-native-reanimated/src/animation/util.ts:597:20)
      at node_modules/react-native-reanimated/src/hook/useSharedValue.ts:23:22
      at Object.react_stack_bottom_frame (node_modules/react-reconciler/cjs/react-reconciler.development.js:17693:13)
      at runWithFiberInDEV (node_modules/react-reconciler/cjs/react-reconciler.development.js:2508:13)
      at commitHookEffectListUnmount (node_modules/react-reconciler/cjs/react-reconciler.development.js:10928:17)
      at commitHookPassiveUnmountEffects (node_modules/react-reconciler/cjs/react-reconciler.development.js:10959:11)
      at commitPassiveUnmountEffectsInsideOfDeletedTree_begin (node_modules/react-reconciler/cjs/react-reconciler.development.js:13779:13)
      at recursivelyTraversePassiveUnmountEffects (node_modules/react-reconciler/cjs/react-reconciler.development.js:13600:13)
      at commitPassiveUnmountOnFiber (node_modules/react-reconciler/cjs/react-reconciler.development.js:13642:11)
      at flushPassiveEffects (node_modules/react-reconciler/cjs/react-reconciler.development.js:15978:9)
      at node_modules/react-reconciler/cjs/react-reconciler.development.js:15555:15
      at flushActQueue (node_modules/react/cjs/react.development.js:590:34)
      at node_modules/react/cjs/react.development.js:847:21

    console.warn
      [Worklets] Tried to modify key `value` of an object which has been already passed to a worklet. See
              https://docs.swmansion.com/react-native-reanimated/docs/guides/troubleshooting#tried-to-modify-key-of-an-object-which-has-been-converted-to-a-serializable
              for more details.

      at Object.warn (node_modules/react-native-worklets/src/debug/logger.ts:11:13)
      at Object.warn [as value] (node_modules/react-native-worklets/src/memory/serializable.native.ts:779:16)
      at node_modules/react-native-reanimated/src/hook/useAnimatedStyle.ts:609:32
      at Object.react_stack_bottom_frame (node_modules/react-reconciler/cjs/react-reconciler.development.js:17693:13)
      at runWithFiberInDEV (node_modules/react-reconciler/cjs/react-reconciler.development.js:2508:13)
      at commitHookEffectListUnmount (node_modules/react-reconciler/cjs/react-reconciler.development.js:10928:17)
      at commitHookPassiveUnmountEffects (node_modules/react-reconciler/cjs/react-reconciler.development.js:10959:11)
      at commitPassiveUnmountEffectsInsideOfDeletedTree_begin (node_modules/react-reconciler/cjs/react-reconciler.development.js:13779:13)
      at recursivelyTraversePassiveUnmountEffects (node_modules/react-reconciler/cjs/react-reconciler.development.js:13600:13)
      at commitPassiveUnmountOnFiber (node_modules/react-reconciler/cjs/react-reconciler.development.js:13642:11)
      at flushPassiveEffects (node_modules/react-reconciler/cjs/react-reconciler.development.js:15978:9)
      at node_modules/react-reconciler/cjs/react-reconciler.development.js:15555:15
      at flushActQueue (node_modules/react/cjs/react.development.js:590:34)
      at node_modules/react/cjs/react.development.js:847:21

    console.warn
      [Worklets] Tried to modify key `value` of an object which has been already passed to a worklet. See
              https://docs.swmansion.com/react-native-reanimated/docs/guides/troubleshooting#tried-to-modify-key-of-an-object-which-has-been-converted-to-a-serializable
              for more details.

      at Object.warn (node_modules/react-native-worklets/src/debug/logger.ts:11:13)
      at Object.warn [as value] (node_modules/react-native-worklets/src/memory/serializable.native.ts:779:16)
      at node_modules/react-native-reanimated/src/hook/useAnimatedStyle.ts:607:30
      at Object.react_stack_bottom_frame (node_modules/react-reconciler/cjs/react-reconciler.development.js:17681:20)
      at runWithFiberInDEV (node_modules/react-reconciler/cjs/react-reconciler.development.js:2508:13)
      at commitHookEffectListMount (node_modules/react-reconciler/cjs/react-reconciler.development.js:10861:29)
      at commitHookPassiveMountEffects (node_modules/react-reconciler/cjs/react-reconciler.development.js:10948:11)
      at commitPassiveMountOnFiber (node_modules/react-reconciler/cjs/react-reconciler.development.js:12979:13)
      at recursivelyTraversePassiveMountEffects (node_modules/react-reconciler/cjs/react-reconciler.development.js:12934:11)
      at commitPassiveMountOnFiber (node_modules/react-reconciler/cjs/react-reconciler.development.js:13213:11)
      at recursivelyTraversePassiveMountEffects (node_modules/react-reconciler/cjs/react-reconciler.development.js:12934:11)
      at commitPassiveMountOnFiber (node_modules/react-reconciler/cjs/react-reconciler.development.js:12999:11)
      at recursivelyTraversePassiveMountEffects (node_modules/react-reconciler/cjs/react-reconciler.development.js:12934:11)
      at commitPassiveMountOnFiber (node_modules/react-reconciler/cjs/react-reconciler.development.js:12971:11)
      at recursivelyTraversePassiveMountEffects (node_modules/react-reconciler/cjs/react-reconciler.development.js:12934:11)
      at commitPassiveMountOnFiber (node_modules/react-reconciler/cjs/react-reconciler.development.js:13014:11)
      at flushPassiveEffects (node_modules/react-reconciler/cjs/react-reconciler.development.js:15982:9)
      at node_modules/react-reconciler/cjs/react-reconciler.development.js:15555:15
      at flushActQueue (node_modules/react/cjs/react.development.js:590:34)
      at node_modules/react/cjs/react.development.js:847:21

    console.warn
      [Worklets] Tried to modify key `value` of an object which has been already passed to a worklet. See
              https://docs.swmansion.com/react-native-reanimated/docs/guides/troubleshooting#tried-to-modify-key-of-an-object-which-has-been-converted-to-a-serializable
              for more details.

      at Object.warn (node_modules/react-native-worklets/src/debug/logger.ts:11:13)
      at Object.warn [as value] (node_modules/react-native-worklets/src/memory/serializable.native.ts:779:16)
      at cancelAnimationWeb (node_modules/react-native-reanimated/src/animation/util.ts:597:20)
      at node_modules/react-native-reanimated/src/hook/useSharedValue.ts:23:22
      at Object.react_stack_bottom_frame (node_modules/react-reconciler/cjs/react-reconciler.development.js:17693:13)
      at runWithFiberInDEV (node_modules/react-reconciler/cjs/react-reconciler.development.js:2508:13)
      at commitHookEffectListUnmount (node_modules/react-reconciler/cjs/react-reconciler.development.js:10928:17)
      at commitHookPassiveUnmountEffects (node_modules/react-reconciler/cjs/react-reconciler.development.js:10959:11)
      at commitPassiveUnmountEffectsInsideOfDeletedTree_begin (node_modules/react-reconciler/cjs/react-reconciler.development.js:13779:13)
      at recursivelyTraversePassiveUnmountEffects (node_modules/react-reconciler/cjs/react-reconciler.development.js:13600:13)
      at commitPassiveUnmountOnFiber (node_modules/react-reconciler/cjs/react-reconciler.development.js:13674:11)
      at recursivelyTraversePassiveUnmountEffects (node_modules/react-reconciler/cjs/react-reconciler.development.js:13620:11)
      at commitPassiveUnmountOnFiber (node_modules/react-reconciler/cjs/react-reconciler.development.js:13674:11)
      at recursivelyTraversePassiveUnmountEffects (node_modules/react-reconciler/cjs/react-reconciler.development.js:13620:11)
      at commitPassiveUnmountOnFiber (node_modules/react-reconciler/cjs/react-reconciler.development.js:13632:11)
      at recursivelyTraversePassiveUnmountEffects (node_modules/react-reconciler/cjs/react-reconciler.development.js:13620:11)
      at commitPassiveUnmountOnFiber (node_modules/react-reconciler/cjs/react-reconciler.development.js:13642:11)
      at flushPassiveEffects (node_modules/react-reconciler/cjs/react-reconciler.development.js:15978:9)
      at node_modules/react-reconciler/cjs/react-reconciler.development.js:15555:15
      at flushActQueue (node_modules/react/cjs/react.development.js:590:34)
      at node_modules/react/cjs/react.development.js:847:21

    console.warn
      [Worklets] Tried to modify key `value` of an object which has been already passed to a worklet. See
              https://docs.swmansion.com/react-native-reanimated/docs/guides/troubleshooting#tried-to-modify-key-of-an-object-which-has-been-converted-to-a-serializable
              for more details.

      at Object.warn (node_modules/react-native-worklets/src/debug/logger.ts:11:13)
      at Object.warn [as value] (node_modules/react-native-worklets/src/memory/serializable.native.ts:779:16)
      at cancelAnimationWeb (node_modules/react-native-reanimated/src/animation/util.ts:597:20)
      at node_modules/react-native-reanimated/src/hook/useSharedValue.ts:23:22
      at Object.react_stack_bottom_frame (node_modules/react-reconciler/cjs/react-reconciler.development.js:17693:13)
      at runWithFiberInDEV (node_modules/react-reconciler/cjs/react-reconciler.development.js:2508:13)
      at commitHookEffectListUnmount (node_modules/react-reconciler/cjs/react-reconciler.development.js:10928:17)
      at commitHookPassiveUnmountEffects (node_modules/react-reconciler/cjs/react-reconciler.development.js:10959:11)
      at commitPassiveUnmountEffectsInsideOfDeletedTree_begin (node_modules/react-reconciler/cjs/react-reconciler.development.js:13779:13)
      at recursivelyTraversePassiveUnmountEffects (node_modules/react-reconciler/cjs/react-reconciler.development.js:13600:13)
      at commitPassiveUnmountOnFiber (node_modules/react-reconciler/cjs/react-reconciler.development.js:13674:11)
      at recursivelyTraversePassiveUnmountEffects (node_modules/react-reconciler/cjs/react-reconciler.development.js:13620:11)
      at commitPassiveUnmountOnFiber (node_modules/react-reconciler/cjs/react-reconciler.development.js:13674:11)
      at recursivelyTraversePassiveUnmountEffects (node_modules/react-reconciler/cjs/react-reconciler.development.js:13620:11)
      at commitPassiveUnmountOnFiber (node_modules/react-reconciler/cjs/react-reconciler.development.js:13632:11)
      at recursivelyTraversePassiveUnmountEffects (node_modules/react-reconciler/cjs/react-reconciler.development.js:13620:11)
      at commitPassiveUnmountOnFiber (node_modules/react-reconciler/cjs/react-reconciler.development.js:13642:11)
      at flushPassiveEffects (node_modules/react-reconciler/cjs/react-reconciler.development.js:15978:9)
      at node_modules/react-reconciler/cjs/react-reconciler.development.js:15555:15
      at flushActQueue (node_modules/react/cjs/react.development.js:590:34)
      at node_modules/react/cjs/react.development.js:847:21

    console.warn
      [Worklets] Tried to modify key `value` of an object which has been already passed to a worklet. See
              https://docs.swmansion.com/react-native-reanimated/docs/guides/troubleshooting#tried-to-modify-key-of-an-object-which-has-been-converted-to-a-serializable
              for more details.

      at Object.warn (node_modules/react-native-worklets/src/debug/logger.ts:11:13)
      at Object.warn [as value] (node_modules/react-native-worklets/src/memory/serializable.native.ts:779:16)
      at node_modules/react-native-reanimated/src/hook/useAnimatedStyle.ts:609:32
      at Object.react_stack_bottom_frame (node_modules/react-reconciler/cjs/react-reconciler.development.js:17693:13)
      at runWithFiberInDEV (node_modules/react-reconciler/cjs/react-reconciler.development.js:2508:13)
      at commitHookEffectListUnmount (node_modules/react-reconciler/cjs/react-reconciler.development.js:10928:17)
      at commitHookPassiveUnmountEffects (node_modules/react-reconciler/cjs/react-reconciler.development.js:10959:11)
      at commitPassiveUnmountEffectsInsideOfDeletedTree_begin (node_modules/react-reconciler/cjs/react-reconciler.development.js:13779:13)
      at recursivelyTraversePassiveUnmountEffects (node_modules/react-reconciler/cjs/react-reconciler.development.js:13600:13)
      at commitPassiveUnmountOnFiber (node_modules/react-reconciler/cjs/react-reconciler.development.js:13674:11)
      at recursivelyTraversePassiveUnmountEffects (node_modules/react-reconciler/cjs/react-reconciler.development.js:13620:11)
      at commitPassiveUnmountOnFiber (node_modules/react-reconciler/cjs/react-reconciler.development.js:13674:11)
      at recursivelyTraversePassiveUnmountEffects (node_modules/react-reconciler/cjs/react-reconciler.development.js:13620:11)
      at commitPassiveUnmountOnFiber (node_modules/react-reconciler/cjs/react-reconciler.development.js:13632:11)
      at recursivelyTraversePassiveUnmountEffects (node_modules/react-reconciler/cjs/react-reconciler.development.js:13620:11)
      at commitPassiveUnmountOnFiber (node_modules/react-reconciler/cjs/react-reconciler.development.js:13642:11)
      at flushPassiveEffects (node_modules/react-reconciler/cjs/react-reconciler.development.js:15978:9)
      at node_modules/react-reconciler/cjs/react-reconciler.development.js:15555:15
      at flushActQueue (node_modules/react/cjs/react.development.js:590:34)
      at node_modules/react/cjs/react.development.js:847:21

    console.warn
      [Worklets] Tried to modify key `value` of an object which has been already passed to a worklet. See
              https://docs.swmansion.com/react-native-reanimated/docs/guides/troubleshooting#tried-to-modify-key-of-an-object-which-has-been-converted-to-a-serializable
              for more details.

      at Object.warn (node_modules/react-native-worklets/src/debug/logger.ts:11:13)
      at Object.warn [as value] (node_modules/react-native-worklets/src/memory/serializable.native.ts:779:16)
      at node_modules/react-native-reanimated/src/hook/useAnimatedStyle.ts:607:30
      at Object.react_stack_bottom_frame (node_modules/react-reconciler/cjs/react-reconciler.development.js:17681:20)
      at runWithFiberInDEV (node_modules/react-reconciler/cjs/react-reconciler.development.js:2508:13)
      at commitHookEffectListMount (node_modules/react-reconciler/cjs/react-reconciler.development.js:10861:29)
      at commitHookPassiveMountEffects (node_modules/react-reconciler/cjs/react-reconciler.development.js:10948:11)
      at commitPassiveMountOnFiber (node_modules/react-reconciler/cjs/react-reconciler.development.js:12979:13)
      at recursivelyTraversePassiveMountEffects (node_modules/react-reconciler/cjs/react-reconciler.development.js:12934:11)
      at commitPassiveMountOnFiber (node_modules/react-reconciler/cjs/react-reconciler.development.js:13213:11)
      at recursivelyTraversePassiveMountEffects (node_modules/react-reconciler/cjs/react-reconciler.development.js:12934:11)
      at commitPassiveMountOnFiber (node_modules/react-reconciler/cjs/react-reconciler.development.js:12999:11)
      at recursivelyTraversePassiveMountEffects (node_modules/react-reconciler/cjs/react-reconciler.development.js:12934:11)
      at commitPassiveMountOnFiber (node_modules/react-reconciler/cjs/react-reconciler.development.js:12971:11)
      at recursivelyTraversePassiveMountEffects (node_modules/react-reconciler/cjs/react-reconciler.development.js:12934:11)
      at commitPassiveMountOnFiber (node_modules/react-reconciler/cjs/react-reconciler.development.js:13014:11)
      at flushPassiveEffects (node_modules/react-reconciler/cjs/react-reconciler.development.js:15982:9)
      at node_modules/react-reconciler/cjs/react-reconciler.development.js:15555:15
      at flushActQueue (node_modules/react/cjs/react.development.js:590:34)
      at node_modules/react/cjs/react.development.js:847:21

    console.warn
      [Worklets] Tried to modify key `value` of an object which has been already passed to a worklet. See
              https://docs.swmansion.com/react-native-reanimated/docs/guides/troubleshooting#tried-to-modify-key-of-an-object-which-has-been-converted-to-a-serializable
              for more details.

      at Object.warn (node_modules/react-native-worklets/src/debug/logger.ts:11:13)
      at Object.warn [as value] (node_modules/react-native-worklets/src/memory/serializable.native.ts:779:16)
      at cancelAnimationWeb (node_modules/react-native-reanimated/src/animation/util.ts:597:20)
      at node_modules/react-native-reanimated/src/hook/useSharedValue.ts:23:22
      at Object.react_stack_bottom_frame (node_modules/react-reconciler/cjs/react-reconciler.development.js:17693:13)
      at runWithFiberInDEV (node_modules/react-reconciler/cjs/react-reconciler.development.js:2508:13)
      at commitHookEffectListUnmount (node_modules/react-reconciler/cjs/react-reconciler.development.js:10928:17)
      at commitHookPassiveUnmountEffects (node_modules/react-reconciler/cjs/react-reconciler.development.js:10959:11)
      at commitPassiveUnmountEffectsInsideOfDeletedTree_begin (node_modules/react-reconciler/cjs/react-reconciler.development.js:13779:13)
      at recursivelyTraversePassiveUnmountEffects (node_modules/react-reconciler/cjs/react-reconciler.development.js:13600:13)
      at commitPassiveUnmountOnFiber (node_modules/react-reconciler/cjs/react-reconciler.development.js:13674:11)
      at recursivelyTraversePassiveUnmountEffects (node_modules/react-reconciler/cjs/react-reconciler.development.js:13620:11)
      at commitPassiveUnmountOnFiber (node_modules/react-reconciler/cjs/react-reconciler.development.js:13674:11)
      at recursivelyTraversePassiveUnmountEffects (node_modules/react-reconciler/cjs/react-reconciler.development.js:13620:11)
      at commitPassiveUnmountOnFiber (node_modules/react-reconciler/cjs/react-reconciler.development.js:13632:11)
      at recursivelyTraversePassiveUnmountEffects (node_modules/react-reconciler/cjs/react-reconciler.development.js:13620:11)
      at commitPassiveUnmountOnFiber (node_modules/react-reconciler/cjs/react-reconciler.development.js:13642:11)
      at flushPassiveEffects (node_modules/react-reconciler/cjs/react-reconciler.development.js:15978:9)
      at node_modules/react-reconciler/cjs/react-reconciler.development.js:15555:15
      at flushActQueue (node_modules/react/cjs/react.development.js:590:34)
      at node_modules/react/cjs/react.development.js:847:21

    console.warn
      [Worklets] Tried to modify key `value` of an object which has been already passed to a worklet. See
              https://docs.swmansion.com/react-native-reanimated/docs/guides/troubleshooting#tried-to-modify-key-of-an-object-which-has-been-converted-to-a-serializable
              for more details.

      at Object.warn (node_modules/react-native-worklets/src/debug/logger.ts:11:13)
      at Object.warn [as value] (node_modules/react-native-worklets/src/memory/serializable.native.ts:779:16)
      at cancelAnimationWeb (node_modules/react-native-reanimated/src/animation/util.ts:597:20)
      at node_modules/react-native-reanimated/src/hook/useSharedValue.ts:23:22
      at Object.react_stack_bottom_frame (node_modules/react-reconciler/cjs/react-reconciler.development.js:17693:13)
      at runWithFiberInDEV (node_modules/react-reconciler/cjs/react-reconciler.development.js:2508:13)
      at commitHookEffectListUnmount (node_modules/react-reconciler/cjs/react-reconciler.development.js:10928:17)
      at commitHookPassiveUnmountEffects (node_modules/react-reconciler/cjs/react-reconciler.development.js:10959:11)
      at commitPassiveUnmountEffectsInsideOfDeletedTree_begin (node_modules/react-reconciler/cjs/react-reconciler.development.js:13779:13)
      at recursivelyTraversePassiveUnmountEffects (node_modules/react-reconciler/cjs/react-reconciler.development.js:13600:13)
      at commitPassiveUnmountOnFiber (node_modules/react-reconciler/cjs/react-reconciler.development.js:13674:11)
      at recursivelyTraversePassiveUnmountEffects (node_modules/react-reconciler/cjs/react-reconciler.development.js:13620:11)
      at commitPassiveUnmountOnFiber (node_modules/react-reconciler/cjs/react-reconciler.development.js:13674:11)
      at recursivelyTraversePassiveUnmountEffects (node_modules/react-reconciler/cjs/react-reconciler.development.js:13620:11)
      at commitPassiveUnmountOnFiber (node_modules/react-reconciler/cjs/react-reconciler.development.js:13632:11)
      at recursivelyTraversePassiveUnmountEffects (node_modules/react-reconciler/cjs/react-reconciler.development.js:13620:11)
      at commitPassiveUnmountOnFiber (node_modules/react-reconciler/cjs/react-reconciler.development.js:13642:11)
      at flushPassiveEffects (node_modules/react-reconciler/cjs/react-reconciler.development.js:15978:9)
      at node_modules/react-reconciler/cjs/react-reconciler.development.js:15555:15
      at flushActQueue (node_modules/react/cjs/react.development.js:590:34)
      at node_modules/react/cjs/react.development.js:847:21

    console.warn
      [Worklets] Tried to modify key `value` of an object which has been already passed to a worklet. See
              https://docs.swmansion.com/react-native-reanimated/docs/guides/troubleshooting#tried-to-modify-key-of-an-object-which-has-been-converted-to-a-serializable
              for more details.

      at Object.warn (node_modules/react-native-worklets/src/debug/logger.ts:11:13)
      at Object.warn [as value] (node_modules/react-native-worklets/src/memory/serializable.native.ts:779:16)
      at node_modules/react-native-reanimated/src/hook/useAnimatedStyle.ts:609:32
      at Object.react_stack_bottom_frame (node_modules/react-reconciler/cjs/react-reconciler.development.js:17693:13)
      at runWithFiberInDEV (node_modules/react-reconciler/cjs/react-reconciler.development.js:2508:13)
      at commitHookEffectListUnmount (node_modules/react-reconciler/cjs/react-reconciler.development.js:10928:17)
      at commitHookPassiveUnmountEffects (node_modules/react-reconciler/cjs/react-reconciler.development.js:10959:11)
      at commitPassiveUnmountEffectsInsideOfDeletedTree_begin (node_modules/react-reconciler/cjs/react-reconciler.development.js:13779:13)
      at recursivelyTraversePassiveUnmountEffects (node_modules/react-reconciler/cjs/react-reconciler.development.js:13600:13)
      at commitPassiveUnmountOnFiber (node_modules/react-reconciler/cjs/react-reconciler.development.js:13674:11)
      at recursivelyTraversePassiveUnmountEffects (node_modules/react-reconciler/cjs/react-reconciler.development.js:13620:11)
      at commitPassiveUnmountOnFiber (node_modules/react-reconciler/cjs/react-reconciler.development.js:13674:11)
      at recursivelyTraversePassiveUnmountEffects (node_modules/react-reconciler/cjs/react-reconciler.development.js:13620:11)
      at commitPassiveUnmountOnFiber (node_modules/react-reconciler/cjs/react-reconciler.development.js:13632:11)
      at recursivelyTraversePassiveUnmountEffects (node_modules/react-reconciler/cjs/react-reconciler.development.js:13620:11)
      at commitPassiveUnmountOnFiber (node_modules/react-reconciler/cjs/react-reconciler.development.js:13642:11)
      at flushPassiveEffects (node_modules/react-reconciler/cjs/react-reconciler.development.js:15978:9)
      at node_modules/react-reconciler/cjs/react-reconciler.development.js:15555:15
      at flushActQueue (node_modules/react/cjs/react.development.js:590:34)
      at node_modules/react/cjs/react.development.js:847:21

    console.warn
      [Worklets] Tried to modify key `value` of an object which has been already passed to a worklet. See
              https://docs.swmansion.com/react-native-reanimated/docs/guides/troubleshooting#tried-to-modify-key-of-an-object-which-has-been-converted-to-a-serializable
              for more details.

      at Object.warn (node_modules/react-native-worklets/src/debug/logger.ts:11:13)
      at Object.warn [as value] (node_modules/react-native-worklets/src/memory/serializable.native.ts:779:16)
      at node_modules/react-native-reanimated/src/hook/useAnimatedStyle.ts:607:30
      at Object.react_stack_bottom_frame (node_modules/react-reconciler/cjs/react-reconciler.development.js:17681:20)
      at runWithFiberInDEV (node_modules/react-reconciler/cjs/react-reconciler.development.js:2508:13)
      at commitHookEffectListMount (node_modules/react-reconciler/cjs/react-reconciler.development.js:10861:29)
      at commitHookPassiveMountEffects (node_modules/react-reconciler/cjs/react-reconciler.development.js:10948:11)
      at commitPassiveMountOnFiber (node_modules/react-reconciler/cjs/react-reconciler.development.js:12979:13)
      at recursivelyTraversePassiveMountEffects (node_modules/react-reconciler/cjs/react-reconciler.development.js:12934:11)
      at commitPassiveMountOnFiber (node_modules/react-reconciler/cjs/react-reconciler.development.js:13213:11)
      at recursivelyTraversePassiveMountEffects (node_modules/react-reconciler/cjs/react-reconciler.development.js:12934:11)
      at commitPassiveMountOnFiber (node_modules/react-reconciler/cjs/react-reconciler.development.js:12999:11)
      at recursivelyTraversePassiveMountEffects (node_modules/react-reconciler/cjs/react-reconciler.development.js:12934:11)
      at commitPassiveMountOnFiber (node_modules/react-reconciler/cjs/react-reconciler.development.js:12971:11)
      at recursivelyTraversePassiveMountEffects (node_modules/react-reconciler/cjs/react-reconciler.development.js:12934:11)
      at commitPassiveMountOnFiber (node_modules/react-reconciler/cjs/react-reconciler.development.js:13014:11)
      at flushPassiveEffects (node_modules/react-reconciler/cjs/react-reconciler.development.js:15982:9)
      at node_modules/react-reconciler/cjs/react-reconciler.development.js:15555:15
      at flushActQueue (node_modules/react/cjs/react.development.js:590:34)
      at node_modules/react/cjs/react.development.js:847:21

    console.warn
      [Worklets] Tried to modify key `value` of an object which has been already passed to a worklet. See
              https://docs.swmansion.com/react-native-reanimated/docs/guides/troubleshooting#tried-to-modify-key-of-an-object-which-has-been-converted-to-a-serializable
              for more details.

      at Object.warn (node_modules/react-native-worklets/src/debug/logger.ts:11:13)
      at Object.warn [as value] (node_modules/react-native-worklets/src/memory/serializable.native.ts:779:16)
      at cancelAnimationWeb (node_modules/react-native-reanimated/src/animation/util.ts:597:20)
      at node_modules/react-native-reanimated/src/hook/useSharedValue.ts:23:22
      at Object.react_stack_bottom_frame (node_modules/react-reconciler/cjs/react-reconciler.development.js:17693:13)
      at runWithFiberInDEV (node_modules/react-reconciler/cjs/react-reconciler.development.js:2508:13)
      at commitHookEffectListUnmount (node_modules/react-reconciler/cjs/react-reconciler.development.js:10928:17)
      at commitHookPassiveUnmountEffects (node_modules/react-reconciler/cjs/react-reconciler.development.js:10959:11)
      at commitPassiveUnmountEffectsInsideOfDeletedTree_begin (node_modules/react-reconciler/cjs/react-reconciler.development.js:13779:13)
      at recursivelyTraversePassiveUnmountEffects (node_modules/react-reconciler/cjs/react-reconciler.development.js:13600:13)
      at commitPassiveUnmountOnFiber (node_modules/react-reconciler/cjs/react-reconciler.development.js:13642:11)
      at flushPassiveEffects (node_modules/react-reconciler/cjs/react-reconciler.development.js:15978:9)
      at node_modules/react-reconciler/cjs/react-reconciler.development.js:15555:15
      at flushActQueue (node_modules/react/cjs/react.development.js:590:34)
      at node_modules/react/cjs/react.development.js:847:21

    console.warn
      [Worklets] Tried to modify key `value` of an object which has been already passed to a worklet. See
              https://docs.swmansion.com/react-native-reanimated/docs/guides/troubleshooting#tried-to-modify-key-of-an-object-which-has-been-converted-to-a-serializable
              for more details.

      at Object.warn (node_modules/react-native-worklets/src/debug/logger.ts:11:13)
      at Object.warn [as value] (node_modules/react-native-worklets/src/memory/serializable.native.ts:779:16)
      at cancelAnimationWeb (node_modules/react-native-reanimated/src/animation/util.ts:597:20)
      at node_modules/react-native-reanimated/src/hook/useSharedValue.ts:23:22
      at Object.react_stack_bottom_frame (node_modules/react-reconciler/cjs/react-reconciler.development.js:17693:13)
      at runWithFiberInDEV (node_modules/react-reconciler/cjs/react-reconciler.development.js:2508:13)
      at commitHookEffectListUnmount (node_modules/react-reconciler/cjs/react-reconciler.development.js:10928:17)
      at commitHookPassiveUnmountEffects (node_modules/react-reconciler/cjs/react-reconciler.development.js:10959:11)
      at commitPassiveUnmountEffectsInsideOfDeletedTree_begin (node_modules/react-reconciler/cjs/react-reconciler.development.js:13779:13)
      at recursivelyTraversePassiveUnmountEffects (node_modules/react-reconciler/cjs/react-reconciler.development.js:13600:13)
      at commitPassiveUnmountOnFiber (node_modules/react-reconciler/cjs/react-reconciler.development.js:13642:11)
      at flushPassiveEffects (node_modules/react-reconciler/cjs/react-reconciler.development.js:15978:9)
      at node_modules/react-reconciler/cjs/react-reconciler.development.js:15555:15
      at flushActQueue (node_modules/react/cjs/react.development.js:590:34)
      at node_modules/react/cjs/react.development.js:847:21

    console.warn
      [Worklets] Tried to modify key `value` of an object which has been already passed to a worklet. See
              https://docs.swmansion.com/react-native-reanimated/docs/guides/troubleshooting#tried-to-modify-key-of-an-object-which-has-been-converted-to-a-serializable
              for more details.

      at Object.warn (node_modules/react-native-worklets/src/debug/logger.ts:11:13)
      at Object.warn [as value] (node_modules/react-native-worklets/src/memory/serializable.native.ts:779:16)
      at node_modules/react-native-reanimated/src/hook/useAnimatedStyle.ts:609:32
      at Object.react_stack_bottom_frame (node_modules/react-reconciler/cjs/react-reconciler.development.js:17693:13)
      at runWithFiberInDEV (node_modules/react-reconciler/cjs/react-reconciler.development.js:2508:13)
      at commitHookEffectListUnmount (node_modules/react-reconciler/cjs/react-reconciler.development.js:10928:17)
      at commitHookPassiveUnmountEffects (node_modules/react-reconciler/cjs/react-reconciler.development.js:10959:11)
      at commitPassiveUnmountEffectsInsideOfDeletedTree_begin (node_modules/react-reconciler/cjs/react-reconciler.development.js:13779:13)
      at recursivelyTraversePassiveUnmountEffects (node_modules/react-reconciler/cjs/react-reconciler.development.js:13600:13)
      at commitPassiveUnmountOnFiber (node_modules/react-reconciler/cjs/react-reconciler.development.js:13642:11)
      at flushPassiveEffects (node_modules/react-reconciler/cjs/react-reconciler.development.js:15978:9)
      at node_modules/react-reconciler/cjs/react-reconciler.development.js:15555:15
      at flushActQueue (node_modules/react/cjs/react.development.js:590:34)
      at node_modules/react/cjs/react.development.js:847:21

PASS src/screens/coach/client-detail/__tests__/SleepRecoveryTab.test.tsx
  ● Console

    console.warn
      [Worklets] Couldn't determine the version of the native part of Worklets.
          See `https://docs.swmansion.com/react-native-worklets/docs/guides/troubleshooting#couldnt-determine-the-version-of-the-native-part-of-worklets` for more details.

    [0m [90m 39 |[39m   [33mLine[39m [36mas[39m [33mSvgLine[39m[33m,[39m
     [90m 40 |[39m } [36mfrom[39m [32m'react-native-svg'[39m[33m;[39m
    [31m[1m>[22m[39m[90m 41 |[39m [36mimport[39m { [33mGesture[39m[33m,[39m [33mGestureDetector[39m } [36mfrom[39m [32m'react-native-gesture-handler'[39m[33m;[39m
     [90m    |[39m [31m[1m^[22m[39m
     [90m 42 |[39m [36mimport[39m [33mAnimated[39m[33m,[39m {
     [90m 43 |[39m   runOnJS[33m,[39m
     [90m 44 |[39m   useAnimatedStyle[33m,[39m[0m

      at Object.warn (node_modules/react-native-worklets/src/debug/logger.ts:11:13)
      at warn (node_modules/react-native-worklets/src/debug/checkCppVersion.ts:10:12)
      at new NativeWorklets (node_modules/react-native-worklets/src/WorkletsModule/NativeWorklets.native.ts:43:22)
      at Object.<anonymous> (node_modules/react-native-worklets/src/WorkletsModule/NativeWorklets.native.ts:327:48)
      at Object.require (node_modules/react-native-worklets/src/featureFlags/featureFlags.native.ts:3:1)
      at Object.require (node_modules/react-native-worklets/src/initializers/initializers.native.ts:12:1)
      at Object.require (node_modules/react-native-worklets/src/index.ts:3:1)
      at Object.require (node_modules/react-native-reanimated/src/initializers.ts:2:1)
      at Object.require (node_modules/react-native-reanimated/src/index.ts:5:1)
      at Object.require (node_modules/react-native-gesture-handler/src/handlers/gestures/reanimatedWrapper.ts:32:16)
      at Object.require (node_modules/react-native-gesture-handler/src/handlers/gestures/gestureStateManager.ts:1:1)
      at Object.require (node_modules/react-native-gesture-handler/src/handlers/gestures/eventReceiver.ts:11:1)
      at Object.require (node_modules/react-native-gesture-handler/src/init.ts:1:1)
      at Object.require (node_modules/react-native-gesture-handler/src/index.ts:1:1)
      at Object.require (src/screens/client/wearables/charts/RevolutGlowChart.tsx:41:1)
      at Object.require (src/screens/client/wearables/cards/HrvTrendCard.tsx:14:1)
      at Object.require (src/screens/coach/client-detail/SleepRecoveryTab.tsx:30:1)
      at Object.require (src/screens/coach/client-detail/__tests__/SleepRecoveryTab.test.tsx:32:1)

    console.warn
      [SleepRecoveryTab] recovery access denied for client (403)

    [0m [90m 16 |[39m [36mfunction[39m log(level[33m:[39m [33mLogLevel[39m[33m,[39m context[33m:[39m string[33m,[39m [33m...[39margs[33m:[39m unknown[]) {
     [90m 17 |[39m   [36mif[39m (__DEV__) {
    [31m[1m>[22m[39m[90m 18 |[39m     console[level]([32m`[${context}]`[39m[33m,[39m [33m...[39margs)[33m;[39m
     [90m    |[39m                   [31m[1m^[22m[39m
     [90m 19 |[39m   }
     [90m 20 |[39m   [90m// In production, could forward to Sentry breadcrumbs here[39m
     [90m 21 |[39m }[0m

      at log (src/utils/logger.ts:18:19)
      at Object.log [as warn] (src/utils/logger.ts:25:50)
      at warn (src/screens/coach/client-detail/SleepRecoveryTab.tsx:89:12)
      at Object.react_stack_bottom_frame (node_modules/react-reconciler/cjs/react-reconciler.development.js:17596:20)
      at renderWithHooks (node_modules/react-reconciler/cjs/react-reconciler.development.js:5335:22)
      at updateFunctionComponent (node_modules/react-reconciler/cjs/react-reconciler.development.js:7720:19)
      at beginWork (node_modules/react-reconciler/cjs/react-reconciler.development.js:9277:18)
      at runWithFiberInDEV (node_modules/react-reconciler/cjs/react-reconciler.development.js:2508:13)
      at performUnitOfWork (node_modules/react-reconciler/cjs/react-reconciler.development.js:15273:22)
      at workLoopSync (node_modules/react-reconciler/cjs/react-reconciler.development.js:15099:41)
      at renderRootSync (node_modules/react-reconciler/cjs/react-reconciler.development.js:15080:11)
      at performWorkOnRoot (node_modules/react-reconciler/cjs/react-reconciler.development.js:14165:11)
      at performWorkOnRootViaSchedulerTask (node_modules/react-reconciler/cjs/react-reconciler.development.js:3335:7)
      at flushActQueue (node_modules/react/cjs/react.development.js:590:34)
      at node_modules/react/cjs/react.development.js:847:21

    console.warn
      [SleepRecoveryTab] recovery access denied for client (403)

    [0m [90m 16 |[39m [36mfunction[39m log(level[33m:[39m [33mLogLevel[39m[33m,[39m context[33m:[39m string[33m,[39m [33m...[39margs[33m:[39m unknown[]) {
     [90m 17 |[39m   [36mif[39m (__DEV__) {
    [31m[1m>[22m[39m[90m 18 |[39m     console[level]([32m`[${context}]`[39m[33m,[39m [33m...[39margs)[33m;[39m
     [90m    |[39m                   [31m[1m^[22m[39m
     [90m 19 |[39m   }
     [90m 20 |[39m   [90m// In production, could forward to Sentry breadcrumbs here[39m
     [90m 21 |[39m }[0m

      at log (src/utils/logger.ts:18:19)
      at Object.log [as warn] (src/utils/logger.ts:25:50)
      at warn (src/screens/coach/client-detail/SleepRecoveryTab.tsx:89:12)
      at Object.react_stack_bottom_frame (node_modules/react-reconciler/cjs/react-reconciler.development.js:17596:20)
      at renderWithHooks (node_modules/react-reconciler/cjs/react-reconciler.development.js:5335:22)
      at updateFunctionComponent (node_modules/react-reconciler/cjs/react-reconciler.development.js:7720:19)
      at beginWork (node_modules/react-reconciler/cjs/react-reconciler.development.js:9277:18)
      at runWithFiberInDEV (node_modules/react-reconciler/cjs/react-reconciler.development.js:2508:13)
      at performUnitOfWork (node_modules/react-reconciler/cjs/react-reconciler.development.js:15273:22)
      at workLoopSync (node_modules/react-reconciler/cjs/react-reconciler.development.js:15099:41)
      at renderRootSync (node_modules/react-reconciler/cjs/react-reconciler.development.js:15080:11)
      at performWorkOnRoot (node_modules/react-reconciler/cjs/react-reconciler.development.js:14165:11)
      at performWorkOnRootViaSchedulerTask (node_modules/react-reconciler/cjs/react-reconciler.development.js:3335:7)
      at flushActQueue (node_modules/react/cjs/react.development.js:590:34)
      at node_modules/react/cjs/react.development.js:847:21

    console.error
      [SleepRecoveryTab] samples query failed { message: 'WEARABLE_SAMPLES_DEGRADED' }

    [0m [90m 16 |[39m [36mfunction[39m log(level[33m:[39m [33mLogLevel[39m[33m,[39m context[33m:[39m string[33m,[39m [33m...[39margs[33m:[39m unknown[]) {
     [90m 17 |[39m   [36mif[39m (__DEV__) {
    [31m[1m>[22m[39m[90m 18 |[39m     console[level]([32m`[${context}]`[39m[33m,[39m [33m...[39margs)[33m;[39m
     [90m    |[39m                   [31m[1m^[22m[39m
     [90m 19 |[39m   }
     [90m 20 |[39m   [90m// In production, could forward to Sentry breadcrumbs here[39m
     [90m 21 |[39m }[0m

      at log (src/utils/logger.ts:18:19)
      at Object.log [as error] (src/utils/logger.ts:26:51)
      at error (src/screens/coach/client-detail/SleepRecoveryTab.tsx:95:12)
      at Object.react_stack_bottom_frame (node_modules/react-reconciler/cjs/react-reconciler.development.js:17596:20)
      at renderWithHooks (node_modules/react-reconciler/cjs/react-reconciler.development.js:5335:22)
      at updateFunctionComponent (node_modules/react-reconciler/cjs/react-reconciler.development.js:7720:19)
      at beginWork (node_modules/react-reconciler/cjs/react-reconciler.development.js:9277:18)
      at runWithFiberInDEV (node_modules/react-reconciler/cjs/react-reconciler.development.js:2508:13)
      at performUnitOfWork (node_modules/react-reconciler/cjs/react-reconciler.development.js:15273:22)
      at workLoopSync (node_modules/react-reconciler/cjs/react-reconciler.development.js:15099:41)
      at renderRootSync (node_modules/react-reconciler/cjs/react-reconciler.development.js:15080:11)
      at performWorkOnRoot (node_modules/react-reconciler/cjs/react-reconciler.development.js:14165:11)
      at performWorkOnRootViaSchedulerTask (node_modules/react-reconciler/cjs/react-reconciler.development.js:3335:7)
      at flushActQueue (node_modules/react/cjs/react.development.js:590:34)
      at node_modules/react/cjs/react.development.js:847:21

    console.log
      [SleepRecoveryTab] retry samples fetch { hasClient: true }

      at log (src/utils/logger.ts:18:19)

    console.warn
      [Worklets] Tried to modify key `value` of an object which has been already passed to a worklet. See
              https://docs.swmansion.com/react-native-reanimated/docs/guides/troubleshooting#tried-to-modify-key-of-an-object-which-has-been-converted-to-a-serializable
              for more details.

      at Object.warn (node_modules/react-native-worklets/src/debug/logger.ts:11:13)
      at Object.warn [as value] (node_modules/react-native-worklets/src/memory/serializable.native.ts:779:16)
      at node_modules/react-native-reanimated/src/hook/useAnimatedStyle.ts:607:30
      at Object.react_stack_bottom_frame (node_modules/react-reconciler/cjs/react-reconciler.development.js:17681:20)
      at runWithFiberInDEV (node_modules/react-reconciler/cjs/react-reconciler.development.js:2508:13)
      at commitHookEffectListMount (node_modules/react-reconciler/cjs/react-reconciler.development.js:10861:29)
      at commitHookPassiveMountEffects (node_modules/react-reconciler/cjs/react-reconciler.development.js:10948:11)
      at commitPassiveMountOnFiber (node_modules/react-reconciler/cjs/react-reconciler.development.js:12979:13)
      at recursivelyTraversePassiveMountEffects (node_modules/react-reconciler/cjs/react-reconciler.development.js:12934:11)
      at commitPassiveMountOnFiber (node_modules/react-reconciler/cjs/react-reconciler.development.js:13213:11)
      at recursivelyTraversePassiveMountEffects (node_modules/react-reconciler/cjs/react-reconciler.development.js:12934:11)
      at commitPassiveMountOnFiber (node_modules/react-reconciler/cjs/react-reconciler.development.js:13213:11)
      at recursivelyTraversePassiveMountEffects (node_modules/react-reconciler/cjs/react-reconciler.development.js:12934:11)
      at commitPassiveMountOnFiber (node_modules/react-reconciler/cjs/react-reconciler.development.js:12999:11)
      at recursivelyTraversePassiveMountEffects (node_modules/react-reconciler/cjs/react-reconciler.development.js:12934:11)
      at commitPassiveMountOnFiber (node_modules/react-reconciler/cjs/react-reconciler.development.js:13213:11)
      at recursivelyTraversePassiveMountEffects (node_modules/react-reconciler/cjs/react-reconciler.development.js:12934:11)
      at commitPassiveMountOnFiber (node_modules/react-reconciler/cjs/react-reconciler.development.js:12999:11)
      at recursivelyTraversePassiveMountEffects (node_modules/react-reconciler/cjs/react-reconciler.development.js:12934:11)
      at commitPassiveMountOnFiber (node_modules/react-reconciler/cjs/react-reconciler.development.js:12971:11)
      at recursivelyTraversePassiveMountEffects (node_modules/react-reconciler/cjs/react-reconciler.development.js:12934:11)
      at commitPassiveMountOnFiber (node_modules/react-reconciler/cjs/react-reconciler.development.js:12971:11)
      at recursivelyTraversePassiveMountEffects (node_modules/react-reconciler/cjs/react-reconciler.development.js:12934:11)
      at commitPassiveMountOnFiber (node_modules/react-reconciler/cjs/react-reconciler.development.js:12971:11)
      at recursivelyTraversePassiveMountEffects (node_modules/react-reconciler/cjs/react-reconciler.development.js:12934:11)
      at commitPassiveMountOnFiber (node_modules/react-reconciler/cjs/react-reconciler.development.js:12971:11)
      at recursivelyTraversePassiveMountEffects (node_modules/react-reconciler/cjs/react-reconciler.development.js:12934:11)
      at commitPassiveMountOnFiber (node_modules/react-reconciler/cjs/react-reconciler.development.js:13213:11)
      at recursivelyTraversePassiveMountEffects (node_modules/react-reconciler/cjs/react-reconciler.development.js:12934:11)
      at commitPassiveMountOnFiber (node_modules/react-reconciler/cjs/react-reconciler.development.js:12999:11)
      at recursivelyTraversePassiveMountEffects (node_modules/react-reconciler/cjs/react-reconciler.development.js:12934:11)
      at commitPassiveMountOnFiber (node_modules/react-reconciler/cjs/react-reconciler.development.js:13213:11)
      at recursivelyTraversePassiveMountEffects (node_modules/react-reconciler/cjs/react-reconciler.development.js:12934:11)
      at commitPassiveMountOnFiber (node_modules/react-reconciler/cjs/react-reconciler.development.js:12999:11)
      at recursivelyTraversePassiveMountEffects (node_modules/react-reconciler/cjs/react-reconciler.development.js:12934:11)
      at commitPassiveMountOnFiber (node_modules/react-reconciler/cjs/react-reconciler.development.js:12971:11)
      at recursivelyTraversePassiveMountEffects (node_modules/react-reconciler/cjs/react-reconciler.development.js:12934:11)
      at commitPassiveMountOnFiber (node_modules/react-reconciler/cjs/react-reconciler.development.js:13014:11)
      at flushPassiveEffects (node_modules/react-reconciler/cjs/react-reconciler.development.js:15982:9)
      at node_modules/react-reconciler/cjs/react-reconciler.development.js:15555:15
      at flushActQueue (node_modules/react/cjs/react.development.js:590:34)
      at node_modules/react/cjs/react.development.js:847:21

    console.warn
      [Worklets] Tried to modify key `value` of an object which has been already passed to a worklet. See
              https://docs.swmansion.com/react-native-reanimated/docs/guides/troubleshooting#tried-to-modify-key-of-an-object-which-has-been-converted-to-a-serializable
              for more details.

      at Object.warn (node_modules/react-native-worklets/src/debug/logger.ts:11:13)
      at Object.warn [as value] (node_modules/react-native-worklets/src/memory/serializable.native.ts:779:16)
      at node_modules/react-native-reanimated/src/hook/useAnimatedStyle.ts:607:30
      at Object.react_stack_bottom_frame (node_modules/react-reconciler/cjs/react-reconciler.development.js:17681:20)
      at runWithFiberInDEV (node_modules/react-reconciler/cjs/react-reconciler.development.js:2508:13)
      at commitHookEffectListMount (node_modules/react-reconciler/cjs/react-reconciler.development.js:10861:29)
      at commitHookPassiveMountEffects (node_modules/react-reconciler/cjs/react-reconciler.development.js:10948:11)
      at commitPassiveMountOnFiber (node_modules/react-reconciler/cjs/react-reconciler.development.js:12979:13)
      at recursivelyTraversePassiveMountEffects (node_modules/react-reconciler/cjs/react-reconciler.development.js:12934:11)
      at commitPassiveMountOnFiber (node_modules/react-reconciler/cjs/react-reconciler.development.js:13213:11)
      at recursivelyTraversePassiveMountEffects (node_modules/react-reconciler/cjs/react-reconciler.development.js:12934:11)
      at commitPassiveMountOnFiber (node_modules/react-reconciler/cjs/react-reconciler.development.js:13213:11)
      at recursivelyTraversePassiveMountEffects (node_modules/react-reconciler/cjs/react-reconciler.development.js:12934:11)
      at commitPassiveMountOnFiber (node_modules/react-reconciler/cjs/react-reconciler.development.js:12999:11)
      at recursivelyTraversePassiveMountEffects (node_modules/react-reconciler/cjs/react-reconciler.development.js:12934:11)
      at commitPassiveMountOnFiber (node_modules/react-reconciler/cjs/react-reconciler.development.js:13213:11)
      at recursivelyTraversePassiveMountEffects (node_modules/react-reconciler/cjs/react-reconciler.development.js:12934:11)
      at commitPassiveMountOnFiber (node_modules/react-reconciler/cjs/react-reconciler.development.js:12999:11)
      at recursivelyTraversePassiveMountEffects (node_modules/react-reconciler/cjs/react-reconciler.development.js:12934:11)
      at commitPassiveMountOnFiber (node_modules/react-reconciler/cjs/react-reconciler.development.js:12971:11)
      at recursivelyTraversePassiveMountEffects (node_modules/react-reconciler/cjs/react-reconciler.development.js:12934:11)
      at commitPassiveMountOnFiber (node_modules/react-reconciler/cjs/react-reconciler.development.js:12971:11)
      at recursivelyTraversePassiveMountEffects (node_modules/react-reconciler/cjs/react-reconciler.development.js:12934:11)
      at commitPassiveMountOnFiber (node_modules/react-reconciler/cjs/react-reconciler.development.js:12971:11)
      at recursivelyTraversePassiveMountEffects (node_modules/react-reconciler/cjs/react-reconciler.development.js:12934:11)
      at commitPassiveMountOnFiber (node_modules/react-reconciler/cjs/react-reconciler.development.js:12971:11)
      at recursivelyTraversePassiveMountEffects (node_modules/react-reconciler/cjs/react-reconciler.development.js:12934:11)
      at commitPassiveMountOnFiber (node_modules/react-reconciler/cjs/react-reconciler.development.js:13213:11)
      at recursivelyTraversePassiveMountEffects (node_modules/react-reconciler/cjs/react-reconciler.development.js:12934:11)
      at commitPassiveMountOnFiber (node_modules/react-reconciler/cjs/react-reconciler.development.js:12999:11)
      at recursivelyTraversePassiveMountEffects (node_modules/react-reconciler/cjs/react-reconciler.development.js:12934:11)
      at commitPassiveMountOnFiber (node_modules/react-reconciler/cjs/react-reconciler.development.js:13213:11)
      at recursivelyTraversePassiveMountEffects (node_modules/react-reconciler/cjs/react-reconciler.development.js:12934:11)
      at commitPassiveMountOnFiber (node_modules/react-reconciler/cjs/react-reconciler.development.js:12999:11)
      at recursivelyTraversePassiveMountEffects (node_modules/react-reconciler/cjs/react-reconciler.development.js:12934:11)
      at commitPassiveMountOnFiber (node_modules/react-reconciler/cjs/react-reconciler.development.js:12971:11)
      at recursivelyTraversePassiveMountEffects (node_modules/react-reconciler/cjs/react-reconciler.development.js:12934:11)
      at commitPassiveMountOnFiber (node_modules/react-reconciler/cjs/react-reconciler.development.js:13014:11)
      at flushPassiveEffects (node_modules/react-reconciler/cjs/react-reconciler.development.js:15982:9)
      at node_modules/react-reconciler/cjs/react-reconciler.development.js:15555:15
      at flushActQueue (node_modules/react/cjs/react.development.js:590:34)
      at node_modules/react/cjs/react.development.js:847:21

    console.warn
      [Worklets] Tried to modify key `value` of an object which has been already passed to a worklet. See
              https://docs.swmansion.com/react-native-reanimated/docs/guides/troubleshooting#tried-to-modify-key-of-an-object-which-has-been-converted-to-a-serializable
              for more details.

      at Object.warn (node_modules/react-native-worklets/src/debug/logger.ts:11:13)
      at Object.warn [as value] (node_modules/react-native-worklets/src/memory/serializable.native.ts:779:16)
      at cancelAnimationWeb (node_modules/react-native-reanimated/src/animation/util.ts:597:20)
      at node_modules/react-native-reanimated/src/hook/useSharedValue.ts:23:22
      at Object.react_stack_bottom_frame (node_modules/react-reconciler/cjs/react-reconciler.development.js:17693:13)
      at runWithFiberInDEV (node_modules/react-reconciler/cjs/react-reconciler.development.js:2508:13)
      at commitHookEffectListUnmount (node_modules/react-reconciler/cjs/react-reconciler.development.js:10928:17)
      at commitHookPassiveUnmountEffects (node_modules/react-reconciler/cjs/react-reconciler.development.js:10959:11)
      at commitPassiveUnmountEffectsInsideOfDeletedTree_begin (node_modules/react-reconciler/cjs/react-reconciler.development.js:13779:13)
      at recursivelyTraversePassiveUnmountEffects (node_modules/react-reconciler/cjs/react-reconciler.development.js:13600:13)
      at commitPassiveUnmountOnFiber (node_modules/react-reconciler/cjs/react-reconciler.development.js:13642:11)
      at flushPassiveEffects (node_modules/react-reconciler/cjs/react-reconciler.development.js:15978:9)
      at node_modules/react-reconciler/cjs/react-reconciler.development.js:15555:15
      at flushActQueue (node_modules/react/cjs/react.development.js:590:34)
      at node_modules/react/cjs/react.development.js:847:21

    console.warn
      [Worklets] Tried to modify key `value` of an object which has been already passed to a worklet. See
              https://docs.swmansion.com/react-native-reanimated/docs/guides/troubleshooting#tried-to-modify-key-of-an-object-which-has-been-converted-to-a-serializable
              for more details.

      at Object.warn (node_modules/react-native-worklets/src/debug/logger.ts:11:13)
      at Object.warn [as value] (node_modules/react-native-worklets/src/memory/serializable.native.ts:779:16)
      at cancelAnimationWeb (node_modules/react-native-reanimated/src/animation/util.ts:597:20)
      at node_modules/react-native-reanimated/src/hook/useSharedValue.ts:23:22
      at Object.react_stack_bottom_frame (node_modules/react-reconciler/cjs/react-reconciler.development.js:17693:13)
      at runWithFiberInDEV (node_modules/react-reconciler/cjs/react-reconciler.development.js:2508:13)
      at commitHookEffectListUnmount (node_modules/react-reconciler/cjs/react-reconciler.development.js:10928:17)
      at commitHookPassiveUnmountEffects (node_modules/react-reconciler/cjs/react-reconciler.development.js:10959:11)
      at commitPassiveUnmountEffectsInsideOfDeletedTree_begin (node_modules/react-reconciler/cjs/react-reconciler.development.js:13779:13)
      at recursivelyTraversePassiveUnmountEffects (node_modules/react-reconciler/cjs/react-reconciler.development.js:13600:13)
      at commitPassiveUnmountOnFiber (node_modules/react-reconciler/cjs/react-reconciler.development.js:13642:11)
      at flushPassiveEffects (node_modules/react-reconciler/cjs/react-reconciler.development.js:15978:9)
      at node_modules/react-reconciler/cjs/react-reconciler.development.js:15555:15
      at flushActQueue (node_modules/react/cjs/react.development.js:590:34)
      at node_modules/react/cjs/react.development.js:847:21

    console.warn
      [Worklets] Tried to modify key `value` of an object which has been already passed to a worklet. See
              https://docs.swmansion.com/react-native-reanimated/docs/guides/troubleshooting#tried-to-modify-key-of-an-object-which-has-been-converted-to-a-serializable
              for more details.

      at Object.warn (node_modules/react-native-worklets/src/debug/logger.ts:11:13)
      at Object.warn [as value] (node_modules/react-native-worklets/src/memory/serializable.native.ts:779:16)
      at cancelAnimationWeb (node_modules/react-native-reanimated/src/animation/util.ts:597:20)
      at node_modules/react-native-reanimated/src/hook/useSharedValue.ts:23:22
      at Object.react_stack_bottom_frame (node_modules/react-reconciler/cjs/react-reconciler.development.js:17693:13)
      at runWithFiberInDEV (node_modules/react-reconciler/cjs/react-reconciler.development.js:2508:13)
      at commitHookEffectListUnmount (node_modules/react-reconciler/cjs/react-reconciler.development.js:10928:17)
      at commitHookPassiveUnmountEffects (node_modules/react-reconciler/cjs/react-reconciler.development.js:10959:11)
      at commitPassiveUnmountEffectsInsideOfDeletedTree_begin (node_modules/react-reconciler/cjs/react-reconciler.development.js:13779:13)
      at recursivelyTraversePassiveUnmountEffects (node_modules/react-reconciler/cjs/react-reconciler.development.js:13600:13)
      at commitPassiveUnmountOnFiber (node_modules/react-reconciler/cjs/react-reconciler.development.js:13642:11)
      at flushPassiveEffects (node_modules/react-reconciler/cjs/react-reconciler.development.js:15978:9)
      at node_modules/react-reconciler/cjs/react-reconciler.development.js:15555:15
      at flushActQueue (node_modules/react/cjs/react.development.js:590:34)
      at node_modules/react/cjs/react.development.js:847:21

    console.warn
      [Worklets] Tried to modify key `value` of an object which has been already passed to a worklet. See
              https://docs.swmansion.com/react-native-reanimated/docs/guides/troubleshooting#tried-to-modify-key-of-an-object-which-has-been-converted-to-a-serializable
              for more details.

      at Object.warn (node_modules/react-native-worklets/src/debug/logger.ts:11:13)
      at Object.warn [as value] (node_modules/react-native-worklets/src/memory/serializable.native.ts:779:16)
      at cancelAnimationWeb (node_modules/react-native-reanimated/src/animation/util.ts:597:20)
      at node_modules/react-native-reanimated/src/hook/useSharedValue.ts:23:22
      at Object.react_stack_bottom_frame (node_modules/react-reconciler/cjs/react-reconciler.development.js:17693:13)
      at runWithFiberInDEV (node_modules/react-reconciler/cjs/react-reconciler.development.js:2508:13)
      at commitHookEffectListUnmount (node_modules/react-reconciler/cjs/react-reconciler.development.js:10928:17)
      at commitHookPassiveUnmountEffects (node_modules/react-reconciler/cjs/react-reconciler.development.js:10959:11)
      at commitPassiveUnmountEffectsInsideOfDeletedTree_begin (node_modules/react-reconciler/cjs/react-reconciler.development.js:13779:13)
      at recursivelyTraversePassiveUnmountEffects (node_modules/react-reconciler/cjs/react-reconciler.development.js:13600:13)
      at commitPassiveUnmountOnFiber (node_modules/react-reconciler/cjs/react-reconciler.development.js:13642:11)
      at flushPassiveEffects (node_modules/react-reconciler/cjs/react-reconciler.development.js:15978:9)
      at node_modules/react-reconciler/cjs/react-reconciler.development.js:15555:15
      at flushActQueue (node_modules/react/cjs/react.development.js:590:34)
      at node_modules/react/cjs/react.development.js:847:21

    console.warn
      [Worklets] Tried to modify key `value` of an object which has been already passed to a worklet. See
              https://docs.swmansion.com/react-native-reanimated/docs/guides/troubleshooting#tried-to-modify-key-of-an-object-which-has-been-converted-to-a-serializable
              for more details.

      at Object.warn (node_modules/react-native-worklets/src/debug/logger.ts:11:13)
      at Object.warn [as value] (node_modules/react-native-worklets/src/memory/serializable.native.ts:779:16)
      at node_modules/react-native-reanimated/src/hook/useAnimatedStyle.ts:609:32
      at Object.react_stack_bottom_frame (node_modules/react-reconciler/cjs/react-reconciler.development.js:17693:13)
      at runWithFiberInDEV (node_modules/react-reconciler/cjs/react-reconciler.development.js:2508:13)
      at commitHookEffectListUnmount (node_modules/react-reconciler/cjs/react-reconciler.development.js:10928:17)
      at commitHookPassiveUnmountEffects (node_modules/react-reconciler/cjs/react-reconciler.development.js:10959:11)
      at commitPassiveUnmountEffectsInsideOfDeletedTree_begin (node_modules/react-reconciler/cjs/react-reconciler.development.js:13779:13)
      at recursivelyTraversePassiveUnmountEffects (node_modules/react-reconciler/cjs/react-reconciler.development.js:13600:13)
      at commitPassiveUnmountOnFiber (node_modules/react-reconciler/cjs/react-reconciler.development.js:13642:11)
      at flushPassiveEffects (node_modules/react-reconciler/cjs/react-reconciler.development.js:15978:9)
      at node_modules/react-reconciler/cjs/react-reconciler.development.js:15555:15
      at flushActQueue (node_modules/react/cjs/react.development.js:590:34)
      at node_modules/react/cjs/react.development.js:847:21

    console.warn
      [Worklets] Tried to modify key `value` of an object which has been already passed to a worklet. See
              https://docs.swmansion.com/react-native-reanimated/docs/guides/troubleshooting#tried-to-modify-key-of-an-object-which-has-been-converted-to-a-serializable
              for more details.

      at Object.warn (node_modules/react-native-worklets/src/debug/logger.ts:11:13)
      at Object.warn [as value] (node_modules/react-native-worklets/src/memory/serializable.native.ts:779:16)
      at cancelAnimationWeb (node_modules/react-native-reanimated/src/animation/util.ts:597:20)
      at node_modules/react-native-reanimated/src/hook/useSharedValue.ts:23:22
      at Object.react_stack_bottom_frame (node_modules/react-reconciler/cjs/react-reconciler.development.js:17693:13)
      at runWithFiberInDEV (node_modules/react-reconciler/cjs/react-reconciler.development.js:2508:13)
      at commitHookEffectListUnmount (node_modules/react-reconciler/cjs/react-reconciler.development.js:10928:17)
      at commitHookPassiveUnmountEffects (node_modules/react-reconciler/cjs/react-reconciler.development.js:10959:11)
      at commitPassiveUnmountEffectsInsideOfDeletedTree_begin (node_modules/react-reconciler/cjs/react-reconciler.development.js:13779:13)
      at recursivelyTraversePassiveUnmountEffects (node_modules/react-reconciler/cjs/react-reconciler.development.js:13600:13)
      at commitPassiveUnmountOnFiber (node_modules/react-reconciler/cjs/react-reconciler.development.js:13642:11)
      at flushPassiveEffects (node_modules/react-reconciler/cjs/react-reconciler.development.js:15978:9)
      at node_modules/react-reconciler/cjs/react-reconciler.development.js:15555:15
      at flushActQueue (node_modules/react/cjs/react.development.js:590:34)
      at node_modules/react/cjs/react.development.js:847:21

    console.warn
      [Worklets] Tried to modify key `value` of an object which has been already passed to a worklet. See
              https://docs.swmansion.com/react-native-reanimated/docs/guides/troubleshooting#tried-to-modify-key-of-an-object-which-has-been-converted-to-a-serializable
              for more details.

      at Object.warn (node_modules/react-native-worklets/src/debug/logger.ts:11:13)
      at Object.warn [as value] (node_modules/react-native-worklets/src/memory/serializable.native.ts:779:16)
      at node_modules/react-native-reanimated/src/hook/useAnimatedStyle.ts:609:32
      at Object.react_stack_bottom_frame (node_modules/react-reconciler/cjs/react-reconciler.development.js:17693:13)
      at runWithFiberInDEV (node_modules/react-reconciler/cjs/react-reconciler.development.js:2508:13)
      at commitHookEffectListUnmount (node_modules/react-reconciler/cjs/react-reconciler.development.js:10928:17)
      at commitHookPassiveUnmountEffects (node_modules/react-reconciler/cjs/react-reconciler.development.js:10959:11)
      at commitPassiveUnmountEffectsInsideOfDeletedTree_begin (node_modules/react-reconciler/cjs/react-reconciler.development.js:13779:13)
      at recursivelyTraversePassiveUnmountEffects (node_modules/react-reconciler/cjs/react-reconciler.development.js:13600:13)
      at commitPassiveUnmountOnFiber (node_modules/react-reconciler/cjs/react-reconciler.development.js:13642:11)
      at flushPassiveEffects (node_modules/react-reconciler/cjs/react-reconciler.development.js:15978:9)
      at node_modules/react-reconciler/cjs/react-reconciler.development.js:15555:15
      at flushActQueue (node_modules/react/cjs/react.development.js:590:34)
      at node_modules/react/cjs/react.development.js:847:21

PASS src/screens/coach/client-detail/__tests__/WearableInsightPanel.test.tsx
PASS src/screens/coach/__tests__/CreditPackCheckoutScreen.SuccessReceipt.test.tsx
  ● Console

    console.warn
      SafeAreaView has been deprecated and will be removed in a future release. Please use 'react-native-safe-area-context' instead. See https://github.com/AppAndFlow/react-native-safe-area-context

    [0m [90m 237 |[39m
     [90m 238 |[39m   [36mreturn[39m (
    [31m[1m>[22m[39m[90m 239 |[39m     [33m<[39m[33mSafeAreaView[39m style[33m=[39m{styles[33m.[39mroot}[33m>[39m
     [90m     |[39m      [31m[1m^[22m[39m
     [90m 240 |[39m       [33m<[39m[33mStatusBar[39m barStyle[33m=[39m[32m"light-content"[39m [33m/[39m[33m>[39m
     [90m 241 |[39m       [33m<[39m[33mView[39m style[33m=[39m{styles[33m.[39mheader}[33m>[39m
     [90m 242 |[39m         [33m<[39m[33mHapticPressable[39m[0m

      at warn (node_modules/react-native/Libraries/Utilities/warnOnce.js:27:11)
      at Object.warnOnce [as SafeAreaView] (node_modules/react-native/index.js:101:5)
      at SafeAreaView (src/screens/coach/CreditPackCheckoutScreen.tsx:239:6)
      at Object.react_stack_bottom_frame (node_modules/react-reconciler/cjs/react-reconciler.development.js:17596:20)
      at renderWithHooks (node_modules/react-reconciler/cjs/react-reconciler.development.js:5335:22)
      at updateFunctionComponent (node_modules/react-reconciler/cjs/react-reconciler.development.js:7720:19)
      at beginWork (node_modules/react-reconciler/cjs/react-reconciler.development.js:9277:18)
      at runWithFiberInDEV (node_modules/react-reconciler/cjs/react-reconciler.development.js:2508:13)
      at performUnitOfWork (node_modules/react-reconciler/cjs/react-reconciler.development.js:15273:22)
      at workLoopSync (node_modules/react-reconciler/cjs/react-reconciler.development.js:15099:41)
      at renderRootSync (node_modules/react-reconciler/cjs/react-reconciler.development.js:15080:11)
      at performWorkOnRoot (node_modules/react-reconciler/cjs/react-reconciler.development.js:14165:11)
      at performWorkOnRootViaSchedulerTask (node_modules/react-reconciler/cjs/react-reconciler.development.js:3335:7)
      at flushActQueue (node_modules/react/cjs/react.development.js:590:34)
      at node_modules/react/cjs/react.development.js:847:21

PASS src/screens/coach/__tests__/ClientMessagesScreen.integration.test.tsx
PASS src/hooks/__tests__/useExtensionPairing.test.tsx
  ● Console

    console.warn
      [[importPairingMirror] shape or version drift discarded]

    [0m [90m 16 |[39m [36mfunction[39m log(level[33m:[39m [33mLogLevel[39m[33m,[39m context[33m:[39m string[33m,[39m [33m...[39margs[33m:[39m unknown[]) {
     [90m 17 |[39m   [36mif[39m (__DEV__) {
    [31m[1m>[22m[39m[90m 18 |[39m     console[level]([32m`[${context}]`[39m[33m,[39m [33m...[39margs)[33m;[39m
     [90m    |[39m                   [31m[1m^[22m[39m
     [90m 19 |[39m   }
     [90m 20 |[39m   [90m// In production, could forward to Sentry breadcrumbs here[39m
     [90m 21 |[39m }[0m

      at log (src/utils/logger.ts:18:19)
      at Object.log [as warn] (src/utils/logger.ts:25:50)
      at warn (src/storage/importPairingMirror.ts:133:12)
      at asyncGeneratorStep (node_modules/@babel/runtime/helpers/asyncToGenerator.js:3:17)
      at _next (node_modules/@babel/runtime/helpers/asyncToGenerator.js:17:9)

    console.warn
      [[importPairingMirror] user mismatch discarded]

    [0m [90m 16 |[39m [36mfunction[39m log(level[33m:[39m [33mLogLevel[39m[33m,[39m context[33m:[39m string[33m,[39m [33m...[39margs[33m:[39m unknown[]) {
     [90m 17 |[39m   [36mif[39m (__DEV__) {
    [31m[1m>[22m[39m[90m 18 |[39m     console[level]([32m`[${context}]`[39m[33m,[39m [33m...[39margs)[33m;[39m
     [90m    |[39m                   [31m[1m^[22m[39m
     [90m 19 |[39m   }
     [90m 20 |[39m   [90m// In production, could forward to Sentry breadcrumbs here[39m
     [90m 21 |[39m }[0m

      at log (src/utils/logger.ts:18:19)
      at Object.log [as warn] (src/utils/logger.ts:25:50)
      at warn (src/storage/importPairingMirror.ts:140:12)
      at asyncGeneratorStep (node_modules/@babel/runtime/helpers/asyncToGenerator.js:3:17)
      at _next (node_modules/@babel/runtime/helpers/asyncToGenerator.js:17:9)

    console.warn
      [[importPairingMirror] shape or version drift discarded]

    [0m [90m 16 |[39m [36mfunction[39m log(level[33m:[39m [33mLogLevel[39m[33m,[39m context[33m:[39m string[33m,[39m [33m...[39margs[33m:[39m unknown[]) {
     [90m 17 |[39m   [36mif[39m (__DEV__) {
    [31m[1m>[22m[39m[90m 18 |[39m     console[level]([32m`[${context}]`[39m[33m,[39m [33m...[39margs)[33m;[39m
     [90m    |[39m                   [31m[1m^[22m[39m
     [90m 19 |[39m   }
     [90m 20 |[39m   [90m// In production, could forward to Sentry breadcrumbs here[39m
     [90m 21 |[39m }[0m

      at log (src/utils/logger.ts:18:19)
      at Object.log [as warn] (src/utils/logger.ts:25:50)
      at warn (src/storage/importPairingMirror.ts:133:12)
      at asyncGeneratorStep (node_modules/@babel/runtime/helpers/asyncToGenerator.js:3:17)
      at _next (node_modules/@babel/runtime/helpers/asyncToGenerator.js:17:9)

    console.warn
      [[importPairingMirror] corrupt JSON discarded] SyntaxError: Expected property name or '}' in JSON at position 1 (line 1 column 2)
          at JSON.parse (<anonymous>)
          at parse (/home/user/workspace/worktrees/s6/src/storage/importPairingMirror.ts:126:19)
          at Generator.next (<anonymous>)
          at asyncGeneratorStep (/home/user/workspace/worktrees/s6/node_modules/@babel/runtime/helpers/asyncToGenerator.js:3:17)
          at _next (/home/user/workspace/worktrees/s6/node_modules/@babel/runtime/helpers/asyncToGenerator.js:17:9)

    [0m [90m 16 |[39m [36mfunction[39m log(level[33m:[39m [33mLogLevel[39m[33m,[39m context[33m:[39m string[33m,[39m [33m...[39margs[33m:[39m unknown[]) {
     [90m 17 |[39m   [36mif[39m (__DEV__) {
    [31m[1m>[22m[39m[90m 18 |[39m     console[level]([32m`[${context}]`[39m[33m,[39m [33m...[39margs)[33m;[39m
     [90m    |[39m                   [31m[1m^[22m[39m
     [90m 19 |[39m   }
     [90m 20 |[39m   [90m// In production, could forward to Sentry breadcrumbs here[39m
     [90m 21 |[39m }[0m

      at log (src/utils/logger.ts:18:19)
      at Object.log [as warn] (src/utils/logger.ts:25:50)
      at warn (src/storage/importPairingMirror.ts:128:12)
      at asyncGeneratorStep (node_modules/@babel/runtime/helpers/asyncToGenerator.js:3:17)
      at _next (node_modules/@babel/runtime/helpers/asyncToGenerator.js:17:9)

    console.warn
      [[useExtensionPairing] mirror write failed] Error: disk full
          at Object.<anonymous> (/home/user/workspace/worktrees/s6/src/hooks/__tests__/useExtensionPairing.test.tsx:1094:30)
          at Generator.next (<anonymous>)
          at asyncGeneratorStep (/home/user/workspace/worktrees/s6/node_modules/@babel/runtime/helpers/asyncToGenerator.js:3:17)
          at _next (/home/user/workspace/worktrees/s6/node_modules/@babel/runtime/helpers/asyncToGenerator.js:17:9)
          at /home/user/workspace/worktrees/s6/node_modules/@babel/runtime/helpers/asyncToGenerator.js:22:7
          at new Promise (<anonymous>)
          at Object.<anonymous> (/home/user/workspace/worktrees/s6/node_modules/@babel/runtime/helpers/asyncToGenerator.js:14:12)
          at Promise.then.completed (/home/user/workspace/worktrees/s6/node_modules/jest-circus/build/utils.js:298:28)
          at new Promise (<anonymous>)
          at callAsyncCircusFn (/home/user/workspace/worktrees/s6/node_modules/jest-circus/build/utils.js:231:10)
          at _callCircusTest (/home/user/workspace/worktrees/s6/node_modules/jest-circus/build/run.js:316:40)
          at _runTest (/home/user/workspace/worktrees/s6/node_modules/jest-circus/build/run.js:252:3)
          at _runTestsForDescribeBlock (/home/user/workspace/worktrees/s6/node_modules/jest-circus/build/run.js:126:9)
          at _runTestsForDescribeBlock (/home/user/workspace/worktrees/s6/node_modules/jest-circus/build/run.js:121:9)
          at run (/home/user/workspace/worktrees/s6/node_modules/jest-circus/build/run.js:71:3)
          at runAndTransformResultsToJestFormat (/home/user/workspace/worktrees/s6/node_modules/jest-circus/build/legacy-code-todo-rewrite/jestAdapterInit.js:122:21)
          at jestAdapter (/home/user/workspace/worktrees/s6/node_modules/jest-circus/build/legacy-code-todo-rewrite/jestAdapter.js:79:19)
          at runTestInternal (/home/user/workspace/worktrees/s6/node_modules/jest-runner/build/runTest.js:367:16)
          at runTest (/home/user/workspace/worktrees/s6/node_modules/jest-runner/build/runTest.js:444:34)

    [0m [90m 16 |[39m [36mfunction[39m log(level[33m:[39m [33mLogLevel[39m[33m,[39m context[33m:[39m string[33m,[39m [33m...[39margs[33m:[39m unknown[]) {
     [90m 17 |[39m   [36mif[39m (__DEV__) {
    [31m[1m>[22m[39m[90m 18 |[39m     console[level]([32m`[${context}]`[39m[33m,[39m [33m...[39margs)[33m;[39m
     [90m    |[39m                   [31m[1m^[22m[39m
     [90m 19 |[39m   }
     [90m 20 |[39m   [90m// In production, could forward to Sentry breadcrumbs here[39m
     [90m 21 |[39m }[0m

      at log (src/utils/logger.ts:18:19)
      at Object.log [as warn] (src/utils/logger.ts:25:50)
      at Object.warn (src/hooks/useExtensionPairing.ts:336:18)
          at Generator.throw (<anonymous>)
      at asyncGeneratorStep (node_modules/@babel/runtime/helpers/asyncToGenerator.js:3:17)
      at _throw (node_modules/@babel/runtime/helpers/asyncToGenerator.js:20:9)

PASS src/screens/coach/__tests__/ImportDataScreen.restore.test.tsx
PASS src/screens/coach/__tests__/workoutBuilderExplicitSavePayload.test.ts
PASS src/screens/coach/client-detail/__tests__/HealthFitnessTab.test.tsx
PASS src/screens/coach/__tests__/CoachBillingScreenUrlGuard.test.tsx
  ● Console

    console.error
      [stripe-url-guard] Rejected non-Stripe URL in CoachBillingScreen.portal: host=evil.example.com

    [0m [90m 40 |[39m [36mexport[39m [36mfunction[39m assertStripeUrl(url[33m:[39m string[33m,[39m context[33m:[39m string)[33m:[39m [36mvoid[39m {
     [90m 41 |[39m   [36mif[39m ([33m![39mvalidateStripeUrl(url)) {
    [31m[1m>[22m[39m[90m 42 |[39m     console[33m.[39merror(
     [90m    |[39m             [31m[1m^[22m[39m
     [90m 43 |[39m       [32m`[stripe-url-guard] Rejected non-Stripe URL in ${context}: host=${tryParseHost(url)}`[39m[33m,[39m
     [90m 44 |[39m     )[33m;[39m
     [90m 45 |[39m     [36mthrow[39m [36mnew[39m [33mError[39m([32m'STRIPE_URL_REJECTED'[39m)[33m;[39m[0m

      at error (src/utils/stripeUrlValidator.ts:42:13)
      at src/screens/coach/CoachBillingScreen.tsx:163:24
      at asyncGeneratorStep (node_modules/@babel/runtime/helpers/asyncToGenerator.js:3:17)
      at _next (node_modules/@babel/runtime/helpers/asyncToGenerator.js:17:9)

    console.error
      [stripe-url-guard] Rejected non-Stripe URL in CoachBillingScreen.invoice: host=evil.example.com

    [0m [90m 40 |[39m [36mexport[39m [36mfunction[39m assertStripeUrl(url[33m:[39m string[33m,[39m context[33m:[39m string)[33m:[39m [36mvoid[39m {
     [90m 41 |[39m   [36mif[39m ([33m![39mvalidateStripeUrl(url)) {
    [31m[1m>[22m[39m[90m 42 |[39m     console[33m.[39merror(
     [90m    |[39m             [31m[1m^[22m[39m
     [90m 43 |[39m       [32m`[stripe-url-guard] Rejected non-Stripe URL in ${context}: host=${tryParseHost(url)}`[39m[33m,[39m
     [90m 44 |[39m     )[33m;[39m
     [90m 45 |[39m     [36mthrow[39m [36mnew[39m [33mError[39m([32m'STRIPE_URL_REJECTED'[39m)[33m;[39m[0m

      at error (src/utils/stripeUrlValidator.ts:42:13)
      at src/screens/coach/CoachBillingScreen.tsx:135:22
      at asyncGeneratorStep (node_modules/@babel/runtime/helpers/asyncToGenerator.js:3:17)
      at _next (node_modules/@babel/runtime/helpers/asyncToGenerator.js:17:9)
      at node_modules/@babel/runtime/helpers/asyncToGenerator.js:22:7
      at node_modules/@babel/runtime/helpers/asyncToGenerator.js:14:12
      at apply (src/screens/coach/CoachBillingScreen.tsx:153:4)
      at handleOpenInvoice (src/screens/coach/CoachBillingScreen.tsx:322:32)
      at handler (node_modules/@testing-library/react-native/src/fire-event.ts:142:19)
      at callback (node_modules/@testing-library/react-native/src/act.ts:72:33)
      at callback (node_modules/@testing-library/react-native/src/act.ts:30:24)
      at Object.<anonymous>.process.env.NODE_ENV.exports.act (node_modules/react/cjs/react.development.js:814:22)
      at actImplementation (node_modules/@testing-library/react-native/src/act.ts:29:25)
      at _act (node_modules/@testing-library/react-native/src/act.ts:72:10)
      at fireEvent (node_modules/@testing-library/react-native/src/fire-event.ts:141:12)
      at AsyncFunction.fireEvent [as press] (node_modules/@testing-library/react-native/src/fire-event.ts:159:9)
      at press (src/screens/coach/__tests__/CoachBillingScreenUrlGuard.test.tsx:203:23)
      at asyncGeneratorStep (node_modules/@babel/runtime/helpers/asyncToGenerator.js:3:17)
      at _next (node_modules/@babel/runtime/helpers/asyncToGenerator.js:17:9)
      at node_modules/@babel/runtime/helpers/asyncToGenerator.js:22:7
      at node_modules/@babel/runtime/helpers/asyncToGenerator.js:14:12
      at callback (node_modules/@testing-library/react-native/src/act.ts:72:33)
      at callback (node_modules/@testing-library/react-native/src/act.ts:30:24)
      at Object.<anonymous>.process.env.NODE_ENV.exports.act (node_modules/react/cjs/react.development.js:814:22)
      at actImplementation (node_modules/@testing-library/react-native/src/act.ts:29:25)
      at _act (node_modules/@testing-library/react-native/src/act.ts:72:10)
      at Object.<anonymous> (src/screens/coach/__tests__/CoachBillingScreenUrlGuard.test.tsx:202:14)
      at asyncGeneratorStep (node_modules/@babel/runtime/helpers/asyncToGenerator.js:3:17)
      at _next (node_modules/@babel/runtime/helpers/asyncToGenerator.js:17:9)

PASS src/screens/coach/ed/__tests__/FirstPaymentWowScreen.test.tsx
  ● Console

    console.warn
      [Worklets] Couldn't determine the version of the native part of Worklets.
          See `https://docs.swmansion.com/react-native-worklets/docs/guides/troubleshooting#couldnt-determine-the-version-of-the-native-part-of-worklets` for more details.

    [0m [90m 30 |[39m [36mimport[39m [33mReact[39m [36mfrom[39m [32m'react'[39m[33m;[39m
     [90m 31 |[39m [36mimport[39m { [33mStyleSheet[39m[33m,[39m [33mText[39m[33m,[39m [33mView[39m } [36mfrom[39m [32m'react-native'[39m[33m;[39m
    [31m[1m>[22m[39m[90m 32 |[39m [36mimport[39m [33mAnimated[39m[33m,[39m {
     [90m    |[39m [31m[1m^[22m[39m
     [90m 33 |[39m   useAnimatedStyle[33m,[39m
     [90m 34 |[39m   useSharedValue[33m,[39m
     [90m 35 |[39m   withSequence[33m,[39m[0m

      at Object.warn (node_modules/react-native-worklets/src/debug/logger.ts:11:13)
      at warn (node_modules/react-native-worklets/src/debug/checkCppVersion.ts:10:12)
      at new NativeWorklets (node_modules/react-native-worklets/src/WorkletsModule/NativeWorklets.native.ts:43:22)
      at Object.<anonymous> (node_modules/react-native-worklets/src/WorkletsModule/NativeWorklets.native.ts:327:48)
      at Object.require (node_modules/react-native-worklets/src/featureFlags/featureFlags.native.ts:3:1)
      at Object.require (node_modules/react-native-worklets/src/initializers/initializers.native.ts:12:1)
      at Object.require (node_modules/react-native-worklets/src/index.ts:3:1)
      at Object.require (node_modules/react-native-reanimated/src/initializers.ts:2:1)
      at Object.require (node_modules/react-native-reanimated/src/index.ts:5:1)
      at Object.require (src/screens/coach/ed/FirstPaymentWowScreen.tsx:32:1)
      at Object.require (src/screens/coach/ed/__tests__/FirstPaymentWowScreen.test.tsx:22:1)

    console.warn
      [Worklets] Tried to modify key `value` of an object which has been already passed to a worklet. See
              https://docs.swmansion.com/react-native-reanimated/docs/guides/troubleshooting#tried-to-modify-key-of-an-object-which-has-been-converted-to-a-serializable
              for more details.

      at Object.warn (node_modules/react-native-worklets/src/debug/logger.ts:11:13)
      at Object.warn [as value] (node_modules/react-native-worklets/src/memory/serializable.native.ts:779:16)
      at node_modules/react-native-reanimated/src/hook/useAnimatedStyle.ts:607:30
      at Object.react_stack_bottom_frame (node_modules/react-reconciler/cjs/react-reconciler.development.js:17681:20)
      at runWithFiberInDEV (node_modules/react-reconciler/cjs/react-reconciler.development.js:2508:13)
      at commitHookEffectListMount (node_modules/react-reconciler/cjs/react-reconciler.development.js:10861:29)
      at commitHookPassiveMountEffects (node_modules/react-reconciler/cjs/react-reconciler.development.js:10948:11)
      at commitPassiveMountOnFiber (node_modules/react-reconciler/cjs/react-reconciler.development.js:12979:13)
      at recursivelyTraversePassiveMountEffects (node_modules/react-reconciler/cjs/react-reconciler.development.js:12934:11)
      at commitPassiveMountOnFiber (node_modules/react-reconciler/cjs/react-reconciler.development.js:13014:11)
      at flushPassiveEffects (node_modules/react-reconciler/cjs/react-reconciler.development.js:15982:9)
      at node_modules/react-reconciler/cjs/react-reconciler.development.js:15555:15
      at flushActQueue (node_modules/react/cjs/react.development.js:590:34)
      at node_modules/react/cjs/react.development.js:847:21

    console.warn
      [Worklets] Tried to modify key `value` of an object which has been already passed to a worklet. See
              https://docs.swmansion.com/react-native-reanimated/docs/guides/troubleshooting#tried-to-modify-key-of-an-object-which-has-been-converted-to-a-serializable
              for more details.

      at Object.warn (node_modules/react-native-worklets/src/debug/logger.ts:11:13)
      at Object.warn [as value] (node_modules/react-native-worklets/src/memory/serializable.native.ts:779:16)
      at cancelAnimationWeb (node_modules/react-native-reanimated/src/animation/util.ts:597:20)
      at node_modules/react-native-reanimated/src/hook/useSharedValue.ts:23:22
      at Object.react_stack_bottom_frame (node_modules/react-reconciler/cjs/react-reconciler.development.js:17693:13)
      at runWithFiberInDEV (node_modules/react-reconciler/cjs/react-reconciler.development.js:2508:13)
      at commitHookEffectListUnmount (node_modules/react-reconciler/cjs/react-reconciler.development.js:10928:17)
      at commitHookPassiveUnmountEffects (node_modules/react-reconciler/cjs/react-reconciler.development.js:10959:11)
      at commitPassiveUnmountEffectsInsideOfDeletedTree_begin (node_modules/react-reconciler/cjs/react-reconciler.development.js:13779:13)
      at recursivelyTraversePassiveUnmountEffects (node_modules/react-reconciler/cjs/react-reconciler.development.js:13600:13)
      at commitPassiveUnmountOnFiber (node_modules/react-reconciler/cjs/react-reconciler.development.js:13642:11)
      at flushPassiveEffects (node_modules/react-reconciler/cjs/react-reconciler.development.js:15978:9)
      at node_modules/react-reconciler/cjs/react-reconciler.development.js:15555:15
      at flushActQueue (node_modules/react/cjs/react.development.js:590:34)
      at node_modules/react/cjs/react.development.js:847:21

    console.warn
      [Worklets] Tried to modify key `value` of an object which has been already passed to a worklet. See
              https://docs.swmansion.com/react-native-reanimated/docs/guides/troubleshooting#tried-to-modify-key-of-an-object-which-has-been-converted-to-a-serializable
              for more details.

      at Object.warn (node_modules/react-native-worklets/src/debug/logger.ts:11:13)
      at Object.warn [as value] (node_modules/react-native-worklets/src/memory/serializable.native.ts:779:16)
      at cancelAnimationWeb (node_modules/react-native-reanimated/src/animation/util.ts:597:20)
      at node_modules/react-native-reanimated/src/hook/useSharedValue.ts:23:22
      at Object.react_stack_bottom_frame (node_modules/react-reconciler/cjs/react-reconciler.development.js:17693:13)
      at runWithFiberInDEV (node_modules/react-reconciler/cjs/react-reconciler.development.js:2508:13)
      at commitHookEffectListUnmount (node_modules/react-reconciler/cjs/react-reconciler.development.js:10928:17)
      at commitHookPassiveUnmountEffects (node_modules/react-reconciler/cjs/react-reconciler.development.js:10959:11)
      at commitPassiveUnmountEffectsInsideOfDeletedTree_begin (node_modules/react-reconciler/cjs/react-reconciler.development.js:13779:13)
      at recursivelyTraversePassiveUnmountEffects (node_modules/react-reconciler/cjs/react-reconciler.development.js:13600:13)
      at commitPassiveUnmountOnFiber (node_modules/react-reconciler/cjs/react-reconciler.development.js:13642:11)
      at flushPassiveEffects (node_modules/react-reconciler/cjs/react-reconciler.development.js:15978:9)
      at node_modules/react-reconciler/cjs/react-reconciler.development.js:15555:15
      at flushActQueue (node_modules/react/cjs/react.development.js:590:34)
      at node_modules/react/cjs/react.development.js:847:21

    console.warn
      [Worklets] Tried to modify key `value` of an object which has been already passed to a worklet. See
              https://docs.swmansion.com/react-native-reanimated/docs/guides/troubleshooting#tried-to-modify-key-of-an-object-which-has-been-converted-to-a-serializable
              for more details.

      at Object.warn (node_modules/react-native-worklets/src/debug/logger.ts:11:13)
      at Object.warn [as value] (node_modules/react-native-worklets/src/memory/serializable.native.ts:779:16)
      at node_modules/react-native-reanimated/src/hook/useAnimatedStyle.ts:609:32
      at Object.react_stack_bottom_frame (node_modules/react-reconciler/cjs/react-reconciler.development.js:17693:13)
      at runWithFiberInDEV (node_modules/react-reconciler/cjs/react-reconciler.development.js:2508:13)
      at commitHookEffectListUnmount (node_modules/react-reconciler/cjs/react-reconciler.development.js:10928:17)
      at commitHookPassiveUnmountEffects (node_modules/react-reconciler/cjs/react-reconciler.development.js:10959:11)
      at commitPassiveUnmountEffectsInsideOfDeletedTree_begin (node_modules/react-reconciler/cjs/react-reconciler.development.js:13779:13)
      at recursivelyTraversePassiveUnmountEffects (node_modules/react-reconciler/cjs/react-reconciler.development.js:13600:13)
      at commitPassiveUnmountOnFiber (node_modules/react-reconciler/cjs/react-reconciler.development.js:13642:11)
      at flushPassiveEffects (node_modules/react-reconciler/cjs/react-reconciler.development.js:15978:9)
      at node_modules/react-reconciler/cjs/react-reconciler.development.js:15555:15
      at flushActQueue (node_modules/react/cjs/react.development.js:590:34)
      at node_modules/react/cjs/react.development.js:847:21

    console.warn
      [Worklets] Tried to modify key `value` of an object which has been already passed to a worklet. See
              https://docs.swmansion.com/react-native-reanimated/docs/guides/troubleshooting#tried-to-modify-key-of-an-object-which-has-been-converted-to-a-serializable
              for more details.

      at Object.warn (node_modules/react-native-worklets/src/debug/logger.ts:11:13)
      at Object.warn [as value] (node_modules/react-native-worklets/src/memory/serializable.native.ts:779:16)
      at node_modules/react-native-reanimated/src/hook/useAnimatedStyle.ts:607:30
      at Object.react_stack_bottom_frame (node_modules/react-reconciler/cjs/react-reconciler.development.js:17681:20)
      at runWithFiberInDEV (node_modules/react-reconciler/cjs/react-reconciler.development.js:2508:13)
      at commitHookEffectListMount (node_modules/react-reconciler/cjs/react-reconciler.development.js:10861:29)
      at commitHookPassiveMountEffects (node_modules/react-reconciler/cjs/react-reconciler.development.js:10948:11)
      at commitPassiveMountOnFiber (node_modules/react-reconciler/cjs/react-reconciler.development.js:12979:13)
      at recursivelyTraversePassiveMountEffects (node_modules/react-reconciler/cjs/react-reconciler.development.js:12934:11)
      at commitPassiveMountOnFiber (node_modules/react-reconciler/cjs/react-reconciler.development.js:13014:11)
      at flushPassiveEffects (node_modules/react-reconciler/cjs/react-reconciler.development.js:15982:9)
      at node_modules/react-reconciler/cjs/react-reconciler.development.js:15555:15
      at flushActQueue (node_modules/react/cjs/react.development.js:590:34)
      at node_modules/react/cjs/react.development.js:847:21

    console.warn
      [Worklets] Tried to modify key `value` of an object which has been already passed to a worklet. See
              https://docs.swmansion.com/react-native-reanimated/docs/guides/troubleshooting#tried-to-modify-key-of-an-object-which-has-been-converted-to-a-serializable
              for more details.

      at Object.warn (node_modules/react-native-worklets/src/debug/logger.ts:11:13)
      at Object.warn [as value] (node_modules/react-native-worklets/src/memory/serializable.native.ts:779:16)
      at cancelAnimationWeb (node_modules/react-native-reanimated/src/animation/util.ts:597:20)
      at node_modules/react-native-reanimated/src/hook/useSharedValue.ts:23:22
      at Object.react_stack_bottom_frame (node_modules/react-reconciler/cjs/react-reconciler.development.js:17693:13)
      at runWithFiberInDEV (node_modules/react-reconciler/cjs/react-reconciler.development.js:2508:13)
      at commitHookEffectListUnmount (node_modules/react-reconciler/cjs/react-reconciler.development.js:10928:17)
      at commitHookPassiveUnmountEffects (node_modules/react-reconciler/cjs/react-reconciler.development.js:10959:11)
      at commitPassiveUnmountEffectsInsideOfDeletedTree_begin (node_modules/react-reconciler/cjs/react-reconciler.development.js:13779:13)
      at recursivelyTraversePassiveUnmountEffects (node_modules/react-reconciler/cjs/react-reconciler.development.js:13600:13)
      at commitPassiveUnmountOnFiber (node_modules/react-reconciler/cjs/react-reconciler.development.js:13642:11)
      at flushPassiveEffects (node_modules/react-reconciler/cjs/react-reconciler.development.js:15978:9)
      at node_modules/react-reconciler/cjs/react-reconciler.development.js:15555:15
      at flushActQueue (node_modules/react/cjs/react.development.js:590:34)
      at node_modules/react/cjs/react.development.js:847:21

    console.warn
      [Worklets] Tried to modify key `value` of an object which has been already passed to a worklet. See
              https://docs.swmansion.com/react-native-reanimated/docs/guides/troubleshooting#tried-to-modify-key-of-an-object-which-has-been-converted-to-a-serializable
              for more details.

      at Object.warn (node_modules/react-native-worklets/src/debug/logger.ts:11:13)
      at Object.warn [as value] (node_modules/react-native-worklets/src/memory/serializable.native.ts:779:16)
      at cancelAnimationWeb (node_modules/react-native-reanimated/src/animation/util.ts:597:20)
      at node_modules/react-native-reanimated/src/hook/useSharedValue.ts:23:22
      at Object.react_stack_bottom_frame (node_modules/react-reconciler/cjs/react-reconciler.development.js:17693:13)
      at runWithFiberInDEV (node_modules/react-reconciler/cjs/react-reconciler.development.js:2508:13)
      at commitHookEffectListUnmount (node_modules/react-reconciler/cjs/react-reconciler.development.js:10928:17)
      at commitHookPassiveUnmountEffects (node_modules/react-reconciler/cjs/react-reconciler.development.js:10959:11)
      at commitPassiveUnmountEffectsInsideOfDeletedTree_begin (node_modules/react-reconciler/cjs/react-reconciler.development.js:13779:13)
      at recursivelyTraversePassiveUnmountEffects (node_modules/react-reconciler/cjs/react-reconciler.development.js:13600:13)
      at commitPassiveUnmountOnFiber (node_modules/react-reconciler/cjs/react-reconciler.development.js:13642:11)
      at flushPassiveEffects (node_modules/react-reconciler/cjs/react-reconciler.development.js:15978:9)
      at node_modules/react-reconciler/cjs/react-reconciler.development.js:15555:15
      at flushActQueue (node_modules/react/cjs/react.development.js:590:34)
      at node_modules/react/cjs/react.development.js:847:21

    console.warn
      [Worklets] Tried to modify key `value` of an object which has been already passed to a worklet. See
              https://docs.swmansion.com/react-native-reanimated/docs/guides/troubleshooting#tried-to-modify-key-of-an-object-which-has-been-converted-to-a-serializable
              for more details.

      at Object.warn (node_modules/react-native-worklets/src/debug/logger.ts:11:13)
      at Object.warn [as value] (node_modules/react-native-worklets/src/memory/serializable.native.ts:779:16)
      at node_modules/react-native-reanimated/src/hook/useAnimatedStyle.ts:609:32
      at Object.react_stack_bottom_frame (node_modules/react-reconciler/cjs/react-reconciler.development.js:17693:13)
      at runWithFiberInDEV (node_modules/react-reconciler/cjs/react-reconciler.development.js:2508:13)
      at commitHookEffectListUnmount (node_modules/react-reconciler/cjs/react-reconciler.development.js:10928:17)
      at commitHookPassiveUnmountEffects (node_modules/react-reconciler/cjs/react-reconciler.development.js:10959:11)
      at commitPassiveUnmountEffectsInsideOfDeletedTree_begin (node_modules/react-reconciler/cjs/react-reconciler.development.js:13779:13)
      at recursivelyTraversePassiveUnmountEffects (node_modules/react-reconciler/cjs/react-reconciler.development.js:13600:13)
      at commitPassiveUnmountOnFiber (node_modules/react-reconciler/cjs/react-reconciler.development.js:13642:11)
      at flushPassiveEffects (node_modules/react-reconciler/cjs/react-reconciler.development.js:15978:9)
      at node_modules/react-reconciler/cjs/react-reconciler.development.js:15555:15
      at flushActQueue (node_modules/react/cjs/react.development.js:590:34)
      at node_modules/react/cjs/react.development.js:847:21

    console.warn
      [Worklets] Tried to modify key `value` of an object which has been already passed to a worklet. See
              https://docs.swmansion.com/react-native-reanimated/docs/guides/troubleshooting#tried-to-modify-key-of-an-object-which-has-been-converted-to-a-serializable
              for more details.

      at Object.warn (node_modules/react-native-worklets/src/debug/logger.ts:11:13)
      at Object.warn [as value] (node_modules/react-native-worklets/src/memory/serializable.native.ts:779:16)
      at node_modules/react-native-reanimated/src/hook/useAnimatedStyle.ts:607:30
      at Object.react_stack_bottom_frame (node_modules/react-reconciler/cjs/react-reconciler.development.js:17681:20)
      at runWithFiberInDEV (node_modules/react-reconciler/cjs/react-reconciler.development.js:2508:13)
      at commitHookEffectListMount (node_modules/react-reconciler/cjs/react-reconciler.development.js:10861:29)
      at commitHookPassiveMountEffects (node_modules/react-reconciler/cjs/react-reconciler.development.js:10948:11)
      at commitPassiveMountOnFiber (node_modules/react-reconciler/cjs/react-reconciler.development.js:12979:13)
      at recursivelyTraversePassiveMountEffects (node_modules/react-reconciler/cjs/react-reconciler.development.js:12934:11)
      at commitPassiveMountOnFiber (node_modules/react-reconciler/cjs/react-reconciler.development.js:13014:11)
      at flushPassiveEffects (node_modules/react-reconciler/cjs/react-reconciler.development.js:15982:9)
      at node_modules/react-reconciler/cjs/react-reconciler.development.js:15555:15
      at flushActQueue (node_modules/react/cjs/react.development.js:590:34)
      at node_modules/react/cjs/react.development.js:847:21

    console.warn
      [Worklets] Tried to modify key `value` of an object which has been already passed to a worklet. See
              https://docs.swmansion.com/react-native-reanimated/docs/guides/troubleshooting#tried-to-modify-key-of-an-object-which-has-been-converted-to-a-serializable
              for more details.

      at Object.warn (node_modules/react-native-worklets/src/debug/logger.ts:11:13)
      at Object.warn [as value] (node_modules/react-native-worklets/src/memory/serializable.native.ts:779:16)
      at cancelAnimationWeb (node_modules/react-native-reanimated/src/animation/util.ts:597:20)
      at node_modules/react-native-reanimated/src/hook/useSharedValue.ts:23:22
      at Object.react_stack_bottom_frame (node_modules/react-reconciler/cjs/react-reconciler.development.js:17693:13)
      at runWithFiberInDEV (node_modules/react-reconciler/cjs/react-reconciler.development.js:2508:13)
      at commitHookEffectListUnmount (node_modules/react-reconciler/cjs/react-reconciler.development.js:10928:17)
      at commitHookPassiveUnmountEffects (node_modules/react-reconciler/cjs/react-reconciler.development.js:10959:11)
      at commitPassiveUnmountEffectsInsideOfDeletedTree_begin (node_modules/react-reconciler/cjs/react-reconciler.development.js:13779:13)
      at recursivelyTraversePassiveUnmountEffects (node_modules/react-reconciler/cjs/react-reconciler.development.js:13600:13)
      at commitPassiveUnmountOnFiber (node_modules/react-reconciler/cjs/react-reconciler.development.js:13642:11)
      at flushPassiveEffects (node_modules/react-reconciler/cjs/react-reconciler.development.js:15978:9)
      at node_modules/react-reconciler/cjs/react-reconciler.development.js:15555:15
      at flushActQueue (node_modules/react/cjs/react.development.js:590:34)
      at node_modules/react/cjs/react.development.js:847:21

    console.warn
      [Worklets] Tried to modify key `value` of an object which has been already passed to a worklet. See
              https://docs.swmansion.com/react-native-reanimated/docs/guides/troubleshooting#tried-to-modify-key-of-an-object-which-has-been-converted-to-a-serializable
              for more details.

      at Object.warn (node_modules/react-native-worklets/src/debug/logger.ts:11:13)
      at Object.warn [as value] (node_modules/react-native-worklets/src/memory/serializable.native.ts:779:16)
      at cancelAnimationWeb (node_modules/react-native-reanimated/src/animation/util.ts:597:20)
      at node_modules/react-native-reanimated/src/hook/useSharedValue.ts:23:22
      at Object.react_stack_bottom_frame (node_modules/react-reconciler/cjs/react-reconciler.development.js:17693:13)
      at runWithFiberInDEV (node_modules/react-reconciler/cjs/react-reconciler.development.js:2508:13)
      at commitHookEffectListUnmount (node_modules/react-reconciler/cjs/react-reconciler.development.js:10928:17)
      at commitHookPassiveUnmountEffects (node_modules/react-reconciler/cjs/react-reconciler.development.js:10959:11)
      at commitPassiveUnmountEffectsInsideOfDeletedTree_begin (node_modules/react-reconciler/cjs/react-reconciler.development.js:13779:13)
      at recursivelyTraversePassiveUnmountEffects (node_modules/react-reconciler/cjs/react-reconciler.development.js:13600:13)
      at commitPassiveUnmountOnFiber (node_modules/react-reconciler/cjs/react-reconciler.development.js:13642:11)
      at flushPassiveEffects (node_modules/react-reconciler/cjs/react-reconciler.development.js:15978:9)
      at node_modules/react-reconciler/cjs/react-reconciler.development.js:15555:15
      at flushActQueue (node_modules/react/cjs/react.development.js:590:34)
      at node_modules/react/cjs/react.development.js:847:21

    console.warn
      [Worklets] Tried to modify key `value` of an object which has been already passed to a worklet. See
              https://docs.swmansion.com/react-native-reanimated/docs/guides/troubleshooting#tried-to-modify-key-of-an-object-which-has-been-converted-to-a-serializable
              for more details.

      at Object.warn (node_modules/react-native-worklets/src/debug/logger.ts:11:13)
      at Object.warn [as value] (node_modules/react-native-worklets/src/memory/serializable.native.ts:779:16)
      at node_modules/react-native-reanimated/src/hook/useAnimatedStyle.ts:609:32
      at Object.react_stack_bottom_frame (node_modules/react-reconciler/cjs/react-reconciler.development.js:17693:13)
      at runWithFiberInDEV (node_modules/react-reconciler/cjs/react-reconciler.development.js:2508:13)
      at commitHookEffectListUnmount (node_modules/react-reconciler/cjs/react-reconciler.development.js:10928:17)
      at commitHookPassiveUnmountEffects (node_modules/react-reconciler/cjs/react-reconciler.development.js:10959:11)
      at commitPassiveUnmountEffectsInsideOfDeletedTree_begin (node_modules/react-reconciler/cjs/react-reconciler.development.js:13779:13)
      at recursivelyTraversePassiveUnmountEffects (node_modules/react-reconciler/cjs/react-reconciler.development.js:13600:13)
      at commitPassiveUnmountOnFiber (node_modules/react-reconciler/cjs/react-reconciler.development.js:13642:11)
      at flushPassiveEffects (node_modules/react-reconciler/cjs/react-reconciler.development.js:15978:9)
      at node_modules/react-reconciler/cjs/react-reconciler.development.js:15555:15
      at flushActQueue (node_modules/react/cjs/react.development.js:590:34)
      at node_modules/react/cjs/react.development.js:847:21

PASS src/screens/coach/__tests__/CoachBriefScreenRoman.test.tsx
PASS src/screens/coach/__tests__/workoutBuilderAutosaveDiff.test.ts
PASS src/navigation/__tests__/communityFlagOff.test.ts
PASS src/navigation/__tests__/coachCommunityFlagOff.test.ts
PASS src/navigation/__tests__/importDataFlagOff.test.ts
PASS src/screens/coach/__tests__/InviteCodesShare.test.ts
PASS src/config/__tests__/importFlags.test.ts
PASS src/navigation/__tests__/romanFlagOff.test.ts
PASS src/navigation/__tests__/communityClassroomFlagOff.test.ts
PASS src/navigation/__tests__/communityChallengesFlagOff.test.ts
PASS src/navigation/__tests__/clientNavigator.test.ts
PASS src/navigation/__tests__/day1OnboardingRouting.test.ts
PASS src/navigation/__tests__/coachCommunityWearablePromptsFlagOff.test.ts
PASS src/navigation/__tests__/communitySearchFlagOff.test.ts
PASS src/navigation/__tests__/coachNavigation.test.ts
PASS src/navigation/__tests__/deepLinkUtils.test.ts
PASS src/navigation/__tests__/communityVoiceFlagOff.test.ts
PASS src/screens/coach/ed/__tests__/firstPaymentGate.test.ts
PASS src/config/__tests__/aiGatewayFlags.test.ts
PASS src/screens/coach/__tests__/InviteCtaWiring.test.ts
PASS src/screens/coach/__tests__/TeamManagementScreen.test.ts
PASS src/config/__tests__/helpUrl.test.ts
PASS src/screens/coach/__tests__/coachHomeThreeArcFlagOff.test.tsx
PASS src/screens/coach/__tests__/CreditPackCheckoutScreen.test.ts
PASS src/screens/coach/cross-pillar/__tests__/PracticeSelectionFederation.test.ts

Test Suites: 307 passed, 307 total
Tests:       3820 passed, 3820 total
Snapshots:   5 passed, 5 total
Time:        91.805 s
Ran all test suites.
Jest did not exit one second after the test run has completed.

'This usually means that there are asynchronous operations that weren't stopped in your tests. Consider running Jest with `--detectOpenHandles` to troubleshoot this issue.
Terminated
