  console.warn
    PG17_PROCESS {"name":"g2g_1","options":{"action":"pair-init","coach":"s11b-coach-a","body":{},"host":"P1","role":"phone"},"result":{"pairing_code":"081345","expires_at":"2026-09-27T21:30:56.512Z","import_intent_id":"a4a196fe-21a1-432f-9592-120768951b7d"},"queries":11,"pid":7644}

    [0m [90m 181 |[39m       }
     [90m 182 |[39m       [90m// Query shapes, outcomes, fixture identifiers and process IDs only; never parameters.[39m
    [31m[1m>[22m[39m[90m 183 |[39m       console[33m.[39mwarn(
     [90m     |[39m               [31m[1m^[22m[39m
     [90m 184 |[39m         [32m'PG17_PROCESS'[39m[33m,[39m
     [90m 185 |[39m         [33mJSON[39m[33m.[39mstringify({
     [90m 186 |[39m           name[33m,[39m[0m

      at settleWorker (test/utils/g2-s11-pg-harness.ts:183:15)
      at ChildProcess.<anonymous> (test/utils/g2-s11-pg-harness.ts:202:7)

  console.warn
    PG17_PROCESS {"name":"g2g_2","options":{"action":"pair-redeem","coach":"unauthenticated","body":{"code":"081345"},"host":"P2","role":"ext"},"result":{"access_token":"synthetic-access-1","refresh_token":"synthetic-refresh-1","chosen_platform":"s11-label","import_intent_id":"a4a196fe-21a1-432f-9592-120768951b7d"},"queries":10,"pid":7663}

    [0m [90m 181 |[39m       }
     [90m 182 |[39m       [90m// Query shapes, outcomes, fixture identifiers and process IDs only; never parameters.[39m
    [31m[1m>[22m[39m[90m 183 |[39m       console[33m.[39mwarn(
     [90m     |[39m               [31m[1m^[22m[39m
     [90m 184 |[39m         [32m'PG17_PROCESS'[39m[33m,[39m
     [90m 185 |[39m         [33mJSON[39m[33m.[39mstringify({
     [90m 186 |[39m           name[33m,[39m[0m

      at settleWorker (test/utils/g2-s11-pg-harness.ts:183:15)
      at ChildProcess.<anonymous> (test/utils/g2-s11-pg-harness.ts:202:7)

  console.warn
    PG17_PROCESS {"name":"g2g_3","options":{"action":"start","coach":"s11b-coach-a","intent":"a4a196fe-21a1-432f-9592-120768951b7d","host":"P2","role":"phone"},"result":{"intent_id":"a4a196fe-21a1-432f-9592-120768951b7d","mode":"server","phase":"discovering","execution_epoch":1,"accepted_start_at":"2026-09-27T21:29:00.783Z","deadline_at":"2026-09-27T21:34:00.783Z"},"queries":3,"pid":7682}

    [0m [90m 181 |[39m       }
     [90m 182 |[39m       [90m// Query shapes, outcomes, fixture identifiers and process IDs only; never parameters.[39m
    [31m[1m>[22m[39m[90m 183 |[39m       console[33m.[39mwarn(
     [90m     |[39m               [31m[1m^[22m[39m
     [90m 184 |[39m         [32m'PG17_PROCESS'[39m[33m,[39m
     [90m 185 |[39m         [33mJSON[39m[33m.[39mstringify({
     [90m 186 |[39m           name[33m,[39m[0m

      at settleWorker (test/utils/g2-s11-pg-harness.ts:183:15)
      at ChildProcess.<anonymous> (test/utils/g2-s11-pg-harness.ts:202:7)

  console.warn
    PG17_PROCESS {"name":"g2g_4","options":{"action":"ingest","coach":"s11b-coach-a","intent":"a4a196fe-21a1-432f-9592-120768951b7d","body":{"entity_type":"people","entities":[{"sourceId":"p-1","payload":{"name":"Synthetic p-1"}},{"sourceId":"p-2","payload":{"name":"Synthetic p-2"}}]},"host":"P1","role":"ext"},"result":{"received":2,"deduped":0},"queries":8,"pid":7702}

    [0m [90m 181 |[39m       }
     [90m 182 |[39m       [90m// Query shapes, outcomes, fixture identifiers and process IDs only; never parameters.[39m
    [31m[1m>[22m[39m[90m 183 |[39m       console[33m.[39mwarn(
     [90m     |[39m               [31m[1m^[22m[39m
     [90m 184 |[39m         [32m'PG17_PROCESS'[39m[33m,[39m
     [90m 185 |[39m         [33mJSON[39m[33m.[39mstringify({
     [90m 186 |[39m           name[33m,[39m[0m

      at settleWorker (test/utils/g2-s11-pg-harness.ts:183:15)
      at ChildProcess.<anonymous> (test/utils/g2-s11-pg-harness.ts:202:7)

  console.warn
    PG17_PROCESS {"name":"g2g_5","options":{"action":"ingest","coach":"s11b-coach-a","intent":"a4a196fe-21a1-432f-9592-120768951b7d","body":{"entity_type":"blocks","entities":[{"sourceId":"blk-1","payload":{"title":"Base Block","weeks":4,"days":3,"notes":"synthetic"}}]},"host":"P2","role":"ext"},"result":{"received":1,"deduped":0},"queries":8,"pid":7723}

    [0m [90m 181 |[39m       }
     [90m 182 |[39m       [90m// Query shapes, outcomes, fixture identifiers and process IDs only; never parameters.[39m
    [31m[1m>[22m[39m[90m 183 |[39m       console[33m.[39mwarn(
     [90m     |[39m               [31m[1m^[22m[39m
     [90m 184 |[39m         [32m'PG17_PROCESS'[39m[33m,[39m
     [90m 185 |[39m         [33mJSON[39m[33m.[39mstringify({
     [90m 186 |[39m           name[33m,[39m[0m

      at settleWorker (test/utils/g2-s11-pg-harness.ts:183:15)
      at ChildProcess.<anonymous> (test/utils/g2-s11-pg-harness.ts:202:7)

  console.warn
    PG17_PROCESS {"name":"g2g_6","options":{"action":"ingest","coach":"s11b-coach-a","intent":"a4a196fe-21a1-432f-9592-120768951b7d","body":{"entity_type":"routines","entities":[{"sourceId":"rt-1","payload":{"title":"Push Day","kind":"lift","minutes":45,"exercises":[{"id":"e1","exercise":"22222222-2222-4222-8222-222222222222","sets":3,"reps":8,"kg":100}]}}]},"host":"P1","role":"ext"},"result":{"received":1,"deduped":0},"queries":8,"pid":7743}

    [0m [90m 181 |[39m       }
     [90m 182 |[39m       [90m// Query shapes, outcomes, fixture identifiers and process IDs only; never parameters.[39m
    [31m[1m>[22m[39m[90m 183 |[39m       console[33m.[39mwarn(
     [90m     |[39m               [31m[1m^[22m[39m
     [90m 184 |[39m         [32m'PG17_PROCESS'[39m[33m,[39m
     [90m 185 |[39m         [33mJSON[39m[33m.[39mstringify({
     [90m 186 |[39m           name[33m,[39m[0m

      at settleWorker (test/utils/g2-s11-pg-harness.ts:183:15)
      at ChildProcess.<anonymous> (test/utils/g2-s11-pg-harness.ts:202:7)

  console.warn
    PG17_PROCESS {"name":"g2g_7","options":{"action":"ingest","coach":"s11b-coach-a","intent":"a4a196fe-21a1-432f-9592-120768951b7d","body":{"entity_type":"log","entities":[{"sourceId":"h-1","payload":{"title":"note"}}]},"host":"P2","role":"ext"},"result":{"received":1,"deduped":0},"queries":8,"pid":7763}

    [0m [90m 181 |[39m       }
     [90m 182 |[39m       [90m// Query shapes, outcomes, fixture identifiers and process IDs only; never parameters.[39m
    [31m[1m>[22m[39m[90m 183 |[39m       console[33m.[39mwarn(
     [90m     |[39m               [31m[1m^[22m[39m
     [90m 184 |[39m         [32m'PG17_PROCESS'[39m[33m,[39m
     [90m 185 |[39m         [33mJSON[39m[33m.[39mstringify({
     [90m 186 |[39m           name[33m,[39m[0m

      at settleWorker (test/utils/g2-s11-pg-harness.ts:183:15)
      at ChildProcess.<anonymous> (test/utils/g2-s11-pg-harness.ts:202:7)

  console.warn
    PG17_PROCESS {"name":"g2g_8","options":{"action":"complete","coach":"s11b-coach-a","intent":"a4a196fe-21a1-432f-9592-120768951b7d","body":{"terminal_status":"success"},"host":"P1","role":"ext"},"result":{"acknowledged":true,"intent_id":"a4a196fe-21a1-432f-9592-120768951b7d"},"queries":93,"pid":7786}

    [0m [90m 181 |[39m       }
     [90m 182 |[39m       [90m// Query shapes, outcomes, fixture identifiers and process IDs only; never parameters.[39m
    [31m[1m>[22m[39m[90m 183 |[39m       console[33m.[39mwarn(
     [90m     |[39m               [31m[1m^[22m[39m
     [90m 184 |[39m         [32m'PG17_PROCESS'[39m[33m,[39m
     [90m 185 |[39m         [33mJSON[39m[33m.[39mstringify({
     [90m 186 |[39m           name[33m,[39m[0m

      at settleWorker (test/utils/g2-s11-pg-harness.ts:183:15)
      at ChildProcess.<anonymous> (test/utils/g2-s11-pg-harness.ts:202:7)

  console.warn
    PG17_PROCESS {"name":"g2g_9","options":{"action":"pair-init","coach":"s11b-coach-a","body":{},"host":"P1","role":"phone"},"result":{"pairing_code":"764649","expires_at":"2026-09-27T21:31:15.294Z","import_intent_id":"06957c8b-9ab1-483a-ba25-890062d2fe22"},"queries":11,"pid":7832}

    [0m [90m 181 |[39m       }
     [90m 182 |[39m       [90m// Query shapes, outcomes, fixture identifiers and process IDs only; never parameters.[39m
    [31m[1m>[22m[39m[90m 183 |[39m       console[33m.[39mwarn(
     [90m     |[39m               [31m[1m^[22m[39m
     [90m 184 |[39m         [32m'PG17_PROCESS'[39m[33m,[39m
     [90m 185 |[39m         [33mJSON[39m[33m.[39mstringify({
     [90m 186 |[39m           name[33m,[39m[0m

      at settleWorker (test/utils/g2-s11-pg-harness.ts:183:15)
      at ChildProcess.<anonymous> (test/utils/g2-s11-pg-harness.ts:202:7)

  console.warn
    PG17_PROCESS {"name":"g2g_10","options":{"action":"pair-redeem","coach":"unauthenticated","body":{"code":"764649"},"host":"P2","role":"ext"},"result":{"access_token":"synthetic-access-1","refresh_token":"synthetic-refresh-1","chosen_platform":"s11-label","import_intent_id":"06957c8b-9ab1-483a-ba25-890062d2fe22"},"queries":10,"pid":7852}

    [0m [90m 181 |[39m       }
     [90m 182 |[39m       [90m// Query shapes, outcomes, fixture identifiers and process IDs only; never parameters.[39m
    [31m[1m>[22m[39m[90m 183 |[39m       console[33m.[39mwarn(
     [90m     |[39m               [31m[1m^[22m[39m
     [90m 184 |[39m         [32m'PG17_PROCESS'[39m[33m,[39m
     [90m 185 |[39m         [33mJSON[39m[33m.[39mstringify({
     [90m 186 |[39m           name[33m,[39m[0m

      at settleWorker (test/utils/g2-s11-pg-harness.ts:183:15)
      at ChildProcess.<anonymous> (test/utils/g2-s11-pg-harness.ts:202:7)

  console.warn
    PG17_PROCESS {"name":"g2g_11","options":{"action":"start","coach":"s11b-coach-a","intent":"06957c8b-9ab1-483a-ba25-890062d2fe22","host":"P2","role":"phone"},"result":{"intent_id":"06957c8b-9ab1-483a-ba25-890062d2fe22","mode":"server","phase":"discovering","execution_epoch":1,"accepted_start_at":"2026-09-27T21:29:19.612Z","deadline_at":"2026-09-27T21:34:19.612Z"},"queries":3,"pid":7872}

    [0m [90m 181 |[39m       }
     [90m 182 |[39m       [90m// Query shapes, outcomes, fixture identifiers and process IDs only; never parameters.[39m
    [31m[1m>[22m[39m[90m 183 |[39m       console[33m.[39mwarn(
     [90m     |[39m               [31m[1m^[22m[39m
     [90m 184 |[39m         [32m'PG17_PROCESS'[39m[33m,[39m
     [90m 185 |[39m         [33mJSON[39m[33m.[39mstringify({
     [90m 186 |[39m           name[33m,[39m[0m

      at settleWorker (test/utils/g2-s11-pg-harness.ts:183:15)
      at ChildProcess.<anonymous> (test/utils/g2-s11-pg-harness.ts:202:7)

  console.warn
    PG17_PROCESS {"name":"g2g_12","options":{"action":"ingest","coach":"s11b-coach-a","intent":"06957c8b-9ab1-483a-ba25-890062d2fe22","body":{"entity_type":"people","entities":[{"sourceId":"p-1","payload":{"name":"Synthetic p-1"}},{"sourceId":"p-2","payload":{"name":"Synthetic p-2"}}]},"host":"P1","role":"ext"},"result":{"received":2,"deduped":0},"queries":8,"pid":7892}

    [0m [90m 181 |[39m       }
     [90m 182 |[39m       [90m// Query shapes, outcomes, fixture identifiers and process IDs only; never parameters.[39m
    [31m[1m>[22m[39m[90m 183 |[39m       console[33m.[39mwarn(
     [90m     |[39m               [31m[1m^[22m[39m
     [90m 184 |[39m         [32m'PG17_PROCESS'[39m[33m,[39m
     [90m 185 |[39m         [33mJSON[39m[33m.[39mstringify({
     [90m 186 |[39m           name[33m,[39m[0m

      at settleWorker (test/utils/g2-s11-pg-harness.ts:183:15)
      at ChildProcess.<anonymous> (test/utils/g2-s11-pg-harness.ts:202:7)

  console.warn
    PG17_PROCESS {"name":"g2g_13","options":{"action":"ingest","coach":"s11b-coach-a","intent":"06957c8b-9ab1-483a-ba25-890062d2fe22","body":{"entity_type":"blocks","entities":[{"sourceId":"blk-1","payload":{"title":"Base Block","weeks":4,"days":3,"notes":"synthetic"}}]},"host":"P2","role":"ext"},"result":{"received":1,"deduped":0},"queries":8,"pid":7913}

    [0m [90m 181 |[39m       }
     [90m 182 |[39m       [90m// Query shapes, outcomes, fixture identifiers and process IDs only; never parameters.[39m
    [31m[1m>[22m[39m[90m 183 |[39m       console[33m.[39mwarn(
     [90m     |[39m               [31m[1m^[22m[39m
     [90m 184 |[39m         [32m'PG17_PROCESS'[39m[33m,[39m
     [90m 185 |[39m         [33mJSON[39m[33m.[39mstringify({
     [90m 186 |[39m           name[33m,[39m[0m

      at settleWorker (test/utils/g2-s11-pg-harness.ts:183:15)
      at ChildProcess.<anonymous> (test/utils/g2-s11-pg-harness.ts:202:7)

  console.warn
    PG17_PROCESS {"name":"g2g_14","options":{"action":"ingest","coach":"s11b-coach-a","intent":"06957c8b-9ab1-483a-ba25-890062d2fe22","body":{"entity_type":"routines","entities":[{"sourceId":"rt-1","payload":{"title":"Push Day","kind":"lift","minutes":45,"exercises":[{"id":"e1","exercise":"22222222-2222-4222-8222-222222222222","sets":3,"reps":8,"kg":100}]}}]},"host":"P1","role":"ext"},"result":{"received":1,"deduped":0},"queries":8,"pid":7933}

    [0m [90m 181 |[39m       }
     [90m 182 |[39m       [90m// Query shapes, outcomes, fixture identifiers and process IDs only; never parameters.[39m
    [31m[1m>[22m[39m[90m 183 |[39m       console[33m.[39mwarn(
     [90m     |[39m               [31m[1m^[22m[39m
     [90m 184 |[39m         [32m'PG17_PROCESS'[39m[33m,[39m
     [90m 185 |[39m         [33mJSON[39m[33m.[39mstringify({
     [90m 186 |[39m           name[33m,[39m[0m

      at settleWorker (test/utils/g2-s11-pg-harness.ts:183:15)
      at ChildProcess.<anonymous> (test/utils/g2-s11-pg-harness.ts:202:7)

  console.warn
    PG17_PROCESS {"name":"g2g_15","options":{"action":"ingest","coach":"s11b-coach-a","intent":"06957c8b-9ab1-483a-ba25-890062d2fe22","body":{"entity_type":"log","entities":[{"sourceId":"h-1","payload":{"title":"note"}}]},"host":"P2","role":"ext"},"result":{"received":1,"deduped":0},"queries":8,"pid":7953}

    [0m [90m 181 |[39m       }
     [90m 182 |[39m       [90m// Query shapes, outcomes, fixture identifiers and process IDs only; never parameters.[39m
    [31m[1m>[22m[39m[90m 183 |[39m       console[33m.[39mwarn(
     [90m     |[39m               [31m[1m^[22m[39m
     [90m 184 |[39m         [32m'PG17_PROCESS'[39m[33m,[39m
     [90m 185 |[39m         [33mJSON[39m[33m.[39mstringify({
     [90m 186 |[39m           name[33m,[39m[0m

      at settleWorker (test/utils/g2-s11-pg-harness.ts:183:15)
      at ChildProcess.<anonymous> (test/utils/g2-s11-pg-harness.ts:202:7)

  console.warn
    PG17_PROCESS {"name":"g2g_17","options":{"action":"status","coach":"s11b-coach-a","intent":"06957c8b-9ab1-483a-ba25-890062d2fe22","host":"P2","role":"phone"},"result":{"intent_id":"06957c8b-9ab1-483a-ba25-890062d2fe22","status":"running","entity_counts":[{"entity_type":"blocks","committed":1},{"entity_type":"log","committed":1},{"entity_type":"people","committed":2},{"entity_type":"routines","committed":1}],"started_at":"2026-09-27T21:29:21.778Z","completed_at":null,"mode":"server","phase":"reconciling","accepted_start_at":"2026-09-27T21:29:19.612Z","deadline_at":"2026-09-27T21:34:19.612Z","last_observed_at":"2026-09-27T21:29:30.520Z","execution_epoch":1,"reason_code":null,"claimed_status":"success","families":[{"family":"blocks","observed_unique":null,"staged_unique":1,"created_native":null,"already_present_verified":null,"rejected":null,"unresolved":null,"ledger":{"reconstructed":0,"skipped":0,"failed":0}},{"family":"log","observed_unique":null,"staged_unique":1,"created_native":null,"already_present_verified":null,"rejected":null,"unresolved":null,"ledger":{"reconstructed":0,"skipped":0,"failed":0}},{"family":"people","observed_unique":null,"staged_unique":2,"created_native":null,"already_present_verified":null,"rejected":null,"unresolved":null,"ledger":{"reconstructed":0,"skipped":1,"failed":0}},{"family":"routines","observed_unique":null,"staged_unique":1,"created_native":null,"already_present_verified":null,"rejected":null,"unresolved":null,"ledger":{"reconstructed":0,"skipped":0,"failed":0}}]},"queries":8,"pid":8024}

    [0m [90m 181 |[39m       }
     [90m 182 |[39m       [90m// Query shapes, outcomes, fixture identifiers and process IDs only; never parameters.[39m
    [31m[1m>[22m[39m[90m 183 |[39m       console[33m.[39mwarn(
     [90m     |[39m               [31m[1m^[22m[39m
     [90m 184 |[39m         [32m'PG17_PROCESS'[39m[33m,[39m
     [90m 185 |[39m         [33mJSON[39m[33m.[39mstringify({
     [90m 186 |[39m           name[33m,[39m[0m

      at settleWorker (test/utils/g2-s11-pg-harness.ts:183:15)
      at ChildProcess.<anonymous> (test/utils/g2-s11-pg-harness.ts:202:7)

  console.warn
    PG17_PROCESS {"name":"g2g_18","options":{"action":"complete","coach":"s11b-coach-a","intent":"06957c8b-9ab1-483a-ba25-890062d2fe22","body":{"terminal_status":"success"},"host":"P2","role":"ext"},"result":{"acknowledged":true,"intent_id":"06957c8b-9ab1-483a-ba25-890062d2fe22"},"queries":98,"pid":8046}

    [0m [90m 181 |[39m       }
     [90m 182 |[39m       [90m// Query shapes, outcomes, fixture identifiers and process IDs only; never parameters.[39m
    [31m[1m>[22m[39m[90m 183 |[39m       console[33m.[39mwarn(
     [90m     |[39m               [31m[1m^[22m[39m
     [90m 184 |[39m         [32m'PG17_PROCESS'[39m[33m,[39m
     [90m 185 |[39m         [33mJSON[39m[33m.[39mstringify({
     [90m 186 |[39m           name[33m,[39m[0m

      at settleWorker (test/utils/g2-s11-pg-harness.ts:183:15)
      at ChildProcess.<anonymous> (test/utils/g2-s11-pg-harness.ts:202:7)

  console.warn
    PG17_PROCESS {"name":"g2g_19","options":{"action":"status","coach":"s11b-coach-a","intent":"06957c8b-9ab1-483a-ba25-890062d2fe22","host":"P1","role":"phone"},"result":{"intent_id":"06957c8b-9ab1-483a-ba25-890062d2fe22","status":"partial","entity_counts":[{"entity_type":"blocks","committed":1},{"entity_type":"log","committed":1},{"entity_type":"people","committed":2},{"entity_type":"routines","committed":1}],"started_at":"2026-09-27T21:29:21.778Z","completed_at":"2026-09-27T21:29:34.950Z","mode":"server","phase":"reconciling","accepted_start_at":"2026-09-27T21:29:19.612Z","deadline_at":"2026-09-27T21:34:19.612Z","last_observed_at":"2026-09-27T21:29:34.945Z","execution_epoch":1,"reason_code":"unresolved_identities","claimed_status":"success","families":[{"family":"blocks","observed_unique":null,"staged_unique":1,"created_native":null,"already_present_verified":null,"rejected":0,"unresolved":0,"ledger":{"reconstructed":1,"skipped":0,"failed":0},"canonical_family":"programs","native_present_verified":1,"completeness_basis":"none","relationship_closure":"not_applicable","reasons":[],"qualifiers":[]},{"family":"log","observed_unique":null,"staged_unique":1,"created_native":null,"already_present_verified":null,"rejected":1,"unresolved":0,"ledger":{"reconstructed":0,"skipped":1,"failed":0},"canonical_family":"client_history","native_present_verified":0,"completeness_basis":"none","relationship_closure":"not_applicable","reasons":[{"code":"unsupported_platform:s11-proof","count":1}],"qualifiers":[]},{"family":"people","observed_unique":null,"staged_unique":2,"created_native":null,"already_present_verified":null,"rejected":2,"unresolved":0,"ledger":{"reconstructed":0,"skipped":2,"failed":0},"canonical_family":"clients","native_present_verified":0,"completeness_basis":"none","relationship_closure":"not_applicable","reasons":[{"code":"unsupported_platform:s11-proof","count":2}],"qualifiers":["roster_bridge_pending"]},{"family":"routines","observed_unique":null,"staged_unique":1,"created_native":null,"already_present_verified":null,"rejected":0,"unresolved":0,"ledger":{"reconstructed":1,"skipped":0,"failed":0},"canonical_family":"workouts","native_present_verified":1,"completeness_basis":"none","relationship_closure":"verified","reasons":[],"qualifiers":[]}]},"queries":9,"pid":8090}

    [0m [90m 181 |[39m       }
     [90m 182 |[39m       [90m// Query shapes, outcomes, fixture identifiers and process IDs only; never parameters.[39m
    [31m[1m>[22m[39m[90m 183 |[39m       console[33m.[39mwarn(
     [90m     |[39m               [31m[1m^[22m[39m
     [90m 184 |[39m         [32m'PG17_PROCESS'[39m[33m,[39m
     [90m 185 |[39m         [33mJSON[39m[33m.[39mstringify({
     [90m 186 |[39m           name[33m,[39m[0m

      at settleWorker (test/utils/g2-s11-pg-harness.ts:183:15)
      at ChildProcess.<anonymous> (test/utils/g2-s11-pg-harness.ts:202:7)

  console.warn
    PG17_PROCESS {"name":"g2g_20","options":{"action":"status","coach":"s11b-coach-a","intent":"06957c8b-9ab1-483a-ba25-890062d2fe22","host":"P2","role":"phone"},"result":{"intent_id":"06957c8b-9ab1-483a-ba25-890062d2fe22","status":"partial","entity_counts":[{"entity_type":"blocks","committed":1},{"entity_type":"log","committed":1},{"entity_type":"people","committed":2},{"entity_type":"routines","committed":1}],"started_at":"2026-09-27T21:29:21.778Z","completed_at":"2026-09-27T21:29:34.950Z","mode":"server","phase":"reconciling","accepted_start_at":"2026-09-27T21:29:19.612Z","deadline_at":"2026-09-27T21:34:19.612Z","last_observed_at":"2026-09-27T21:29:34.945Z","execution_epoch":1,"reason_code":"unresolved_identities","claimed_status":"success","families":[{"family":"blocks","observed_unique":null,"staged_unique":1,"created_native":null,"already_present_verified":null,"rejected":0,"unresolved":0,"ledger":{"reconstructed":1,"skipped":0,"failed":0},"canonical_family":"programs","native_present_verified":1,"completeness_basis":"none","relationship_closure":"not_applicable","reasons":[],"qualifiers":[]},{"family":"log","observed_unique":null,"staged_unique":1,"created_native":null,"already_present_verified":null,"rejected":1,"unresolved":0,"ledger":{"reconstructed":0,"skipped":1,"failed":0},"canonical_family":"client_history","native_present_verified":0,"completeness_basis":"none","relationship_closure":"not_applicable","reasons":[{"code":"unsupported_platform:s11-proof","count":1}],"qualifiers":[]},{"family":"people","observed_unique":null,"staged_unique":2,"created_native":null,"already_present_verified":null,"rejected":2,"unresolved":0,"ledger":{"reconstructed":0,"skipped":2,"failed":0},"canonical_family":"clients","native_present_verified":0,"completeness_basis":"none","relationship_closure":"not_applicable","reasons":[{"code":"unsupported_platform:s11-proof","count":2}],"qualifiers":["roster_bridge_pending"]},{"family":"routines","observed_unique":null,"staged_unique":1,"created_native":null,"already_present_verified":null,"rejected":0,"unresolved":0,"ledger":{"reconstructed":1,"skipped":0,"failed":0},"canonical_family":"workouts","native_present_verified":1,"completeness_basis":"none","relationship_closure":"verified","reasons":[],"qualifiers":[]}]},"queries":9,"pid":8110}

    [0m [90m 181 |[39m       }
     [90m 182 |[39m       [90m// Query shapes, outcomes, fixture identifiers and process IDs only; never parameters.[39m
    [31m[1m>[22m[39m[90m 183 |[39m       console[33m.[39mwarn(
     [90m     |[39m               [31m[1m^[22m[39m
     [90m 184 |[39m         [32m'PG17_PROCESS'[39m[33m,[39m
     [90m 185 |[39m         [33mJSON[39m[33m.[39mstringify({
     [90m 186 |[39m           name[33m,[39m[0m

      at settleWorker (test/utils/g2-s11-pg-harness.ts:183:15)
      at ChildProcess.<anonymous> (test/utils/g2-s11-pg-harness.ts:202:7)

  console.warn
    PG17_PROCESS {"name":"g2g_21","options":{"action":"complete","coach":"s11b-coach-a","intent":"06957c8b-9ab1-483a-ba25-890062d2fe22","body":{"terminal_status":"success"},"host":"P1","role":"ext"},"result":{"acknowledged":true,"intent_id":"06957c8b-9ab1-483a-ba25-890062d2fe22"},"queries":8,"pid":8150}

    [0m [90m 181 |[39m       }
     [90m 182 |[39m       [90m// Query shapes, outcomes, fixture identifiers and process IDs only; never parameters.[39m
    [31m[1m>[22m[39m[90m 183 |[39m       console[33m.[39mwarn(
     [90m     |[39m               [31m[1m^[22m[39m
     [90m 184 |[39m         [32m'PG17_PROCESS'[39m[33m,[39m
     [90m 185 |[39m         [33mJSON[39m[33m.[39mstringify({
     [90m 186 |[39m           name[33m,[39m[0m

      at settleWorker (test/utils/g2-s11-pg-harness.ts:183:15)
      at ChildProcess.<anonymous> (test/utils/g2-s11-pg-harness.ts:202:7)

  console.warn
    PG17_PROCESS {"name":"g2g_22","options":{"action":"pair-init","coach":"s11b-coach-a","body":{},"host":"P1","role":"phone"},"result":{"pairing_code":"635696","expires_at":"2026-09-27T21:31:44.143Z","import_intent_id":"62e07209-5ecc-4d5a-a330-8a5f982c495b"},"queries":11,"pid":8201}

    [0m [90m 181 |[39m       }
     [90m 182 |[39m       [90m// Query shapes, outcomes, fixture identifiers and process IDs only; never parameters.[39m
    [31m[1m>[22m[39m[90m 183 |[39m       console[33m.[39mwarn(
     [90m     |[39m               [31m[1m^[22m[39m
     [90m 184 |[39m         [32m'PG17_PROCESS'[39m[33m,[39m
     [90m 185 |[39m         [33mJSON[39m[33m.[39mstringify({
     [90m 186 |[39m           name[33m,[39m[0m

      at settleWorker (test/utils/g2-s11-pg-harness.ts:183:15)
      at ChildProcess.<anonymous> (test/utils/g2-s11-pg-harness.ts:202:7)

  console.warn
    PG17_PROCESS {"name":"g2g_23","options":{"action":"pair-redeem","coach":"unauthenticated","body":{"code":"635696"},"host":"P2","role":"ext"},"result":{"access_token":"synthetic-access-1","refresh_token":"synthetic-refresh-1","chosen_platform":"s11-label","import_intent_id":"62e07209-5ecc-4d5a-a330-8a5f982c495b"},"queries":10,"pid":8221}

    [0m [90m 181 |[39m       }
     [90m 182 |[39m       [90m// Query shapes, outcomes, fixture identifiers and process IDs only; never parameters.[39m
    [31m[1m>[22m[39m[90m 183 |[39m       console[33m.[39mwarn(
     [90m     |[39m               [31m[1m^[22m[39m
     [90m 184 |[39m         [32m'PG17_PROCESS'[39m[33m,[39m
     [90m 185 |[39m         [33mJSON[39m[33m.[39mstringify({
     [90m 186 |[39m           name[33m,[39m[0m

      at settleWorker (test/utils/g2-s11-pg-harness.ts:183:15)
      at ChildProcess.<anonymous> (test/utils/g2-s11-pg-harness.ts:202:7)

  console.warn
    PG17_PROCESS {"name":"g2g_24","options":{"action":"start","coach":"s11b-coach-a","intent":"62e07209-5ecc-4d5a-a330-8a5f982c495b","host":"P2","role":"phone"},"result":{"intent_id":"62e07209-5ecc-4d5a-a330-8a5f982c495b","mode":"server","phase":"discovering","execution_epoch":1,"accepted_start_at":"2026-09-27T21:29:48.392Z","deadline_at":"2026-09-27T21:34:48.392Z"},"queries":3,"pid":8240}

    [0m [90m 181 |[39m       }
     [90m 182 |[39m       [90m// Query shapes, outcomes, fixture identifiers and process IDs only; never parameters.[39m
    [31m[1m>[22m[39m[90m 183 |[39m       console[33m.[39mwarn(
     [90m     |[39m               [31m[1m^[22m[39m
     [90m 184 |[39m         [32m'PG17_PROCESS'[39m[33m,[39m
     [90m 185 |[39m         [33mJSON[39m[33m.[39mstringify({
     [90m 186 |[39m           name[33m,[39m[0m

      at settleWorker (test/utils/g2-s11-pg-harness.ts:183:15)
      at ChildProcess.<anonymous> (test/utils/g2-s11-pg-harness.ts:202:7)

  console.warn
    PG17_PROCESS {"name":"g2g_25","options":{"action":"ingest","coach":"s11b-coach-a","intent":"62e07209-5ecc-4d5a-a330-8a5f982c495b","body":{"entity_type":"people","entities":[{"sourceId":"p-1","payload":{"name":"Synthetic p-1"}},{"sourceId":"p-2","payload":{"name":"Synthetic p-2"}}]},"host":"P1","role":"ext"},"result":{"received":2,"deduped":0},"queries":8,"pid":8259}

    [0m [90m 181 |[39m       }
     [90m 182 |[39m       [90m// Query shapes, outcomes, fixture identifiers and process IDs only; never parameters.[39m
    [31m[1m>[22m[39m[90m 183 |[39m       console[33m.[39mwarn(
     [90m     |[39m               [31m[1m^[22m[39m
     [90m 184 |[39m         [32m'PG17_PROCESS'[39m[33m,[39m
     [90m 185 |[39m         [33mJSON[39m[33m.[39mstringify({
     [90m 186 |[39m           name[33m,[39m[0m

      at settleWorker (test/utils/g2-s11-pg-harness.ts:183:15)
      at ChildProcess.<anonymous> (test/utils/g2-s11-pg-harness.ts:202:7)

  console.warn
    PG17_PROCESS {"name":"g2g_26","options":{"action":"ingest","coach":"s11b-coach-a","intent":"62e07209-5ecc-4d5a-a330-8a5f982c495b","body":{"entity_type":"blocks","entities":[{"sourceId":"blk-1","payload":{"title":"Base Block","weeks":4,"days":3,"notes":"synthetic"}}]},"host":"P2","role":"ext"},"result":{"received":1,"deduped":0},"queries":8,"pid":8280}

    [0m [90m 181 |[39m       }
     [90m 182 |[39m       [90m// Query shapes, outcomes, fixture identifiers and process IDs only; never parameters.[39m
    [31m[1m>[22m[39m[90m 183 |[39m       console[33m.[39mwarn(
     [90m     |[39m               [31m[1m^[22m[39m
     [90m 184 |[39m         [32m'PG17_PROCESS'[39m[33m,[39m
     [90m 185 |[39m         [33mJSON[39m[33m.[39mstringify({
     [90m 186 |[39m           name[33m,[39m[0m

      at settleWorker (test/utils/g2-s11-pg-harness.ts:183:15)
      at ChildProcess.<anonymous> (test/utils/g2-s11-pg-harness.ts:202:7)

  console.warn
    PG17_PROCESS {"name":"g2g_27","options":{"action":"ingest","coach":"s11b-coach-a","intent":"62e07209-5ecc-4d5a-a330-8a5f982c495b","body":{"entity_type":"routines","entities":[{"sourceId":"rt-1","payload":{"title":"Push Day","kind":"lift","minutes":45,"exercises":[{"id":"e1","exercise":"22222222-2222-4222-8222-222222222222","sets":3,"reps":8,"kg":100}]}}]},"host":"P1","role":"ext"},"result":{"received":1,"deduped":0},"queries":8,"pid":8300}

    [0m [90m 181 |[39m       }
     [90m 182 |[39m       [90m// Query shapes, outcomes, fixture identifiers and process IDs only; never parameters.[39m
    [31m[1m>[22m[39m[90m 183 |[39m       console[33m.[39mwarn(
     [90m     |[39m               [31m[1m^[22m[39m
     [90m 184 |[39m         [32m'PG17_PROCESS'[39m[33m,[39m
     [90m 185 |[39m         [33mJSON[39m[33m.[39mstringify({
     [90m 186 |[39m           name[33m,[39m[0m

      at settleWorker (test/utils/g2-s11-pg-harness.ts:183:15)
      at ChildProcess.<anonymous> (test/utils/g2-s11-pg-harness.ts:202:7)

  console.warn
    PG17_PROCESS {"name":"g2g_28","options":{"action":"ingest","coach":"s11b-coach-a","intent":"62e07209-5ecc-4d5a-a330-8a5f982c495b","body":{"entity_type":"log","entities":[{"sourceId":"h-1","payload":{"title":"note"}}]},"host":"P2","role":"ext"},"result":{"received":1,"deduped":0},"queries":8,"pid":8320}

    [0m [90m 181 |[39m       }
     [90m 182 |[39m       [90m// Query shapes, outcomes, fixture identifiers and process IDs only; never parameters.[39m
    [31m[1m>[22m[39m[90m 183 |[39m       console[33m.[39mwarn(
     [90m     |[39m               [31m[1m^[22m[39m
     [90m 184 |[39m         [32m'PG17_PROCESS'[39m[33m,[39m
     [90m 185 |[39m         [33mJSON[39m[33m.[39mstringify({
     [90m 186 |[39m           name[33m,[39m[0m

      at settleWorker (test/utils/g2-s11-pg-harness.ts:183:15)
      at ChildProcess.<anonymous> (test/utils/g2-s11-pg-harness.ts:202:7)

  console.warn
    PG17_PROCESS {"name":"g2g_29","options":{"action":"complete","coach":"s11b-coach-a","intent":"62e07209-5ecc-4d5a-a330-8a5f982c495b","body":{"terminal_status":"success"},"host":"P1","role":"ext"},"result":{"acknowledged":true,"intent_id":"62e07209-5ecc-4d5a-a330-8a5f982c495b"},"queries":93,"pid":8342}

    [0m [90m 181 |[39m       }
     [90m 182 |[39m       [90m// Query shapes, outcomes, fixture identifiers and process IDs only; never parameters.[39m
    [31m[1m>[22m[39m[90m 183 |[39m       console[33m.[39mwarn(
     [90m     |[39m               [31m[1m^[22m[39m
     [90m 184 |[39m         [32m'PG17_PROCESS'[39m[33m,[39m
     [90m 185 |[39m         [33mJSON[39m[33m.[39mstringify({
     [90m 186 |[39m           name[33m,[39m[0m

      at settleWorker (test/utils/g2-s11-pg-harness.ts:183:15)
      at ChildProcess.<anonymous> (test/utils/g2-s11-pg-harness.ts:202:7)

  console.warn
    PG17_PROCESS {"name":"g2g_30","options":{"action":"pair-init","coach":"s11b-coach-a","body":{},"host":"P2","role":"phone"},"result":{"pairing_code":"558906","expires_at":"2026-09-27T21:32:01.486Z","import_intent_id":"fc23d760-8ef6-4b83-ab6c-fd5ef76c2f47"},"queries":11,"pid":8388}

    [0m [90m 181 |[39m       }
     [90m 182 |[39m       [90m// Query shapes, outcomes, fixture identifiers and process IDs only; never parameters.[39m
    [31m[1m>[22m[39m[90m 183 |[39m       console[33m.[39mwarn(
     [90m     |[39m               [31m[1m^[22m[39m
     [90m 184 |[39m         [32m'PG17_PROCESS'[39m[33m,[39m
     [90m 185 |[39m         [33mJSON[39m[33m.[39mstringify({
     [90m 186 |[39m           name[33m,[39m[0m

      at settleWorker (test/utils/g2-s11-pg-harness.ts:183:15)
      at ChildProcess.<anonymous> (test/utils/g2-s11-pg-harness.ts:202:7)

  console.warn
    PG17_PROCESS {"name":"g2g_31","options":{"action":"pair-redeem","coach":"unauthenticated","body":{"code":"558906"},"host":"P1","role":"ext"},"result":{"access_token":"synthetic-access-1","refresh_token":"synthetic-refresh-1","chosen_platform":"s11-label","import_intent_id":"fc23d760-8ef6-4b83-ab6c-fd5ef76c2f47"},"queries":10,"pid":8410}

    [0m [90m 181 |[39m       }
     [90m 182 |[39m       [90m// Query shapes, outcomes, fixture identifiers and process IDs only; never parameters.[39m
    [31m[1m>[22m[39m[90m 183 |[39m       console[33m.[39mwarn(
     [90m     |[39m               [31m[1m^[22m[39m
     [90m 184 |[39m         [32m'PG17_PROCESS'[39m[33m,[39m
     [90m 185 |[39m         [33mJSON[39m[33m.[39mstringify({
     [90m 186 |[39m           name[33m,[39m[0m

      at settleWorker (test/utils/g2-s11-pg-harness.ts:183:15)
      at ChildProcess.<anonymous> (test/utils/g2-s11-pg-harness.ts:202:7)

  console.warn
    PG17_PROCESS {"name":"g2g_32","options":{"action":"start","coach":"s11b-coach-a","intent":"fc23d760-8ef6-4b83-ab6c-fd5ef76c2f47","host":"P1","role":"phone"},"result":{"intent_id":"fc23d760-8ef6-4b83-ab6c-fd5ef76c2f47","mode":"server","phase":"discovering","execution_epoch":1,"accepted_start_at":"2026-09-27T21:30:05.736Z","deadline_at":"2026-09-27T21:35:05.736Z"},"queries":3,"pid":8430}

    [0m [90m 181 |[39m       }
     [90m 182 |[39m       [90m// Query shapes, outcomes, fixture identifiers and process IDs only; never parameters.[39m
    [31m[1m>[22m[39m[90m 183 |[39m       console[33m.[39mwarn(
     [90m     |[39m               [31m[1m^[22m[39m
     [90m 184 |[39m         [32m'PG17_PROCESS'[39m[33m,[39m
     [90m 185 |[39m         [33mJSON[39m[33m.[39mstringify({
     [90m 186 |[39m           name[33m,[39m[0m

      at settleWorker (test/utils/g2-s11-pg-harness.ts:183:15)
      at ChildProcess.<anonymous> (test/utils/g2-s11-pg-harness.ts:202:7)

  console.warn
    PG17_PROCESS {"name":"g2g_33","options":{"action":"ingest","coach":"s11b-coach-a","intent":"fc23d760-8ef6-4b83-ab6c-fd5ef76c2f47","body":{"entity_type":"people","entities":[{"sourceId":"p-1","payload":{"name":"Synthetic p-1"}},{"sourceId":"p-2","payload":{"name":"Synthetic p-2"}}]},"host":"P1","role":"ext"},"result":{"received":2,"deduped":0},"queries":8,"pid":8449}

    [0m [90m 181 |[39m       }
     [90m 182 |[39m       [90m// Query shapes, outcomes, fixture identifiers and process IDs only; never parameters.[39m
    [31m[1m>[22m[39m[90m 183 |[39m       console[33m.[39mwarn(
     [90m     |[39m               [31m[1m^[22m[39m
     [90m 184 |[39m         [32m'PG17_PROCESS'[39m[33m,[39m
     [90m 185 |[39m         [33mJSON[39m[33m.[39mstringify({
     [90m 186 |[39m           name[33m,[39m[0m

      at settleWorker (test/utils/g2-s11-pg-harness.ts:183:15)
      at ChildProcess.<anonymous> (test/utils/g2-s11-pg-harness.ts:202:7)

  console.warn
    PG17_PROCESS {"name":"g2g_34","options":{"action":"ingest","coach":"s11b-coach-a","intent":"fc23d760-8ef6-4b83-ab6c-fd5ef76c2f47","body":{"entity_type":"blocks","entities":[{"sourceId":"blk-1","payload":{"title":"Base Block","weeks":4,"days":3,"notes":"synthetic"}}]},"host":"P2","role":"ext"},"result":{"received":1,"deduped":0},"queries":8,"pid":8469}

    [0m [90m 181 |[39m       }
     [90m 182 |[39m       [90m// Query shapes, outcomes, fixture identifiers and process IDs only; never parameters.[39m
    [31m[1m>[22m[39m[90m 183 |[39m       console[33m.[39mwarn(
     [90m     |[39m               [31m[1m^[22m[39m
     [90m 184 |[39m         [32m'PG17_PROCESS'[39m[33m,[39m
     [90m 185 |[39m         [33mJSON[39m[33m.[39mstringify({
     [90m 186 |[39m           name[33m,[39m[0m

      at settleWorker (test/utils/g2-s11-pg-harness.ts:183:15)
      at ChildProcess.<anonymous> (test/utils/g2-s11-pg-harness.ts:202:7)

  console.warn
    PG17_PROCESS {"name":"g2g_35","options":{"action":"ingest","coach":"s11b-coach-a","intent":"fc23d760-8ef6-4b83-ab6c-fd5ef76c2f47","body":{"entity_type":"routines","entities":[{"sourceId":"rt-1","payload":{"title":"Push Day","kind":"lift","minutes":45,"exercises":[{"id":"e1","exercise":"22222222-2222-4222-8222-222222222222","sets":3,"reps":8,"kg":100}]}}]},"host":"P1","role":"ext"},"result":{"received":1,"deduped":0},"queries":8,"pid":8489}

    [0m [90m 181 |[39m       }
     [90m 182 |[39m       [90m// Query shapes, outcomes, fixture identifiers and process IDs only; never parameters.[39m
    [31m[1m>[22m[39m[90m 183 |[39m       console[33m.[39mwarn(
     [90m     |[39m               [31m[1m^[22m[39m
     [90m 184 |[39m         [32m'PG17_PROCESS'[39m[33m,[39m
     [90m 185 |[39m         [33mJSON[39m[33m.[39mstringify({
     [90m 186 |[39m           name[33m,[39m[0m

      at settleWorker (test/utils/g2-s11-pg-harness.ts:183:15)
      at ChildProcess.<anonymous> (test/utils/g2-s11-pg-harness.ts:202:7)

  console.warn
    PG17_PROCESS {"name":"g2g_36","options":{"action":"ingest","coach":"s11b-coach-a","intent":"fc23d760-8ef6-4b83-ab6c-fd5ef76c2f47","body":{"entity_type":"log","entities":[{"sourceId":"h-1","payload":{"title":"note"}}]},"host":"P2","role":"ext"},"result":{"received":1,"deduped":0},"queries":8,"pid":8509}

    [0m [90m 181 |[39m       }
     [90m 182 |[39m       [90m// Query shapes, outcomes, fixture identifiers and process IDs only; never parameters.[39m
    [31m[1m>[22m[39m[90m 183 |[39m       console[33m.[39mwarn(
     [90m     |[39m               [31m[1m^[22m[39m
     [90m 184 |[39m         [32m'PG17_PROCESS'[39m[33m,[39m
     [90m 185 |[39m         [33mJSON[39m[33m.[39mstringify({
     [90m 186 |[39m           name[33m,[39m[0m

      at settleWorker (test/utils/g2-s11-pg-harness.ts:183:15)
      at ChildProcess.<anonymous> (test/utils/g2-s11-pg-harness.ts:202:7)

  console.warn
    PG17_PROCESS {"name":"g2g_38","options":{"action":"complete","coach":"s11b-coach-a","intent":"fc23d760-8ef6-4b83-ab6c-fd5ef76c2f47","body":{"terminal_status":"success"},"host":"P2","role":"ext"},"result":{"acknowledged":true,"intent_id":"fc23d760-8ef6-4b83-ab6c-fd5ef76c2f47"},"queries":98,"pid":8559}

    [0m [90m 181 |[39m       }
     [90m 182 |[39m       [90m// Query shapes, outcomes, fixture identifiers and process IDs only; never parameters.[39m
    [31m[1m>[22m[39m[90m 183 |[39m       console[33m.[39mwarn(
     [90m     |[39m               [31m[1m^[22m[39m
     [90m 184 |[39m         [32m'PG17_PROCESS'[39m[33m,[39m
     [90m 185 |[39m         [33mJSON[39m[33m.[39mstringify({
     [90m 186 |[39m           name[33m,[39m[0m

      at settleWorker (test/utils/g2-s11-pg-harness.ts:183:15)
      at ChildProcess.<anonymous> (test/utils/g2-s11-pg-harness.ts:202:7)

  console.warn
    PG17_PROCESS {"name":"g2g_39","options":{"action":"pair-init","coach":"s11b-coach-a","body":{},"host":"P1","role":"phone"},"result":{"pairing_code":"586064","expires_at":"2026-09-27T21:32:21.084Z","import_intent_id":"086bdd30-2642-422d-9acd-a838e312d0c0"},"queries":11,"pid":8608}

    [0m [90m 181 |[39m       }
     [90m 182 |[39m       [90m// Query shapes, outcomes, fixture identifiers and process IDs only; never parameters.[39m
    [31m[1m>[22m[39m[90m 183 |[39m       console[33m.[39mwarn(
     [90m     |[39m               [31m[1m^[22m[39m
     [90m 184 |[39m         [32m'PG17_PROCESS'[39m[33m,[39m
     [90m 185 |[39m         [33mJSON[39m[33m.[39mstringify({
     [90m 186 |[39m           name[33m,[39m[0m

      at settleWorker (test/utils/g2-s11-pg-harness.ts:183:15)
      at ChildProcess.<anonymous> (test/utils/g2-s11-pg-harness.ts:202:7)

  console.warn
    PG17_PROCESS {"name":"g2g_40","options":{"action":"pair-redeem","coach":"unauthenticated","body":{"code":"586064"},"host":"P2","role":"ext"},"result":{"access_token":"synthetic-access-1","refresh_token":"synthetic-refresh-1","chosen_platform":"s11-label","import_intent_id":"086bdd30-2642-422d-9acd-a838e312d0c0"},"queries":10,"pid":8629}

    [0m [90m 181 |[39m       }
     [90m 182 |[39m       [90m// Query shapes, outcomes, fixture identifiers and process IDs only; never parameters.[39m
    [31m[1m>[22m[39m[90m 183 |[39m       console[33m.[39mwarn(
     [90m     |[39m               [31m[1m^[22m[39m
     [90m 184 |[39m         [32m'PG17_PROCESS'[39m[33m,[39m
     [90m 185 |[39m         [33mJSON[39m[33m.[39mstringify({
     [90m 186 |[39m           name[33m,[39m[0m

      at settleWorker (test/utils/g2-s11-pg-harness.ts:183:15)
      at ChildProcess.<anonymous> (test/utils/g2-s11-pg-harness.ts:202:7)

  console.warn
    PG17_PROCESS {"name":"g2g_41","options":{"action":"start","coach":"s11b-coach-a","intent":"086bdd30-2642-422d-9acd-a838e312d0c0","host":"P2","role":"phone"},"result":{"intent_id":"086bdd30-2642-422d-9acd-a838e312d0c0","mode":"server","phase":"discovering","execution_epoch":1,"accepted_start_at":"2026-09-27T21:30:25.305Z","deadline_at":"2026-09-27T21:35:25.305Z"},"queries":3,"pid":8648}

    [0m [90m 181 |[39m       }
     [90m 182 |[39m       [90m// Query shapes, outcomes, fixture identifiers and process IDs only; never parameters.[39m
    [31m[1m>[22m[39m[90m 183 |[39m       console[33m.[39mwarn(
     [90m     |[39m               [31m[1m^[22m[39m
     [90m 184 |[39m         [32m'PG17_PROCESS'[39m[33m,[39m
     [90m 185 |[39m         [33mJSON[39m[33m.[39mstringify({
     [90m 186 |[39m           name[33m,[39m[0m

      at settleWorker (test/utils/g2-s11-pg-harness.ts:183:15)
      at ChildProcess.<anonymous> (test/utils/g2-s11-pg-harness.ts:202:7)

  console.warn
    PG17_PROCESS {"name":"g2g_42","options":{"action":"ingest","coach":"s11b-coach-a","intent":"086bdd30-2642-422d-9acd-a838e312d0c0","body":{"entity_type":"people","entities":[{"sourceId":"p-1","payload":{"name":"Synthetic p-1"}},{"sourceId":"p-2","payload":{"name":"Synthetic p-2"}}]},"host":"P1","role":"ext"},"result":{"received":2,"deduped":0},"queries":8,"pid":8667}

    [0m [90m 181 |[39m       }
     [90m 182 |[39m       [90m// Query shapes, outcomes, fixture identifiers and process IDs only; never parameters.[39m
    [31m[1m>[22m[39m[90m 183 |[39m       console[33m.[39mwarn(
     [90m     |[39m               [31m[1m^[22m[39m
     [90m 184 |[39m         [32m'PG17_PROCESS'[39m[33m,[39m
     [90m 185 |[39m         [33mJSON[39m[33m.[39mstringify({
     [90m 186 |[39m           name[33m,[39m[0m

      at settleWorker (test/utils/g2-s11-pg-harness.ts:183:15)
      at ChildProcess.<anonymous> (test/utils/g2-s11-pg-harness.ts:202:7)

  console.warn
    PG17_PROCESS {"name":"g2g_43","options":{"action":"ingest","coach":"s11b-coach-a","intent":"086bdd30-2642-422d-9acd-a838e312d0c0","body":{"entity_type":"blocks","entities":[{"sourceId":"blk-1","payload":{"title":"Base Block","weeks":4,"days":3,"notes":"synthetic"}}]},"host":"P2","role":"ext"},"result":{"received":1,"deduped":0},"queries":8,"pid":8687}

    [0m [90m 181 |[39m       }
     [90m 182 |[39m       [90m// Query shapes, outcomes, fixture identifiers and process IDs only; never parameters.[39m
    [31m[1m>[22m[39m[90m 183 |[39m       console[33m.[39mwarn(
     [90m     |[39m               [31m[1m^[22m[39m
     [90m 184 |[39m         [32m'PG17_PROCESS'[39m[33m,[39m
     [90m 185 |[39m         [33mJSON[39m[33m.[39mstringify({
     [90m 186 |[39m           name[33m,[39m[0m

      at settleWorker (test/utils/g2-s11-pg-harness.ts:183:15)
      at ChildProcess.<anonymous> (test/utils/g2-s11-pg-harness.ts:202:7)

  console.warn
    PG17_PROCESS {"name":"g2g_44","options":{"action":"ingest","coach":"s11b-coach-a","intent":"086bdd30-2642-422d-9acd-a838e312d0c0","body":{"entity_type":"routines","entities":[{"sourceId":"rt-1","payload":{"title":"Push Day","kind":"lift","minutes":45,"exercises":[{"id":"e1","exercise":"22222222-2222-4222-8222-222222222222","sets":3,"reps":8,"kg":100}]}}]},"host":"P1","role":"ext"},"result":{"received":1,"deduped":0},"queries":8,"pid":8708}

    [0m [90m 181 |[39m       }
     [90m 182 |[39m       [90m// Query shapes, outcomes, fixture identifiers and process IDs only; never parameters.[39m
    [31m[1m>[22m[39m[90m 183 |[39m       console[33m.[39mwarn(
     [90m     |[39m               [31m[1m^[22m[39m
     [90m 184 |[39m         [32m'PG17_PROCESS'[39m[33m,[39m
     [90m 185 |[39m         [33mJSON[39m[33m.[39mstringify({
     [90m 186 |[39m           name[33m,[39m[0m

      at settleWorker (test/utils/g2-s11-pg-harness.ts:183:15)
      at ChildProcess.<anonymous> (test/utils/g2-s11-pg-harness.ts:202:7)

  console.warn
    PG17_PROCESS {"name":"g2g_45","options":{"action":"ingest","coach":"s11b-coach-a","intent":"086bdd30-2642-422d-9acd-a838e312d0c0","body":{"entity_type":"log","entities":[{"sourceId":"h-1","payload":{"title":"note"}}]},"host":"P2","role":"ext"},"result":{"received":1,"deduped":0},"queries":8,"pid":8728}

    [0m [90m 181 |[39m       }
     [90m 182 |[39m       [90m// Query shapes, outcomes, fixture identifiers and process IDs only; never parameters.[39m
    [31m[1m>[22m[39m[90m 183 |[39m       console[33m.[39mwarn(
     [90m     |[39m               [31m[1m^[22m[39m
     [90m 184 |[39m         [32m'PG17_PROCESS'[39m[33m,[39m
     [90m 185 |[39m         [33mJSON[39m[33m.[39mstringify({
     [90m 186 |[39m           name[33m,[39m[0m

      at settleWorker (test/utils/g2-s11-pg-harness.ts:183:15)
      at ChildProcess.<anonymous> (test/utils/g2-s11-pg-harness.ts:202:7)

  console.warn
    PG17_PROCESS {"name":"g2g_46","options":{"action":"complete","coach":"s11b-coach-a","intent":"086bdd30-2642-422d-9acd-a838e312d0c0","body":{"terminal_status":"success"},"host":"P1","role":"ext"},"result":{"acknowledged":true,"intent_id":"086bdd30-2642-422d-9acd-a838e312d0c0"},"queries":93,"pid":8750}

    [0m [90m 181 |[39m       }
     [90m 182 |[39m       [90m// Query shapes, outcomes, fixture identifiers and process IDs only; never parameters.[39m
    [31m[1m>[22m[39m[90m 183 |[39m       console[33m.[39mwarn(
     [90m     |[39m               [31m[1m^[22m[39m
     [90m 184 |[39m         [32m'PG17_PROCESS'[39m[33m,[39m
     [90m 185 |[39m         [33mJSON[39m[33m.[39mstringify({
     [90m 186 |[39m           name[33m,[39m[0m

      at settleWorker (test/utils/g2-s11-pg-harness.ts:183:15)
      at ChildProcess.<anonymous> (test/utils/g2-s11-pg-harness.ts:202:7)

  console.warn
    PG17_PROCESS {"name":"g2g_47","options":{"action":"pair-init","coach":"s11b-coach-a","body":{},"host":"P1","role":"phone"},"result":{"pairing_code":"416704","expires_at":"2026-09-27T21:32:38.353Z","import_intent_id":"96c67f3d-ec63-49f0-b8e3-47c934a26318"},"queries":11,"pid":8798}

    [0m [90m 181 |[39m       }
     [90m 182 |[39m       [90m// Query shapes, outcomes, fixture identifiers and process IDs only; never parameters.[39m
    [31m[1m>[22m[39m[90m 183 |[39m       console[33m.[39mwarn(
     [90m     |[39m               [31m[1m^[22m[39m
     [90m 184 |[39m         [32m'PG17_PROCESS'[39m[33m,[39m
     [90m 185 |[39m         [33mJSON[39m[33m.[39mstringify({
     [90m 186 |[39m           name[33m,[39m[0m

      at settleWorker (test/utils/g2-s11-pg-harness.ts:183:15)
      at ChildProcess.<anonymous> (test/utils/g2-s11-pg-harness.ts:202:7)

  console.warn
    PG17_PROCESS {"name":"g2g_48","options":{"action":"pair-redeem","coach":"unauthenticated","body":{"code":"416704"},"host":"P2","role":"ext"},"result":{"access_token":"synthetic-access-1","refresh_token":"synthetic-refresh-1","chosen_platform":"s11-label","import_intent_id":"96c67f3d-ec63-49f0-b8e3-47c934a26318"},"queries":10,"pid":8817}

    [0m [90m 181 |[39m       }
     [90m 182 |[39m       [90m// Query shapes, outcomes, fixture identifiers and process IDs only; never parameters.[39m
    [31m[1m>[22m[39m[90m 183 |[39m       console[33m.[39mwarn(
     [90m     |[39m               [31m[1m^[22m[39m
     [90m 184 |[39m         [32m'PG17_PROCESS'[39m[33m,[39m
     [90m 185 |[39m         [33mJSON[39m[33m.[39mstringify({
     [90m 186 |[39m           name[33m,[39m[0m

      at settleWorker (test/utils/g2-s11-pg-harness.ts:183:15)
      at ChildProcess.<anonymous> (test/utils/g2-s11-pg-harness.ts:202:7)

  console.warn
    PG17_PROCESS {"name":"g2g_49","options":{"action":"start","coach":"s11b-coach-a","intent":"96c67f3d-ec63-49f0-b8e3-47c934a26318","host":"P2","role":"phone"},"result":{"intent_id":"96c67f3d-ec63-49f0-b8e3-47c934a26318","mode":"server","phase":"discovering","execution_epoch":1,"accepted_start_at":"2026-09-27T21:30:42.660Z","deadline_at":"2026-09-27T21:35:42.660Z"},"queries":3,"pid":8836}

    [0m [90m 181 |[39m       }
     [90m 182 |[39m       [90m// Query shapes, outcomes, fixture identifiers and process IDs only; never parameters.[39m
    [31m[1m>[22m[39m[90m 183 |[39m       console[33m.[39mwarn(
     [90m     |[39m               [31m[1m^[22m[39m
     [90m 184 |[39m         [32m'PG17_PROCESS'[39m[33m,[39m
     [90m 185 |[39m         [33mJSON[39m[33m.[39mstringify({
     [90m 186 |[39m           name[33m,[39m[0m

      at settleWorker (test/utils/g2-s11-pg-harness.ts:183:15)
      at ChildProcess.<anonymous> (test/utils/g2-s11-pg-harness.ts:202:7)

  console.warn
    PG17_PROCESS {"name":"g2g_50","options":{"action":"ingest","coach":"s11b-coach-a","intent":"96c67f3d-ec63-49f0-b8e3-47c934a26318","body":{"entity_type":"people","entities":[{"sourceId":"p-1","payload":{"name":"Synthetic p-1"}},{"sourceId":"p-2","payload":{"name":"Synthetic p-2"}}]},"host":"P1","role":"ext"},"result":{"received":2,"deduped":0},"queries":8,"pid":8856}

    [0m [90m 181 |[39m       }
     [90m 182 |[39m       [90m// Query shapes, outcomes, fixture identifiers and process IDs only; never parameters.[39m
    [31m[1m>[22m[39m[90m 183 |[39m       console[33m.[39mwarn(
     [90m     |[39m               [31m[1m^[22m[39m
     [90m 184 |[39m         [32m'PG17_PROCESS'[39m[33m,[39m
     [90m 185 |[39m         [33mJSON[39m[33m.[39mstringify({
     [90m 186 |[39m           name[33m,[39m[0m

      at settleWorker (test/utils/g2-s11-pg-harness.ts:183:15)
      at ChildProcess.<anonymous> (test/utils/g2-s11-pg-harness.ts:202:7)

  console.warn
    PG17_PROCESS {"name":"g2g_51","options":{"action":"ingest","coach":"s11b-coach-a","intent":"96c67f3d-ec63-49f0-b8e3-47c934a26318","body":{"entity_type":"blocks","entities":[{"sourceId":"blk-1","payload":{"title":"Base Block","weeks":4,"days":3,"notes":"synthetic"}}]},"host":"P2","role":"ext"},"result":{"received":1,"deduped":0},"queries":8,"pid":8876}

    [0m [90m 181 |[39m       }
     [90m 182 |[39m       [90m// Query shapes, outcomes, fixture identifiers and process IDs only; never parameters.[39m
    [31m[1m>[22m[39m[90m 183 |[39m       console[33m.[39mwarn(
     [90m     |[39m               [31m[1m^[22m[39m
     [90m 184 |[39m         [32m'PG17_PROCESS'[39m[33m,[39m
     [90m 185 |[39m         [33mJSON[39m[33m.[39mstringify({
     [90m 186 |[39m           name[33m,[39m[0m

      at settleWorker (test/utils/g2-s11-pg-harness.ts:183:15)
      at ChildProcess.<anonymous> (test/utils/g2-s11-pg-harness.ts:202:7)

  console.warn
    PG17_PROCESS {"name":"g2g_52","options":{"action":"ingest","coach":"s11b-coach-a","intent":"96c67f3d-ec63-49f0-b8e3-47c934a26318","body":{"entity_type":"routines","entities":[{"sourceId":"rt-1","payload":{"title":"Push Day","kind":"lift","minutes":45,"exercises":[{"id":"e1","exercise":"22222222-2222-4222-8222-222222222222","sets":3,"reps":8,"kg":100}]}}]},"host":"P1","role":"ext"},"result":{"received":1,"deduped":0},"queries":8,"pid":8896}

    [0m [90m 181 |[39m       }
     [90m 182 |[39m       [90m// Query shapes, outcomes, fixture identifiers and process IDs only; never parameters.[39m
    [31m[1m>[22m[39m[90m 183 |[39m       console[33m.[39mwarn(
     [90m     |[39m               [31m[1m^[22m[39m
     [90m 184 |[39m         [32m'PG17_PROCESS'[39m[33m,[39m
     [90m 185 |[39m         [33mJSON[39m[33m.[39mstringify({
     [90m 186 |[39m           name[33m,[39m[0m

      at settleWorker (test/utils/g2-s11-pg-harness.ts:183:15)
      at ChildProcess.<anonymous> (test/utils/g2-s11-pg-harness.ts:202:7)

  console.warn
    PG17_PROCESS {"name":"g2g_53","options":{"action":"ingest","coach":"s11b-coach-a","intent":"96c67f3d-ec63-49f0-b8e3-47c934a26318","body":{"entity_type":"log","entities":[{"sourceId":"h-1","payload":{"title":"note"}}]},"host":"P2","role":"ext"},"result":{"received":1,"deduped":0},"queries":8,"pid":8916}

    [0m [90m 181 |[39m       }
     [90m 182 |[39m       [90m// Query shapes, outcomes, fixture identifiers and process IDs only; never parameters.[39m
    [31m[1m>[22m[39m[90m 183 |[39m       console[33m.[39mwarn(
     [90m     |[39m               [31m[1m^[22m[39m
     [90m 184 |[39m         [32m'PG17_PROCESS'[39m[33m,[39m
     [90m 185 |[39m         [33mJSON[39m[33m.[39mstringify({
     [90m 186 |[39m           name[33m,[39m[0m

      at settleWorker (test/utils/g2-s11-pg-harness.ts:183:15)
      at ChildProcess.<anonymous> (test/utils/g2-s11-pg-harness.ts:202:7)

  console.warn
    PG17_PROCESS {"name":"g2g_56","options":{"host":"P1","role":"ext","action":"complete","coach":"s11b-coach-a","intent":"96c67f3d-ec63-49f0-b8e3-47c934a26318","body":{"terminal_status":"success"},"pause":"before-lock","txTimeout":60000},"result":{"acknowledged":true,"intent_id":"96c67f3d-ec63-49f0-b8e3-47c934a26318"},"queries":94,"pid":8970}

    [0m [90m 181 |[39m       }
     [90m 182 |[39m       [90m// Query shapes, outcomes, fixture identifiers and process IDs only; never parameters.[39m
    [31m[1m>[22m[39m[90m 183 |[39m       console[33m.[39mwarn(
     [90m     |[39m               [31m[1m^[22m[39m
     [90m 184 |[39m         [32m'PG17_PROCESS'[39m[33m,[39m
     [90m 185 |[39m         [33mJSON[39m[33m.[39mstringify({
     [90m 186 |[39m           name[33m,[39m[0m

      at settleWorker (test/utils/g2-s11-pg-harness.ts:183:15)
      at ChildProcess.<anonymous> (test/utils/g2-s11-pg-harness.ts:202:7)

  console.warn
    PG17_PROCESS {"name":"g2g_55","options":{"host":"P2","role":"ext","action":"complete","coach":"s11b-coach-a","intent":"96c67f3d-ec63-49f0-b8e3-47c934a26318","body":{"terminal_status":"success"},"pause":"before-lock","txTimeout":60000},"result":{"acknowledged":true,"intent_id":"96c67f3d-ec63-49f0-b8e3-47c934a26318"},"queries":89,"pid":8964}

    [0m [90m 181 |[39m       }
     [90m 182 |[39m       [90m// Query shapes, outcomes, fixture identifiers and process IDs only; never parameters.[39m
    [31m[1m>[22m[39m[90m 183 |[39m       console[33m.[39mwarn(
     [90m     |[39m               [31m[1m^[22m[39m
     [90m 184 |[39m         [32m'PG17_PROCESS'[39m[33m,[39m
     [90m 185 |[39m         [33mJSON[39m[33m.[39mstringify({
     [90m 186 |[39m           name[33m,[39m[0m

      at settleWorker (test/utils/g2-s11-pg-harness.ts:183:15)
      at ChildProcess.<anonymous> (test/utils/g2-s11-pg-harness.ts:202:7)

  console.warn
    PG17_PROCESS {"name":"g2g_57","options":{"action":"pair-init","coach":"s11b-coach-a","body":{},"host":"P1","role":"phone"},"result":{"pairing_code":"392705","expires_at":"2026-09-27T21:32:58.932Z","import_intent_id":"935e3c72-a5d8-4977-9a50-4ffcf22a86bf"},"queries":11,"pid":9042}

    [0m [90m 181 |[39m       }
     [90m 182 |[39m       [90m// Query shapes, outcomes, fixture identifiers and process IDs only; never parameters.[39m
    [31m[1m>[22m[39m[90m 183 |[39m       console[33m.[39mwarn(
     [90m     |[39m               [31m[1m^[22m[39m
     [90m 184 |[39m         [32m'PG17_PROCESS'[39m[33m,[39m
     [90m 185 |[39m         [33mJSON[39m[33m.[39mstringify({
     [90m 186 |[39m           name[33m,[39m[0m

      at settleWorker (test/utils/g2-s11-pg-harness.ts:183:15)
      at ChildProcess.<anonymous> (test/utils/g2-s11-pg-harness.ts:202:7)

  console.warn
    PG17_PROCESS {"name":"g2g_58","options":{"action":"pair-redeem","coach":"unauthenticated","body":{"code":"392705"},"host":"P2","role":"ext"},"result":{"access_token":"synthetic-access-1","refresh_token":"synthetic-refresh-1","chosen_platform":"s11-label","import_intent_id":"935e3c72-a5d8-4977-9a50-4ffcf22a86bf"},"queries":10,"pid":9061}

    [0m [90m 181 |[39m       }
     [90m 182 |[39m       [90m// Query shapes, outcomes, fixture identifiers and process IDs only; never parameters.[39m
    [31m[1m>[22m[39m[90m 183 |[39m       console[33m.[39mwarn(
     [90m     |[39m               [31m[1m^[22m[39m
     [90m 184 |[39m         [32m'PG17_PROCESS'[39m[33m,[39m
     [90m 185 |[39m         [33mJSON[39m[33m.[39mstringify({
     [90m 186 |[39m           name[33m,[39m[0m

      at settleWorker (test/utils/g2-s11-pg-harness.ts:183:15)
      at ChildProcess.<anonymous> (test/utils/g2-s11-pg-harness.ts:202:7)

  console.warn
    PG17_PROCESS {"name":"g2g_59","options":{"action":"start","coach":"s11b-coach-a","intent":"935e3c72-a5d8-4977-9a50-4ffcf22a86bf","host":"P2","role":"phone"},"result":{"intent_id":"935e3c72-a5d8-4977-9a50-4ffcf22a86bf","mode":"server","phase":"discovering","execution_epoch":1,"accepted_start_at":"2026-09-27T21:31:03.150Z","deadline_at":"2026-09-27T21:36:03.150Z"},"queries":3,"pid":9081}

    [0m [90m 181 |[39m       }
     [90m 182 |[39m       [90m// Query shapes, outcomes, fixture identifiers and process IDs only; never parameters.[39m
    [31m[1m>[22m[39m[90m 183 |[39m       console[33m.[39mwarn(
     [90m     |[39m               [31m[1m^[22m[39m
     [90m 184 |[39m         [32m'PG17_PROCESS'[39m[33m,[39m
     [90m 185 |[39m         [33mJSON[39m[33m.[39mstringify({
     [90m 186 |[39m           name[33m,[39m[0m

      at settleWorker (test/utils/g2-s11-pg-harness.ts:183:15)
      at ChildProcess.<anonymous> (test/utils/g2-s11-pg-harness.ts:202:7)

  console.warn
    PG17_PROCESS {"name":"g2g_60","options":{"action":"ingest","coach":"s11b-coach-a","intent":"935e3c72-a5d8-4977-9a50-4ffcf22a86bf","body":{"entity_type":"people","entities":[{"sourceId":"p-1","payload":{"name":"Synthetic p-1"}},{"sourceId":"p-2","payload":{"name":"Synthetic p-2"}}]},"host":"P1","role":"ext"},"result":{"received":2,"deduped":0},"queries":8,"pid":9100}

    [0m [90m 181 |[39m       }
     [90m 182 |[39m       [90m// Query shapes, outcomes, fixture identifiers and process IDs only; never parameters.[39m
    [31m[1m>[22m[39m[90m 183 |[39m       console[33m.[39mwarn(
     [90m     |[39m               [31m[1m^[22m[39m
     [90m 184 |[39m         [32m'PG17_PROCESS'[39m[33m,[39m
     [90m 185 |[39m         [33mJSON[39m[33m.[39mstringify({
     [90m 186 |[39m           name[33m,[39m[0m

      at settleWorker (test/utils/g2-s11-pg-harness.ts:183:15)
      at ChildProcess.<anonymous> (test/utils/g2-s11-pg-harness.ts:202:7)

  console.warn
    PG17_PROCESS {"name":"g2g_61","options":{"action":"ingest","coach":"s11b-coach-a","intent":"935e3c72-a5d8-4977-9a50-4ffcf22a86bf","body":{"entity_type":"blocks","entities":[{"sourceId":"blk-1","payload":{"title":"Base Block","weeks":4,"days":3,"notes":"synthetic"}}]},"host":"P2","role":"ext"},"result":{"received":1,"deduped":0},"queries":8,"pid":9121}

    [0m [90m 181 |[39m       }
     [90m 182 |[39m       [90m// Query shapes, outcomes, fixture identifiers and process IDs only; never parameters.[39m
    [31m[1m>[22m[39m[90m 183 |[39m       console[33m.[39mwarn(
     [90m     |[39m               [31m[1m^[22m[39m
     [90m 184 |[39m         [32m'PG17_PROCESS'[39m[33m,[39m
     [90m 185 |[39m         [33mJSON[39m[33m.[39mstringify({
     [90m 186 |[39m           name[33m,[39m[0m

      at settleWorker (test/utils/g2-s11-pg-harness.ts:183:15)
      at ChildProcess.<anonymous> (test/utils/g2-s11-pg-harness.ts:202:7)

  console.warn
    PG17_PROCESS {"name":"g2g_62","options":{"action":"ingest","coach":"s11b-coach-a","intent":"935e3c72-a5d8-4977-9a50-4ffcf22a86bf","body":{"entity_type":"routines","entities":[{"sourceId":"rt-1","payload":{"title":"Push Day","kind":"lift","minutes":45,"exercises":[{"id":"e1","exercise":"22222222-2222-4222-8222-222222222222","sets":3,"reps":8,"kg":100}]}}]},"host":"P1","role":"ext"},"result":{"received":1,"deduped":0},"queries":8,"pid":9141}

    [0m [90m 181 |[39m       }
     [90m 182 |[39m       [90m// Query shapes, outcomes, fixture identifiers and process IDs only; never parameters.[39m
    [31m[1m>[22m[39m[90m 183 |[39m       console[33m.[39mwarn(
     [90m     |[39m               [31m[1m^[22m[39m
     [90m 184 |[39m         [32m'PG17_PROCESS'[39m[33m,[39m
     [90m 185 |[39m         [33mJSON[39m[33m.[39mstringify({
     [90m 186 |[39m           name[33m,[39m[0m

      at settleWorker (test/utils/g2-s11-pg-harness.ts:183:15)
      at ChildProcess.<anonymous> (test/utils/g2-s11-pg-harness.ts:202:7)

  console.warn
    PG17_PROCESS {"name":"g2g_63","options":{"action":"ingest","coach":"s11b-coach-a","intent":"935e3c72-a5d8-4977-9a50-4ffcf22a86bf","body":{"entity_type":"log","entities":[{"sourceId":"h-1","payload":{"title":"note"}}]},"host":"P2","role":"ext"},"result":{"received":1,"deduped":0},"queries":8,"pid":9161}

    [0m [90m 181 |[39m       }
     [90m 182 |[39m       [90m// Query shapes, outcomes, fixture identifiers and process IDs only; never parameters.[39m
    [31m[1m>[22m[39m[90m 183 |[39m       console[33m.[39mwarn(
     [90m     |[39m               [31m[1m^[22m[39m
     [90m 184 |[39m         [32m'PG17_PROCESS'[39m[33m,[39m
     [90m 185 |[39m         [33mJSON[39m[33m.[39mstringify({
     [90m 186 |[39m           name[33m,[39m[0m

      at settleWorker (test/utils/g2-s11-pg-harness.ts:183:15)
      at ChildProcess.<anonymous> (test/utils/g2-s11-pg-harness.ts:202:7)

  console.warn
    PG17_PROCESS {"name":"g2g_64","options":{"action":"complete","coach":"s11b-coach-a","intent":"935e3c72-a5d8-4977-9a50-4ffcf22a86bf","body":{"terminal_status":"partial"},"host":"P1","role":"ext"},"result":{"acknowledged":true,"intent_id":"935e3c72-a5d8-4977-9a50-4ffcf22a86bf"},"queries":93,"pid":9183}

    [0m [90m 181 |[39m       }
     [90m 182 |[39m       [90m// Query shapes, outcomes, fixture identifiers and process IDs only; never parameters.[39m
    [31m[1m>[22m[39m[90m 183 |[39m       console[33m.[39mwarn(
     [90m     |[39m               [31m[1m^[22m[39m
     [90m 184 |[39m         [32m'PG17_PROCESS'[39m[33m,[39m
     [90m 185 |[39m         [33mJSON[39m[33m.[39mstringify({
     [90m 186 |[39m           name[33m,[39m[0m

      at settleWorker (test/utils/g2-s11-pg-harness.ts:183:15)
      at ChildProcess.<anonymous> (test/utils/g2-s11-pg-harness.ts:202:7)

  console.warn
    PG17_PROCESS {"name":"g2g_65","options":{"action":"pair-init","coach":"s11b-coach-a","body":{},"host":"P1","role":"phone"},"result":{"pairing_code":"229460","expires_at":"2026-09-27T21:33:16.185Z","import_intent_id":"f8b1a19a-80d2-4b0a-af47-68d0b07a516f"},"queries":11,"pid":9229}

    [0m [90m 181 |[39m       }
     [90m 182 |[39m       [90m// Query shapes, outcomes, fixture identifiers and process IDs only; never parameters.[39m
    [31m[1m>[22m[39m[90m 183 |[39m       console[33m.[39mwarn(
     [90m     |[39m               [31m[1m^[22m[39m
     [90m 184 |[39m         [32m'PG17_PROCESS'[39m[33m,[39m
     [90m 185 |[39m         [33mJSON[39m[33m.[39mstringify({
     [90m 186 |[39m           name[33m,[39m[0m

      at settleWorker (test/utils/g2-s11-pg-harness.ts:183:15)
      at ChildProcess.<anonymous> (test/utils/g2-s11-pg-harness.ts:202:7)

  console.warn
    PG17_PROCESS {"name":"g2g_66","options":{"action":"pair-redeem","coach":"unauthenticated","body":{"code":"229460"},"host":"P2","role":"ext"},"result":{"access_token":"synthetic-access-1","refresh_token":"synthetic-refresh-1","chosen_platform":"s11-label","import_intent_id":"f8b1a19a-80d2-4b0a-af47-68d0b07a516f"},"queries":10,"pid":9248}

    [0m [90m 181 |[39m       }
     [90m 182 |[39m       [90m// Query shapes, outcomes, fixture identifiers and process IDs only; never parameters.[39m
    [31m[1m>[22m[39m[90m 183 |[39m       console[33m.[39mwarn(
     [90m     |[39m               [31m[1m^[22m[39m
     [90m 184 |[39m         [32m'PG17_PROCESS'[39m[33m,[39m
     [90m 185 |[39m         [33mJSON[39m[33m.[39mstringify({
     [90m 186 |[39m           name[33m,[39m[0m

      at settleWorker (test/utils/g2-s11-pg-harness.ts:183:15)
      at ChildProcess.<anonymous> (test/utils/g2-s11-pg-harness.ts:202:7)

  console.warn
    PG17_PROCESS {"name":"g2g_67","options":{"action":"start","coach":"s11b-coach-a","intent":"f8b1a19a-80d2-4b0a-af47-68d0b07a516f","host":"P2","role":"phone"},"result":{"intent_id":"f8b1a19a-80d2-4b0a-af47-68d0b07a516f","mode":"server","phase":"discovering","execution_epoch":1,"accepted_start_at":"2026-09-27T21:31:20.438Z","deadline_at":"2026-09-27T21:36:20.438Z"},"queries":3,"pid":9268}

    [0m [90m 181 |[39m       }
     [90m 182 |[39m       [90m// Query shapes, outcomes, fixture identifiers and process IDs only; never parameters.[39m
    [31m[1m>[22m[39m[90m 183 |[39m       console[33m.[39mwarn(
     [90m     |[39m               [31m[1m^[22m[39m
     [90m 184 |[39m         [32m'PG17_PROCESS'[39m[33m,[39m
     [90m 185 |[39m         [33mJSON[39m[33m.[39mstringify({
     [90m 186 |[39m           name[33m,[39m[0m

      at settleWorker (test/utils/g2-s11-pg-harness.ts:183:15)
      at ChildProcess.<anonymous> (test/utils/g2-s11-pg-harness.ts:202:7)

  console.warn
    PG17_PROCESS {"name":"g2g_68","options":{"action":"ingest","coach":"s11b-coach-a","intent":"f8b1a19a-80d2-4b0a-af47-68d0b07a516f","body":{"entity_type":"people","entities":[{"sourceId":"p-1","payload":{"name":"Synthetic p-1"}},{"sourceId":"p-2","payload":{"name":"Synthetic p-2"}}]},"host":"P1","role":"ext"},"result":{"received":2,"deduped":0},"queries":8,"pid":9287}

    [0m [90m 181 |[39m       }
     [90m 182 |[39m       [90m// Query shapes, outcomes, fixture identifiers and process IDs only; never parameters.[39m
    [31m[1m>[22m[39m[90m 183 |[39m       console[33m.[39mwarn(
     [90m     |[39m               [31m[1m^[22m[39m
     [90m 184 |[39m         [32m'PG17_PROCESS'[39m[33m,[39m
     [90m 185 |[39m         [33mJSON[39m[33m.[39mstringify({
     [90m 186 |[39m           name[33m,[39m[0m

      at settleWorker (test/utils/g2-s11-pg-harness.ts:183:15)
      at ChildProcess.<anonymous> (test/utils/g2-s11-pg-harness.ts:202:7)

  console.warn
    PG17_PROCESS {"name":"g2g_69","options":{"action":"ingest","coach":"s11b-coach-a","intent":"f8b1a19a-80d2-4b0a-af47-68d0b07a516f","body":{"entity_type":"blocks","entities":[{"sourceId":"blk-1","payload":{"title":"Base Block","weeks":4,"days":3,"notes":"synthetic"}}]},"host":"P2","role":"ext"},"result":{"received":1,"deduped":0},"queries":8,"pid":9308}

    [0m [90m 181 |[39m       }
     [90m 182 |[39m       [90m// Query shapes, outcomes, fixture identifiers and process IDs only; never parameters.[39m
    [31m[1m>[22m[39m[90m 183 |[39m       console[33m.[39mwarn(
     [90m     |[39m               [31m[1m^[22m[39m
     [90m 184 |[39m         [32m'PG17_PROCESS'[39m[33m,[39m
     [90m 185 |[39m         [33mJSON[39m[33m.[39mstringify({
     [90m 186 |[39m           name[33m,[39m[0m

      at settleWorker (test/utils/g2-s11-pg-harness.ts:183:15)
      at ChildProcess.<anonymous> (test/utils/g2-s11-pg-harness.ts:202:7)

  console.warn
    PG17_PROCESS {"name":"g2g_70","options":{"action":"ingest","coach":"s11b-coach-a","intent":"f8b1a19a-80d2-4b0a-af47-68d0b07a516f","body":{"entity_type":"routines","entities":[{"sourceId":"rt-1","payload":{"title":"Push Day","kind":"lift","minutes":45,"exercises":[{"id":"e1","exercise":"22222222-2222-4222-8222-222222222222","sets":3,"reps":8,"kg":100}]}}]},"host":"P1","role":"ext"},"result":{"received":1,"deduped":0},"queries":8,"pid":9328}

    [0m [90m 181 |[39m       }
     [90m 182 |[39m       [90m// Query shapes, outcomes, fixture identifiers and process IDs only; never parameters.[39m
    [31m[1m>[22m[39m[90m 183 |[39m       console[33m.[39mwarn(
     [90m     |[39m               [31m[1m^[22m[39m
     [90m 184 |[39m         [32m'PG17_PROCESS'[39m[33m,[39m
     [90m 185 |[39m         [33mJSON[39m[33m.[39mstringify({
     [90m 186 |[39m           name[33m,[39m[0m

      at settleWorker (test/utils/g2-s11-pg-harness.ts:183:15)
      at ChildProcess.<anonymous> (test/utils/g2-s11-pg-harness.ts:202:7)

  console.warn
    PG17_PROCESS {"name":"g2g_71","options":{"action":"ingest","coach":"s11b-coach-a","intent":"f8b1a19a-80d2-4b0a-af47-68d0b07a516f","body":{"entity_type":"log","entities":[{"sourceId":"h-1","payload":{"title":"note"}}]},"host":"P2","role":"ext"},"result":{"received":1,"deduped":0},"queries":8,"pid":9348}

    [0m [90m 181 |[39m       }
     [90m 182 |[39m       [90m// Query shapes, outcomes, fixture identifiers and process IDs only; never parameters.[39m
    [31m[1m>[22m[39m[90m 183 |[39m       console[33m.[39mwarn(
     [90m     |[39m               [31m[1m^[22m[39m
     [90m 184 |[39m         [32m'PG17_PROCESS'[39m[33m,[39m
     [90m 185 |[39m         [33mJSON[39m[33m.[39mstringify({
     [90m 186 |[39m           name[33m,[39m[0m

      at settleWorker (test/utils/g2-s11-pg-harness.ts:183:15)
      at ChildProcess.<anonymous> (test/utils/g2-s11-pg-harness.ts:202:7)

  console.warn
    PG17_PROCESS {"name":"g2g_73","options":{"action":"complete","coach":"s11b-coach-a","intent":"f8b1a19a-80d2-4b0a-af47-68d0b07a516f","body":{"terminal_status":"success"},"host":"P2","role":"ext"},"result":{"acknowledged":true,"intent_id":"f8b1a19a-80d2-4b0a-af47-68d0b07a516f"},"queries":98,"pid":9396}

    [0m [90m 181 |[39m       }
     [90m 182 |[39m       [90m// Query shapes, outcomes, fixture identifiers and process IDs only; never parameters.[39m
    [31m[1m>[22m[39m[90m 183 |[39m       console[33m.[39mwarn(
     [90m     |[39m               [31m[1m^[22m[39m
     [90m 184 |[39m         [32m'PG17_PROCESS'[39m[33m,[39m
     [90m 185 |[39m         [33mJSON[39m[33m.[39mstringify({
     [90m 186 |[39m           name[33m,[39m[0m

      at settleWorker (test/utils/g2-s11-pg-harness.ts:183:15)
      at ChildProcess.<anonymous> (test/utils/g2-s11-pg-harness.ts:202:7)

  console.warn
    PG17_PROCESS {"name":"g2g_74","options":{"action":"status","coach":"s11b-coach-a","intent":"f8b1a19a-80d2-4b0a-af47-68d0b07a516f","host":"P1","role":"phone"},"result":{"intent_id":"f8b1a19a-80d2-4b0a-af47-68d0b07a516f","status":"partial","entity_counts":[{"entity_type":"blocks","committed":1},{"entity_type":"log","committed":1},{"entity_type":"people","committed":2},{"entity_type":"routines","committed":1}],"started_at":"2026-09-27T21:31:22.560Z","completed_at":"2026-09-27T21:31:33.357Z","mode":"server","phase":"reconciling","accepted_start_at":"2026-09-27T21:31:20.438Z","deadline_at":"2026-09-27T21:36:20.438Z","last_observed_at":"2026-09-27T21:31:33.352Z","execution_epoch":1,"reason_code":"unresolved_identities","claimed_status":"partial","families":[{"family":"blocks","observed_unique":null,"staged_unique":1,"created_native":null,"already_present_verified":null,"rejected":0,"unresolved":0,"ledger":{"reconstructed":1,"skipped":0,"failed":0},"canonical_family":"programs","native_present_verified":1,"completeness_basis":"none","relationship_closure":"not_applicable","reasons":[],"qualifiers":[]},{"family":"log","observed_unique":null,"staged_unique":1,"created_native":null,"already_present_verified":null,"rejected":1,"unresolved":0,"ledger":{"reconstructed":0,"skipped":1,"failed":0},"canonical_family":"client_history","native_present_verified":0,"completeness_basis":"none","relationship_closure":"not_applicable","reasons":[{"code":"unsupported_platform:s11-proof","count":1}],"qualifiers":[]},{"family":"people","observed_unique":null,"staged_unique":2,"created_native":null,"already_present_verified":null,"rejected":2,"unresolved":0,"ledger":{"reconstructed":0,"skipped":2,"failed":0},"canonical_family":"clients","native_present_verified":0,"completeness_basis":"none","relationship_closure":"not_applicable","reasons":[{"code":"unsupported_platform:s11-proof","count":2}],"qualifiers":["roster_bridge_pending"]},{"family":"routines","observed_unique":null,"staged_unique":1,"created_native":null,"already_present_verified":null,"rejected":0,"unresolved":0,"ledger":{"reconstructed":1,"skipped":0,"failed":0},"canonical_family":"workouts","native_present_verified":1,"completeness_basis":"none","relationship_closure":"verified","reasons":[],"qualifiers":[]}]},"queries":9,"pid":9419}

    [0m [90m 181 |[39m       }
     [90m 182 |[39m       [90m// Query shapes, outcomes, fixture identifiers and process IDs only; never parameters.[39m
    [31m[1m>[22m[39m[90m 183 |[39m       console[33m.[39mwarn(
     [90m     |[39m               [31m[1m^[22m[39m
     [90m 184 |[39m         [32m'PG17_PROCESS'[39m[33m,[39m
     [90m 185 |[39m         [33mJSON[39m[33m.[39mstringify({
     [90m 186 |[39m           name[33m,[39m[0m

      at settleWorker (test/utils/g2-s11-pg-harness.ts:183:15)
      at ChildProcess.<anonymous> (test/utils/g2-s11-pg-harness.ts:202:7)

  console.warn
    PG17_PROCESS {"name":"g2g_75","options":{"action":"pair-init","coach":"s11b-coach-a","body":{},"host":"P1","role":"phone"},"result":{"pairing_code":"587472","expires_at":"2026-09-27T21:33:37.951Z","import_intent_id":"2dc828a9-3b76-4da5-8d12-9d7650881c77"},"queries":11,"pid":9467}

    [0m [90m 181 |[39m       }
     [90m 182 |[39m       [90m// Query shapes, outcomes, fixture identifiers and process IDs only; never parameters.[39m
    [31m[1m>[22m[39m[90m 183 |[39m       console[33m.[39mwarn(
     [90m     |[39m               [31m[1m^[22m[39m
     [90m 184 |[39m         [32m'PG17_PROCESS'[39m[33m,[39m
     [90m 185 |[39m         [33mJSON[39m[33m.[39mstringify({
     [90m 186 |[39m           name[33m,[39m[0m

      at settleWorker (test/utils/g2-s11-pg-harness.ts:183:15)
      at ChildProcess.<anonymous> (test/utils/g2-s11-pg-harness.ts:202:7)

  console.warn
    PG17_PROCESS {"name":"g2g_76","options":{"action":"pair-redeem","coach":"unauthenticated","body":{"code":"587472"},"host":"P2","role":"ext"},"result":{"access_token":"synthetic-access-1","refresh_token":"synthetic-refresh-1","chosen_platform":"s11-label","import_intent_id":"2dc828a9-3b76-4da5-8d12-9d7650881c77"},"queries":10,"pid":9486}

    [0m [90m 181 |[39m       }
     [90m 182 |[39m       [90m// Query shapes, outcomes, fixture identifiers and process IDs only; never parameters.[39m
    [31m[1m>[22m[39m[90m 183 |[39m       console[33m.[39mwarn(
     [90m     |[39m               [31m[1m^[22m[39m
     [90m 184 |[39m         [32m'PG17_PROCESS'[39m[33m,[39m
     [90m 185 |[39m         [33mJSON[39m[33m.[39mstringify({
     [90m 186 |[39m           name[33m,[39m[0m

      at settleWorker (test/utils/g2-s11-pg-harness.ts:183:15)
      at ChildProcess.<anonymous> (test/utils/g2-s11-pg-harness.ts:202:7)

  console.warn
    PG17_PROCESS {"name":"g2g_77","options":{"action":"start","coach":"s11b-coach-a","intent":"2dc828a9-3b76-4da5-8d12-9d7650881c77","host":"P2","role":"phone"},"result":{"intent_id":"2dc828a9-3b76-4da5-8d12-9d7650881c77","mode":"server","phase":"discovering","execution_epoch":1,"accepted_start_at":"2026-09-27T21:31:42.172Z","deadline_at":"2026-09-27T21:36:42.172Z"},"queries":3,"pid":9505}

    [0m [90m 181 |[39m       }
     [90m 182 |[39m       [90m// Query shapes, outcomes, fixture identifiers and process IDs only; never parameters.[39m
    [31m[1m>[22m[39m[90m 183 |[39m       console[33m.[39mwarn(
     [90m     |[39m               [31m[1m^[22m[39m
     [90m 184 |[39m         [32m'PG17_PROCESS'[39m[33m,[39m
     [90m 185 |[39m         [33mJSON[39m[33m.[39mstringify({
     [90m 186 |[39m           name[33m,[39m[0m

      at settleWorker (test/utils/g2-s11-pg-harness.ts:183:15)
      at ChildProcess.<anonymous> (test/utils/g2-s11-pg-harness.ts:202:7)

  console.warn
    PG17_PROCESS {"name":"g2g_78","options":{"action":"ingest","coach":"s11b-coach-a","intent":"2dc828a9-3b76-4da5-8d12-9d7650881c77","body":{"entity_type":"people","entities":[{"sourceId":"p-1","payload":{"name":"Synthetic p-1"}},{"sourceId":"p-2","payload":{"name":"Synthetic p-2"}}]},"host":"P1","role":"ext"},"result":{"received":2,"deduped":0},"queries":8,"pid":9525}

    [0m [90m 181 |[39m       }
     [90m 182 |[39m       [90m// Query shapes, outcomes, fixture identifiers and process IDs only; never parameters.[39m
    [31m[1m>[22m[39m[90m 183 |[39m       console[33m.[39mwarn(
     [90m     |[39m               [31m[1m^[22m[39m
     [90m 184 |[39m         [32m'PG17_PROCESS'[39m[33m,[39m
     [90m 185 |[39m         [33mJSON[39m[33m.[39mstringify({
     [90m 186 |[39m           name[33m,[39m[0m

      at settleWorker (test/utils/g2-s11-pg-harness.ts:183:15)
      at ChildProcess.<anonymous> (test/utils/g2-s11-pg-harness.ts:202:7)

  console.warn
    PG17_PROCESS {"name":"g2g_79","options":{"action":"ingest","coach":"s11b-coach-a","intent":"2dc828a9-3b76-4da5-8d12-9d7650881c77","body":{"entity_type":"blocks","entities":[{"sourceId":"blk-1","payload":{"title":"Base Block","weeks":4,"days":3,"notes":"synthetic"}}]},"host":"P2","role":"ext"},"result":{"received":1,"deduped":0},"queries":8,"pid":9545}

    [0m [90m 181 |[39m       }
     [90m 182 |[39m       [90m// Query shapes, outcomes, fixture identifiers and process IDs only; never parameters.[39m
    [31m[1m>[22m[39m[90m 183 |[39m       console[33m.[39mwarn(
     [90m     |[39m               [31m[1m^[22m[39m
     [90m 184 |[39m         [32m'PG17_PROCESS'[39m[33m,[39m
     [90m 185 |[39m         [33mJSON[39m[33m.[39mstringify({
     [90m 186 |[39m           name[33m,[39m[0m

      at settleWorker (test/utils/g2-s11-pg-harness.ts:183:15)
      at ChildProcess.<anonymous> (test/utils/g2-s11-pg-harness.ts:202:7)

  console.warn
    PG17_PROCESS {"name":"g2g_80","options":{"action":"ingest","coach":"s11b-coach-a","intent":"2dc828a9-3b76-4da5-8d12-9d7650881c77","body":{"entity_type":"routines","entities":[{"sourceId":"rt-1","payload":{"title":"Push Day","kind":"lift","minutes":45,"exercises":[{"id":"e1","exercise":"22222222-2222-4222-8222-222222222222","sets":3,"reps":8,"kg":100}]}}]},"host":"P1","role":"ext"},"result":{"received":1,"deduped":0},"queries":8,"pid":9565}

    [0m [90m 181 |[39m       }
     [90m 182 |[39m       [90m// Query shapes, outcomes, fixture identifiers and process IDs only; never parameters.[39m
    [31m[1m>[22m[39m[90m 183 |[39m       console[33m.[39mwarn(
     [90m     |[39m               [31m[1m^[22m[39m
     [90m 184 |[39m         [32m'PG17_PROCESS'[39m[33m,[39m
     [90m 185 |[39m         [33mJSON[39m[33m.[39mstringify({
     [90m 186 |[39m           name[33m,[39m[0m

      at settleWorker (test/utils/g2-s11-pg-harness.ts:183:15)
      at ChildProcess.<anonymous> (test/utils/g2-s11-pg-harness.ts:202:7)

  console.warn
    PG17_PROCESS {"name":"g2g_81","options":{"action":"ingest","coach":"s11b-coach-a","intent":"2dc828a9-3b76-4da5-8d12-9d7650881c77","body":{"entity_type":"log","entities":[{"sourceId":"h-1","payload":{"title":"note"}}]},"host":"P2","role":"ext"},"result":{"received":1,"deduped":0},"queries":8,"pid":9586}

    [0m [90m 181 |[39m       }
     [90m 182 |[39m       [90m// Query shapes, outcomes, fixture identifiers and process IDs only; never parameters.[39m
    [31m[1m>[22m[39m[90m 183 |[39m       console[33m.[39mwarn(
     [90m     |[39m               [31m[1m^[22m[39m
     [90m 184 |[39m         [32m'PG17_PROCESS'[39m[33m,[39m
     [90m 185 |[39m         [33mJSON[39m[33m.[39mstringify({
     [90m 186 |[39m           name[33m,[39m[0m

      at settleWorker (test/utils/g2-s11-pg-harness.ts:183:15)
      at ChildProcess.<anonymous> (test/utils/g2-s11-pg-harness.ts:202:7)

  console.warn
    PG17_PROCESS {"name":"g2g_82","options":{"action":"complete","coach":"s11b-coach-a","intent":"2dc828a9-3b76-4da5-8d12-9d7650881c77","body":{"terminal_status":"success"},"host":"P1","role":"ext"},"result":{"acknowledged":true,"intent_id":"2dc828a9-3b76-4da5-8d12-9d7650881c77"},"queries":93,"pid":9608}

    [0m [90m 181 |[39m       }
     [90m 182 |[39m       [90m// Query shapes, outcomes, fixture identifiers and process IDs only; never parameters.[39m
    [31m[1m>[22m[39m[90m 183 |[39m       console[33m.[39mwarn(
     [90m     |[39m               [31m[1m^[22m[39m
     [90m 184 |[39m         [32m'PG17_PROCESS'[39m[33m,[39m
     [90m 185 |[39m         [33mJSON[39m[33m.[39mstringify({
     [90m 186 |[39m           name[33m,[39m[0m

      at settleWorker (test/utils/g2-s11-pg-harness.ts:183:15)
      at ChildProcess.<anonymous> (test/utils/g2-s11-pg-harness.ts:202:7)

  console.warn
    PG17_PROCESS {"name":"g2g_83","options":{"action":"complete","coach":"s11b-coach-a","intent":"2dc828a9-3b76-4da5-8d12-9d7650881c77","body":{"terminal_status":"success"},"host":"P2","role":"ext"},"result":{"acknowledged":true,"intent_id":"2dc828a9-3b76-4da5-8d12-9d7650881c77"},"queries":8,"pid":9650}

    [0m [90m 181 |[39m       }
     [90m 182 |[39m       [90m// Query shapes, outcomes, fixture identifiers and process IDs only; never parameters.[39m
    [31m[1m>[22m[39m[90m 183 |[39m       console[33m.[39mwarn(
     [90m     |[39m               [31m[1m^[22m[39m
     [90m 184 |[39m         [32m'PG17_PROCESS'[39m[33m,[39m
     [90m 185 |[39m         [33mJSON[39m[33m.[39mstringify({
     [90m 186 |[39m           name[33m,[39m[0m

      at settleWorker (test/utils/g2-s11-pg-harness.ts:183:15)
      at ChildProcess.<anonymous> (test/utils/g2-s11-pg-harness.ts:202:7)

  console.warn
    PG17_PROCESS {"name":"g2g_84","options":{"action":"pair-init","coach":"s11b-coach-a","body":{},"host":"P1","role":"phone"},"result":{"pairing_code":"651684","expires_at":"2026-09-27T21:33:57.548Z","import_intent_id":"18701b79-5f64-4177-a9dd-07758351fbd8"},"queries":11,"pid":9698}

    [0m [90m 181 |[39m       }
     [90m 182 |[39m       [90m// Query shapes, outcomes, fixture identifiers and process IDs only; never parameters.[39m
    [31m[1m>[22m[39m[90m 183 |[39m       console[33m.[39mwarn(
     [90m     |[39m               [31m[1m^[22m[39m
     [90m 184 |[39m         [32m'PG17_PROCESS'[39m[33m,[39m
     [90m 185 |[39m         [33mJSON[39m[33m.[39mstringify({
     [90m 186 |[39m           name[33m,[39m[0m

      at settleWorker (test/utils/g2-s11-pg-harness.ts:183:15)
      at ChildProcess.<anonymous> (test/utils/g2-s11-pg-harness.ts:202:7)

  console.warn
    PG17_PROCESS {"name":"g2g_85","options":{"action":"pair-redeem","coach":"unauthenticated","body":{"code":"651684"},"host":"P2","role":"ext"},"result":{"access_token":"synthetic-access-1","refresh_token":"synthetic-refresh-1","chosen_platform":"s11-label","import_intent_id":"18701b79-5f64-4177-a9dd-07758351fbd8"},"queries":10,"pid":9717}

    [0m [90m 181 |[39m       }
     [90m 182 |[39m       [90m// Query shapes, outcomes, fixture identifiers and process IDs only; never parameters.[39m
    [31m[1m>[22m[39m[90m 183 |[39m       console[33m.[39mwarn(
     [90m     |[39m               [31m[1m^[22m[39m
     [90m 184 |[39m         [32m'PG17_PROCESS'[39m[33m,[39m
     [90m 185 |[39m         [33mJSON[39m[33m.[39mstringify({
     [90m 186 |[39m           name[33m,[39m[0m

      at settleWorker (test/utils/g2-s11-pg-harness.ts:183:15)
      at ChildProcess.<anonymous> (test/utils/g2-s11-pg-harness.ts:202:7)

  console.warn
    PG17_PROCESS {"name":"g2g_86","options":{"action":"start","coach":"s11b-coach-a","intent":"18701b79-5f64-4177-a9dd-07758351fbd8","host":"P2","role":"phone"},"result":{"intent_id":"18701b79-5f64-4177-a9dd-07758351fbd8","mode":"server","phase":"discovering","execution_epoch":1,"accepted_start_at":"2026-09-27T21:32:01.750Z","deadline_at":"2026-09-27T21:37:01.750Z"},"queries":3,"pid":9737}

    [0m [90m 181 |[39m       }
     [90m 182 |[39m       [90m// Query shapes, outcomes, fixture identifiers and process IDs only; never parameters.[39m
    [31m[1m>[22m[39m[90m 183 |[39m       console[33m.[39mwarn(
     [90m     |[39m               [31m[1m^[22m[39m
     [90m 184 |[39m         [32m'PG17_PROCESS'[39m[33m,[39m
     [90m 185 |[39m         [33mJSON[39m[33m.[39mstringify({
     [90m 186 |[39m           name[33m,[39m[0m

      at settleWorker (test/utils/g2-s11-pg-harness.ts:183:15)
      at ChildProcess.<anonymous> (test/utils/g2-s11-pg-harness.ts:202:7)

  console.warn
    PG17_PROCESS {"name":"g2g_87","options":{"action":"ingest","coach":"s11b-coach-a","intent":"18701b79-5f64-4177-a9dd-07758351fbd8","body":{"entity_type":"people","entities":[{"sourceId":"p-1","payload":{"name":"Synthetic p-1"}},{"sourceId":"p-2","payload":{"name":"Synthetic p-2"}}]},"host":"P1","role":"ext"},"result":{"received":2,"deduped":0},"queries":8,"pid":9763}

    [0m [90m 181 |[39m       }
     [90m 182 |[39m       [90m// Query shapes, outcomes, fixture identifiers and process IDs only; never parameters.[39m
    [31m[1m>[22m[39m[90m 183 |[39m       console[33m.[39mwarn(
     [90m     |[39m               [31m[1m^[22m[39m
     [90m 184 |[39m         [32m'PG17_PROCESS'[39m[33m,[39m
     [90m 185 |[39m         [33mJSON[39m[33m.[39mstringify({
     [90m 186 |[39m           name[33m,[39m[0m

      at settleWorker (test/utils/g2-s11-pg-harness.ts:183:15)
      at ChildProcess.<anonymous> (test/utils/g2-s11-pg-harness.ts:202:7)

  console.warn
    PG17_PROCESS {"name":"g2g_88","options":{"action":"ingest","coach":"s11b-coach-a","intent":"18701b79-5f64-4177-a9dd-07758351fbd8","body":{"entity_type":"blocks","entities":[{"sourceId":"blk-1","payload":{"title":"Base Block","weeks":4,"days":3,"notes":"synthetic"}}]},"host":"P2","role":"ext"},"result":{"received":1,"deduped":0},"queries":8,"pid":9784}

    [0m [90m 181 |[39m       }
     [90m 182 |[39m       [90m// Query shapes, outcomes, fixture identifiers and process IDs only; never parameters.[39m
    [31m[1m>[22m[39m[90m 183 |[39m       console[33m.[39mwarn(
     [90m     |[39m               [31m[1m^[22m[39m
     [90m 184 |[39m         [32m'PG17_PROCESS'[39m[33m,[39m
     [90m 185 |[39m         [33mJSON[39m[33m.[39mstringify({
     [90m 186 |[39m           name[33m,[39m[0m

      at settleWorker (test/utils/g2-s11-pg-harness.ts:183:15)
      at ChildProcess.<anonymous> (test/utils/g2-s11-pg-harness.ts:202:7)

  console.warn
    PG17_PROCESS {"name":"g2g_89","options":{"action":"ingest","coach":"s11b-coach-a","intent":"18701b79-5f64-4177-a9dd-07758351fbd8","body":{"entity_type":"routines","entities":[{"sourceId":"rt-1","payload":{"title":"Push Day","kind":"lift","minutes":45,"exercises":[{"id":"e1","exercise":"22222222-2222-4222-8222-222222222222","sets":3,"reps":8,"kg":100}]}}]},"host":"P1","role":"ext"},"result":{"received":1,"deduped":0},"queries":8,"pid":9804}

    [0m [90m 181 |[39m       }
     [90m 182 |[39m       [90m// Query shapes, outcomes, fixture identifiers and process IDs only; never parameters.[39m
    [31m[1m>[22m[39m[90m 183 |[39m       console[33m.[39mwarn(
     [90m     |[39m               [31m[1m^[22m[39m
     [90m 184 |[39m         [32m'PG17_PROCESS'[39m[33m,[39m
     [90m 185 |[39m         [33mJSON[39m[33m.[39mstringify({
     [90m 186 |[39m           name[33m,[39m[0m

      at settleWorker (test/utils/g2-s11-pg-harness.ts:183:15)
      at ChildProcess.<anonymous> (test/utils/g2-s11-pg-harness.ts:202:7)

  console.warn
    PG17_PROCESS {"name":"g2g_90","options":{"action":"ingest","coach":"s11b-coach-a","intent":"18701b79-5f64-4177-a9dd-07758351fbd8","body":{"entity_type":"log","entities":[{"sourceId":"h-1","payload":{"title":"note"}}]},"host":"P2","role":"ext"},"result":{"received":1,"deduped":0},"queries":8,"pid":9824}

    [0m [90m 181 |[39m       }
     [90m 182 |[39m       [90m// Query shapes, outcomes, fixture identifiers and process IDs only; never parameters.[39m
    [31m[1m>[22m[39m[90m 183 |[39m       console[33m.[39mwarn(
     [90m     |[39m               [31m[1m^[22m[39m
     [90m 184 |[39m         [32m'PG17_PROCESS'[39m[33m,[39m
     [90m 185 |[39m         [33mJSON[39m[33m.[39mstringify({
     [90m 186 |[39m           name[33m,[39m[0m

      at settleWorker (test/utils/g2-s11-pg-harness.ts:183:15)
      at ChildProcess.<anonymous> (test/utils/g2-s11-pg-harness.ts:202:7)

  console.warn
    PG17_PROCESS {"name":"g2g_92","options":{"action":"fence","coach":"s11b-coach-a","intent":"18701b79-5f64-4177-a9dd-07758351fbd8","body":{"reason":"revoked"},"host":"P2","role":"phone"},"result":{"terminal_status":"blocked","reason_code":"revoked","execution_epoch":2},"queries":7,"pid":9873}

    [0m [90m 181 |[39m       }
     [90m 182 |[39m       [90m// Query shapes, outcomes, fixture identifiers and process IDs only; never parameters.[39m
    [31m[1m>[22m[39m[90m 183 |[39m       console[33m.[39mwarn(
     [90m     |[39m               [31m[1m^[22m[39m
     [90m 184 |[39m         [32m'PG17_PROCESS'[39m[33m,[39m
     [90m 185 |[39m         [33mJSON[39m[33m.[39mstringify({
     [90m 186 |[39m           name[33m,[39m[0m

      at settleWorker (test/utils/g2-s11-pg-harness.ts:183:15)
      at ChildProcess.<anonymous> (test/utils/g2-s11-pg-harness.ts:202:7)

  console.warn
    PG17_PROCESS {"name":"g2g_93","options":{"action":"complete","coach":"s11b-coach-a","intent":"18701b79-5f64-4177-a9dd-07758351fbd8","body":{"terminal_status":"success"},"host":"P1","role":"ext"},"result":{"acknowledged":true,"intent_id":"18701b79-5f64-4177-a9dd-07758351fbd8"},"queries":8,"pid":9898}

    [0m [90m 181 |[39m       }
     [90m 182 |[39m       [90m// Query shapes, outcomes, fixture identifiers and process IDs only; never parameters.[39m
    [31m[1m>[22m[39m[90m 183 |[39m       console[33m.[39mwarn(
     [90m     |[39m               [31m[1m^[22m[39m
     [90m 184 |[39m         [32m'PG17_PROCESS'[39m[33m,[39m
     [90m 185 |[39m         [33mJSON[39m[33m.[39mstringify({
     [90m 186 |[39m           name[33m,[39m[0m

      at settleWorker (test/utils/g2-s11-pg-harness.ts:183:15)
      at ChildProcess.<anonymous> (test/utils/g2-s11-pg-harness.ts:202:7)

  console.warn
    PG17_PROCESS {"name":"g2g_94","options":{"action":"complete","coach":"s11b-coach-a","intent":"93ced51a-2da6-4615-88a7-78183d289e36","body":{"terminal_status":"success"},"host":"P1","role":"ext"},"failure":{"status":409,"message":"No server-owned run has been started for this intent.","response":{"code":"run_not_started","message":"No server-owned run has been started for this intent."}},"queries":8,"pid":9935}

    [0m [90m 181 |[39m       }
     [90m 182 |[39m       [90m// Query shapes, outcomes, fixture identifiers and process IDs only; never parameters.[39m
    [31m[1m>[22m[39m[90m 183 |[39m       console[33m.[39mwarn(
     [90m     |[39m               [31m[1m^[22m[39m
     [90m 184 |[39m         [32m'PG17_PROCESS'[39m[33m,[39m
     [90m 185 |[39m         [33mJSON[39m[33m.[39mstringify({
     [90m 186 |[39m           name[33m,[39m[0m

      at settleWorker (test/utils/g2-s11-pg-harness.ts:183:15)
      at ChildProcess.<anonymous> (test/utils/g2-s11-pg-harness.ts:202:7)

  console.warn
    PG17_PROCESS {"name":"g2g_95","options":{"action":"complete","coach":"s11b-coach-a","intent":"93ced51a-2da6-4615-88a7-78183d289e36","body":{"terminal_status":"success"},"host":"P2","role":"ext"},"failure":{"status":409,"message":"No server-owned run has been started for this intent.","response":{"code":"run_not_started","message":"No server-owned run has been started for this intent."}},"queries":8,"pid":9956}

    [0m [90m 181 |[39m       }
     [90m 182 |[39m       [90m// Query shapes, outcomes, fixture identifiers and process IDs only; never parameters.[39m
    [31m[1m>[22m[39m[90m 183 |[39m       console[33m.[39mwarn(
     [90m     |[39m               [31m[1m^[22m[39m
     [90m 184 |[39m         [32m'PG17_PROCESS'[39m[33m,[39m
     [90m 185 |[39m         [33mJSON[39m[33m.[39mstringify({
     [90m 186 |[39m           name[33m,[39m[0m

      at settleWorker (test/utils/g2-s11-pg-harness.ts:183:15)
      at ChildProcess.<anonymous> (test/utils/g2-s11-pg-harness.ts:202:7)

  console.warn
    PG17_PROCESS {"name":"g2g_96","options":{"action":"pair-init","coach":"s11b-coach-a","body":{},"host":"P1","role":"phone"},"result":{"pairing_code":"868520","expires_at":"2026-09-27T21:34:23.199Z","import_intent_id":"e43d29d0-e25e-4930-a772-61e3fe12338d"},"queries":11,"pid":9988}

    [0m [90m 181 |[39m       }
     [90m 182 |[39m       [90m// Query shapes, outcomes, fixture identifiers and process IDs only; never parameters.[39m
    [31m[1m>[22m[39m[90m 183 |[39m       console[33m.[39mwarn(
     [90m     |[39m               [31m[1m^[22m[39m
     [90m 184 |[39m         [32m'PG17_PROCESS'[39m[33m,[39m
     [90m 185 |[39m         [33mJSON[39m[33m.[39mstringify({
     [90m 186 |[39m           name[33m,[39m[0m

      at settleWorker (test/utils/g2-s11-pg-harness.ts:183:15)
      at ChildProcess.<anonymous> (test/utils/g2-s11-pg-harness.ts:202:7)

  console.warn
    PG17_PROCESS {"name":"g2g_97","options":{"action":"pair-redeem","coach":"unauthenticated","body":{"code":"868520"},"host":"P2","role":"ext"},"result":{"access_token":"synthetic-access-1","refresh_token":"synthetic-refresh-1","chosen_platform":"s11-label","import_intent_id":"e43d29d0-e25e-4930-a772-61e3fe12338d"},"queries":10,"pid":10007}

    [0m [90m 181 |[39m       }
     [90m 182 |[39m       [90m// Query shapes, outcomes, fixture identifiers and process IDs only; never parameters.[39m
    [31m[1m>[22m[39m[90m 183 |[39m       console[33m.[39mwarn(
     [90m     |[39m               [31m[1m^[22m[39m
     [90m 184 |[39m         [32m'PG17_PROCESS'[39m[33m,[39m
     [90m 185 |[39m         [33mJSON[39m[33m.[39mstringify({
     [90m 186 |[39m           name[33m,[39m[0m

      at settleWorker (test/utils/g2-s11-pg-harness.ts:183:15)
      at ChildProcess.<anonymous> (test/utils/g2-s11-pg-harness.ts:202:7)

  console.warn
    PG17_PROCESS {"name":"g2g_98","options":{"action":"start","coach":"s11b-coach-a","intent":"e43d29d0-e25e-4930-a772-61e3fe12338d","host":"P2","role":"phone"},"result":{"intent_id":"e43d29d0-e25e-4930-a772-61e3fe12338d","mode":"server","phase":"discovering","execution_epoch":1,"accepted_start_at":"2026-09-27T21:32:27.390Z","deadline_at":"2026-09-27T21:37:27.390Z"},"queries":3,"pid":10026}

    [0m [90m 181 |[39m       }
     [90m 182 |[39m       [90m// Query shapes, outcomes, fixture identifiers and process IDs only; never parameters.[39m
    [31m[1m>[22m[39m[90m 183 |[39m       console[33m.[39mwarn(
     [90m     |[39m               [31m[1m^[22m[39m
     [90m 184 |[39m         [32m'PG17_PROCESS'[39m[33m,[39m
     [90m 185 |[39m         [33mJSON[39m[33m.[39mstringify({
     [90m 186 |[39m           name[33m,[39m[0m

      at settleWorker (test/utils/g2-s11-pg-harness.ts:183:15)
      at ChildProcess.<anonymous> (test/utils/g2-s11-pg-harness.ts:202:7)

  console.warn
    PG17_PROCESS {"name":"g2g_99","options":{"action":"ingest","coach":"s11b-coach-a","intent":"e43d29d0-e25e-4930-a772-61e3fe12338d","body":{"entity_type":"people","entities":[{"sourceId":"p-1","payload":{"name":"Synthetic p-1"}},{"sourceId":"p-2","payload":{"name":"Synthetic p-2"}}]},"host":"P1","role":"ext"},"result":{"received":2,"deduped":0},"queries":8,"pid":10045}

    [0m [90m 181 |[39m       }
     [90m 182 |[39m       [90m// Query shapes, outcomes, fixture identifiers and process IDs only; never parameters.[39m
    [31m[1m>[22m[39m[90m 183 |[39m       console[33m.[39mwarn(
     [90m     |[39m               [31m[1m^[22m[39m
     [90m 184 |[39m         [32m'PG17_PROCESS'[39m[33m,[39m
     [90m 185 |[39m         [33mJSON[39m[33m.[39mstringify({
     [90m 186 |[39m           name[33m,[39m[0m

      at settleWorker (test/utils/g2-s11-pg-harness.ts:183:15)
      at ChildProcess.<anonymous> (test/utils/g2-s11-pg-harness.ts:202:7)

  console.warn
    PG17_PROCESS {"name":"g2g_100","options":{"action":"ingest","coach":"s11b-coach-a","intent":"e43d29d0-e25e-4930-a772-61e3fe12338d","body":{"entity_type":"blocks","entities":[{"sourceId":"blk-1","payload":{"title":"Base Block","weeks":4,"days":3,"notes":"synthetic"}}]},"host":"P2","role":"ext"},"result":{"received":1,"deduped":0},"queries":8,"pid":10066}

    [0m [90m 181 |[39m       }
     [90m 182 |[39m       [90m// Query shapes, outcomes, fixture identifiers and process IDs only; never parameters.[39m
    [31m[1m>[22m[39m[90m 183 |[39m       console[33m.[39mwarn(
     [90m     |[39m               [31m[1m^[22m[39m
     [90m 184 |[39m         [32m'PG17_PROCESS'[39m[33m,[39m
     [90m 185 |[39m         [33mJSON[39m[33m.[39mstringify({
     [90m 186 |[39m           name[33m,[39m[0m

      at settleWorker (test/utils/g2-s11-pg-harness.ts:183:15)
      at ChildProcess.<anonymous> (test/utils/g2-s11-pg-harness.ts:202:7)

  console.warn
    PG17_PROCESS {"name":"g2g_101","options":{"action":"ingest","coach":"s11b-coach-a","intent":"e43d29d0-e25e-4930-a772-61e3fe12338d","body":{"entity_type":"routines","entities":[{"sourceId":"rt-1","payload":{"title":"Push Day","kind":"lift","minutes":45,"exercises":[{"id":"e1","exercise":"22222222-2222-4222-8222-222222222222","sets":3,"reps":8,"kg":100}]}}]},"host":"P1","role":"ext"},"result":{"received":1,"deduped":0},"queries":8,"pid":10086}

    [0m [90m 181 |[39m       }
     [90m 182 |[39m       [90m// Query shapes, outcomes, fixture identifiers and process IDs only; never parameters.[39m
    [31m[1m>[22m[39m[90m 183 |[39m       console[33m.[39mwarn(
     [90m     |[39m               [31m[1m^[22m[39m
     [90m 184 |[39m         [32m'PG17_PROCESS'[39m[33m,[39m
     [90m 185 |[39m         [33mJSON[39m[33m.[39mstringify({
     [90m 186 |[39m           name[33m,[39m[0m

      at settleWorker (test/utils/g2-s11-pg-harness.ts:183:15)
      at ChildProcess.<anonymous> (test/utils/g2-s11-pg-harness.ts:202:7)

  console.warn
    PG17_PROCESS {"name":"g2g_102","options":{"action":"ingest","coach":"s11b-coach-a","intent":"e43d29d0-e25e-4930-a772-61e3fe12338d","body":{"entity_type":"log","entities":[{"sourceId":"h-1","payload":{"title":"note"}}]},"host":"P2","role":"ext"},"result":{"received":1,"deduped":0},"queries":8,"pid":10107}

    [0m [90m 181 |[39m       }
     [90m 182 |[39m       [90m// Query shapes, outcomes, fixture identifiers and process IDs only; never parameters.[39m
    [31m[1m>[22m[39m[90m 183 |[39m       console[33m.[39mwarn(
     [90m     |[39m               [31m[1m^[22m[39m
     [90m 184 |[39m         [32m'PG17_PROCESS'[39m[33m,[39m
     [90m 185 |[39m         [33mJSON[39m[33m.[39mstringify({
     [90m 186 |[39m           name[33m,[39m[0m

      at settleWorker (test/utils/g2-s11-pg-harness.ts:183:15)
      at ChildProcess.<anonymous> (test/utils/g2-s11-pg-harness.ts:202:7)

  console.warn
    PG17_PROCESS {"name":"g2g_104","options":{"action":"complete","coach":"s11b-coach-b","intent":"e43d29d0-e25e-4930-a772-61e3fe12338d","body":{"terminal_status":"success"},"host":"P2","role":"ext"},"result":{"acknowledged":true,"intent_id":"e43d29d0-e25e-4930-a772-61e3fe12338d"},"queries":6,"pid":10170}

    [0m [90m 181 |[39m       }
     [90m 182 |[39m       [90m// Query shapes, outcomes, fixture identifiers and process IDs only; never parameters.[39m
    [31m[1m>[22m[39m[90m 183 |[39m       console[33m.[39mwarn(
     [90m     |[39m               [31m[1m^[22m[39m
     [90m 184 |[39m         [32m'PG17_PROCESS'[39m[33m,[39m
     [90m 185 |[39m         [33mJSON[39m[33m.[39mstringify({
     [90m 186 |[39m           name[33m,[39m[0m

      at settleWorker (test/utils/g2-s11-pg-harness.ts:183:15)
      at ChildProcess.<anonymous> (test/utils/g2-s11-pg-harness.ts:202:7)

  console.warn
    PG17_PROCESS {"name":"g2g_105","options":{"action":"complete","coach":"s11b-coach-a","intent":"e43d29d0-e25e-4930-a772-61e3fe12338d","body":{"terminal_status":"success"},"host":"P1","role":"ext"},"result":{"acknowledged":true,"intent_id":"e43d29d0-e25e-4930-a772-61e3fe12338d"},"queries":98,"pid":10212}

    [0m [90m 181 |[39m       }
     [90m 182 |[39m       [90m// Query shapes, outcomes, fixture identifiers and process IDs only; never parameters.[39m
    [31m[1m>[22m[39m[90m 183 |[39m       console[33m.[39mwarn(
     [90m     |[39m               [31m[1m^[22m[39m
     [90m 184 |[39m         [32m'PG17_PROCESS'[39m[33m,[39m
     [90m 185 |[39m         [33mJSON[39m[33m.[39mstringify({
     [90m 186 |[39m           name[33m,[39m[0m

      at settleWorker (test/utils/g2-s11-pg-harness.ts:183:15)
      at ChildProcess.<anonymous> (test/utils/g2-s11-pg-harness.ts:202:7)

PASS test/scout/s11/settle-redrive.pg.spec.ts (236.969 s)
  S11-B settle re-drive — two hosts over one disposable PG (J12-J15)
    ✓ J12 (G1): P1 is killed after the claim and the first reconstruction row committed — the replayed claim on P2 re-drives the settle and the verdict equals the uninterrupted reference; a third claim is a no-op (47687 ms)
    ✓ J12 edge: P1 is killed right after the claim commits (no reconstruction row yet) — the replay on P2 produces the identical reference verdict (36923 ms)
    ✓ J13: two replayed claims race on P1 and P2 — BOTH provably enter the re-drive branch (refused claim, eligibility gate, pass) and stand at the tail lock before either takes it; one terminal write, one basis row, one settled event; the loser's CAS miss is silent (37832 ms)
    ✓ J14: the re-drive preserves the claim — an interrupted `partial` claim replayed as `success` keeps the stored claim and produces the uninterrupted `partial` verdict (39021 ms)
    ✓ J15 (a): a replay after a clean settle is today's ack no-op — the gate closes before any claim INSERT; no pending read, no terminal, no basis, no push, no event; row and verdict unchanged (19614 ms)
    ✓ J15 (b): a fence after the loss closes the gate — the replay acks without a re-drive; the fence's terminal, epoch and the partial ledger stay exactly as the fence left them (21338 ms)
    ✓ J15 (c): before any claim a paired-but-never-started intent is still 409 run_not_started on either host, with no completion row (4334 ms)
    ✓ tenant scope: coach B's claim under A's stuck intent string never reaches A's gate, pending read or settle (J07 rule: it is B's legacy path); A's run, ledger and claim are byte-equal, and A's own replay then settles (21645 ms)

Test Suites: 1 passed, 1 total
Tests:       8 passed, 8 total
Snapshots:   0 total
Time:        237.219 s
Ran all test suites within paths "test/scout/s11/settle-redrive.pg.spec.ts".
